
LinebotTemplate1.elf:     file format elf32-avr

Sections:
Idx Name          Size      VMA       LMA       File off  Algn
  0 .text         00005c8c  00000000  00000000  00000094  2**1
                  CONTENTS, ALLOC, LOAD, READONLY, CODE
  1 .data         00000544  00802000  00005c8c  00005d20  2**0
                  CONTENTS, ALLOC, LOAD, DATA
  2 .bss          000000d1  00802544  00802544  00006264  2**0
                  ALLOC
  3 .comment      0000005c  00000000  00000000  00006264  2**0
                  CONTENTS, READONLY
  4 .note.gnu.avr.deviceinfo 00000040  00000000  00000000  000062c0  2**2
                  CONTENTS, READONLY
  5 .debug_aranges 00000578  00000000  00000000  00006300  2**0
                  CONTENTS, READONLY, DEBUGGING
  6 .debug_info   000088c7  00000000  00000000  00006878  2**0
                  CONTENTS, READONLY, DEBUGGING
  7 .debug_abbrev 00003c43  00000000  00000000  0000f13f  2**0
                  CONTENTS, READONLY, DEBUGGING
  8 .debug_line   0000497a  00000000  00000000  00012d82  2**0
                  CONTENTS, READONLY, DEBUGGING
  9 .debug_frame  00001284  00000000  00000000  000176fc  2**2
                  CONTENTS, READONLY, DEBUGGING
 10 .debug_str    00003e1b  00000000  00000000  00018980  2**0
                  CONTENTS, READONLY, DEBUGGING
 11 .debug_loc    00002541  00000000  00000000  0001c79b  2**0
                  CONTENTS, READONLY, DEBUGGING
 12 .debug_ranges 000004c8  00000000  00000000  0001ecdc  2**0
                  CONTENTS, READONLY, DEBUGGING

Disassembly of section .text:

00000000 <__vectors>:
       0:	0c 94 ca 01 	jmp	0x394	; 0x394 <__ctors_end>
       4:	0c 94 eb 01 	jmp	0x3d6	; 0x3d6 <__bad_interrupt>
       8:	0c 94 36 03 	jmp	0x66c	; 0x66c <__vector_2>
       c:	0c 94 93 03 	jmp	0x726	; 0x726 <__vector_3>
      10:	0c 94 eb 01 	jmp	0x3d6	; 0x3d6 <__bad_interrupt>
      14:	0c 94 eb 01 	jmp	0x3d6	; 0x3d6 <__bad_interrupt>
      18:	0c 94 eb 01 	jmp	0x3d6	; 0x3d6 <__bad_interrupt>
      1c:	0c 94 eb 01 	jmp	0x3d6	; 0x3d6 <__bad_interrupt>
      20:	0c 94 eb 01 	jmp	0x3d6	; 0x3d6 <__bad_interrupt>
      24:	0c 94 eb 01 	jmp	0x3d6	; 0x3d6 <__bad_interrupt>
      28:	0c 94 eb 01 	jmp	0x3d6	; 0x3d6 <__bad_interrupt>
      2c:	0c 94 eb 01 	jmp	0x3d6	; 0x3d6 <__bad_interrupt>
      30:	0c 94 eb 01 	jmp	0x3d6	; 0x3d6 <__bad_interrupt>
      34:	0c 94 eb 01 	jmp	0x3d6	; 0x3d6 <__bad_interrupt>
      38:	0c 94 33 0e 	jmp	0x1c66	; 0x1c66 <__vector_14>
      3c:	0c 94 eb 01 	jmp	0x3d6	; 0x3d6 <__bad_interrupt>
      40:	0c 94 b3 0e 	jmp	0x1d66	; 0x1d66 <__vector_16>
      44:	0c 94 eb 01 	jmp	0x3d6	; 0x3d6 <__bad_interrupt>
      48:	0c 94 eb 01 	jmp	0x3d6	; 0x3d6 <__bad_interrupt>
      4c:	0c 94 eb 01 	jmp	0x3d6	; 0x3d6 <__bad_interrupt>
      50:	0c 94 eb 01 	jmp	0x3d6	; 0x3d6 <__bad_interrupt>
      54:	0c 94 eb 01 	jmp	0x3d6	; 0x3d6 <__bad_interrupt>
      58:	0c 94 eb 01 	jmp	0x3d6	; 0x3d6 <__bad_interrupt>
      5c:	0c 94 eb 01 	jmp	0x3d6	; 0x3d6 <__bad_interrupt>
      60:	0c 94 eb 01 	jmp	0x3d6	; 0x3d6 <__bad_interrupt>
      64:	0c 94 eb 01 	jmp	0x3d6	; 0x3d6 <__bad_interrupt>
      68:	0c 94 eb 01 	jmp	0x3d6	; 0x3d6 <__bad_interrupt>
      6c:	0c 94 eb 01 	jmp	0x3d6	; 0x3d6 <__bad_interrupt>
      70:	0c 94 eb 01 	jmp	0x3d6	; 0x3d6 <__bad_interrupt>
      74:	0c 94 eb 01 	jmp	0x3d6	; 0x3d6 <__bad_interrupt>
      78:	0c 94 eb 01 	jmp	0x3d6	; 0x3d6 <__bad_interrupt>
      7c:	0c 94 eb 01 	jmp	0x3d6	; 0x3d6 <__bad_interrupt>
      80:	0c 94 eb 01 	jmp	0x3d6	; 0x3d6 <__bad_interrupt>
      84:	0c 94 eb 01 	jmp	0x3d6	; 0x3d6 <__bad_interrupt>
      88:	0c 94 eb 01 	jmp	0x3d6	; 0x3d6 <__bad_interrupt>
      8c:	0c 94 eb 01 	jmp	0x3d6	; 0x3d6 <__bad_interrupt>
      90:	0c 94 eb 01 	jmp	0x3d6	; 0x3d6 <__bad_interrupt>
      94:	0c 94 eb 01 	jmp	0x3d6	; 0x3d6 <__bad_interrupt>
      98:	0c 94 eb 01 	jmp	0x3d6	; 0x3d6 <__bad_interrupt>
      9c:	0c 94 eb 01 	jmp	0x3d6	; 0x3d6 <__bad_interrupt>
      a0:	0c 94 eb 01 	jmp	0x3d6	; 0x3d6 <__bad_interrupt>
      a4:	0c 94 eb 01 	jmp	0x3d6	; 0x3d6 <__bad_interrupt>
      a8:	0c 94 eb 01 	jmp	0x3d6	; 0x3d6 <__bad_interrupt>
      ac:	0c 94 f4 03 	jmp	0x7e8	; 0x7e8 <__vector_43>
      b0:	0c 94 59 04 	jmp	0x8b2	; 0x8b2 <__vector_44>
      b4:	0c 94 eb 01 	jmp	0x3d6	; 0x3d6 <__bad_interrupt>
      b8:	0c 94 f9 05 	jmp	0xbf2	; 0xbf2 <__vector_46>
      bc:	0c 94 eb 01 	jmp	0x3d6	; 0x3d6 <__bad_interrupt>
      c0:	0c 94 eb 01 	jmp	0x3d6	; 0x3d6 <__bad_interrupt>
      c4:	0c 94 eb 01 	jmp	0x3d6	; 0x3d6 <__bad_interrupt>
      c8:	0c 94 eb 01 	jmp	0x3d6	; 0x3d6 <__bad_interrupt>
      cc:	0c 94 eb 01 	jmp	0x3d6	; 0x3d6 <__bad_interrupt>
      d0:	0c 94 eb 01 	jmp	0x3d6	; 0x3d6 <__bad_interrupt>
      d4:	0c 94 eb 01 	jmp	0x3d6	; 0x3d6 <__bad_interrupt>
      d8:	0c 94 eb 01 	jmp	0x3d6	; 0x3d6 <__bad_interrupt>
      dc:	0c 94 eb 01 	jmp	0x3d6	; 0x3d6 <__bad_interrupt>
      e0:	0c 94 eb 01 	jmp	0x3d6	; 0x3d6 <__bad_interrupt>
      e4:	0c 94 eb 01 	jmp	0x3d6	; 0x3d6 <__bad_interrupt>
      e8:	0c 94 eb 01 	jmp	0x3d6	; 0x3d6 <__bad_interrupt>
      ec:	0c 94 eb 01 	jmp	0x3d6	; 0x3d6 <__bad_interrupt>
      f0:	0c 94 eb 01 	jmp	0x3d6	; 0x3d6 <__bad_interrupt>
      f4:	0c 94 eb 01 	jmp	0x3d6	; 0x3d6 <__bad_interrupt>
      f8:	0c 94 eb 01 	jmp	0x3d6	; 0x3d6 <__bad_interrupt>
      fc:	0c 94 eb 01 	jmp	0x3d6	; 0x3d6 <__bad_interrupt>
     100:	0c 94 eb 01 	jmp	0x3d6	; 0x3d6 <__bad_interrupt>
     104:	0c 94 eb 01 	jmp	0x3d6	; 0x3d6 <__bad_interrupt>
     108:	0c 94 eb 01 	jmp	0x3d6	; 0x3d6 <__bad_interrupt>
     10c:	0c 94 eb 01 	jmp	0x3d6	; 0x3d6 <__bad_interrupt>
     110:	0c 94 eb 01 	jmp	0x3d6	; 0x3d6 <__bad_interrupt>
     114:	0c 94 eb 01 	jmp	0x3d6	; 0x3d6 <__bad_interrupt>
     118:	0c 94 eb 01 	jmp	0x3d6	; 0x3d6 <__bad_interrupt>
     11c:	0c 94 eb 01 	jmp	0x3d6	; 0x3d6 <__bad_interrupt>
     120:	0c 94 eb 01 	jmp	0x3d6	; 0x3d6 <__bad_interrupt>
     124:	0c 94 eb 01 	jmp	0x3d6	; 0x3d6 <__bad_interrupt>
     128:	0c 94 eb 01 	jmp	0x3d6	; 0x3d6 <__bad_interrupt>
     12c:	0c 94 eb 01 	jmp	0x3d6	; 0x3d6 <__bad_interrupt>
     130:	0c 94 eb 01 	jmp	0x3d6	; 0x3d6 <__bad_interrupt>
     134:	0c 94 eb 01 	jmp	0x3d6	; 0x3d6 <__bad_interrupt>
     138:	0c 94 eb 01 	jmp	0x3d6	; 0x3d6 <__bad_interrupt>
     13c:	0c 94 eb 01 	jmp	0x3d6	; 0x3d6 <__bad_interrupt>
     140:	0c 94 eb 01 	jmp	0x3d6	; 0x3d6 <__bad_interrupt>
     144:	0c 94 eb 01 	jmp	0x3d6	; 0x3d6 <__bad_interrupt>
     148:	0c 94 eb 01 	jmp	0x3d6	; 0x3d6 <__bad_interrupt>
     14c:	0c 94 eb 01 	jmp	0x3d6	; 0x3d6 <__bad_interrupt>
     150:	0c 94 eb 01 	jmp	0x3d6	; 0x3d6 <__bad_interrupt>
     154:	0c 94 eb 01 	jmp	0x3d6	; 0x3d6 <__bad_interrupt>
     158:	0c 94 eb 01 	jmp	0x3d6	; 0x3d6 <__bad_interrupt>
     15c:	0c 94 eb 01 	jmp	0x3d6	; 0x3d6 <__bad_interrupt>
     160:	0c 94 eb 01 	jmp	0x3d6	; 0x3d6 <__bad_interrupt>
     164:	0c 94 eb 01 	jmp	0x3d6	; 0x3d6 <__bad_interrupt>
     168:	0c 94 eb 01 	jmp	0x3d6	; 0x3d6 <__bad_interrupt>
     16c:	0c 94 eb 01 	jmp	0x3d6	; 0x3d6 <__bad_interrupt>
     170:	0c 94 eb 01 	jmp	0x3d6	; 0x3d6 <__bad_interrupt>
     174:	0c 94 eb 01 	jmp	0x3d6	; 0x3d6 <__bad_interrupt>
     178:	0c 94 eb 01 	jmp	0x3d6	; 0x3d6 <__bad_interrupt>
     17c:	0c 94 eb 01 	jmp	0x3d6	; 0x3d6 <__bad_interrupt>
     180:	0c 94 eb 01 	jmp	0x3d6	; 0x3d6 <__bad_interrupt>
     184:	0c 94 eb 01 	jmp	0x3d6	; 0x3d6 <__bad_interrupt>
     188:	0c 94 eb 01 	jmp	0x3d6	; 0x3d6 <__bad_interrupt>
     18c:	0c 94 eb 01 	jmp	0x3d6	; 0x3d6 <__bad_interrupt>
     190:	0c 94 eb 01 	jmp	0x3d6	; 0x3d6 <__bad_interrupt>
     194:	0c 94 eb 01 	jmp	0x3d6	; 0x3d6 <__bad_interrupt>
     198:	0c 94 eb 01 	jmp	0x3d6	; 0x3d6 <__bad_interrupt>
     19c:	0c 94 eb 01 	jmp	0x3d6	; 0x3d6 <__bad_interrupt>
     1a0:	0c 94 eb 01 	jmp	0x3d6	; 0x3d6 <__bad_interrupt>
     1a4:	0c 94 eb 01 	jmp	0x3d6	; 0x3d6 <__bad_interrupt>
     1a8:	0c 94 eb 01 	jmp	0x3d6	; 0x3d6 <__bad_interrupt>
     1ac:	0c 94 eb 01 	jmp	0x3d6	; 0x3d6 <__bad_interrupt>
     1b0:	0c 94 eb 01 	jmp	0x3d6	; 0x3d6 <__bad_interrupt>
     1b4:	0c 94 eb 01 	jmp	0x3d6	; 0x3d6 <__bad_interrupt>
     1b8:	0c 94 eb 01 	jmp	0x3d6	; 0x3d6 <__bad_interrupt>
     1bc:	0c 94 eb 01 	jmp	0x3d6	; 0x3d6 <__bad_interrupt>
     1c0:	0c 94 eb 01 	jmp	0x3d6	; 0x3d6 <__bad_interrupt>
     1c4:	0c 94 eb 01 	jmp	0x3d6	; 0x3d6 <__bad_interrupt>
     1c8:	0c 94 eb 01 	jmp	0x3d6	; 0x3d6 <__bad_interrupt>
     1cc:	0c 94 eb 01 	jmp	0x3d6	; 0x3d6 <__bad_interrupt>
     1d0:	0c 94 eb 01 	jmp	0x3d6	; 0x3d6 <__bad_interrupt>
     1d4:	0c 94 eb 01 	jmp	0x3d6	; 0x3d6 <__bad_interrupt>
     1d8:	0c 94 eb 01 	jmp	0x3d6	; 0x3d6 <__bad_interrupt>
     1dc:	0c 94 eb 01 	jmp	0x3d6	; 0x3d6 <__bad_interrupt>
     1e0:	0c 94 eb 01 	jmp	0x3d6	; 0x3d6 <__bad_interrupt>
     1e4:	0c 94 eb 01 	jmp	0x3d6	; 0x3d6 <__bad_interrupt>
     1e8:	0c 94 eb 01 	jmp	0x3d6	; 0x3d6 <__bad_interrupt>
     1ec:	0c 94 eb 01 	jmp	0x3d6	; 0x3d6 <__bad_interrupt>
     1f0:	0c 94 eb 01 	jmp	0x3d6	; 0x3d6 <__bad_interrupt>
     1f4:	0c 94 eb 01 	jmp	0x3d6	; 0x3d6 <__bad_interrupt>
     1f8:	0c 94 eb 01 	jmp	0x3d6	; 0x3d6 <__bad_interrupt>
     1fc:	07 63       	ori	r16, 0x37	; 55
     1fe:	42 36       	cpi	r20, 0x62	; 98
     200:	b7 9b       	sbis	0x16, 7	; 22
     202:	d8 a7       	std	Y+40, r29	; 0x28
     204:	1a 39       	cpi	r17, 0x9A	; 154
     206:	68 56       	subi	r22, 0x68	; 104
     208:	18 ae       	std	Y+56, r1	; 0x38
     20a:	ba ab       	std	Y+50, r27	; 0x32
     20c:	55 8c       	ldd	r5, Z+29	; 0x1d
     20e:	1d 3c       	cpi	r17, 0xCD	; 205
     210:	b7 cc       	rjmp	.-1682   	; 0xfffffb80 <__eeprom_end+0xff7efb80>
     212:	57 63       	ori	r21, 0x37	; 55
     214:	bd 6d       	ori	r27, 0xDD	; 221
     216:	ed fd       	.word	0xfded	; ????
     218:	75 3e       	cpi	r23, 0xE5	; 229
     21a:	f6 17       	cp	r31, r22
     21c:	72 31       	cpi	r23, 0x12	; 18
     21e:	bf 00       	.word	0x00bf	; ????
     220:	00 00       	nop
     222:	80 3f       	cpi	r24, 0xF0	; 240
     224:	08 00       	.word	0x0008	; ????
     226:	00 00       	nop
     228:	be 92       	st	-X, r11
     22a:	24 49       	sbci	r18, 0x94	; 148
     22c:	12 3e       	cpi	r17, 0xE2	; 226
     22e:	ab aa       	std	Y+51, r10	; 0x33
     230:	aa 2a       	or	r10, r26
     232:	be cd       	rjmp	.-1156   	; 0xfffffdb0 <__eeprom_end+0xff7efdb0>
     234:	cc cc       	rjmp	.-1640   	; 0xfffffbce <__eeprom_end+0xff7efbce>
     236:	4c 3e       	cpi	r20, 0xEC	; 236
     238:	00 00       	nop
     23a:	00 80       	ld	r0, Z
     23c:	be ab       	std	Y+54, r27	; 0x36
     23e:	aa aa       	std	Y+50, r10	; 0x32
     240:	aa 3e       	cpi	r26, 0xEA	; 234
     242:	00 00       	nop
     244:	00 00       	nop
     246:	bf 00       	.word	0x00bf	; ????
     248:	00 00       	nop
     24a:	80 3f       	cpi	r24, 0xF0	; 240
     24c:	00 00       	nop
     24e:	00 00       	nop
     250:	00 08       	sbc	r0, r0
     252:	41 78       	andi	r20, 0x81	; 129
     254:	d3 bb       	out	0x13, r29	; 19
     256:	43 87       	std	Z+11, r20	; 0x0b
     258:	d1 13       	cpse	r29, r17
     25a:	3d 19       	sub	r19, r13
     25c:	0e 3c       	cpi	r16, 0xCE	; 206
     25e:	c3 bd       	out	0x23, r28	; 35
     260:	42 82       	std	Z+2, r4	; 0x02
     262:	ad 2b       	or	r26, r29
     264:	3e 68       	ori	r19, 0x8E	; 142
     266:	ec 82       	std	Y+4, r14	; 0x04
     268:	76 be       	out	0x36, r7	; 54
     26a:	d9 8f       	std	Y+25, r29	; 0x19
     26c:	e1 a9       	ldd	r30, Z+49	; 0x31
     26e:	3e 4c       	sbci	r19, 0xCE	; 206
     270:	80 ef       	ldi	r24, 0xF0	; 240
     272:	ff be       	out	0x3f, r15	; 63
     274:	01 c4       	rjmp	.+2050   	; 0xa78 <TWIMArbitrationLostBusErrorHandler+0x34>
     276:	ff 7f       	andi	r31, 0xFF	; 255
     278:	3f 00       	.word	0x003f	; ????
     27a:	00 00       	nop
	...

0000027e <__trampolines_start>:
     27e:	0c 94 ab 1f 	jmp	0x3f56	; 0x3f56 <WorkerTerminal>
     282:	0c 94 15 16 	jmp	0x2c2a	; 0x2c2a <prvIdleTask>
     286:	0c 94 a6 1c 	jmp	0x394c	; 0x394c <cmpfunc>
     28a:	0c 94 b0 08 	jmp	0x1160	; 0x1160 <stdio_getchar>
     28e:	0c 94 8b 08 	jmp	0x1116	; 0x1116 <stdio_putchar>

00000292 <__trampolines_end>:
     292:	6e 61       	ori	r22, 0x1E	; 30
     294:	6e 00       	.word	0x006e	; ????

00000296 <__c.2332>:
     296:	69 6e 66 00 00 40 7a 10 f3 5a 00 a0 72 4e 18 09     inf..@z..Z..rN..
     2a6:	00 10 a5 d4 e8 00 00 e8 76 48 17 00 00 e4 0b 54     ........vH.....T
     2b6:	02 00 00 ca 9a 3b 00 00 00 e1 f5 05 00 00 80 96     .....;..........
     2c6:	98 00 00 00 40 42 0f 00 00 00 a0 86 01 00 00 00     ....@B..........
     2d6:	10 27 00 00 00 00 e8 03 00 00 00 00 64 00 00 00     .'..........d...
     2e6:	00 00 0a 00 00 00 00 00 01 00 00 00 00 00 2c 76     ..............,v
     2f6:	d8 88 dc 67 4f 08 23 df c1 df ae 59 e1 b1 b7 96     ...gO.#....Y....
     306:	e5 e3 e4 53 c6 3a e6 51 99 76 96 e8 e6 c2 84 26     ...S.:.Q.v.....&
     316:	eb 89 8c 9b 62 ed 40 7c 6f fc ef bc 9c 9f 40 f2     ....b.@|o.....@.
     326:	ba a5 6f a5 f4 90 05 5a 2a f7 5c 93 6b 6c f9 67     ..o....Z*.\.kl.g
     336:	6d c1 1b fc e0 e4 0d 47 fe f5 20 e6 b5 00 d0 ed     m......G.. .....
     346:	90 2e 03 00 94 35 77 05 00 80 84 1e 08 00 00 20     .....5w........ 
     356:	4e 0a 00 00 00 c8 0c 33 33 33 33 0f 98 6e 12 83     N......3333..n..
     366:	11 41 ef 8d 21 14 89 3b e6 55 16 cf fe e6 db 18     .A..!..;.U......
     376:	d1 84 4b 38 1b f7 7c 1d 90 1d a4 bb e4 24 20 32     ..K8..|......$ 2
     386:	84 72 5e 22 81 00 c9 f1 24 ec a1 e5 3d 27           .r^"....$...='

00000394 <__ctors_end>:
     394:	11 24       	eor	r1, r1
     396:	1f be       	out	0x3f, r1	; 63
     398:	cf ef       	ldi	r28, 0xFF	; 255
     39a:	cd bf       	out	0x3d, r28	; 61
     39c:	df e9       	ldi	r29, 0x9F	; 159
     39e:	de bf       	out	0x3e, r29	; 62
     3a0:	00 e0       	ldi	r16, 0x00	; 0
     3a2:	0c bf       	out	0x3c, r16	; 60

000003a4 <__do_copy_data>:
     3a4:	15 e2       	ldi	r17, 0x25	; 37
     3a6:	a0 e0       	ldi	r26, 0x00	; 0
     3a8:	b0 e2       	ldi	r27, 0x20	; 32
     3aa:	ec e8       	ldi	r30, 0x8C	; 140
     3ac:	fc e5       	ldi	r31, 0x5C	; 92
     3ae:	00 e0       	ldi	r16, 0x00	; 0
     3b0:	0b bf       	out	0x3b, r16	; 59
     3b2:	02 c0       	rjmp	.+4      	; 0x3b8 <__do_copy_data+0x14>
     3b4:	07 90       	elpm	r0, Z+
     3b6:	0d 92       	st	X+, r0
     3b8:	a4 34       	cpi	r26, 0x44	; 68
     3ba:	b1 07       	cpc	r27, r17
     3bc:	d9 f7       	brne	.-10     	; 0x3b4 <__do_copy_data+0x10>

000003be <__do_clear_bss>:
     3be:	26 e2       	ldi	r18, 0x26	; 38
     3c0:	a4 e4       	ldi	r26, 0x44	; 68
     3c2:	b5 e2       	ldi	r27, 0x25	; 37
     3c4:	01 c0       	rjmp	.+2      	; 0x3c8 <.do_clear_bss_start>

000003c6 <.do_clear_bss_loop>:
     3c6:	1d 92       	st	X+, r1

000003c8 <.do_clear_bss_start>:
     3c8:	a5 31       	cpi	r26, 0x15	; 21
     3ca:	b2 07       	cpc	r27, r18
     3cc:	e1 f7       	brne	.-8      	; 0x3c6 <.do_clear_bss_loop>
     3ce:	0e 94 fb 1b 	call	0x37f6	; 0x37f6 <main>
     3d2:	0c 94 44 2e 	jmp	0x5c88	; 0x5c88 <_exit>

000003d6 <__bad_interrupt>:
     3d6:	0c 94 00 00 	jmp	0	; 0x0 <__vectors>

000003da <DriverAdcInit>:
**/
#include "DriverAdc.h"
#include <avr/io.h>
#include <avr/interrupt.h>

void DriverAdcInit(void) {
     3da:	cf 93       	push	r28
     3dc:	df 93       	push	r29
     3de:	cd b7       	in	r28, 0x3d	; 61
     3e0:	de b7       	in	r29, 0x3e	; 62
	// ADCA.CTRLA=
	// ADCA.CTRLB=
	// ADCA.REFCTRL=
	// ADCA.PRESCALER=
	// ADCA.CH0.INTCTRL=	
}
     3e2:	00 00       	nop
     3e4:	df 91       	pop	r29
     3e6:	cf 91       	pop	r28
     3e8:	08 95       	ret

000003ea <DriverCursorstickInit>:
    * @see https://eliasdh.com
    * @since 10/03/2026
**/
#include "DriverCursorstick.h"

void DriverCursorstickInit(void) {
     3ea:	cf 93       	push	r28
     3ec:	df 93       	push	r29
     3ee:	cd b7       	in	r28, 0x3d	; 61
     3f0:	de b7       	in	r29, 0x3e	; 62
	// Configure PB3-PB7 as inputs
	PORTB.DIRCLR = 0xF8;  // Clear bits 3-7 (0xF8 = 0b11111000) -> input
     3f2:	80 e2       	ldi	r24, 0x20	; 32
     3f4:	96 e0       	ldi	r25, 0x06	; 6
     3f6:	28 ef       	ldi	r18, 0xF8	; 248
     3f8:	fc 01       	movw	r30, r24
     3fa:	22 83       	std	Z+2, r18	; 0x02

	// Enable pull-up and invert on PB3-PB7
	// Invert: pressed switch = '1' in PORTB.IN
	// Pull-up: ensures stable signal when switch is not pressed
	PORTB.PIN3CTRL = PORT_INVEN_bm | PORT_OPC_PULLUP_gc;  // SWU (Up)
     3fc:	80 e2       	ldi	r24, 0x20	; 32
     3fe:	96 e0       	ldi	r25, 0x06	; 6
     400:	28 e5       	ldi	r18, 0x58	; 88
     402:	fc 01       	movw	r30, r24
     404:	23 8b       	std	Z+19, r18	; 0x13
	PORTB.PIN4CTRL = PORT_INVEN_bm | PORT_OPC_PULLUP_gc;  // SWL (Left)
     406:	80 e2       	ldi	r24, 0x20	; 32
     408:	96 e0       	ldi	r25, 0x06	; 6
     40a:	28 e5       	ldi	r18, 0x58	; 88
     40c:	fc 01       	movw	r30, r24
     40e:	24 8b       	std	Z+20, r18	; 0x14
	PORTB.PIN5CTRL = PORT_INVEN_bm | PORT_OPC_PULLUP_gc;  // SWD (Down)
     410:	80 e2       	ldi	r24, 0x20	; 32
     412:	96 e0       	ldi	r25, 0x06	; 6
     414:	28 e5       	ldi	r18, 0x58	; 88
     416:	fc 01       	movw	r30, r24
     418:	25 8b       	std	Z+21, r18	; 0x15
	PORTB.PIN6CTRL = PORT_INVEN_bm | PORT_OPC_PULLUP_gc;  // SWR (Right)
     41a:	80 e2       	ldi	r24, 0x20	; 32
     41c:	96 e0       	ldi	r25, 0x06	; 6
     41e:	28 e5       	ldi	r18, 0x58	; 88
     420:	fc 01       	movw	r30, r24
     422:	26 8b       	std	Z+22, r18	; 0x16
	PORTB.PIN7CTRL = PORT_INVEN_bm | PORT_OPC_PULLUP_gc;  // SWC (Center)
     424:	80 e2       	ldi	r24, 0x20	; 32
     426:	96 e0       	ldi	r25, 0x06	; 6
     428:	28 e5       	ldi	r18, 0x58	; 88
     42a:	fc 01       	movw	r30, r24
     42c:	27 8b       	std	Z+23, r18	; 0x17
}
     42e:	00 00       	nop
     430:	df 91       	pop	r29
     432:	cf 91       	pop	r28
     434:	08 95       	ret

00000436 <DbgPrint>:
    * @see https://eliasdh.com
    * @since 10/03/2026
**/
#include "DriverDbgUSART.h"

void DbgPrint(char *Text) {
     436:	cf 93       	push	r28
     438:	df 93       	push	r29
     43a:	1f 92       	push	r1
     43c:	1f 92       	push	r1
     43e:	cd b7       	in	r28, 0x3d	; 61
     440:	de b7       	in	r29, 0x3e	; 62
     442:	89 83       	std	Y+1, r24	; 0x01
     444:	9a 83       	std	Y+2, r25	; 0x02
	DbgPrintn(Text,0);	
     446:	89 81       	ldd	r24, Y+1	; 0x01
     448:	9a 81       	ldd	r25, Y+2	; 0x02
     44a:	60 e0       	ldi	r22, 0x00	; 0
     44c:	70 e0       	ldi	r23, 0x00	; 0
     44e:	0e 94 2f 02 	call	0x45e	; 0x45e <DbgPrintn>
}
     452:	00 00       	nop
     454:	0f 90       	pop	r0
     456:	0f 90       	pop	r0
     458:	df 91       	pop	r29
     45a:	cf 91       	pop	r28
     45c:	08 95       	ret

0000045e <DbgPrintn>:

void DbgPrintn(char *Text,int n) {
     45e:	cf 93       	push	r28
     460:	df 93       	push	r29
     462:	00 d0       	rcall	.+0      	; 0x464 <DbgPrintn+0x6>
     464:	1f 92       	push	r1
     466:	cd b7       	in	r28, 0x3d	; 61
     468:	de b7       	in	r29, 0x3e	; 62
     46a:	89 83       	std	Y+1, r24	; 0x01
     46c:	9a 83       	std	Y+2, r25	; 0x02
     46e:	6b 83       	std	Y+3, r22	; 0x03
     470:	7c 83       	std	Y+4, r23	; 0x04
	static int i;
	i=0;
     472:	10 92 44 25 	sts	0x2544, r1	; 0x802544 <__data_end>
     476:	10 92 45 25 	sts	0x2545, r1	; 0x802545 <__data_end+0x1>
	while (*Text!=0 && (i<n || n==0)) {
     47a:	26 c0       	rjmp	.+76     	; 0x4c8 <DbgPrintn+0x6a>
		USART.DATA = *Text;
     47c:	80 ea       	ldi	r24, 0xA0	; 160
     47e:	9a e0       	ldi	r25, 0x0A	; 10
     480:	29 81       	ldd	r18, Y+1	; 0x01
     482:	3a 81       	ldd	r19, Y+2	; 0x02
     484:	f9 01       	movw	r30, r18
     486:	20 81       	ld	r18, Z
     488:	fc 01       	movw	r30, r24
     48a:	20 83       	st	Z, r18
		while (!(USART.STATUS & 0b01000000));
     48c:	00 00       	nop
     48e:	80 ea       	ldi	r24, 0xA0	; 160
     490:	9a e0       	ldi	r25, 0x0A	; 10
     492:	fc 01       	movw	r30, r24
     494:	81 81       	ldd	r24, Z+1	; 0x01
     496:	88 2f       	mov	r24, r24
     498:	90 e0       	ldi	r25, 0x00	; 0
     49a:	80 74       	andi	r24, 0x40	; 64
     49c:	99 27       	eor	r25, r25
     49e:	89 2b       	or	r24, r25
     4a0:	b1 f3       	breq	.-20     	; 0x48e <DbgPrintn+0x30>
		USART.STATUS=0b01000000;
     4a2:	80 ea       	ldi	r24, 0xA0	; 160
     4a4:	9a e0       	ldi	r25, 0x0A	; 10
     4a6:	20 e4       	ldi	r18, 0x40	; 64
     4a8:	fc 01       	movw	r30, r24
     4aa:	21 83       	std	Z+1, r18	; 0x01
		Text++;
     4ac:	89 81       	ldd	r24, Y+1	; 0x01
     4ae:	9a 81       	ldd	r25, Y+2	; 0x02
     4b0:	01 96       	adiw	r24, 0x01	; 1
     4b2:	89 83       	std	Y+1, r24	; 0x01
     4b4:	9a 83       	std	Y+2, r25	; 0x02
		i++;
     4b6:	80 91 44 25 	lds	r24, 0x2544	; 0x802544 <__data_end>
     4ba:	90 91 45 25 	lds	r25, 0x2545	; 0x802545 <__data_end+0x1>
     4be:	01 96       	adiw	r24, 0x01	; 1
     4c0:	80 93 44 25 	sts	0x2544, r24	; 0x802544 <__data_end>
     4c4:	90 93 45 25 	sts	0x2545, r25	; 0x802545 <__data_end+0x1>
}

void DbgPrintn(char *Text,int n) {
	static int i;
	i=0;
	while (*Text!=0 && (i<n || n==0)) {
     4c8:	89 81       	ldd	r24, Y+1	; 0x01
     4ca:	9a 81       	ldd	r25, Y+2	; 0x02
     4cc:	fc 01       	movw	r30, r24
     4ce:	80 81       	ld	r24, Z
     4d0:	88 23       	and	r24, r24
     4d2:	69 f0       	breq	.+26     	; 0x4ee <DbgPrintn+0x90>
     4d4:	20 91 44 25 	lds	r18, 0x2544	; 0x802544 <__data_end>
     4d8:	30 91 45 25 	lds	r19, 0x2545	; 0x802545 <__data_end+0x1>
     4dc:	8b 81       	ldd	r24, Y+3	; 0x03
     4de:	9c 81       	ldd	r25, Y+4	; 0x04
     4e0:	28 17       	cp	r18, r24
     4e2:	39 07       	cpc	r19, r25
     4e4:	5c f2       	brlt	.-106    	; 0x47c <DbgPrintn+0x1e>
     4e6:	8b 81       	ldd	r24, Y+3	; 0x03
     4e8:	9c 81       	ldd	r25, Y+4	; 0x04
     4ea:	89 2b       	or	r24, r25
     4ec:	39 f2       	breq	.-114    	; 0x47c <DbgPrintn+0x1e>
		while (!(USART.STATUS & 0b01000000));
		USART.STATUS=0b01000000;
		Text++;
		i++;
	}
}
     4ee:	00 00       	nop
     4f0:	24 96       	adiw	r28, 0x04	; 4
     4f2:	cd bf       	out	0x3d, r28	; 61
     4f4:	de bf       	out	0x3e, r29	; 62
     4f6:	df 91       	pop	r29
     4f8:	cf 91       	pop	r28
     4fa:	08 95       	ret

000004fc <DbgPrintInt>:

void DbgPrintInt(uint16_t Data) {
     4fc:	cf 93       	push	r28
     4fe:	df 93       	push	r29
     500:	1f 92       	push	r1
     502:	1f 92       	push	r1
     504:	cd b7       	in	r28, 0x3d	; 61
     506:	de b7       	in	r29, 0x3e	; 62
     508:	89 83       	std	Y+1, r24	; 0x01
     50a:	9a 83       	std	Y+2, r25	; 0x02
	static int i;
	static uint8_t pf;

	i=10000;
     50c:	80 e1       	ldi	r24, 0x10	; 16
     50e:	97 e2       	ldi	r25, 0x27	; 39
     510:	80 93 46 25 	sts	0x2546, r24	; 0x802546 <i.3634>
     514:	90 93 47 25 	sts	0x2547, r25	; 0x802547 <i.3634+0x1>
	pf=0;
     518:	10 92 48 25 	sts	0x2548, r1	; 0x802548 <pf.3635>
	while (i>0) {
     51c:	73 c0       	rjmp	.+230    	; 0x604 <DbgPrintInt+0x108>
		if (((Data/i)%10)!=0 || pf) {
     51e:	80 91 46 25 	lds	r24, 0x2546	; 0x802546 <i.3634>
     522:	90 91 47 25 	lds	r25, 0x2547	; 0x802547 <i.3634+0x1>
     526:	9c 01       	movw	r18, r24
     528:	89 81       	ldd	r24, Y+1	; 0x01
     52a:	9a 81       	ldd	r25, Y+2	; 0x02
     52c:	b9 01       	movw	r22, r18
     52e:	0e 94 c7 28 	call	0x518e	; 0x518e <__udivmodhi4>
     532:	cb 01       	movw	r24, r22
     534:	ac 01       	movw	r20, r24
     536:	9a 01       	movw	r18, r20
     538:	ad ec       	ldi	r26, 0xCD	; 205
     53a:	bc ec       	ldi	r27, 0xCC	; 204
     53c:	0e 94 ef 28 	call	0x51de	; 0x51de <__umulhisi3>
     540:	96 95       	lsr	r25
     542:	87 95       	ror	r24
     544:	96 95       	lsr	r25
     546:	87 95       	ror	r24
     548:	96 95       	lsr	r25
     54a:	87 95       	ror	r24
     54c:	88 0f       	add	r24, r24
     54e:	99 1f       	adc	r25, r25
     550:	9c 01       	movw	r18, r24
     552:	22 0f       	add	r18, r18
     554:	33 1f       	adc	r19, r19
     556:	22 0f       	add	r18, r18
     558:	33 1f       	adc	r19, r19
     55a:	82 0f       	add	r24, r18
     55c:	93 1f       	adc	r25, r19
     55e:	9a 01       	movw	r18, r20
     560:	28 1b       	sub	r18, r24
     562:	39 0b       	sbc	r19, r25
     564:	c9 01       	movw	r24, r18
     566:	89 2b       	or	r24, r25
     568:	21 f4       	brne	.+8      	; 0x572 <DbgPrintInt+0x76>
     56a:	80 91 48 25 	lds	r24, 0x2548	; 0x802548 <pf.3635>
     56e:	88 23       	and	r24, r24
     570:	d9 f1       	breq	.+118    	; 0x5e8 <DbgPrintInt+0xec>
			USART.DATA = '0'+ ((Data/i)%10);
     572:	e0 ea       	ldi	r30, 0xA0	; 160
     574:	fa e0       	ldi	r31, 0x0A	; 10
     576:	80 91 46 25 	lds	r24, 0x2546	; 0x802546 <i.3634>
     57a:	90 91 47 25 	lds	r25, 0x2547	; 0x802547 <i.3634+0x1>
     57e:	9c 01       	movw	r18, r24
     580:	89 81       	ldd	r24, Y+1	; 0x01
     582:	9a 81       	ldd	r25, Y+2	; 0x02
     584:	b9 01       	movw	r22, r18
     586:	0e 94 c7 28 	call	0x518e	; 0x518e <__udivmodhi4>
     58a:	cb 01       	movw	r24, r22
     58c:	ac 01       	movw	r20, r24
     58e:	9a 01       	movw	r18, r20
     590:	ad ec       	ldi	r26, 0xCD	; 205
     592:	bc ec       	ldi	r27, 0xCC	; 204
     594:	0e 94 ef 28 	call	0x51de	; 0x51de <__umulhisi3>
     598:	96 95       	lsr	r25
     59a:	87 95       	ror	r24
     59c:	96 95       	lsr	r25
     59e:	87 95       	ror	r24
     5a0:	96 95       	lsr	r25
     5a2:	87 95       	ror	r24
     5a4:	88 0f       	add	r24, r24
     5a6:	99 1f       	adc	r25, r25
     5a8:	9c 01       	movw	r18, r24
     5aa:	22 0f       	add	r18, r18
     5ac:	33 1f       	adc	r19, r19
     5ae:	22 0f       	add	r18, r18
     5b0:	33 1f       	adc	r19, r19
     5b2:	82 0f       	add	r24, r18
     5b4:	93 1f       	adc	r25, r19
     5b6:	9a 01       	movw	r18, r20
     5b8:	28 1b       	sub	r18, r24
     5ba:	39 0b       	sbc	r19, r25
     5bc:	c9 01       	movw	r24, r18
     5be:	80 5d       	subi	r24, 0xD0	; 208
     5c0:	80 83       	st	Z, r24
			while (!(USART.STATUS & 0b01000000));
     5c2:	00 00       	nop
     5c4:	80 ea       	ldi	r24, 0xA0	; 160
     5c6:	9a e0       	ldi	r25, 0x0A	; 10
     5c8:	fc 01       	movw	r30, r24
     5ca:	81 81       	ldd	r24, Z+1	; 0x01
     5cc:	88 2f       	mov	r24, r24
     5ce:	90 e0       	ldi	r25, 0x00	; 0
     5d0:	80 74       	andi	r24, 0x40	; 64
     5d2:	99 27       	eor	r25, r25
     5d4:	89 2b       	or	r24, r25
     5d6:	b1 f3       	breq	.-20     	; 0x5c4 <DbgPrintInt+0xc8>
			USART.STATUS=0b01000000;
     5d8:	80 ea       	ldi	r24, 0xA0	; 160
     5da:	9a e0       	ldi	r25, 0x0A	; 10
     5dc:	20 e4       	ldi	r18, 0x40	; 64
     5de:	fc 01       	movw	r30, r24
     5e0:	21 83       	std	Z+1, r18	; 0x01
			pf=1;		
     5e2:	81 e0       	ldi	r24, 0x01	; 1
     5e4:	80 93 48 25 	sts	0x2548, r24	; 0x802548 <pf.3635>
		}
		i/=10;
     5e8:	80 91 46 25 	lds	r24, 0x2546	; 0x802546 <i.3634>
     5ec:	90 91 47 25 	lds	r25, 0x2547	; 0x802547 <i.3634+0x1>
     5f0:	2a e0       	ldi	r18, 0x0A	; 10
     5f2:	30 e0       	ldi	r19, 0x00	; 0
     5f4:	b9 01       	movw	r22, r18
     5f6:	0e 94 db 28 	call	0x51b6	; 0x51b6 <__divmodhi4>
     5fa:	cb 01       	movw	r24, r22
     5fc:	80 93 46 25 	sts	0x2546, r24	; 0x802546 <i.3634>
     600:	90 93 47 25 	sts	0x2547, r25	; 0x802547 <i.3634+0x1>
	static int i;
	static uint8_t pf;

	i=10000;
	pf=0;
	while (i>0) {
     604:	80 91 46 25 	lds	r24, 0x2546	; 0x802546 <i.3634>
     608:	90 91 47 25 	lds	r25, 0x2547	; 0x802547 <i.3634+0x1>
     60c:	18 16       	cp	r1, r24
     60e:	19 06       	cpc	r1, r25
     610:	0c f4       	brge	.+2      	; 0x614 <DbgPrintInt+0x118>
     612:	85 cf       	rjmp	.-246    	; 0x51e <DbgPrintInt+0x22>
			USART.STATUS=0b01000000;
			pf=1;		
		}
		i/=10;
	}
     614:	00 00       	nop
     616:	0f 90       	pop	r0
     618:	0f 90       	pop	r0
     61a:	df 91       	pop	r29
     61c:	cf 91       	pop	r28
     61e:	08 95       	ret

00000620 <DriverLedInit>:
    * @see https://eliasdh.com
    * @since 10/03/2026
**/
#include "DriverLed.h"

void DriverLedInit(void) {
     620:	cf 93       	push	r28
     622:	df 93       	push	r29
     624:	cd b7       	in	r28, 0x3d	; 61
     626:	de b7       	in	r29, 0x3e	; 62
	// Configure PB0, PB1, PB2 as outputs
	PORTB.DIRSET = 0x07;  // Set bits 0-2 as output (0x07 = 0b00000111)
     628:	80 e2       	ldi	r24, 0x20	; 32
     62a:	96 e0       	ldi	r25, 0x06	; 6
     62c:	27 e0       	ldi	r18, 0x07	; 7
     62e:	fc 01       	movw	r30, r24
     630:	21 83       	std	Z+1, r18	; 0x01

	// Configure PA7 as output
	PORTA.DIRSET = 0x80;  // Set bit 7 as output (0x80 = 0b10000000)
     632:	80 e0       	ldi	r24, 0x00	; 0
     634:	96 e0       	ldi	r25, 0x06	; 6
     636:	20 e8       	ldi	r18, 0x80	; 128
     638:	fc 01       	movw	r30, r24
     63a:	21 83       	std	Z+1, r18	; 0x01

	// Enable invert on PB0, PB1, PB2 (active-low LEDs, so invert to make '1' = LED on)
	PORTB.PIN0CTRL = PORT_INVEN_bm;
     63c:	80 e2       	ldi	r24, 0x20	; 32
     63e:	96 e0       	ldi	r25, 0x06	; 6
     640:	20 e4       	ldi	r18, 0x40	; 64
     642:	fc 01       	movw	r30, r24
     644:	20 8b       	std	Z+16, r18	; 0x10
	PORTB.PIN1CTRL = PORT_INVEN_bm;
     646:	80 e2       	ldi	r24, 0x20	; 32
     648:	96 e0       	ldi	r25, 0x06	; 6
     64a:	20 e4       	ldi	r18, 0x40	; 64
     64c:	fc 01       	movw	r30, r24
     64e:	21 8b       	std	Z+17, r18	; 0x11
	PORTB.PIN2CTRL = PORT_INVEN_bm;
     650:	80 e2       	ldi	r24, 0x20	; 32
     652:	96 e0       	ldi	r25, 0x06	; 6
     654:	20 e4       	ldi	r18, 0x40	; 64
     656:	fc 01       	movw	r30, r24
     658:	22 8b       	std	Z+18, r18	; 0x12

	// Enable invert on PA7
	PORTA.PIN7CTRL = PORT_INVEN_bm;
     65a:	80 e0       	ldi	r24, 0x00	; 0
     65c:	96 e0       	ldi	r25, 0x06	; 6
     65e:	20 e4       	ldi	r18, 0x40	; 64
     660:	fc 01       	movw	r30, r24
     662:	27 8b       	std	Z+23, r18	; 0x17
}
     664:	00 00       	nop
     666:	df 91       	pop	r29
     668:	cf 91       	pop	r28
     66a:	08 95       	ret

0000066c <__vector_2>:
// Without volatile, the compiler may cache values and miss interrupt-driven updates.
static volatile int16_t encoderPosA = 0; // Encoder pulse counter for motor A.
static volatile int16_t encoderPosB = 0; // Encoder pulse counter for motor B.

// Interrupt for encoder A, phase A (PC6).
ISR(PORTC_INT0_vect) {
     66c:	1f 92       	push	r1
     66e:	0f 92       	push	r0
     670:	00 90 3f 00 	lds	r0, 0x003F	; 0x80003f <__TEXT_REGION_LENGTH__+0x70003f>
     674:	0f 92       	push	r0
     676:	11 24       	eor	r1, r1
     678:	00 90 3b 00 	lds	r0, 0x003B	; 0x80003b <__TEXT_REGION_LENGTH__+0x70003b>
     67c:	0f 92       	push	r0
     67e:	2f 93       	push	r18
     680:	3f 93       	push	r19
     682:	8f 93       	push	r24
     684:	9f 93       	push	r25
     686:	ef 93       	push	r30
     688:	ff 93       	push	r31
     68a:	cf 93       	push	r28
     68c:	df 93       	push	r29
     68e:	1f 92       	push	r1
     690:	cd b7       	in	r28, 0x3d	; 61
     692:	de b7       	in	r29, 0x3e	; 62
	uint8_t pins = PORTC.IN; 										// Read both encoder input levels once.
     694:	80 e4       	ldi	r24, 0x40	; 64
     696:	96 e0       	ldi	r25, 0x06	; 6
     698:	fc 01       	movw	r30, r24
     69a:	80 85       	ldd	r24, Z+8	; 0x08
     69c:	89 83       	std	Y+1, r24	; 0x01
	if (pins & PIN6_bm) encoderPosA += (pins & PIN7_bm) ? -1 : +1; 	// (If phase A is currently high) Direction depends on phase B.
     69e:	89 81       	ldd	r24, Y+1	; 0x01
     6a0:	88 2f       	mov	r24, r24
     6a2:	90 e0       	ldi	r25, 0x00	; 0
     6a4:	80 74       	andi	r24, 0x40	; 64
     6a6:	99 27       	eor	r25, r25
     6a8:	89 2b       	or	r24, r25
     6aa:	99 f0       	breq	.+38     	; 0x6d2 <__vector_2+0x66>
     6ac:	89 81       	ldd	r24, Y+1	; 0x01
     6ae:	88 23       	and	r24, r24
     6b0:	1c f4       	brge	.+6      	; 0x6b8 <__vector_2+0x4c>
     6b2:	8f ef       	ldi	r24, 0xFF	; 255
     6b4:	9f ef       	ldi	r25, 0xFF	; 255
     6b6:	02 c0       	rjmp	.+4      	; 0x6bc <__vector_2+0x50>
     6b8:	81 e0       	ldi	r24, 0x01	; 1
     6ba:	90 e0       	ldi	r25, 0x00	; 0
     6bc:	20 91 49 25 	lds	r18, 0x2549	; 0x802549 <encoderPosA>
     6c0:	30 91 4a 25 	lds	r19, 0x254A	; 0x80254a <encoderPosA+0x1>
     6c4:	82 0f       	add	r24, r18
     6c6:	93 1f       	adc	r25, r19
     6c8:	80 93 49 25 	sts	0x2549, r24	; 0x802549 <encoderPosA>
     6cc:	90 93 4a 25 	sts	0x254A, r25	; 0x80254a <encoderPosA+0x1>
     6d0:	12 c0       	rjmp	.+36     	; 0x6f6 <__vector_2+0x8a>
	else encoderPosA += (pins & PIN7_bm) ? +1 : -1; 				// (If phase A is currently low) Direction depends on phase B.
     6d2:	89 81       	ldd	r24, Y+1	; 0x01
     6d4:	88 23       	and	r24, r24
     6d6:	1c f4       	brge	.+6      	; 0x6de <__vector_2+0x72>
     6d8:	81 e0       	ldi	r24, 0x01	; 1
     6da:	90 e0       	ldi	r25, 0x00	; 0
     6dc:	02 c0       	rjmp	.+4      	; 0x6e2 <__vector_2+0x76>
     6de:	8f ef       	ldi	r24, 0xFF	; 255
     6e0:	9f ef       	ldi	r25, 0xFF	; 255
     6e2:	20 91 49 25 	lds	r18, 0x2549	; 0x802549 <encoderPosA>
     6e6:	30 91 4a 25 	lds	r19, 0x254A	; 0x80254a <encoderPosA+0x1>
     6ea:	82 0f       	add	r24, r18
     6ec:	93 1f       	adc	r25, r19
     6ee:	80 93 49 25 	sts	0x2549, r24	; 0x802549 <encoderPosA>
     6f2:	90 93 4a 25 	sts	0x254A, r25	; 0x80254a <encoderPosA+0x1>
	PORTC.INTFLAGS = PORT_INT0IF_bm; 								// Clear INT0 interrupt flag on PORTC.
     6f6:	80 e4       	ldi	r24, 0x40	; 64
     6f8:	96 e0       	ldi	r25, 0x06	; 6
     6fa:	21 e0       	ldi	r18, 0x01	; 1
     6fc:	fc 01       	movw	r30, r24
     6fe:	24 87       	std	Z+12, r18	; 0x0c
}
     700:	00 00       	nop
     702:	0f 90       	pop	r0
     704:	df 91       	pop	r29
     706:	cf 91       	pop	r28
     708:	ff 91       	pop	r31
     70a:	ef 91       	pop	r30
     70c:	9f 91       	pop	r25
     70e:	8f 91       	pop	r24
     710:	3f 91       	pop	r19
     712:	2f 91       	pop	r18
     714:	0f 90       	pop	r0
     716:	00 92 3b 00 	sts	0x003B, r0	; 0x80003b <__TEXT_REGION_LENGTH__+0x70003b>
     71a:	0f 90       	pop	r0
     71c:	00 92 3f 00 	sts	0x003F, r0	; 0x80003f <__TEXT_REGION_LENGTH__+0x70003f>
     720:	0f 90       	pop	r0
     722:	1f 90       	pop	r1
     724:	18 95       	reti

00000726 <__vector_3>:

// Interrupt for encoder A, phase B (PC7).
ISR(PORTC_INT1_vect) {
     726:	1f 92       	push	r1
     728:	0f 92       	push	r0
     72a:	00 90 3f 00 	lds	r0, 0x003F	; 0x80003f <__TEXT_REGION_LENGTH__+0x70003f>
     72e:	0f 92       	push	r0
     730:	11 24       	eor	r1, r1
     732:	00 90 3b 00 	lds	r0, 0x003B	; 0x80003b <__TEXT_REGION_LENGTH__+0x70003b>
     736:	0f 92       	push	r0
     738:	2f 93       	push	r18
     73a:	3f 93       	push	r19
     73c:	8f 93       	push	r24
     73e:	9f 93       	push	r25
     740:	ef 93       	push	r30
     742:	ff 93       	push	r31
     744:	cf 93       	push	r28
     746:	df 93       	push	r29
     748:	1f 92       	push	r1
     74a:	cd b7       	in	r28, 0x3d	; 61
     74c:	de b7       	in	r29, 0x3e	; 62
	uint8_t pins = PORTC.IN;										// Read both encoder input levels once.
     74e:	80 e4       	ldi	r24, 0x40	; 64
     750:	96 e0       	ldi	r25, 0x06	; 6
     752:	fc 01       	movw	r30, r24
     754:	80 85       	ldd	r24, Z+8	; 0x08
     756:	89 83       	std	Y+1, r24	; 0x01
	if (pins & PIN7_bm) encoderPosA += (pins & PIN6_bm) ? +1 : -1; 	// (If phase B is currently high) Direction depends on phase A.
     758:	89 81       	ldd	r24, Y+1	; 0x01
     75a:	88 23       	and	r24, r24
     75c:	bc f4       	brge	.+46     	; 0x78c <__vector_3+0x66>
     75e:	89 81       	ldd	r24, Y+1	; 0x01
     760:	88 2f       	mov	r24, r24
     762:	90 e0       	ldi	r25, 0x00	; 0
     764:	80 74       	andi	r24, 0x40	; 64
     766:	99 27       	eor	r25, r25
     768:	89 2b       	or	r24, r25
     76a:	19 f0       	breq	.+6      	; 0x772 <__vector_3+0x4c>
     76c:	81 e0       	ldi	r24, 0x01	; 1
     76e:	90 e0       	ldi	r25, 0x00	; 0
     770:	02 c0       	rjmp	.+4      	; 0x776 <__vector_3+0x50>
     772:	8f ef       	ldi	r24, 0xFF	; 255
     774:	9f ef       	ldi	r25, 0xFF	; 255
     776:	20 91 49 25 	lds	r18, 0x2549	; 0x802549 <encoderPosA>
     77a:	30 91 4a 25 	lds	r19, 0x254A	; 0x80254a <encoderPosA+0x1>
     77e:	82 0f       	add	r24, r18
     780:	93 1f       	adc	r25, r19
     782:	80 93 49 25 	sts	0x2549, r24	; 0x802549 <encoderPosA>
     786:	90 93 4a 25 	sts	0x254A, r25	; 0x80254a <encoderPosA+0x1>
     78a:	16 c0       	rjmp	.+44     	; 0x7b8 <__vector_3+0x92>
	else encoderPosA += (pins & PIN6_bm) ? -1 : +1;					// (If phase B is currently low) Direction depends on phase A.
     78c:	89 81       	ldd	r24, Y+1	; 0x01
     78e:	88 2f       	mov	r24, r24
     790:	90 e0       	ldi	r25, 0x00	; 0
     792:	80 74       	andi	r24, 0x40	; 64
     794:	99 27       	eor	r25, r25
     796:	89 2b       	or	r24, r25
     798:	19 f0       	breq	.+6      	; 0x7a0 <__vector_3+0x7a>
     79a:	8f ef       	ldi	r24, 0xFF	; 255
     79c:	9f ef       	ldi	r25, 0xFF	; 255
     79e:	02 c0       	rjmp	.+4      	; 0x7a4 <__vector_3+0x7e>
     7a0:	81 e0       	ldi	r24, 0x01	; 1
     7a2:	90 e0       	ldi	r25, 0x00	; 0
     7a4:	20 91 49 25 	lds	r18, 0x2549	; 0x802549 <encoderPosA>
     7a8:	30 91 4a 25 	lds	r19, 0x254A	; 0x80254a <encoderPosA+0x1>
     7ac:	82 0f       	add	r24, r18
     7ae:	93 1f       	adc	r25, r19
     7b0:	80 93 49 25 	sts	0x2549, r24	; 0x802549 <encoderPosA>
     7b4:	90 93 4a 25 	sts	0x254A, r25	; 0x80254a <encoderPosA+0x1>
	PORTC.INTFLAGS = PORT_INT1IF_bm;								// Clear INT1 interrupt flag on PORTC.
     7b8:	80 e4       	ldi	r24, 0x40	; 64
     7ba:	96 e0       	ldi	r25, 0x06	; 6
     7bc:	22 e0       	ldi	r18, 0x02	; 2
     7be:	fc 01       	movw	r30, r24
     7c0:	24 87       	std	Z+12, r18	; 0x0c
}
     7c2:	00 00       	nop
     7c4:	0f 90       	pop	r0
     7c6:	df 91       	pop	r29
     7c8:	cf 91       	pop	r28
     7ca:	ff 91       	pop	r31
     7cc:	ef 91       	pop	r30
     7ce:	9f 91       	pop	r25
     7d0:	8f 91       	pop	r24
     7d2:	3f 91       	pop	r19
     7d4:	2f 91       	pop	r18
     7d6:	0f 90       	pop	r0
     7d8:	00 92 3b 00 	sts	0x003B, r0	; 0x80003b <__TEXT_REGION_LENGTH__+0x70003b>
     7dc:	0f 90       	pop	r0
     7de:	00 92 3f 00 	sts	0x003F, r0	; 0x80003f <__TEXT_REGION_LENGTH__+0x70003f>
     7e2:	0f 90       	pop	r0
     7e4:	1f 90       	pop	r1
     7e6:	18 95       	reti

000007e8 <__vector_43>:

// Interrupt for encoder B, phase A (PE4).
ISR(PORTE_INT0_vect) {
     7e8:	1f 92       	push	r1
     7ea:	0f 92       	push	r0
     7ec:	00 90 3f 00 	lds	r0, 0x003F	; 0x80003f <__TEXT_REGION_LENGTH__+0x70003f>
     7f0:	0f 92       	push	r0
     7f2:	11 24       	eor	r1, r1
     7f4:	00 90 3b 00 	lds	r0, 0x003B	; 0x80003b <__TEXT_REGION_LENGTH__+0x70003b>
     7f8:	0f 92       	push	r0
     7fa:	2f 93       	push	r18
     7fc:	3f 93       	push	r19
     7fe:	8f 93       	push	r24
     800:	9f 93       	push	r25
     802:	ef 93       	push	r30
     804:	ff 93       	push	r31
     806:	cf 93       	push	r28
     808:	df 93       	push	r29
     80a:	1f 92       	push	r1
     80c:	cd b7       	in	r28, 0x3d	; 61
     80e:	de b7       	in	r29, 0x3e	; 62
	uint8_t pins = PORTE.IN;										// Read both encoder input levels once.
     810:	80 e8       	ldi	r24, 0x80	; 128
     812:	96 e0       	ldi	r25, 0x06	; 6
     814:	fc 01       	movw	r30, r24
     816:	80 85       	ldd	r24, Z+8	; 0x08
     818:	89 83       	std	Y+1, r24	; 0x01
	if (pins & PIN4_bm) encoderPosB += (pins & PIN5_bm) ? -1 : +1; 	// (If phase A is currently high) Direction depends on phase B.
     81a:	89 81       	ldd	r24, Y+1	; 0x01
     81c:	88 2f       	mov	r24, r24
     81e:	90 e0       	ldi	r25, 0x00	; 0
     820:	80 71       	andi	r24, 0x10	; 16
     822:	99 27       	eor	r25, r25
     824:	89 2b       	or	r24, r25
     826:	b9 f0       	breq	.+46     	; 0x856 <__vector_43+0x6e>
     828:	89 81       	ldd	r24, Y+1	; 0x01
     82a:	88 2f       	mov	r24, r24
     82c:	90 e0       	ldi	r25, 0x00	; 0
     82e:	80 72       	andi	r24, 0x20	; 32
     830:	99 27       	eor	r25, r25
     832:	89 2b       	or	r24, r25
     834:	19 f0       	breq	.+6      	; 0x83c <__vector_43+0x54>
     836:	8f ef       	ldi	r24, 0xFF	; 255
     838:	9f ef       	ldi	r25, 0xFF	; 255
     83a:	02 c0       	rjmp	.+4      	; 0x840 <__vector_43+0x58>
     83c:	81 e0       	ldi	r24, 0x01	; 1
     83e:	90 e0       	ldi	r25, 0x00	; 0
     840:	20 91 4b 25 	lds	r18, 0x254B	; 0x80254b <encoderPosB>
     844:	30 91 4c 25 	lds	r19, 0x254C	; 0x80254c <encoderPosB+0x1>
     848:	82 0f       	add	r24, r18
     84a:	93 1f       	adc	r25, r19
     84c:	80 93 4b 25 	sts	0x254B, r24	; 0x80254b <encoderPosB>
     850:	90 93 4c 25 	sts	0x254C, r25	; 0x80254c <encoderPosB+0x1>
     854:	16 c0       	rjmp	.+44     	; 0x882 <__vector_43+0x9a>
	else encoderPosB += (pins & PIN5_bm) ? +1 : -1;					// (If phase A is currently low) Direction depends on phase B.
     856:	89 81       	ldd	r24, Y+1	; 0x01
     858:	88 2f       	mov	r24, r24
     85a:	90 e0       	ldi	r25, 0x00	; 0
     85c:	80 72       	andi	r24, 0x20	; 32
     85e:	99 27       	eor	r25, r25
     860:	89 2b       	or	r24, r25
     862:	19 f0       	breq	.+6      	; 0x86a <__vector_43+0x82>
     864:	81 e0       	ldi	r24, 0x01	; 1
     866:	90 e0       	ldi	r25, 0x00	; 0
     868:	02 c0       	rjmp	.+4      	; 0x86e <__vector_43+0x86>
     86a:	8f ef       	ldi	r24, 0xFF	; 255
     86c:	9f ef       	ldi	r25, 0xFF	; 255
     86e:	20 91 4b 25 	lds	r18, 0x254B	; 0x80254b <encoderPosB>
     872:	30 91 4c 25 	lds	r19, 0x254C	; 0x80254c <encoderPosB+0x1>
     876:	82 0f       	add	r24, r18
     878:	93 1f       	adc	r25, r19
     87a:	80 93 4b 25 	sts	0x254B, r24	; 0x80254b <encoderPosB>
     87e:	90 93 4c 25 	sts	0x254C, r25	; 0x80254c <encoderPosB+0x1>
	PORTE.INTFLAGS = PORT_INT0IF_bm;								// Clear INT0 interrupt flag on PORTE.
     882:	80 e8       	ldi	r24, 0x80	; 128
     884:	96 e0       	ldi	r25, 0x06	; 6
     886:	21 e0       	ldi	r18, 0x01	; 1
     888:	fc 01       	movw	r30, r24
     88a:	24 87       	std	Z+12, r18	; 0x0c
}
     88c:	00 00       	nop
     88e:	0f 90       	pop	r0
     890:	df 91       	pop	r29
     892:	cf 91       	pop	r28
     894:	ff 91       	pop	r31
     896:	ef 91       	pop	r30
     898:	9f 91       	pop	r25
     89a:	8f 91       	pop	r24
     89c:	3f 91       	pop	r19
     89e:	2f 91       	pop	r18
     8a0:	0f 90       	pop	r0
     8a2:	00 92 3b 00 	sts	0x003B, r0	; 0x80003b <__TEXT_REGION_LENGTH__+0x70003b>
     8a6:	0f 90       	pop	r0
     8a8:	00 92 3f 00 	sts	0x003F, r0	; 0x80003f <__TEXT_REGION_LENGTH__+0x70003f>
     8ac:	0f 90       	pop	r0
     8ae:	1f 90       	pop	r1
     8b0:	18 95       	reti

000008b2 <__vector_44>:

// Interrupt for encoder B, phase B (PE5).
ISR(PORTE_INT1_vect) {
     8b2:	1f 92       	push	r1
     8b4:	0f 92       	push	r0
     8b6:	00 90 3f 00 	lds	r0, 0x003F	; 0x80003f <__TEXT_REGION_LENGTH__+0x70003f>
     8ba:	0f 92       	push	r0
     8bc:	11 24       	eor	r1, r1
     8be:	00 90 3b 00 	lds	r0, 0x003B	; 0x80003b <__TEXT_REGION_LENGTH__+0x70003b>
     8c2:	0f 92       	push	r0
     8c4:	2f 93       	push	r18
     8c6:	3f 93       	push	r19
     8c8:	8f 93       	push	r24
     8ca:	9f 93       	push	r25
     8cc:	ef 93       	push	r30
     8ce:	ff 93       	push	r31
     8d0:	cf 93       	push	r28
     8d2:	df 93       	push	r29
     8d4:	1f 92       	push	r1
     8d6:	cd b7       	in	r28, 0x3d	; 61
     8d8:	de b7       	in	r29, 0x3e	; 62
	uint8_t pins = PORTE.IN;										// Read both encoder input levels once.
     8da:	80 e8       	ldi	r24, 0x80	; 128
     8dc:	96 e0       	ldi	r25, 0x06	; 6
     8de:	fc 01       	movw	r30, r24
     8e0:	80 85       	ldd	r24, Z+8	; 0x08
     8e2:	89 83       	std	Y+1, r24	; 0x01
	if (pins & PIN5_bm) encoderPosB += (pins & PIN4_bm) ? +1 : -1; 	// (If phase B is currently high) Direction depends on phase A.
     8e4:	89 81       	ldd	r24, Y+1	; 0x01
     8e6:	88 2f       	mov	r24, r24
     8e8:	90 e0       	ldi	r25, 0x00	; 0
     8ea:	80 72       	andi	r24, 0x20	; 32
     8ec:	99 27       	eor	r25, r25
     8ee:	89 2b       	or	r24, r25
     8f0:	b9 f0       	breq	.+46     	; 0x920 <__vector_44+0x6e>
     8f2:	89 81       	ldd	r24, Y+1	; 0x01
     8f4:	88 2f       	mov	r24, r24
     8f6:	90 e0       	ldi	r25, 0x00	; 0
     8f8:	80 71       	andi	r24, 0x10	; 16
     8fa:	99 27       	eor	r25, r25
     8fc:	89 2b       	or	r24, r25
     8fe:	19 f0       	breq	.+6      	; 0x906 <__vector_44+0x54>
     900:	81 e0       	ldi	r24, 0x01	; 1
     902:	90 e0       	ldi	r25, 0x00	; 0
     904:	02 c0       	rjmp	.+4      	; 0x90a <__vector_44+0x58>
     906:	8f ef       	ldi	r24, 0xFF	; 255
     908:	9f ef       	ldi	r25, 0xFF	; 255
     90a:	20 91 4b 25 	lds	r18, 0x254B	; 0x80254b <encoderPosB>
     90e:	30 91 4c 25 	lds	r19, 0x254C	; 0x80254c <encoderPosB+0x1>
     912:	82 0f       	add	r24, r18
     914:	93 1f       	adc	r25, r19
     916:	80 93 4b 25 	sts	0x254B, r24	; 0x80254b <encoderPosB>
     91a:	90 93 4c 25 	sts	0x254C, r25	; 0x80254c <encoderPosB+0x1>
     91e:	16 c0       	rjmp	.+44     	; 0x94c <__vector_44+0x9a>
	else encoderPosB += (pins & PIN4_bm) ? -1 : +1;					// (If phase B is currently low) Direction depends on phase A.
     920:	89 81       	ldd	r24, Y+1	; 0x01
     922:	88 2f       	mov	r24, r24
     924:	90 e0       	ldi	r25, 0x00	; 0
     926:	80 71       	andi	r24, 0x10	; 16
     928:	99 27       	eor	r25, r25
     92a:	89 2b       	or	r24, r25
     92c:	19 f0       	breq	.+6      	; 0x934 <__vector_44+0x82>
     92e:	8f ef       	ldi	r24, 0xFF	; 255
     930:	9f ef       	ldi	r25, 0xFF	; 255
     932:	02 c0       	rjmp	.+4      	; 0x938 <__vector_44+0x86>
     934:	81 e0       	ldi	r24, 0x01	; 1
     936:	90 e0       	ldi	r25, 0x00	; 0
     938:	20 91 4b 25 	lds	r18, 0x254B	; 0x80254b <encoderPosB>
     93c:	30 91 4c 25 	lds	r19, 0x254C	; 0x80254c <encoderPosB+0x1>
     940:	82 0f       	add	r24, r18
     942:	93 1f       	adc	r25, r19
     944:	80 93 4b 25 	sts	0x254B, r24	; 0x80254b <encoderPosB>
     948:	90 93 4c 25 	sts	0x254C, r25	; 0x80254c <encoderPosB+0x1>
	PORTE.INTFLAGS = PORT_INT1IF_bm;								// Clear INT1 interrupt flag on PORTE.
     94c:	80 e8       	ldi	r24, 0x80	; 128
     94e:	96 e0       	ldi	r25, 0x06	; 6
     950:	22 e0       	ldi	r18, 0x02	; 2
     952:	fc 01       	movw	r30, r24
     954:	24 87       	std	Z+12, r18	; 0x0c
}
     956:	00 00       	nop
     958:	0f 90       	pop	r0
     95a:	df 91       	pop	r29
     95c:	cf 91       	pop	r28
     95e:	ff 91       	pop	r31
     960:	ef 91       	pop	r30
     962:	9f 91       	pop	r25
     964:	8f 91       	pop	r24
     966:	3f 91       	pop	r19
     968:	2f 91       	pop	r18
     96a:	0f 90       	pop	r0
     96c:	00 92 3b 00 	sts	0x003B, r0	; 0x80003b <__TEXT_REGION_LENGTH__+0x70003b>
     970:	0f 90       	pop	r0
     972:	00 92 3f 00 	sts	0x003F, r0	; 0x80003f <__TEXT_REGION_LENGTH__+0x70003f>
     976:	0f 90       	pop	r0
     978:	1f 90       	pop	r1
     97a:	18 95       	reti

0000097c <DriverPowerInit>:
    * @see https://eliasdh.com
    * @since 10/03/2026
**/
#include "DriverPower.h"

void DriverPowerInit(void) {
     97c:	cf 93       	push	r28
     97e:	df 93       	push	r29
     980:	cd b7       	in	r28, 0x3d	; 61
     982:	de b7       	in	r29, 0x3e	; 62
	PORTC.DIRSET=1<<5;
     984:	80 e4       	ldi	r24, 0x40	; 64
     986:	96 e0       	ldi	r25, 0x06	; 6
     988:	20 e2       	ldi	r18, 0x20	; 32
     98a:	fc 01       	movw	r30, r24
     98c:	21 83       	std	Z+1, r18	; 0x01
}
     98e:	00 00       	nop
     990:	df 91       	pop	r29
     992:	cf 91       	pop	r28
     994:	08 95       	ret

00000996 <DriverPowerVccAuxSet>:

void DriverPowerVccAuxSet(uint8_t State) {
     996:	cf 93       	push	r28
     998:	df 93       	push	r29
     99a:	1f 92       	push	r1
     99c:	cd b7       	in	r28, 0x3d	; 61
     99e:	de b7       	in	r29, 0x3e	; 62
     9a0:	89 83       	std	Y+1, r24	; 0x01
	if (State) PORTC.OUTSET=1<<5;
     9a2:	89 81       	ldd	r24, Y+1	; 0x01
     9a4:	88 23       	and	r24, r24
     9a6:	31 f0       	breq	.+12     	; 0x9b4 <DriverPowerVccAuxSet+0x1e>
     9a8:	80 e4       	ldi	r24, 0x40	; 64
     9aa:	96 e0       	ldi	r25, 0x06	; 6
     9ac:	20 e2       	ldi	r18, 0x20	; 32
     9ae:	fc 01       	movw	r30, r24
     9b0:	25 83       	std	Z+5, r18	; 0x05
	else PORTC.OUTCLR=1<<5;
     9b2:	05 c0       	rjmp	.+10     	; 0x9be <DriverPowerVccAuxSet+0x28>
	PORTC.DIRSET=1<<5;
}

void DriverPowerVccAuxSet(uint8_t State) {
	if (State) PORTC.OUTSET=1<<5;
	else PORTC.OUTCLR=1<<5;
     9b4:	80 e4       	ldi	r24, 0x40	; 64
     9b6:	96 e0       	ldi	r25, 0x06	; 6
     9b8:	20 e2       	ldi	r18, 0x20	; 32
     9ba:	fc 01       	movw	r30, r24
     9bc:	26 83       	std	Z+6, r18	; 0x06
     9be:	00 00       	nop
     9c0:	0f 90       	pop	r0
     9c2:	df 91       	pop	r29
     9c4:	cf 91       	pop	r28
     9c6:	08 95       	ret

000009c8 <DriverSysClkXtalInit>:
    uint8_t Mult;
    if (F_XTAL<400E3) return -1;
    if (F_XTAL<=2E6) OSC.XOSCCTRL=0b00001011;
    else if(F_XTAL<=9E6) OSC.XOSCCTRL=0b01001011;
    else if(F_XTAL<=12E6) OSC.XOSCCTRL=0b10001011;
    else if(F_XTAL<=16E6) OSC.XOSCCTRL=0b11001011;
     9c8:	8b ec       	ldi	r24, 0xCB	; 203
     9ca:	80 93 52 00 	sts	0x0052, r24	; 0x800052 <__TEXT_REGION_LENGTH__+0x700052>
    else return -1;
    OSC.CTRL=0b01000;
     9ce:	88 e0       	ldi	r24, 0x08	; 8
     9d0:	80 93 50 00 	sts	0x0050, r24	; 0x800050 <__TEXT_REGION_LENGTH__+0x700050>

    while (!(OSC.STATUS&0b1000)); 
     9d4:	80 91 51 00 	lds	r24, 0x0051	; 0x800051 <__TEXT_REGION_LENGTH__+0x700051>
     9d8:	83 ff       	sbrs	r24, 3
     9da:	fc cf       	rjmp	.-8      	; 0x9d4 <DriverSysClkXtalInit+0xc>
	}	
	else if (F_CPU>F_XTAL) {
		Mult=F_CPU/F_XTAL;
		if (Mult>31) return -1;
		if (F_XTAL * (uint32_t) Mult !=F_CPU) return -1;
		OSC.PLLCTRL=0b11000000 | (Mult);
     9dc:	82 ec       	ldi	r24, 0xC2	; 194
     9de:	80 93 55 00 	sts	0x0055, r24	; 0x800055 <__TEXT_REGION_LENGTH__+0x700055>
		OSC.CTRL=0b00011000;
     9e2:	88 e1       	ldi	r24, 0x18	; 24
     9e4:	80 93 50 00 	sts	0x0050, r24	; 0x800050 <__TEXT_REGION_LENGTH__+0x700050>

		while (!(OSC.STATUS & 0b00010000));
     9e8:	80 91 51 00 	lds	r24, 0x0051	; 0x800051 <__TEXT_REGION_LENGTH__+0x700051>
     9ec:	84 ff       	sbrs	r24, 4
     9ee:	fc cf       	rjmp	.-8      	; 0x9e8 <DriverSysClkXtalInit+0x20>

		CCP=0xd8;
     9f0:	88 ed       	ldi	r24, 0xD8	; 216
     9f2:	84 bf       	out	0x34, r24	; 52
		CLK.CTRL=0b100;
     9f4:	84 e0       	ldi	r24, 0x04	; 4
     9f6:	80 93 40 00 	sts	0x0040, r24	; 0x800040 <__TEXT_REGION_LENGTH__+0x700040>
	}
	return 0;
}
     9fa:	80 e0       	ldi	r24, 0x00	; 0
     9fc:	08 95       	ret

000009fe <DriverTWIMInit>:
		}
	} 
	else {
		return false;
	}
}
     9fe:	cf 93       	push	r28
     a00:	df 93       	push	r29
     a02:	cd b7       	in	r28, 0x3d	; 61
     a04:	de b7       	in	r29, 0x3e	; 62
     a06:	10 92 56 25 	sts	0x2556, r1	; 0x802556 <Twim_status>
     a0a:	80 e8       	ldi	r24, 0x80	; 128
     a0c:	96 e0       	ldi	r25, 0x06	; 6
     a0e:	28 e1       	ldi	r18, 0x18	; 24
     a10:	fc 01       	movw	r30, r24
     a12:	20 8b       	std	Z+16, r18	; 0x10
     a14:	80 e8       	ldi	r24, 0x80	; 128
     a16:	96 e0       	ldi	r25, 0x06	; 6
     a18:	28 e1       	ldi	r18, 0x18	; 24
     a1a:	fc 01       	movw	r30, r24
     a1c:	21 8b       	std	Z+17, r18	; 0x11
     a1e:	80 ea       	ldi	r24, 0xA0	; 160
     a20:	94 e0       	ldi	r25, 0x04	; 4
     a22:	28 e7       	ldi	r18, 0x78	; 120
     a24:	fc 01       	movw	r30, r24
     a26:	21 83       	std	Z+1, r18	; 0x01
     a28:	80 ea       	ldi	r24, 0xA0	; 160
     a2a:	94 e0       	ldi	r25, 0x04	; 4
     a2c:	23 e2       	ldi	r18, 0x23	; 35
     a2e:	fc 01       	movw	r30, r24
     a30:	25 83       	std	Z+5, r18	; 0x05
     a32:	80 ea       	ldi	r24, 0xA0	; 160
     a34:	94 e0       	ldi	r25, 0x04	; 4
     a36:	21 e0       	ldi	r18, 0x01	; 1
     a38:	fc 01       	movw	r30, r24
     a3a:	24 83       	std	Z+4, r18	; 0x04
     a3c:	00 00       	nop
     a3e:	df 91       	pop	r29
     a40:	cf 91       	pop	r28
     a42:	08 95       	ret

00000a44 <TWIMArbitrationLostBusErrorHandler>:

void TWIMArbitrationLostBusErrorHandler() {
     a44:	cf 93       	push	r28
     a46:	df 93       	push	r29
     a48:	1f 92       	push	r1
     a4a:	cd b7       	in	r28, 0x3d	; 61
     a4c:	de b7       	in	r29, 0x3e	; 62
	uint8_t currentStatus = TWIM_BUS.MASTER.STATUS;
     a4e:	80 ea       	ldi	r24, 0xA0	; 160
     a50:	94 e0       	ldi	r25, 0x04	; 4
     a52:	fc 01       	movw	r30, r24
     a54:	84 81       	ldd	r24, Z+4	; 0x04
     a56:	89 83       	std	Y+1, r24	; 0x01

	if (currentStatus & TWI_MASTER_BUSERR_bm) {
     a58:	89 81       	ldd	r24, Y+1	; 0x01
     a5a:	88 2f       	mov	r24, r24
     a5c:	90 e0       	ldi	r25, 0x00	; 0
     a5e:	84 70       	andi	r24, 0x04	; 4
     a60:	99 27       	eor	r25, r25
     a62:	89 2b       	or	r24, r25
     a64:	21 f0       	breq	.+8      	; 0xa6e <TWIMArbitrationLostBusErrorHandler+0x2a>
		Twim_result = TWIM_RESULT_BUS_ERROR;
     a66:	84 e0       	ldi	r24, 0x04	; 4
     a68:	80 93 57 25 	sts	0x2557, r24	; 0x802557 <Twim_result>
     a6c:	03 c0       	rjmp	.+6      	; 0xa74 <TWIMArbitrationLostBusErrorHandler+0x30>
	}

	else {
		Twim_result = TWIM_RESULT_ARBITRATION_LOST;
     a6e:	83 e0       	ldi	r24, 0x03	; 3
     a70:	80 93 57 25 	sts	0x2557, r24	; 0x802557 <Twim_result>
	}

	TWIM_BUS.MASTER.STATUS = currentStatus | TWI_MASTER_ARBLOST_bm;
     a74:	80 ea       	ldi	r24, 0xA0	; 160
     a76:	94 e0       	ldi	r25, 0x04	; 4
     a78:	29 81       	ldd	r18, Y+1	; 0x01
     a7a:	28 60       	ori	r18, 0x08	; 8
     a7c:	fc 01       	movw	r30, r24
     a7e:	24 83       	std	Z+4, r18	; 0x04

	Twim_status = TWIM_STATUS_READY;
     a80:	10 92 56 25 	sts	0x2556, r1	; 0x802556 <Twim_status>
}
     a84:	00 00       	nop
     a86:	0f 90       	pop	r0
     a88:	df 91       	pop	r29
     a8a:	cf 91       	pop	r28
     a8c:	08 95       	ret

00000a8e <TWIMWriteHandler>:

void TWIMWriteHandler() {
     a8e:	cf 93       	push	r28
     a90:	df 93       	push	r29
     a92:	00 d0       	rcall	.+0      	; 0xa94 <TWIMWriteHandler+0x6>
     a94:	1f 92       	push	r1
     a96:	cd b7       	in	r28, 0x3d	; 61
     a98:	de b7       	in	r29, 0x3e	; 62
	uint8_t bytesToWrite  = Twim_bytesToWrite;
     a9a:	80 91 52 25 	lds	r24, 0x2552	; 0x802552 <Twim_bytesToWrite>
     a9e:	89 83       	std	Y+1, r24	; 0x01
	uint8_t bytesToRead   = Twim_bytesToRead;
     aa0:	80 91 53 25 	lds	r24, 0x2553	; 0x802553 <Twim_bytesToRead>
     aa4:	8a 83       	std	Y+2, r24	; 0x02

	if (TWIM_BUS.MASTER.STATUS & TWI_MASTER_RXACK_bm) {
     aa6:	80 ea       	ldi	r24, 0xA0	; 160
     aa8:	94 e0       	ldi	r25, 0x04	; 4
     aaa:	fc 01       	movw	r30, r24
     aac:	84 81       	ldd	r24, Z+4	; 0x04
     aae:	88 2f       	mov	r24, r24
     ab0:	90 e0       	ldi	r25, 0x00	; 0
     ab2:	80 71       	andi	r24, 0x10	; 16
     ab4:	99 27       	eor	r25, r25
     ab6:	89 2b       	or	r24, r25
     ab8:	59 f0       	breq	.+22     	; 0xad0 <TWIMWriteHandler+0x42>
		TWIM_BUS.MASTER.CTRLC = TWI_MASTER_CMD_STOP_gc;
     aba:	80 ea       	ldi	r24, 0xA0	; 160
     abc:	94 e0       	ldi	r25, 0x04	; 4
     abe:	23 e0       	ldi	r18, 0x03	; 3
     ac0:	fc 01       	movw	r30, r24
     ac2:	23 83       	std	Z+3, r18	; 0x03
		Twim_result = TWIM_RESULT_NACK_RECEIVED;
     ac4:	85 e0       	ldi	r24, 0x05	; 5
     ac6:	80 93 57 25 	sts	0x2557, r24	; 0x802557 <Twim_result>
		Twim_status = TWIM_STATUS_READY;
     aca:	10 92 56 25 	sts	0x2556, r1	; 0x802556 <Twim_status>

	else {
		TWIM_BUS.MASTER.CTRLC = TWI_MASTER_CMD_STOP_gc;
		TWIMTransactionFinished(TWIM_RESULT_OK);
	}
}
     ace:	34 c0       	rjmp	.+104    	; 0xb38 <TWIMWriteHandler+0xaa>
		TWIM_BUS.MASTER.CTRLC = TWI_MASTER_CMD_STOP_gc;
		Twim_result = TWIM_RESULT_NACK_RECEIVED;
		Twim_status = TWIM_STATUS_READY;
	}

	else if (Twim_bytesWritten < bytesToWrite) {
     ad0:	90 91 54 25 	lds	r25, 0x2554	; 0x802554 <Twim_bytesWritten>
     ad4:	89 81       	ldd	r24, Y+1	; 0x01
     ad6:	98 17       	cp	r25, r24
     ad8:	c0 f4       	brcc	.+48     	; 0xb0a <TWIMWriteHandler+0x7c>
		uint8_t data = Twim_writeData[Twim_bytesWritten];
     ada:	20 91 4e 25 	lds	r18, 0x254E	; 0x80254e <Twim_writeData>
     ade:	30 91 4f 25 	lds	r19, 0x254F	; 0x80254f <Twim_writeData+0x1>
     ae2:	80 91 54 25 	lds	r24, 0x2554	; 0x802554 <Twim_bytesWritten>
     ae6:	88 2f       	mov	r24, r24
     ae8:	90 e0       	ldi	r25, 0x00	; 0
     aea:	82 0f       	add	r24, r18
     aec:	93 1f       	adc	r25, r19
     aee:	fc 01       	movw	r30, r24
     af0:	80 81       	ld	r24, Z
     af2:	8b 83       	std	Y+3, r24	; 0x03
		TWIM_BUS.MASTER.DATA = data;
     af4:	80 ea       	ldi	r24, 0xA0	; 160
     af6:	94 e0       	ldi	r25, 0x04	; 4
     af8:	2b 81       	ldd	r18, Y+3	; 0x03
     afa:	fc 01       	movw	r30, r24
     afc:	27 83       	std	Z+7, r18	; 0x07
		++Twim_bytesWritten;
     afe:	80 91 54 25 	lds	r24, 0x2554	; 0x802554 <Twim_bytesWritten>
     b02:	8f 5f       	subi	r24, 0xFF	; 255
     b04:	80 93 54 25 	sts	0x2554, r24	; 0x802554 <Twim_bytesWritten>

	else {
		TWIM_BUS.MASTER.CTRLC = TWI_MASTER_CMD_STOP_gc;
		TWIMTransactionFinished(TWIM_RESULT_OK);
	}
}
     b08:	17 c0       	rjmp	.+46     	; 0xb38 <TWIMWriteHandler+0xaa>
		uint8_t data = Twim_writeData[Twim_bytesWritten];
		TWIM_BUS.MASTER.DATA = data;
		++Twim_bytesWritten;
	}

	else if (Twim_bytesRead < bytesToRead) {
     b0a:	90 91 55 25 	lds	r25, 0x2555	; 0x802555 <Twim_bytesRead>
     b0e:	8a 81       	ldd	r24, Y+2	; 0x02
     b10:	98 17       	cp	r25, r24
     b12:	50 f4       	brcc	.+20     	; 0xb28 <TWIMWriteHandler+0x9a>
		uint8_t readAddress = Twim_address | 0x01;
     b14:	80 91 4d 25 	lds	r24, 0x254D	; 0x80254d <Twim_address>
     b18:	81 60       	ori	r24, 0x01	; 1
     b1a:	8c 83       	std	Y+4, r24	; 0x04
		TWIM_BUS.MASTER.ADDR = readAddress;
     b1c:	80 ea       	ldi	r24, 0xA0	; 160
     b1e:	94 e0       	ldi	r25, 0x04	; 4
     b20:	2c 81       	ldd	r18, Y+4	; 0x04
     b22:	fc 01       	movw	r30, r24
     b24:	26 83       	std	Z+6, r18	; 0x06

	else {
		TWIM_BUS.MASTER.CTRLC = TWI_MASTER_CMD_STOP_gc;
		TWIMTransactionFinished(TWIM_RESULT_OK);
	}
}
     b26:	08 c0       	rjmp	.+16     	; 0xb38 <TWIMWriteHandler+0xaa>
		uint8_t readAddress = Twim_address | 0x01;
		TWIM_BUS.MASTER.ADDR = readAddress;
	}

	else {
		TWIM_BUS.MASTER.CTRLC = TWI_MASTER_CMD_STOP_gc;
     b28:	80 ea       	ldi	r24, 0xA0	; 160
     b2a:	94 e0       	ldi	r25, 0x04	; 4
     b2c:	23 e0       	ldi	r18, 0x03	; 3
     b2e:	fc 01       	movw	r30, r24
     b30:	23 83       	std	Z+3, r18	; 0x03
		TWIMTransactionFinished(TWIM_RESULT_OK);
     b32:	81 e0       	ldi	r24, 0x01	; 1
     b34:	0e 94 e9 05 	call	0xbd2	; 0xbd2 <TWIMTransactionFinished>
	}
}
     b38:	00 00       	nop
     b3a:	24 96       	adiw	r28, 0x04	; 4
     b3c:	cd bf       	out	0x3d, r28	; 61
     b3e:	de bf       	out	0x3e, r29	; 62
     b40:	df 91       	pop	r29
     b42:	cf 91       	pop	r28
     b44:	08 95       	ret

00000b46 <TWIMReadHandler>:

void TWIMReadHandler() {
     b46:	cf 93       	push	r28
     b48:	df 93       	push	r29
     b4a:	1f 92       	push	r1
     b4c:	1f 92       	push	r1
     b4e:	cd b7       	in	r28, 0x3d	; 61
     b50:	de b7       	in	r29, 0x3e	; 62
	if (Twim_bytesRead < TWIM_READ_BUFFER_SIZE) {
     b52:	80 91 55 25 	lds	r24, 0x2555	; 0x802555 <Twim_bytesRead>
     b56:	80 32       	cpi	r24, 0x20	; 32
     b58:	c0 f4       	brcc	.+48     	; 0xb8a <TWIMReadHandler+0x44>
		uint8_t data = TWIM_BUS.MASTER.DATA;
     b5a:	80 ea       	ldi	r24, 0xA0	; 160
     b5c:	94 e0       	ldi	r25, 0x04	; 4
     b5e:	fc 01       	movw	r30, r24
     b60:	87 81       	ldd	r24, Z+7	; 0x07
     b62:	89 83       	std	Y+1, r24	; 0x01
		Twim_readData[Twim_bytesRead] = data;
     b64:	20 91 50 25 	lds	r18, 0x2550	; 0x802550 <Twim_readData>
     b68:	30 91 51 25 	lds	r19, 0x2551	; 0x802551 <Twim_readData+0x1>
     b6c:	80 91 55 25 	lds	r24, 0x2555	; 0x802555 <Twim_bytesRead>
     b70:	88 2f       	mov	r24, r24
     b72:	90 e0       	ldi	r25, 0x00	; 0
     b74:	82 0f       	add	r24, r18
     b76:	93 1f       	adc	r25, r19
     b78:	29 81       	ldd	r18, Y+1	; 0x01
     b7a:	fc 01       	movw	r30, r24
     b7c:	20 83       	st	Z, r18
		Twim_bytesRead++;
     b7e:	80 91 55 25 	lds	r24, 0x2555	; 0x802555 <Twim_bytesRead>
     b82:	8f 5f       	subi	r24, 0xFF	; 255
     b84:	80 93 55 25 	sts	0x2555, r24	; 0x802555 <Twim_bytesRead>
     b88:	08 c0       	rjmp	.+16     	; 0xb9a <TWIMReadHandler+0x54>
	}

	else {
		TWIM_BUS.MASTER.CTRLC = TWI_MASTER_CMD_STOP_gc;
     b8a:	80 ea       	ldi	r24, 0xA0	; 160
     b8c:	94 e0       	ldi	r25, 0x04	; 4
     b8e:	23 e0       	ldi	r18, 0x03	; 3
     b90:	fc 01       	movw	r30, r24
     b92:	23 83       	std	Z+3, r18	; 0x03
		TWIMTransactionFinished(TWIM_RESULT_BUFFER_OVERFLOW);
     b94:	82 e0       	ldi	r24, 0x02	; 2
     b96:	0e 94 e9 05 	call	0xbd2	; 0xbd2 <TWIMTransactionFinished>
	}

	uint8_t bytesToRead = Twim_bytesToRead;
     b9a:	80 91 53 25 	lds	r24, 0x2553	; 0x802553 <Twim_bytesToRead>
     b9e:	8a 83       	std	Y+2, r24	; 0x02

	if (Twim_bytesRead < bytesToRead) {
     ba0:	90 91 55 25 	lds	r25, 0x2555	; 0x802555 <Twim_bytesRead>
     ba4:	8a 81       	ldd	r24, Y+2	; 0x02
     ba6:	98 17       	cp	r25, r24
     ba8:	30 f4       	brcc	.+12     	; 0xbb6 <TWIMReadHandler+0x70>
		TWIM_BUS.MASTER.CTRLC = TWI_MASTER_CMD_RECVTRANS_gc;
     baa:	80 ea       	ldi	r24, 0xA0	; 160
     bac:	94 e0       	ldi	r25, 0x04	; 4
     bae:	22 e0       	ldi	r18, 0x02	; 2
     bb0:	fc 01       	movw	r30, r24
     bb2:	23 83       	std	Z+3, r18	; 0x03

	else {
		TWIM_BUS.MASTER.CTRLC = TWI_MASTER_ACKACT_bm | TWI_MASTER_CMD_STOP_gc;
		TWIMTransactionFinished(TWIM_RESULT_OK);
	}
}
     bb4:	08 c0       	rjmp	.+16     	; 0xbc6 <TWIMReadHandler+0x80>
	if (Twim_bytesRead < bytesToRead) {
		TWIM_BUS.MASTER.CTRLC = TWI_MASTER_CMD_RECVTRANS_gc;
	}

	else {
		TWIM_BUS.MASTER.CTRLC = TWI_MASTER_ACKACT_bm | TWI_MASTER_CMD_STOP_gc;
     bb6:	80 ea       	ldi	r24, 0xA0	; 160
     bb8:	94 e0       	ldi	r25, 0x04	; 4
     bba:	27 e0       	ldi	r18, 0x07	; 7
     bbc:	fc 01       	movw	r30, r24
     bbe:	23 83       	std	Z+3, r18	; 0x03
		TWIMTransactionFinished(TWIM_RESULT_OK);
     bc0:	81 e0       	ldi	r24, 0x01	; 1
     bc2:	0e 94 e9 05 	call	0xbd2	; 0xbd2 <TWIMTransactionFinished>
	}
}
     bc6:	00 00       	nop
     bc8:	0f 90       	pop	r0
     bca:	0f 90       	pop	r0
     bcc:	df 91       	pop	r29
     bce:	cf 91       	pop	r28
     bd0:	08 95       	ret

00000bd2 <TWIMTransactionFinished>:

void TWIMTransactionFinished( uint8_t result) {
     bd2:	cf 93       	push	r28
     bd4:	df 93       	push	r29
     bd6:	1f 92       	push	r1
     bd8:	cd b7       	in	r28, 0x3d	; 61
     bda:	de b7       	in	r29, 0x3e	; 62
     bdc:	89 83       	std	Y+1, r24	; 0x01
	Twim_result = result;
     bde:	89 81       	ldd	r24, Y+1	; 0x01
     be0:	80 93 57 25 	sts	0x2557, r24	; 0x802557 <Twim_result>
	Twim_status = TWIM_STATUS_READY;
     be4:	10 92 56 25 	sts	0x2556, r1	; 0x802556 <Twim_status>
}
     be8:	00 00       	nop
     bea:	0f 90       	pop	r0
     bec:	df 91       	pop	r29
     bee:	cf 91       	pop	r28
     bf0:	08 95       	ret

00000bf2 <__vector_46>:

ISR (TWIM_BUS_vect) {
     bf2:	1f 92       	push	r1
     bf4:	0f 92       	push	r0
     bf6:	00 90 3f 00 	lds	r0, 0x003F	; 0x80003f <__TEXT_REGION_LENGTH__+0x70003f>
     bfa:	0f 92       	push	r0
     bfc:	11 24       	eor	r1, r1
     bfe:	00 90 3b 00 	lds	r0, 0x003B	; 0x80003b <__TEXT_REGION_LENGTH__+0x70003b>
     c02:	0f 92       	push	r0
     c04:	2f 93       	push	r18
     c06:	3f 93       	push	r19
     c08:	4f 93       	push	r20
     c0a:	5f 93       	push	r21
     c0c:	6f 93       	push	r22
     c0e:	7f 93       	push	r23
     c10:	8f 93       	push	r24
     c12:	9f 93       	push	r25
     c14:	af 93       	push	r26
     c16:	bf 93       	push	r27
     c18:	ef 93       	push	r30
     c1a:	ff 93       	push	r31
     c1c:	cf 93       	push	r28
     c1e:	df 93       	push	r29
     c20:	1f 92       	push	r1
     c22:	cd b7       	in	r28, 0x3d	; 61
     c24:	de b7       	in	r29, 0x3e	; 62
	uint8_t currentStatus = TWIM_BUS.MASTER.STATUS;
     c26:	80 ea       	ldi	r24, 0xA0	; 160
     c28:	94 e0       	ldi	r25, 0x04	; 4
     c2a:	fc 01       	movw	r30, r24
     c2c:	84 81       	ldd	r24, Z+4	; 0x04
     c2e:	89 83       	std	Y+1, r24	; 0x01

	if ((currentStatus & TWI_MASTER_ARBLOST_bm) || (currentStatus & TWI_MASTER_BUSERR_bm)) {
     c30:	89 81       	ldd	r24, Y+1	; 0x01
     c32:	88 2f       	mov	r24, r24
     c34:	90 e0       	ldi	r25, 0x00	; 0
     c36:	88 70       	andi	r24, 0x08	; 8
     c38:	99 27       	eor	r25, r25
     c3a:	89 2b       	or	r24, r25
     c3c:	39 f4       	brne	.+14     	; 0xc4c <__vector_46+0x5a>
     c3e:	89 81       	ldd	r24, Y+1	; 0x01
     c40:	88 2f       	mov	r24, r24
     c42:	90 e0       	ldi	r25, 0x00	; 0
     c44:	84 70       	andi	r24, 0x04	; 4
     c46:	99 27       	eor	r25, r25
     c48:	89 2b       	or	r24, r25
     c4a:	19 f0       	breq	.+6      	; 0xc52 <__vector_46+0x60>
		TWIMArbitrationLostBusErrorHandler();
     c4c:	0e 94 22 05 	call	0xa44	; 0xa44 <TWIMArbitrationLostBusErrorHandler>
     c50:	13 c0       	rjmp	.+38     	; 0xc78 <__vector_46+0x86>
	}

	else if (currentStatus & TWI_MASTER_WIF_bm) {
     c52:	89 81       	ldd	r24, Y+1	; 0x01
     c54:	88 2f       	mov	r24, r24
     c56:	90 e0       	ldi	r25, 0x00	; 0
     c58:	80 74       	andi	r24, 0x40	; 64
     c5a:	99 27       	eor	r25, r25
     c5c:	89 2b       	or	r24, r25
     c5e:	19 f0       	breq	.+6      	; 0xc66 <__vector_46+0x74>
		TWIMWriteHandler();
     c60:	0e 94 47 05 	call	0xa8e	; 0xa8e <TWIMWriteHandler>
     c64:	09 c0       	rjmp	.+18     	; 0xc78 <__vector_46+0x86>
	}

	else if (currentStatus & TWI_MASTER_RIF_bm) {
     c66:	89 81       	ldd	r24, Y+1	; 0x01
     c68:	88 23       	and	r24, r24
     c6a:	1c f4       	brge	.+6      	; 0xc72 <__vector_46+0x80>
		TWIMReadHandler();
     c6c:	0e 94 a3 05 	call	0xb46	; 0xb46 <TWIMReadHandler>
     c70:	03 c0       	rjmp	.+6      	; 0xc78 <__vector_46+0x86>
	}

	else {
		TWIMTransactionFinished(TWIM_RESULT_FAIL);
     c72:	86 e0       	ldi	r24, 0x06	; 6
     c74:	0e 94 e9 05 	call	0xbd2	; 0xbd2 <TWIMTransactionFinished>
	}
	
	if (Twim_status == TWIM_STATUS_READY) { //Transaction finished
     c78:	80 91 56 25 	lds	r24, 0x2556	; 0x802556 <Twim_status>
	}
     c7c:	00 00       	nop
     c7e:	0f 90       	pop	r0
     c80:	df 91       	pop	r29
     c82:	cf 91       	pop	r28
     c84:	ff 91       	pop	r31
     c86:	ef 91       	pop	r30
     c88:	bf 91       	pop	r27
     c8a:	af 91       	pop	r26
     c8c:	9f 91       	pop	r25
     c8e:	8f 91       	pop	r24
     c90:	7f 91       	pop	r23
     c92:	6f 91       	pop	r22
     c94:	5f 91       	pop	r21
     c96:	4f 91       	pop	r20
     c98:	3f 91       	pop	r19
     c9a:	2f 91       	pop	r18
     c9c:	0f 90       	pop	r0
     c9e:	00 92 3b 00 	sts	0x003B, r0	; 0x80003b <__TEXT_REGION_LENGTH__+0x70003b>
     ca2:	0f 90       	pop	r0
     ca4:	00 92 3f 00 	sts	0x003F, r0	; 0x80003f <__TEXT_REGION_LENGTH__+0x70003f>
     ca8:	0f 90       	pop	r0
     caa:	1f 90       	pop	r1
     cac:	18 95       	reti

00000cae <DriverUSARTInit>:
	float rel_error;
} baud_result; // Result of baud search: register values + absolute/relative error.

baud_result calculate_baud(uint32_t baud);

void DriverUSARTInit(void) {
     cae:	cf 93       	push	r28
     cb0:	df 93       	push	r29
     cb2:	cd b7       	in	r28, 0x3d	; 61
     cb4:	de b7       	in	r29, 0x3e	; 62
     cb6:	2b 97       	sbiw	r28, 0x0b	; 11
     cb8:	cd bf       	out	0x3d, r28	; 61
     cba:	de bf       	out	0x3e, r29	; 62
    USART_PORT.DIRSET = 0x08; // TX pin as output.
     cbc:	80 e8       	ldi	r24, 0x80	; 128
     cbe:	96 e0       	ldi	r25, 0x06	; 6
     cc0:	28 e0       	ldi	r18, 0x08	; 8
     cc2:	fc 01       	movw	r30, r24
     cc4:	21 83       	std	Z+1, r18	; 0x01
    USART_PORT.DIRCLR = 0x04; // RX pin as input.
     cc6:	80 e8       	ldi	r24, 0x80	; 128
     cc8:	96 e0       	ldi	r25, 0x06	; 6
     cca:	24 e0       	ldi	r18, 0x04	; 4
     ccc:	fc 01       	movw	r30, r24
     cce:	22 83       	std	Z+2, r18	; 0x02

    USART.CTRLA = 0x00; // No USART interrupts.
     cd0:	80 ea       	ldi	r24, 0xA0	; 160
     cd2:	9a e0       	ldi	r25, 0x0A	; 10
     cd4:	fc 01       	movw	r30, r24
     cd6:	13 82       	std	Z+3, r1	; 0x03
    USART.CTRLB = 0x18; // Enable TX and RX.
     cd8:	80 ea       	ldi	r24, 0xA0	; 160
     cda:	9a e0       	ldi	r25, 0x0A	; 10
     cdc:	28 e1       	ldi	r18, 0x18	; 24
     cde:	fc 01       	movw	r30, r24
     ce0:	24 83       	std	Z+4, r18	; 0x04
    USART.CTRLC = 0x03; // Asynchronous mode, 8 data bits, no parity, 1 stop bit.
     ce2:	80 ea       	ldi	r24, 0xA0	; 160
     ce4:	9a e0       	ldi	r25, 0x0A	; 10
     ce6:	23 e0       	ldi	r18, 0x03	; 3
     ce8:	fc 01       	movw	r30, r24
     cea:	25 83       	std	Z+5, r18	; 0x05

    // Compute best BSCALE/BSEL for target baud rate.
	baud_result result = calculate_baud(115200);
     cec:	40 e0       	ldi	r20, 0x00	; 0
     cee:	52 ec       	ldi	r21, 0xC2	; 194
     cf0:	61 e0       	ldi	r22, 0x01	; 1
     cf2:	70 e0       	ldi	r23, 0x00	; 0
     cf4:	ce 01       	movw	r24, r28
     cf6:	01 96       	adiw	r24, 0x01	; 1
     cf8:	0e 94 a5 06 	call	0xd4a	; 0xd4a <calculate_baud>

    // Program BAUD registers from computed values.
    USART.BAUDCTRLA = (uint8_t)(result.bsel & 0xFF); // BSEL low byte [7:0].
     cfc:	80 ea       	ldi	r24, 0xA0	; 160
     cfe:	9a e0       	ldi	r25, 0x0A	; 10
     d00:	2a 81       	ldd	r18, Y+2	; 0x02
     d02:	3b 81       	ldd	r19, Y+3	; 0x03
     d04:	fc 01       	movw	r30, r24
     d06:	26 83       	std	Z+6, r18	; 0x06
    USART.BAUDCTRLB = ((result.bscale << 4) & 0xF0) | ((result.bsel >> 8) & 0x0F); // BSCALE in [7:4], BSEL[11:8] in [3:0].
     d08:	80 ea       	ldi	r24, 0xA0	; 160
     d0a:	9a e0       	ldi	r25, 0x0A	; 10
     d0c:	29 81       	ldd	r18, Y+1	; 0x01
     d0e:	42 2f       	mov	r20, r18
     d10:	42 95       	swap	r20
     d12:	40 7f       	andi	r20, 0xF0	; 240
     d14:	2a 81       	ldd	r18, Y+2	; 0x02
     d16:	3b 81       	ldd	r19, Y+3	; 0x03
     d18:	23 2f       	mov	r18, r19
     d1a:	33 27       	eor	r19, r19
     d1c:	2f 70       	andi	r18, 0x0F	; 15
     d1e:	24 2b       	or	r18, r20
     d20:	fc 01       	movw	r30, r24
     d22:	27 83       	std	Z+7, r18	; 0x07

    stdout = &UsartStdio; // Route printf/puts to USART.
     d24:	86 e0       	ldi	r24, 0x06	; 6
     d26:	90 e2       	ldi	r25, 0x20	; 32
     d28:	80 93 11 26 	sts	0x2611, r24	; 0x802611 <__iob+0x2>
     d2c:	90 93 12 26 	sts	0x2612, r25	; 0x802612 <__iob+0x3>
    stdin = &UsartStdio;   // Route scanf/getchar to USART.
     d30:	86 e0       	ldi	r24, 0x06	; 6
     d32:	90 e2       	ldi	r25, 0x20	; 32
     d34:	80 93 0f 26 	sts	0x260F, r24	; 0x80260f <__iob>
     d38:	90 93 10 26 	sts	0x2610, r25	; 0x802610 <__iob+0x1>
}
     d3c:	00 00       	nop
     d3e:	2b 96       	adiw	r28, 0x0b	; 11
     d40:	cd bf       	out	0x3d, r28	; 61
     d42:	de bf       	out	0x3e, r29	; 62
     d44:	df 91       	pop	r29
     d46:	cf 91       	pop	r28
     d48:	08 95       	ret

00000d4a <calculate_baud>:
// Sweep all BSCALE values (-7..+7) and pick BSEL that minimizes absolute baud error.
// Formulas used:
// - BSCALE >= 0: f_baud = f_cpu / (16 * 2^bscale * (BSEL + 1))
// - BSCALE <  0: f_baud = f_cpu / (16 * (2^bscale * BSEL + 1))
// Input: target baud rate in bits/s.
baud_result calculate_baud(uint32_t baud) {
     d4a:	cf 92       	push	r12
     d4c:	df 92       	push	r13
     d4e:	ef 92       	push	r14
     d50:	ff 92       	push	r15
     d52:	cf 93       	push	r28
     d54:	df 93       	push	r29
     d56:	cd b7       	in	r28, 0x3d	; 61
     d58:	de b7       	in	r29, 0x3e	; 62
     d5a:	e0 97       	sbiw	r28, 0x30	; 48
     d5c:	cd bf       	out	0x3d, r28	; 61
     d5e:	de bf       	out	0x3e, r29	; 62
     d60:	8b a7       	std	Y+43, r24	; 0x2b
     d62:	9c a7       	std	Y+44, r25	; 0x2c
     d64:	4d a7       	std	Y+45, r20	; 0x2d
     d66:	5e a7       	std	Y+46, r21	; 0x2e
     d68:	6f a7       	std	Y+47, r22	; 0x2f
     d6a:	78 ab       	std	Y+48, r23	; 0x30
    baud_result best;
    best.rel_error = 1e9;
     d6c:	88 e2       	ldi	r24, 0x28	; 40
     d6e:	9b e6       	ldi	r25, 0x6B	; 107
     d70:	ae e6       	ldi	r26, 0x6E	; 110
     d72:	be e4       	ldi	r27, 0x4E	; 78
     d74:	8f a3       	std	Y+39, r24	; 0x27
     d76:	98 a7       	std	Y+40, r25	; 0x28
     d78:	a9 a7       	std	Y+41, r26	; 0x29
     d7a:	ba a7       	std	Y+42, r27	; 0x2a
    float best_error = 1e9;
     d7c:	88 e2       	ldi	r24, 0x28	; 40
     d7e:	9b e6       	ldi	r25, 0x6B	; 107
     d80:	ae e6       	ldi	r26, 0x6E	; 110
     d82:	be e4       	ldi	r27, 0x4E	; 78
     d84:	89 83       	std	Y+1, r24	; 0x01
     d86:	9a 83       	std	Y+2, r25	; 0x02
     d88:	ab 83       	std	Y+3, r26	; 0x03
     d8a:	bc 83       	std	Y+4, r27	; 0x04

    for (int8_t bscale = -7; bscale <= 7; bscale++) {
     d8c:	89 ef       	ldi	r24, 0xF9	; 249
     d8e:	8d 83       	std	Y+5, r24	; 0x05
     d90:	a8 c1       	rjmp	.+848    	; 0x10e2 <calculate_baud+0x398>
        float factor = pow(2.0, bscale);
     d92:	8d 81       	ldd	r24, Y+5	; 0x05
     d94:	08 2e       	mov	r0, r24
     d96:	00 0c       	add	r0, r0
     d98:	99 0b       	sbc	r25, r25
     d9a:	aa 0b       	sbc	r26, r26
     d9c:	bb 0b       	sbc	r27, r27
     d9e:	bc 01       	movw	r22, r24
     da0:	cd 01       	movw	r24, r26
     da2:	0e 94 80 22 	call	0x4500	; 0x4500 <__floatsisf>
     da6:	dc 01       	movw	r26, r24
     da8:	cb 01       	movw	r24, r22
     daa:	9c 01       	movw	r18, r24
     dac:	ad 01       	movw	r20, r26
     dae:	60 e0       	ldi	r22, 0x00	; 0
     db0:	70 e0       	ldi	r23, 0x00	; 0
     db2:	80 e0       	ldi	r24, 0x00	; 0
     db4:	90 e4       	ldi	r25, 0x40	; 64
     db6:	0e 94 a2 23 	call	0x4744	; 0x4744 <pow>
     dba:	dc 01       	movw	r26, r24
     dbc:	cb 01       	movw	r24, r22
     dbe:	8c 87       	std	Y+12, r24	; 0x0c
     dc0:	9d 87       	std	Y+13, r25	; 0x0d
     dc2:	ae 87       	std	Y+14, r26	; 0x0e
     dc4:	bf 87       	std	Y+15, r27	; 0x0f
        uint16_t bsel;
        float real_baud;

        if (bscale >= 0) {
     dc6:	8d 81       	ldd	r24, Y+5	; 0x05
     dc8:	88 23       	and	r24, r24
     dca:	0c f4       	brge	.+2      	; 0xdce <calculate_baud+0x84>
     dcc:	94 c0       	rjmp	.+296    	; 0xef6 <calculate_baud+0x1ac>
            float bsel_f = ((float)CPU_SPEED / (16.0 * factor * baud)) - 1.0;
     dce:	20 e0       	ldi	r18, 0x00	; 0
     dd0:	30 e0       	ldi	r19, 0x00	; 0
     dd2:	40 e8       	ldi	r20, 0x80	; 128
     dd4:	51 e4       	ldi	r21, 0x41	; 65
     dd6:	6c 85       	ldd	r22, Y+12	; 0x0c
     dd8:	7d 85       	ldd	r23, Y+13	; 0x0d
     dda:	8e 85       	ldd	r24, Y+14	; 0x0e
     ddc:	9f 85       	ldd	r25, Y+15	; 0x0f
     dde:	0e 94 35 23 	call	0x466a	; 0x466a <__mulsf3>
     de2:	dc 01       	movw	r26, r24
     de4:	cb 01       	movw	r24, r22
     de6:	6c 01       	movw	r12, r24
     de8:	7d 01       	movw	r14, r26
     dea:	6d a5       	ldd	r22, Y+45	; 0x2d
     dec:	7e a5       	ldd	r23, Y+46	; 0x2e
     dee:	8f a5       	ldd	r24, Y+47	; 0x2f
     df0:	98 a9       	ldd	r25, Y+48	; 0x30
     df2:	0e 94 7e 22 	call	0x44fc	; 0x44fc <__floatunsisf>
     df6:	dc 01       	movw	r26, r24
     df8:	cb 01       	movw	r24, r22
     dfa:	9c 01       	movw	r18, r24
     dfc:	ad 01       	movw	r20, r26
     dfe:	c7 01       	movw	r24, r14
     e00:	b6 01       	movw	r22, r12
     e02:	0e 94 35 23 	call	0x466a	; 0x466a <__mulsf3>
     e06:	dc 01       	movw	r26, r24
     e08:	cb 01       	movw	r24, r22
     e0a:	9c 01       	movw	r18, r24
     e0c:	ad 01       	movw	r20, r26
     e0e:	60 e0       	ldi	r22, 0x00	; 0
     e10:	74 e2       	ldi	r23, 0x24	; 36
     e12:	84 ef       	ldi	r24, 0xF4	; 244
     e14:	9b e4       	ldi	r25, 0x4B	; 75
     e16:	0e 94 dd 21 	call	0x43ba	; 0x43ba <__divsf3>
     e1a:	dc 01       	movw	r26, r24
     e1c:	cb 01       	movw	r24, r22
     e1e:	20 e0       	ldi	r18, 0x00	; 0
     e20:	30 e0       	ldi	r19, 0x00	; 0
     e22:	40 e8       	ldi	r20, 0x80	; 128
     e24:	5f e3       	ldi	r21, 0x3F	; 63
     e26:	bc 01       	movw	r22, r24
     e28:	cd 01       	movw	r24, r26
     e2a:	0e 94 6b 21 	call	0x42d6	; 0x42d6 <__subsf3>
     e2e:	dc 01       	movw	r26, r24
     e30:	cb 01       	movw	r24, r22
     e32:	88 8b       	std	Y+16, r24	; 0x10
     e34:	99 8b       	std	Y+17, r25	; 0x11
     e36:	aa 8b       	std	Y+18, r26	; 0x12
     e38:	bb 8b       	std	Y+19, r27	; 0x13
            if (bsel_f < 0 || bsel_f > 4095) continue;
     e3a:	20 e0       	ldi	r18, 0x00	; 0
     e3c:	30 e0       	ldi	r19, 0x00	; 0
     e3e:	a9 01       	movw	r20, r18
     e40:	68 89       	ldd	r22, Y+16	; 0x10
     e42:	79 89       	ldd	r23, Y+17	; 0x11
     e44:	8a 89       	ldd	r24, Y+18	; 0x12
     e46:	9b 89       	ldd	r25, Y+19	; 0x13
     e48:	0e 94 d8 21 	call	0x43b0	; 0x43b0 <__cmpsf2>
     e4c:	88 23       	and	r24, r24
     e4e:	0c f4       	brge	.+2      	; 0xe52 <calculate_baud+0x108>
     e50:	42 c1       	rjmp	.+644    	; 0x10d6 <calculate_baud+0x38c>
     e52:	20 e0       	ldi	r18, 0x00	; 0
     e54:	30 ef       	ldi	r19, 0xF0	; 240
     e56:	4f e7       	ldi	r20, 0x7F	; 127
     e58:	55 e4       	ldi	r21, 0x45	; 69
     e5a:	68 89       	ldd	r22, Y+16	; 0x10
     e5c:	79 89       	ldd	r23, Y+17	; 0x11
     e5e:	8a 89       	ldd	r24, Y+18	; 0x12
     e60:	9b 89       	ldd	r25, Y+19	; 0x13
     e62:	0e 94 30 23 	call	0x4660	; 0x4660 <__gesf2>
     e66:	18 16       	cp	r1, r24
     e68:	0c f4       	brge	.+2      	; 0xe6c <calculate_baud+0x122>
     e6a:	35 c1       	rjmp	.+618    	; 0x10d6 <calculate_baud+0x38c>
            bsel = (uint16_t)(bsel_f + 0.5);
     e6c:	20 e0       	ldi	r18, 0x00	; 0
     e6e:	30 e0       	ldi	r19, 0x00	; 0
     e70:	40 e0       	ldi	r20, 0x00	; 0
     e72:	5f e3       	ldi	r21, 0x3F	; 63
     e74:	68 89       	ldd	r22, Y+16	; 0x10
     e76:	79 89       	ldd	r23, Y+17	; 0x11
     e78:	8a 89       	ldd	r24, Y+18	; 0x12
     e7a:	9b 89       	ldd	r25, Y+19	; 0x13
     e7c:	0e 94 6c 21 	call	0x42d8	; 0x42d8 <__addsf3>
     e80:	dc 01       	movw	r26, r24
     e82:	cb 01       	movw	r24, r22
     e84:	bc 01       	movw	r22, r24
     e86:	cd 01       	movw	r24, r26
     e88:	0e 94 4f 22 	call	0x449e	; 0x449e <__fixunssfsi>
     e8c:	dc 01       	movw	r26, r24
     e8e:	cb 01       	movw	r24, r22
     e90:	8e 83       	std	Y+6, r24	; 0x06
     e92:	9f 83       	std	Y+7, r25	; 0x07
            real_baud = (float)CPU_SPEED / (16.0 * factor * (bsel + 1));
     e94:	20 e0       	ldi	r18, 0x00	; 0
     e96:	30 e0       	ldi	r19, 0x00	; 0
     e98:	40 e8       	ldi	r20, 0x80	; 128
     e9a:	51 e4       	ldi	r21, 0x41	; 65
     e9c:	6c 85       	ldd	r22, Y+12	; 0x0c
     e9e:	7d 85       	ldd	r23, Y+13	; 0x0d
     ea0:	8e 85       	ldd	r24, Y+14	; 0x0e
     ea2:	9f 85       	ldd	r25, Y+15	; 0x0f
     ea4:	0e 94 35 23 	call	0x466a	; 0x466a <__mulsf3>
     ea8:	dc 01       	movw	r26, r24
     eaa:	cb 01       	movw	r24, r22
     eac:	6c 01       	movw	r12, r24
     eae:	7d 01       	movw	r14, r26
     eb0:	8e 81       	ldd	r24, Y+6	; 0x06
     eb2:	9f 81       	ldd	r25, Y+7	; 0x07
     eb4:	01 96       	adiw	r24, 0x01	; 1
     eb6:	cc 01       	movw	r24, r24
     eb8:	a0 e0       	ldi	r26, 0x00	; 0
     eba:	b0 e0       	ldi	r27, 0x00	; 0
     ebc:	bc 01       	movw	r22, r24
     ebe:	cd 01       	movw	r24, r26
     ec0:	0e 94 7e 22 	call	0x44fc	; 0x44fc <__floatunsisf>
     ec4:	dc 01       	movw	r26, r24
     ec6:	cb 01       	movw	r24, r22
     ec8:	9c 01       	movw	r18, r24
     eca:	ad 01       	movw	r20, r26
     ecc:	c7 01       	movw	r24, r14
     ece:	b6 01       	movw	r22, r12
     ed0:	0e 94 35 23 	call	0x466a	; 0x466a <__mulsf3>
     ed4:	dc 01       	movw	r26, r24
     ed6:	cb 01       	movw	r24, r22
     ed8:	9c 01       	movw	r18, r24
     eda:	ad 01       	movw	r20, r26
     edc:	60 e0       	ldi	r22, 0x00	; 0
     ede:	74 e2       	ldi	r23, 0x24	; 36
     ee0:	84 ef       	ldi	r24, 0xF4	; 244
     ee2:	9b e4       	ldi	r25, 0x4B	; 75
     ee4:	0e 94 dd 21 	call	0x43ba	; 0x43ba <__divsf3>
     ee8:	dc 01       	movw	r26, r24
     eea:	cb 01       	movw	r24, r22
     eec:	88 87       	std	Y+8, r24	; 0x08
     eee:	99 87       	std	Y+9, r25	; 0x09
     ef0:	aa 87       	std	Y+10, r26	; 0x0a
     ef2:	bb 87       	std	Y+11, r27	; 0x0b
     ef4:	98 c0       	rjmp	.+304    	; 0x1026 <calculate_baud+0x2dc>
        } else {
            float bsel_f = ((float)CPU_SPEED / (16.0 * baud) - 1.0) / factor;
     ef6:	6d a5       	ldd	r22, Y+45	; 0x2d
     ef8:	7e a5       	ldd	r23, Y+46	; 0x2e
     efa:	8f a5       	ldd	r24, Y+47	; 0x2f
     efc:	98 a9       	ldd	r25, Y+48	; 0x30
     efe:	0e 94 7e 22 	call	0x44fc	; 0x44fc <__floatunsisf>
     f02:	dc 01       	movw	r26, r24
     f04:	cb 01       	movw	r24, r22
     f06:	20 e0       	ldi	r18, 0x00	; 0
     f08:	30 e0       	ldi	r19, 0x00	; 0
     f0a:	40 e8       	ldi	r20, 0x80	; 128
     f0c:	51 e4       	ldi	r21, 0x41	; 65
     f0e:	bc 01       	movw	r22, r24
     f10:	cd 01       	movw	r24, r26
     f12:	0e 94 35 23 	call	0x466a	; 0x466a <__mulsf3>
     f16:	dc 01       	movw	r26, r24
     f18:	cb 01       	movw	r24, r22
     f1a:	9c 01       	movw	r18, r24
     f1c:	ad 01       	movw	r20, r26
     f1e:	60 e0       	ldi	r22, 0x00	; 0
     f20:	74 e2       	ldi	r23, 0x24	; 36
     f22:	84 ef       	ldi	r24, 0xF4	; 244
     f24:	9b e4       	ldi	r25, 0x4B	; 75
     f26:	0e 94 dd 21 	call	0x43ba	; 0x43ba <__divsf3>
     f2a:	dc 01       	movw	r26, r24
     f2c:	cb 01       	movw	r24, r22
     f2e:	20 e0       	ldi	r18, 0x00	; 0
     f30:	30 e0       	ldi	r19, 0x00	; 0
     f32:	40 e8       	ldi	r20, 0x80	; 128
     f34:	5f e3       	ldi	r21, 0x3F	; 63
     f36:	bc 01       	movw	r22, r24
     f38:	cd 01       	movw	r24, r26
     f3a:	0e 94 6b 21 	call	0x42d6	; 0x42d6 <__subsf3>
     f3e:	dc 01       	movw	r26, r24
     f40:	cb 01       	movw	r24, r22
     f42:	2c 85       	ldd	r18, Y+12	; 0x0c
     f44:	3d 85       	ldd	r19, Y+13	; 0x0d
     f46:	4e 85       	ldd	r20, Y+14	; 0x0e
     f48:	5f 85       	ldd	r21, Y+15	; 0x0f
     f4a:	bc 01       	movw	r22, r24
     f4c:	cd 01       	movw	r24, r26
     f4e:	0e 94 dd 21 	call	0x43ba	; 0x43ba <__divsf3>
     f52:	dc 01       	movw	r26, r24
     f54:	cb 01       	movw	r24, r22
     f56:	8c 8b       	std	Y+20, r24	; 0x14
     f58:	9d 8b       	std	Y+21, r25	; 0x15
     f5a:	ae 8b       	std	Y+22, r26	; 0x16
     f5c:	bf 8b       	std	Y+23, r27	; 0x17
            if (bsel_f < 0 || bsel_f > 4095) continue;
     f5e:	20 e0       	ldi	r18, 0x00	; 0
     f60:	30 e0       	ldi	r19, 0x00	; 0
     f62:	a9 01       	movw	r20, r18
     f64:	6c 89       	ldd	r22, Y+20	; 0x14
     f66:	7d 89       	ldd	r23, Y+21	; 0x15
     f68:	8e 89       	ldd	r24, Y+22	; 0x16
     f6a:	9f 89       	ldd	r25, Y+23	; 0x17
     f6c:	0e 94 d8 21 	call	0x43b0	; 0x43b0 <__cmpsf2>
     f70:	88 23       	and	r24, r24
     f72:	0c f4       	brge	.+2      	; 0xf76 <calculate_baud+0x22c>
     f74:	b2 c0       	rjmp	.+356    	; 0x10da <calculate_baud+0x390>
     f76:	20 e0       	ldi	r18, 0x00	; 0
     f78:	30 ef       	ldi	r19, 0xF0	; 240
     f7a:	4f e7       	ldi	r20, 0x7F	; 127
     f7c:	55 e4       	ldi	r21, 0x45	; 69
     f7e:	6c 89       	ldd	r22, Y+20	; 0x14
     f80:	7d 89       	ldd	r23, Y+21	; 0x15
     f82:	8e 89       	ldd	r24, Y+22	; 0x16
     f84:	9f 89       	ldd	r25, Y+23	; 0x17
     f86:	0e 94 30 23 	call	0x4660	; 0x4660 <__gesf2>
     f8a:	18 16       	cp	r1, r24
     f8c:	0c f4       	brge	.+2      	; 0xf90 <calculate_baud+0x246>
     f8e:	a5 c0       	rjmp	.+330    	; 0x10da <calculate_baud+0x390>
            bsel = (uint16_t)(bsel_f + 0.5);
     f90:	20 e0       	ldi	r18, 0x00	; 0
     f92:	30 e0       	ldi	r19, 0x00	; 0
     f94:	40 e0       	ldi	r20, 0x00	; 0
     f96:	5f e3       	ldi	r21, 0x3F	; 63
     f98:	6c 89       	ldd	r22, Y+20	; 0x14
     f9a:	7d 89       	ldd	r23, Y+21	; 0x15
     f9c:	8e 89       	ldd	r24, Y+22	; 0x16
     f9e:	9f 89       	ldd	r25, Y+23	; 0x17
     fa0:	0e 94 6c 21 	call	0x42d8	; 0x42d8 <__addsf3>
     fa4:	dc 01       	movw	r26, r24
     fa6:	cb 01       	movw	r24, r22
     fa8:	bc 01       	movw	r22, r24
     faa:	cd 01       	movw	r24, r26
     fac:	0e 94 4f 22 	call	0x449e	; 0x449e <__fixunssfsi>
     fb0:	dc 01       	movw	r26, r24
     fb2:	cb 01       	movw	r24, r22
     fb4:	8e 83       	std	Y+6, r24	; 0x06
     fb6:	9f 83       	std	Y+7, r25	; 0x07
            real_baud = (float)CPU_SPEED / (16.0 * (factor * bsel + 1.0));
     fb8:	8e 81       	ldd	r24, Y+6	; 0x06
     fba:	9f 81       	ldd	r25, Y+7	; 0x07
     fbc:	cc 01       	movw	r24, r24
     fbe:	a0 e0       	ldi	r26, 0x00	; 0
     fc0:	b0 e0       	ldi	r27, 0x00	; 0
     fc2:	bc 01       	movw	r22, r24
     fc4:	cd 01       	movw	r24, r26
     fc6:	0e 94 7e 22 	call	0x44fc	; 0x44fc <__floatunsisf>
     fca:	dc 01       	movw	r26, r24
     fcc:	cb 01       	movw	r24, r22
     fce:	2c 85       	ldd	r18, Y+12	; 0x0c
     fd0:	3d 85       	ldd	r19, Y+13	; 0x0d
     fd2:	4e 85       	ldd	r20, Y+14	; 0x0e
     fd4:	5f 85       	ldd	r21, Y+15	; 0x0f
     fd6:	bc 01       	movw	r22, r24
     fd8:	cd 01       	movw	r24, r26
     fda:	0e 94 35 23 	call	0x466a	; 0x466a <__mulsf3>
     fde:	dc 01       	movw	r26, r24
     fe0:	cb 01       	movw	r24, r22
     fe2:	20 e0       	ldi	r18, 0x00	; 0
     fe4:	30 e0       	ldi	r19, 0x00	; 0
     fe6:	40 e8       	ldi	r20, 0x80	; 128
     fe8:	5f e3       	ldi	r21, 0x3F	; 63
     fea:	bc 01       	movw	r22, r24
     fec:	cd 01       	movw	r24, r26
     fee:	0e 94 6c 21 	call	0x42d8	; 0x42d8 <__addsf3>
     ff2:	dc 01       	movw	r26, r24
     ff4:	cb 01       	movw	r24, r22
     ff6:	20 e0       	ldi	r18, 0x00	; 0
     ff8:	30 e0       	ldi	r19, 0x00	; 0
     ffa:	40 e8       	ldi	r20, 0x80	; 128
     ffc:	51 e4       	ldi	r21, 0x41	; 65
     ffe:	bc 01       	movw	r22, r24
    1000:	cd 01       	movw	r24, r26
    1002:	0e 94 35 23 	call	0x466a	; 0x466a <__mulsf3>
    1006:	dc 01       	movw	r26, r24
    1008:	cb 01       	movw	r24, r22
    100a:	9c 01       	movw	r18, r24
    100c:	ad 01       	movw	r20, r26
    100e:	60 e0       	ldi	r22, 0x00	; 0
    1010:	74 e2       	ldi	r23, 0x24	; 36
    1012:	84 ef       	ldi	r24, 0xF4	; 244
    1014:	9b e4       	ldi	r25, 0x4B	; 75
    1016:	0e 94 dd 21 	call	0x43ba	; 0x43ba <__divsf3>
    101a:	dc 01       	movw	r26, r24
    101c:	cb 01       	movw	r24, r22
    101e:	88 87       	std	Y+8, r24	; 0x08
    1020:	99 87       	std	Y+9, r25	; 0x09
    1022:	aa 87       	std	Y+10, r26	; 0x0a
    1024:	bb 87       	std	Y+11, r27	; 0x0b
        }

        float abs_error = fabs(real_baud - baud);
    1026:	6d a5       	ldd	r22, Y+45	; 0x2d
    1028:	7e a5       	ldd	r23, Y+46	; 0x2e
    102a:	8f a5       	ldd	r24, Y+47	; 0x2f
    102c:	98 a9       	ldd	r25, Y+48	; 0x30
    102e:	0e 94 7e 22 	call	0x44fc	; 0x44fc <__floatunsisf>
    1032:	dc 01       	movw	r26, r24
    1034:	cb 01       	movw	r24, r22
    1036:	9c 01       	movw	r18, r24
    1038:	ad 01       	movw	r20, r26
    103a:	68 85       	ldd	r22, Y+8	; 0x08
    103c:	79 85       	ldd	r23, Y+9	; 0x09
    103e:	8a 85       	ldd	r24, Y+10	; 0x0a
    1040:	9b 85       	ldd	r25, Y+11	; 0x0b
    1042:	0e 94 6b 21 	call	0x42d6	; 0x42d6 <__subsf3>
    1046:	dc 01       	movw	r26, r24
    1048:	cb 01       	movw	r24, r22
    104a:	bf 77       	andi	r27, 0x7F	; 127
    104c:	88 8f       	std	Y+24, r24	; 0x18
    104e:	99 8f       	std	Y+25, r25	; 0x19
    1050:	aa 8f       	std	Y+26, r26	; 0x1a
    1052:	bb 8f       	std	Y+27, r27	; 0x1b
        float rel_error = abs_error / baud;
    1054:	6d a5       	ldd	r22, Y+45	; 0x2d
    1056:	7e a5       	ldd	r23, Y+46	; 0x2e
    1058:	8f a5       	ldd	r24, Y+47	; 0x2f
    105a:	98 a9       	ldd	r25, Y+48	; 0x30
    105c:	0e 94 7e 22 	call	0x44fc	; 0x44fc <__floatunsisf>
    1060:	dc 01       	movw	r26, r24
    1062:	cb 01       	movw	r24, r22
    1064:	9c 01       	movw	r18, r24
    1066:	ad 01       	movw	r20, r26
    1068:	68 8d       	ldd	r22, Y+24	; 0x18
    106a:	79 8d       	ldd	r23, Y+25	; 0x19
    106c:	8a 8d       	ldd	r24, Y+26	; 0x1a
    106e:	9b 8d       	ldd	r25, Y+27	; 0x1b
    1070:	0e 94 dd 21 	call	0x43ba	; 0x43ba <__divsf3>
    1074:	dc 01       	movw	r26, r24
    1076:	cb 01       	movw	r24, r22
    1078:	8c 8f       	std	Y+28, r24	; 0x1c
    107a:	9d 8f       	std	Y+29, r25	; 0x1d
    107c:	ae 8f       	std	Y+30, r26	; 0x1e
    107e:	bf 8f       	std	Y+31, r27	; 0x1f

        if (abs_error < best_error) {
    1080:	29 81       	ldd	r18, Y+1	; 0x01
    1082:	3a 81       	ldd	r19, Y+2	; 0x02
    1084:	4b 81       	ldd	r20, Y+3	; 0x03
    1086:	5c 81       	ldd	r21, Y+4	; 0x04
    1088:	68 8d       	ldd	r22, Y+24	; 0x18
    108a:	79 8d       	ldd	r23, Y+25	; 0x19
    108c:	8a 8d       	ldd	r24, Y+26	; 0x1a
    108e:	9b 8d       	ldd	r25, Y+27	; 0x1b
    1090:	0e 94 d8 21 	call	0x43b0	; 0x43b0 <__cmpsf2>
    1094:	88 23       	and	r24, r24
    1096:	14 f5       	brge	.+68     	; 0x10dc <calculate_baud+0x392>
            best_error = abs_error;
    1098:	88 8d       	ldd	r24, Y+24	; 0x18
    109a:	99 8d       	ldd	r25, Y+25	; 0x19
    109c:	aa 8d       	ldd	r26, Y+26	; 0x1a
    109e:	bb 8d       	ldd	r27, Y+27	; 0x1b
    10a0:	89 83       	std	Y+1, r24	; 0x01
    10a2:	9a 83       	std	Y+2, r25	; 0x02
    10a4:	ab 83       	std	Y+3, r26	; 0x03
    10a6:	bc 83       	std	Y+4, r27	; 0x04
            best.bscale = bscale;
    10a8:	8d 81       	ldd	r24, Y+5	; 0x05
    10aa:	88 a3       	std	Y+32, r24	; 0x20
            best.bsel = bsel;
    10ac:	8e 81       	ldd	r24, Y+6	; 0x06
    10ae:	9f 81       	ldd	r25, Y+7	; 0x07
    10b0:	89 a3       	std	Y+33, r24	; 0x21
    10b2:	9a a3       	std	Y+34, r25	; 0x22
            best.abs_error = abs_error;
    10b4:	88 8d       	ldd	r24, Y+24	; 0x18
    10b6:	99 8d       	ldd	r25, Y+25	; 0x19
    10b8:	aa 8d       	ldd	r26, Y+26	; 0x1a
    10ba:	bb 8d       	ldd	r27, Y+27	; 0x1b
    10bc:	8b a3       	std	Y+35, r24	; 0x23
    10be:	9c a3       	std	Y+36, r25	; 0x24
    10c0:	ad a3       	std	Y+37, r26	; 0x25
    10c2:	be a3       	std	Y+38, r27	; 0x26
            best.rel_error = rel_error;
    10c4:	8c 8d       	ldd	r24, Y+28	; 0x1c
    10c6:	9d 8d       	ldd	r25, Y+29	; 0x1d
    10c8:	ae 8d       	ldd	r26, Y+30	; 0x1e
    10ca:	bf 8d       	ldd	r27, Y+31	; 0x1f
    10cc:	8f a3       	std	Y+39, r24	; 0x27
    10ce:	98 a7       	std	Y+40, r25	; 0x28
    10d0:	a9 a7       	std	Y+41, r26	; 0x29
    10d2:	ba a7       	std	Y+42, r27	; 0x2a
    10d4:	03 c0       	rjmp	.+6      	; 0x10dc <calculate_baud+0x392>
        uint16_t bsel;
        float real_baud;

        if (bscale >= 0) {
            float bsel_f = ((float)CPU_SPEED / (16.0 * factor * baud)) - 1.0;
            if (bsel_f < 0 || bsel_f > 4095) continue;
    10d6:	00 00       	nop
    10d8:	01 c0       	rjmp	.+2      	; 0x10dc <calculate_baud+0x392>
            bsel = (uint16_t)(bsel_f + 0.5);
            real_baud = (float)CPU_SPEED / (16.0 * factor * (bsel + 1));
        } else {
            float bsel_f = ((float)CPU_SPEED / (16.0 * baud) - 1.0) / factor;
            if (bsel_f < 0 || bsel_f > 4095) continue;
    10da:	00 00       	nop
baud_result calculate_baud(uint32_t baud) {
    baud_result best;
    best.rel_error = 1e9;
    float best_error = 1e9;

    for (int8_t bscale = -7; bscale <= 7; bscale++) {
    10dc:	8d 81       	ldd	r24, Y+5	; 0x05
    10de:	8f 5f       	subi	r24, 0xFF	; 255
    10e0:	8d 83       	std	Y+5, r24	; 0x05
    10e2:	8d 81       	ldd	r24, Y+5	; 0x05
    10e4:	88 30       	cpi	r24, 0x08	; 8
    10e6:	0c f4       	brge	.+2      	; 0x10ea <calculate_baud+0x3a0>
    10e8:	54 ce       	rjmp	.-856    	; 0xd92 <calculate_baud+0x48>
            best.bsel = bsel;
            best.abs_error = abs_error;
            best.rel_error = rel_error;
        }
    }
    return best;
    10ea:	8b a5       	ldd	r24, Y+43	; 0x2b
    10ec:	9c a5       	ldd	r25, Y+44	; 0x2c
    10ee:	2b e0       	ldi	r18, 0x0B	; 11
    10f0:	fe 01       	movw	r30, r28
    10f2:	b0 96       	adiw	r30, 0x20	; 32
    10f4:	dc 01       	movw	r26, r24
    10f6:	01 90       	ld	r0, Z+
    10f8:	0d 92       	st	X+, r0
    10fa:	2a 95       	dec	r18
    10fc:	e1 f7       	brne	.-8      	; 0x10f6 <calculate_baud+0x3ac>
}
    10fe:	8b a5       	ldd	r24, Y+43	; 0x2b
    1100:	9c a5       	ldd	r25, Y+44	; 0x2c
    1102:	e0 96       	adiw	r28, 0x30	; 48
    1104:	cd bf       	out	0x3d, r28	; 61
    1106:	de bf       	out	0x3e, r29	; 62
    1108:	df 91       	pop	r29
    110a:	cf 91       	pop	r28
    110c:	ff 90       	pop	r15
    110e:	ef 90       	pop	r14
    1110:	df 90       	pop	r13
    1112:	cf 90       	pop	r12
    1114:	08 95       	ret

00001116 <stdio_putchar>:

static int stdio_putchar(char c, FILE * stream) {
    1116:	cf 93       	push	r28
    1118:	df 93       	push	r29
    111a:	00 d0       	rcall	.+0      	; 0x111c <stdio_putchar+0x6>
    111c:	cd b7       	in	r28, 0x3d	; 61
    111e:	de b7       	in	r29, 0x3e	; 62
    1120:	89 83       	std	Y+1, r24	; 0x01
    1122:	6a 83       	std	Y+2, r22	; 0x02
    1124:	7b 83       	std	Y+3, r23	; 0x03
    (void)stream;
	USART.DATA = c;
    1126:	80 ea       	ldi	r24, 0xA0	; 160
    1128:	9a e0       	ldi	r25, 0x0A	; 10
    112a:	29 81       	ldd	r18, Y+1	; 0x01
    112c:	fc 01       	movw	r30, r24
    112e:	20 83       	st	Z, r18
    while (!(USART.STATUS & 0x40)); // Wait for TX complete flag.
    1130:	00 00       	nop
    1132:	80 ea       	ldi	r24, 0xA0	; 160
    1134:	9a e0       	ldi	r25, 0x0A	; 10
    1136:	fc 01       	movw	r30, r24
    1138:	81 81       	ldd	r24, Z+1	; 0x01
    113a:	88 2f       	mov	r24, r24
    113c:	90 e0       	ldi	r25, 0x00	; 0
    113e:	80 74       	andi	r24, 0x40	; 64
    1140:	99 27       	eor	r25, r25
    1142:	89 2b       	or	r24, r25
    1144:	b1 f3       	breq	.-20     	; 0x1132 <stdio_putchar+0x1c>
    USART.STATUS = 0x40;            // Clear TX complete flag.
    1146:	80 ea       	ldi	r24, 0xA0	; 160
    1148:	9a e0       	ldi	r25, 0x0A	; 10
    114a:	20 e4       	ldi	r18, 0x40	; 64
    114c:	fc 01       	movw	r30, r24
    114e:	21 83       	std	Z+1, r18	; 0x01
	return 0;
    1150:	80 e0       	ldi	r24, 0x00	; 0
    1152:	90 e0       	ldi	r25, 0x00	; 0
}
    1154:	23 96       	adiw	r28, 0x03	; 3
    1156:	cd bf       	out	0x3d, r28	; 61
    1158:	de bf       	out	0x3e, r29	; 62
    115a:	df 91       	pop	r29
    115c:	cf 91       	pop	r28
    115e:	08 95       	ret

00001160 <stdio_getchar>:
	
static int stdio_getchar(FILE *stream) {
    1160:	cf 93       	push	r28
    1162:	df 93       	push	r29
    1164:	1f 92       	push	r1
    1166:	1f 92       	push	r1
    1168:	cd b7       	in	r28, 0x3d	; 61
    116a:	de b7       	in	r29, 0x3e	; 62
    116c:	89 83       	std	Y+1, r24	; 0x01
    116e:	9a 83       	std	Y+2, r25	; 0x02
    (void)stream;
    while (!(USART.STATUS & 0x80)); // Wait for RX complete flag.
    1170:	00 00       	nop
    1172:	80 ea       	ldi	r24, 0xA0	; 160
    1174:	9a e0       	ldi	r25, 0x0A	; 10
    1176:	fc 01       	movw	r30, r24
    1178:	81 81       	ldd	r24, Z+1	; 0x01
    117a:	88 23       	and	r24, r24
    117c:	d4 f7       	brge	.-12     	; 0x1172 <stdio_getchar+0x12>
	return USART.DATA;
    117e:	80 ea       	ldi	r24, 0xA0	; 160
    1180:	9a e0       	ldi	r25, 0x0A	; 10
    1182:	fc 01       	movw	r30, r24
    1184:	80 81       	ld	r24, Z
    1186:	88 2f       	mov	r24, r24
    1188:	90 e0       	ldi	r25, 0x00	; 0
    118a:	0f 90       	pop	r0
    118c:	0f 90       	pop	r0
    118e:	df 91       	pop	r29
    1190:	cf 91       	pop	r28
    1192:	08 95       	ret

00001194 <pvPortMalloc>:
/*-----------------------------------------------------------*/

void vPortInitialiseBlocks( void )
{
	/* This just exists to keep the linker quiet. */
}
    1194:	cf 93       	push	r28
    1196:	df 93       	push	r29
    1198:	cd b7       	in	r28, 0x3d	; 61
    119a:	de b7       	in	r29, 0x3e	; 62
    119c:	2e 97       	sbiw	r28, 0x0e	; 14
    119e:	cd bf       	out	0x3d, r28	; 61
    11a0:	de bf       	out	0x3e, r29	; 62
    11a2:	8d 87       	std	Y+13, r24	; 0x0d
    11a4:	9e 87       	std	Y+14, r25	; 0x0e
    11a6:	1d 82       	std	Y+5, r1	; 0x05
    11a8:	1e 82       	std	Y+6, r1	; 0x06
    11aa:	0e 94 55 12 	call	0x24aa	; 0x24aa <vTaskSuspendAll>
    11ae:	80 91 60 25 	lds	r24, 0x2560	; 0x802560 <xHeapHasBeenInitialised.4125>
    11b2:	88 23       	and	r24, r24
    11b4:	29 f4       	brne	.+10     	; 0x11c0 <pvPortMalloc+0x2c>
    11b6:	0e 94 30 0a 	call	0x1460	; 0x1460 <prvHeapInit>
    11ba:	81 e0       	ldi	r24, 0x01	; 1
    11bc:	80 93 60 25 	sts	0x2560, r24	; 0x802560 <xHeapHasBeenInitialised.4125>
    11c0:	8d 85       	ldd	r24, Y+13	; 0x0d
    11c2:	9e 85       	ldd	r25, Y+14	; 0x0e
    11c4:	89 2b       	or	r24, r25
    11c6:	41 f0       	breq	.+16     	; 0x11d8 <pvPortMalloc+0x44>
    11c8:	84 e0       	ldi	r24, 0x04	; 4
    11ca:	90 e0       	ldi	r25, 0x00	; 0
    11cc:	2d 85       	ldd	r18, Y+13	; 0x0d
    11ce:	3e 85       	ldd	r19, Y+14	; 0x0e
    11d0:	82 0f       	add	r24, r18
    11d2:	93 1f       	adc	r25, r19
    11d4:	8d 87       	std	Y+13, r24	; 0x0d
    11d6:	9e 87       	std	Y+14, r25	; 0x0e
    11d8:	8d 85       	ldd	r24, Y+13	; 0x0d
    11da:	9e 85       	ldd	r25, Y+14	; 0x0e
    11dc:	89 2b       	or	r24, r25
    11de:	09 f4       	brne	.+2      	; 0x11e2 <pvPortMalloc+0x4e>
    11e0:	b8 c0       	rjmp	.+368    	; 0x1352 <pvPortMalloc+0x1be>
    11e2:	8d 85       	ldd	r24, Y+13	; 0x0d
    11e4:	9e 85       	ldd	r25, Y+14	; 0x0e
    11e6:	8f 3f       	cpi	r24, 0xFF	; 255
    11e8:	9f 43       	sbci	r25, 0x3F	; 63
    11ea:	08 f0       	brcs	.+2      	; 0x11ee <pvPortMalloc+0x5a>
    11ec:	b2 c0       	rjmp	.+356    	; 0x1352 <pvPortMalloc+0x1be>
    11ee:	88 e5       	ldi	r24, 0x58	; 88
    11f0:	95 e2       	ldi	r25, 0x25	; 37
    11f2:	8b 83       	std	Y+3, r24	; 0x03
    11f4:	9c 83       	std	Y+4, r25	; 0x04
    11f6:	80 91 58 25 	lds	r24, 0x2558	; 0x802558 <xStart>
    11fa:	90 91 59 25 	lds	r25, 0x2559	; 0x802559 <xStart+0x1>
    11fe:	89 83       	std	Y+1, r24	; 0x01
    1200:	9a 83       	std	Y+2, r25	; 0x02
    1202:	0b c0       	rjmp	.+22     	; 0x121a <pvPortMalloc+0x86>
    1204:	89 81       	ldd	r24, Y+1	; 0x01
    1206:	9a 81       	ldd	r25, Y+2	; 0x02
    1208:	8b 83       	std	Y+3, r24	; 0x03
    120a:	9c 83       	std	Y+4, r25	; 0x04
    120c:	89 81       	ldd	r24, Y+1	; 0x01
    120e:	9a 81       	ldd	r25, Y+2	; 0x02
    1210:	fc 01       	movw	r30, r24
    1212:	80 81       	ld	r24, Z
    1214:	91 81       	ldd	r25, Z+1	; 0x01
    1216:	89 83       	std	Y+1, r24	; 0x01
    1218:	9a 83       	std	Y+2, r25	; 0x02
    121a:	89 81       	ldd	r24, Y+1	; 0x01
    121c:	9a 81       	ldd	r25, Y+2	; 0x02
    121e:	fc 01       	movw	r30, r24
    1220:	22 81       	ldd	r18, Z+2	; 0x02
    1222:	33 81       	ldd	r19, Z+3	; 0x03
    1224:	8d 85       	ldd	r24, Y+13	; 0x0d
    1226:	9e 85       	ldd	r25, Y+14	; 0x0e
    1228:	28 17       	cp	r18, r24
    122a:	39 07       	cpc	r19, r25
    122c:	38 f4       	brcc	.+14     	; 0x123c <pvPortMalloc+0xa8>
    122e:	89 81       	ldd	r24, Y+1	; 0x01
    1230:	9a 81       	ldd	r25, Y+2	; 0x02
    1232:	fc 01       	movw	r30, r24
    1234:	80 81       	ld	r24, Z
    1236:	91 81       	ldd	r25, Z+1	; 0x01
    1238:	89 2b       	or	r24, r25
    123a:	21 f7       	brne	.-56     	; 0x1204 <pvPortMalloc+0x70>
    123c:	89 81       	ldd	r24, Y+1	; 0x01
    123e:	9a 81       	ldd	r25, Y+2	; 0x02
    1240:	8c 55       	subi	r24, 0x5C	; 92
    1242:	95 42       	sbci	r25, 0x25	; 37
    1244:	09 f4       	brne	.+2      	; 0x1248 <pvPortMalloc+0xb4>
    1246:	85 c0       	rjmp	.+266    	; 0x1352 <pvPortMalloc+0x1be>
    1248:	8b 81       	ldd	r24, Y+3	; 0x03
    124a:	9c 81       	ldd	r25, Y+4	; 0x04
    124c:	fc 01       	movw	r30, r24
    124e:	20 81       	ld	r18, Z
    1250:	31 81       	ldd	r19, Z+1	; 0x01
    1252:	84 e0       	ldi	r24, 0x04	; 4
    1254:	90 e0       	ldi	r25, 0x00	; 0
    1256:	82 0f       	add	r24, r18
    1258:	93 1f       	adc	r25, r19
    125a:	8d 83       	std	Y+5, r24	; 0x05
    125c:	9e 83       	std	Y+6, r25	; 0x06
    125e:	89 81       	ldd	r24, Y+1	; 0x01
    1260:	9a 81       	ldd	r25, Y+2	; 0x02
    1262:	fc 01       	movw	r30, r24
    1264:	20 81       	ld	r18, Z
    1266:	31 81       	ldd	r19, Z+1	; 0x01
    1268:	8b 81       	ldd	r24, Y+3	; 0x03
    126a:	9c 81       	ldd	r25, Y+4	; 0x04
    126c:	fc 01       	movw	r30, r24
    126e:	20 83       	st	Z, r18
    1270:	31 83       	std	Z+1, r19	; 0x01
    1272:	89 81       	ldd	r24, Y+1	; 0x01
    1274:	9a 81       	ldd	r25, Y+2	; 0x02
    1276:	fc 01       	movw	r30, r24
    1278:	22 81       	ldd	r18, Z+2	; 0x02
    127a:	33 81       	ldd	r19, Z+3	; 0x03
    127c:	8d 85       	ldd	r24, Y+13	; 0x0d
    127e:	9e 85       	ldd	r25, Y+14	; 0x0e
    1280:	28 1b       	sub	r18, r24
    1282:	39 0b       	sbc	r19, r25
    1284:	84 e0       	ldi	r24, 0x04	; 4
    1286:	90 e0       	ldi	r25, 0x00	; 0
    1288:	88 0f       	add	r24, r24
    128a:	99 1f       	adc	r25, r25
    128c:	82 17       	cp	r24, r18
    128e:	93 07       	cpc	r25, r19
    1290:	08 f0       	brcs	.+2      	; 0x1294 <pvPortMalloc+0x100>
    1292:	4e c0       	rjmp	.+156    	; 0x1330 <pvPortMalloc+0x19c>
    1294:	29 81       	ldd	r18, Y+1	; 0x01
    1296:	3a 81       	ldd	r19, Y+2	; 0x02
    1298:	8d 85       	ldd	r24, Y+13	; 0x0d
    129a:	9e 85       	ldd	r25, Y+14	; 0x0e
    129c:	82 0f       	add	r24, r18
    129e:	93 1f       	adc	r25, r19
    12a0:	89 87       	std	Y+9, r24	; 0x09
    12a2:	9a 87       	std	Y+10, r25	; 0x0a
    12a4:	89 81       	ldd	r24, Y+1	; 0x01
    12a6:	9a 81       	ldd	r25, Y+2	; 0x02
    12a8:	fc 01       	movw	r30, r24
    12aa:	22 81       	ldd	r18, Z+2	; 0x02
    12ac:	33 81       	ldd	r19, Z+3	; 0x03
    12ae:	8d 85       	ldd	r24, Y+13	; 0x0d
    12b0:	9e 85       	ldd	r25, Y+14	; 0x0e
    12b2:	28 1b       	sub	r18, r24
    12b4:	39 0b       	sbc	r19, r25
    12b6:	89 85       	ldd	r24, Y+9	; 0x09
    12b8:	9a 85       	ldd	r25, Y+10	; 0x0a
    12ba:	fc 01       	movw	r30, r24
    12bc:	22 83       	std	Z+2, r18	; 0x02
    12be:	33 83       	std	Z+3, r19	; 0x03
    12c0:	89 81       	ldd	r24, Y+1	; 0x01
    12c2:	9a 81       	ldd	r25, Y+2	; 0x02
    12c4:	2d 85       	ldd	r18, Y+13	; 0x0d
    12c6:	3e 85       	ldd	r19, Y+14	; 0x0e
    12c8:	fc 01       	movw	r30, r24
    12ca:	22 83       	std	Z+2, r18	; 0x02
    12cc:	33 83       	std	Z+3, r19	; 0x03
    12ce:	89 85       	ldd	r24, Y+9	; 0x09
    12d0:	9a 85       	ldd	r25, Y+10	; 0x0a
    12d2:	fc 01       	movw	r30, r24
    12d4:	82 81       	ldd	r24, Z+2	; 0x02
    12d6:	93 81       	ldd	r25, Z+3	; 0x03
    12d8:	8b 87       	std	Y+11, r24	; 0x0b
    12da:	9c 87       	std	Y+12, r25	; 0x0c
    12dc:	88 e5       	ldi	r24, 0x58	; 88
    12de:	95 e2       	ldi	r25, 0x25	; 37
    12e0:	8f 83       	std	Y+7, r24	; 0x07
    12e2:	98 87       	std	Y+8, r25	; 0x08
    12e4:	07 c0       	rjmp	.+14     	; 0x12f4 <pvPortMalloc+0x160>
    12e6:	8f 81       	ldd	r24, Y+7	; 0x07
    12e8:	98 85       	ldd	r25, Y+8	; 0x08
    12ea:	fc 01       	movw	r30, r24
    12ec:	80 81       	ld	r24, Z
    12ee:	91 81       	ldd	r25, Z+1	; 0x01
    12f0:	8f 83       	std	Y+7, r24	; 0x07
    12f2:	98 87       	std	Y+8, r25	; 0x08
    12f4:	8f 81       	ldd	r24, Y+7	; 0x07
    12f6:	98 85       	ldd	r25, Y+8	; 0x08
    12f8:	fc 01       	movw	r30, r24
    12fa:	80 81       	ld	r24, Z
    12fc:	91 81       	ldd	r25, Z+1	; 0x01
    12fe:	fc 01       	movw	r30, r24
    1300:	22 81       	ldd	r18, Z+2	; 0x02
    1302:	33 81       	ldd	r19, Z+3	; 0x03
    1304:	8b 85       	ldd	r24, Y+11	; 0x0b
    1306:	9c 85       	ldd	r25, Y+12	; 0x0c
    1308:	28 17       	cp	r18, r24
    130a:	39 07       	cpc	r19, r25
    130c:	60 f3       	brcs	.-40     	; 0x12e6 <pvPortMalloc+0x152>
    130e:	8f 81       	ldd	r24, Y+7	; 0x07
    1310:	98 85       	ldd	r25, Y+8	; 0x08
    1312:	fc 01       	movw	r30, r24
    1314:	20 81       	ld	r18, Z
    1316:	31 81       	ldd	r19, Z+1	; 0x01
    1318:	89 85       	ldd	r24, Y+9	; 0x09
    131a:	9a 85       	ldd	r25, Y+10	; 0x0a
    131c:	fc 01       	movw	r30, r24
    131e:	20 83       	st	Z, r18
    1320:	31 83       	std	Z+1, r19	; 0x01
    1322:	8f 81       	ldd	r24, Y+7	; 0x07
    1324:	98 85       	ldd	r25, Y+8	; 0x08
    1326:	29 85       	ldd	r18, Y+9	; 0x09
    1328:	3a 85       	ldd	r19, Y+10	; 0x0a
    132a:	fc 01       	movw	r30, r24
    132c:	20 83       	st	Z, r18
    132e:	31 83       	std	Z+1, r19	; 0x01
    1330:	20 91 14 20 	lds	r18, 0x2014	; 0x802014 <xFreeBytesRemaining>
    1334:	30 91 15 20 	lds	r19, 0x2015	; 0x802015 <xFreeBytesRemaining+0x1>
    1338:	89 81       	ldd	r24, Y+1	; 0x01
    133a:	9a 81       	ldd	r25, Y+2	; 0x02
    133c:	fc 01       	movw	r30, r24
    133e:	82 81       	ldd	r24, Z+2	; 0x02
    1340:	93 81       	ldd	r25, Z+3	; 0x03
    1342:	a9 01       	movw	r20, r18
    1344:	48 1b       	sub	r20, r24
    1346:	59 0b       	sbc	r21, r25
    1348:	ca 01       	movw	r24, r20
    134a:	80 93 14 20 	sts	0x2014, r24	; 0x802014 <xFreeBytesRemaining>
    134e:	90 93 15 20 	sts	0x2015, r25	; 0x802015 <xFreeBytesRemaining+0x1>
    1352:	0e 94 62 12 	call	0x24c4	; 0x24c4 <xTaskResumeAll>
    1356:	8d 81       	ldd	r24, Y+5	; 0x05
    1358:	9e 81       	ldd	r25, Y+6	; 0x06
    135a:	89 2b       	or	r24, r25
    135c:	11 f4       	brne	.+4      	; 0x1362 <pvPortMalloc+0x1ce>
    135e:	0e 94 d7 18 	call	0x31ae	; 0x31ae <vApplicationMallocFailedHook>
    1362:	8d 81       	ldd	r24, Y+5	; 0x05
    1364:	9e 81       	ldd	r25, Y+6	; 0x06
    1366:	2e 96       	adiw	r28, 0x0e	; 14
    1368:	cd bf       	out	0x3d, r28	; 61
    136a:	de bf       	out	0x3e, r29	; 62
    136c:	df 91       	pop	r29
    136e:	cf 91       	pop	r28
    1370:	08 95       	ret

00001372 <vPortFree>:
    1372:	cf 93       	push	r28
    1374:	df 93       	push	r29
    1376:	cd b7       	in	r28, 0x3d	; 61
    1378:	de b7       	in	r29, 0x3e	; 62
    137a:	2a 97       	sbiw	r28, 0x0a	; 10
    137c:	cd bf       	out	0x3d, r28	; 61
    137e:	de bf       	out	0x3e, r29	; 62
    1380:	89 87       	std	Y+9, r24	; 0x09
    1382:	9a 87       	std	Y+10, r25	; 0x0a
    1384:	89 85       	ldd	r24, Y+9	; 0x09
    1386:	9a 85       	ldd	r25, Y+10	; 0x0a
    1388:	8b 83       	std	Y+3, r24	; 0x03
    138a:	9c 83       	std	Y+4, r25	; 0x04
    138c:	89 85       	ldd	r24, Y+9	; 0x09
    138e:	9a 85       	ldd	r25, Y+10	; 0x0a
    1390:	89 2b       	or	r24, r25
    1392:	09 f4       	brne	.+2      	; 0x1396 <vPortFree+0x24>
    1394:	53 c0       	rjmp	.+166    	; 0x143c <vPortFree+0xca>
    1396:	84 e0       	ldi	r24, 0x04	; 4
    1398:	90 e0       	ldi	r25, 0x00	; 0
    139a:	91 95       	neg	r25
    139c:	81 95       	neg	r24
    139e:	91 09       	sbc	r25, r1
    13a0:	2b 81       	ldd	r18, Y+3	; 0x03
    13a2:	3c 81       	ldd	r19, Y+4	; 0x04
    13a4:	82 0f       	add	r24, r18
    13a6:	93 1f       	adc	r25, r19
    13a8:	8b 83       	std	Y+3, r24	; 0x03
    13aa:	9c 83       	std	Y+4, r25	; 0x04
    13ac:	8b 81       	ldd	r24, Y+3	; 0x03
    13ae:	9c 81       	ldd	r25, Y+4	; 0x04
    13b0:	8d 83       	std	Y+5, r24	; 0x05
    13b2:	9e 83       	std	Y+6, r25	; 0x06
    13b4:	0e 94 55 12 	call	0x24aa	; 0x24aa <vTaskSuspendAll>
    13b8:	8d 81       	ldd	r24, Y+5	; 0x05
    13ba:	9e 81       	ldd	r25, Y+6	; 0x06
    13bc:	fc 01       	movw	r30, r24
    13be:	82 81       	ldd	r24, Z+2	; 0x02
    13c0:	93 81       	ldd	r25, Z+3	; 0x03
    13c2:	8f 83       	std	Y+7, r24	; 0x07
    13c4:	98 87       	std	Y+8, r25	; 0x08
    13c6:	88 e5       	ldi	r24, 0x58	; 88
    13c8:	95 e2       	ldi	r25, 0x25	; 37
    13ca:	89 83       	std	Y+1, r24	; 0x01
    13cc:	9a 83       	std	Y+2, r25	; 0x02
    13ce:	07 c0       	rjmp	.+14     	; 0x13de <vPortFree+0x6c>
    13d0:	89 81       	ldd	r24, Y+1	; 0x01
    13d2:	9a 81       	ldd	r25, Y+2	; 0x02
    13d4:	fc 01       	movw	r30, r24
    13d6:	80 81       	ld	r24, Z
    13d8:	91 81       	ldd	r25, Z+1	; 0x01
    13da:	89 83       	std	Y+1, r24	; 0x01
    13dc:	9a 83       	std	Y+2, r25	; 0x02
    13de:	89 81       	ldd	r24, Y+1	; 0x01
    13e0:	9a 81       	ldd	r25, Y+2	; 0x02
    13e2:	fc 01       	movw	r30, r24
    13e4:	80 81       	ld	r24, Z
    13e6:	91 81       	ldd	r25, Z+1	; 0x01
    13e8:	fc 01       	movw	r30, r24
    13ea:	22 81       	ldd	r18, Z+2	; 0x02
    13ec:	33 81       	ldd	r19, Z+3	; 0x03
    13ee:	8f 81       	ldd	r24, Y+7	; 0x07
    13f0:	98 85       	ldd	r25, Y+8	; 0x08
    13f2:	28 17       	cp	r18, r24
    13f4:	39 07       	cpc	r19, r25
    13f6:	60 f3       	brcs	.-40     	; 0x13d0 <vPortFree+0x5e>
    13f8:	89 81       	ldd	r24, Y+1	; 0x01
    13fa:	9a 81       	ldd	r25, Y+2	; 0x02
    13fc:	fc 01       	movw	r30, r24
    13fe:	20 81       	ld	r18, Z
    1400:	31 81       	ldd	r19, Z+1	; 0x01
    1402:	8d 81       	ldd	r24, Y+5	; 0x05
    1404:	9e 81       	ldd	r25, Y+6	; 0x06
    1406:	fc 01       	movw	r30, r24
    1408:	20 83       	st	Z, r18
    140a:	31 83       	std	Z+1, r19	; 0x01
    140c:	89 81       	ldd	r24, Y+1	; 0x01
    140e:	9a 81       	ldd	r25, Y+2	; 0x02
    1410:	2d 81       	ldd	r18, Y+5	; 0x05
    1412:	3e 81       	ldd	r19, Y+6	; 0x06
    1414:	fc 01       	movw	r30, r24
    1416:	20 83       	st	Z, r18
    1418:	31 83       	std	Z+1, r19	; 0x01
    141a:	8d 81       	ldd	r24, Y+5	; 0x05
    141c:	9e 81       	ldd	r25, Y+6	; 0x06
    141e:	fc 01       	movw	r30, r24
    1420:	22 81       	ldd	r18, Z+2	; 0x02
    1422:	33 81       	ldd	r19, Z+3	; 0x03
    1424:	80 91 14 20 	lds	r24, 0x2014	; 0x802014 <xFreeBytesRemaining>
    1428:	90 91 15 20 	lds	r25, 0x2015	; 0x802015 <xFreeBytesRemaining+0x1>
    142c:	82 0f       	add	r24, r18
    142e:	93 1f       	adc	r25, r19
    1430:	80 93 14 20 	sts	0x2014, r24	; 0x802014 <xFreeBytesRemaining>
    1434:	90 93 15 20 	sts	0x2015, r25	; 0x802015 <xFreeBytesRemaining+0x1>
    1438:	0e 94 62 12 	call	0x24c4	; 0x24c4 <xTaskResumeAll>
    143c:	00 00       	nop
    143e:	2a 96       	adiw	r28, 0x0a	; 10
    1440:	cd bf       	out	0x3d, r28	; 61
    1442:	de bf       	out	0x3e, r29	; 62
    1444:	df 91       	pop	r29
    1446:	cf 91       	pop	r28
    1448:	08 95       	ret

0000144a <xPortGetFreeHeapSize>:
    144a:	cf 93       	push	r28
    144c:	df 93       	push	r29
    144e:	cd b7       	in	r28, 0x3d	; 61
    1450:	de b7       	in	r29, 0x3e	; 62
    1452:	80 91 14 20 	lds	r24, 0x2014	; 0x802014 <xFreeBytesRemaining>
    1456:	90 91 15 20 	lds	r25, 0x2015	; 0x802015 <xFreeBytesRemaining+0x1>
    145a:	df 91       	pop	r29
    145c:	cf 91       	pop	r28
    145e:	08 95       	ret

00001460 <prvHeapInit>:
/*-----------------------------------------------------------*/

static void prvHeapInit( void )
{
    1460:	cf 93       	push	r28
    1462:	df 93       	push	r29
    1464:	00 d0       	rcall	.+0      	; 0x1466 <prvHeapInit+0x6>
    1466:	1f 92       	push	r1
    1468:	cd b7       	in	r28, 0x3d	; 61
    146a:	de b7       	in	r29, 0x3e	; 62
BlockLink_t *pxFirstFreeBlock;
uint8_t *pucAlignedHeap;

	/* Ensure the heap starts on a correctly aligned boundary. */
	pucAlignedHeap = ( uint8_t * ) ( ( ( portPOINTER_SIZE_TYPE ) &ucHeap[ portBYTE_ALIGNMENT ] ) & ( ~( ( portPOINTER_SIZE_TYPE ) portBYTE_ALIGNMENT_MASK ) ) );
    146c:	80 91 09 26 	lds	r24, 0x2609	; 0x802609 <ucHeap>
    1470:	90 91 0a 26 	lds	r25, 0x260A	; 0x80260a <ucHeap+0x1>
    1474:	01 96       	adiw	r24, 0x01	; 1
    1476:	89 83       	std	Y+1, r24	; 0x01
    1478:	9a 83       	std	Y+2, r25	; 0x02

	/* xStart is used to hold a pointer to the first item in the list of free
	blocks.  The void cast is used to prevent compiler warnings. */
	xStart.pxNextFreeBlock = ( void * ) pucAlignedHeap;
    147a:	89 81       	ldd	r24, Y+1	; 0x01
    147c:	9a 81       	ldd	r25, Y+2	; 0x02
    147e:	80 93 58 25 	sts	0x2558, r24	; 0x802558 <xStart>
    1482:	90 93 59 25 	sts	0x2559, r25	; 0x802559 <xStart+0x1>
	xStart.xBlockSize = ( size_t ) 0;
    1486:	10 92 5a 25 	sts	0x255A, r1	; 0x80255a <xStart+0x2>
    148a:	10 92 5b 25 	sts	0x255B, r1	; 0x80255b <xStart+0x3>

	/* xEnd is used to mark the end of the list of free blocks. */
	xEnd.xBlockSize = configADJUSTED_HEAP_SIZE;
    148e:	8f ef       	ldi	r24, 0xFF	; 255
    1490:	9f e3       	ldi	r25, 0x3F	; 63
    1492:	80 93 5e 25 	sts	0x255E, r24	; 0x80255e <xEnd+0x2>
    1496:	90 93 5f 25 	sts	0x255F, r25	; 0x80255f <xEnd+0x3>
	xEnd.pxNextFreeBlock = NULL;
    149a:	10 92 5c 25 	sts	0x255C, r1	; 0x80255c <xEnd>
    149e:	10 92 5d 25 	sts	0x255D, r1	; 0x80255d <xEnd+0x1>

	/* To start with there is a single free block that is sized to take up the
	entire heap space. */
	pxFirstFreeBlock = ( void * ) pucAlignedHeap;
    14a2:	89 81       	ldd	r24, Y+1	; 0x01
    14a4:	9a 81       	ldd	r25, Y+2	; 0x02
    14a6:	8b 83       	std	Y+3, r24	; 0x03
    14a8:	9c 83       	std	Y+4, r25	; 0x04
	pxFirstFreeBlock->xBlockSize = configADJUSTED_HEAP_SIZE;
    14aa:	8b 81       	ldd	r24, Y+3	; 0x03
    14ac:	9c 81       	ldd	r25, Y+4	; 0x04
    14ae:	2f ef       	ldi	r18, 0xFF	; 255
    14b0:	3f e3       	ldi	r19, 0x3F	; 63
    14b2:	fc 01       	movw	r30, r24
    14b4:	22 83       	std	Z+2, r18	; 0x02
    14b6:	33 83       	std	Z+3, r19	; 0x03
	pxFirstFreeBlock->pxNextFreeBlock = &xEnd;
    14b8:	8b 81       	ldd	r24, Y+3	; 0x03
    14ba:	9c 81       	ldd	r25, Y+4	; 0x04
    14bc:	2c e5       	ldi	r18, 0x5C	; 92
    14be:	35 e2       	ldi	r19, 0x25	; 37
    14c0:	fc 01       	movw	r30, r24
    14c2:	20 83       	st	Z, r18
    14c4:	31 83       	std	Z+1, r19	; 0x01
}
    14c6:	00 00       	nop
    14c8:	24 96       	adiw	r28, 0x04	; 4
    14ca:	cd bf       	out	0x3d, r28	; 61
    14cc:	de bf       	out	0x3e, r29	; 62
    14ce:	df 91       	pop	r29
    14d0:	cf 91       	pop	r28
    14d2:	08 95       	ret

000014d4 <vListInitialise>:
/*-----------------------------------------------------------
 * PUBLIC LIST API documented in list.h
 *----------------------------------------------------------*/

void vListInitialise( List_t * const pxList )
{
    14d4:	cf 93       	push	r28
    14d6:	df 93       	push	r29
    14d8:	1f 92       	push	r1
    14da:	1f 92       	push	r1
    14dc:	cd b7       	in	r28, 0x3d	; 61
    14de:	de b7       	in	r29, 0x3e	; 62
    14e0:	89 83       	std	Y+1, r24	; 0x01
    14e2:	9a 83       	std	Y+2, r25	; 0x02
	/* The list structure contains a list item which is used to mark the
	end of the list.  To initialise the list the list end is inserted
	as the only list entry. */
	pxList->pxIndex = ( ListItem_t * ) &( pxList->xListEnd );			/*lint !e826 !e740 !e9087 The mini list structure is used as the list end to save RAM.  This is checked and valid. */
    14e4:	89 81       	ldd	r24, Y+1	; 0x01
    14e6:	9a 81       	ldd	r25, Y+2	; 0x02
    14e8:	9c 01       	movw	r18, r24
    14ea:	2d 5f       	subi	r18, 0xFD	; 253
    14ec:	3f 4f       	sbci	r19, 0xFF	; 255
    14ee:	89 81       	ldd	r24, Y+1	; 0x01
    14f0:	9a 81       	ldd	r25, Y+2	; 0x02
    14f2:	fc 01       	movw	r30, r24
    14f4:	21 83       	std	Z+1, r18	; 0x01
    14f6:	32 83       	std	Z+2, r19	; 0x02

	/* The list end value is the highest possible value in the list to
	ensure it remains at the end of the list. */
	pxList->xListEnd.xItemValue = portMAX_DELAY;
    14f8:	89 81       	ldd	r24, Y+1	; 0x01
    14fa:	9a 81       	ldd	r25, Y+2	; 0x02
    14fc:	2f ef       	ldi	r18, 0xFF	; 255
    14fe:	3f ef       	ldi	r19, 0xFF	; 255
    1500:	fc 01       	movw	r30, r24
    1502:	23 83       	std	Z+3, r18	; 0x03
    1504:	34 83       	std	Z+4, r19	; 0x04

	/* The list end next and previous pointers point to itself so we know
	when the list is empty. */
	pxList->xListEnd.pxNext = ( ListItem_t * ) &( pxList->xListEnd );	/*lint !e826 !e740 !e9087 The mini list structure is used as the list end to save RAM.  This is checked and valid. */
    1506:	89 81       	ldd	r24, Y+1	; 0x01
    1508:	9a 81       	ldd	r25, Y+2	; 0x02
    150a:	9c 01       	movw	r18, r24
    150c:	2d 5f       	subi	r18, 0xFD	; 253
    150e:	3f 4f       	sbci	r19, 0xFF	; 255
    1510:	89 81       	ldd	r24, Y+1	; 0x01
    1512:	9a 81       	ldd	r25, Y+2	; 0x02
    1514:	fc 01       	movw	r30, r24
    1516:	25 83       	std	Z+5, r18	; 0x05
    1518:	36 83       	std	Z+6, r19	; 0x06
	pxList->xListEnd.pxPrevious = ( ListItem_t * ) &( pxList->xListEnd );/*lint !e826 !e740 !e9087 The mini list structure is used as the list end to save RAM.  This is checked and valid. */
    151a:	89 81       	ldd	r24, Y+1	; 0x01
    151c:	9a 81       	ldd	r25, Y+2	; 0x02
    151e:	9c 01       	movw	r18, r24
    1520:	2d 5f       	subi	r18, 0xFD	; 253
    1522:	3f 4f       	sbci	r19, 0xFF	; 255
    1524:	89 81       	ldd	r24, Y+1	; 0x01
    1526:	9a 81       	ldd	r25, Y+2	; 0x02
    1528:	fc 01       	movw	r30, r24
    152a:	27 83       	std	Z+7, r18	; 0x07
    152c:	30 87       	std	Z+8, r19	; 0x08

	pxList->uxNumberOfItems = ( UBaseType_t ) 0U;
    152e:	89 81       	ldd	r24, Y+1	; 0x01
    1530:	9a 81       	ldd	r25, Y+2	; 0x02
    1532:	fc 01       	movw	r30, r24
    1534:	10 82       	st	Z, r1

	/* Write known values into the list if
	configUSE_LIST_DATA_INTEGRITY_CHECK_BYTES is set to 1. */
	listSET_LIST_INTEGRITY_CHECK_1_VALUE( pxList );
	listSET_LIST_INTEGRITY_CHECK_2_VALUE( pxList );
}
    1536:	00 00       	nop
    1538:	0f 90       	pop	r0
    153a:	0f 90       	pop	r0
    153c:	df 91       	pop	r29
    153e:	cf 91       	pop	r28
    1540:	08 95       	ret

00001542 <vListInitialiseItem>:
/*-----------------------------------------------------------*/

void vListInitialiseItem( ListItem_t * const pxItem )
{
    1542:	cf 93       	push	r28
    1544:	df 93       	push	r29
    1546:	1f 92       	push	r1
    1548:	1f 92       	push	r1
    154a:	cd b7       	in	r28, 0x3d	; 61
    154c:	de b7       	in	r29, 0x3e	; 62
    154e:	89 83       	std	Y+1, r24	; 0x01
    1550:	9a 83       	std	Y+2, r25	; 0x02
	/* Make sure the list item is not recorded as being on a list. */
	pxItem->pxContainer = NULL;
    1552:	89 81       	ldd	r24, Y+1	; 0x01
    1554:	9a 81       	ldd	r25, Y+2	; 0x02
    1556:	fc 01       	movw	r30, r24
    1558:	10 86       	std	Z+8, r1	; 0x08
    155a:	11 86       	std	Z+9, r1	; 0x09

	/* Write known values into the list item if
	configUSE_LIST_DATA_INTEGRITY_CHECK_BYTES is set to 1. */
	listSET_FIRST_LIST_ITEM_INTEGRITY_CHECK_VALUE( pxItem );
	listSET_SECOND_LIST_ITEM_INTEGRITY_CHECK_VALUE( pxItem );
}
    155c:	00 00       	nop
    155e:	0f 90       	pop	r0
    1560:	0f 90       	pop	r0
    1562:	df 91       	pop	r29
    1564:	cf 91       	pop	r28
    1566:	08 95       	ret

00001568 <vListInsertEnd>:
/*-----------------------------------------------------------*/

void vListInsertEnd( List_t * const pxList, ListItem_t * const pxNewListItem )
{
    1568:	cf 93       	push	r28
    156a:	df 93       	push	r29
    156c:	00 d0       	rcall	.+0      	; 0x156e <vListInsertEnd+0x6>
    156e:	00 d0       	rcall	.+0      	; 0x1570 <vListInsertEnd+0x8>
    1570:	cd b7       	in	r28, 0x3d	; 61
    1572:	de b7       	in	r29, 0x3e	; 62
    1574:	8b 83       	std	Y+3, r24	; 0x03
    1576:	9c 83       	std	Y+4, r25	; 0x04
    1578:	6d 83       	std	Y+5, r22	; 0x05
    157a:	7e 83       	std	Y+6, r23	; 0x06
ListItem_t * const pxIndex = pxList->pxIndex;
    157c:	8b 81       	ldd	r24, Y+3	; 0x03
    157e:	9c 81       	ldd	r25, Y+4	; 0x04
    1580:	fc 01       	movw	r30, r24
    1582:	81 81       	ldd	r24, Z+1	; 0x01
    1584:	92 81       	ldd	r25, Z+2	; 0x02
    1586:	89 83       	std	Y+1, r24	; 0x01
    1588:	9a 83       	std	Y+2, r25	; 0x02
	listTEST_LIST_ITEM_INTEGRITY( pxNewListItem );

	/* Insert a new list item into pxList, but rather than sort the list,
	makes the new list item the last item to be removed by a call to
	listGET_OWNER_OF_NEXT_ENTRY(). */
	pxNewListItem->pxNext = pxIndex;
    158a:	8d 81       	ldd	r24, Y+5	; 0x05
    158c:	9e 81       	ldd	r25, Y+6	; 0x06
    158e:	29 81       	ldd	r18, Y+1	; 0x01
    1590:	3a 81       	ldd	r19, Y+2	; 0x02
    1592:	fc 01       	movw	r30, r24
    1594:	22 83       	std	Z+2, r18	; 0x02
    1596:	33 83       	std	Z+3, r19	; 0x03
	pxNewListItem->pxPrevious = pxIndex->pxPrevious;
    1598:	89 81       	ldd	r24, Y+1	; 0x01
    159a:	9a 81       	ldd	r25, Y+2	; 0x02
    159c:	fc 01       	movw	r30, r24
    159e:	24 81       	ldd	r18, Z+4	; 0x04
    15a0:	35 81       	ldd	r19, Z+5	; 0x05
    15a2:	8d 81       	ldd	r24, Y+5	; 0x05
    15a4:	9e 81       	ldd	r25, Y+6	; 0x06
    15a6:	fc 01       	movw	r30, r24
    15a8:	24 83       	std	Z+4, r18	; 0x04
    15aa:	35 83       	std	Z+5, r19	; 0x05

	/* Only used during decision coverage testing. */
	mtCOVERAGE_TEST_DELAY();

	pxIndex->pxPrevious->pxNext = pxNewListItem;
    15ac:	89 81       	ldd	r24, Y+1	; 0x01
    15ae:	9a 81       	ldd	r25, Y+2	; 0x02
    15b0:	fc 01       	movw	r30, r24
    15b2:	84 81       	ldd	r24, Z+4	; 0x04
    15b4:	95 81       	ldd	r25, Z+5	; 0x05
    15b6:	2d 81       	ldd	r18, Y+5	; 0x05
    15b8:	3e 81       	ldd	r19, Y+6	; 0x06
    15ba:	fc 01       	movw	r30, r24
    15bc:	22 83       	std	Z+2, r18	; 0x02
    15be:	33 83       	std	Z+3, r19	; 0x03
	pxIndex->pxPrevious = pxNewListItem;
    15c0:	89 81       	ldd	r24, Y+1	; 0x01
    15c2:	9a 81       	ldd	r25, Y+2	; 0x02
    15c4:	2d 81       	ldd	r18, Y+5	; 0x05
    15c6:	3e 81       	ldd	r19, Y+6	; 0x06
    15c8:	fc 01       	movw	r30, r24
    15ca:	24 83       	std	Z+4, r18	; 0x04
    15cc:	35 83       	std	Z+5, r19	; 0x05

	/* Remember which list the item is in. */
	pxNewListItem->pxContainer = pxList;
    15ce:	8d 81       	ldd	r24, Y+5	; 0x05
    15d0:	9e 81       	ldd	r25, Y+6	; 0x06
    15d2:	2b 81       	ldd	r18, Y+3	; 0x03
    15d4:	3c 81       	ldd	r19, Y+4	; 0x04
    15d6:	fc 01       	movw	r30, r24
    15d8:	20 87       	std	Z+8, r18	; 0x08
    15da:	31 87       	std	Z+9, r19	; 0x09

	( pxList->uxNumberOfItems )++;
    15dc:	8b 81       	ldd	r24, Y+3	; 0x03
    15de:	9c 81       	ldd	r25, Y+4	; 0x04
    15e0:	fc 01       	movw	r30, r24
    15e2:	80 81       	ld	r24, Z
    15e4:	21 e0       	ldi	r18, 0x01	; 1
    15e6:	28 0f       	add	r18, r24
    15e8:	8b 81       	ldd	r24, Y+3	; 0x03
    15ea:	9c 81       	ldd	r25, Y+4	; 0x04
    15ec:	fc 01       	movw	r30, r24
    15ee:	20 83       	st	Z, r18
}
    15f0:	00 00       	nop
    15f2:	26 96       	adiw	r28, 0x06	; 6
    15f4:	cd bf       	out	0x3d, r28	; 61
    15f6:	de bf       	out	0x3e, r29	; 62
    15f8:	df 91       	pop	r29
    15fa:	cf 91       	pop	r28
    15fc:	08 95       	ret

000015fe <vListInsert>:
/*-----------------------------------------------------------*/

void vListInsert( List_t * const pxList, ListItem_t * const pxNewListItem )
{
    15fe:	cf 93       	push	r28
    1600:	df 93       	push	r29
    1602:	cd b7       	in	r28, 0x3d	; 61
    1604:	de b7       	in	r29, 0x3e	; 62
    1606:	28 97       	sbiw	r28, 0x08	; 8
    1608:	cd bf       	out	0x3d, r28	; 61
    160a:	de bf       	out	0x3e, r29	; 62
    160c:	8d 83       	std	Y+5, r24	; 0x05
    160e:	9e 83       	std	Y+6, r25	; 0x06
    1610:	6f 83       	std	Y+7, r22	; 0x07
    1612:	78 87       	std	Y+8, r23	; 0x08
ListItem_t *pxIterator;
const TickType_t xValueOfInsertion = pxNewListItem->xItemValue;
    1614:	8f 81       	ldd	r24, Y+7	; 0x07
    1616:	98 85       	ldd	r25, Y+8	; 0x08
    1618:	fc 01       	movw	r30, r24
    161a:	80 81       	ld	r24, Z
    161c:	91 81       	ldd	r25, Z+1	; 0x01
    161e:	8b 83       	std	Y+3, r24	; 0x03
    1620:	9c 83       	std	Y+4, r25	; 0x04
	new list item should be placed after it.  This ensures that TCBs which are
	stored in ready lists (all of which have the same xItemValue value) get a
	share of the CPU.  However, if the xItemValue is the same as the back marker
	the iteration loop below will not end.  Therefore the value is checked
	first, and the algorithm slightly modified if necessary. */
	if( xValueOfInsertion == portMAX_DELAY )
    1622:	8b 81       	ldd	r24, Y+3	; 0x03
    1624:	9c 81       	ldd	r25, Y+4	; 0x04
    1626:	01 96       	adiw	r24, 0x01	; 1
    1628:	41 f4       	brne	.+16     	; 0x163a <vListInsert+0x3c>
	{
		pxIterator = pxList->xListEnd.pxPrevious;
    162a:	8d 81       	ldd	r24, Y+5	; 0x05
    162c:	9e 81       	ldd	r25, Y+6	; 0x06
    162e:	fc 01       	movw	r30, r24
    1630:	87 81       	ldd	r24, Z+7	; 0x07
    1632:	90 85       	ldd	r25, Z+8	; 0x08
    1634:	89 83       	std	Y+1, r24	; 0x01
    1636:	9a 83       	std	Y+2, r25	; 0x02
    1638:	1a c0       	rjmp	.+52     	; 0x166e <vListInsert+0x70>
			4) Using a queue or semaphore before it has been initialised or
			   before the scheduler has been started (are interrupts firing
			   before vTaskStartScheduler() has been called?).
		**********************************************************************/

		for( pxIterator = ( ListItem_t * ) &( pxList->xListEnd ); pxIterator->pxNext->xItemValue <= xValueOfInsertion; pxIterator = pxIterator->pxNext ) /*lint !e826 !e740 !e9087 The mini list structure is used as the list end to save RAM.  This is checked and valid. *//*lint !e440 The iterator moves to a different value, not xValueOfInsertion. */
    163a:	8d 81       	ldd	r24, Y+5	; 0x05
    163c:	9e 81       	ldd	r25, Y+6	; 0x06
    163e:	03 96       	adiw	r24, 0x03	; 3
    1640:	89 83       	std	Y+1, r24	; 0x01
    1642:	9a 83       	std	Y+2, r25	; 0x02
    1644:	07 c0       	rjmp	.+14     	; 0x1654 <vListInsert+0x56>
    1646:	89 81       	ldd	r24, Y+1	; 0x01
    1648:	9a 81       	ldd	r25, Y+2	; 0x02
    164a:	fc 01       	movw	r30, r24
    164c:	82 81       	ldd	r24, Z+2	; 0x02
    164e:	93 81       	ldd	r25, Z+3	; 0x03
    1650:	89 83       	std	Y+1, r24	; 0x01
    1652:	9a 83       	std	Y+2, r25	; 0x02
    1654:	89 81       	ldd	r24, Y+1	; 0x01
    1656:	9a 81       	ldd	r25, Y+2	; 0x02
    1658:	fc 01       	movw	r30, r24
    165a:	82 81       	ldd	r24, Z+2	; 0x02
    165c:	93 81       	ldd	r25, Z+3	; 0x03
    165e:	fc 01       	movw	r30, r24
    1660:	20 81       	ld	r18, Z
    1662:	31 81       	ldd	r19, Z+1	; 0x01
    1664:	8b 81       	ldd	r24, Y+3	; 0x03
    1666:	9c 81       	ldd	r25, Y+4	; 0x04
    1668:	82 17       	cp	r24, r18
    166a:	93 07       	cpc	r25, r19
    166c:	60 f7       	brcc	.-40     	; 0x1646 <vListInsert+0x48>
			/* There is nothing to do here, just iterating to the wanted
			insertion position. */
		}
	}

	pxNewListItem->pxNext = pxIterator->pxNext;
    166e:	89 81       	ldd	r24, Y+1	; 0x01
    1670:	9a 81       	ldd	r25, Y+2	; 0x02
    1672:	fc 01       	movw	r30, r24
    1674:	22 81       	ldd	r18, Z+2	; 0x02
    1676:	33 81       	ldd	r19, Z+3	; 0x03
    1678:	8f 81       	ldd	r24, Y+7	; 0x07
    167a:	98 85       	ldd	r25, Y+8	; 0x08
    167c:	fc 01       	movw	r30, r24
    167e:	22 83       	std	Z+2, r18	; 0x02
    1680:	33 83       	std	Z+3, r19	; 0x03
	pxNewListItem->pxNext->pxPrevious = pxNewListItem;
    1682:	8f 81       	ldd	r24, Y+7	; 0x07
    1684:	98 85       	ldd	r25, Y+8	; 0x08
    1686:	fc 01       	movw	r30, r24
    1688:	82 81       	ldd	r24, Z+2	; 0x02
    168a:	93 81       	ldd	r25, Z+3	; 0x03
    168c:	2f 81       	ldd	r18, Y+7	; 0x07
    168e:	38 85       	ldd	r19, Y+8	; 0x08
    1690:	fc 01       	movw	r30, r24
    1692:	24 83       	std	Z+4, r18	; 0x04
    1694:	35 83       	std	Z+5, r19	; 0x05
	pxNewListItem->pxPrevious = pxIterator;
    1696:	8f 81       	ldd	r24, Y+7	; 0x07
    1698:	98 85       	ldd	r25, Y+8	; 0x08
    169a:	29 81       	ldd	r18, Y+1	; 0x01
    169c:	3a 81       	ldd	r19, Y+2	; 0x02
    169e:	fc 01       	movw	r30, r24
    16a0:	24 83       	std	Z+4, r18	; 0x04
    16a2:	35 83       	std	Z+5, r19	; 0x05
	pxIterator->pxNext = pxNewListItem;
    16a4:	89 81       	ldd	r24, Y+1	; 0x01
    16a6:	9a 81       	ldd	r25, Y+2	; 0x02
    16a8:	2f 81       	ldd	r18, Y+7	; 0x07
    16aa:	38 85       	ldd	r19, Y+8	; 0x08
    16ac:	fc 01       	movw	r30, r24
    16ae:	22 83       	std	Z+2, r18	; 0x02
    16b0:	33 83       	std	Z+3, r19	; 0x03

	/* Remember which list the item is in.  This allows fast removal of the
	item later. */
	pxNewListItem->pxContainer = pxList;
    16b2:	8f 81       	ldd	r24, Y+7	; 0x07
    16b4:	98 85       	ldd	r25, Y+8	; 0x08
    16b6:	2d 81       	ldd	r18, Y+5	; 0x05
    16b8:	3e 81       	ldd	r19, Y+6	; 0x06
    16ba:	fc 01       	movw	r30, r24
    16bc:	20 87       	std	Z+8, r18	; 0x08
    16be:	31 87       	std	Z+9, r19	; 0x09

	( pxList->uxNumberOfItems )++;
    16c0:	8d 81       	ldd	r24, Y+5	; 0x05
    16c2:	9e 81       	ldd	r25, Y+6	; 0x06
    16c4:	fc 01       	movw	r30, r24
    16c6:	80 81       	ld	r24, Z
    16c8:	21 e0       	ldi	r18, 0x01	; 1
    16ca:	28 0f       	add	r18, r24
    16cc:	8d 81       	ldd	r24, Y+5	; 0x05
    16ce:	9e 81       	ldd	r25, Y+6	; 0x06
    16d0:	fc 01       	movw	r30, r24
    16d2:	20 83       	st	Z, r18
}
    16d4:	00 00       	nop
    16d6:	28 96       	adiw	r28, 0x08	; 8
    16d8:	cd bf       	out	0x3d, r28	; 61
    16da:	de bf       	out	0x3e, r29	; 62
    16dc:	df 91       	pop	r29
    16de:	cf 91       	pop	r28
    16e0:	08 95       	ret

000016e2 <uxListRemove>:
/*-----------------------------------------------------------*/

UBaseType_t uxListRemove( ListItem_t * const pxItemToRemove )
{
    16e2:	cf 93       	push	r28
    16e4:	df 93       	push	r29
    16e6:	00 d0       	rcall	.+0      	; 0x16e8 <uxListRemove+0x6>
    16e8:	1f 92       	push	r1
    16ea:	cd b7       	in	r28, 0x3d	; 61
    16ec:	de b7       	in	r29, 0x3e	; 62
    16ee:	8b 83       	std	Y+3, r24	; 0x03
    16f0:	9c 83       	std	Y+4, r25	; 0x04
/* The list item knows which list it is in.  Obtain the list from the list
item. */
List_t * const pxList = pxItemToRemove->pxContainer;
    16f2:	8b 81       	ldd	r24, Y+3	; 0x03
    16f4:	9c 81       	ldd	r25, Y+4	; 0x04
    16f6:	fc 01       	movw	r30, r24
    16f8:	80 85       	ldd	r24, Z+8	; 0x08
    16fa:	91 85       	ldd	r25, Z+9	; 0x09
    16fc:	89 83       	std	Y+1, r24	; 0x01
    16fe:	9a 83       	std	Y+2, r25	; 0x02

	pxItemToRemove->pxNext->pxPrevious = pxItemToRemove->pxPrevious;
    1700:	8b 81       	ldd	r24, Y+3	; 0x03
    1702:	9c 81       	ldd	r25, Y+4	; 0x04
    1704:	fc 01       	movw	r30, r24
    1706:	82 81       	ldd	r24, Z+2	; 0x02
    1708:	93 81       	ldd	r25, Z+3	; 0x03
    170a:	2b 81       	ldd	r18, Y+3	; 0x03
    170c:	3c 81       	ldd	r19, Y+4	; 0x04
    170e:	f9 01       	movw	r30, r18
    1710:	24 81       	ldd	r18, Z+4	; 0x04
    1712:	35 81       	ldd	r19, Z+5	; 0x05
    1714:	fc 01       	movw	r30, r24
    1716:	24 83       	std	Z+4, r18	; 0x04
    1718:	35 83       	std	Z+5, r19	; 0x05
	pxItemToRemove->pxPrevious->pxNext = pxItemToRemove->pxNext;
    171a:	8b 81       	ldd	r24, Y+3	; 0x03
    171c:	9c 81       	ldd	r25, Y+4	; 0x04
    171e:	fc 01       	movw	r30, r24
    1720:	84 81       	ldd	r24, Z+4	; 0x04
    1722:	95 81       	ldd	r25, Z+5	; 0x05
    1724:	2b 81       	ldd	r18, Y+3	; 0x03
    1726:	3c 81       	ldd	r19, Y+4	; 0x04
    1728:	f9 01       	movw	r30, r18
    172a:	22 81       	ldd	r18, Z+2	; 0x02
    172c:	33 81       	ldd	r19, Z+3	; 0x03
    172e:	fc 01       	movw	r30, r24
    1730:	22 83       	std	Z+2, r18	; 0x02
    1732:	33 83       	std	Z+3, r19	; 0x03

	/* Only used during decision coverage testing. */
	mtCOVERAGE_TEST_DELAY();

	/* Make sure the index is left pointing to a valid item. */
	if( pxList->pxIndex == pxItemToRemove )
    1734:	89 81       	ldd	r24, Y+1	; 0x01
    1736:	9a 81       	ldd	r25, Y+2	; 0x02
    1738:	fc 01       	movw	r30, r24
    173a:	21 81       	ldd	r18, Z+1	; 0x01
    173c:	32 81       	ldd	r19, Z+2	; 0x02
    173e:	8b 81       	ldd	r24, Y+3	; 0x03
    1740:	9c 81       	ldd	r25, Y+4	; 0x04
    1742:	28 17       	cp	r18, r24
    1744:	39 07       	cpc	r19, r25
    1746:	51 f4       	brne	.+20     	; 0x175c <uxListRemove+0x7a>
	{
		pxList->pxIndex = pxItemToRemove->pxPrevious;
    1748:	8b 81       	ldd	r24, Y+3	; 0x03
    174a:	9c 81       	ldd	r25, Y+4	; 0x04
    174c:	fc 01       	movw	r30, r24
    174e:	24 81       	ldd	r18, Z+4	; 0x04
    1750:	35 81       	ldd	r19, Z+5	; 0x05
    1752:	89 81       	ldd	r24, Y+1	; 0x01
    1754:	9a 81       	ldd	r25, Y+2	; 0x02
    1756:	fc 01       	movw	r30, r24
    1758:	21 83       	std	Z+1, r18	; 0x01
    175a:	32 83       	std	Z+2, r19	; 0x02
	else
	{
		mtCOVERAGE_TEST_MARKER();
	}

	pxItemToRemove->pxContainer = NULL;
    175c:	8b 81       	ldd	r24, Y+3	; 0x03
    175e:	9c 81       	ldd	r25, Y+4	; 0x04
    1760:	fc 01       	movw	r30, r24
    1762:	10 86       	std	Z+8, r1	; 0x08
    1764:	11 86       	std	Z+9, r1	; 0x09
	( pxList->uxNumberOfItems )--;
    1766:	89 81       	ldd	r24, Y+1	; 0x01
    1768:	9a 81       	ldd	r25, Y+2	; 0x02
    176a:	fc 01       	movw	r30, r24
    176c:	80 81       	ld	r24, Z
    176e:	2f ef       	ldi	r18, 0xFF	; 255
    1770:	28 0f       	add	r18, r24
    1772:	89 81       	ldd	r24, Y+1	; 0x01
    1774:	9a 81       	ldd	r25, Y+2	; 0x02
    1776:	fc 01       	movw	r30, r24
    1778:	20 83       	st	Z, r18

	return pxList->uxNumberOfItems;
    177a:	89 81       	ldd	r24, Y+1	; 0x01
    177c:	9a 81       	ldd	r25, Y+2	; 0x02
    177e:	fc 01       	movw	r30, r24
    1780:	80 81       	ld	r24, Z
}
    1782:	24 96       	adiw	r28, 0x04	; 4
    1784:	cd bf       	out	0x3d, r28	; 61
    1786:	de bf       	out	0x3e, r29	; 62
    1788:	df 91       	pop	r29
    178a:	cf 91       	pop	r28
    178c:	08 95       	ret

0000178e <pxPortInitialiseStack>:
void vPortYieldISR( void )
{
	TCC0.CCA=TCC0.CNT+100;
	if (TCC0.CCA>=TCC0.PER) TCC0.CCA-= TCC0.PER;
	asm volatile ( "ret" );
}
    178e:	cf 93       	push	r28
    1790:	df 93       	push	r29
    1792:	cd b7       	in	r28, 0x3d	; 61
    1794:	de b7       	in	r29, 0x3e	; 62
    1796:	28 97       	sbiw	r28, 0x08	; 8
    1798:	cd bf       	out	0x3d, r28	; 61
    179a:	de bf       	out	0x3e, r29	; 62
    179c:	8b 83       	std	Y+3, r24	; 0x03
    179e:	9c 83       	std	Y+4, r25	; 0x04
    17a0:	6d 83       	std	Y+5, r22	; 0x05
    17a2:	7e 83       	std	Y+6, r23	; 0x06
    17a4:	4f 83       	std	Y+7, r20	; 0x07
    17a6:	58 87       	std	Y+8, r21	; 0x08
    17a8:	8b 81       	ldd	r24, Y+3	; 0x03
    17aa:	9c 81       	ldd	r25, Y+4	; 0x04
    17ac:	21 e1       	ldi	r18, 0x11	; 17
    17ae:	fc 01       	movw	r30, r24
    17b0:	20 83       	st	Z, r18
    17b2:	8b 81       	ldd	r24, Y+3	; 0x03
    17b4:	9c 81       	ldd	r25, Y+4	; 0x04
    17b6:	01 97       	sbiw	r24, 0x01	; 1
    17b8:	8b 83       	std	Y+3, r24	; 0x03
    17ba:	9c 83       	std	Y+4, r25	; 0x04
    17bc:	8b 81       	ldd	r24, Y+3	; 0x03
    17be:	9c 81       	ldd	r25, Y+4	; 0x04
    17c0:	22 e2       	ldi	r18, 0x22	; 34
    17c2:	fc 01       	movw	r30, r24
    17c4:	20 83       	st	Z, r18
    17c6:	8b 81       	ldd	r24, Y+3	; 0x03
    17c8:	9c 81       	ldd	r25, Y+4	; 0x04
    17ca:	01 97       	sbiw	r24, 0x01	; 1
    17cc:	8b 83       	std	Y+3, r24	; 0x03
    17ce:	9c 83       	std	Y+4, r25	; 0x04
    17d0:	8b 81       	ldd	r24, Y+3	; 0x03
    17d2:	9c 81       	ldd	r25, Y+4	; 0x04
    17d4:	23 e3       	ldi	r18, 0x33	; 51
    17d6:	fc 01       	movw	r30, r24
    17d8:	20 83       	st	Z, r18
    17da:	8b 81       	ldd	r24, Y+3	; 0x03
    17dc:	9c 81       	ldd	r25, Y+4	; 0x04
    17de:	01 97       	sbiw	r24, 0x01	; 1
    17e0:	8b 83       	std	Y+3, r24	; 0x03
    17e2:	9c 83       	std	Y+4, r25	; 0x04
    17e4:	8d 81       	ldd	r24, Y+5	; 0x05
    17e6:	9e 81       	ldd	r25, Y+6	; 0x06
    17e8:	89 83       	std	Y+1, r24	; 0x01
    17ea:	9a 83       	std	Y+2, r25	; 0x02
    17ec:	29 81       	ldd	r18, Y+1	; 0x01
    17ee:	8b 81       	ldd	r24, Y+3	; 0x03
    17f0:	9c 81       	ldd	r25, Y+4	; 0x04
    17f2:	fc 01       	movw	r30, r24
    17f4:	20 83       	st	Z, r18
    17f6:	8b 81       	ldd	r24, Y+3	; 0x03
    17f8:	9c 81       	ldd	r25, Y+4	; 0x04
    17fa:	01 97       	sbiw	r24, 0x01	; 1
    17fc:	8b 83       	std	Y+3, r24	; 0x03
    17fe:	9c 83       	std	Y+4, r25	; 0x04
    1800:	89 81       	ldd	r24, Y+1	; 0x01
    1802:	9a 81       	ldd	r25, Y+2	; 0x02
    1804:	89 2f       	mov	r24, r25
    1806:	99 27       	eor	r25, r25
    1808:	89 83       	std	Y+1, r24	; 0x01
    180a:	9a 83       	std	Y+2, r25	; 0x02
    180c:	29 81       	ldd	r18, Y+1	; 0x01
    180e:	8b 81       	ldd	r24, Y+3	; 0x03
    1810:	9c 81       	ldd	r25, Y+4	; 0x04
    1812:	fc 01       	movw	r30, r24
    1814:	20 83       	st	Z, r18
    1816:	8b 81       	ldd	r24, Y+3	; 0x03
    1818:	9c 81       	ldd	r25, Y+4	; 0x04
    181a:	01 97       	sbiw	r24, 0x01	; 1
    181c:	8b 83       	std	Y+3, r24	; 0x03
    181e:	9c 83       	std	Y+4, r25	; 0x04
    1820:	89 81       	ldd	r24, Y+1	; 0x01
    1822:	9a 81       	ldd	r25, Y+2	; 0x02
    1824:	89 2f       	mov	r24, r25
    1826:	99 27       	eor	r25, r25
    1828:	89 83       	std	Y+1, r24	; 0x01
    182a:	9a 83       	std	Y+2, r25	; 0x02
    182c:	29 81       	ldd	r18, Y+1	; 0x01
    182e:	8b 81       	ldd	r24, Y+3	; 0x03
    1830:	9c 81       	ldd	r25, Y+4	; 0x04
    1832:	fc 01       	movw	r30, r24
    1834:	20 83       	st	Z, r18
    1836:	8b 81       	ldd	r24, Y+3	; 0x03
    1838:	9c 81       	ldd	r25, Y+4	; 0x04
    183a:	01 97       	sbiw	r24, 0x01	; 1
    183c:	8b 83       	std	Y+3, r24	; 0x03
    183e:	9c 83       	std	Y+4, r25	; 0x04
    1840:	8b 81       	ldd	r24, Y+3	; 0x03
    1842:	9c 81       	ldd	r25, Y+4	; 0x04
    1844:	fc 01       	movw	r30, r24
    1846:	10 82       	st	Z, r1
    1848:	8b 81       	ldd	r24, Y+3	; 0x03
    184a:	9c 81       	ldd	r25, Y+4	; 0x04
    184c:	01 97       	sbiw	r24, 0x01	; 1
    184e:	8b 83       	std	Y+3, r24	; 0x03
    1850:	9c 83       	std	Y+4, r25	; 0x04
    1852:	8b 81       	ldd	r24, Y+3	; 0x03
    1854:	9c 81       	ldd	r25, Y+4	; 0x04
    1856:	20 e8       	ldi	r18, 0x80	; 128
    1858:	fc 01       	movw	r30, r24
    185a:	20 83       	st	Z, r18
    185c:	8b 81       	ldd	r24, Y+3	; 0x03
    185e:	9c 81       	ldd	r25, Y+4	; 0x04
    1860:	01 97       	sbiw	r24, 0x01	; 1
    1862:	8b 83       	std	Y+3, r24	; 0x03
    1864:	9c 83       	std	Y+4, r25	; 0x04
    1866:	8b 81       	ldd	r24, Y+3	; 0x03
    1868:	9c 81       	ldd	r25, Y+4	; 0x04
    186a:	fc 01       	movw	r30, r24
    186c:	10 82       	st	Z, r1
    186e:	8b 81       	ldd	r24, Y+3	; 0x03
    1870:	9c 81       	ldd	r25, Y+4	; 0x04
    1872:	01 97       	sbiw	r24, 0x01	; 1
    1874:	8b 83       	std	Y+3, r24	; 0x03
    1876:	9c 83       	std	Y+4, r25	; 0x04
    1878:	8b 81       	ldd	r24, Y+3	; 0x03
    187a:	9c 81       	ldd	r25, Y+4	; 0x04
    187c:	22 e0       	ldi	r18, 0x02	; 2
    187e:	fc 01       	movw	r30, r24
    1880:	20 83       	st	Z, r18
    1882:	8b 81       	ldd	r24, Y+3	; 0x03
    1884:	9c 81       	ldd	r25, Y+4	; 0x04
    1886:	01 97       	sbiw	r24, 0x01	; 1
    1888:	8b 83       	std	Y+3, r24	; 0x03
    188a:	9c 83       	std	Y+4, r25	; 0x04
    188c:	8b 81       	ldd	r24, Y+3	; 0x03
    188e:	9c 81       	ldd	r25, Y+4	; 0x04
    1890:	23 e0       	ldi	r18, 0x03	; 3
    1892:	fc 01       	movw	r30, r24
    1894:	20 83       	st	Z, r18
    1896:	8b 81       	ldd	r24, Y+3	; 0x03
    1898:	9c 81       	ldd	r25, Y+4	; 0x04
    189a:	01 97       	sbiw	r24, 0x01	; 1
    189c:	8b 83       	std	Y+3, r24	; 0x03
    189e:	9c 83       	std	Y+4, r25	; 0x04
    18a0:	8b 81       	ldd	r24, Y+3	; 0x03
    18a2:	9c 81       	ldd	r25, Y+4	; 0x04
    18a4:	24 e0       	ldi	r18, 0x04	; 4
    18a6:	fc 01       	movw	r30, r24
    18a8:	20 83       	st	Z, r18
    18aa:	8b 81       	ldd	r24, Y+3	; 0x03
    18ac:	9c 81       	ldd	r25, Y+4	; 0x04
    18ae:	01 97       	sbiw	r24, 0x01	; 1
    18b0:	8b 83       	std	Y+3, r24	; 0x03
    18b2:	9c 83       	std	Y+4, r25	; 0x04
    18b4:	8b 81       	ldd	r24, Y+3	; 0x03
    18b6:	9c 81       	ldd	r25, Y+4	; 0x04
    18b8:	25 e0       	ldi	r18, 0x05	; 5
    18ba:	fc 01       	movw	r30, r24
    18bc:	20 83       	st	Z, r18
    18be:	8b 81       	ldd	r24, Y+3	; 0x03
    18c0:	9c 81       	ldd	r25, Y+4	; 0x04
    18c2:	01 97       	sbiw	r24, 0x01	; 1
    18c4:	8b 83       	std	Y+3, r24	; 0x03
    18c6:	9c 83       	std	Y+4, r25	; 0x04
    18c8:	8b 81       	ldd	r24, Y+3	; 0x03
    18ca:	9c 81       	ldd	r25, Y+4	; 0x04
    18cc:	26 e0       	ldi	r18, 0x06	; 6
    18ce:	fc 01       	movw	r30, r24
    18d0:	20 83       	st	Z, r18
    18d2:	8b 81       	ldd	r24, Y+3	; 0x03
    18d4:	9c 81       	ldd	r25, Y+4	; 0x04
    18d6:	01 97       	sbiw	r24, 0x01	; 1
    18d8:	8b 83       	std	Y+3, r24	; 0x03
    18da:	9c 83       	std	Y+4, r25	; 0x04
    18dc:	8b 81       	ldd	r24, Y+3	; 0x03
    18de:	9c 81       	ldd	r25, Y+4	; 0x04
    18e0:	27 e0       	ldi	r18, 0x07	; 7
    18e2:	fc 01       	movw	r30, r24
    18e4:	20 83       	st	Z, r18
    18e6:	8b 81       	ldd	r24, Y+3	; 0x03
    18e8:	9c 81       	ldd	r25, Y+4	; 0x04
    18ea:	01 97       	sbiw	r24, 0x01	; 1
    18ec:	8b 83       	std	Y+3, r24	; 0x03
    18ee:	9c 83       	std	Y+4, r25	; 0x04
    18f0:	8b 81       	ldd	r24, Y+3	; 0x03
    18f2:	9c 81       	ldd	r25, Y+4	; 0x04
    18f4:	28 e0       	ldi	r18, 0x08	; 8
    18f6:	fc 01       	movw	r30, r24
    18f8:	20 83       	st	Z, r18
    18fa:	8b 81       	ldd	r24, Y+3	; 0x03
    18fc:	9c 81       	ldd	r25, Y+4	; 0x04
    18fe:	01 97       	sbiw	r24, 0x01	; 1
    1900:	8b 83       	std	Y+3, r24	; 0x03
    1902:	9c 83       	std	Y+4, r25	; 0x04
    1904:	8b 81       	ldd	r24, Y+3	; 0x03
    1906:	9c 81       	ldd	r25, Y+4	; 0x04
    1908:	29 e0       	ldi	r18, 0x09	; 9
    190a:	fc 01       	movw	r30, r24
    190c:	20 83       	st	Z, r18
    190e:	8b 81       	ldd	r24, Y+3	; 0x03
    1910:	9c 81       	ldd	r25, Y+4	; 0x04
    1912:	01 97       	sbiw	r24, 0x01	; 1
    1914:	8b 83       	std	Y+3, r24	; 0x03
    1916:	9c 83       	std	Y+4, r25	; 0x04
    1918:	8b 81       	ldd	r24, Y+3	; 0x03
    191a:	9c 81       	ldd	r25, Y+4	; 0x04
    191c:	20 e1       	ldi	r18, 0x10	; 16
    191e:	fc 01       	movw	r30, r24
    1920:	20 83       	st	Z, r18
    1922:	8b 81       	ldd	r24, Y+3	; 0x03
    1924:	9c 81       	ldd	r25, Y+4	; 0x04
    1926:	01 97       	sbiw	r24, 0x01	; 1
    1928:	8b 83       	std	Y+3, r24	; 0x03
    192a:	9c 83       	std	Y+4, r25	; 0x04
    192c:	8b 81       	ldd	r24, Y+3	; 0x03
    192e:	9c 81       	ldd	r25, Y+4	; 0x04
    1930:	21 e1       	ldi	r18, 0x11	; 17
    1932:	fc 01       	movw	r30, r24
    1934:	20 83       	st	Z, r18
    1936:	8b 81       	ldd	r24, Y+3	; 0x03
    1938:	9c 81       	ldd	r25, Y+4	; 0x04
    193a:	01 97       	sbiw	r24, 0x01	; 1
    193c:	8b 83       	std	Y+3, r24	; 0x03
    193e:	9c 83       	std	Y+4, r25	; 0x04
    1940:	8b 81       	ldd	r24, Y+3	; 0x03
    1942:	9c 81       	ldd	r25, Y+4	; 0x04
    1944:	22 e1       	ldi	r18, 0x12	; 18
    1946:	fc 01       	movw	r30, r24
    1948:	20 83       	st	Z, r18
    194a:	8b 81       	ldd	r24, Y+3	; 0x03
    194c:	9c 81       	ldd	r25, Y+4	; 0x04
    194e:	01 97       	sbiw	r24, 0x01	; 1
    1950:	8b 83       	std	Y+3, r24	; 0x03
    1952:	9c 83       	std	Y+4, r25	; 0x04
    1954:	8b 81       	ldd	r24, Y+3	; 0x03
    1956:	9c 81       	ldd	r25, Y+4	; 0x04
    1958:	23 e1       	ldi	r18, 0x13	; 19
    195a:	fc 01       	movw	r30, r24
    195c:	20 83       	st	Z, r18
    195e:	8b 81       	ldd	r24, Y+3	; 0x03
    1960:	9c 81       	ldd	r25, Y+4	; 0x04
    1962:	01 97       	sbiw	r24, 0x01	; 1
    1964:	8b 83       	std	Y+3, r24	; 0x03
    1966:	9c 83       	std	Y+4, r25	; 0x04
    1968:	8b 81       	ldd	r24, Y+3	; 0x03
    196a:	9c 81       	ldd	r25, Y+4	; 0x04
    196c:	24 e1       	ldi	r18, 0x14	; 20
    196e:	fc 01       	movw	r30, r24
    1970:	20 83       	st	Z, r18
    1972:	8b 81       	ldd	r24, Y+3	; 0x03
    1974:	9c 81       	ldd	r25, Y+4	; 0x04
    1976:	01 97       	sbiw	r24, 0x01	; 1
    1978:	8b 83       	std	Y+3, r24	; 0x03
    197a:	9c 83       	std	Y+4, r25	; 0x04
    197c:	8b 81       	ldd	r24, Y+3	; 0x03
    197e:	9c 81       	ldd	r25, Y+4	; 0x04
    1980:	25 e1       	ldi	r18, 0x15	; 21
    1982:	fc 01       	movw	r30, r24
    1984:	20 83       	st	Z, r18
    1986:	8b 81       	ldd	r24, Y+3	; 0x03
    1988:	9c 81       	ldd	r25, Y+4	; 0x04
    198a:	01 97       	sbiw	r24, 0x01	; 1
    198c:	8b 83       	std	Y+3, r24	; 0x03
    198e:	9c 83       	std	Y+4, r25	; 0x04
    1990:	8b 81       	ldd	r24, Y+3	; 0x03
    1992:	9c 81       	ldd	r25, Y+4	; 0x04
    1994:	26 e1       	ldi	r18, 0x16	; 22
    1996:	fc 01       	movw	r30, r24
    1998:	20 83       	st	Z, r18
    199a:	8b 81       	ldd	r24, Y+3	; 0x03
    199c:	9c 81       	ldd	r25, Y+4	; 0x04
    199e:	01 97       	sbiw	r24, 0x01	; 1
    19a0:	8b 83       	std	Y+3, r24	; 0x03
    19a2:	9c 83       	std	Y+4, r25	; 0x04
    19a4:	8b 81       	ldd	r24, Y+3	; 0x03
    19a6:	9c 81       	ldd	r25, Y+4	; 0x04
    19a8:	27 e1       	ldi	r18, 0x17	; 23
    19aa:	fc 01       	movw	r30, r24
    19ac:	20 83       	st	Z, r18
    19ae:	8b 81       	ldd	r24, Y+3	; 0x03
    19b0:	9c 81       	ldd	r25, Y+4	; 0x04
    19b2:	01 97       	sbiw	r24, 0x01	; 1
    19b4:	8b 83       	std	Y+3, r24	; 0x03
    19b6:	9c 83       	std	Y+4, r25	; 0x04
    19b8:	8b 81       	ldd	r24, Y+3	; 0x03
    19ba:	9c 81       	ldd	r25, Y+4	; 0x04
    19bc:	28 e1       	ldi	r18, 0x18	; 24
    19be:	fc 01       	movw	r30, r24
    19c0:	20 83       	st	Z, r18
    19c2:	8b 81       	ldd	r24, Y+3	; 0x03
    19c4:	9c 81       	ldd	r25, Y+4	; 0x04
    19c6:	01 97       	sbiw	r24, 0x01	; 1
    19c8:	8b 83       	std	Y+3, r24	; 0x03
    19ca:	9c 83       	std	Y+4, r25	; 0x04
    19cc:	8b 81       	ldd	r24, Y+3	; 0x03
    19ce:	9c 81       	ldd	r25, Y+4	; 0x04
    19d0:	29 e1       	ldi	r18, 0x19	; 25
    19d2:	fc 01       	movw	r30, r24
    19d4:	20 83       	st	Z, r18
    19d6:	8b 81       	ldd	r24, Y+3	; 0x03
    19d8:	9c 81       	ldd	r25, Y+4	; 0x04
    19da:	01 97       	sbiw	r24, 0x01	; 1
    19dc:	8b 83       	std	Y+3, r24	; 0x03
    19de:	9c 83       	std	Y+4, r25	; 0x04
    19e0:	8b 81       	ldd	r24, Y+3	; 0x03
    19e2:	9c 81       	ldd	r25, Y+4	; 0x04
    19e4:	20 e2       	ldi	r18, 0x20	; 32
    19e6:	fc 01       	movw	r30, r24
    19e8:	20 83       	st	Z, r18
    19ea:	8b 81       	ldd	r24, Y+3	; 0x03
    19ec:	9c 81       	ldd	r25, Y+4	; 0x04
    19ee:	01 97       	sbiw	r24, 0x01	; 1
    19f0:	8b 83       	std	Y+3, r24	; 0x03
    19f2:	9c 83       	std	Y+4, r25	; 0x04
    19f4:	8b 81       	ldd	r24, Y+3	; 0x03
    19f6:	9c 81       	ldd	r25, Y+4	; 0x04
    19f8:	21 e2       	ldi	r18, 0x21	; 33
    19fa:	fc 01       	movw	r30, r24
    19fc:	20 83       	st	Z, r18
    19fe:	8b 81       	ldd	r24, Y+3	; 0x03
    1a00:	9c 81       	ldd	r25, Y+4	; 0x04
    1a02:	01 97       	sbiw	r24, 0x01	; 1
    1a04:	8b 83       	std	Y+3, r24	; 0x03
    1a06:	9c 83       	std	Y+4, r25	; 0x04
    1a08:	8b 81       	ldd	r24, Y+3	; 0x03
    1a0a:	9c 81       	ldd	r25, Y+4	; 0x04
    1a0c:	22 e2       	ldi	r18, 0x22	; 34
    1a0e:	fc 01       	movw	r30, r24
    1a10:	20 83       	st	Z, r18
    1a12:	8b 81       	ldd	r24, Y+3	; 0x03
    1a14:	9c 81       	ldd	r25, Y+4	; 0x04
    1a16:	01 97       	sbiw	r24, 0x01	; 1
    1a18:	8b 83       	std	Y+3, r24	; 0x03
    1a1a:	9c 83       	std	Y+4, r25	; 0x04
    1a1c:	8b 81       	ldd	r24, Y+3	; 0x03
    1a1e:	9c 81       	ldd	r25, Y+4	; 0x04
    1a20:	23 e2       	ldi	r18, 0x23	; 35
    1a22:	fc 01       	movw	r30, r24
    1a24:	20 83       	st	Z, r18
    1a26:	8b 81       	ldd	r24, Y+3	; 0x03
    1a28:	9c 81       	ldd	r25, Y+4	; 0x04
    1a2a:	01 97       	sbiw	r24, 0x01	; 1
    1a2c:	8b 83       	std	Y+3, r24	; 0x03
    1a2e:	9c 83       	std	Y+4, r25	; 0x04
    1a30:	8f 81       	ldd	r24, Y+7	; 0x07
    1a32:	98 85       	ldd	r25, Y+8	; 0x08
    1a34:	89 83       	std	Y+1, r24	; 0x01
    1a36:	9a 83       	std	Y+2, r25	; 0x02
    1a38:	29 81       	ldd	r18, Y+1	; 0x01
    1a3a:	8b 81       	ldd	r24, Y+3	; 0x03
    1a3c:	9c 81       	ldd	r25, Y+4	; 0x04
    1a3e:	fc 01       	movw	r30, r24
    1a40:	20 83       	st	Z, r18
    1a42:	8b 81       	ldd	r24, Y+3	; 0x03
    1a44:	9c 81       	ldd	r25, Y+4	; 0x04
    1a46:	01 97       	sbiw	r24, 0x01	; 1
    1a48:	8b 83       	std	Y+3, r24	; 0x03
    1a4a:	9c 83       	std	Y+4, r25	; 0x04
    1a4c:	89 81       	ldd	r24, Y+1	; 0x01
    1a4e:	9a 81       	ldd	r25, Y+2	; 0x02
    1a50:	89 2f       	mov	r24, r25
    1a52:	99 27       	eor	r25, r25
    1a54:	89 83       	std	Y+1, r24	; 0x01
    1a56:	9a 83       	std	Y+2, r25	; 0x02
    1a58:	29 81       	ldd	r18, Y+1	; 0x01
    1a5a:	8b 81       	ldd	r24, Y+3	; 0x03
    1a5c:	9c 81       	ldd	r25, Y+4	; 0x04
    1a5e:	fc 01       	movw	r30, r24
    1a60:	20 83       	st	Z, r18
    1a62:	8b 81       	ldd	r24, Y+3	; 0x03
    1a64:	9c 81       	ldd	r25, Y+4	; 0x04
    1a66:	01 97       	sbiw	r24, 0x01	; 1
    1a68:	8b 83       	std	Y+3, r24	; 0x03
    1a6a:	9c 83       	std	Y+4, r25	; 0x04
    1a6c:	8b 81       	ldd	r24, Y+3	; 0x03
    1a6e:	9c 81       	ldd	r25, Y+4	; 0x04
    1a70:	26 e2       	ldi	r18, 0x26	; 38
    1a72:	fc 01       	movw	r30, r24
    1a74:	20 83       	st	Z, r18
    1a76:	8b 81       	ldd	r24, Y+3	; 0x03
    1a78:	9c 81       	ldd	r25, Y+4	; 0x04
    1a7a:	01 97       	sbiw	r24, 0x01	; 1
    1a7c:	8b 83       	std	Y+3, r24	; 0x03
    1a7e:	9c 83       	std	Y+4, r25	; 0x04
    1a80:	8b 81       	ldd	r24, Y+3	; 0x03
    1a82:	9c 81       	ldd	r25, Y+4	; 0x04
    1a84:	27 e2       	ldi	r18, 0x27	; 39
    1a86:	fc 01       	movw	r30, r24
    1a88:	20 83       	st	Z, r18
    1a8a:	8b 81       	ldd	r24, Y+3	; 0x03
    1a8c:	9c 81       	ldd	r25, Y+4	; 0x04
    1a8e:	01 97       	sbiw	r24, 0x01	; 1
    1a90:	8b 83       	std	Y+3, r24	; 0x03
    1a92:	9c 83       	std	Y+4, r25	; 0x04
    1a94:	8b 81       	ldd	r24, Y+3	; 0x03
    1a96:	9c 81       	ldd	r25, Y+4	; 0x04
    1a98:	28 e2       	ldi	r18, 0x28	; 40
    1a9a:	fc 01       	movw	r30, r24
    1a9c:	20 83       	st	Z, r18
    1a9e:	8b 81       	ldd	r24, Y+3	; 0x03
    1aa0:	9c 81       	ldd	r25, Y+4	; 0x04
    1aa2:	01 97       	sbiw	r24, 0x01	; 1
    1aa4:	8b 83       	std	Y+3, r24	; 0x03
    1aa6:	9c 83       	std	Y+4, r25	; 0x04
    1aa8:	8b 81       	ldd	r24, Y+3	; 0x03
    1aaa:	9c 81       	ldd	r25, Y+4	; 0x04
    1aac:	29 e2       	ldi	r18, 0x29	; 41
    1aae:	fc 01       	movw	r30, r24
    1ab0:	20 83       	st	Z, r18
    1ab2:	8b 81       	ldd	r24, Y+3	; 0x03
    1ab4:	9c 81       	ldd	r25, Y+4	; 0x04
    1ab6:	01 97       	sbiw	r24, 0x01	; 1
    1ab8:	8b 83       	std	Y+3, r24	; 0x03
    1aba:	9c 83       	std	Y+4, r25	; 0x04
    1abc:	8b 81       	ldd	r24, Y+3	; 0x03
    1abe:	9c 81       	ldd	r25, Y+4	; 0x04
    1ac0:	20 e3       	ldi	r18, 0x30	; 48
    1ac2:	fc 01       	movw	r30, r24
    1ac4:	20 83       	st	Z, r18
    1ac6:	8b 81       	ldd	r24, Y+3	; 0x03
    1ac8:	9c 81       	ldd	r25, Y+4	; 0x04
    1aca:	01 97       	sbiw	r24, 0x01	; 1
    1acc:	8b 83       	std	Y+3, r24	; 0x03
    1ace:	9c 83       	std	Y+4, r25	; 0x04
    1ad0:	8b 81       	ldd	r24, Y+3	; 0x03
    1ad2:	9c 81       	ldd	r25, Y+4	; 0x04
    1ad4:	21 e3       	ldi	r18, 0x31	; 49
    1ad6:	fc 01       	movw	r30, r24
    1ad8:	20 83       	st	Z, r18
    1ada:	8b 81       	ldd	r24, Y+3	; 0x03
    1adc:	9c 81       	ldd	r25, Y+4	; 0x04
    1ade:	01 97       	sbiw	r24, 0x01	; 1
    1ae0:	8b 83       	std	Y+3, r24	; 0x03
    1ae2:	9c 83       	std	Y+4, r25	; 0x04
    1ae4:	8b 81       	ldd	r24, Y+3	; 0x03
    1ae6:	9c 81       	ldd	r25, Y+4	; 0x04
    1ae8:	28 96       	adiw	r28, 0x08	; 8
    1aea:	cd bf       	out	0x3d, r28	; 61
    1aec:	de bf       	out	0x3e, r29	; 62
    1aee:	df 91       	pop	r29
    1af0:	cf 91       	pop	r28
    1af2:	08 95       	ret

00001af4 <xPortStartScheduler>:
    1af4:	cf 93       	push	r28
    1af6:	df 93       	push	r29
    1af8:	cd b7       	in	r28, 0x3d	; 61
    1afa:	de b7       	in	r29, 0x3e	; 62
    1afc:	0e 94 09 0e 	call	0x1c12	; 0x1c12 <prvSetupTimerInterrupt>
    1b00:	a0 91 61 25 	lds	r26, 0x2561	; 0x802561 <pxCurrentTCB>
    1b04:	b0 91 62 25 	lds	r27, 0x2562	; 0x802562 <pxCurrentTCB+0x1>
    1b08:	cd 91       	ld	r28, X+
    1b0a:	cd bf       	out	0x3d, r28	; 61
    1b0c:	dd 91       	ld	r29, X+
    1b0e:	de bf       	out	0x3e, r29	; 62
    1b10:	ff 91       	pop	r31
    1b12:	ef 91       	pop	r30
    1b14:	df 91       	pop	r29
    1b16:	cf 91       	pop	r28
    1b18:	bf 91       	pop	r27
    1b1a:	af 91       	pop	r26
    1b1c:	9f 91       	pop	r25
    1b1e:	8f 91       	pop	r24
    1b20:	7f 91       	pop	r23
    1b22:	6f 91       	pop	r22
    1b24:	5f 91       	pop	r21
    1b26:	4f 91       	pop	r20
    1b28:	3f 91       	pop	r19
    1b2a:	2f 91       	pop	r18
    1b2c:	1f 91       	pop	r17
    1b2e:	0f 91       	pop	r16
    1b30:	ff 90       	pop	r15
    1b32:	ef 90       	pop	r14
    1b34:	df 90       	pop	r13
    1b36:	cf 90       	pop	r12
    1b38:	bf 90       	pop	r11
    1b3a:	af 90       	pop	r10
    1b3c:	9f 90       	pop	r9
    1b3e:	8f 90       	pop	r8
    1b40:	7f 90       	pop	r7
    1b42:	6f 90       	pop	r6
    1b44:	5f 90       	pop	r5
    1b46:	4f 90       	pop	r4
    1b48:	3f 90       	pop	r3
    1b4a:	2f 90       	pop	r2
    1b4c:	1f 90       	pop	r1
    1b4e:	0f 90       	pop	r0
    1b50:	0f be       	out	0x3f, r0	; 63
    1b52:	0f 90       	pop	r0
    1b54:	08 95       	ret
    1b56:	81 e0       	ldi	r24, 0x01	; 1
    1b58:	df 91       	pop	r29
    1b5a:	cf 91       	pop	r28
    1b5c:	08 95       	ret

00001b5e <vPortYield>:
    1b5e:	0f 92       	push	r0
    1b60:	0f b6       	in	r0, 0x3f	; 63
    1b62:	f8 94       	cli
    1b64:	0f 92       	push	r0
    1b66:	1f 92       	push	r1
    1b68:	11 24       	eor	r1, r1
    1b6a:	2f 92       	push	r2
    1b6c:	3f 92       	push	r3
    1b6e:	4f 92       	push	r4
    1b70:	5f 92       	push	r5
    1b72:	6f 92       	push	r6
    1b74:	7f 92       	push	r7
    1b76:	8f 92       	push	r8
    1b78:	9f 92       	push	r9
    1b7a:	af 92       	push	r10
    1b7c:	bf 92       	push	r11
    1b7e:	cf 92       	push	r12
    1b80:	df 92       	push	r13
    1b82:	ef 92       	push	r14
    1b84:	ff 92       	push	r15
    1b86:	0f 93       	push	r16
    1b88:	1f 93       	push	r17
    1b8a:	2f 93       	push	r18
    1b8c:	3f 93       	push	r19
    1b8e:	4f 93       	push	r20
    1b90:	5f 93       	push	r21
    1b92:	6f 93       	push	r22
    1b94:	7f 93       	push	r23
    1b96:	8f 93       	push	r24
    1b98:	9f 93       	push	r25
    1b9a:	af 93       	push	r26
    1b9c:	bf 93       	push	r27
    1b9e:	cf 93       	push	r28
    1ba0:	df 93       	push	r29
    1ba2:	ef 93       	push	r30
    1ba4:	ff 93       	push	r31
    1ba6:	a0 91 61 25 	lds	r26, 0x2561	; 0x802561 <pxCurrentTCB>
    1baa:	b0 91 62 25 	lds	r27, 0x2562	; 0x802562 <pxCurrentTCB+0x1>
    1bae:	0d b6       	in	r0, 0x3d	; 61
    1bb0:	0d 92       	st	X+, r0
    1bb2:	0e b6       	in	r0, 0x3e	; 62
    1bb4:	0d 92       	st	X+, r0
    1bb6:	0e 94 bb 14 	call	0x2976	; 0x2976 <vTaskSwitchContext>
    1bba:	a0 91 61 25 	lds	r26, 0x2561	; 0x802561 <pxCurrentTCB>
    1bbe:	b0 91 62 25 	lds	r27, 0x2562	; 0x802562 <pxCurrentTCB+0x1>
    1bc2:	cd 91       	ld	r28, X+
    1bc4:	cd bf       	out	0x3d, r28	; 61
    1bc6:	dd 91       	ld	r29, X+
    1bc8:	de bf       	out	0x3e, r29	; 62
    1bca:	ff 91       	pop	r31
    1bcc:	ef 91       	pop	r30
    1bce:	df 91       	pop	r29
    1bd0:	cf 91       	pop	r28
    1bd2:	bf 91       	pop	r27
    1bd4:	af 91       	pop	r26
    1bd6:	9f 91       	pop	r25
    1bd8:	8f 91       	pop	r24
    1bda:	7f 91       	pop	r23
    1bdc:	6f 91       	pop	r22
    1bde:	5f 91       	pop	r21
    1be0:	4f 91       	pop	r20
    1be2:	3f 91       	pop	r19
    1be4:	2f 91       	pop	r18
    1be6:	1f 91       	pop	r17
    1be8:	0f 91       	pop	r16
    1bea:	ff 90       	pop	r15
    1bec:	ef 90       	pop	r14
    1bee:	df 90       	pop	r13
    1bf0:	cf 90       	pop	r12
    1bf2:	bf 90       	pop	r11
    1bf4:	af 90       	pop	r10
    1bf6:	9f 90       	pop	r9
    1bf8:	8f 90       	pop	r8
    1bfa:	7f 90       	pop	r7
    1bfc:	6f 90       	pop	r6
    1bfe:	5f 90       	pop	r5
    1c00:	4f 90       	pop	r4
    1c02:	3f 90       	pop	r3
    1c04:	2f 90       	pop	r2
    1c06:	1f 90       	pop	r1
    1c08:	0f 90       	pop	r0
    1c0a:	0f be       	out	0x3f, r0	; 63
    1c0c:	0f 90       	pop	r0
    1c0e:	08 95       	ret
	...

00001c12 <prvSetupTimerInterrupt>:
/*
 * Setup timer to generate a tick timer interrupt
 */

static void prvSetupTimerInterrupt( void )
{
    1c12:	cf 93       	push	r28
    1c14:	df 93       	push	r29
    1c16:	cd b7       	in	r28, 0x3d	; 61
    1c18:	de b7       	in	r29, 0x3e	; 62
	//TCC0 is used as tick timer
	TCC0.CCA=65535;
    1c1a:	80 e0       	ldi	r24, 0x00	; 0
    1c1c:	98 e0       	ldi	r25, 0x08	; 8
    1c1e:	2f ef       	ldi	r18, 0xFF	; 255
    1c20:	3f ef       	ldi	r19, 0xFF	; 255
    1c22:	fc 01       	movw	r30, r24
    1c24:	20 a7       	std	Z+40, r18	; 0x28
    1c26:	31 a7       	std	Z+41, r19	; 0x29
	TCC0.CTRLA=0b00000001; //DIV1
    1c28:	80 e0       	ldi	r24, 0x00	; 0
    1c2a:	98 e0       	ldi	r25, 0x08	; 8
    1c2c:	21 e0       	ldi	r18, 0x01	; 1
    1c2e:	fc 01       	movw	r30, r24
    1c30:	20 83       	st	Z, r18
	TCC0.CTRLB=1<<6;
    1c32:	80 e0       	ldi	r24, 0x00	; 0
    1c34:	98 e0       	ldi	r25, 0x08	; 8
    1c36:	20 e4       	ldi	r18, 0x40	; 64
    1c38:	fc 01       	movw	r30, r24
    1c3a:	21 83       	std	Z+1, r18	; 0x01
	TCC0.INTCTRLA=0b00000001; //OVF priority LOW
    1c3c:	80 e0       	ldi	r24, 0x00	; 0
    1c3e:	98 e0       	ldi	r25, 0x08	; 8
    1c40:	21 e0       	ldi	r18, 0x01	; 1
    1c42:	fc 01       	movw	r30, r24
    1c44:	26 83       	std	Z+6, r18	; 0x06
	TCC0.INTCTRLB=0b00000001; //CCA priority LOW
    1c46:	80 e0       	ldi	r24, 0x00	; 0
    1c48:	98 e0       	ldi	r25, 0x08	; 8
    1c4a:	21 e0       	ldi	r18, 0x01	; 1
    1c4c:	fc 01       	movw	r30, r24
    1c4e:	27 83       	std	Z+7, r18	; 0x07
	TCC0.PER=configCPU_CLOCK_HZ / configTICK_RATE_HZ;
    1c50:	80 e0       	ldi	r24, 0x00	; 0
    1c52:	98 e0       	ldi	r25, 0x08	; 8
    1c54:	20 e0       	ldi	r18, 0x00	; 0
    1c56:	3d e7       	ldi	r19, 0x7D	; 125
    1c58:	fc 01       	movw	r30, r24
    1c5a:	26 a3       	std	Z+38, r18	; 0x26
    1c5c:	37 a3       	std	Z+39, r19	; 0x27
	//TCC0.PER=configCPU_CLOCK_HZ / 1000;

}
    1c5e:	00 00       	nop
    1c60:	df 91       	pop	r29
    1c62:	cf 91       	pop	r28
    1c64:	08 95       	ret

00001c66 <__vector_14>:
	 * the context is saved at the start of the ISR.  The tick
	 * count is incremented after the context is saved.
	 */	
	ISR(TCC0_OVF_vect,ISR_NAKED)
	{
		portSAVE_CONTEXT();
    1c66:	0f 92       	push	r0
    1c68:	0f b6       	in	r0, 0x3f	; 63
    1c6a:	f8 94       	cli
    1c6c:	0f 92       	push	r0
    1c6e:	1f 92       	push	r1
    1c70:	11 24       	eor	r1, r1
    1c72:	2f 92       	push	r2
    1c74:	3f 92       	push	r3
    1c76:	4f 92       	push	r4
    1c78:	5f 92       	push	r5
    1c7a:	6f 92       	push	r6
    1c7c:	7f 92       	push	r7
    1c7e:	8f 92       	push	r8
    1c80:	9f 92       	push	r9
    1c82:	af 92       	push	r10
    1c84:	bf 92       	push	r11
    1c86:	cf 92       	push	r12
    1c88:	df 92       	push	r13
    1c8a:	ef 92       	push	r14
    1c8c:	ff 92       	push	r15
    1c8e:	0f 93       	push	r16
    1c90:	1f 93       	push	r17
    1c92:	2f 93       	push	r18
    1c94:	3f 93       	push	r19
    1c96:	4f 93       	push	r20
    1c98:	5f 93       	push	r21
    1c9a:	6f 93       	push	r22
    1c9c:	7f 93       	push	r23
    1c9e:	8f 93       	push	r24
    1ca0:	9f 93       	push	r25
    1ca2:	af 93       	push	r26
    1ca4:	bf 93       	push	r27
    1ca6:	cf 93       	push	r28
    1ca8:	df 93       	push	r29
    1caa:	ef 93       	push	r30
    1cac:	ff 93       	push	r31
    1cae:	a0 91 61 25 	lds	r26, 0x2561	; 0x802561 <pxCurrentTCB>
    1cb2:	b0 91 62 25 	lds	r27, 0x2562	; 0x802562 <pxCurrentTCB+0x1>
    1cb6:	0d b6       	in	r0, 0x3d	; 61
    1cb8:	0d 92       	st	X+, r0
    1cba:	0e b6       	in	r0, 0x3e	; 62
    1cbc:	0d 92       	st	X+, r0
		StatsTimer+=TCC0.PER;
    1cbe:	80 e0       	ldi	r24, 0x00	; 0
    1cc0:	98 e0       	ldi	r25, 0x08	; 8
    1cc2:	fc 01       	movw	r30, r24
    1cc4:	86 a1       	ldd	r24, Z+38	; 0x26
    1cc6:	97 a1       	ldd	r25, Z+39	; 0x27
    1cc8:	9c 01       	movw	r18, r24
    1cca:	40 e0       	ldi	r20, 0x00	; 0
    1ccc:	50 e0       	ldi	r21, 0x00	; 0
    1cce:	80 91 05 26 	lds	r24, 0x2605	; 0x802605 <StatsTimer>
    1cd2:	90 91 06 26 	lds	r25, 0x2606	; 0x802606 <StatsTimer+0x1>
    1cd6:	a0 91 07 26 	lds	r26, 0x2607	; 0x802607 <StatsTimer+0x2>
    1cda:	b0 91 08 26 	lds	r27, 0x2608	; 0x802608 <StatsTimer+0x3>
    1cde:	82 0f       	add	r24, r18
    1ce0:	93 1f       	adc	r25, r19
    1ce2:	a4 1f       	adc	r26, r20
    1ce4:	b5 1f       	adc	r27, r21
    1ce6:	80 93 05 26 	sts	0x2605, r24	; 0x802605 <StatsTimer>
    1cea:	90 93 06 26 	sts	0x2606, r25	; 0x802606 <StatsTimer+0x1>
    1cee:	a0 93 07 26 	sts	0x2607, r26	; 0x802607 <StatsTimer+0x2>
    1cf2:	b0 93 08 26 	sts	0x2608, r27	; 0x802608 <StatsTimer+0x3>
		xTaskIncrementTick();
    1cf6:	0e 94 c6 13 	call	0x278c	; 0x278c <xTaskIncrementTick>
		vTaskSwitchContext();
    1cfa:	0e 94 bb 14 	call	0x2976	; 0x2976 <vTaskSwitchContext>
		portRESTORE_CONTEXT();
    1cfe:	a0 91 61 25 	lds	r26, 0x2561	; 0x802561 <pxCurrentTCB>
    1d02:	b0 91 62 25 	lds	r27, 0x2562	; 0x802562 <pxCurrentTCB+0x1>
    1d06:	cd 91       	ld	r28, X+
    1d08:	cd bf       	out	0x3d, r28	; 61
    1d0a:	dd 91       	ld	r29, X+
    1d0c:	de bf       	out	0x3e, r29	; 62
    1d0e:	ff 91       	pop	r31
    1d10:	ef 91       	pop	r30
    1d12:	df 91       	pop	r29
    1d14:	cf 91       	pop	r28
    1d16:	bf 91       	pop	r27
    1d18:	af 91       	pop	r26
    1d1a:	9f 91       	pop	r25
    1d1c:	8f 91       	pop	r24
    1d1e:	7f 91       	pop	r23
    1d20:	6f 91       	pop	r22
    1d22:	5f 91       	pop	r21
    1d24:	4f 91       	pop	r20
    1d26:	3f 91       	pop	r19
    1d28:	2f 91       	pop	r18
    1d2a:	1f 91       	pop	r17
    1d2c:	0f 91       	pop	r16
    1d2e:	ff 90       	pop	r15
    1d30:	ef 90       	pop	r14
    1d32:	df 90       	pop	r13
    1d34:	cf 90       	pop	r12
    1d36:	bf 90       	pop	r11
    1d38:	af 90       	pop	r10
    1d3a:	9f 90       	pop	r9
    1d3c:	8f 90       	pop	r8
    1d3e:	7f 90       	pop	r7
    1d40:	6f 90       	pop	r6
    1d42:	5f 90       	pop	r5
    1d44:	4f 90       	pop	r4
    1d46:	3f 90       	pop	r3
    1d48:	2f 90       	pop	r2
    1d4a:	1f 90       	pop	r1
    1d4c:	0f 90       	pop	r0
    1d4e:	0f be       	out	0x3f, r0	; 63
    1d50:	0f 90       	pop	r0

		asm volatile ( "reti" );
    1d52:	18 95       	reti
	...

00001d56 <vConfigureTimerForRunTimeStats>:
 */

volatile uint32_t StatsTimer;

void vConfigureTimerForRunTimeStats(void)
{
    1d56:	cf 93       	push	r28
    1d58:	df 93       	push	r29
    1d5a:	cd b7       	in	r28, 0x3d	; 61
    1d5c:	de b7       	in	r29, 0x3e	; 62
	//TCC1 is used as stats timer
	//TCC1.CTRLA=0b0111; //DIV1024	
	//TCC1.INTCTRLA=0b00000001; //OVF priority LOW
}
    1d5e:	00 00       	nop
    1d60:	df 91       	pop	r29
    1d62:	cf 91       	pop	r28
    1d64:	08 95       	ret

00001d66 <__vector_16>:

ISR(TCC0_CCA_vect,ISR_NAKED)
	{
	portSAVE_CONTEXT();
    1d66:	0f 92       	push	r0
    1d68:	0f b6       	in	r0, 0x3f	; 63
    1d6a:	f8 94       	cli
    1d6c:	0f 92       	push	r0
    1d6e:	1f 92       	push	r1
    1d70:	11 24       	eor	r1, r1
    1d72:	2f 92       	push	r2
    1d74:	3f 92       	push	r3
    1d76:	4f 92       	push	r4
    1d78:	5f 92       	push	r5
    1d7a:	6f 92       	push	r6
    1d7c:	7f 92       	push	r7
    1d7e:	8f 92       	push	r8
    1d80:	9f 92       	push	r9
    1d82:	af 92       	push	r10
    1d84:	bf 92       	push	r11
    1d86:	cf 92       	push	r12
    1d88:	df 92       	push	r13
    1d8a:	ef 92       	push	r14
    1d8c:	ff 92       	push	r15
    1d8e:	0f 93       	push	r16
    1d90:	1f 93       	push	r17
    1d92:	2f 93       	push	r18
    1d94:	3f 93       	push	r19
    1d96:	4f 93       	push	r20
    1d98:	5f 93       	push	r21
    1d9a:	6f 93       	push	r22
    1d9c:	7f 93       	push	r23
    1d9e:	8f 93       	push	r24
    1da0:	9f 93       	push	r25
    1da2:	af 93       	push	r26
    1da4:	bf 93       	push	r27
    1da6:	cf 93       	push	r28
    1da8:	df 93       	push	r29
    1daa:	ef 93       	push	r30
    1dac:	ff 93       	push	r31
    1dae:	a0 91 61 25 	lds	r26, 0x2561	; 0x802561 <pxCurrentTCB>
    1db2:	b0 91 62 25 	lds	r27, 0x2562	; 0x802562 <pxCurrentTCB+0x1>
    1db6:	0d b6       	in	r0, 0x3d	; 61
    1db8:	0d 92       	st	X+, r0
    1dba:	0e b6       	in	r0, 0x3e	; 62
    1dbc:	0d 92       	st	X+, r0
	TCC0.CCA=65535;
    1dbe:	80 e0       	ldi	r24, 0x00	; 0
    1dc0:	98 e0       	ldi	r25, 0x08	; 8
    1dc2:	2f ef       	ldi	r18, 0xFF	; 255
    1dc4:	3f ef       	ldi	r19, 0xFF	; 255
    1dc6:	fc 01       	movw	r30, r24
    1dc8:	20 a7       	std	Z+40, r18	; 0x28
    1dca:	31 a7       	std	Z+41, r19	; 0x29
	vTaskSwitchContext();
    1dcc:	0e 94 bb 14 	call	0x2976	; 0x2976 <vTaskSwitchContext>
	portRESTORE_CONTEXT();
    1dd0:	a0 91 61 25 	lds	r26, 0x2561	; 0x802561 <pxCurrentTCB>
    1dd4:	b0 91 62 25 	lds	r27, 0x2562	; 0x802562 <pxCurrentTCB+0x1>
    1dd8:	cd 91       	ld	r28, X+
    1dda:	cd bf       	out	0x3d, r28	; 61
    1ddc:	dd 91       	ld	r29, X+
    1dde:	de bf       	out	0x3e, r29	; 62
    1de0:	ff 91       	pop	r31
    1de2:	ef 91       	pop	r30
    1de4:	df 91       	pop	r29
    1de6:	cf 91       	pop	r28
    1de8:	bf 91       	pop	r27
    1dea:	af 91       	pop	r26
    1dec:	9f 91       	pop	r25
    1dee:	8f 91       	pop	r24
    1df0:	7f 91       	pop	r23
    1df2:	6f 91       	pop	r22
    1df4:	5f 91       	pop	r21
    1df6:	4f 91       	pop	r20
    1df8:	3f 91       	pop	r19
    1dfa:	2f 91       	pop	r18
    1dfc:	1f 91       	pop	r17
    1dfe:	0f 91       	pop	r16
    1e00:	ff 90       	pop	r15
    1e02:	ef 90       	pop	r14
    1e04:	df 90       	pop	r13
    1e06:	cf 90       	pop	r12
    1e08:	bf 90       	pop	r11
    1e0a:	af 90       	pop	r10
    1e0c:	9f 90       	pop	r9
    1e0e:	8f 90       	pop	r8
    1e10:	7f 90       	pop	r7
    1e12:	6f 90       	pop	r6
    1e14:	5f 90       	pop	r5
    1e16:	4f 90       	pop	r4
    1e18:	3f 90       	pop	r3
    1e1a:	2f 90       	pop	r2
    1e1c:	1f 90       	pop	r1
    1e1e:	0f 90       	pop	r0
    1e20:	0f be       	out	0x3f, r0	; 63
    1e22:	0f 90       	pop	r0
	asm volatile ( "reti" );
    1e24:	18 95       	reti
	...

00001e28 <xTaskCreate>:
			}
		}
		taskEXIT_CRITICAL();

		return xReturn;
	}
    1e28:	8f 92       	push	r8
    1e2a:	9f 92       	push	r9
    1e2c:	af 92       	push	r10
    1e2e:	bf 92       	push	r11
    1e30:	cf 92       	push	r12
    1e32:	df 92       	push	r13
    1e34:	ef 92       	push	r14
    1e36:	ff 92       	push	r15
    1e38:	0f 93       	push	r16
    1e3a:	1f 93       	push	r17
    1e3c:	cf 93       	push	r28
    1e3e:	df 93       	push	r29
    1e40:	cd b7       	in	r28, 0x3d	; 61
    1e42:	de b7       	in	r29, 0x3e	; 62
    1e44:	60 97       	sbiw	r28, 0x10	; 16
    1e46:	cd bf       	out	0x3d, r28	; 61
    1e48:	de bf       	out	0x3e, r29	; 62
    1e4a:	8e 83       	std	Y+6, r24	; 0x06
    1e4c:	9f 83       	std	Y+7, r25	; 0x07
    1e4e:	68 87       	std	Y+8, r22	; 0x08
    1e50:	79 87       	std	Y+9, r23	; 0x09
    1e52:	4a 87       	std	Y+10, r20	; 0x0a
    1e54:	5b 87       	std	Y+11, r21	; 0x0b
    1e56:	2c 87       	std	Y+12, r18	; 0x0c
    1e58:	3d 87       	std	Y+13, r19	; 0x0d
    1e5a:	0e 87       	std	Y+14, r16	; 0x0e
    1e5c:	ef 86       	std	Y+15, r14	; 0x0f
    1e5e:	f8 8a       	std	Y+16, r15	; 0x10
    1e60:	8a 85       	ldd	r24, Y+10	; 0x0a
    1e62:	9b 85       	ldd	r25, Y+11	; 0x0b
    1e64:	0e 94 ca 08 	call	0x1194	; 0x1194 <pvPortMalloc>
    1e68:	8c 83       	std	Y+4, r24	; 0x04
    1e6a:	9d 83       	std	Y+5, r25	; 0x05
    1e6c:	8c 81       	ldd	r24, Y+4	; 0x04
    1e6e:	9d 81       	ldd	r25, Y+5	; 0x05
    1e70:	89 2b       	or	r24, r25
    1e72:	b9 f0       	breq	.+46     	; 0x1ea2 <xTaskCreate+0x7a>
    1e74:	80 e3       	ldi	r24, 0x30	; 48
    1e76:	90 e0       	ldi	r25, 0x00	; 0
    1e78:	0e 94 ca 08 	call	0x1194	; 0x1194 <pvPortMalloc>
    1e7c:	89 83       	std	Y+1, r24	; 0x01
    1e7e:	9a 83       	std	Y+2, r25	; 0x02
    1e80:	89 81       	ldd	r24, Y+1	; 0x01
    1e82:	9a 81       	ldd	r25, Y+2	; 0x02
    1e84:	89 2b       	or	r24, r25
    1e86:	41 f0       	breq	.+16     	; 0x1e98 <xTaskCreate+0x70>
    1e88:	89 81       	ldd	r24, Y+1	; 0x01
    1e8a:	9a 81       	ldd	r25, Y+2	; 0x02
    1e8c:	2c 81       	ldd	r18, Y+4	; 0x04
    1e8e:	3d 81       	ldd	r19, Y+5	; 0x05
    1e90:	fc 01       	movw	r30, r24
    1e92:	27 8b       	std	Z+23, r18	; 0x17
    1e94:	30 8f       	std	Z+24, r19	; 0x18
    1e96:	07 c0       	rjmp	.+14     	; 0x1ea6 <xTaskCreate+0x7e>
    1e98:	8c 81       	ldd	r24, Y+4	; 0x04
    1e9a:	9d 81       	ldd	r25, Y+5	; 0x05
    1e9c:	0e 94 b9 09 	call	0x1372	; 0x1372 <vPortFree>
    1ea0:	02 c0       	rjmp	.+4      	; 0x1ea6 <xTaskCreate+0x7e>
    1ea2:	19 82       	std	Y+1, r1	; 0x01
    1ea4:	1a 82       	std	Y+2, r1	; 0x02
    1ea6:	89 81       	ldd	r24, Y+1	; 0x01
    1ea8:	9a 81       	ldd	r25, Y+2	; 0x02
    1eaa:	89 2b       	or	r24, r25
    1eac:	09 f1       	breq	.+66     	; 0x1ef0 <xTaskCreate+0xc8>
    1eae:	8a 85       	ldd	r24, Y+10	; 0x0a
    1eb0:	9b 85       	ldd	r25, Y+11	; 0x0b
    1eb2:	cc 01       	movw	r24, r24
    1eb4:	a0 e0       	ldi	r26, 0x00	; 0
    1eb6:	b0 e0       	ldi	r27, 0x00	; 0
    1eb8:	09 81       	ldd	r16, Y+1	; 0x01
    1eba:	1a 81       	ldd	r17, Y+2	; 0x02
    1ebc:	4f 85       	ldd	r20, Y+15	; 0x0f
    1ebe:	58 89       	ldd	r21, Y+16	; 0x10
    1ec0:	2c 85       	ldd	r18, Y+12	; 0x0c
    1ec2:	3d 85       	ldd	r19, Y+13	; 0x0d
    1ec4:	68 85       	ldd	r22, Y+8	; 0x08
    1ec6:	79 85       	ldd	r23, Y+9	; 0x09
    1ec8:	ee 81       	ldd	r30, Y+6	; 0x06
    1eca:	ff 81       	ldd	r31, Y+7	; 0x07
    1ecc:	81 2c       	mov	r8, r1
    1ece:	91 2c       	mov	r9, r1
    1ed0:	58 01       	movw	r10, r16
    1ed2:	6a 01       	movw	r12, r20
    1ed4:	ee 84       	ldd	r14, Y+14	; 0x0e
    1ed6:	89 01       	movw	r16, r18
    1ed8:	9c 01       	movw	r18, r24
    1eda:	ad 01       	movw	r20, r26
    1edc:	cf 01       	movw	r24, r30
    1ede:	0e 94 8b 0f 	call	0x1f16	; 0x1f16 <prvInitialiseNewTask>
    1ee2:	89 81       	ldd	r24, Y+1	; 0x01
    1ee4:	9a 81       	ldd	r25, Y+2	; 0x02
    1ee6:	0e 94 72 10 	call	0x20e4	; 0x20e4 <prvAddNewTaskToReadyList>
    1eea:	81 e0       	ldi	r24, 0x01	; 1
    1eec:	8b 83       	std	Y+3, r24	; 0x03
    1eee:	02 c0       	rjmp	.+4      	; 0x1ef4 <xTaskCreate+0xcc>
    1ef0:	8f ef       	ldi	r24, 0xFF	; 255
    1ef2:	8b 83       	std	Y+3, r24	; 0x03
    1ef4:	8b 81       	ldd	r24, Y+3	; 0x03
    1ef6:	60 96       	adiw	r28, 0x10	; 16
    1ef8:	cd bf       	out	0x3d, r28	; 61
    1efa:	de bf       	out	0x3e, r29	; 62
    1efc:	df 91       	pop	r29
    1efe:	cf 91       	pop	r28
    1f00:	1f 91       	pop	r17
    1f02:	0f 91       	pop	r16
    1f04:	ff 90       	pop	r15
    1f06:	ef 90       	pop	r14
    1f08:	df 90       	pop	r13
    1f0a:	cf 90       	pop	r12
    1f0c:	bf 90       	pop	r11
    1f0e:	af 90       	pop	r10
    1f10:	9f 90       	pop	r9
    1f12:	8f 90       	pop	r8
    1f14:	08 95       	ret

00001f16 <prvInitialiseNewTask>:
    1f16:	8f 92       	push	r8
    1f18:	9f 92       	push	r9
    1f1a:	af 92       	push	r10
    1f1c:	bf 92       	push	r11
    1f1e:	cf 92       	push	r12
    1f20:	df 92       	push	r13
    1f22:	ef 92       	push	r14
    1f24:	0f 93       	push	r16
    1f26:	1f 93       	push	r17
    1f28:	cf 93       	push	r28
    1f2a:	df 93       	push	r29
    1f2c:	cd b7       	in	r28, 0x3d	; 61
    1f2e:	de b7       	in	r29, 0x3e	; 62
    1f30:	64 97       	sbiw	r28, 0x14	; 20
    1f32:	cd bf       	out	0x3d, r28	; 61
    1f34:	de bf       	out	0x3e, r29	; 62
    1f36:	8c 83       	std	Y+4, r24	; 0x04
    1f38:	9d 83       	std	Y+5, r25	; 0x05
    1f3a:	6e 83       	std	Y+6, r22	; 0x06
    1f3c:	7f 83       	std	Y+7, r23	; 0x07
    1f3e:	28 87       	std	Y+8, r18	; 0x08
    1f40:	39 87       	std	Y+9, r19	; 0x09
    1f42:	4a 87       	std	Y+10, r20	; 0x0a
    1f44:	5b 87       	std	Y+11, r21	; 0x0b
    1f46:	0c 87       	std	Y+12, r16	; 0x0c
    1f48:	1d 87       	std	Y+13, r17	; 0x0d
    1f4a:	ee 86       	std	Y+14, r14	; 0x0e
    1f4c:	cf 86       	std	Y+15, r12	; 0x0f
    1f4e:	d8 8a       	std	Y+16, r13	; 0x10
    1f50:	a9 8a       	std	Y+17, r10	; 0x11
    1f52:	ba 8a       	std	Y+18, r11	; 0x12
    1f54:	8b 8a       	std	Y+19, r8	; 0x13
    1f56:	9c 8a       	std	Y+20, r9	; 0x14
    1f58:	8e 81       	ldd	r24, Y+6	; 0x06
    1f5a:	9f 81       	ldd	r25, Y+7	; 0x07
    1f5c:	89 2b       	or	r24, r25
    1f5e:	31 f4       	brne	.+12     	; 0x1f6c <prvInitialiseNewTask+0x56>
    1f60:	60 e6       	ldi	r22, 0x60	; 96
    1f62:	73 e0       	ldi	r23, 0x03	; 3
    1f64:	86 e1       	ldi	r24, 0x16	; 22
    1f66:	90 e2       	ldi	r25, 0x20	; 32
    1f68:	0e 94 e5 1a 	call	0x35ca	; 0x35ca <vAssertCalled>
    1f6c:	28 85       	ldd	r18, Y+8	; 0x08
    1f6e:	39 85       	ldd	r19, Y+9	; 0x09
    1f70:	89 89       	ldd	r24, Y+17	; 0x11
    1f72:	9a 89       	ldd	r25, Y+18	; 0x12
    1f74:	fc 01       	movw	r30, r24
    1f76:	87 89       	ldd	r24, Z+23	; 0x17
    1f78:	90 8d       	ldd	r25, Z+24	; 0x18
    1f7a:	a9 01       	movw	r20, r18
    1f7c:	65 ea       	ldi	r22, 0xA5	; 165
    1f7e:	70 e0       	ldi	r23, 0x00	; 0
    1f80:	0e 94 10 2d 	call	0x5a20	; 0x5a20 <memset>
    1f84:	89 89       	ldd	r24, Y+17	; 0x11
    1f86:	9a 89       	ldd	r25, Y+18	; 0x12
    1f88:	fc 01       	movw	r30, r24
    1f8a:	27 89       	ldd	r18, Z+23	; 0x17
    1f8c:	30 8d       	ldd	r19, Z+24	; 0x18
    1f8e:	88 85       	ldd	r24, Y+8	; 0x08
    1f90:	99 85       	ldd	r25, Y+9	; 0x09
    1f92:	01 97       	sbiw	r24, 0x01	; 1
    1f94:	82 0f       	add	r24, r18
    1f96:	93 1f       	adc	r25, r19
    1f98:	8a 83       	std	Y+2, r24	; 0x02
    1f9a:	9b 83       	std	Y+3, r25	; 0x03
    1f9c:	19 82       	std	Y+1, r1	; 0x01
    1f9e:	21 c0       	rjmp	.+66     	; 0x1fe2 <prvInitialiseNewTask+0xcc>
    1fa0:	89 81       	ldd	r24, Y+1	; 0x01
    1fa2:	88 2f       	mov	r24, r24
    1fa4:	90 e0       	ldi	r25, 0x00	; 0
    1fa6:	29 81       	ldd	r18, Y+1	; 0x01
    1fa8:	22 2f       	mov	r18, r18
    1faa:	30 e0       	ldi	r19, 0x00	; 0
    1fac:	4e 81       	ldd	r20, Y+6	; 0x06
    1fae:	5f 81       	ldd	r21, Y+7	; 0x07
    1fb0:	24 0f       	add	r18, r20
    1fb2:	35 1f       	adc	r19, r21
    1fb4:	f9 01       	movw	r30, r18
    1fb6:	40 81       	ld	r20, Z
    1fb8:	29 89       	ldd	r18, Y+17	; 0x11
    1fba:	3a 89       	ldd	r19, Y+18	; 0x12
    1fbc:	82 0f       	add	r24, r18
    1fbe:	93 1f       	adc	r25, r19
    1fc0:	49 96       	adiw	r24, 0x19	; 25
    1fc2:	fc 01       	movw	r30, r24
    1fc4:	40 83       	st	Z, r20
    1fc6:	89 81       	ldd	r24, Y+1	; 0x01
    1fc8:	88 2f       	mov	r24, r24
    1fca:	90 e0       	ldi	r25, 0x00	; 0
    1fcc:	2e 81       	ldd	r18, Y+6	; 0x06
    1fce:	3f 81       	ldd	r19, Y+7	; 0x07
    1fd0:	82 0f       	add	r24, r18
    1fd2:	93 1f       	adc	r25, r19
    1fd4:	fc 01       	movw	r30, r24
    1fd6:	80 81       	ld	r24, Z
    1fd8:	88 23       	and	r24, r24
    1fda:	39 f0       	breq	.+14     	; 0x1fea <prvInitialiseNewTask+0xd4>
    1fdc:	89 81       	ldd	r24, Y+1	; 0x01
    1fde:	8f 5f       	subi	r24, 0xFF	; 255
    1fe0:	89 83       	std	Y+1, r24	; 0x01
    1fe2:	89 81       	ldd	r24, Y+1	; 0x01
    1fe4:	88 30       	cpi	r24, 0x08	; 8
    1fe6:	e0 f2       	brcs	.-72     	; 0x1fa0 <prvInitialiseNewTask+0x8a>
    1fe8:	01 c0       	rjmp	.+2      	; 0x1fec <prvInitialiseNewTask+0xd6>
    1fea:	00 00       	nop
    1fec:	89 89       	ldd	r24, Y+17	; 0x11
    1fee:	9a 89       	ldd	r25, Y+18	; 0x12
    1ff0:	fc 01       	movw	r30, r24
    1ff2:	10 a2       	std	Z+32, r1	; 0x20
    1ff4:	8e 85       	ldd	r24, Y+14	; 0x0e
    1ff6:	8a 30       	cpi	r24, 0x0A	; 10
    1ff8:	10 f0       	brcs	.+4      	; 0x1ffe <prvInitialiseNewTask+0xe8>
    1ffa:	89 e0       	ldi	r24, 0x09	; 9
    1ffc:	8e 87       	std	Y+14, r24	; 0x0e
    1ffe:	89 89       	ldd	r24, Y+17	; 0x11
    2000:	9a 89       	ldd	r25, Y+18	; 0x12
    2002:	2e 85       	ldd	r18, Y+14	; 0x0e
    2004:	fc 01       	movw	r30, r24
    2006:	26 8b       	std	Z+22, r18	; 0x16
    2008:	89 89       	ldd	r24, Y+17	; 0x11
    200a:	9a 89       	ldd	r25, Y+18	; 0x12
    200c:	2e 85       	ldd	r18, Y+14	; 0x0e
    200e:	fc 01       	movw	r30, r24
    2010:	23 a3       	std	Z+35, r18	; 0x23
    2012:	89 89       	ldd	r24, Y+17	; 0x11
    2014:	9a 89       	ldd	r25, Y+18	; 0x12
    2016:	fc 01       	movw	r30, r24
    2018:	14 a2       	std	Z+36, r1	; 0x24
    201a:	89 89       	ldd	r24, Y+17	; 0x11
    201c:	9a 89       	ldd	r25, Y+18	; 0x12
    201e:	02 96       	adiw	r24, 0x02	; 2
    2020:	0e 94 a1 0a 	call	0x1542	; 0x1542 <vListInitialiseItem>
    2024:	89 89       	ldd	r24, Y+17	; 0x11
    2026:	9a 89       	ldd	r25, Y+18	; 0x12
    2028:	0c 96       	adiw	r24, 0x0c	; 12
    202a:	0e 94 a1 0a 	call	0x1542	; 0x1542 <vListInitialiseItem>
    202e:	89 89       	ldd	r24, Y+17	; 0x11
    2030:	9a 89       	ldd	r25, Y+18	; 0x12
    2032:	29 89       	ldd	r18, Y+17	; 0x11
    2034:	3a 89       	ldd	r19, Y+18	; 0x12
    2036:	fc 01       	movw	r30, r24
    2038:	20 87       	std	Z+8, r18	; 0x08
    203a:	31 87       	std	Z+9, r19	; 0x09
    203c:	8e 85       	ldd	r24, Y+14	; 0x0e
    203e:	88 2f       	mov	r24, r24
    2040:	90 e0       	ldi	r25, 0x00	; 0
    2042:	2a e0       	ldi	r18, 0x0A	; 10
    2044:	30 e0       	ldi	r19, 0x00	; 0
    2046:	28 1b       	sub	r18, r24
    2048:	39 0b       	sbc	r19, r25
    204a:	89 89       	ldd	r24, Y+17	; 0x11
    204c:	9a 89       	ldd	r25, Y+18	; 0x12
    204e:	fc 01       	movw	r30, r24
    2050:	24 87       	std	Z+12, r18	; 0x0c
    2052:	35 87       	std	Z+13, r19	; 0x0d
    2054:	89 89       	ldd	r24, Y+17	; 0x11
    2056:	9a 89       	ldd	r25, Y+18	; 0x12
    2058:	29 89       	ldd	r18, Y+17	; 0x11
    205a:	3a 89       	ldd	r19, Y+18	; 0x12
    205c:	fc 01       	movw	r30, r24
    205e:	22 8b       	std	Z+18, r18	; 0x12
    2060:	33 8b       	std	Z+19, r19	; 0x13
    2062:	89 89       	ldd	r24, Y+17	; 0x11
    2064:	9a 89       	ldd	r25, Y+18	; 0x12
    2066:	fc 01       	movw	r30, r24
    2068:	15 a2       	std	Z+37, r1	; 0x25
    206a:	16 a2       	std	Z+38, r1	; 0x26
    206c:	89 89       	ldd	r24, Y+17	; 0x11
    206e:	9a 89       	ldd	r25, Y+18	; 0x12
    2070:	fc 01       	movw	r30, r24
    2072:	17 a2       	std	Z+39, r1	; 0x27
    2074:	10 a6       	std	Z+40, r1	; 0x28
    2076:	11 a6       	std	Z+41, r1	; 0x29
    2078:	12 a6       	std	Z+42, r1	; 0x2a
    207a:	89 89       	ldd	r24, Y+17	; 0x11
    207c:	9a 89       	ldd	r25, Y+18	; 0x12
    207e:	fc 01       	movw	r30, r24
    2080:	13 a6       	std	Z+43, r1	; 0x2b
    2082:	14 a6       	std	Z+44, r1	; 0x2c
    2084:	15 a6       	std	Z+45, r1	; 0x2d
    2086:	16 a6       	std	Z+46, r1	; 0x2e
    2088:	89 89       	ldd	r24, Y+17	; 0x11
    208a:	9a 89       	ldd	r25, Y+18	; 0x12
    208c:	fc 01       	movw	r30, r24
    208e:	17 a6       	std	Z+47, r1	; 0x2f
    2090:	4c 85       	ldd	r20, Y+12	; 0x0c
    2092:	5d 85       	ldd	r21, Y+13	; 0x0d
    2094:	2c 81       	ldd	r18, Y+4	; 0x04
    2096:	3d 81       	ldd	r19, Y+5	; 0x05
    2098:	8a 81       	ldd	r24, Y+2	; 0x02
    209a:	9b 81       	ldd	r25, Y+3	; 0x03
    209c:	b9 01       	movw	r22, r18
    209e:	0e 94 c7 0b 	call	0x178e	; 0x178e <pxPortInitialiseStack>
    20a2:	9c 01       	movw	r18, r24
    20a4:	89 89       	ldd	r24, Y+17	; 0x11
    20a6:	9a 89       	ldd	r25, Y+18	; 0x12
    20a8:	fc 01       	movw	r30, r24
    20aa:	20 83       	st	Z, r18
    20ac:	31 83       	std	Z+1, r19	; 0x01
    20ae:	8f 85       	ldd	r24, Y+15	; 0x0f
    20b0:	98 89       	ldd	r25, Y+16	; 0x10
    20b2:	89 2b       	or	r24, r25
    20b4:	39 f0       	breq	.+14     	; 0x20c4 <prvInitialiseNewTask+0x1ae>
    20b6:	8f 85       	ldd	r24, Y+15	; 0x0f
    20b8:	98 89       	ldd	r25, Y+16	; 0x10
    20ba:	29 89       	ldd	r18, Y+17	; 0x11
    20bc:	3a 89       	ldd	r19, Y+18	; 0x12
    20be:	fc 01       	movw	r30, r24
    20c0:	20 83       	st	Z, r18
    20c2:	31 83       	std	Z+1, r19	; 0x01
    20c4:	00 00       	nop
    20c6:	64 96       	adiw	r28, 0x14	; 20
    20c8:	cd bf       	out	0x3d, r28	; 61
    20ca:	de bf       	out	0x3e, r29	; 62
    20cc:	df 91       	pop	r29
    20ce:	cf 91       	pop	r28
    20d0:	1f 91       	pop	r17
    20d2:	0f 91       	pop	r16
    20d4:	ef 90       	pop	r14
    20d6:	df 90       	pop	r13
    20d8:	cf 90       	pop	r12
    20da:	bf 90       	pop	r11
    20dc:	af 90       	pop	r10
    20de:	9f 90       	pop	r9
    20e0:	8f 90       	pop	r8
    20e2:	08 95       	ret

000020e4 <prvAddNewTaskToReadyList>:
    20e4:	cf 93       	push	r28
    20e6:	df 93       	push	r29
    20e8:	1f 92       	push	r1
    20ea:	1f 92       	push	r1
    20ec:	cd b7       	in	r28, 0x3d	; 61
    20ee:	de b7       	in	r29, 0x3e	; 62
    20f0:	89 83       	std	Y+1, r24	; 0x01
    20f2:	9a 83       	std	Y+2, r25	; 0x02
    20f4:	0f b6       	in	r0, 0x3f	; 63
    20f6:	f8 94       	cli
    20f8:	0f 92       	push	r0
    20fa:	80 91 ef 25 	lds	r24, 0x25EF	; 0x8025ef <uxCurrentNumberOfTasks>
    20fe:	8f 5f       	subi	r24, 0xFF	; 255
    2100:	80 93 ef 25 	sts	0x25EF, r24	; 0x8025ef <uxCurrentNumberOfTasks>
    2104:	80 91 61 25 	lds	r24, 0x2561	; 0x802561 <pxCurrentTCB>
    2108:	90 91 62 25 	lds	r25, 0x2562	; 0x802562 <pxCurrentTCB+0x1>
    210c:	89 2b       	or	r24, r25
    210e:	69 f4       	brne	.+26     	; 0x212a <prvAddNewTaskToReadyList+0x46>
    2110:	89 81       	ldd	r24, Y+1	; 0x01
    2112:	9a 81       	ldd	r25, Y+2	; 0x02
    2114:	80 93 61 25 	sts	0x2561, r24	; 0x802561 <pxCurrentTCB>
    2118:	90 93 62 25 	sts	0x2562, r25	; 0x802562 <pxCurrentTCB+0x1>
    211c:	80 91 ef 25 	lds	r24, 0x25EF	; 0x8025ef <uxCurrentNumberOfTasks>
    2120:	81 30       	cpi	r24, 0x01	; 1
    2122:	c9 f4       	brne	.+50     	; 0x2156 <prvAddNewTaskToReadyList+0x72>
    2124:	0e 94 28 16 	call	0x2c50	; 0x2c50 <prvInitialiseTaskLists>
    2128:	16 c0       	rjmp	.+44     	; 0x2156 <prvAddNewTaskToReadyList+0x72>
    212a:	80 91 f3 25 	lds	r24, 0x25F3	; 0x8025f3 <xSchedulerRunning>
    212e:	88 23       	and	r24, r24
    2130:	91 f4       	brne	.+36     	; 0x2156 <prvAddNewTaskToReadyList+0x72>
    2132:	80 91 61 25 	lds	r24, 0x2561	; 0x802561 <pxCurrentTCB>
    2136:	90 91 62 25 	lds	r25, 0x2562	; 0x802562 <pxCurrentTCB+0x1>
    213a:	fc 01       	movw	r30, r24
    213c:	26 89       	ldd	r18, Z+22	; 0x16
    213e:	89 81       	ldd	r24, Y+1	; 0x01
    2140:	9a 81       	ldd	r25, Y+2	; 0x02
    2142:	fc 01       	movw	r30, r24
    2144:	86 89       	ldd	r24, Z+22	; 0x16
    2146:	82 17       	cp	r24, r18
    2148:	30 f0       	brcs	.+12     	; 0x2156 <prvAddNewTaskToReadyList+0x72>
    214a:	89 81       	ldd	r24, Y+1	; 0x01
    214c:	9a 81       	ldd	r25, Y+2	; 0x02
    214e:	80 93 61 25 	sts	0x2561, r24	; 0x802561 <pxCurrentTCB>
    2152:	90 93 62 25 	sts	0x2562, r25	; 0x802562 <pxCurrentTCB+0x1>
    2156:	80 91 f7 25 	lds	r24, 0x25F7	; 0x8025f7 <uxTaskNumber>
    215a:	8f 5f       	subi	r24, 0xFF	; 255
    215c:	80 93 f7 25 	sts	0x25F7, r24	; 0x8025f7 <uxTaskNumber>
    2160:	20 91 f7 25 	lds	r18, 0x25F7	; 0x8025f7 <uxTaskNumber>
    2164:	89 81       	ldd	r24, Y+1	; 0x01
    2166:	9a 81       	ldd	r25, Y+2	; 0x02
    2168:	fc 01       	movw	r30, r24
    216a:	21 a3       	std	Z+33, r18	; 0x21
    216c:	89 81       	ldd	r24, Y+1	; 0x01
    216e:	9a 81       	ldd	r25, Y+2	; 0x02
    2170:	fc 01       	movw	r30, r24
    2172:	96 89       	ldd	r25, Z+22	; 0x16
    2174:	80 91 f2 25 	lds	r24, 0x25F2	; 0x8025f2 <uxTopReadyPriority>
    2178:	89 17       	cp	r24, r25
    217a:	30 f4       	brcc	.+12     	; 0x2188 <prvAddNewTaskToReadyList+0xa4>
    217c:	89 81       	ldd	r24, Y+1	; 0x01
    217e:	9a 81       	ldd	r25, Y+2	; 0x02
    2180:	fc 01       	movw	r30, r24
    2182:	86 89       	ldd	r24, Z+22	; 0x16
    2184:	80 93 f2 25 	sts	0x25F2, r24	; 0x8025f2 <uxTopReadyPriority>
    2188:	89 81       	ldd	r24, Y+1	; 0x01
    218a:	9a 81       	ldd	r25, Y+2	; 0x02
    218c:	ac 01       	movw	r20, r24
    218e:	4e 5f       	subi	r20, 0xFE	; 254
    2190:	5f 4f       	sbci	r21, 0xFF	; 255
    2192:	89 81       	ldd	r24, Y+1	; 0x01
    2194:	9a 81       	ldd	r25, Y+2	; 0x02
    2196:	fc 01       	movw	r30, r24
    2198:	86 89       	ldd	r24, Z+22	; 0x16
    219a:	28 2f       	mov	r18, r24
    219c:	30 e0       	ldi	r19, 0x00	; 0
    219e:	c9 01       	movw	r24, r18
    21a0:	88 0f       	add	r24, r24
    21a2:	99 1f       	adc	r25, r25
    21a4:	88 0f       	add	r24, r24
    21a6:	99 1f       	adc	r25, r25
    21a8:	88 0f       	add	r24, r24
    21aa:	99 1f       	adc	r25, r25
    21ac:	82 0f       	add	r24, r18
    21ae:	93 1f       	adc	r25, r19
    21b0:	8d 59       	subi	r24, 0x9D	; 157
    21b2:	9a 4d       	sbci	r25, 0xDA	; 218
    21b4:	ba 01       	movw	r22, r20
    21b6:	0e 94 b4 0a 	call	0x1568	; 0x1568 <vListInsertEnd>
    21ba:	0f 90       	pop	r0
    21bc:	0f be       	out	0x3f, r0	; 63
    21be:	80 91 f3 25 	lds	r24, 0x25F3	; 0x8025f3 <xSchedulerRunning>
    21c2:	88 23       	and	r24, r24
    21c4:	71 f0       	breq	.+28     	; 0x21e2 <prvAddNewTaskToReadyList+0xfe>
    21c6:	80 91 61 25 	lds	r24, 0x2561	; 0x802561 <pxCurrentTCB>
    21ca:	90 91 62 25 	lds	r25, 0x2562	; 0x802562 <pxCurrentTCB+0x1>
    21ce:	fc 01       	movw	r30, r24
    21d0:	26 89       	ldd	r18, Z+22	; 0x16
    21d2:	89 81       	ldd	r24, Y+1	; 0x01
    21d4:	9a 81       	ldd	r25, Y+2	; 0x02
    21d6:	fc 01       	movw	r30, r24
    21d8:	86 89       	ldd	r24, Z+22	; 0x16
    21da:	28 17       	cp	r18, r24
    21dc:	10 f4       	brcc	.+4      	; 0x21e2 <prvAddNewTaskToReadyList+0xfe>
    21de:	0e 94 af 0d 	call	0x1b5e	; 0x1b5e <vPortYield>
    21e2:	00 00       	nop
    21e4:	0f 90       	pop	r0
    21e6:	0f 90       	pop	r0
    21e8:	df 91       	pop	r29
    21ea:	cf 91       	pop	r28
    21ec:	08 95       	ret

000021ee <vTaskDelay>:
    21ee:	cf 93       	push	r28
    21f0:	df 93       	push	r29
    21f2:	00 d0       	rcall	.+0      	; 0x21f4 <vTaskDelay+0x6>
    21f4:	cd b7       	in	r28, 0x3d	; 61
    21f6:	de b7       	in	r29, 0x3e	; 62
    21f8:	8a 83       	std	Y+2, r24	; 0x02
    21fa:	9b 83       	std	Y+3, r25	; 0x03
    21fc:	19 82       	std	Y+1, r1	; 0x01
    21fe:	8a 81       	ldd	r24, Y+2	; 0x02
    2200:	9b 81       	ldd	r25, Y+3	; 0x03
    2202:	89 2b       	or	r24, r25
    2204:	a1 f0       	breq	.+40     	; 0x222e <vTaskDelay+0x40>
    2206:	80 91 fc 25 	lds	r24, 0x25FC	; 0x8025fc <uxSchedulerSuspended>
    220a:	88 23       	and	r24, r24
    220c:	31 f0       	breq	.+12     	; 0x221a <vTaskDelay+0x2c>
    220e:	60 e2       	ldi	r22, 0x20	; 32
    2210:	75 e0       	ldi	r23, 0x05	; 5
    2212:	86 e1       	ldi	r24, 0x16	; 22
    2214:	90 e2       	ldi	r25, 0x20	; 32
    2216:	0e 94 e5 1a 	call	0x35ca	; 0x35ca <vAssertCalled>
    221a:	0e 94 55 12 	call	0x24aa	; 0x24aa <vTaskSuspendAll>
    221e:	8a 81       	ldd	r24, Y+2	; 0x02
    2220:	9b 81       	ldd	r25, Y+3	; 0x03
    2222:	60 e0       	ldi	r22, 0x00	; 0
    2224:	0e 94 5b 18 	call	0x30b6	; 0x30b6 <prvAddCurrentTaskToDelayedList>
    2228:	0e 94 62 12 	call	0x24c4	; 0x24c4 <xTaskResumeAll>
    222c:	89 83       	std	Y+1, r24	; 0x01
    222e:	89 81       	ldd	r24, Y+1	; 0x01
    2230:	88 23       	and	r24, r24
    2232:	11 f4       	brne	.+4      	; 0x2238 <vTaskDelay+0x4a>
    2234:	0e 94 af 0d 	call	0x1b5e	; 0x1b5e <vPortYield>
    2238:	00 00       	nop
    223a:	23 96       	adiw	r28, 0x03	; 3
    223c:	cd bf       	out	0x3d, r28	; 61
    223e:	de bf       	out	0x3e, r29	; 62
    2240:	df 91       	pop	r29
    2242:	cf 91       	pop	r28
    2244:	08 95       	ret

00002246 <eTaskGetState>:
    2246:	cf 93       	push	r28
    2248:	df 93       	push	r29
    224a:	cd b7       	in	r28, 0x3d	; 61
    224c:	de b7       	in	r29, 0x3e	; 62
    224e:	2b 97       	sbiw	r28, 0x0b	; 11
    2250:	cd bf       	out	0x3d, r28	; 61
    2252:	de bf       	out	0x3e, r29	; 62
    2254:	8a 87       	std	Y+10, r24	; 0x0a
    2256:	9b 87       	std	Y+11, r25	; 0x0b
    2258:	8a 85       	ldd	r24, Y+10	; 0x0a
    225a:	9b 85       	ldd	r25, Y+11	; 0x0b
    225c:	8a 83       	std	Y+2, r24	; 0x02
    225e:	9b 83       	std	Y+3, r25	; 0x03
    2260:	8a 81       	ldd	r24, Y+2	; 0x02
    2262:	9b 81       	ldd	r25, Y+3	; 0x03
    2264:	89 2b       	or	r24, r25
    2266:	31 f4       	brne	.+12     	; 0x2274 <eTaskGetState+0x2e>
    2268:	6c e4       	ldi	r22, 0x4C	; 76
    226a:	75 e0       	ldi	r23, 0x05	; 5
    226c:	86 e1       	ldi	r24, 0x16	; 22
    226e:	90 e2       	ldi	r25, 0x20	; 32
    2270:	0e 94 e5 1a 	call	0x35ca	; 0x35ca <vAssertCalled>
    2274:	80 91 61 25 	lds	r24, 0x2561	; 0x802561 <pxCurrentTCB>
    2278:	90 91 62 25 	lds	r25, 0x2562	; 0x802562 <pxCurrentTCB+0x1>
    227c:	2a 81       	ldd	r18, Y+2	; 0x02
    227e:	3b 81       	ldd	r19, Y+3	; 0x03
    2280:	28 17       	cp	r18, r24
    2282:	39 07       	cpc	r19, r25
    2284:	11 f4       	brne	.+4      	; 0x228a <eTaskGetState+0x44>
    2286:	19 82       	std	Y+1, r1	; 0x01
    2288:	52 c0       	rjmp	.+164    	; 0x232e <eTaskGetState+0xe8>
    228a:	0f b6       	in	r0, 0x3f	; 63
    228c:	f8 94       	cli
    228e:	0f 92       	push	r0
    2290:	8a 81       	ldd	r24, Y+2	; 0x02
    2292:	9b 81       	ldd	r25, Y+3	; 0x03
    2294:	fc 01       	movw	r30, r24
    2296:	82 85       	ldd	r24, Z+10	; 0x0a
    2298:	93 85       	ldd	r25, Z+11	; 0x0b
    229a:	8c 83       	std	Y+4, r24	; 0x04
    229c:	9d 83       	std	Y+5, r25	; 0x05
    229e:	80 91 cf 25 	lds	r24, 0x25CF	; 0x8025cf <pxDelayedTaskList>
    22a2:	90 91 d0 25 	lds	r25, 0x25D0	; 0x8025d0 <pxDelayedTaskList+0x1>
    22a6:	8e 83       	std	Y+6, r24	; 0x06
    22a8:	9f 83       	std	Y+7, r25	; 0x07
    22aa:	80 91 d1 25 	lds	r24, 0x25D1	; 0x8025d1 <pxOverflowDelayedTaskList>
    22ae:	90 91 d2 25 	lds	r25, 0x25D2	; 0x8025d2 <pxOverflowDelayedTaskList+0x1>
    22b2:	88 87       	std	Y+8, r24	; 0x08
    22b4:	99 87       	std	Y+9, r25	; 0x09
    22b6:	0f 90       	pop	r0
    22b8:	0f be       	out	0x3f, r0	; 63
    22ba:	2c 81       	ldd	r18, Y+4	; 0x04
    22bc:	3d 81       	ldd	r19, Y+5	; 0x05
    22be:	8e 81       	ldd	r24, Y+6	; 0x06
    22c0:	9f 81       	ldd	r25, Y+7	; 0x07
    22c2:	28 17       	cp	r18, r24
    22c4:	39 07       	cpc	r19, r25
    22c6:	39 f0       	breq	.+14     	; 0x22d6 <eTaskGetState+0x90>
    22c8:	2c 81       	ldd	r18, Y+4	; 0x04
    22ca:	3d 81       	ldd	r19, Y+5	; 0x05
    22cc:	88 85       	ldd	r24, Y+8	; 0x08
    22ce:	99 85       	ldd	r25, Y+9	; 0x09
    22d0:	28 17       	cp	r18, r24
    22d2:	39 07       	cpc	r19, r25
    22d4:	19 f4       	brne	.+6      	; 0x22dc <eTaskGetState+0x96>
    22d6:	82 e0       	ldi	r24, 0x02	; 2
    22d8:	89 83       	std	Y+1, r24	; 0x01
    22da:	29 c0       	rjmp	.+82     	; 0x232e <eTaskGetState+0xe8>
    22dc:	8c 81       	ldd	r24, Y+4	; 0x04
    22de:	9d 81       	ldd	r25, Y+5	; 0x05
    22e0:	86 5e       	subi	r24, 0xE6	; 230
    22e2:	95 42       	sbci	r25, 0x25	; 37
    22e4:	b1 f4       	brne	.+44     	; 0x2312 <eTaskGetState+0xcc>
    22e6:	8a 81       	ldd	r24, Y+2	; 0x02
    22e8:	9b 81       	ldd	r25, Y+3	; 0x03
    22ea:	fc 01       	movw	r30, r24
    22ec:	84 89       	ldd	r24, Z+20	; 0x14
    22ee:	95 89       	ldd	r25, Z+21	; 0x15
    22f0:	89 2b       	or	r24, r25
    22f2:	61 f4       	brne	.+24     	; 0x230c <eTaskGetState+0xc6>
    22f4:	8a 81       	ldd	r24, Y+2	; 0x02
    22f6:	9b 81       	ldd	r25, Y+3	; 0x03
    22f8:	fc 01       	movw	r30, r24
    22fa:	87 a5       	ldd	r24, Z+47	; 0x2f
    22fc:	81 30       	cpi	r24, 0x01	; 1
    22fe:	19 f4       	brne	.+6      	; 0x2306 <eTaskGetState+0xc0>
    2300:	82 e0       	ldi	r24, 0x02	; 2
    2302:	89 83       	std	Y+1, r24	; 0x01
    2304:	14 c0       	rjmp	.+40     	; 0x232e <eTaskGetState+0xe8>
    2306:	83 e0       	ldi	r24, 0x03	; 3
    2308:	89 83       	std	Y+1, r24	; 0x01
    230a:	11 c0       	rjmp	.+34     	; 0x232e <eTaskGetState+0xe8>
    230c:	82 e0       	ldi	r24, 0x02	; 2
    230e:	89 83       	std	Y+1, r24	; 0x01
    2310:	0e c0       	rjmp	.+28     	; 0x232e <eTaskGetState+0xe8>
    2312:	8c 81       	ldd	r24, Y+4	; 0x04
    2314:	9d 81       	ldd	r25, Y+5	; 0x05
    2316:	8c 5d       	subi	r24, 0xDC	; 220
    2318:	95 42       	sbci	r25, 0x25	; 37
    231a:	21 f0       	breq	.+8      	; 0x2324 <eTaskGetState+0xde>
    231c:	8c 81       	ldd	r24, Y+4	; 0x04
    231e:	9d 81       	ldd	r25, Y+5	; 0x05
    2320:	89 2b       	or	r24, r25
    2322:	19 f4       	brne	.+6      	; 0x232a <eTaskGetState+0xe4>
    2324:	84 e0       	ldi	r24, 0x04	; 4
    2326:	89 83       	std	Y+1, r24	; 0x01
    2328:	02 c0       	rjmp	.+4      	; 0x232e <eTaskGetState+0xe8>
    232a:	81 e0       	ldi	r24, 0x01	; 1
    232c:	89 83       	std	Y+1, r24	; 0x01
    232e:	89 81       	ldd	r24, Y+1	; 0x01
    2330:	2b 96       	adiw	r28, 0x0b	; 11
    2332:	cd bf       	out	0x3d, r28	; 61
    2334:	de bf       	out	0x3e, r29	; 62
    2336:	df 91       	pop	r29
    2338:	cf 91       	pop	r28
    233a:	08 95       	ret

0000233c <vTaskSuspend>:
    233c:	cf 93       	push	r28
    233e:	df 93       	push	r29
    2340:	00 d0       	rcall	.+0      	; 0x2342 <vTaskSuspend+0x6>
    2342:	1f 92       	push	r1
    2344:	cd b7       	in	r28, 0x3d	; 61
    2346:	de b7       	in	r29, 0x3e	; 62
    2348:	8b 83       	std	Y+3, r24	; 0x03
    234a:	9c 83       	std	Y+4, r25	; 0x04
    234c:	0f b6       	in	r0, 0x3f	; 63
    234e:	f8 94       	cli
    2350:	0f 92       	push	r0
    2352:	8b 81       	ldd	r24, Y+3	; 0x03
    2354:	9c 81       	ldd	r25, Y+4	; 0x04
    2356:	89 2b       	or	r24, r25
    2358:	29 f4       	brne	.+10     	; 0x2364 <vTaskSuspend+0x28>
    235a:	80 91 61 25 	lds	r24, 0x2561	; 0x802561 <pxCurrentTCB>
    235e:	90 91 62 25 	lds	r25, 0x2562	; 0x802562 <pxCurrentTCB+0x1>
    2362:	02 c0       	rjmp	.+4      	; 0x2368 <vTaskSuspend+0x2c>
    2364:	8b 81       	ldd	r24, Y+3	; 0x03
    2366:	9c 81       	ldd	r25, Y+4	; 0x04
    2368:	89 83       	std	Y+1, r24	; 0x01
    236a:	9a 83       	std	Y+2, r25	; 0x02
    236c:	89 81       	ldd	r24, Y+1	; 0x01
    236e:	9a 81       	ldd	r25, Y+2	; 0x02
    2370:	02 96       	adiw	r24, 0x02	; 2
    2372:	0e 94 71 0b 	call	0x16e2	; 0x16e2 <uxListRemove>
    2376:	89 81       	ldd	r24, Y+1	; 0x01
    2378:	9a 81       	ldd	r25, Y+2	; 0x02
    237a:	fc 01       	movw	r30, r24
    237c:	84 89       	ldd	r24, Z+20	; 0x14
    237e:	95 89       	ldd	r25, Z+21	; 0x15
    2380:	89 2b       	or	r24, r25
    2382:	29 f0       	breq	.+10     	; 0x238e <vTaskSuspend+0x52>
    2384:	89 81       	ldd	r24, Y+1	; 0x01
    2386:	9a 81       	ldd	r25, Y+2	; 0x02
    2388:	0c 96       	adiw	r24, 0x0c	; 12
    238a:	0e 94 71 0b 	call	0x16e2	; 0x16e2 <uxListRemove>
    238e:	89 81       	ldd	r24, Y+1	; 0x01
    2390:	9a 81       	ldd	r25, Y+2	; 0x02
    2392:	02 96       	adiw	r24, 0x02	; 2
    2394:	bc 01       	movw	r22, r24
    2396:	86 ee       	ldi	r24, 0xE6	; 230
    2398:	95 e2       	ldi	r25, 0x25	; 37
    239a:	0e 94 b4 0a 	call	0x1568	; 0x1568 <vListInsertEnd>
    239e:	89 81       	ldd	r24, Y+1	; 0x01
    23a0:	9a 81       	ldd	r25, Y+2	; 0x02
    23a2:	fc 01       	movw	r30, r24
    23a4:	87 a5       	ldd	r24, Z+47	; 0x2f
    23a6:	81 30       	cpi	r24, 0x01	; 1
    23a8:	21 f4       	brne	.+8      	; 0x23b2 <vTaskSuspend+0x76>
    23aa:	89 81       	ldd	r24, Y+1	; 0x01
    23ac:	9a 81       	ldd	r25, Y+2	; 0x02
    23ae:	fc 01       	movw	r30, r24
    23b0:	17 a6       	std	Z+47, r1	; 0x2f
    23b2:	0f 90       	pop	r0
    23b4:	0f be       	out	0x3f, r0	; 63
    23b6:	80 91 f3 25 	lds	r24, 0x25F3	; 0x8025f3 <xSchedulerRunning>
    23ba:	88 23       	and	r24, r24
    23bc:	39 f0       	breq	.+14     	; 0x23cc <vTaskSuspend+0x90>
    23be:	0f b6       	in	r0, 0x3f	; 63
    23c0:	f8 94       	cli
    23c2:	0f 92       	push	r0
    23c4:	0e 94 2b 18 	call	0x3056	; 0x3056 <prvResetNextTaskUnblockTime>
    23c8:	0f 90       	pop	r0
    23ca:	0f be       	out	0x3f, r0	; 63
    23cc:	80 91 61 25 	lds	r24, 0x2561	; 0x802561 <pxCurrentTCB>
    23d0:	90 91 62 25 	lds	r25, 0x2562	; 0x802562 <pxCurrentTCB+0x1>
    23d4:	29 81       	ldd	r18, Y+1	; 0x01
    23d6:	3a 81       	ldd	r19, Y+2	; 0x02
    23d8:	28 17       	cp	r18, r24
    23da:	39 07       	cpc	r19, r25
    23dc:	f1 f4       	brne	.+60     	; 0x241a <vTaskSuspend+0xde>
    23de:	80 91 f3 25 	lds	r24, 0x25F3	; 0x8025f3 <xSchedulerRunning>
    23e2:	88 23       	and	r24, r24
    23e4:	69 f0       	breq	.+26     	; 0x2400 <vTaskSuspend+0xc4>
    23e6:	80 91 fc 25 	lds	r24, 0x25FC	; 0x8025fc <uxSchedulerSuspended>
    23ea:	88 23       	and	r24, r24
    23ec:	31 f0       	breq	.+12     	; 0x23fa <vTaskSuspend+0xbe>
    23ee:	68 ec       	ldi	r22, 0xC8	; 200
    23f0:	76 e0       	ldi	r23, 0x06	; 6
    23f2:	86 e1       	ldi	r24, 0x16	; 22
    23f4:	90 e2       	ldi	r25, 0x20	; 32
    23f6:	0e 94 e5 1a 	call	0x35ca	; 0x35ca <vAssertCalled>
    23fa:	0e 94 af 0d 	call	0x1b5e	; 0x1b5e <vPortYield>
    23fe:	0d c0       	rjmp	.+26     	; 0x241a <vTaskSuspend+0xde>
    2400:	90 91 e6 25 	lds	r25, 0x25E6	; 0x8025e6 <xSuspendedTaskList>
    2404:	80 91 ef 25 	lds	r24, 0x25EF	; 0x8025ef <uxCurrentNumberOfTasks>
    2408:	98 17       	cp	r25, r24
    240a:	29 f4       	brne	.+10     	; 0x2416 <vTaskSuspend+0xda>
    240c:	10 92 61 25 	sts	0x2561, r1	; 0x802561 <pxCurrentTCB>
    2410:	10 92 62 25 	sts	0x2562, r1	; 0x802562 <pxCurrentTCB+0x1>
    2414:	02 c0       	rjmp	.+4      	; 0x241a <vTaskSuspend+0xde>
    2416:	0e 94 bb 14 	call	0x2976	; 0x2976 <vTaskSwitchContext>
    241a:	00 00       	nop
    241c:	24 96       	adiw	r28, 0x04	; 4
    241e:	cd bf       	out	0x3d, r28	; 61
    2420:	de bf       	out	0x3e, r29	; 62
    2422:	df 91       	pop	r29
    2424:	cf 91       	pop	r28
    2426:	08 95       	ret

00002428 <vTaskStartScheduler>:
    2428:	ef 92       	push	r14
    242a:	ff 92       	push	r15
    242c:	0f 93       	push	r16
    242e:	cf 93       	push	r28
    2430:	df 93       	push	r29
    2432:	1f 92       	push	r1
    2434:	cd b7       	in	r28, 0x3d	; 61
    2436:	de b7       	in	r29, 0x3e	; 62
    2438:	0f 2e       	mov	r0, r31
    243a:	fa ef       	ldi	r31, 0xFA	; 250
    243c:	ef 2e       	mov	r14, r31
    243e:	f5 e2       	ldi	r31, 0x25	; 37
    2440:	ff 2e       	mov	r15, r31
    2442:	f0 2d       	mov	r31, r0
    2444:	00 e0       	ldi	r16, 0x00	; 0
    2446:	20 e0       	ldi	r18, 0x00	; 0
    2448:	30 e0       	ldi	r19, 0x00	; 0
    244a:	40 e0       	ldi	r20, 0x00	; 0
    244c:	51 e0       	ldi	r21, 0x01	; 1
    244e:	6a e2       	ldi	r22, 0x2A	; 42
    2450:	70 e2       	ldi	r23, 0x20	; 32
    2452:	85 e1       	ldi	r24, 0x15	; 21
    2454:	96 e1       	ldi	r25, 0x16	; 22
    2456:	0e 94 14 0f 	call	0x1e28	; 0x1e28 <xTaskCreate>
    245a:	89 83       	std	Y+1, r24	; 0x01
    245c:	89 81       	ldd	r24, Y+1	; 0x01
    245e:	81 30       	cpi	r24, 0x01	; 1
    2460:	99 f4       	brne	.+38     	; 0x2488 <vTaskStartScheduler+0x60>
    2462:	f8 94       	cli
    2464:	8f ef       	ldi	r24, 0xFF	; 255
    2466:	9f ef       	ldi	r25, 0xFF	; 255
    2468:	80 93 f8 25 	sts	0x25F8, r24	; 0x8025f8 <xNextTaskUnblockTime>
    246c:	90 93 f9 25 	sts	0x25F9, r25	; 0x8025f9 <xNextTaskUnblockTime+0x1>
    2470:	81 e0       	ldi	r24, 0x01	; 1
    2472:	80 93 f3 25 	sts	0x25F3, r24	; 0x8025f3 <xSchedulerRunning>
    2476:	10 92 f0 25 	sts	0x25F0, r1	; 0x8025f0 <xTickCount>
    247a:	10 92 f1 25 	sts	0x25F1, r1	; 0x8025f1 <xTickCount+0x1>
    247e:	0e 94 ab 0e 	call	0x1d56	; 0x1d56 <vConfigureTimerForRunTimeStats>
    2482:	0e 94 7a 0d 	call	0x1af4	; 0x1af4 <xPortStartScheduler>
    2486:	09 c0       	rjmp	.+18     	; 0x249a <vTaskStartScheduler+0x72>
    2488:	89 81       	ldd	r24, Y+1	; 0x01
    248a:	8f 3f       	cpi	r24, 0xFF	; 255
    248c:	31 f4       	brne	.+12     	; 0x249a <vTaskStartScheduler+0x72>
    248e:	67 e0       	ldi	r22, 0x07	; 7
    2490:	78 e0       	ldi	r23, 0x08	; 8
    2492:	86 e1       	ldi	r24, 0x16	; 22
    2494:	90 e2       	ldi	r25, 0x20	; 32
    2496:	0e 94 e5 1a 	call	0x35ca	; 0x35ca <vAssertCalled>
    249a:	00 00       	nop
    249c:	0f 90       	pop	r0
    249e:	df 91       	pop	r29
    24a0:	cf 91       	pop	r28
    24a2:	0f 91       	pop	r16
    24a4:	ff 90       	pop	r15
    24a6:	ef 90       	pop	r14
    24a8:	08 95       	ret

000024aa <vTaskSuspendAll>:
    24aa:	cf 93       	push	r28
    24ac:	df 93       	push	r29
    24ae:	cd b7       	in	r28, 0x3d	; 61
    24b0:	de b7       	in	r29, 0x3e	; 62
    24b2:	80 91 fc 25 	lds	r24, 0x25FC	; 0x8025fc <uxSchedulerSuspended>
    24b6:	8f 5f       	subi	r24, 0xFF	; 255
    24b8:	80 93 fc 25 	sts	0x25FC, r24	; 0x8025fc <uxSchedulerSuspended>
    24bc:	00 00       	nop
    24be:	df 91       	pop	r29
    24c0:	cf 91       	pop	r28
    24c2:	08 95       	ret

000024c4 <xTaskResumeAll>:
    24c4:	cf 93       	push	r28
    24c6:	df 93       	push	r29
    24c8:	00 d0       	rcall	.+0      	; 0x24ca <xTaskResumeAll+0x6>
    24ca:	1f 92       	push	r1
    24cc:	cd b7       	in	r28, 0x3d	; 61
    24ce:	de b7       	in	r29, 0x3e	; 62
    24d0:	19 82       	std	Y+1, r1	; 0x01
    24d2:	1a 82       	std	Y+2, r1	; 0x02
    24d4:	1b 82       	std	Y+3, r1	; 0x03
    24d6:	80 91 fc 25 	lds	r24, 0x25FC	; 0x8025fc <uxSchedulerSuspended>
    24da:	88 23       	and	r24, r24
    24dc:	31 f4       	brne	.+12     	; 0x24ea <xTaskResumeAll+0x26>
    24de:	6c e6       	ldi	r22, 0x6C	; 108
    24e0:	78 e0       	ldi	r23, 0x08	; 8
    24e2:	86 e1       	ldi	r24, 0x16	; 22
    24e4:	90 e2       	ldi	r25, 0x20	; 32
    24e6:	0e 94 e5 1a 	call	0x35ca	; 0x35ca <vAssertCalled>
    24ea:	0f b6       	in	r0, 0x3f	; 63
    24ec:	f8 94       	cli
    24ee:	0f 92       	push	r0
    24f0:	80 91 fc 25 	lds	r24, 0x25FC	; 0x8025fc <uxSchedulerSuspended>
    24f4:	81 50       	subi	r24, 0x01	; 1
    24f6:	80 93 fc 25 	sts	0x25FC, r24	; 0x8025fc <uxSchedulerSuspended>
    24fa:	80 91 fc 25 	lds	r24, 0x25FC	; 0x8025fc <uxSchedulerSuspended>
    24fe:	88 23       	and	r24, r24
    2500:	09 f0       	breq	.+2      	; 0x2504 <xTaskResumeAll+0x40>
    2502:	77 c0       	rjmp	.+238    	; 0x25f2 <xTaskResumeAll+0x12e>
    2504:	80 91 ef 25 	lds	r24, 0x25EF	; 0x8025ef <uxCurrentNumberOfTasks>
    2508:	88 23       	and	r24, r24
    250a:	09 f4       	brne	.+2      	; 0x250e <xTaskResumeAll+0x4a>
    250c:	72 c0       	rjmp	.+228    	; 0x25f2 <xTaskResumeAll+0x12e>
    250e:	49 c0       	rjmp	.+146    	; 0x25a2 <xTaskResumeAll+0xde>
    2510:	80 91 d8 25 	lds	r24, 0x25D8	; 0x8025d8 <xPendingReadyList+0x5>
    2514:	90 91 d9 25 	lds	r25, 0x25D9	; 0x8025d9 <xPendingReadyList+0x6>
    2518:	fc 01       	movw	r30, r24
    251a:	86 81       	ldd	r24, Z+6	; 0x06
    251c:	97 81       	ldd	r25, Z+7	; 0x07
    251e:	89 83       	std	Y+1, r24	; 0x01
    2520:	9a 83       	std	Y+2, r25	; 0x02
    2522:	89 81       	ldd	r24, Y+1	; 0x01
    2524:	9a 81       	ldd	r25, Y+2	; 0x02
    2526:	0c 96       	adiw	r24, 0x0c	; 12
    2528:	0e 94 71 0b 	call	0x16e2	; 0x16e2 <uxListRemove>
    252c:	89 81       	ldd	r24, Y+1	; 0x01
    252e:	9a 81       	ldd	r25, Y+2	; 0x02
    2530:	02 96       	adiw	r24, 0x02	; 2
    2532:	0e 94 71 0b 	call	0x16e2	; 0x16e2 <uxListRemove>
    2536:	89 81       	ldd	r24, Y+1	; 0x01
    2538:	9a 81       	ldd	r25, Y+2	; 0x02
    253a:	fc 01       	movw	r30, r24
    253c:	96 89       	ldd	r25, Z+22	; 0x16
    253e:	80 91 f2 25 	lds	r24, 0x25F2	; 0x8025f2 <uxTopReadyPriority>
    2542:	89 17       	cp	r24, r25
    2544:	30 f4       	brcc	.+12     	; 0x2552 <xTaskResumeAll+0x8e>
    2546:	89 81       	ldd	r24, Y+1	; 0x01
    2548:	9a 81       	ldd	r25, Y+2	; 0x02
    254a:	fc 01       	movw	r30, r24
    254c:	86 89       	ldd	r24, Z+22	; 0x16
    254e:	80 93 f2 25 	sts	0x25F2, r24	; 0x8025f2 <uxTopReadyPriority>
    2552:	89 81       	ldd	r24, Y+1	; 0x01
    2554:	9a 81       	ldd	r25, Y+2	; 0x02
    2556:	ac 01       	movw	r20, r24
    2558:	4e 5f       	subi	r20, 0xFE	; 254
    255a:	5f 4f       	sbci	r21, 0xFF	; 255
    255c:	89 81       	ldd	r24, Y+1	; 0x01
    255e:	9a 81       	ldd	r25, Y+2	; 0x02
    2560:	fc 01       	movw	r30, r24
    2562:	86 89       	ldd	r24, Z+22	; 0x16
    2564:	28 2f       	mov	r18, r24
    2566:	30 e0       	ldi	r19, 0x00	; 0
    2568:	c9 01       	movw	r24, r18
    256a:	88 0f       	add	r24, r24
    256c:	99 1f       	adc	r25, r25
    256e:	88 0f       	add	r24, r24
    2570:	99 1f       	adc	r25, r25
    2572:	88 0f       	add	r24, r24
    2574:	99 1f       	adc	r25, r25
    2576:	82 0f       	add	r24, r18
    2578:	93 1f       	adc	r25, r19
    257a:	8d 59       	subi	r24, 0x9D	; 157
    257c:	9a 4d       	sbci	r25, 0xDA	; 218
    257e:	ba 01       	movw	r22, r20
    2580:	0e 94 b4 0a 	call	0x1568	; 0x1568 <vListInsertEnd>
    2584:	89 81       	ldd	r24, Y+1	; 0x01
    2586:	9a 81       	ldd	r25, Y+2	; 0x02
    2588:	fc 01       	movw	r30, r24
    258a:	26 89       	ldd	r18, Z+22	; 0x16
    258c:	80 91 61 25 	lds	r24, 0x2561	; 0x802561 <pxCurrentTCB>
    2590:	90 91 62 25 	lds	r25, 0x2562	; 0x802562 <pxCurrentTCB+0x1>
    2594:	fc 01       	movw	r30, r24
    2596:	86 89       	ldd	r24, Z+22	; 0x16
    2598:	28 17       	cp	r18, r24
    259a:	18 f0       	brcs	.+6      	; 0x25a2 <xTaskResumeAll+0xde>
    259c:	81 e0       	ldi	r24, 0x01	; 1
    259e:	80 93 f5 25 	sts	0x25F5, r24	; 0x8025f5 <xYieldPending>
    25a2:	80 91 d3 25 	lds	r24, 0x25D3	; 0x8025d3 <xPendingReadyList>
    25a6:	88 23       	and	r24, r24
    25a8:	09 f0       	breq	.+2      	; 0x25ac <xTaskResumeAll+0xe8>
    25aa:	b2 cf       	rjmp	.-156    	; 0x2510 <xTaskResumeAll+0x4c>
    25ac:	89 81       	ldd	r24, Y+1	; 0x01
    25ae:	9a 81       	ldd	r25, Y+2	; 0x02
    25b0:	89 2b       	or	r24, r25
    25b2:	11 f0       	breq	.+4      	; 0x25b8 <xTaskResumeAll+0xf4>
    25b4:	0e 94 2b 18 	call	0x3056	; 0x3056 <prvResetNextTaskUnblockTime>
    25b8:	80 91 f4 25 	lds	r24, 0x25F4	; 0x8025f4 <uxPendedTicks>
    25bc:	8c 83       	std	Y+4, r24	; 0x04
    25be:	8c 81       	ldd	r24, Y+4	; 0x04
    25c0:	88 23       	and	r24, r24
    25c2:	79 f0       	breq	.+30     	; 0x25e2 <xTaskResumeAll+0x11e>
    25c4:	0e 94 c6 13 	call	0x278c	; 0x278c <xTaskIncrementTick>
    25c8:	88 23       	and	r24, r24
    25ca:	19 f0       	breq	.+6      	; 0x25d2 <xTaskResumeAll+0x10e>
    25cc:	81 e0       	ldi	r24, 0x01	; 1
    25ce:	80 93 f5 25 	sts	0x25F5, r24	; 0x8025f5 <xYieldPending>
    25d2:	8c 81       	ldd	r24, Y+4	; 0x04
    25d4:	81 50       	subi	r24, 0x01	; 1
    25d6:	8c 83       	std	Y+4, r24	; 0x04
    25d8:	8c 81       	ldd	r24, Y+4	; 0x04
    25da:	88 23       	and	r24, r24
    25dc:	99 f7       	brne	.-26     	; 0x25c4 <xTaskResumeAll+0x100>
    25de:	10 92 f4 25 	sts	0x25F4, r1	; 0x8025f4 <uxPendedTicks>
    25e2:	80 91 f5 25 	lds	r24, 0x25F5	; 0x8025f5 <xYieldPending>
    25e6:	88 23       	and	r24, r24
    25e8:	21 f0       	breq	.+8      	; 0x25f2 <xTaskResumeAll+0x12e>
    25ea:	81 e0       	ldi	r24, 0x01	; 1
    25ec:	8b 83       	std	Y+3, r24	; 0x03
    25ee:	0e 94 af 0d 	call	0x1b5e	; 0x1b5e <vPortYield>
    25f2:	0f 90       	pop	r0
    25f4:	0f be       	out	0x3f, r0	; 63
    25f6:	8b 81       	ldd	r24, Y+3	; 0x03
    25f8:	24 96       	adiw	r28, 0x04	; 4
    25fa:	cd bf       	out	0x3d, r28	; 61
    25fc:	de bf       	out	0x3e, r29	; 62
    25fe:	df 91       	pop	r29
    2600:	cf 91       	pop	r28
    2602:	08 95       	ret

00002604 <uxTaskGetSystemState>:
    2604:	cf 93       	push	r28
    2606:	df 93       	push	r29
    2608:	cd b7       	in	r28, 0x3d	; 61
    260a:	de b7       	in	r29, 0x3e	; 62
    260c:	27 97       	sbiw	r28, 0x07	; 7
    260e:	cd bf       	out	0x3d, r28	; 61
    2610:	de bf       	out	0x3e, r29	; 62
    2612:	8b 83       	std	Y+3, r24	; 0x03
    2614:	9c 83       	std	Y+4, r25	; 0x04
    2616:	6d 83       	std	Y+5, r22	; 0x05
    2618:	4e 83       	std	Y+6, r20	; 0x06
    261a:	5f 83       	std	Y+7, r21	; 0x07
    261c:	19 82       	std	Y+1, r1	; 0x01
    261e:	8a e0       	ldi	r24, 0x0A	; 10
    2620:	8a 83       	std	Y+2, r24	; 0x02
    2622:	0e 94 55 12 	call	0x24aa	; 0x24aa <vTaskSuspendAll>
    2626:	80 91 ef 25 	lds	r24, 0x25EF	; 0x8025ef <uxCurrentNumberOfTasks>
    262a:	9d 81       	ldd	r25, Y+5	; 0x05
    262c:	98 17       	cp	r25, r24
    262e:	08 f4       	brcc	.+2      	; 0x2632 <uxTaskGetSystemState+0x2e>
    2630:	a4 c0       	rjmp	.+328    	; 0x277a <uxTaskGetSystemState+0x176>
    2632:	8a 81       	ldd	r24, Y+2	; 0x02
    2634:	81 50       	subi	r24, 0x01	; 1
    2636:	8a 83       	std	Y+2, r24	; 0x02
    2638:	8a 81       	ldd	r24, Y+2	; 0x02
    263a:	28 2f       	mov	r18, r24
    263c:	30 e0       	ldi	r19, 0x00	; 0
    263e:	c9 01       	movw	r24, r18
    2640:	88 0f       	add	r24, r24
    2642:	99 1f       	adc	r25, r25
    2644:	88 0f       	add	r24, r24
    2646:	99 1f       	adc	r25, r25
    2648:	88 0f       	add	r24, r24
    264a:	99 1f       	adc	r25, r25
    264c:	82 0f       	add	r24, r18
    264e:	93 1f       	adc	r25, r19
    2650:	bc 01       	movw	r22, r24
    2652:	6d 59       	subi	r22, 0x9D	; 157
    2654:	7a 4d       	sbci	r23, 0xDA	; 218
    2656:	89 81       	ldd	r24, Y+1	; 0x01
    2658:	88 2f       	mov	r24, r24
    265a:	90 e0       	ldi	r25, 0x00	; 0
    265c:	82 95       	swap	r24
    265e:	92 95       	swap	r25
    2660:	90 7f       	andi	r25, 0xF0	; 240
    2662:	98 27       	eor	r25, r24
    2664:	80 7f       	andi	r24, 0xF0	; 240
    2666:	98 27       	eor	r25, r24
    2668:	2b 81       	ldd	r18, Y+3	; 0x03
    266a:	3c 81       	ldd	r19, Y+4	; 0x04
    266c:	82 0f       	add	r24, r18
    266e:	93 1f       	adc	r25, r19
    2670:	41 e0       	ldi	r20, 0x01	; 1
    2672:	0e 94 47 17 	call	0x2e8e	; 0x2e8e <prvListTasksWithinSingleList>
    2676:	98 2f       	mov	r25, r24
    2678:	89 81       	ldd	r24, Y+1	; 0x01
    267a:	89 0f       	add	r24, r25
    267c:	89 83       	std	Y+1, r24	; 0x01
    267e:	8a 81       	ldd	r24, Y+2	; 0x02
    2680:	88 23       	and	r24, r24
    2682:	b9 f6       	brne	.-82     	; 0x2632 <uxTaskGetSystemState+0x2e>
    2684:	60 91 cf 25 	lds	r22, 0x25CF	; 0x8025cf <pxDelayedTaskList>
    2688:	70 91 d0 25 	lds	r23, 0x25D0	; 0x8025d0 <pxDelayedTaskList+0x1>
    268c:	89 81       	ldd	r24, Y+1	; 0x01
    268e:	88 2f       	mov	r24, r24
    2690:	90 e0       	ldi	r25, 0x00	; 0
    2692:	82 95       	swap	r24
    2694:	92 95       	swap	r25
    2696:	90 7f       	andi	r25, 0xF0	; 240
    2698:	98 27       	eor	r25, r24
    269a:	80 7f       	andi	r24, 0xF0	; 240
    269c:	98 27       	eor	r25, r24
    269e:	2b 81       	ldd	r18, Y+3	; 0x03
    26a0:	3c 81       	ldd	r19, Y+4	; 0x04
    26a2:	82 0f       	add	r24, r18
    26a4:	93 1f       	adc	r25, r19
    26a6:	42 e0       	ldi	r20, 0x02	; 2
    26a8:	0e 94 47 17 	call	0x2e8e	; 0x2e8e <prvListTasksWithinSingleList>
    26ac:	98 2f       	mov	r25, r24
    26ae:	89 81       	ldd	r24, Y+1	; 0x01
    26b0:	89 0f       	add	r24, r25
    26b2:	89 83       	std	Y+1, r24	; 0x01
    26b4:	60 91 d1 25 	lds	r22, 0x25D1	; 0x8025d1 <pxOverflowDelayedTaskList>
    26b8:	70 91 d2 25 	lds	r23, 0x25D2	; 0x8025d2 <pxOverflowDelayedTaskList+0x1>
    26bc:	89 81       	ldd	r24, Y+1	; 0x01
    26be:	88 2f       	mov	r24, r24
    26c0:	90 e0       	ldi	r25, 0x00	; 0
    26c2:	82 95       	swap	r24
    26c4:	92 95       	swap	r25
    26c6:	90 7f       	andi	r25, 0xF0	; 240
    26c8:	98 27       	eor	r25, r24
    26ca:	80 7f       	andi	r24, 0xF0	; 240
    26cc:	98 27       	eor	r25, r24
    26ce:	2b 81       	ldd	r18, Y+3	; 0x03
    26d0:	3c 81       	ldd	r19, Y+4	; 0x04
    26d2:	82 0f       	add	r24, r18
    26d4:	93 1f       	adc	r25, r19
    26d6:	42 e0       	ldi	r20, 0x02	; 2
    26d8:	0e 94 47 17 	call	0x2e8e	; 0x2e8e <prvListTasksWithinSingleList>
    26dc:	98 2f       	mov	r25, r24
    26de:	89 81       	ldd	r24, Y+1	; 0x01
    26e0:	89 0f       	add	r24, r25
    26e2:	89 83       	std	Y+1, r24	; 0x01
    26e4:	89 81       	ldd	r24, Y+1	; 0x01
    26e6:	88 2f       	mov	r24, r24
    26e8:	90 e0       	ldi	r25, 0x00	; 0
    26ea:	82 95       	swap	r24
    26ec:	92 95       	swap	r25
    26ee:	90 7f       	andi	r25, 0xF0	; 240
    26f0:	98 27       	eor	r25, r24
    26f2:	80 7f       	andi	r24, 0xF0	; 240
    26f4:	98 27       	eor	r25, r24
    26f6:	2b 81       	ldd	r18, Y+3	; 0x03
    26f8:	3c 81       	ldd	r19, Y+4	; 0x04
    26fa:	82 0f       	add	r24, r18
    26fc:	93 1f       	adc	r25, r19
    26fe:	44 e0       	ldi	r20, 0x04	; 4
    2700:	6c ed       	ldi	r22, 0xDC	; 220
    2702:	75 e2       	ldi	r23, 0x25	; 37
    2704:	0e 94 47 17 	call	0x2e8e	; 0x2e8e <prvListTasksWithinSingleList>
    2708:	98 2f       	mov	r25, r24
    270a:	89 81       	ldd	r24, Y+1	; 0x01
    270c:	89 0f       	add	r24, r25
    270e:	89 83       	std	Y+1, r24	; 0x01
    2710:	89 81       	ldd	r24, Y+1	; 0x01
    2712:	88 2f       	mov	r24, r24
    2714:	90 e0       	ldi	r25, 0x00	; 0
    2716:	82 95       	swap	r24
    2718:	92 95       	swap	r25
    271a:	90 7f       	andi	r25, 0xF0	; 240
    271c:	98 27       	eor	r25, r24
    271e:	80 7f       	andi	r24, 0xF0	; 240
    2720:	98 27       	eor	r25, r24
    2722:	2b 81       	ldd	r18, Y+3	; 0x03
    2724:	3c 81       	ldd	r19, Y+4	; 0x04
    2726:	82 0f       	add	r24, r18
    2728:	93 1f       	adc	r25, r19
    272a:	43 e0       	ldi	r20, 0x03	; 3
    272c:	66 ee       	ldi	r22, 0xE6	; 230
    272e:	75 e2       	ldi	r23, 0x25	; 37
    2730:	0e 94 47 17 	call	0x2e8e	; 0x2e8e <prvListTasksWithinSingleList>
    2734:	98 2f       	mov	r25, r24
    2736:	89 81       	ldd	r24, Y+1	; 0x01
    2738:	89 0f       	add	r24, r25
    273a:	89 83       	std	Y+1, r24	; 0x01
    273c:	8e 81       	ldd	r24, Y+6	; 0x06
    273e:	9f 81       	ldd	r25, Y+7	; 0x07
    2740:	89 2b       	or	r24, r25
    2742:	d9 f0       	breq	.+54     	; 0x277a <uxTaskGetSystemState+0x176>
    2744:	80 e0       	ldi	r24, 0x00	; 0
    2746:	98 e0       	ldi	r25, 0x08	; 8
    2748:	fc 01       	movw	r30, r24
    274a:	80 a1       	ldd	r24, Z+32	; 0x20
    274c:	91 a1       	ldd	r25, Z+33	; 0x21
    274e:	9c 01       	movw	r18, r24
    2750:	40 e0       	ldi	r20, 0x00	; 0
    2752:	50 e0       	ldi	r21, 0x00	; 0
    2754:	80 91 05 26 	lds	r24, 0x2605	; 0x802605 <StatsTimer>
    2758:	90 91 06 26 	lds	r25, 0x2606	; 0x802606 <StatsTimer+0x1>
    275c:	a0 91 07 26 	lds	r26, 0x2607	; 0x802607 <StatsTimer+0x2>
    2760:	b0 91 08 26 	lds	r27, 0x2608	; 0x802608 <StatsTimer+0x3>
    2764:	82 0f       	add	r24, r18
    2766:	93 1f       	adc	r25, r19
    2768:	a4 1f       	adc	r26, r20
    276a:	b5 1f       	adc	r27, r21
    276c:	2e 81       	ldd	r18, Y+6	; 0x06
    276e:	3f 81       	ldd	r19, Y+7	; 0x07
    2770:	f9 01       	movw	r30, r18
    2772:	80 83       	st	Z, r24
    2774:	91 83       	std	Z+1, r25	; 0x01
    2776:	a2 83       	std	Z+2, r26	; 0x02
    2778:	b3 83       	std	Z+3, r27	; 0x03
    277a:	0e 94 62 12 	call	0x24c4	; 0x24c4 <xTaskResumeAll>
    277e:	89 81       	ldd	r24, Y+1	; 0x01
    2780:	27 96       	adiw	r28, 0x07	; 7
    2782:	cd bf       	out	0x3d, r28	; 61
    2784:	de bf       	out	0x3e, r29	; 62
    2786:	df 91       	pop	r29
    2788:	cf 91       	pop	r28
    278a:	08 95       	ret

0000278c <xTaskIncrementTick>:
    278c:	cf 93       	push	r28
    278e:	df 93       	push	r29
    2790:	cd b7       	in	r28, 0x3d	; 61
    2792:	de b7       	in	r29, 0x3e	; 62
    2794:	29 97       	sbiw	r28, 0x09	; 9
    2796:	cd bf       	out	0x3d, r28	; 61
    2798:	de bf       	out	0x3e, r29	; 62
    279a:	19 82       	std	Y+1, r1	; 0x01
    279c:	80 91 fc 25 	lds	r24, 0x25FC	; 0x8025fc <uxSchedulerSuspended>
    27a0:	88 23       	and	r24, r24
    27a2:	09 f0       	breq	.+2      	; 0x27a6 <xTaskIncrementTick+0x1a>
    27a4:	d6 c0       	rjmp	.+428    	; 0x2952 <xTaskIncrementTick+0x1c6>
    27a6:	80 91 f0 25 	lds	r24, 0x25F0	; 0x8025f0 <xTickCount>
    27aa:	90 91 f1 25 	lds	r25, 0x25F1	; 0x8025f1 <xTickCount+0x1>
    27ae:	01 96       	adiw	r24, 0x01	; 1
    27b0:	8a 83       	std	Y+2, r24	; 0x02
    27b2:	9b 83       	std	Y+3, r25	; 0x03
    27b4:	8a 81       	ldd	r24, Y+2	; 0x02
    27b6:	9b 81       	ldd	r25, Y+3	; 0x03
    27b8:	80 93 f0 25 	sts	0x25F0, r24	; 0x8025f0 <xTickCount>
    27bc:	90 93 f1 25 	sts	0x25F1, r25	; 0x8025f1 <xTickCount+0x1>
    27c0:	8a 81       	ldd	r24, Y+2	; 0x02
    27c2:	9b 81       	ldd	r25, Y+3	; 0x03
    27c4:	89 2b       	or	r24, r25
    27c6:	49 f5       	brne	.+82     	; 0x281a <xTaskIncrementTick+0x8e>
    27c8:	80 91 cf 25 	lds	r24, 0x25CF	; 0x8025cf <pxDelayedTaskList>
    27cc:	90 91 d0 25 	lds	r25, 0x25D0	; 0x8025d0 <pxDelayedTaskList+0x1>
    27d0:	fc 01       	movw	r30, r24
    27d2:	80 81       	ld	r24, Z
    27d4:	88 23       	and	r24, r24
    27d6:	31 f0       	breq	.+12     	; 0x27e4 <xTaskIncrementTick+0x58>
    27d8:	66 e6       	ldi	r22, 0x66	; 102
    27da:	7a e0       	ldi	r23, 0x0A	; 10
    27dc:	86 e1       	ldi	r24, 0x16	; 22
    27de:	90 e2       	ldi	r25, 0x20	; 32
    27e0:	0e 94 e5 1a 	call	0x35ca	; 0x35ca <vAssertCalled>
    27e4:	80 91 cf 25 	lds	r24, 0x25CF	; 0x8025cf <pxDelayedTaskList>
    27e8:	90 91 d0 25 	lds	r25, 0x25D0	; 0x8025d0 <pxDelayedTaskList+0x1>
    27ec:	8c 83       	std	Y+4, r24	; 0x04
    27ee:	9d 83       	std	Y+5, r25	; 0x05
    27f0:	80 91 d1 25 	lds	r24, 0x25D1	; 0x8025d1 <pxOverflowDelayedTaskList>
    27f4:	90 91 d2 25 	lds	r25, 0x25D2	; 0x8025d2 <pxOverflowDelayedTaskList+0x1>
    27f8:	80 93 cf 25 	sts	0x25CF, r24	; 0x8025cf <pxDelayedTaskList>
    27fc:	90 93 d0 25 	sts	0x25D0, r25	; 0x8025d0 <pxDelayedTaskList+0x1>
    2800:	8c 81       	ldd	r24, Y+4	; 0x04
    2802:	9d 81       	ldd	r25, Y+5	; 0x05
    2804:	80 93 d1 25 	sts	0x25D1, r24	; 0x8025d1 <pxOverflowDelayedTaskList>
    2808:	90 93 d2 25 	sts	0x25D2, r25	; 0x8025d2 <pxOverflowDelayedTaskList+0x1>
    280c:	80 91 f6 25 	lds	r24, 0x25F6	; 0x8025f6 <xNumOfOverflows>
    2810:	8f 5f       	subi	r24, 0xFF	; 255
    2812:	80 93 f6 25 	sts	0x25F6, r24	; 0x8025f6 <xNumOfOverflows>
    2816:	0e 94 2b 18 	call	0x3056	; 0x3056 <prvResetNextTaskUnblockTime>
    281a:	80 91 f8 25 	lds	r24, 0x25F8	; 0x8025f8 <xNextTaskUnblockTime>
    281e:	90 91 f9 25 	lds	r25, 0x25F9	; 0x8025f9 <xNextTaskUnblockTime+0x1>
    2822:	2a 81       	ldd	r18, Y+2	; 0x02
    2824:	3b 81       	ldd	r19, Y+3	; 0x03
    2826:	28 17       	cp	r18, r24
    2828:	39 07       	cpc	r19, r25
    282a:	08 f4       	brcc	.+2      	; 0x282e <xTaskIncrementTick+0xa2>
    282c:	78 c0       	rjmp	.+240    	; 0x291e <xTaskIncrementTick+0x192>
    282e:	80 91 cf 25 	lds	r24, 0x25CF	; 0x8025cf <pxDelayedTaskList>
    2832:	90 91 d0 25 	lds	r25, 0x25D0	; 0x8025d0 <pxDelayedTaskList+0x1>
    2836:	fc 01       	movw	r30, r24
    2838:	80 81       	ld	r24, Z
    283a:	88 23       	and	r24, r24
    283c:	39 f4       	brne	.+14     	; 0x284c <xTaskIncrementTick+0xc0>
    283e:	8f ef       	ldi	r24, 0xFF	; 255
    2840:	9f ef       	ldi	r25, 0xFF	; 255
    2842:	80 93 f8 25 	sts	0x25F8, r24	; 0x8025f8 <xNextTaskUnblockTime>
    2846:	90 93 f9 25 	sts	0x25F9, r25	; 0x8025f9 <xNextTaskUnblockTime+0x1>
    284a:	69 c0       	rjmp	.+210    	; 0x291e <xTaskIncrementTick+0x192>
    284c:	80 91 cf 25 	lds	r24, 0x25CF	; 0x8025cf <pxDelayedTaskList>
    2850:	90 91 d0 25 	lds	r25, 0x25D0	; 0x8025d0 <pxDelayedTaskList+0x1>
    2854:	fc 01       	movw	r30, r24
    2856:	85 81       	ldd	r24, Z+5	; 0x05
    2858:	96 81       	ldd	r25, Z+6	; 0x06
    285a:	fc 01       	movw	r30, r24
    285c:	86 81       	ldd	r24, Z+6	; 0x06
    285e:	97 81       	ldd	r25, Z+7	; 0x07
    2860:	8e 83       	std	Y+6, r24	; 0x06
    2862:	9f 83       	std	Y+7, r25	; 0x07
    2864:	8e 81       	ldd	r24, Y+6	; 0x06
    2866:	9f 81       	ldd	r25, Y+7	; 0x07
    2868:	fc 01       	movw	r30, r24
    286a:	82 81       	ldd	r24, Z+2	; 0x02
    286c:	93 81       	ldd	r25, Z+3	; 0x03
    286e:	88 87       	std	Y+8, r24	; 0x08
    2870:	99 87       	std	Y+9, r25	; 0x09
    2872:	2a 81       	ldd	r18, Y+2	; 0x02
    2874:	3b 81       	ldd	r19, Y+3	; 0x03
    2876:	88 85       	ldd	r24, Y+8	; 0x08
    2878:	99 85       	ldd	r25, Y+9	; 0x09
    287a:	28 17       	cp	r18, r24
    287c:	39 07       	cpc	r19, r25
    287e:	38 f4       	brcc	.+14     	; 0x288e <xTaskIncrementTick+0x102>
    2880:	88 85       	ldd	r24, Y+8	; 0x08
    2882:	99 85       	ldd	r25, Y+9	; 0x09
    2884:	80 93 f8 25 	sts	0x25F8, r24	; 0x8025f8 <xNextTaskUnblockTime>
    2888:	90 93 f9 25 	sts	0x25F9, r25	; 0x8025f9 <xNextTaskUnblockTime+0x1>
    288c:	48 c0       	rjmp	.+144    	; 0x291e <xTaskIncrementTick+0x192>
    288e:	8e 81       	ldd	r24, Y+6	; 0x06
    2890:	9f 81       	ldd	r25, Y+7	; 0x07
    2892:	02 96       	adiw	r24, 0x02	; 2
    2894:	0e 94 71 0b 	call	0x16e2	; 0x16e2 <uxListRemove>
    2898:	8e 81       	ldd	r24, Y+6	; 0x06
    289a:	9f 81       	ldd	r25, Y+7	; 0x07
    289c:	fc 01       	movw	r30, r24
    289e:	84 89       	ldd	r24, Z+20	; 0x14
    28a0:	95 89       	ldd	r25, Z+21	; 0x15
    28a2:	89 2b       	or	r24, r25
    28a4:	29 f0       	breq	.+10     	; 0x28b0 <xTaskIncrementTick+0x124>
    28a6:	8e 81       	ldd	r24, Y+6	; 0x06
    28a8:	9f 81       	ldd	r25, Y+7	; 0x07
    28aa:	0c 96       	adiw	r24, 0x0c	; 12
    28ac:	0e 94 71 0b 	call	0x16e2	; 0x16e2 <uxListRemove>
    28b0:	8e 81       	ldd	r24, Y+6	; 0x06
    28b2:	9f 81       	ldd	r25, Y+7	; 0x07
    28b4:	fc 01       	movw	r30, r24
    28b6:	96 89       	ldd	r25, Z+22	; 0x16
    28b8:	80 91 f2 25 	lds	r24, 0x25F2	; 0x8025f2 <uxTopReadyPriority>
    28bc:	89 17       	cp	r24, r25
    28be:	30 f4       	brcc	.+12     	; 0x28cc <xTaskIncrementTick+0x140>
    28c0:	8e 81       	ldd	r24, Y+6	; 0x06
    28c2:	9f 81       	ldd	r25, Y+7	; 0x07
    28c4:	fc 01       	movw	r30, r24
    28c6:	86 89       	ldd	r24, Z+22	; 0x16
    28c8:	80 93 f2 25 	sts	0x25F2, r24	; 0x8025f2 <uxTopReadyPriority>
    28cc:	8e 81       	ldd	r24, Y+6	; 0x06
    28ce:	9f 81       	ldd	r25, Y+7	; 0x07
    28d0:	ac 01       	movw	r20, r24
    28d2:	4e 5f       	subi	r20, 0xFE	; 254
    28d4:	5f 4f       	sbci	r21, 0xFF	; 255
    28d6:	8e 81       	ldd	r24, Y+6	; 0x06
    28d8:	9f 81       	ldd	r25, Y+7	; 0x07
    28da:	fc 01       	movw	r30, r24
    28dc:	86 89       	ldd	r24, Z+22	; 0x16
    28de:	28 2f       	mov	r18, r24
    28e0:	30 e0       	ldi	r19, 0x00	; 0
    28e2:	c9 01       	movw	r24, r18
    28e4:	88 0f       	add	r24, r24
    28e6:	99 1f       	adc	r25, r25
    28e8:	88 0f       	add	r24, r24
    28ea:	99 1f       	adc	r25, r25
    28ec:	88 0f       	add	r24, r24
    28ee:	99 1f       	adc	r25, r25
    28f0:	82 0f       	add	r24, r18
    28f2:	93 1f       	adc	r25, r19
    28f4:	8d 59       	subi	r24, 0x9D	; 157
    28f6:	9a 4d       	sbci	r25, 0xDA	; 218
    28f8:	ba 01       	movw	r22, r20
    28fa:	0e 94 b4 0a 	call	0x1568	; 0x1568 <vListInsertEnd>
    28fe:	8e 81       	ldd	r24, Y+6	; 0x06
    2900:	9f 81       	ldd	r25, Y+7	; 0x07
    2902:	fc 01       	movw	r30, r24
    2904:	26 89       	ldd	r18, Z+22	; 0x16
    2906:	80 91 61 25 	lds	r24, 0x2561	; 0x802561 <pxCurrentTCB>
    290a:	90 91 62 25 	lds	r25, 0x2562	; 0x802562 <pxCurrentTCB+0x1>
    290e:	fc 01       	movw	r30, r24
    2910:	86 89       	ldd	r24, Z+22	; 0x16
    2912:	28 17       	cp	r18, r24
    2914:	08 f4       	brcc	.+2      	; 0x2918 <xTaskIncrementTick+0x18c>
    2916:	8b cf       	rjmp	.-234    	; 0x282e <xTaskIncrementTick+0xa2>
    2918:	81 e0       	ldi	r24, 0x01	; 1
    291a:	89 83       	std	Y+1, r24	; 0x01
    291c:	88 cf       	rjmp	.-240    	; 0x282e <xTaskIncrementTick+0xa2>
    291e:	80 91 61 25 	lds	r24, 0x2561	; 0x802561 <pxCurrentTCB>
    2922:	90 91 62 25 	lds	r25, 0x2562	; 0x802562 <pxCurrentTCB+0x1>
    2926:	fc 01       	movw	r30, r24
    2928:	86 89       	ldd	r24, Z+22	; 0x16
    292a:	28 2f       	mov	r18, r24
    292c:	30 e0       	ldi	r19, 0x00	; 0
    292e:	c9 01       	movw	r24, r18
    2930:	88 0f       	add	r24, r24
    2932:	99 1f       	adc	r25, r25
    2934:	88 0f       	add	r24, r24
    2936:	99 1f       	adc	r25, r25
    2938:	88 0f       	add	r24, r24
    293a:	99 1f       	adc	r25, r25
    293c:	82 0f       	add	r24, r18
    293e:	93 1f       	adc	r25, r19
    2940:	8d 59       	subi	r24, 0x9D	; 157
    2942:	9a 4d       	sbci	r25, 0xDA	; 218
    2944:	fc 01       	movw	r30, r24
    2946:	80 81       	ld	r24, Z
    2948:	82 30       	cpi	r24, 0x02	; 2
    294a:	40 f0       	brcs	.+16     	; 0x295c <xTaskIncrementTick+0x1d0>
    294c:	81 e0       	ldi	r24, 0x01	; 1
    294e:	89 83       	std	Y+1, r24	; 0x01
    2950:	05 c0       	rjmp	.+10     	; 0x295c <xTaskIncrementTick+0x1d0>
    2952:	80 91 f4 25 	lds	r24, 0x25F4	; 0x8025f4 <uxPendedTicks>
    2956:	8f 5f       	subi	r24, 0xFF	; 255
    2958:	80 93 f4 25 	sts	0x25F4, r24	; 0x8025f4 <uxPendedTicks>
    295c:	80 91 f5 25 	lds	r24, 0x25F5	; 0x8025f5 <xYieldPending>
    2960:	88 23       	and	r24, r24
    2962:	11 f0       	breq	.+4      	; 0x2968 <xTaskIncrementTick+0x1dc>
    2964:	81 e0       	ldi	r24, 0x01	; 1
    2966:	89 83       	std	Y+1, r24	; 0x01
    2968:	89 81       	ldd	r24, Y+1	; 0x01
    296a:	29 96       	adiw	r28, 0x09	; 9
    296c:	cd bf       	out	0x3d, r28	; 61
    296e:	de bf       	out	0x3e, r29	; 62
    2970:	df 91       	pop	r29
    2972:	cf 91       	pop	r28
    2974:	08 95       	ret

00002976 <vTaskSwitchContext>:
    2976:	af 92       	push	r10
    2978:	bf 92       	push	r11
    297a:	cf 92       	push	r12
    297c:	df 92       	push	r13
    297e:	ef 92       	push	r14
    2980:	ff 92       	push	r15
    2982:	0f 93       	push	r16
    2984:	1f 93       	push	r17
    2986:	cf 93       	push	r28
    2988:	df 93       	push	r29
    298a:	cd b7       	in	r28, 0x3d	; 61
    298c:	de b7       	in	r29, 0x3e	; 62
    298e:	29 97       	sbiw	r28, 0x09	; 9
    2990:	cd bf       	out	0x3d, r28	; 61
    2992:	de bf       	out	0x3e, r29	; 62
    2994:	80 91 fc 25 	lds	r24, 0x25FC	; 0x8025fc <uxSchedulerSuspended>
    2998:	88 23       	and	r24, r24
    299a:	21 f0       	breq	.+8      	; 0x29a4 <vTaskSwitchContext+0x2e>
    299c:	81 e0       	ldi	r24, 0x01	; 1
    299e:	80 93 f5 25 	sts	0x25F5, r24	; 0x8025f5 <xYieldPending>
    29a2:	34 c1       	rjmp	.+616    	; 0x2c0c <vTaskSwitchContext+0x296>
    29a4:	10 92 f5 25 	sts	0x25F5, r1	; 0x8025f5 <xYieldPending>
    29a8:	80 e0       	ldi	r24, 0x00	; 0
    29aa:	98 e0       	ldi	r25, 0x08	; 8
    29ac:	fc 01       	movw	r30, r24
    29ae:	80 a1       	ldd	r24, Z+32	; 0x20
    29b0:	91 a1       	ldd	r25, Z+33	; 0x21
    29b2:	9c 01       	movw	r18, r24
    29b4:	40 e0       	ldi	r20, 0x00	; 0
    29b6:	50 e0       	ldi	r21, 0x00	; 0
    29b8:	80 91 05 26 	lds	r24, 0x2605	; 0x802605 <StatsTimer>
    29bc:	90 91 06 26 	lds	r25, 0x2606	; 0x802606 <StatsTimer+0x1>
    29c0:	a0 91 07 26 	lds	r26, 0x2607	; 0x802607 <StatsTimer+0x2>
    29c4:	b0 91 08 26 	lds	r27, 0x2608	; 0x802608 <StatsTimer+0x3>
    29c8:	82 0f       	add	r24, r18
    29ca:	93 1f       	adc	r25, r19
    29cc:	a4 1f       	adc	r26, r20
    29ce:	b5 1f       	adc	r27, r21
    29d0:	80 93 01 26 	sts	0x2601, r24	; 0x802601 <ulTotalRunTime>
    29d4:	90 93 02 26 	sts	0x2602, r25	; 0x802602 <ulTotalRunTime+0x1>
    29d8:	a0 93 03 26 	sts	0x2603, r26	; 0x802603 <ulTotalRunTime+0x2>
    29dc:	b0 93 04 26 	sts	0x2604, r27	; 0x802604 <ulTotalRunTime+0x3>
    29e0:	20 91 01 26 	lds	r18, 0x2601	; 0x802601 <ulTotalRunTime>
    29e4:	30 91 02 26 	lds	r19, 0x2602	; 0x802602 <ulTotalRunTime+0x1>
    29e8:	40 91 03 26 	lds	r20, 0x2603	; 0x802603 <ulTotalRunTime+0x2>
    29ec:	50 91 04 26 	lds	r21, 0x2604	; 0x802604 <ulTotalRunTime+0x3>
    29f0:	80 91 fd 25 	lds	r24, 0x25FD	; 0x8025fd <ulTaskSwitchedInTime>
    29f4:	90 91 fe 25 	lds	r25, 0x25FE	; 0x8025fe <ulTaskSwitchedInTime+0x1>
    29f8:	a0 91 ff 25 	lds	r26, 0x25FF	; 0x8025ff <ulTaskSwitchedInTime+0x2>
    29fc:	b0 91 00 26 	lds	r27, 0x2600	; 0x802600 <ulTaskSwitchedInTime+0x3>
    2a00:	82 17       	cp	r24, r18
    2a02:	93 07       	cpc	r25, r19
    2a04:	a4 07       	cpc	r26, r20
    2a06:	b5 07       	cpc	r27, r21
    2a08:	50 f5       	brcc	.+84     	; 0x2a5e <vTaskSwitchContext+0xe8>
    2a0a:	60 91 61 25 	lds	r22, 0x2561	; 0x802561 <pxCurrentTCB>
    2a0e:	70 91 62 25 	lds	r23, 0x2562	; 0x802562 <pxCurrentTCB+0x1>
    2a12:	fb 01       	movw	r30, r22
    2a14:	27 a1       	ldd	r18, Z+39	; 0x27
    2a16:	30 a5       	ldd	r19, Z+40	; 0x28
    2a18:	41 a5       	ldd	r20, Z+41	; 0x29
    2a1a:	52 a5       	ldd	r21, Z+42	; 0x2a
    2a1c:	e0 90 01 26 	lds	r14, 0x2601	; 0x802601 <ulTotalRunTime>
    2a20:	f0 90 02 26 	lds	r15, 0x2602	; 0x802602 <ulTotalRunTime+0x1>
    2a24:	00 91 03 26 	lds	r16, 0x2603	; 0x802603 <ulTotalRunTime+0x2>
    2a28:	10 91 04 26 	lds	r17, 0x2604	; 0x802604 <ulTotalRunTime+0x3>
    2a2c:	80 91 fd 25 	lds	r24, 0x25FD	; 0x8025fd <ulTaskSwitchedInTime>
    2a30:	90 91 fe 25 	lds	r25, 0x25FE	; 0x8025fe <ulTaskSwitchedInTime+0x1>
    2a34:	a0 91 ff 25 	lds	r26, 0x25FF	; 0x8025ff <ulTaskSwitchedInTime+0x2>
    2a38:	b0 91 00 26 	lds	r27, 0x2600	; 0x802600 <ulTaskSwitchedInTime+0x3>
    2a3c:	57 01       	movw	r10, r14
    2a3e:	68 01       	movw	r12, r16
    2a40:	a8 1a       	sub	r10, r24
    2a42:	b9 0a       	sbc	r11, r25
    2a44:	ca 0a       	sbc	r12, r26
    2a46:	db 0a       	sbc	r13, r27
    2a48:	d6 01       	movw	r26, r12
    2a4a:	c5 01       	movw	r24, r10
    2a4c:	82 0f       	add	r24, r18
    2a4e:	93 1f       	adc	r25, r19
    2a50:	a4 1f       	adc	r26, r20
    2a52:	b5 1f       	adc	r27, r21
    2a54:	fb 01       	movw	r30, r22
    2a56:	87 a3       	std	Z+39, r24	; 0x27
    2a58:	90 a7       	std	Z+40, r25	; 0x28
    2a5a:	a1 a7       	std	Z+41, r26	; 0x29
    2a5c:	b2 a7       	std	Z+42, r27	; 0x2a
    2a5e:	80 91 01 26 	lds	r24, 0x2601	; 0x802601 <ulTotalRunTime>
    2a62:	90 91 02 26 	lds	r25, 0x2602	; 0x802602 <ulTotalRunTime+0x1>
    2a66:	a0 91 03 26 	lds	r26, 0x2603	; 0x802603 <ulTotalRunTime+0x2>
    2a6a:	b0 91 04 26 	lds	r27, 0x2604	; 0x802604 <ulTotalRunTime+0x3>
    2a6e:	80 93 fd 25 	sts	0x25FD, r24	; 0x8025fd <ulTaskSwitchedInTime>
    2a72:	90 93 fe 25 	sts	0x25FE, r25	; 0x8025fe <ulTaskSwitchedInTime+0x1>
    2a76:	a0 93 ff 25 	sts	0x25FF, r26	; 0x8025ff <ulTaskSwitchedInTime+0x2>
    2a7a:	b0 93 00 26 	sts	0x2600, r27	; 0x802600 <ulTaskSwitchedInTime+0x3>
    2a7e:	80 91 61 25 	lds	r24, 0x2561	; 0x802561 <pxCurrentTCB>
    2a82:	90 91 62 25 	lds	r25, 0x2562	; 0x802562 <pxCurrentTCB+0x1>
    2a86:	fc 01       	movw	r30, r24
    2a88:	87 89       	ldd	r24, Z+23	; 0x17
    2a8a:	90 8d       	ldd	r25, Z+24	; 0x18
    2a8c:	8a 83       	std	Y+2, r24	; 0x02
    2a8e:	9b 83       	std	Y+3, r25	; 0x03
    2a90:	85 ea       	ldi	r24, 0xA5	; 165
    2a92:	95 ea       	ldi	r25, 0xA5	; 165
    2a94:	dc 01       	movw	r26, r24
    2a96:	8c 83       	std	Y+4, r24	; 0x04
    2a98:	9d 83       	std	Y+5, r25	; 0x05
    2a9a:	ae 83       	std	Y+6, r26	; 0x06
    2a9c:	bf 83       	std	Y+7, r27	; 0x07
    2a9e:	8a 81       	ldd	r24, Y+2	; 0x02
    2aa0:	9b 81       	ldd	r25, Y+3	; 0x03
    2aa2:	fc 01       	movw	r30, r24
    2aa4:	20 81       	ld	r18, Z
    2aa6:	31 81       	ldd	r19, Z+1	; 0x01
    2aa8:	42 81       	ldd	r20, Z+2	; 0x02
    2aaa:	53 81       	ldd	r21, Z+3	; 0x03
    2aac:	8c 81       	ldd	r24, Y+4	; 0x04
    2aae:	9d 81       	ldd	r25, Y+5	; 0x05
    2ab0:	ae 81       	ldd	r26, Y+6	; 0x06
    2ab2:	bf 81       	ldd	r27, Y+7	; 0x07
    2ab4:	28 17       	cp	r18, r24
    2ab6:	39 07       	cpc	r19, r25
    2ab8:	4a 07       	cpc	r20, r26
    2aba:	5b 07       	cpc	r21, r27
    2abc:	99 f5       	brne	.+102    	; 0x2b24 <vTaskSwitchContext+0x1ae>
    2abe:	8a 81       	ldd	r24, Y+2	; 0x02
    2ac0:	9b 81       	ldd	r25, Y+3	; 0x03
    2ac2:	04 96       	adiw	r24, 0x04	; 4
    2ac4:	fc 01       	movw	r30, r24
    2ac6:	20 81       	ld	r18, Z
    2ac8:	31 81       	ldd	r19, Z+1	; 0x01
    2aca:	42 81       	ldd	r20, Z+2	; 0x02
    2acc:	53 81       	ldd	r21, Z+3	; 0x03
    2ace:	8c 81       	ldd	r24, Y+4	; 0x04
    2ad0:	9d 81       	ldd	r25, Y+5	; 0x05
    2ad2:	ae 81       	ldd	r26, Y+6	; 0x06
    2ad4:	bf 81       	ldd	r27, Y+7	; 0x07
    2ad6:	28 17       	cp	r18, r24
    2ad8:	39 07       	cpc	r19, r25
    2ada:	4a 07       	cpc	r20, r26
    2adc:	5b 07       	cpc	r21, r27
    2ade:	11 f5       	brne	.+68     	; 0x2b24 <vTaskSwitchContext+0x1ae>
    2ae0:	8a 81       	ldd	r24, Y+2	; 0x02
    2ae2:	9b 81       	ldd	r25, Y+3	; 0x03
    2ae4:	08 96       	adiw	r24, 0x08	; 8
    2ae6:	fc 01       	movw	r30, r24
    2ae8:	20 81       	ld	r18, Z
    2aea:	31 81       	ldd	r19, Z+1	; 0x01
    2aec:	42 81       	ldd	r20, Z+2	; 0x02
    2aee:	53 81       	ldd	r21, Z+3	; 0x03
    2af0:	8c 81       	ldd	r24, Y+4	; 0x04
    2af2:	9d 81       	ldd	r25, Y+5	; 0x05
    2af4:	ae 81       	ldd	r26, Y+6	; 0x06
    2af6:	bf 81       	ldd	r27, Y+7	; 0x07
    2af8:	28 17       	cp	r18, r24
    2afa:	39 07       	cpc	r19, r25
    2afc:	4a 07       	cpc	r20, r26
    2afe:	5b 07       	cpc	r21, r27
    2b00:	89 f4       	brne	.+34     	; 0x2b24 <vTaskSwitchContext+0x1ae>
    2b02:	8a 81       	ldd	r24, Y+2	; 0x02
    2b04:	9b 81       	ldd	r25, Y+3	; 0x03
    2b06:	0c 96       	adiw	r24, 0x0c	; 12
    2b08:	fc 01       	movw	r30, r24
    2b0a:	20 81       	ld	r18, Z
    2b0c:	31 81       	ldd	r19, Z+1	; 0x01
    2b0e:	42 81       	ldd	r20, Z+2	; 0x02
    2b10:	53 81       	ldd	r21, Z+3	; 0x03
    2b12:	8c 81       	ldd	r24, Y+4	; 0x04
    2b14:	9d 81       	ldd	r25, Y+5	; 0x05
    2b16:	ae 81       	ldd	r26, Y+6	; 0x06
    2b18:	bf 81       	ldd	r27, Y+7	; 0x07
    2b1a:	28 17       	cp	r18, r24
    2b1c:	39 07       	cpc	r19, r25
    2b1e:	4a 07       	cpc	r20, r26
    2b20:	5b 07       	cpc	r21, r27
    2b22:	71 f0       	breq	.+28     	; 0x2b40 <vTaskSwitchContext+0x1ca>
    2b24:	80 91 61 25 	lds	r24, 0x2561	; 0x802561 <pxCurrentTCB>
    2b28:	90 91 62 25 	lds	r25, 0x2562	; 0x802562 <pxCurrentTCB+0x1>
    2b2c:	9c 01       	movw	r18, r24
    2b2e:	27 5e       	subi	r18, 0xE7	; 231
    2b30:	3f 4f       	sbci	r19, 0xFF	; 255
    2b32:	80 91 61 25 	lds	r24, 0x2561	; 0x802561 <pxCurrentTCB>
    2b36:	90 91 62 25 	lds	r25, 0x2562	; 0x802562 <pxCurrentTCB+0x1>
    2b3a:	b9 01       	movw	r22, r18
    2b3c:	0e 94 d7 19 	call	0x33ae	; 0x33ae <vApplicationStackOverflowHook>
    2b40:	80 91 f2 25 	lds	r24, 0x25F2	; 0x8025f2 <uxTopReadyPriority>
    2b44:	89 83       	std	Y+1, r24	; 0x01
    2b46:	0c c0       	rjmp	.+24     	; 0x2b60 <vTaskSwitchContext+0x1ea>
    2b48:	89 81       	ldd	r24, Y+1	; 0x01
    2b4a:	88 23       	and	r24, r24
    2b4c:	31 f4       	brne	.+12     	; 0x2b5a <vTaskSwitchContext+0x1e4>
    2b4e:	6c e8       	ldi	r22, 0x8C	; 140
    2b50:	7b e0       	ldi	r23, 0x0B	; 11
    2b52:	86 e1       	ldi	r24, 0x16	; 22
    2b54:	90 e2       	ldi	r25, 0x20	; 32
    2b56:	0e 94 e5 1a 	call	0x35ca	; 0x35ca <vAssertCalled>
    2b5a:	89 81       	ldd	r24, Y+1	; 0x01
    2b5c:	81 50       	subi	r24, 0x01	; 1
    2b5e:	89 83       	std	Y+1, r24	; 0x01
    2b60:	89 81       	ldd	r24, Y+1	; 0x01
    2b62:	28 2f       	mov	r18, r24
    2b64:	30 e0       	ldi	r19, 0x00	; 0
    2b66:	c9 01       	movw	r24, r18
    2b68:	88 0f       	add	r24, r24
    2b6a:	99 1f       	adc	r25, r25
    2b6c:	88 0f       	add	r24, r24
    2b6e:	99 1f       	adc	r25, r25
    2b70:	88 0f       	add	r24, r24
    2b72:	99 1f       	adc	r25, r25
    2b74:	82 0f       	add	r24, r18
    2b76:	93 1f       	adc	r25, r19
    2b78:	8d 59       	subi	r24, 0x9D	; 157
    2b7a:	9a 4d       	sbci	r25, 0xDA	; 218
    2b7c:	fc 01       	movw	r30, r24
    2b7e:	80 81       	ld	r24, Z
    2b80:	88 23       	and	r24, r24
    2b82:	11 f3       	breq	.-60     	; 0x2b48 <vTaskSwitchContext+0x1d2>
    2b84:	89 81       	ldd	r24, Y+1	; 0x01
    2b86:	28 2f       	mov	r18, r24
    2b88:	30 e0       	ldi	r19, 0x00	; 0
    2b8a:	c9 01       	movw	r24, r18
    2b8c:	88 0f       	add	r24, r24
    2b8e:	99 1f       	adc	r25, r25
    2b90:	88 0f       	add	r24, r24
    2b92:	99 1f       	adc	r25, r25
    2b94:	88 0f       	add	r24, r24
    2b96:	99 1f       	adc	r25, r25
    2b98:	82 0f       	add	r24, r18
    2b9a:	93 1f       	adc	r25, r19
    2b9c:	8d 59       	subi	r24, 0x9D	; 157
    2b9e:	9a 4d       	sbci	r25, 0xDA	; 218
    2ba0:	88 87       	std	Y+8, r24	; 0x08
    2ba2:	99 87       	std	Y+9, r25	; 0x09
    2ba4:	88 85       	ldd	r24, Y+8	; 0x08
    2ba6:	99 85       	ldd	r25, Y+9	; 0x09
    2ba8:	fc 01       	movw	r30, r24
    2baa:	81 81       	ldd	r24, Z+1	; 0x01
    2bac:	92 81       	ldd	r25, Z+2	; 0x02
    2bae:	fc 01       	movw	r30, r24
    2bb0:	22 81       	ldd	r18, Z+2	; 0x02
    2bb2:	33 81       	ldd	r19, Z+3	; 0x03
    2bb4:	88 85       	ldd	r24, Y+8	; 0x08
    2bb6:	99 85       	ldd	r25, Y+9	; 0x09
    2bb8:	fc 01       	movw	r30, r24
    2bba:	21 83       	std	Z+1, r18	; 0x01
    2bbc:	32 83       	std	Z+2, r19	; 0x02
    2bbe:	88 85       	ldd	r24, Y+8	; 0x08
    2bc0:	99 85       	ldd	r25, Y+9	; 0x09
    2bc2:	fc 01       	movw	r30, r24
    2bc4:	21 81       	ldd	r18, Z+1	; 0x01
    2bc6:	32 81       	ldd	r19, Z+2	; 0x02
    2bc8:	88 85       	ldd	r24, Y+8	; 0x08
    2bca:	99 85       	ldd	r25, Y+9	; 0x09
    2bcc:	03 96       	adiw	r24, 0x03	; 3
    2bce:	28 17       	cp	r18, r24
    2bd0:	39 07       	cpc	r19, r25
    2bd2:	69 f4       	brne	.+26     	; 0x2bee <vTaskSwitchContext+0x278>
    2bd4:	88 85       	ldd	r24, Y+8	; 0x08
    2bd6:	99 85       	ldd	r25, Y+9	; 0x09
    2bd8:	fc 01       	movw	r30, r24
    2bda:	81 81       	ldd	r24, Z+1	; 0x01
    2bdc:	92 81       	ldd	r25, Z+2	; 0x02
    2bde:	fc 01       	movw	r30, r24
    2be0:	22 81       	ldd	r18, Z+2	; 0x02
    2be2:	33 81       	ldd	r19, Z+3	; 0x03
    2be4:	88 85       	ldd	r24, Y+8	; 0x08
    2be6:	99 85       	ldd	r25, Y+9	; 0x09
    2be8:	fc 01       	movw	r30, r24
    2bea:	21 83       	std	Z+1, r18	; 0x01
    2bec:	32 83       	std	Z+2, r19	; 0x02
    2bee:	88 85       	ldd	r24, Y+8	; 0x08
    2bf0:	99 85       	ldd	r25, Y+9	; 0x09
    2bf2:	fc 01       	movw	r30, r24
    2bf4:	81 81       	ldd	r24, Z+1	; 0x01
    2bf6:	92 81       	ldd	r25, Z+2	; 0x02
    2bf8:	fc 01       	movw	r30, r24
    2bfa:	86 81       	ldd	r24, Z+6	; 0x06
    2bfc:	97 81       	ldd	r25, Z+7	; 0x07
    2bfe:	80 93 61 25 	sts	0x2561, r24	; 0x802561 <pxCurrentTCB>
    2c02:	90 93 62 25 	sts	0x2562, r25	; 0x802562 <pxCurrentTCB+0x1>
    2c06:	89 81       	ldd	r24, Y+1	; 0x01
    2c08:	80 93 f2 25 	sts	0x25F2, r24	; 0x8025f2 <uxTopReadyPriority>
    2c0c:	00 00       	nop
    2c0e:	29 96       	adiw	r28, 0x09	; 9
    2c10:	cd bf       	out	0x3d, r28	; 61
    2c12:	de bf       	out	0x3e, r29	; 62
    2c14:	df 91       	pop	r29
    2c16:	cf 91       	pop	r28
    2c18:	1f 91       	pop	r17
    2c1a:	0f 91       	pop	r16
    2c1c:	ff 90       	pop	r15
    2c1e:	ef 90       	pop	r14
    2c20:	df 90       	pop	r13
    2c22:	cf 90       	pop	r12
    2c24:	bf 90       	pop	r11
    2c26:	af 90       	pop	r10
    2c28:	08 95       	ret

00002c2a <prvIdleTask>:
    2c2a:	cf 93       	push	r28
    2c2c:	df 93       	push	r29
    2c2e:	1f 92       	push	r1
    2c30:	1f 92       	push	r1
    2c32:	cd b7       	in	r28, 0x3d	; 61
    2c34:	de b7       	in	r29, 0x3e	; 62
    2c36:	89 83       	std	Y+1, r24	; 0x01
    2c38:	9a 83       	std	Y+2, r25	; 0x02
    2c3a:	0e 94 6a 16 	call	0x2cd4	; 0x2cd4 <prvCheckTasksWaitingTermination>
    2c3e:	80 91 63 25 	lds	r24, 0x2563	; 0x802563 <pxReadyTasksLists>
    2c42:	82 30       	cpi	r24, 0x02	; 2
    2c44:	10 f0       	brcs	.+4      	; 0x2c4a <prvIdleTask+0x20>
    2c46:	0e 94 af 0d 	call	0x1b5e	; 0x1b5e <vPortYield>
    2c4a:	0e 94 cf 18 	call	0x319e	; 0x319e <vApplicationIdleHook>
    2c4e:	f5 cf       	rjmp	.-22     	; 0x2c3a <prvIdleTask+0x10>

00002c50 <prvInitialiseTaskLists>:
    2c50:	cf 93       	push	r28
    2c52:	df 93       	push	r29
    2c54:	1f 92       	push	r1
    2c56:	cd b7       	in	r28, 0x3d	; 61
    2c58:	de b7       	in	r29, 0x3e	; 62
    2c5a:	19 82       	std	Y+1, r1	; 0x01
    2c5c:	13 c0       	rjmp	.+38     	; 0x2c84 <prvInitialiseTaskLists+0x34>
    2c5e:	89 81       	ldd	r24, Y+1	; 0x01
    2c60:	28 2f       	mov	r18, r24
    2c62:	30 e0       	ldi	r19, 0x00	; 0
    2c64:	c9 01       	movw	r24, r18
    2c66:	88 0f       	add	r24, r24
    2c68:	99 1f       	adc	r25, r25
    2c6a:	88 0f       	add	r24, r24
    2c6c:	99 1f       	adc	r25, r25
    2c6e:	88 0f       	add	r24, r24
    2c70:	99 1f       	adc	r25, r25
    2c72:	82 0f       	add	r24, r18
    2c74:	93 1f       	adc	r25, r19
    2c76:	8d 59       	subi	r24, 0x9D	; 157
    2c78:	9a 4d       	sbci	r25, 0xDA	; 218
    2c7a:	0e 94 6a 0a 	call	0x14d4	; 0x14d4 <vListInitialise>
    2c7e:	89 81       	ldd	r24, Y+1	; 0x01
    2c80:	8f 5f       	subi	r24, 0xFF	; 255
    2c82:	89 83       	std	Y+1, r24	; 0x01
    2c84:	89 81       	ldd	r24, Y+1	; 0x01
    2c86:	8a 30       	cpi	r24, 0x0A	; 10
    2c88:	50 f3       	brcs	.-44     	; 0x2c5e <prvInitialiseTaskLists+0xe>
    2c8a:	8d eb       	ldi	r24, 0xBD	; 189
    2c8c:	95 e2       	ldi	r25, 0x25	; 37
    2c8e:	0e 94 6a 0a 	call	0x14d4	; 0x14d4 <vListInitialise>
    2c92:	86 ec       	ldi	r24, 0xC6	; 198
    2c94:	95 e2       	ldi	r25, 0x25	; 37
    2c96:	0e 94 6a 0a 	call	0x14d4	; 0x14d4 <vListInitialise>
    2c9a:	83 ed       	ldi	r24, 0xD3	; 211
    2c9c:	95 e2       	ldi	r25, 0x25	; 37
    2c9e:	0e 94 6a 0a 	call	0x14d4	; 0x14d4 <vListInitialise>
    2ca2:	8c ed       	ldi	r24, 0xDC	; 220
    2ca4:	95 e2       	ldi	r25, 0x25	; 37
    2ca6:	0e 94 6a 0a 	call	0x14d4	; 0x14d4 <vListInitialise>
    2caa:	86 ee       	ldi	r24, 0xE6	; 230
    2cac:	95 e2       	ldi	r25, 0x25	; 37
    2cae:	0e 94 6a 0a 	call	0x14d4	; 0x14d4 <vListInitialise>
    2cb2:	8d eb       	ldi	r24, 0xBD	; 189
    2cb4:	95 e2       	ldi	r25, 0x25	; 37
    2cb6:	80 93 cf 25 	sts	0x25CF, r24	; 0x8025cf <pxDelayedTaskList>
    2cba:	90 93 d0 25 	sts	0x25D0, r25	; 0x8025d0 <pxDelayedTaskList+0x1>
    2cbe:	86 ec       	ldi	r24, 0xC6	; 198
    2cc0:	95 e2       	ldi	r25, 0x25	; 37
    2cc2:	80 93 d1 25 	sts	0x25D1, r24	; 0x8025d1 <pxOverflowDelayedTaskList>
    2cc6:	90 93 d2 25 	sts	0x25D2, r25	; 0x8025d2 <pxOverflowDelayedTaskList+0x1>
    2cca:	00 00       	nop
    2ccc:	0f 90       	pop	r0
    2cce:	df 91       	pop	r29
    2cd0:	cf 91       	pop	r28
    2cd2:	08 95       	ret

00002cd4 <prvCheckTasksWaitingTermination>:
    2cd4:	cf 93       	push	r28
    2cd6:	df 93       	push	r29
    2cd8:	1f 92       	push	r1
    2cda:	1f 92       	push	r1
    2cdc:	cd b7       	in	r28, 0x3d	; 61
    2cde:	de b7       	in	r29, 0x3e	; 62
    2ce0:	21 c0       	rjmp	.+66     	; 0x2d24 <prvCheckTasksWaitingTermination+0x50>
    2ce2:	0f b6       	in	r0, 0x3f	; 63
    2ce4:	f8 94       	cli
    2ce6:	0f 92       	push	r0
    2ce8:	80 91 e1 25 	lds	r24, 0x25E1	; 0x8025e1 <xTasksWaitingTermination+0x5>
    2cec:	90 91 e2 25 	lds	r25, 0x25E2	; 0x8025e2 <xTasksWaitingTermination+0x6>
    2cf0:	fc 01       	movw	r30, r24
    2cf2:	86 81       	ldd	r24, Z+6	; 0x06
    2cf4:	97 81       	ldd	r25, Z+7	; 0x07
    2cf6:	89 83       	std	Y+1, r24	; 0x01
    2cf8:	9a 83       	std	Y+2, r25	; 0x02
    2cfa:	89 81       	ldd	r24, Y+1	; 0x01
    2cfc:	9a 81       	ldd	r25, Y+2	; 0x02
    2cfe:	02 96       	adiw	r24, 0x02	; 2
    2d00:	0e 94 71 0b 	call	0x16e2	; 0x16e2 <uxListRemove>
    2d04:	80 91 ef 25 	lds	r24, 0x25EF	; 0x8025ef <uxCurrentNumberOfTasks>
    2d08:	81 50       	subi	r24, 0x01	; 1
    2d0a:	80 93 ef 25 	sts	0x25EF, r24	; 0x8025ef <uxCurrentNumberOfTasks>
    2d0e:	80 91 e5 25 	lds	r24, 0x25E5	; 0x8025e5 <uxDeletedTasksWaitingCleanUp>
    2d12:	81 50       	subi	r24, 0x01	; 1
    2d14:	80 93 e5 25 	sts	0x25E5, r24	; 0x8025e5 <uxDeletedTasksWaitingCleanUp>
    2d18:	0f 90       	pop	r0
    2d1a:	0f be       	out	0x3f, r0	; 63
    2d1c:	89 81       	ldd	r24, Y+1	; 0x01
    2d1e:	9a 81       	ldd	r25, Y+2	; 0x02
    2d20:	0e 94 12 18 	call	0x3024	; 0x3024 <prvDeleteTCB>
    2d24:	80 91 e5 25 	lds	r24, 0x25E5	; 0x8025e5 <uxDeletedTasksWaitingCleanUp>
    2d28:	88 23       	and	r24, r24
    2d2a:	d9 f6       	brne	.-74     	; 0x2ce2 <prvCheckTasksWaitingTermination+0xe>
    2d2c:	00 00       	nop
    2d2e:	0f 90       	pop	r0
    2d30:	0f 90       	pop	r0
    2d32:	df 91       	pop	r29
    2d34:	cf 91       	pop	r28
    2d36:	08 95       	ret

00002d38 <vTaskGetInfo>:
    2d38:	cf 93       	push	r28
    2d3a:	df 93       	push	r29
    2d3c:	cd b7       	in	r28, 0x3d	; 61
    2d3e:	de b7       	in	r29, 0x3e	; 62
    2d40:	28 97       	sbiw	r28, 0x08	; 8
    2d42:	cd bf       	out	0x3d, r28	; 61
    2d44:	de bf       	out	0x3e, r29	; 62
    2d46:	8b 83       	std	Y+3, r24	; 0x03
    2d48:	9c 83       	std	Y+4, r25	; 0x04
    2d4a:	6d 83       	std	Y+5, r22	; 0x05
    2d4c:	7e 83       	std	Y+6, r23	; 0x06
    2d4e:	4f 83       	std	Y+7, r20	; 0x07
    2d50:	28 87       	std	Y+8, r18	; 0x08
    2d52:	8b 81       	ldd	r24, Y+3	; 0x03
    2d54:	9c 81       	ldd	r25, Y+4	; 0x04
    2d56:	89 2b       	or	r24, r25
    2d58:	29 f4       	brne	.+10     	; 0x2d64 <vTaskGetInfo+0x2c>
    2d5a:	80 91 61 25 	lds	r24, 0x2561	; 0x802561 <pxCurrentTCB>
    2d5e:	90 91 62 25 	lds	r25, 0x2562	; 0x802562 <pxCurrentTCB+0x1>
    2d62:	02 c0       	rjmp	.+4      	; 0x2d68 <vTaskGetInfo+0x30>
    2d64:	8b 81       	ldd	r24, Y+3	; 0x03
    2d66:	9c 81       	ldd	r25, Y+4	; 0x04
    2d68:	89 83       	std	Y+1, r24	; 0x01
    2d6a:	9a 83       	std	Y+2, r25	; 0x02
    2d6c:	8d 81       	ldd	r24, Y+5	; 0x05
    2d6e:	9e 81       	ldd	r25, Y+6	; 0x06
    2d70:	29 81       	ldd	r18, Y+1	; 0x01
    2d72:	3a 81       	ldd	r19, Y+2	; 0x02
    2d74:	fc 01       	movw	r30, r24
    2d76:	20 83       	st	Z, r18
    2d78:	31 83       	std	Z+1, r19	; 0x01
    2d7a:	89 81       	ldd	r24, Y+1	; 0x01
    2d7c:	9a 81       	ldd	r25, Y+2	; 0x02
    2d7e:	9c 01       	movw	r18, r24
    2d80:	27 5e       	subi	r18, 0xE7	; 231
    2d82:	3f 4f       	sbci	r19, 0xFF	; 255
    2d84:	8d 81       	ldd	r24, Y+5	; 0x05
    2d86:	9e 81       	ldd	r25, Y+6	; 0x06
    2d88:	fc 01       	movw	r30, r24
    2d8a:	22 83       	std	Z+2, r18	; 0x02
    2d8c:	33 83       	std	Z+3, r19	; 0x03
    2d8e:	89 81       	ldd	r24, Y+1	; 0x01
    2d90:	9a 81       	ldd	r25, Y+2	; 0x02
    2d92:	fc 01       	movw	r30, r24
    2d94:	26 89       	ldd	r18, Z+22	; 0x16
    2d96:	8d 81       	ldd	r24, Y+5	; 0x05
    2d98:	9e 81       	ldd	r25, Y+6	; 0x06
    2d9a:	fc 01       	movw	r30, r24
    2d9c:	26 83       	std	Z+6, r18	; 0x06
    2d9e:	89 81       	ldd	r24, Y+1	; 0x01
    2da0:	9a 81       	ldd	r25, Y+2	; 0x02
    2da2:	fc 01       	movw	r30, r24
    2da4:	27 89       	ldd	r18, Z+23	; 0x17
    2da6:	30 8d       	ldd	r19, Z+24	; 0x18
    2da8:	8d 81       	ldd	r24, Y+5	; 0x05
    2daa:	9e 81       	ldd	r25, Y+6	; 0x06
    2dac:	fc 01       	movw	r30, r24
    2dae:	24 87       	std	Z+12, r18	; 0x0c
    2db0:	35 87       	std	Z+13, r19	; 0x0d
    2db2:	89 81       	ldd	r24, Y+1	; 0x01
    2db4:	9a 81       	ldd	r25, Y+2	; 0x02
    2db6:	fc 01       	movw	r30, r24
    2db8:	21 a1       	ldd	r18, Z+33	; 0x21
    2dba:	8d 81       	ldd	r24, Y+5	; 0x05
    2dbc:	9e 81       	ldd	r25, Y+6	; 0x06
    2dbe:	fc 01       	movw	r30, r24
    2dc0:	24 83       	std	Z+4, r18	; 0x04
    2dc2:	89 81       	ldd	r24, Y+1	; 0x01
    2dc4:	9a 81       	ldd	r25, Y+2	; 0x02
    2dc6:	fc 01       	movw	r30, r24
    2dc8:	23 a1       	ldd	r18, Z+35	; 0x23
    2dca:	8d 81       	ldd	r24, Y+5	; 0x05
    2dcc:	9e 81       	ldd	r25, Y+6	; 0x06
    2dce:	fc 01       	movw	r30, r24
    2dd0:	27 83       	std	Z+7, r18	; 0x07
    2dd2:	89 81       	ldd	r24, Y+1	; 0x01
    2dd4:	9a 81       	ldd	r25, Y+2	; 0x02
    2dd6:	fc 01       	movw	r30, r24
    2dd8:	87 a1       	ldd	r24, Z+39	; 0x27
    2dda:	90 a5       	ldd	r25, Z+40	; 0x28
    2ddc:	a1 a5       	ldd	r26, Z+41	; 0x29
    2dde:	b2 a5       	ldd	r27, Z+42	; 0x2a
    2de0:	2d 81       	ldd	r18, Y+5	; 0x05
    2de2:	3e 81       	ldd	r19, Y+6	; 0x06
    2de4:	f9 01       	movw	r30, r18
    2de6:	80 87       	std	Z+8, r24	; 0x08
    2de8:	91 87       	std	Z+9, r25	; 0x09
    2dea:	a2 87       	std	Z+10, r26	; 0x0a
    2dec:	b3 87       	std	Z+11, r27	; 0x0b
    2dee:	88 85       	ldd	r24, Y+8	; 0x08
    2df0:	85 30       	cpi	r24, 0x05	; 5
    2df2:	39 f1       	breq	.+78     	; 0x2e42 <vTaskGetInfo+0x10a>
    2df4:	80 91 61 25 	lds	r24, 0x2561	; 0x802561 <pxCurrentTCB>
    2df8:	90 91 62 25 	lds	r25, 0x2562	; 0x802562 <pxCurrentTCB+0x1>
    2dfc:	29 81       	ldd	r18, Y+1	; 0x01
    2dfe:	3a 81       	ldd	r19, Y+2	; 0x02
    2e00:	28 17       	cp	r18, r24
    2e02:	39 07       	cpc	r19, r25
    2e04:	29 f4       	brne	.+10     	; 0x2e10 <vTaskGetInfo+0xd8>
    2e06:	8d 81       	ldd	r24, Y+5	; 0x05
    2e08:	9e 81       	ldd	r25, Y+6	; 0x06
    2e0a:	fc 01       	movw	r30, r24
    2e0c:	15 82       	std	Z+5, r1	; 0x05
    2e0e:	22 c0       	rjmp	.+68     	; 0x2e54 <vTaskGetInfo+0x11c>
    2e10:	8d 81       	ldd	r24, Y+5	; 0x05
    2e12:	9e 81       	ldd	r25, Y+6	; 0x06
    2e14:	28 85       	ldd	r18, Y+8	; 0x08
    2e16:	fc 01       	movw	r30, r24
    2e18:	25 83       	std	Z+5, r18	; 0x05
    2e1a:	88 85       	ldd	r24, Y+8	; 0x08
    2e1c:	83 30       	cpi	r24, 0x03	; 3
    2e1e:	d1 f4       	brne	.+52     	; 0x2e54 <vTaskGetInfo+0x11c>
    2e20:	0e 94 55 12 	call	0x24aa	; 0x24aa <vTaskSuspendAll>
    2e24:	89 81       	ldd	r24, Y+1	; 0x01
    2e26:	9a 81       	ldd	r25, Y+2	; 0x02
    2e28:	fc 01       	movw	r30, r24
    2e2a:	84 89       	ldd	r24, Z+20	; 0x14
    2e2c:	95 89       	ldd	r25, Z+21	; 0x15
    2e2e:	89 2b       	or	r24, r25
    2e30:	29 f0       	breq	.+10     	; 0x2e3c <vTaskGetInfo+0x104>
    2e32:	8d 81       	ldd	r24, Y+5	; 0x05
    2e34:	9e 81       	ldd	r25, Y+6	; 0x06
    2e36:	22 e0       	ldi	r18, 0x02	; 2
    2e38:	fc 01       	movw	r30, r24
    2e3a:	25 83       	std	Z+5, r18	; 0x05
    2e3c:	0e 94 62 12 	call	0x24c4	; 0x24c4 <xTaskResumeAll>
    2e40:	09 c0       	rjmp	.+18     	; 0x2e54 <vTaskGetInfo+0x11c>
    2e42:	89 81       	ldd	r24, Y+1	; 0x01
    2e44:	9a 81       	ldd	r25, Y+2	; 0x02
    2e46:	0e 94 23 11 	call	0x2246	; 0x2246 <eTaskGetState>
    2e4a:	28 2f       	mov	r18, r24
    2e4c:	8d 81       	ldd	r24, Y+5	; 0x05
    2e4e:	9e 81       	ldd	r25, Y+6	; 0x06
    2e50:	fc 01       	movw	r30, r24
    2e52:	25 83       	std	Z+5, r18	; 0x05
    2e54:	8f 81       	ldd	r24, Y+7	; 0x07
    2e56:	88 23       	and	r24, r24
    2e58:	71 f0       	breq	.+28     	; 0x2e76 <vTaskGetInfo+0x13e>
    2e5a:	89 81       	ldd	r24, Y+1	; 0x01
    2e5c:	9a 81       	ldd	r25, Y+2	; 0x02
    2e5e:	fc 01       	movw	r30, r24
    2e60:	87 89       	ldd	r24, Z+23	; 0x17
    2e62:	90 8d       	ldd	r25, Z+24	; 0x18
    2e64:	0e 94 e7 17 	call	0x2fce	; 0x2fce <prvTaskCheckFreeStackSpace>
    2e68:	9c 01       	movw	r18, r24
    2e6a:	8d 81       	ldd	r24, Y+5	; 0x05
    2e6c:	9e 81       	ldd	r25, Y+6	; 0x06
    2e6e:	fc 01       	movw	r30, r24
    2e70:	26 87       	std	Z+14, r18	; 0x0e
    2e72:	37 87       	std	Z+15, r19	; 0x0f
    2e74:	05 c0       	rjmp	.+10     	; 0x2e80 <vTaskGetInfo+0x148>
    2e76:	8d 81       	ldd	r24, Y+5	; 0x05
    2e78:	9e 81       	ldd	r25, Y+6	; 0x06
    2e7a:	fc 01       	movw	r30, r24
    2e7c:	16 86       	std	Z+14, r1	; 0x0e
    2e7e:	17 86       	std	Z+15, r1	; 0x0f
    2e80:	00 00       	nop
    2e82:	28 96       	adiw	r28, 0x08	; 8
    2e84:	cd bf       	out	0x3d, r28	; 61
    2e86:	de bf       	out	0x3e, r29	; 62
    2e88:	df 91       	pop	r29
    2e8a:	cf 91       	pop	r28
    2e8c:	08 95       	ret

00002e8e <prvListTasksWithinSingleList>:
    2e8e:	cf 93       	push	r28
    2e90:	df 93       	push	r29
    2e92:	cd b7       	in	r28, 0x3d	; 61
    2e94:	de b7       	in	r29, 0x3e	; 62
    2e96:	2e 97       	sbiw	r28, 0x0e	; 14
    2e98:	cd bf       	out	0x3d, r28	; 61
    2e9a:	de bf       	out	0x3e, r29	; 62
    2e9c:	8a 87       	std	Y+10, r24	; 0x0a
    2e9e:	9b 87       	std	Y+11, r25	; 0x0b
    2ea0:	6c 87       	std	Y+12, r22	; 0x0c
    2ea2:	7d 87       	std	Y+13, r23	; 0x0d
    2ea4:	4e 87       	std	Y+14, r20	; 0x0e
    2ea6:	19 82       	std	Y+1, r1	; 0x01
    2ea8:	8c 85       	ldd	r24, Y+12	; 0x0c
    2eaa:	9d 85       	ldd	r25, Y+13	; 0x0d
    2eac:	fc 01       	movw	r30, r24
    2eae:	80 81       	ld	r24, Z
    2eb0:	88 23       	and	r24, r24
    2eb2:	09 f4       	brne	.+2      	; 0x2eb6 <prvListTasksWithinSingleList+0x28>
    2eb4:	85 c0       	rjmp	.+266    	; 0x2fc0 <prvListTasksWithinSingleList+0x132>
    2eb6:	8c 85       	ldd	r24, Y+12	; 0x0c
    2eb8:	9d 85       	ldd	r25, Y+13	; 0x0d
    2eba:	8a 83       	std	Y+2, r24	; 0x02
    2ebc:	9b 83       	std	Y+3, r25	; 0x03
    2ebe:	8a 81       	ldd	r24, Y+2	; 0x02
    2ec0:	9b 81       	ldd	r25, Y+3	; 0x03
    2ec2:	fc 01       	movw	r30, r24
    2ec4:	81 81       	ldd	r24, Z+1	; 0x01
    2ec6:	92 81       	ldd	r25, Z+2	; 0x02
    2ec8:	fc 01       	movw	r30, r24
    2eca:	22 81       	ldd	r18, Z+2	; 0x02
    2ecc:	33 81       	ldd	r19, Z+3	; 0x03
    2ece:	8a 81       	ldd	r24, Y+2	; 0x02
    2ed0:	9b 81       	ldd	r25, Y+3	; 0x03
    2ed2:	fc 01       	movw	r30, r24
    2ed4:	21 83       	std	Z+1, r18	; 0x01
    2ed6:	32 83       	std	Z+2, r19	; 0x02
    2ed8:	8a 81       	ldd	r24, Y+2	; 0x02
    2eda:	9b 81       	ldd	r25, Y+3	; 0x03
    2edc:	fc 01       	movw	r30, r24
    2ede:	21 81       	ldd	r18, Z+1	; 0x01
    2ee0:	32 81       	ldd	r19, Z+2	; 0x02
    2ee2:	8a 81       	ldd	r24, Y+2	; 0x02
    2ee4:	9b 81       	ldd	r25, Y+3	; 0x03
    2ee6:	03 96       	adiw	r24, 0x03	; 3
    2ee8:	28 17       	cp	r18, r24
    2eea:	39 07       	cpc	r19, r25
    2eec:	69 f4       	brne	.+26     	; 0x2f08 <prvListTasksWithinSingleList+0x7a>
    2eee:	8a 81       	ldd	r24, Y+2	; 0x02
    2ef0:	9b 81       	ldd	r25, Y+3	; 0x03
    2ef2:	fc 01       	movw	r30, r24
    2ef4:	81 81       	ldd	r24, Z+1	; 0x01
    2ef6:	92 81       	ldd	r25, Z+2	; 0x02
    2ef8:	fc 01       	movw	r30, r24
    2efa:	22 81       	ldd	r18, Z+2	; 0x02
    2efc:	33 81       	ldd	r19, Z+3	; 0x03
    2efe:	8a 81       	ldd	r24, Y+2	; 0x02
    2f00:	9b 81       	ldd	r25, Y+3	; 0x03
    2f02:	fc 01       	movw	r30, r24
    2f04:	21 83       	std	Z+1, r18	; 0x01
    2f06:	32 83       	std	Z+2, r19	; 0x02
    2f08:	8a 81       	ldd	r24, Y+2	; 0x02
    2f0a:	9b 81       	ldd	r25, Y+3	; 0x03
    2f0c:	fc 01       	movw	r30, r24
    2f0e:	81 81       	ldd	r24, Z+1	; 0x01
    2f10:	92 81       	ldd	r25, Z+2	; 0x02
    2f12:	fc 01       	movw	r30, r24
    2f14:	86 81       	ldd	r24, Z+6	; 0x06
    2f16:	97 81       	ldd	r25, Z+7	; 0x07
    2f18:	8c 83       	std	Y+4, r24	; 0x04
    2f1a:	9d 83       	std	Y+5, r25	; 0x05
    2f1c:	8c 85       	ldd	r24, Y+12	; 0x0c
    2f1e:	9d 85       	ldd	r25, Y+13	; 0x0d
    2f20:	8e 83       	std	Y+6, r24	; 0x06
    2f22:	9f 83       	std	Y+7, r25	; 0x07
    2f24:	8e 81       	ldd	r24, Y+6	; 0x06
    2f26:	9f 81       	ldd	r25, Y+7	; 0x07
    2f28:	fc 01       	movw	r30, r24
    2f2a:	81 81       	ldd	r24, Z+1	; 0x01
    2f2c:	92 81       	ldd	r25, Z+2	; 0x02
    2f2e:	fc 01       	movw	r30, r24
    2f30:	22 81       	ldd	r18, Z+2	; 0x02
    2f32:	33 81       	ldd	r19, Z+3	; 0x03
    2f34:	8e 81       	ldd	r24, Y+6	; 0x06
    2f36:	9f 81       	ldd	r25, Y+7	; 0x07
    2f38:	fc 01       	movw	r30, r24
    2f3a:	21 83       	std	Z+1, r18	; 0x01
    2f3c:	32 83       	std	Z+2, r19	; 0x02
    2f3e:	8e 81       	ldd	r24, Y+6	; 0x06
    2f40:	9f 81       	ldd	r25, Y+7	; 0x07
    2f42:	fc 01       	movw	r30, r24
    2f44:	21 81       	ldd	r18, Z+1	; 0x01
    2f46:	32 81       	ldd	r19, Z+2	; 0x02
    2f48:	8e 81       	ldd	r24, Y+6	; 0x06
    2f4a:	9f 81       	ldd	r25, Y+7	; 0x07
    2f4c:	03 96       	adiw	r24, 0x03	; 3
    2f4e:	28 17       	cp	r18, r24
    2f50:	39 07       	cpc	r19, r25
    2f52:	69 f4       	brne	.+26     	; 0x2f6e <prvListTasksWithinSingleList+0xe0>
    2f54:	8e 81       	ldd	r24, Y+6	; 0x06
    2f56:	9f 81       	ldd	r25, Y+7	; 0x07
    2f58:	fc 01       	movw	r30, r24
    2f5a:	81 81       	ldd	r24, Z+1	; 0x01
    2f5c:	92 81       	ldd	r25, Z+2	; 0x02
    2f5e:	fc 01       	movw	r30, r24
    2f60:	22 81       	ldd	r18, Z+2	; 0x02
    2f62:	33 81       	ldd	r19, Z+3	; 0x03
    2f64:	8e 81       	ldd	r24, Y+6	; 0x06
    2f66:	9f 81       	ldd	r25, Y+7	; 0x07
    2f68:	fc 01       	movw	r30, r24
    2f6a:	21 83       	std	Z+1, r18	; 0x01
    2f6c:	32 83       	std	Z+2, r19	; 0x02
    2f6e:	8e 81       	ldd	r24, Y+6	; 0x06
    2f70:	9f 81       	ldd	r25, Y+7	; 0x07
    2f72:	fc 01       	movw	r30, r24
    2f74:	81 81       	ldd	r24, Z+1	; 0x01
    2f76:	92 81       	ldd	r25, Z+2	; 0x02
    2f78:	fc 01       	movw	r30, r24
    2f7a:	86 81       	ldd	r24, Z+6	; 0x06
    2f7c:	97 81       	ldd	r25, Z+7	; 0x07
    2f7e:	88 87       	std	Y+8, r24	; 0x08
    2f80:	99 87       	std	Y+9, r25	; 0x09
    2f82:	89 81       	ldd	r24, Y+1	; 0x01
    2f84:	88 2f       	mov	r24, r24
    2f86:	90 e0       	ldi	r25, 0x00	; 0
    2f88:	82 95       	swap	r24
    2f8a:	92 95       	swap	r25
    2f8c:	90 7f       	andi	r25, 0xF0	; 240
    2f8e:	98 27       	eor	r25, r24
    2f90:	80 7f       	andi	r24, 0xF0	; 240
    2f92:	98 27       	eor	r25, r24
    2f94:	2a 85       	ldd	r18, Y+10	; 0x0a
    2f96:	3b 85       	ldd	r19, Y+11	; 0x0b
    2f98:	b9 01       	movw	r22, r18
    2f9a:	68 0f       	add	r22, r24
    2f9c:	79 1f       	adc	r23, r25
    2f9e:	88 85       	ldd	r24, Y+8	; 0x08
    2fa0:	99 85       	ldd	r25, Y+9	; 0x09
    2fa2:	2e 85       	ldd	r18, Y+14	; 0x0e
    2fa4:	41 e0       	ldi	r20, 0x01	; 1
    2fa6:	0e 94 9c 16 	call	0x2d38	; 0x2d38 <vTaskGetInfo>
    2faa:	89 81       	ldd	r24, Y+1	; 0x01
    2fac:	8f 5f       	subi	r24, 0xFF	; 255
    2fae:	89 83       	std	Y+1, r24	; 0x01
    2fb0:	28 85       	ldd	r18, Y+8	; 0x08
    2fb2:	39 85       	ldd	r19, Y+9	; 0x09
    2fb4:	8c 81       	ldd	r24, Y+4	; 0x04
    2fb6:	9d 81       	ldd	r25, Y+5	; 0x05
    2fb8:	28 17       	cp	r18, r24
    2fba:	39 07       	cpc	r19, r25
    2fbc:	09 f0       	breq	.+2      	; 0x2fc0 <prvListTasksWithinSingleList+0x132>
    2fbe:	ae cf       	rjmp	.-164    	; 0x2f1c <prvListTasksWithinSingleList+0x8e>
    2fc0:	89 81       	ldd	r24, Y+1	; 0x01
    2fc2:	2e 96       	adiw	r28, 0x0e	; 14
    2fc4:	cd bf       	out	0x3d, r28	; 61
    2fc6:	de bf       	out	0x3e, r29	; 62
    2fc8:	df 91       	pop	r29
    2fca:	cf 91       	pop	r28
    2fcc:	08 95       	ret

00002fce <prvTaskCheckFreeStackSpace>:
    2fce:	cf 93       	push	r28
    2fd0:	df 93       	push	r29
    2fd2:	00 d0       	rcall	.+0      	; 0x2fd4 <prvTaskCheckFreeStackSpace+0x6>
    2fd4:	00 d0       	rcall	.+0      	; 0x2fd6 <prvTaskCheckFreeStackSpace+0x8>
    2fd6:	cd b7       	in	r28, 0x3d	; 61
    2fd8:	de b7       	in	r29, 0x3e	; 62
    2fda:	8d 83       	std	Y+5, r24	; 0x05
    2fdc:	9e 83       	std	Y+6, r25	; 0x06
    2fde:	19 82       	std	Y+1, r1	; 0x01
    2fe0:	1a 82       	std	Y+2, r1	; 0x02
    2fe2:	1b 82       	std	Y+3, r1	; 0x03
    2fe4:	1c 82       	std	Y+4, r1	; 0x04
    2fe6:	10 c0       	rjmp	.+32     	; 0x3008 <prvTaskCheckFreeStackSpace+0x3a>
    2fe8:	8d 81       	ldd	r24, Y+5	; 0x05
    2fea:	9e 81       	ldd	r25, Y+6	; 0x06
    2fec:	01 96       	adiw	r24, 0x01	; 1
    2fee:	8d 83       	std	Y+5, r24	; 0x05
    2ff0:	9e 83       	std	Y+6, r25	; 0x06
    2ff2:	89 81       	ldd	r24, Y+1	; 0x01
    2ff4:	9a 81       	ldd	r25, Y+2	; 0x02
    2ff6:	ab 81       	ldd	r26, Y+3	; 0x03
    2ff8:	bc 81       	ldd	r27, Y+4	; 0x04
    2ffa:	01 96       	adiw	r24, 0x01	; 1
    2ffc:	a1 1d       	adc	r26, r1
    2ffe:	b1 1d       	adc	r27, r1
    3000:	89 83       	std	Y+1, r24	; 0x01
    3002:	9a 83       	std	Y+2, r25	; 0x02
    3004:	ab 83       	std	Y+3, r26	; 0x03
    3006:	bc 83       	std	Y+4, r27	; 0x04
    3008:	8d 81       	ldd	r24, Y+5	; 0x05
    300a:	9e 81       	ldd	r25, Y+6	; 0x06
    300c:	fc 01       	movw	r30, r24
    300e:	80 81       	ld	r24, Z
    3010:	85 3a       	cpi	r24, 0xA5	; 165
    3012:	51 f3       	breq	.-44     	; 0x2fe8 <prvTaskCheckFreeStackSpace+0x1a>
    3014:	89 81       	ldd	r24, Y+1	; 0x01
    3016:	9a 81       	ldd	r25, Y+2	; 0x02
    3018:	26 96       	adiw	r28, 0x06	; 6
    301a:	cd bf       	out	0x3d, r28	; 61
    301c:	de bf       	out	0x3e, r29	; 62
    301e:	df 91       	pop	r29
    3020:	cf 91       	pop	r28
    3022:	08 95       	ret

00003024 <prvDeleteTCB>:
    3024:	cf 93       	push	r28
    3026:	df 93       	push	r29
    3028:	1f 92       	push	r1
    302a:	1f 92       	push	r1
    302c:	cd b7       	in	r28, 0x3d	; 61
    302e:	de b7       	in	r29, 0x3e	; 62
    3030:	89 83       	std	Y+1, r24	; 0x01
    3032:	9a 83       	std	Y+2, r25	; 0x02
    3034:	89 81       	ldd	r24, Y+1	; 0x01
    3036:	9a 81       	ldd	r25, Y+2	; 0x02
    3038:	fc 01       	movw	r30, r24
    303a:	87 89       	ldd	r24, Z+23	; 0x17
    303c:	90 8d       	ldd	r25, Z+24	; 0x18
    303e:	0e 94 b9 09 	call	0x1372	; 0x1372 <vPortFree>
    3042:	89 81       	ldd	r24, Y+1	; 0x01
    3044:	9a 81       	ldd	r25, Y+2	; 0x02
    3046:	0e 94 b9 09 	call	0x1372	; 0x1372 <vPortFree>
    304a:	00 00       	nop
    304c:	0f 90       	pop	r0
    304e:	0f 90       	pop	r0
    3050:	df 91       	pop	r29
    3052:	cf 91       	pop	r28
    3054:	08 95       	ret

00003056 <prvResetNextTaskUnblockTime>:
    3056:	cf 93       	push	r28
    3058:	df 93       	push	r29
    305a:	1f 92       	push	r1
    305c:	1f 92       	push	r1
    305e:	cd b7       	in	r28, 0x3d	; 61
    3060:	de b7       	in	r29, 0x3e	; 62
    3062:	80 91 cf 25 	lds	r24, 0x25CF	; 0x8025cf <pxDelayedTaskList>
    3066:	90 91 d0 25 	lds	r25, 0x25D0	; 0x8025d0 <pxDelayedTaskList+0x1>
    306a:	fc 01       	movw	r30, r24
    306c:	80 81       	ld	r24, Z
    306e:	88 23       	and	r24, r24
    3070:	39 f4       	brne	.+14     	; 0x3080 <prvResetNextTaskUnblockTime+0x2a>
    3072:	8f ef       	ldi	r24, 0xFF	; 255
    3074:	9f ef       	ldi	r25, 0xFF	; 255
    3076:	80 93 f8 25 	sts	0x25F8, r24	; 0x8025f8 <xNextTaskUnblockTime>
    307a:	90 93 f9 25 	sts	0x25F9, r25	; 0x8025f9 <xNextTaskUnblockTime+0x1>
    307e:	15 c0       	rjmp	.+42     	; 0x30aa <prvResetNextTaskUnblockTime+0x54>
    3080:	80 91 cf 25 	lds	r24, 0x25CF	; 0x8025cf <pxDelayedTaskList>
    3084:	90 91 d0 25 	lds	r25, 0x25D0	; 0x8025d0 <pxDelayedTaskList+0x1>
    3088:	fc 01       	movw	r30, r24
    308a:	85 81       	ldd	r24, Z+5	; 0x05
    308c:	96 81       	ldd	r25, Z+6	; 0x06
    308e:	fc 01       	movw	r30, r24
    3090:	86 81       	ldd	r24, Z+6	; 0x06
    3092:	97 81       	ldd	r25, Z+7	; 0x07
    3094:	89 83       	std	Y+1, r24	; 0x01
    3096:	9a 83       	std	Y+2, r25	; 0x02
    3098:	89 81       	ldd	r24, Y+1	; 0x01
    309a:	9a 81       	ldd	r25, Y+2	; 0x02
    309c:	fc 01       	movw	r30, r24
    309e:	82 81       	ldd	r24, Z+2	; 0x02
    30a0:	93 81       	ldd	r25, Z+3	; 0x03
    30a2:	80 93 f8 25 	sts	0x25F8, r24	; 0x8025f8 <xNextTaskUnblockTime>
    30a6:	90 93 f9 25 	sts	0x25F9, r25	; 0x8025f9 <xNextTaskUnblockTime+0x1>
    30aa:	00 00       	nop
    30ac:	0f 90       	pop	r0
    30ae:	0f 90       	pop	r0
    30b0:	df 91       	pop	r29
    30b2:	cf 91       	pop	r28
    30b4:	08 95       	ret

000030b6 <prvAddCurrentTaskToDelayedList>:
#endif /* configUSE_TASK_NOTIFICATIONS */
/*-----------------------------------------------------------*/


static void prvAddCurrentTaskToDelayedList( TickType_t xTicksToWait, const BaseType_t xCanBlockIndefinitely )
{
    30b6:	cf 93       	push	r28
    30b8:	df 93       	push	r29
    30ba:	cd b7       	in	r28, 0x3d	; 61
    30bc:	de b7       	in	r29, 0x3e	; 62
    30be:	27 97       	sbiw	r28, 0x07	; 7
    30c0:	cd bf       	out	0x3d, r28	; 61
    30c2:	de bf       	out	0x3e, r29	; 62
    30c4:	8d 83       	std	Y+5, r24	; 0x05
    30c6:	9e 83       	std	Y+6, r25	; 0x06
    30c8:	6f 83       	std	Y+7, r22	; 0x07
TickType_t xTimeToWake;
const TickType_t xConstTickCount = xTickCount;
    30ca:	80 91 f0 25 	lds	r24, 0x25F0	; 0x8025f0 <xTickCount>
    30ce:	90 91 f1 25 	lds	r25, 0x25F1	; 0x8025f1 <xTickCount+0x1>
    30d2:	89 83       	std	Y+1, r24	; 0x01
    30d4:	9a 83       	std	Y+2, r25	; 0x02
	}
	#endif

	/* Remove the task from the ready list before adding it to the blocked list
	as the same list item is used for both lists. */
	if( uxListRemove( &( pxCurrentTCB->xStateListItem ) ) == ( UBaseType_t ) 0 )
    30d6:	80 91 61 25 	lds	r24, 0x2561	; 0x802561 <pxCurrentTCB>
    30da:	90 91 62 25 	lds	r25, 0x2562	; 0x802562 <pxCurrentTCB+0x1>
    30de:	02 96       	adiw	r24, 0x02	; 2
    30e0:	0e 94 71 0b 	call	0x16e2	; 0x16e2 <uxListRemove>
		mtCOVERAGE_TEST_MARKER();
	}

	#if ( INCLUDE_vTaskSuspend == 1 )
	{
		if( ( xTicksToWait == portMAX_DELAY ) && ( xCanBlockIndefinitely != pdFALSE ) )
    30e4:	8d 81       	ldd	r24, Y+5	; 0x05
    30e6:	9e 81       	ldd	r25, Y+6	; 0x06
    30e8:	01 96       	adiw	r24, 0x01	; 1
    30ea:	71 f4       	brne	.+28     	; 0x3108 <prvAddCurrentTaskToDelayedList+0x52>
    30ec:	8f 81       	ldd	r24, Y+7	; 0x07
    30ee:	88 23       	and	r24, r24
    30f0:	59 f0       	breq	.+22     	; 0x3108 <prvAddCurrentTaskToDelayedList+0x52>
		{
			/* Add the task to the suspended task list instead of a delayed task
			list to ensure it is not woken by a timing event.  It will block
			indefinitely. */
			vListInsertEnd( &xSuspendedTaskList, &( pxCurrentTCB->xStateListItem ) );
    30f2:	80 91 61 25 	lds	r24, 0x2561	; 0x802561 <pxCurrentTCB>
    30f6:	90 91 62 25 	lds	r25, 0x2562	; 0x802562 <pxCurrentTCB+0x1>
    30fa:	02 96       	adiw	r24, 0x02	; 2
    30fc:	bc 01       	movw	r22, r24
    30fe:	86 ee       	ldi	r24, 0xE6	; 230
    3100:	95 e2       	ldi	r25, 0x25	; 37
    3102:	0e 94 b4 0a 	call	0x1568	; 0x1568 <vListInsertEnd>

		/* Avoid compiler warning when INCLUDE_vTaskSuspend is not 1. */
		( void ) xCanBlockIndefinitely;
	}
	#endif /* INCLUDE_vTaskSuspend */
}
    3106:	44 c0       	rjmp	.+136    	; 0x3190 <prvAddCurrentTaskToDelayedList+0xda>
		else
		{
			/* Calculate the time at which the task should be woken if the event
			does not occur.  This may overflow but this doesn't matter, the
			kernel will manage it correctly. */
			xTimeToWake = xConstTickCount + xTicksToWait;
    3108:	29 81       	ldd	r18, Y+1	; 0x01
    310a:	3a 81       	ldd	r19, Y+2	; 0x02
    310c:	8d 81       	ldd	r24, Y+5	; 0x05
    310e:	9e 81       	ldd	r25, Y+6	; 0x06
    3110:	82 0f       	add	r24, r18
    3112:	93 1f       	adc	r25, r19
    3114:	8b 83       	std	Y+3, r24	; 0x03
    3116:	9c 83       	std	Y+4, r25	; 0x04

			/* The list item will be inserted in wake time order. */
			listSET_LIST_ITEM_VALUE( &( pxCurrentTCB->xStateListItem ), xTimeToWake );
    3118:	80 91 61 25 	lds	r24, 0x2561	; 0x802561 <pxCurrentTCB>
    311c:	90 91 62 25 	lds	r25, 0x2562	; 0x802562 <pxCurrentTCB+0x1>
    3120:	2b 81       	ldd	r18, Y+3	; 0x03
    3122:	3c 81       	ldd	r19, Y+4	; 0x04
    3124:	fc 01       	movw	r30, r24
    3126:	22 83       	std	Z+2, r18	; 0x02
    3128:	33 83       	std	Z+3, r19	; 0x03

			if( xTimeToWake < xConstTickCount )
    312a:	2b 81       	ldd	r18, Y+3	; 0x03
    312c:	3c 81       	ldd	r19, Y+4	; 0x04
    312e:	89 81       	ldd	r24, Y+1	; 0x01
    3130:	9a 81       	ldd	r25, Y+2	; 0x02
    3132:	28 17       	cp	r18, r24
    3134:	39 07       	cpc	r19, r25
    3136:	78 f4       	brcc	.+30     	; 0x3156 <prvAddCurrentTaskToDelayedList+0xa0>
			{
				/* Wake time has overflowed.  Place this item in the overflow
				list. */
				vListInsert( pxOverflowDelayedTaskList, &( pxCurrentTCB->xStateListItem ) );
    3138:	80 91 61 25 	lds	r24, 0x2561	; 0x802561 <pxCurrentTCB>
    313c:	90 91 62 25 	lds	r25, 0x2562	; 0x802562 <pxCurrentTCB+0x1>
    3140:	9c 01       	movw	r18, r24
    3142:	2e 5f       	subi	r18, 0xFE	; 254
    3144:	3f 4f       	sbci	r19, 0xFF	; 255
    3146:	80 91 d1 25 	lds	r24, 0x25D1	; 0x8025d1 <pxOverflowDelayedTaskList>
    314a:	90 91 d2 25 	lds	r25, 0x25D2	; 0x8025d2 <pxOverflowDelayedTaskList+0x1>
    314e:	b9 01       	movw	r22, r18
    3150:	0e 94 ff 0a 	call	0x15fe	; 0x15fe <vListInsert>

		/* Avoid compiler warning when INCLUDE_vTaskSuspend is not 1. */
		( void ) xCanBlockIndefinitely;
	}
	#endif /* INCLUDE_vTaskSuspend */
}
    3154:	1d c0       	rjmp	.+58     	; 0x3190 <prvAddCurrentTaskToDelayedList+0xda>
			}
			else
			{
				/* The wake time has not overflowed, so the current block list
				is used. */
				vListInsert( pxDelayedTaskList, &( pxCurrentTCB->xStateListItem ) );
    3156:	80 91 61 25 	lds	r24, 0x2561	; 0x802561 <pxCurrentTCB>
    315a:	90 91 62 25 	lds	r25, 0x2562	; 0x802562 <pxCurrentTCB+0x1>
    315e:	9c 01       	movw	r18, r24
    3160:	2e 5f       	subi	r18, 0xFE	; 254
    3162:	3f 4f       	sbci	r19, 0xFF	; 255
    3164:	80 91 cf 25 	lds	r24, 0x25CF	; 0x8025cf <pxDelayedTaskList>
    3168:	90 91 d0 25 	lds	r25, 0x25D0	; 0x8025d0 <pxDelayedTaskList+0x1>
    316c:	b9 01       	movw	r22, r18
    316e:	0e 94 ff 0a 	call	0x15fe	; 0x15fe <vListInsert>

				/* If the task entering the blocked state was placed at the
				head of the list of blocked tasks then xNextTaskUnblockTime
				needs to be updated too. */
				if( xTimeToWake < xNextTaskUnblockTime )
    3172:	80 91 f8 25 	lds	r24, 0x25F8	; 0x8025f8 <xNextTaskUnblockTime>
    3176:	90 91 f9 25 	lds	r25, 0x25F9	; 0x8025f9 <xNextTaskUnblockTime+0x1>
    317a:	2b 81       	ldd	r18, Y+3	; 0x03
    317c:	3c 81       	ldd	r19, Y+4	; 0x04
    317e:	28 17       	cp	r18, r24
    3180:	39 07       	cpc	r19, r25
    3182:	30 f4       	brcc	.+12     	; 0x3190 <prvAddCurrentTaskToDelayedList+0xda>
				{
					xNextTaskUnblockTime = xTimeToWake;
    3184:	8b 81       	ldd	r24, Y+3	; 0x03
    3186:	9c 81       	ldd	r25, Y+4	; 0x04
    3188:	80 93 f8 25 	sts	0x25F8, r24	; 0x8025f8 <xNextTaskUnblockTime>
    318c:	90 93 f9 25 	sts	0x25F9, r25	; 0x8025f9 <xNextTaskUnblockTime+0x1>

		/* Avoid compiler warning when INCLUDE_vTaskSuspend is not 1. */
		( void ) xCanBlockIndefinitely;
	}
	#endif /* INCLUDE_vTaskSuspend */
}
    3190:	00 00       	nop
    3192:	27 96       	adiw	r28, 0x07	; 7
    3194:	cd bf       	out	0x3d, r28	; 61
    3196:	de bf       	out	0x3e, r29	; 62
    3198:	df 91       	pop	r29
    319a:	cf 91       	pop	r28
    319c:	08 95       	ret

0000319e <vApplicationIdleHook>:
#define SET_ERR_LED() PORTA.OUTSET=1<<7
#define CLR_ERR_LED() PORTA.OUTCLR=1<<7


void vApplicationIdleHook( void )
{
    319e:	cf 93       	push	r28
    31a0:	df 93       	push	r29
    31a2:	cd b7       	in	r28, 0x3d	; 61
    31a4:	de b7       	in	r29, 0x3e	; 62
	
}
    31a6:	00 00       	nop
    31a8:	df 91       	pop	r29
    31aa:	cf 91       	pop	r28
    31ac:	08 95       	ret

000031ae <vApplicationMallocFailedHook>:

void vApplicationMallocFailedHook(void)
{
    31ae:	cf 93       	push	r28
    31b0:	df 93       	push	r29
    31b2:	cd b7       	in	r28, 0x3d	; 61
    31b4:	de b7       	in	r29, 0x3e	; 62
    31b6:	6c 97       	sbiw	r28, 0x1c	; 28
    31b8:	cd bf       	out	0x3d, r28	; 61
    31ba:	de bf       	out	0x3e, r29	; 62
	taskDISABLE_INTERRUPTS();
    31bc:	f8 94       	cli
	DbgPrint ("ERROR: memory allocation failed\r\n");
    31be:	89 e5       	ldi	r24, 0x59	; 89
    31c0:	90 e2       	ldi	r25, 0x20	; 32
    31c2:	0e 94 1b 02 	call	0x436	; 0x436 <DbgPrint>
	CFG_ERR_LED();
    31c6:	80 e0       	ldi	r24, 0x00	; 0
    31c8:	96 e0       	ldi	r25, 0x06	; 6
    31ca:	20 e8       	ldi	r18, 0x80	; 128
    31cc:	fc 01       	movw	r30, r24
    31ce:	21 83       	std	Z+1, r18	; 0x01
	while (1)
	{
		SET_ERR_LED();
    31d0:	80 e0       	ldi	r24, 0x00	; 0
    31d2:	96 e0       	ldi	r25, 0x06	; 6
    31d4:	20 e8       	ldi	r18, 0x80	; 128
    31d6:	fc 01       	movw	r30, r24
    31d8:	25 83       	std	Z+5, r18	; 0x05
    31da:	80 e0       	ldi	r24, 0x00	; 0
    31dc:	90 e0       	ldi	r25, 0x00	; 0
    31de:	a8 ec       	ldi	r26, 0xC8	; 200
    31e0:	b2 e4       	ldi	r27, 0x42	; 66
    31e2:	89 83       	std	Y+1, r24	; 0x01
    31e4:	9a 83       	std	Y+2, r25	; 0x02
    31e6:	ab 83       	std	Y+3, r26	; 0x03
    31e8:	bc 83       	std	Y+4, r27	; 0x04

	__builtin_avr_delay_cycles(__ticks_dc);

#else
	uint16_t __ticks;
	__tmp = ((F_CPU) / 4e3) * __ms;
    31ea:	20 e0       	ldi	r18, 0x00	; 0
    31ec:	30 e0       	ldi	r19, 0x00	; 0
    31ee:	4a ef       	ldi	r20, 0xFA	; 250
    31f0:	55 e4       	ldi	r21, 0x45	; 69
    31f2:	69 81       	ldd	r22, Y+1	; 0x01
    31f4:	7a 81       	ldd	r23, Y+2	; 0x02
    31f6:	8b 81       	ldd	r24, Y+3	; 0x03
    31f8:	9c 81       	ldd	r25, Y+4	; 0x04
    31fa:	0e 94 35 23 	call	0x466a	; 0x466a <__mulsf3>
    31fe:	dc 01       	movw	r26, r24
    3200:	cb 01       	movw	r24, r22
    3202:	8b 8b       	std	Y+19, r24	; 0x13
    3204:	9c 8b       	std	Y+20, r25	; 0x14
    3206:	ad 8b       	std	Y+21, r26	; 0x15
    3208:	be 8b       	std	Y+22, r27	; 0x16
	if (__tmp < 1.0)
    320a:	20 e0       	ldi	r18, 0x00	; 0
    320c:	30 e0       	ldi	r19, 0x00	; 0
    320e:	40 e8       	ldi	r20, 0x80	; 128
    3210:	5f e3       	ldi	r21, 0x3F	; 63
    3212:	6b 89       	ldd	r22, Y+19	; 0x13
    3214:	7c 89       	ldd	r23, Y+20	; 0x14
    3216:	8d 89       	ldd	r24, Y+21	; 0x15
    3218:	9e 89       	ldd	r25, Y+22	; 0x16
    321a:	0e 94 d8 21 	call	0x43b0	; 0x43b0 <__cmpsf2>
    321e:	88 23       	and	r24, r24
    3220:	2c f4       	brge	.+10     	; 0x322c <vApplicationMallocFailedHook+0x7e>
		__ticks = 1;
    3222:	81 e0       	ldi	r24, 0x01	; 1
    3224:	90 e0       	ldi	r25, 0x00	; 0
    3226:	8f 8b       	std	Y+23, r24	; 0x17
    3228:	98 8f       	std	Y+24, r25	; 0x18
    322a:	3f c0       	rjmp	.+126    	; 0x32aa <vApplicationMallocFailedHook+0xfc>
	else if (__tmp > 65535)
    322c:	20 e0       	ldi	r18, 0x00	; 0
    322e:	3f ef       	ldi	r19, 0xFF	; 255
    3230:	4f e7       	ldi	r20, 0x7F	; 127
    3232:	57 e4       	ldi	r21, 0x47	; 71
    3234:	6b 89       	ldd	r22, Y+19	; 0x13
    3236:	7c 89       	ldd	r23, Y+20	; 0x14
    3238:	8d 89       	ldd	r24, Y+21	; 0x15
    323a:	9e 89       	ldd	r25, Y+22	; 0x16
    323c:	0e 94 30 23 	call	0x4660	; 0x4660 <__gesf2>
    3240:	18 16       	cp	r1, r24
    3242:	4c f5       	brge	.+82     	; 0x3296 <vApplicationMallocFailedHook+0xe8>
	{
		//	__ticks = requested delay in 1/10 ms
		__ticks = (uint16_t) (__ms * 10.0);
    3244:	20 e0       	ldi	r18, 0x00	; 0
    3246:	30 e0       	ldi	r19, 0x00	; 0
    3248:	40 e2       	ldi	r20, 0x20	; 32
    324a:	51 e4       	ldi	r21, 0x41	; 65
    324c:	69 81       	ldd	r22, Y+1	; 0x01
    324e:	7a 81       	ldd	r23, Y+2	; 0x02
    3250:	8b 81       	ldd	r24, Y+3	; 0x03
    3252:	9c 81       	ldd	r25, Y+4	; 0x04
    3254:	0e 94 35 23 	call	0x466a	; 0x466a <__mulsf3>
    3258:	dc 01       	movw	r26, r24
    325a:	cb 01       	movw	r24, r22
    325c:	bc 01       	movw	r22, r24
    325e:	cd 01       	movw	r24, r26
    3260:	0e 94 4f 22 	call	0x449e	; 0x449e <__fixunssfsi>
    3264:	dc 01       	movw	r26, r24
    3266:	cb 01       	movw	r24, r22
    3268:	8f 8b       	std	Y+23, r24	; 0x17
    326a:	98 8f       	std	Y+24, r25	; 0x18
    326c:	0f c0       	rjmp	.+30     	; 0x328c <vApplicationMallocFailedHook+0xde>
    326e:	80 e2       	ldi	r24, 0x20	; 32
    3270:	93 e0       	ldi	r25, 0x03	; 3
    3272:	89 8f       	std	Y+25, r24	; 0x19
    3274:	9a 8f       	std	Y+26, r25	; 0x1a
    milliseconds can be achieved.
 */
void
_delay_loop_2(uint16_t __count)
{
	__asm__ volatile (
    3276:	89 8d       	ldd	r24, Y+25	; 0x19
    3278:	9a 8d       	ldd	r25, Y+26	; 0x1a
    327a:	01 97       	sbiw	r24, 0x01	; 1
    327c:	f1 f7       	brne	.-4      	; 0x327a <vApplicationMallocFailedHook+0xcc>
    327e:	89 8f       	std	Y+25, r24	; 0x19
    3280:	9a 8f       	std	Y+26, r25	; 0x1a
		while(__ticks)
		{
			// wait 1/10 ms
			_delay_loop_2(((F_CPU) / 4e3) / 10);
			__ticks --;
    3282:	8f 89       	ldd	r24, Y+23	; 0x17
    3284:	98 8d       	ldd	r25, Y+24	; 0x18
    3286:	01 97       	sbiw	r24, 0x01	; 1
    3288:	8f 8b       	std	Y+23, r24	; 0x17
    328a:	98 8f       	std	Y+24, r25	; 0x18
		__ticks = 1;
	else if (__tmp > 65535)
	{
		//	__ticks = requested delay in 1/10 ms
		__ticks = (uint16_t) (__ms * 10.0);
		while(__ticks)
    328c:	8f 89       	ldd	r24, Y+23	; 0x17
    328e:	98 8d       	ldd	r25, Y+24	; 0x18
    3290:	89 2b       	or	r24, r25
    3292:	69 f7       	brne	.-38     	; 0x326e <vApplicationMallocFailedHook+0xc0>
    3294:	14 c0       	rjmp	.+40     	; 0x32be <vApplicationMallocFailedHook+0x110>
			__ticks --;
		}
		return;
	}
	else
		__ticks = (uint16_t)__tmp;
    3296:	6b 89       	ldd	r22, Y+19	; 0x13
    3298:	7c 89       	ldd	r23, Y+20	; 0x14
    329a:	8d 89       	ldd	r24, Y+21	; 0x15
    329c:	9e 89       	ldd	r25, Y+22	; 0x16
    329e:	0e 94 4f 22 	call	0x449e	; 0x449e <__fixunssfsi>
    32a2:	dc 01       	movw	r26, r24
    32a4:	cb 01       	movw	r24, r22
    32a6:	8f 8b       	std	Y+23, r24	; 0x17
    32a8:	98 8f       	std	Y+24, r25	; 0x18
    32aa:	8f 89       	ldd	r24, Y+23	; 0x17
    32ac:	98 8d       	ldd	r25, Y+24	; 0x18
    32ae:	8b 8f       	std	Y+27, r24	; 0x1b
    32b0:	9c 8f       	std	Y+28, r25	; 0x1c
    32b2:	8b 8d       	ldd	r24, Y+27	; 0x1b
    32b4:	9c 8d       	ldd	r25, Y+28	; 0x1c
    32b6:	01 97       	sbiw	r24, 0x01	; 1
    32b8:	f1 f7       	brne	.-4      	; 0x32b6 <vApplicationMallocFailedHook+0x108>
    32ba:	8b 8f       	std	Y+27, r24	; 0x1b
    32bc:	9c 8f       	std	Y+28, r25	; 0x1c
		_delay_ms(100);
		CLR_ERR_LED();
    32be:	80 e0       	ldi	r24, 0x00	; 0
    32c0:	96 e0       	ldi	r25, 0x06	; 6
    32c2:	20 e8       	ldi	r18, 0x80	; 128
    32c4:	fc 01       	movw	r30, r24
    32c6:	26 83       	std	Z+6, r18	; 0x06
    32c8:	80 e0       	ldi	r24, 0x00	; 0
    32ca:	90 e0       	ldi	r25, 0x00	; 0
    32cc:	a8 ec       	ldi	r26, 0xC8	; 200
    32ce:	b2 e4       	ldi	r27, 0x42	; 66
    32d0:	8d 83       	std	Y+5, r24	; 0x05
    32d2:	9e 83       	std	Y+6, r25	; 0x06
    32d4:	af 83       	std	Y+7, r26	; 0x07
    32d6:	b8 87       	std	Y+8, r27	; 0x08

	__builtin_avr_delay_cycles(__ticks_dc);

#else
	uint16_t __ticks;
	__tmp = ((F_CPU) / 4e3) * __ms;
    32d8:	20 e0       	ldi	r18, 0x00	; 0
    32da:	30 e0       	ldi	r19, 0x00	; 0
    32dc:	4a ef       	ldi	r20, 0xFA	; 250
    32de:	55 e4       	ldi	r21, 0x45	; 69
    32e0:	6d 81       	ldd	r22, Y+5	; 0x05
    32e2:	7e 81       	ldd	r23, Y+6	; 0x06
    32e4:	8f 81       	ldd	r24, Y+7	; 0x07
    32e6:	98 85       	ldd	r25, Y+8	; 0x08
    32e8:	0e 94 35 23 	call	0x466a	; 0x466a <__mulsf3>
    32ec:	dc 01       	movw	r26, r24
    32ee:	cb 01       	movw	r24, r22
    32f0:	89 87       	std	Y+9, r24	; 0x09
    32f2:	9a 87       	std	Y+10, r25	; 0x0a
    32f4:	ab 87       	std	Y+11, r26	; 0x0b
    32f6:	bc 87       	std	Y+12, r27	; 0x0c
	if (__tmp < 1.0)
    32f8:	20 e0       	ldi	r18, 0x00	; 0
    32fa:	30 e0       	ldi	r19, 0x00	; 0
    32fc:	40 e8       	ldi	r20, 0x80	; 128
    32fe:	5f e3       	ldi	r21, 0x3F	; 63
    3300:	69 85       	ldd	r22, Y+9	; 0x09
    3302:	7a 85       	ldd	r23, Y+10	; 0x0a
    3304:	8b 85       	ldd	r24, Y+11	; 0x0b
    3306:	9c 85       	ldd	r25, Y+12	; 0x0c
    3308:	0e 94 d8 21 	call	0x43b0	; 0x43b0 <__cmpsf2>
    330c:	88 23       	and	r24, r24
    330e:	2c f4       	brge	.+10     	; 0x331a <vApplicationMallocFailedHook+0x16c>
		__ticks = 1;
    3310:	81 e0       	ldi	r24, 0x01	; 1
    3312:	90 e0       	ldi	r25, 0x00	; 0
    3314:	8d 87       	std	Y+13, r24	; 0x0d
    3316:	9e 87       	std	Y+14, r25	; 0x0e
    3318:	3f c0       	rjmp	.+126    	; 0x3398 <vApplicationMallocFailedHook+0x1ea>
	else if (__tmp > 65535)
    331a:	20 e0       	ldi	r18, 0x00	; 0
    331c:	3f ef       	ldi	r19, 0xFF	; 255
    331e:	4f e7       	ldi	r20, 0x7F	; 127
    3320:	57 e4       	ldi	r21, 0x47	; 71
    3322:	69 85       	ldd	r22, Y+9	; 0x09
    3324:	7a 85       	ldd	r23, Y+10	; 0x0a
    3326:	8b 85       	ldd	r24, Y+11	; 0x0b
    3328:	9c 85       	ldd	r25, Y+12	; 0x0c
    332a:	0e 94 30 23 	call	0x4660	; 0x4660 <__gesf2>
    332e:	18 16       	cp	r1, r24
    3330:	4c f5       	brge	.+82     	; 0x3384 <vApplicationMallocFailedHook+0x1d6>
	{
		//	__ticks = requested delay in 1/10 ms
		__ticks = (uint16_t) (__ms * 10.0);
    3332:	20 e0       	ldi	r18, 0x00	; 0
    3334:	30 e0       	ldi	r19, 0x00	; 0
    3336:	40 e2       	ldi	r20, 0x20	; 32
    3338:	51 e4       	ldi	r21, 0x41	; 65
    333a:	6d 81       	ldd	r22, Y+5	; 0x05
    333c:	7e 81       	ldd	r23, Y+6	; 0x06
    333e:	8f 81       	ldd	r24, Y+7	; 0x07
    3340:	98 85       	ldd	r25, Y+8	; 0x08
    3342:	0e 94 35 23 	call	0x466a	; 0x466a <__mulsf3>
    3346:	dc 01       	movw	r26, r24
    3348:	cb 01       	movw	r24, r22
    334a:	bc 01       	movw	r22, r24
    334c:	cd 01       	movw	r24, r26
    334e:	0e 94 4f 22 	call	0x449e	; 0x449e <__fixunssfsi>
    3352:	dc 01       	movw	r26, r24
    3354:	cb 01       	movw	r24, r22
    3356:	8d 87       	std	Y+13, r24	; 0x0d
    3358:	9e 87       	std	Y+14, r25	; 0x0e
    335a:	0f c0       	rjmp	.+30     	; 0x337a <vApplicationMallocFailedHook+0x1cc>
    335c:	80 e2       	ldi	r24, 0x20	; 32
    335e:	93 e0       	ldi	r25, 0x03	; 3
    3360:	8f 87       	std	Y+15, r24	; 0x0f
    3362:	98 8b       	std	Y+16, r25	; 0x10
    3364:	8f 85       	ldd	r24, Y+15	; 0x0f
    3366:	98 89       	ldd	r25, Y+16	; 0x10
    3368:	01 97       	sbiw	r24, 0x01	; 1
    336a:	f1 f7       	brne	.-4      	; 0x3368 <vApplicationMallocFailedHook+0x1ba>
    336c:	8f 87       	std	Y+15, r24	; 0x0f
    336e:	98 8b       	std	Y+16, r25	; 0x10
		while(__ticks)
		{
			// wait 1/10 ms
			_delay_loop_2(((F_CPU) / 4e3) / 10);
			__ticks --;
    3370:	8d 85       	ldd	r24, Y+13	; 0x0d
    3372:	9e 85       	ldd	r25, Y+14	; 0x0e
    3374:	01 97       	sbiw	r24, 0x01	; 1
    3376:	8d 87       	std	Y+13, r24	; 0x0d
    3378:	9e 87       	std	Y+14, r25	; 0x0e
		__ticks = 1;
	else if (__tmp > 65535)
	{
		//	__ticks = requested delay in 1/10 ms
		__ticks = (uint16_t) (__ms * 10.0);
		while(__ticks)
    337a:	8d 85       	ldd	r24, Y+13	; 0x0d
    337c:	9e 85       	ldd	r25, Y+14	; 0x0e
    337e:	89 2b       	or	r24, r25
    3380:	69 f7       	brne	.-38     	; 0x335c <vApplicationMallocFailedHook+0x1ae>
    3382:	14 c0       	rjmp	.+40     	; 0x33ac <vApplicationMallocFailedHook+0x1fe>
			__ticks --;
		}
		return;
	}
	else
		__ticks = (uint16_t)__tmp;
    3384:	69 85       	ldd	r22, Y+9	; 0x09
    3386:	7a 85       	ldd	r23, Y+10	; 0x0a
    3388:	8b 85       	ldd	r24, Y+11	; 0x0b
    338a:	9c 85       	ldd	r25, Y+12	; 0x0c
    338c:	0e 94 4f 22 	call	0x449e	; 0x449e <__fixunssfsi>
    3390:	dc 01       	movw	r26, r24
    3392:	cb 01       	movw	r24, r22
    3394:	8d 87       	std	Y+13, r24	; 0x0d
    3396:	9e 87       	std	Y+14, r25	; 0x0e
    3398:	8d 85       	ldd	r24, Y+13	; 0x0d
    339a:	9e 85       	ldd	r25, Y+14	; 0x0e
    339c:	89 8b       	std	Y+17, r24	; 0x11
    339e:	9a 8b       	std	Y+18, r25	; 0x12
    33a0:	89 89       	ldd	r24, Y+17	; 0x11
    33a2:	9a 89       	ldd	r25, Y+18	; 0x12
    33a4:	01 97       	sbiw	r24, 0x01	; 1
    33a6:	f1 f7       	brne	.-4      	; 0x33a4 <vApplicationMallocFailedHook+0x1f6>
    33a8:	89 8b       	std	Y+17, r24	; 0x11
    33aa:	9a 8b       	std	Y+18, r25	; 0x12
		_delay_ms(100);
	}
    33ac:	11 cf       	rjmp	.-478    	; 0x31d0 <vApplicationMallocFailedHook+0x22>

000033ae <vApplicationStackOverflowHook>:
}



void vApplicationStackOverflowHook( TaskHandle_t xTask,signed char *pcTaskName )
{
    33ae:	cf 93       	push	r28
    33b0:	df 93       	push	r29
    33b2:	cd b7       	in	r28, 0x3d	; 61
    33b4:	de b7       	in	r29, 0x3e	; 62
    33b6:	a0 97       	sbiw	r28, 0x20	; 32
    33b8:	cd bf       	out	0x3d, r28	; 61
    33ba:	de bf       	out	0x3e, r29	; 62
    33bc:	8d 8f       	std	Y+29, r24	; 0x1d
    33be:	9e 8f       	std	Y+30, r25	; 0x1e
    33c0:	6f 8f       	std	Y+31, r22	; 0x1f
    33c2:	78 a3       	std	Y+32, r23	; 0x20
	taskDISABLE_INTERRUPTS();
    33c4:	f8 94       	cli
	CFG_ERR_LED();
    33c6:	80 e0       	ldi	r24, 0x00	; 0
    33c8:	96 e0       	ldi	r25, 0x06	; 6
    33ca:	20 e8       	ldi	r18, 0x80	; 128
    33cc:	fc 01       	movw	r30, r24
    33ce:	21 83       	std	Z+1, r18	; 0x01
	DbgPrint("STACK overflow in task ");
    33d0:	8b e7       	ldi	r24, 0x7B	; 123
    33d2:	90 e2       	ldi	r25, 0x20	; 32
    33d4:	0e 94 1b 02 	call	0x436	; 0x436 <DbgPrint>
	DbgPrintn(pcTaskName,10);
    33d8:	8f 8d       	ldd	r24, Y+31	; 0x1f
    33da:	98 a1       	ldd	r25, Y+32	; 0x20
    33dc:	6a e0       	ldi	r22, 0x0A	; 10
    33de:	70 e0       	ldi	r23, 0x00	; 0
    33e0:	0e 94 2f 02 	call	0x45e	; 0x45e <DbgPrintn>
	DbgPrint("\r\n");
    33e4:	83 e9       	ldi	r24, 0x93	; 147
    33e6:	90 e2       	ldi	r25, 0x20	; 32
    33e8:	0e 94 1b 02 	call	0x436	; 0x436 <DbgPrint>
	while (1)
	{
		SET_ERR_LED();
    33ec:	80 e0       	ldi	r24, 0x00	; 0
    33ee:	96 e0       	ldi	r25, 0x06	; 6
    33f0:	20 e8       	ldi	r18, 0x80	; 128
    33f2:	fc 01       	movw	r30, r24
    33f4:	25 83       	std	Z+5, r18	; 0x05
    33f6:	80 e0       	ldi	r24, 0x00	; 0
    33f8:	90 e0       	ldi	r25, 0x00	; 0
    33fa:	aa ef       	ldi	r26, 0xFA	; 250
    33fc:	b3 e4       	ldi	r27, 0x43	; 67
    33fe:	89 83       	std	Y+1, r24	; 0x01
    3400:	9a 83       	std	Y+2, r25	; 0x02
    3402:	ab 83       	std	Y+3, r26	; 0x03
    3404:	bc 83       	std	Y+4, r27	; 0x04

	__builtin_avr_delay_cycles(__ticks_dc);

#else
	uint16_t __ticks;
	__tmp = ((F_CPU) / 4e3) * __ms;
    3406:	20 e0       	ldi	r18, 0x00	; 0
    3408:	30 e0       	ldi	r19, 0x00	; 0
    340a:	4a ef       	ldi	r20, 0xFA	; 250
    340c:	55 e4       	ldi	r21, 0x45	; 69
    340e:	69 81       	ldd	r22, Y+1	; 0x01
    3410:	7a 81       	ldd	r23, Y+2	; 0x02
    3412:	8b 81       	ldd	r24, Y+3	; 0x03
    3414:	9c 81       	ldd	r25, Y+4	; 0x04
    3416:	0e 94 35 23 	call	0x466a	; 0x466a <__mulsf3>
    341a:	dc 01       	movw	r26, r24
    341c:	cb 01       	movw	r24, r22
    341e:	8b 8b       	std	Y+19, r24	; 0x13
    3420:	9c 8b       	std	Y+20, r25	; 0x14
    3422:	ad 8b       	std	Y+21, r26	; 0x15
    3424:	be 8b       	std	Y+22, r27	; 0x16
	if (__tmp < 1.0)
    3426:	20 e0       	ldi	r18, 0x00	; 0
    3428:	30 e0       	ldi	r19, 0x00	; 0
    342a:	40 e8       	ldi	r20, 0x80	; 128
    342c:	5f e3       	ldi	r21, 0x3F	; 63
    342e:	6b 89       	ldd	r22, Y+19	; 0x13
    3430:	7c 89       	ldd	r23, Y+20	; 0x14
    3432:	8d 89       	ldd	r24, Y+21	; 0x15
    3434:	9e 89       	ldd	r25, Y+22	; 0x16
    3436:	0e 94 d8 21 	call	0x43b0	; 0x43b0 <__cmpsf2>
    343a:	88 23       	and	r24, r24
    343c:	2c f4       	brge	.+10     	; 0x3448 <vApplicationStackOverflowHook+0x9a>
		__ticks = 1;
    343e:	81 e0       	ldi	r24, 0x01	; 1
    3440:	90 e0       	ldi	r25, 0x00	; 0
    3442:	8f 8b       	std	Y+23, r24	; 0x17
    3444:	98 8f       	std	Y+24, r25	; 0x18
    3446:	3f c0       	rjmp	.+126    	; 0x34c6 <vApplicationStackOverflowHook+0x118>
	else if (__tmp > 65535)
    3448:	20 e0       	ldi	r18, 0x00	; 0
    344a:	3f ef       	ldi	r19, 0xFF	; 255
    344c:	4f e7       	ldi	r20, 0x7F	; 127
    344e:	57 e4       	ldi	r21, 0x47	; 71
    3450:	6b 89       	ldd	r22, Y+19	; 0x13
    3452:	7c 89       	ldd	r23, Y+20	; 0x14
    3454:	8d 89       	ldd	r24, Y+21	; 0x15
    3456:	9e 89       	ldd	r25, Y+22	; 0x16
    3458:	0e 94 30 23 	call	0x4660	; 0x4660 <__gesf2>
    345c:	18 16       	cp	r1, r24
    345e:	4c f5       	brge	.+82     	; 0x34b2 <vApplicationStackOverflowHook+0x104>
	{
		//	__ticks = requested delay in 1/10 ms
		__ticks = (uint16_t) (__ms * 10.0);
    3460:	20 e0       	ldi	r18, 0x00	; 0
    3462:	30 e0       	ldi	r19, 0x00	; 0
    3464:	40 e2       	ldi	r20, 0x20	; 32
    3466:	51 e4       	ldi	r21, 0x41	; 65
    3468:	69 81       	ldd	r22, Y+1	; 0x01
    346a:	7a 81       	ldd	r23, Y+2	; 0x02
    346c:	8b 81       	ldd	r24, Y+3	; 0x03
    346e:	9c 81       	ldd	r25, Y+4	; 0x04
    3470:	0e 94 35 23 	call	0x466a	; 0x466a <__mulsf3>
    3474:	dc 01       	movw	r26, r24
    3476:	cb 01       	movw	r24, r22
    3478:	bc 01       	movw	r22, r24
    347a:	cd 01       	movw	r24, r26
    347c:	0e 94 4f 22 	call	0x449e	; 0x449e <__fixunssfsi>
    3480:	dc 01       	movw	r26, r24
    3482:	cb 01       	movw	r24, r22
    3484:	8f 8b       	std	Y+23, r24	; 0x17
    3486:	98 8f       	std	Y+24, r25	; 0x18
    3488:	0f c0       	rjmp	.+30     	; 0x34a8 <vApplicationStackOverflowHook+0xfa>
    348a:	80 e2       	ldi	r24, 0x20	; 32
    348c:	93 e0       	ldi	r25, 0x03	; 3
    348e:	89 8f       	std	Y+25, r24	; 0x19
    3490:	9a 8f       	std	Y+26, r25	; 0x1a
    3492:	89 8d       	ldd	r24, Y+25	; 0x19
    3494:	9a 8d       	ldd	r25, Y+26	; 0x1a
    3496:	01 97       	sbiw	r24, 0x01	; 1
    3498:	f1 f7       	brne	.-4      	; 0x3496 <vApplicationStackOverflowHook+0xe8>
    349a:	89 8f       	std	Y+25, r24	; 0x19
    349c:	9a 8f       	std	Y+26, r25	; 0x1a
		while(__ticks)
		{
			// wait 1/10 ms
			_delay_loop_2(((F_CPU) / 4e3) / 10);
			__ticks --;
    349e:	8f 89       	ldd	r24, Y+23	; 0x17
    34a0:	98 8d       	ldd	r25, Y+24	; 0x18
    34a2:	01 97       	sbiw	r24, 0x01	; 1
    34a4:	8f 8b       	std	Y+23, r24	; 0x17
    34a6:	98 8f       	std	Y+24, r25	; 0x18
		__ticks = 1;
	else if (__tmp > 65535)
	{
		//	__ticks = requested delay in 1/10 ms
		__ticks = (uint16_t) (__ms * 10.0);
		while(__ticks)
    34a8:	8f 89       	ldd	r24, Y+23	; 0x17
    34aa:	98 8d       	ldd	r25, Y+24	; 0x18
    34ac:	89 2b       	or	r24, r25
    34ae:	69 f7       	brne	.-38     	; 0x348a <vApplicationStackOverflowHook+0xdc>
    34b0:	14 c0       	rjmp	.+40     	; 0x34da <vApplicationStackOverflowHook+0x12c>
			__ticks --;
		}
		return;
	}
	else
		__ticks = (uint16_t)__tmp;
    34b2:	6b 89       	ldd	r22, Y+19	; 0x13
    34b4:	7c 89       	ldd	r23, Y+20	; 0x14
    34b6:	8d 89       	ldd	r24, Y+21	; 0x15
    34b8:	9e 89       	ldd	r25, Y+22	; 0x16
    34ba:	0e 94 4f 22 	call	0x449e	; 0x449e <__fixunssfsi>
    34be:	dc 01       	movw	r26, r24
    34c0:	cb 01       	movw	r24, r22
    34c2:	8f 8b       	std	Y+23, r24	; 0x17
    34c4:	98 8f       	std	Y+24, r25	; 0x18
    34c6:	8f 89       	ldd	r24, Y+23	; 0x17
    34c8:	98 8d       	ldd	r25, Y+24	; 0x18
    34ca:	8b 8f       	std	Y+27, r24	; 0x1b
    34cc:	9c 8f       	std	Y+28, r25	; 0x1c
    34ce:	8b 8d       	ldd	r24, Y+27	; 0x1b
    34d0:	9c 8d       	ldd	r25, Y+28	; 0x1c
    34d2:	01 97       	sbiw	r24, 0x01	; 1
    34d4:	f1 f7       	brne	.-4      	; 0x34d2 <vApplicationStackOverflowHook+0x124>
    34d6:	8b 8f       	std	Y+27, r24	; 0x1b
    34d8:	9c 8f       	std	Y+28, r25	; 0x1c
		_delay_ms(500);
		CLR_ERR_LED();
    34da:	80 e0       	ldi	r24, 0x00	; 0
    34dc:	96 e0       	ldi	r25, 0x06	; 6
    34de:	20 e8       	ldi	r18, 0x80	; 128
    34e0:	fc 01       	movw	r30, r24
    34e2:	26 83       	std	Z+6, r18	; 0x06
    34e4:	80 e0       	ldi	r24, 0x00	; 0
    34e6:	90 e0       	ldi	r25, 0x00	; 0
    34e8:	aa ef       	ldi	r26, 0xFA	; 250
    34ea:	b3 e4       	ldi	r27, 0x43	; 67
    34ec:	8d 83       	std	Y+5, r24	; 0x05
    34ee:	9e 83       	std	Y+6, r25	; 0x06
    34f0:	af 83       	std	Y+7, r26	; 0x07
    34f2:	b8 87       	std	Y+8, r27	; 0x08

	__builtin_avr_delay_cycles(__ticks_dc);

#else
	uint16_t __ticks;
	__tmp = ((F_CPU) / 4e3) * __ms;
    34f4:	20 e0       	ldi	r18, 0x00	; 0
    34f6:	30 e0       	ldi	r19, 0x00	; 0
    34f8:	4a ef       	ldi	r20, 0xFA	; 250
    34fa:	55 e4       	ldi	r21, 0x45	; 69
    34fc:	6d 81       	ldd	r22, Y+5	; 0x05
    34fe:	7e 81       	ldd	r23, Y+6	; 0x06
    3500:	8f 81       	ldd	r24, Y+7	; 0x07
    3502:	98 85       	ldd	r25, Y+8	; 0x08
    3504:	0e 94 35 23 	call	0x466a	; 0x466a <__mulsf3>
    3508:	dc 01       	movw	r26, r24
    350a:	cb 01       	movw	r24, r22
    350c:	89 87       	std	Y+9, r24	; 0x09
    350e:	9a 87       	std	Y+10, r25	; 0x0a
    3510:	ab 87       	std	Y+11, r26	; 0x0b
    3512:	bc 87       	std	Y+12, r27	; 0x0c
	if (__tmp < 1.0)
    3514:	20 e0       	ldi	r18, 0x00	; 0
    3516:	30 e0       	ldi	r19, 0x00	; 0
    3518:	40 e8       	ldi	r20, 0x80	; 128
    351a:	5f e3       	ldi	r21, 0x3F	; 63
    351c:	69 85       	ldd	r22, Y+9	; 0x09
    351e:	7a 85       	ldd	r23, Y+10	; 0x0a
    3520:	8b 85       	ldd	r24, Y+11	; 0x0b
    3522:	9c 85       	ldd	r25, Y+12	; 0x0c
    3524:	0e 94 d8 21 	call	0x43b0	; 0x43b0 <__cmpsf2>
    3528:	88 23       	and	r24, r24
    352a:	2c f4       	brge	.+10     	; 0x3536 <vApplicationStackOverflowHook+0x188>
		__ticks = 1;
    352c:	81 e0       	ldi	r24, 0x01	; 1
    352e:	90 e0       	ldi	r25, 0x00	; 0
    3530:	8d 87       	std	Y+13, r24	; 0x0d
    3532:	9e 87       	std	Y+14, r25	; 0x0e
    3534:	3f c0       	rjmp	.+126    	; 0x35b4 <vApplicationStackOverflowHook+0x206>
	else if (__tmp > 65535)
    3536:	20 e0       	ldi	r18, 0x00	; 0
    3538:	3f ef       	ldi	r19, 0xFF	; 255
    353a:	4f e7       	ldi	r20, 0x7F	; 127
    353c:	57 e4       	ldi	r21, 0x47	; 71
    353e:	69 85       	ldd	r22, Y+9	; 0x09
    3540:	7a 85       	ldd	r23, Y+10	; 0x0a
    3542:	8b 85       	ldd	r24, Y+11	; 0x0b
    3544:	9c 85       	ldd	r25, Y+12	; 0x0c
    3546:	0e 94 30 23 	call	0x4660	; 0x4660 <__gesf2>
    354a:	18 16       	cp	r1, r24
    354c:	4c f5       	brge	.+82     	; 0x35a0 <vApplicationStackOverflowHook+0x1f2>
	{
		//	__ticks = requested delay in 1/10 ms
		__ticks = (uint16_t) (__ms * 10.0);
    354e:	20 e0       	ldi	r18, 0x00	; 0
    3550:	30 e0       	ldi	r19, 0x00	; 0
    3552:	40 e2       	ldi	r20, 0x20	; 32
    3554:	51 e4       	ldi	r21, 0x41	; 65
    3556:	6d 81       	ldd	r22, Y+5	; 0x05
    3558:	7e 81       	ldd	r23, Y+6	; 0x06
    355a:	8f 81       	ldd	r24, Y+7	; 0x07
    355c:	98 85       	ldd	r25, Y+8	; 0x08
    355e:	0e 94 35 23 	call	0x466a	; 0x466a <__mulsf3>
    3562:	dc 01       	movw	r26, r24
    3564:	cb 01       	movw	r24, r22
    3566:	bc 01       	movw	r22, r24
    3568:	cd 01       	movw	r24, r26
    356a:	0e 94 4f 22 	call	0x449e	; 0x449e <__fixunssfsi>
    356e:	dc 01       	movw	r26, r24
    3570:	cb 01       	movw	r24, r22
    3572:	8d 87       	std	Y+13, r24	; 0x0d
    3574:	9e 87       	std	Y+14, r25	; 0x0e
    3576:	0f c0       	rjmp	.+30     	; 0x3596 <vApplicationStackOverflowHook+0x1e8>
    3578:	80 e2       	ldi	r24, 0x20	; 32
    357a:	93 e0       	ldi	r25, 0x03	; 3
    357c:	8f 87       	std	Y+15, r24	; 0x0f
    357e:	98 8b       	std	Y+16, r25	; 0x10
    3580:	8f 85       	ldd	r24, Y+15	; 0x0f
    3582:	98 89       	ldd	r25, Y+16	; 0x10
    3584:	01 97       	sbiw	r24, 0x01	; 1
    3586:	f1 f7       	brne	.-4      	; 0x3584 <vApplicationStackOverflowHook+0x1d6>
    3588:	8f 87       	std	Y+15, r24	; 0x0f
    358a:	98 8b       	std	Y+16, r25	; 0x10
		while(__ticks)
		{
			// wait 1/10 ms
			_delay_loop_2(((F_CPU) / 4e3) / 10);
			__ticks --;
    358c:	8d 85       	ldd	r24, Y+13	; 0x0d
    358e:	9e 85       	ldd	r25, Y+14	; 0x0e
    3590:	01 97       	sbiw	r24, 0x01	; 1
    3592:	8d 87       	std	Y+13, r24	; 0x0d
    3594:	9e 87       	std	Y+14, r25	; 0x0e
		__ticks = 1;
	else if (__tmp > 65535)
	{
		//	__ticks = requested delay in 1/10 ms
		__ticks = (uint16_t) (__ms * 10.0);
		while(__ticks)
    3596:	8d 85       	ldd	r24, Y+13	; 0x0d
    3598:	9e 85       	ldd	r25, Y+14	; 0x0e
    359a:	89 2b       	or	r24, r25
    359c:	69 f7       	brne	.-38     	; 0x3578 <vApplicationStackOverflowHook+0x1ca>
    359e:	14 c0       	rjmp	.+40     	; 0x35c8 <vApplicationStackOverflowHook+0x21a>
			__ticks --;
		}
		return;
	}
	else
		__ticks = (uint16_t)__tmp;
    35a0:	69 85       	ldd	r22, Y+9	; 0x09
    35a2:	7a 85       	ldd	r23, Y+10	; 0x0a
    35a4:	8b 85       	ldd	r24, Y+11	; 0x0b
    35a6:	9c 85       	ldd	r25, Y+12	; 0x0c
    35a8:	0e 94 4f 22 	call	0x449e	; 0x449e <__fixunssfsi>
    35ac:	dc 01       	movw	r26, r24
    35ae:	cb 01       	movw	r24, r22
    35b0:	8d 87       	std	Y+13, r24	; 0x0d
    35b2:	9e 87       	std	Y+14, r25	; 0x0e
    35b4:	8d 85       	ldd	r24, Y+13	; 0x0d
    35b6:	9e 85       	ldd	r25, Y+14	; 0x0e
    35b8:	89 8b       	std	Y+17, r24	; 0x11
    35ba:	9a 8b       	std	Y+18, r25	; 0x12
    35bc:	89 89       	ldd	r24, Y+17	; 0x11
    35be:	9a 89       	ldd	r25, Y+18	; 0x12
    35c0:	01 97       	sbiw	r24, 0x01	; 1
    35c2:	f1 f7       	brne	.-4      	; 0x35c0 <vApplicationStackOverflowHook+0x212>
    35c4:	89 8b       	std	Y+17, r24	; 0x11
    35c6:	9a 8b       	std	Y+18, r25	; 0x12
		_delay_ms(500);
	}
    35c8:	11 cf       	rjmp	.-478    	; 0x33ec <vApplicationStackOverflowHook+0x3e>

000035ca <vAssertCalled>:
}

void vAssertCalled( char *File, int Line)
{
    35ca:	cf 93       	push	r28
    35cc:	df 93       	push	r29
    35ce:	cd b7       	in	r28, 0x3d	; 61
    35d0:	de b7       	in	r29, 0x3e	; 62
    35d2:	a0 97       	sbiw	r28, 0x20	; 32
    35d4:	cd bf       	out	0x3d, r28	; 61
    35d6:	de bf       	out	0x3e, r29	; 62
    35d8:	8d 8f       	std	Y+29, r24	; 0x1d
    35da:	9e 8f       	std	Y+30, r25	; 0x1e
    35dc:	6f 8f       	std	Y+31, r22	; 0x1f
    35de:	78 a3       	std	Y+32, r23	; 0x20
	taskDISABLE_INTERRUPTS();	
    35e0:	f8 94       	cli
	CFG_ERR_LED();
    35e2:	80 e0       	ldi	r24, 0x00	; 0
    35e4:	96 e0       	ldi	r25, 0x06	; 6
    35e6:	20 e8       	ldi	r18, 0x80	; 128
    35e8:	fc 01       	movw	r30, r24
    35ea:	21 83       	std	Z+1, r18	; 0x01
	DbgPrint("Assert in file ");
    35ec:	86 e9       	ldi	r24, 0x96	; 150
    35ee:	90 e2       	ldi	r25, 0x20	; 32
    35f0:	0e 94 1b 02 	call	0x436	; 0x436 <DbgPrint>
	DbgPrintn(File,100);
    35f4:	8d 8d       	ldd	r24, Y+29	; 0x1d
    35f6:	9e 8d       	ldd	r25, Y+30	; 0x1e
    35f8:	64 e6       	ldi	r22, 0x64	; 100
    35fa:	70 e0       	ldi	r23, 0x00	; 0
    35fc:	0e 94 2f 02 	call	0x45e	; 0x45e <DbgPrintn>
	DbgPrint(", line nr ");
    3600:	86 ea       	ldi	r24, 0xA6	; 166
    3602:	90 e2       	ldi	r25, 0x20	; 32
    3604:	0e 94 1b 02 	call	0x436	; 0x436 <DbgPrint>
	DbgPrintInt(Line);
    3608:	8f 8d       	ldd	r24, Y+31	; 0x1f
    360a:	98 a1       	ldd	r25, Y+32	; 0x20
    360c:	0e 94 7e 02 	call	0x4fc	; 0x4fc <DbgPrintInt>
	DbgPrint("\r\n");
    3610:	83 e9       	ldi	r24, 0x93	; 147
    3612:	90 e2       	ldi	r25, 0x20	; 32
    3614:	0e 94 1b 02 	call	0x436	; 0x436 <DbgPrint>

	while (1)
	{
		SET_ERR_LED();
    3618:	80 e0       	ldi	r24, 0x00	; 0
    361a:	96 e0       	ldi	r25, 0x06	; 6
    361c:	20 e8       	ldi	r18, 0x80	; 128
    361e:	fc 01       	movw	r30, r24
    3620:	25 83       	std	Z+5, r18	; 0x05
    3622:	80 e0       	ldi	r24, 0x00	; 0
    3624:	90 e0       	ldi	r25, 0x00	; 0
    3626:	a8 ec       	ldi	r26, 0xC8	; 200
    3628:	b2 e4       	ldi	r27, 0x42	; 66
    362a:	89 83       	std	Y+1, r24	; 0x01
    362c:	9a 83       	std	Y+2, r25	; 0x02
    362e:	ab 83       	std	Y+3, r26	; 0x03
    3630:	bc 83       	std	Y+4, r27	; 0x04

	__builtin_avr_delay_cycles(__ticks_dc);

#else
	uint16_t __ticks;
	__tmp = ((F_CPU) / 4e3) * __ms;
    3632:	20 e0       	ldi	r18, 0x00	; 0
    3634:	30 e0       	ldi	r19, 0x00	; 0
    3636:	4a ef       	ldi	r20, 0xFA	; 250
    3638:	55 e4       	ldi	r21, 0x45	; 69
    363a:	69 81       	ldd	r22, Y+1	; 0x01
    363c:	7a 81       	ldd	r23, Y+2	; 0x02
    363e:	8b 81       	ldd	r24, Y+3	; 0x03
    3640:	9c 81       	ldd	r25, Y+4	; 0x04
    3642:	0e 94 35 23 	call	0x466a	; 0x466a <__mulsf3>
    3646:	dc 01       	movw	r26, r24
    3648:	cb 01       	movw	r24, r22
    364a:	8b 8b       	std	Y+19, r24	; 0x13
    364c:	9c 8b       	std	Y+20, r25	; 0x14
    364e:	ad 8b       	std	Y+21, r26	; 0x15
    3650:	be 8b       	std	Y+22, r27	; 0x16
	if (__tmp < 1.0)
    3652:	20 e0       	ldi	r18, 0x00	; 0
    3654:	30 e0       	ldi	r19, 0x00	; 0
    3656:	40 e8       	ldi	r20, 0x80	; 128
    3658:	5f e3       	ldi	r21, 0x3F	; 63
    365a:	6b 89       	ldd	r22, Y+19	; 0x13
    365c:	7c 89       	ldd	r23, Y+20	; 0x14
    365e:	8d 89       	ldd	r24, Y+21	; 0x15
    3660:	9e 89       	ldd	r25, Y+22	; 0x16
    3662:	0e 94 d8 21 	call	0x43b0	; 0x43b0 <__cmpsf2>
    3666:	88 23       	and	r24, r24
    3668:	2c f4       	brge	.+10     	; 0x3674 <vAssertCalled+0xaa>
		__ticks = 1;
    366a:	81 e0       	ldi	r24, 0x01	; 1
    366c:	90 e0       	ldi	r25, 0x00	; 0
    366e:	8f 8b       	std	Y+23, r24	; 0x17
    3670:	98 8f       	std	Y+24, r25	; 0x18
    3672:	3f c0       	rjmp	.+126    	; 0x36f2 <vAssertCalled+0x128>
	else if (__tmp > 65535)
    3674:	20 e0       	ldi	r18, 0x00	; 0
    3676:	3f ef       	ldi	r19, 0xFF	; 255
    3678:	4f e7       	ldi	r20, 0x7F	; 127
    367a:	57 e4       	ldi	r21, 0x47	; 71
    367c:	6b 89       	ldd	r22, Y+19	; 0x13
    367e:	7c 89       	ldd	r23, Y+20	; 0x14
    3680:	8d 89       	ldd	r24, Y+21	; 0x15
    3682:	9e 89       	ldd	r25, Y+22	; 0x16
    3684:	0e 94 30 23 	call	0x4660	; 0x4660 <__gesf2>
    3688:	18 16       	cp	r1, r24
    368a:	4c f5       	brge	.+82     	; 0x36de <vAssertCalled+0x114>
	{
		//	__ticks = requested delay in 1/10 ms
		__ticks = (uint16_t) (__ms * 10.0);
    368c:	20 e0       	ldi	r18, 0x00	; 0
    368e:	30 e0       	ldi	r19, 0x00	; 0
    3690:	40 e2       	ldi	r20, 0x20	; 32
    3692:	51 e4       	ldi	r21, 0x41	; 65
    3694:	69 81       	ldd	r22, Y+1	; 0x01
    3696:	7a 81       	ldd	r23, Y+2	; 0x02
    3698:	8b 81       	ldd	r24, Y+3	; 0x03
    369a:	9c 81       	ldd	r25, Y+4	; 0x04
    369c:	0e 94 35 23 	call	0x466a	; 0x466a <__mulsf3>
    36a0:	dc 01       	movw	r26, r24
    36a2:	cb 01       	movw	r24, r22
    36a4:	bc 01       	movw	r22, r24
    36a6:	cd 01       	movw	r24, r26
    36a8:	0e 94 4f 22 	call	0x449e	; 0x449e <__fixunssfsi>
    36ac:	dc 01       	movw	r26, r24
    36ae:	cb 01       	movw	r24, r22
    36b0:	8f 8b       	std	Y+23, r24	; 0x17
    36b2:	98 8f       	std	Y+24, r25	; 0x18
    36b4:	0f c0       	rjmp	.+30     	; 0x36d4 <vAssertCalled+0x10a>
    36b6:	80 e2       	ldi	r24, 0x20	; 32
    36b8:	93 e0       	ldi	r25, 0x03	; 3
    36ba:	89 8f       	std	Y+25, r24	; 0x19
    36bc:	9a 8f       	std	Y+26, r25	; 0x1a
    36be:	89 8d       	ldd	r24, Y+25	; 0x19
    36c0:	9a 8d       	ldd	r25, Y+26	; 0x1a
    36c2:	01 97       	sbiw	r24, 0x01	; 1
    36c4:	f1 f7       	brne	.-4      	; 0x36c2 <vAssertCalled+0xf8>
    36c6:	89 8f       	std	Y+25, r24	; 0x19
    36c8:	9a 8f       	std	Y+26, r25	; 0x1a
		while(__ticks)
		{
			// wait 1/10 ms
			_delay_loop_2(((F_CPU) / 4e3) / 10);
			__ticks --;
    36ca:	8f 89       	ldd	r24, Y+23	; 0x17
    36cc:	98 8d       	ldd	r25, Y+24	; 0x18
    36ce:	01 97       	sbiw	r24, 0x01	; 1
    36d0:	8f 8b       	std	Y+23, r24	; 0x17
    36d2:	98 8f       	std	Y+24, r25	; 0x18
		__ticks = 1;
	else if (__tmp > 65535)
	{
		//	__ticks = requested delay in 1/10 ms
		__ticks = (uint16_t) (__ms * 10.0);
		while(__ticks)
    36d4:	8f 89       	ldd	r24, Y+23	; 0x17
    36d6:	98 8d       	ldd	r25, Y+24	; 0x18
    36d8:	89 2b       	or	r24, r25
    36da:	69 f7       	brne	.-38     	; 0x36b6 <vAssertCalled+0xec>
    36dc:	14 c0       	rjmp	.+40     	; 0x3706 <vAssertCalled+0x13c>
			__ticks --;
		}
		return;
	}
	else
		__ticks = (uint16_t)__tmp;
    36de:	6b 89       	ldd	r22, Y+19	; 0x13
    36e0:	7c 89       	ldd	r23, Y+20	; 0x14
    36e2:	8d 89       	ldd	r24, Y+21	; 0x15
    36e4:	9e 89       	ldd	r25, Y+22	; 0x16
    36e6:	0e 94 4f 22 	call	0x449e	; 0x449e <__fixunssfsi>
    36ea:	dc 01       	movw	r26, r24
    36ec:	cb 01       	movw	r24, r22
    36ee:	8f 8b       	std	Y+23, r24	; 0x17
    36f0:	98 8f       	std	Y+24, r25	; 0x18
    36f2:	8f 89       	ldd	r24, Y+23	; 0x17
    36f4:	98 8d       	ldd	r25, Y+24	; 0x18
    36f6:	8b 8f       	std	Y+27, r24	; 0x1b
    36f8:	9c 8f       	std	Y+28, r25	; 0x1c
    36fa:	8b 8d       	ldd	r24, Y+27	; 0x1b
    36fc:	9c 8d       	ldd	r25, Y+28	; 0x1c
    36fe:	01 97       	sbiw	r24, 0x01	; 1
    3700:	f1 f7       	brne	.-4      	; 0x36fe <vAssertCalled+0x134>
    3702:	8b 8f       	std	Y+27, r24	; 0x1b
    3704:	9c 8f       	std	Y+28, r25	; 0x1c
		_delay_ms(100);
		CLR_ERR_LED();
    3706:	80 e0       	ldi	r24, 0x00	; 0
    3708:	96 e0       	ldi	r25, 0x06	; 6
    370a:	20 e8       	ldi	r18, 0x80	; 128
    370c:	fc 01       	movw	r30, r24
    370e:	26 83       	std	Z+6, r18	; 0x06
    3710:	80 e0       	ldi	r24, 0x00	; 0
    3712:	90 e0       	ldi	r25, 0x00	; 0
    3714:	aa ef       	ldi	r26, 0xFA	; 250
    3716:	b3 e4       	ldi	r27, 0x43	; 67
    3718:	8d 83       	std	Y+5, r24	; 0x05
    371a:	9e 83       	std	Y+6, r25	; 0x06
    371c:	af 83       	std	Y+7, r26	; 0x07
    371e:	b8 87       	std	Y+8, r27	; 0x08

	__builtin_avr_delay_cycles(__ticks_dc);

#else
	uint16_t __ticks;
	__tmp = ((F_CPU) / 4e3) * __ms;
    3720:	20 e0       	ldi	r18, 0x00	; 0
    3722:	30 e0       	ldi	r19, 0x00	; 0
    3724:	4a ef       	ldi	r20, 0xFA	; 250
    3726:	55 e4       	ldi	r21, 0x45	; 69
    3728:	6d 81       	ldd	r22, Y+5	; 0x05
    372a:	7e 81       	ldd	r23, Y+6	; 0x06
    372c:	8f 81       	ldd	r24, Y+7	; 0x07
    372e:	98 85       	ldd	r25, Y+8	; 0x08
    3730:	0e 94 35 23 	call	0x466a	; 0x466a <__mulsf3>
    3734:	dc 01       	movw	r26, r24
    3736:	cb 01       	movw	r24, r22
    3738:	89 87       	std	Y+9, r24	; 0x09
    373a:	9a 87       	std	Y+10, r25	; 0x0a
    373c:	ab 87       	std	Y+11, r26	; 0x0b
    373e:	bc 87       	std	Y+12, r27	; 0x0c
	if (__tmp < 1.0)
    3740:	20 e0       	ldi	r18, 0x00	; 0
    3742:	30 e0       	ldi	r19, 0x00	; 0
    3744:	40 e8       	ldi	r20, 0x80	; 128
    3746:	5f e3       	ldi	r21, 0x3F	; 63
    3748:	69 85       	ldd	r22, Y+9	; 0x09
    374a:	7a 85       	ldd	r23, Y+10	; 0x0a
    374c:	8b 85       	ldd	r24, Y+11	; 0x0b
    374e:	9c 85       	ldd	r25, Y+12	; 0x0c
    3750:	0e 94 d8 21 	call	0x43b0	; 0x43b0 <__cmpsf2>
    3754:	88 23       	and	r24, r24
    3756:	2c f4       	brge	.+10     	; 0x3762 <vAssertCalled+0x198>
		__ticks = 1;
    3758:	81 e0       	ldi	r24, 0x01	; 1
    375a:	90 e0       	ldi	r25, 0x00	; 0
    375c:	8d 87       	std	Y+13, r24	; 0x0d
    375e:	9e 87       	std	Y+14, r25	; 0x0e
    3760:	3f c0       	rjmp	.+126    	; 0x37e0 <vAssertCalled+0x216>
	else if (__tmp > 65535)
    3762:	20 e0       	ldi	r18, 0x00	; 0
    3764:	3f ef       	ldi	r19, 0xFF	; 255
    3766:	4f e7       	ldi	r20, 0x7F	; 127
    3768:	57 e4       	ldi	r21, 0x47	; 71
    376a:	69 85       	ldd	r22, Y+9	; 0x09
    376c:	7a 85       	ldd	r23, Y+10	; 0x0a
    376e:	8b 85       	ldd	r24, Y+11	; 0x0b
    3770:	9c 85       	ldd	r25, Y+12	; 0x0c
    3772:	0e 94 30 23 	call	0x4660	; 0x4660 <__gesf2>
    3776:	18 16       	cp	r1, r24
    3778:	4c f5       	brge	.+82     	; 0x37cc <vAssertCalled+0x202>
	{
		//	__ticks = requested delay in 1/10 ms
		__ticks = (uint16_t) (__ms * 10.0);
    377a:	20 e0       	ldi	r18, 0x00	; 0
    377c:	30 e0       	ldi	r19, 0x00	; 0
    377e:	40 e2       	ldi	r20, 0x20	; 32
    3780:	51 e4       	ldi	r21, 0x41	; 65
    3782:	6d 81       	ldd	r22, Y+5	; 0x05
    3784:	7e 81       	ldd	r23, Y+6	; 0x06
    3786:	8f 81       	ldd	r24, Y+7	; 0x07
    3788:	98 85       	ldd	r25, Y+8	; 0x08
    378a:	0e 94 35 23 	call	0x466a	; 0x466a <__mulsf3>
    378e:	dc 01       	movw	r26, r24
    3790:	cb 01       	movw	r24, r22
    3792:	bc 01       	movw	r22, r24
    3794:	cd 01       	movw	r24, r26
    3796:	0e 94 4f 22 	call	0x449e	; 0x449e <__fixunssfsi>
    379a:	dc 01       	movw	r26, r24
    379c:	cb 01       	movw	r24, r22
    379e:	8d 87       	std	Y+13, r24	; 0x0d
    37a0:	9e 87       	std	Y+14, r25	; 0x0e
    37a2:	0f c0       	rjmp	.+30     	; 0x37c2 <vAssertCalled+0x1f8>
    37a4:	80 e2       	ldi	r24, 0x20	; 32
    37a6:	93 e0       	ldi	r25, 0x03	; 3
    37a8:	8f 87       	std	Y+15, r24	; 0x0f
    37aa:	98 8b       	std	Y+16, r25	; 0x10
    37ac:	8f 85       	ldd	r24, Y+15	; 0x0f
    37ae:	98 89       	ldd	r25, Y+16	; 0x10
    37b0:	01 97       	sbiw	r24, 0x01	; 1
    37b2:	f1 f7       	brne	.-4      	; 0x37b0 <vAssertCalled+0x1e6>
    37b4:	8f 87       	std	Y+15, r24	; 0x0f
    37b6:	98 8b       	std	Y+16, r25	; 0x10
		while(__ticks)
		{
			// wait 1/10 ms
			_delay_loop_2(((F_CPU) / 4e3) / 10);
			__ticks --;
    37b8:	8d 85       	ldd	r24, Y+13	; 0x0d
    37ba:	9e 85       	ldd	r25, Y+14	; 0x0e
    37bc:	01 97       	sbiw	r24, 0x01	; 1
    37be:	8d 87       	std	Y+13, r24	; 0x0d
    37c0:	9e 87       	std	Y+14, r25	; 0x0e
		__ticks = 1;
	else if (__tmp > 65535)
	{
		//	__ticks = requested delay in 1/10 ms
		__ticks = (uint16_t) (__ms * 10.0);
		while(__ticks)
    37c2:	8d 85       	ldd	r24, Y+13	; 0x0d
    37c4:	9e 85       	ldd	r25, Y+14	; 0x0e
    37c6:	89 2b       	or	r24, r25
    37c8:	69 f7       	brne	.-38     	; 0x37a4 <vAssertCalled+0x1da>
    37ca:	14 c0       	rjmp	.+40     	; 0x37f4 <vAssertCalled+0x22a>
			__ticks --;
		}
		return;
	}
	else
		__ticks = (uint16_t)__tmp;
    37cc:	69 85       	ldd	r22, Y+9	; 0x09
    37ce:	7a 85       	ldd	r23, Y+10	; 0x0a
    37d0:	8b 85       	ldd	r24, Y+11	; 0x0b
    37d2:	9c 85       	ldd	r25, Y+12	; 0x0c
    37d4:	0e 94 4f 22 	call	0x449e	; 0x449e <__fixunssfsi>
    37d8:	dc 01       	movw	r26, r24
    37da:	cb 01       	movw	r24, r22
    37dc:	8d 87       	std	Y+13, r24	; 0x0d
    37de:	9e 87       	std	Y+14, r25	; 0x0e
    37e0:	8d 85       	ldd	r24, Y+13	; 0x0d
    37e2:	9e 85       	ldd	r25, Y+14	; 0x0e
    37e4:	89 8b       	std	Y+17, r24	; 0x11
    37e6:	9a 8b       	std	Y+18, r25	; 0x12
    37e8:	89 89       	ldd	r24, Y+17	; 0x11
    37ea:	9a 89       	ldd	r25, Y+18	; 0x12
    37ec:	01 97       	sbiw	r24, 0x01	; 1
    37ee:	f1 f7       	brne	.-4      	; 0x37ec <vAssertCalled+0x222>
    37f0:	89 8b       	std	Y+17, r24	; 0x11
    37f2:	9a 8b       	std	Y+18, r25	; 0x12
		_delay_ms(500);
	}
    37f4:	11 cf       	rjmp	.-478    	; 0x3618 <vAssertCalled+0x4e>

000037f6 <main>:
#include <stdio.h>
#include <stdlib.h>

uint8_t *ucHeap;

int main(void) {
    37f6:	cf 93       	push	r28
    37f8:	df 93       	push	r29
    37fa:	cd b7       	in	r28, 0x3d	; 61
    37fc:	de b7       	in	r29, 0x3e	; 62
    37fe:	2e 97       	sbiw	r28, 0x0e	; 14
    3800:	cd bf       	out	0x3d, r28	; 61
    3802:	de bf       	out	0x3e, r29	; 62
	// Allocate FreeRTOS heap
	ucHeap=malloc(configTOTAL_HEAP_SIZE);
    3804:	80 e0       	ldi	r24, 0x00	; 0
    3806:	90 e4       	ldi	r25, 0x40	; 64
    3808:	0e 94 fe 28 	call	0x51fc	; 0x51fc <malloc>
    380c:	80 93 09 26 	sts	0x2609, r24	; 0x802609 <ucHeap>
    3810:	90 93 0a 26 	sts	0x260A, r25	; 0x80260a <ucHeap+0x1>
	if (ucHeap==NULL) while(1);
    3814:	80 91 09 26 	lds	r24, 0x2609	; 0x802609 <ucHeap>
    3818:	90 91 0a 26 	lds	r25, 0x260A	; 0x80260a <ucHeap+0x1>
    381c:	89 2b       	or	r24, r25
    381e:	09 f4       	brne	.+2      	; 0x3822 <main+0x2c>
    3820:	ff cf       	rjmp	.-2      	; 0x3820 <main+0x2a>

	DriverSysClkXtalInit();		// Clock init
    3822:	0e 94 e4 04 	call	0x9c8	; 0x9c8 <DriverSysClkXtalInit>
	DriverUSARTInit();			// USART init and link to stdio
    3826:	0e 94 57 06 	call	0xcae	; 0xcae <DriverUSARTInit>
	DriverTWIMInit();			// Initialize TWI in master mode
    382a:	0e 94 ff 04 	call	0x9fe	; 0x9fe <DriverTWIMInit>
	DriverCursorstickInit();	// Initialize cursor stick
    382e:	0e 94 f5 01 	call	0x3ea	; 0x3ea <DriverCursorstickInit>
	DriverLedInit();			// Initialize LED's
    3832:	0e 94 10 03 	call	0x620	; 0x620 <DriverLedInit>
	DriverPowerInit();			// Initialize aux power driver
    3836:	0e 94 be 04 	call	0x97c	; 0x97c <DriverPowerInit>
	DriverAdcInit();			// Initialize ADC driver
    383a:	0e 94 ed 01 	call	0x3da	; 0x3da <DriverAdcInit>
	DriverPowerVccAuxSet(1);	// Enable Auxillary power line
    383e:	81 e0       	ldi	r24, 0x01	; 1
    3840:	0e 94 cb 04 	call	0x996	; 0x996 <DriverPowerVccAuxSet>

	// Enable interrupts
	PMIC.CTRL=0b111;		
    3844:	80 ea       	ldi	r24, 0xA0	; 160
    3846:	90 e0       	ldi	r25, 0x00	; 0
    3848:	27 e0       	ldi	r18, 0x07	; 7
    384a:	fc 01       	movw	r30, r24
    384c:	22 83       	std	Z+2, r18	; 0x02
	sei();
    384e:	78 94       	sei
    3850:	80 e0       	ldi	r24, 0x00	; 0
    3852:	90 e0       	ldi	r25, 0x00	; 0
    3854:	a0 e2       	ldi	r26, 0x20	; 32
    3856:	b1 e4       	ldi	r27, 0x41	; 65
    3858:	89 83       	std	Y+1, r24	; 0x01
    385a:	9a 83       	std	Y+2, r25	; 0x02
    385c:	ab 83       	std	Y+3, r26	; 0x03
    385e:	bc 83       	std	Y+4, r27	; 0x04

	__builtin_avr_delay_cycles(__ticks_dc);

#else
	uint16_t __ticks;
	__tmp = ((F_CPU) / 4e3) * __ms;
    3860:	20 e0       	ldi	r18, 0x00	; 0
    3862:	30 e0       	ldi	r19, 0x00	; 0
    3864:	4a ef       	ldi	r20, 0xFA	; 250
    3866:	55 e4       	ldi	r21, 0x45	; 69
    3868:	69 81       	ldd	r22, Y+1	; 0x01
    386a:	7a 81       	ldd	r23, Y+2	; 0x02
    386c:	8b 81       	ldd	r24, Y+3	; 0x03
    386e:	9c 81       	ldd	r25, Y+4	; 0x04
    3870:	0e 94 35 23 	call	0x466a	; 0x466a <__mulsf3>
    3874:	dc 01       	movw	r26, r24
    3876:	cb 01       	movw	r24, r22
    3878:	8d 83       	std	Y+5, r24	; 0x05
    387a:	9e 83       	std	Y+6, r25	; 0x06
    387c:	af 83       	std	Y+7, r26	; 0x07
    387e:	b8 87       	std	Y+8, r27	; 0x08
	if (__tmp < 1.0)
    3880:	20 e0       	ldi	r18, 0x00	; 0
    3882:	30 e0       	ldi	r19, 0x00	; 0
    3884:	40 e8       	ldi	r20, 0x80	; 128
    3886:	5f e3       	ldi	r21, 0x3F	; 63
    3888:	6d 81       	ldd	r22, Y+5	; 0x05
    388a:	7e 81       	ldd	r23, Y+6	; 0x06
    388c:	8f 81       	ldd	r24, Y+7	; 0x07
    388e:	98 85       	ldd	r25, Y+8	; 0x08
    3890:	0e 94 d8 21 	call	0x43b0	; 0x43b0 <__cmpsf2>
    3894:	88 23       	and	r24, r24
    3896:	2c f4       	brge	.+10     	; 0x38a2 <main+0xac>
		__ticks = 1;
    3898:	81 e0       	ldi	r24, 0x01	; 1
    389a:	90 e0       	ldi	r25, 0x00	; 0
    389c:	89 87       	std	Y+9, r24	; 0x09
    389e:	9a 87       	std	Y+10, r25	; 0x0a
    38a0:	3f c0       	rjmp	.+126    	; 0x3920 <main+0x12a>
	else if (__tmp > 65535)
    38a2:	20 e0       	ldi	r18, 0x00	; 0
    38a4:	3f ef       	ldi	r19, 0xFF	; 255
    38a6:	4f e7       	ldi	r20, 0x7F	; 127
    38a8:	57 e4       	ldi	r21, 0x47	; 71
    38aa:	6d 81       	ldd	r22, Y+5	; 0x05
    38ac:	7e 81       	ldd	r23, Y+6	; 0x06
    38ae:	8f 81       	ldd	r24, Y+7	; 0x07
    38b0:	98 85       	ldd	r25, Y+8	; 0x08
    38b2:	0e 94 30 23 	call	0x4660	; 0x4660 <__gesf2>
    38b6:	18 16       	cp	r1, r24
    38b8:	4c f5       	brge	.+82     	; 0x390c <main+0x116>
	{
		//	__ticks = requested delay in 1/10 ms
		__ticks = (uint16_t) (__ms * 10.0);
    38ba:	20 e0       	ldi	r18, 0x00	; 0
    38bc:	30 e0       	ldi	r19, 0x00	; 0
    38be:	40 e2       	ldi	r20, 0x20	; 32
    38c0:	51 e4       	ldi	r21, 0x41	; 65
    38c2:	69 81       	ldd	r22, Y+1	; 0x01
    38c4:	7a 81       	ldd	r23, Y+2	; 0x02
    38c6:	8b 81       	ldd	r24, Y+3	; 0x03
    38c8:	9c 81       	ldd	r25, Y+4	; 0x04
    38ca:	0e 94 35 23 	call	0x466a	; 0x466a <__mulsf3>
    38ce:	dc 01       	movw	r26, r24
    38d0:	cb 01       	movw	r24, r22
    38d2:	bc 01       	movw	r22, r24
    38d4:	cd 01       	movw	r24, r26
    38d6:	0e 94 4f 22 	call	0x449e	; 0x449e <__fixunssfsi>
    38da:	dc 01       	movw	r26, r24
    38dc:	cb 01       	movw	r24, r22
    38de:	89 87       	std	Y+9, r24	; 0x09
    38e0:	9a 87       	std	Y+10, r25	; 0x0a
    38e2:	0f c0       	rjmp	.+30     	; 0x3902 <main+0x10c>
    38e4:	80 e2       	ldi	r24, 0x20	; 32
    38e6:	93 e0       	ldi	r25, 0x03	; 3
    38e8:	8b 87       	std	Y+11, r24	; 0x0b
    38ea:	9c 87       	std	Y+12, r25	; 0x0c
    38ec:	8b 85       	ldd	r24, Y+11	; 0x0b
    38ee:	9c 85       	ldd	r25, Y+12	; 0x0c
    38f0:	01 97       	sbiw	r24, 0x01	; 1
    38f2:	f1 f7       	brne	.-4      	; 0x38f0 <main+0xfa>
    38f4:	8b 87       	std	Y+11, r24	; 0x0b
    38f6:	9c 87       	std	Y+12, r25	; 0x0c
		while(__ticks)
		{
			// wait 1/10 ms
			_delay_loop_2(((F_CPU) / 4e3) / 10);
			__ticks --;
    38f8:	89 85       	ldd	r24, Y+9	; 0x09
    38fa:	9a 85       	ldd	r25, Y+10	; 0x0a
    38fc:	01 97       	sbiw	r24, 0x01	; 1
    38fe:	89 87       	std	Y+9, r24	; 0x09
    3900:	9a 87       	std	Y+10, r25	; 0x0a
		__ticks = 1;
	else if (__tmp > 65535)
	{
		//	__ticks = requested delay in 1/10 ms
		__ticks = (uint16_t) (__ms * 10.0);
		while(__ticks)
    3902:	89 85       	ldd	r24, Y+9	; 0x09
    3904:	9a 85       	ldd	r25, Y+10	; 0x0a
    3906:	89 2b       	or	r24, r25
    3908:	69 f7       	brne	.-38     	; 0x38e4 <main+0xee>
    390a:	14 c0       	rjmp	.+40     	; 0x3934 <main+0x13e>
			__ticks --;
		}
		return;
	}
	else
		__ticks = (uint16_t)__tmp;
    390c:	6d 81       	ldd	r22, Y+5	; 0x05
    390e:	7e 81       	ldd	r23, Y+6	; 0x06
    3910:	8f 81       	ldd	r24, Y+7	; 0x07
    3912:	98 85       	ldd	r25, Y+8	; 0x08
    3914:	0e 94 4f 22 	call	0x449e	; 0x449e <__fixunssfsi>
    3918:	dc 01       	movw	r26, r24
    391a:	cb 01       	movw	r24, r22
    391c:	89 87       	std	Y+9, r24	; 0x09
    391e:	9a 87       	std	Y+10, r25	; 0x0a
    3920:	89 85       	ldd	r24, Y+9	; 0x09
    3922:	9a 85       	ldd	r25, Y+10	; 0x0a
    3924:	8d 87       	std	Y+13, r24	; 0x0d
    3926:	9e 87       	std	Y+14, r25	; 0x0e
    3928:	8d 85       	ldd	r24, Y+13	; 0x0d
    392a:	9e 85       	ldd	r25, Y+14	; 0x0e
    392c:	01 97       	sbiw	r24, 0x01	; 1
    392e:	f1 f7       	brne	.-4      	; 0x392c <main+0x136>
    3930:	8d 87       	std	Y+13, r24	; 0x0d
    3932:	9e 87       	std	Y+14, r25	; 0x0e

	_delay_ms(10);

	InitTerminalTask();			// Initialize terminal task
    3934:	0e 94 2a 1f 	call	0x3e54	; 0x3e54 <InitTerminalTask>

	vTaskStartScheduler();		// Start scheduler loop
    3938:	0e 94 14 12 	call	0x2428	; 0x2428 <vTaskStartScheduler>
	return 0;
    393c:	80 e0       	ldi	r24, 0x00	; 0
    393e:	90 e0       	ldi	r25, 0x00	; 0
    3940:	2e 96       	adiw	r28, 0x0e	; 14
    3942:	cd bf       	out	0x3d, r28	; 61
    3944:	de bf       	out	0x3e, r29	; 62
    3946:	df 91       	pop	r29
    3948:	cf 91       	pop	r28
    394a:	08 95       	ret

0000394c <cmpfunc>:
extern uint8_t __heap_start[];
extern uint8_t *ucHeap;

int SelectNextTask(int PrevAddr, TaskStatus_t *TaskArray);

int cmpfunc (const void * a, const void * b) {
    394c:	cf 93       	push	r28
    394e:	df 93       	push	r29
    3950:	cd b7       	in	r28, 0x3d	; 61
    3952:	de b7       	in	r29, 0x3e	; 62
    3954:	28 97       	sbiw	r28, 0x08	; 8
    3956:	cd bf       	out	0x3d, r28	; 61
    3958:	de bf       	out	0x3e, r29	; 62
    395a:	8d 83       	std	Y+5, r24	; 0x05
    395c:	9e 83       	std	Y+6, r25	; 0x06
    395e:	6f 83       	std	Y+7, r22	; 0x07
    3960:	78 87       	std	Y+8, r23	; 0x08
	TaskStatus_t *TaskA, *TaskB;
	TaskA=(TaskStatus_t *) a;
    3962:	8d 81       	ldd	r24, Y+5	; 0x05
    3964:	9e 81       	ldd	r25, Y+6	; 0x06
    3966:	89 83       	std	Y+1, r24	; 0x01
    3968:	9a 83       	std	Y+2, r25	; 0x02
	TaskB=(TaskStatus_t *) b;
    396a:	8f 81       	ldd	r24, Y+7	; 0x07
    396c:	98 85       	ldd	r25, Y+8	; 0x08
    396e:	8b 83       	std	Y+3, r24	; 0x03
    3970:	9c 83       	std	Y+4, r25	; 0x04
	
	if (TaskA->pxStackBase<TaskB->pxStackBase) return -1;
    3972:	89 81       	ldd	r24, Y+1	; 0x01
    3974:	9a 81       	ldd	r25, Y+2	; 0x02
    3976:	fc 01       	movw	r30, r24
    3978:	24 85       	ldd	r18, Z+12	; 0x0c
    397a:	35 85       	ldd	r19, Z+13	; 0x0d
    397c:	8b 81       	ldd	r24, Y+3	; 0x03
    397e:	9c 81       	ldd	r25, Y+4	; 0x04
    3980:	fc 01       	movw	r30, r24
    3982:	84 85       	ldd	r24, Z+12	; 0x0c
    3984:	95 85       	ldd	r25, Z+13	; 0x0d
    3986:	28 17       	cp	r18, r24
    3988:	39 07       	cpc	r19, r25
    398a:	18 f4       	brcc	.+6      	; 0x3992 <cmpfunc+0x46>
    398c:	8f ef       	ldi	r24, 0xFF	; 255
    398e:	9f ef       	ldi	r25, 0xFF	; 255
    3990:	12 c0       	rjmp	.+36     	; 0x39b6 <cmpfunc+0x6a>
	else if (TaskA->pxStackBase>TaskB->pxStackBase) return 1;
    3992:	89 81       	ldd	r24, Y+1	; 0x01
    3994:	9a 81       	ldd	r25, Y+2	; 0x02
    3996:	fc 01       	movw	r30, r24
    3998:	24 85       	ldd	r18, Z+12	; 0x0c
    399a:	35 85       	ldd	r19, Z+13	; 0x0d
    399c:	8b 81       	ldd	r24, Y+3	; 0x03
    399e:	9c 81       	ldd	r25, Y+4	; 0x04
    39a0:	fc 01       	movw	r30, r24
    39a2:	84 85       	ldd	r24, Z+12	; 0x0c
    39a4:	95 85       	ldd	r25, Z+13	; 0x0d
    39a6:	82 17       	cp	r24, r18
    39a8:	93 07       	cpc	r25, r19
    39aa:	18 f4       	brcc	.+6      	; 0x39b2 <cmpfunc+0x66>
    39ac:	81 e0       	ldi	r24, 0x01	; 1
    39ae:	90 e0       	ldi	r25, 0x00	; 0
    39b0:	02 c0       	rjmp	.+4      	; 0x39b6 <cmpfunc+0x6a>
	else return 0;
    39b2:	80 e0       	ldi	r24, 0x00	; 0
    39b4:	90 e0       	ldi	r25, 0x00	; 0
	
}
    39b6:	28 96       	adiw	r28, 0x08	; 8
    39b8:	cd bf       	out	0x3d, r28	; 61
    39ba:	de bf       	out	0x3e, r29	; 62
    39bc:	df 91       	pop	r29
    39be:	cf 91       	pop	r28
    39c0:	08 95       	ret

000039c2 <MemMap>:

void MemMap() {
    39c2:	cf 93       	push	r28
    39c4:	df 93       	push	r29
    39c6:	cd b7       	in	r28, 0x3d	; 61
    39c8:	de b7       	in	r29, 0x3e	; 62
    39ca:	c5 54       	subi	r28, 0x45	; 69
    39cc:	d1 40       	sbci	r29, 0x01	; 1
    39ce:	cd bf       	out	0x3d, r28	; 61
    39d0:	de bf       	out	0x3e, r29	; 62
	int NumTasks;
	uint8_t a;
	TaskStatus_t TaskStatusArray[MAX_TASKS];
	int TCBSize;

	NumTasks=uxTaskGetSystemState(TaskStatusArray,MAX_TASKS,NULL);
    39d2:	ce 01       	movw	r24, r28
    39d4:	06 96       	adiw	r24, 0x06	; 6
    39d6:	40 e0       	ldi	r20, 0x00	; 0
    39d8:	50 e0       	ldi	r21, 0x00	; 0
    39da:	64 e1       	ldi	r22, 0x14	; 20
    39dc:	0e 94 02 13 	call	0x2604	; 0x2604 <uxTaskGetSystemState>
    39e0:	88 2f       	mov	r24, r24
    39e2:	90 e0       	ldi	r25, 0x00	; 0
    39e4:	8a 83       	std	Y+2, r24	; 0x02
    39e6:	9b 83       	std	Y+3, r25	; 0x03
	qsort(TaskStatusArray, NumTasks, sizeof(TaskStatus_t), cmpfunc);
    39e8:	6a 81       	ldd	r22, Y+2	; 0x02
    39ea:	7b 81       	ldd	r23, Y+3	; 0x03
    39ec:	ce 01       	movw	r24, r28
    39ee:	06 96       	adiw	r24, 0x06	; 6
    39f0:	26 ea       	ldi	r18, 0xA6	; 166
    39f2:	3c e1       	ldi	r19, 0x1C	; 28
    39f4:	40 e1       	ldi	r20, 0x10	; 16
    39f6:	50 e0       	ldi	r21, 0x00	; 0
    39f8:	0e 94 66 2a 	call	0x54cc	; 0x54cc <qsort>

	printf("MEMORY MAP:\r\n");
    39fc:	81 eb       	ldi	r24, 0xB1	; 177
    39fe:	90 e2       	ldi	r25, 0x20	; 32
    3a00:	0e 94 b6 2d 	call	0x5b6c	; 0x5b6c <puts>
	printf("-----------\r\n");
    3a04:	8e eb       	ldi	r24, 0xBE	; 190
    3a06:	90 e2       	ldi	r25, 0x20	; 32
    3a08:	0e 94 b6 2d 	call	0x5b6c	; 0x5b6c <puts>
	printf("IO registers start:\t\t\t0x%04x\r\n",MEM_IO_REGS_START);
    3a0c:	80 e0       	ldi	r24, 0x00	; 0
    3a0e:	90 e0       	ldi	r25, 0x00	; 0
    3a10:	dc 01       	movw	r26, r24
    3a12:	2b 2f       	mov	r18, r27
    3a14:	2f 93       	push	r18
    3a16:	2a 2f       	mov	r18, r26
    3a18:	2f 93       	push	r18
    3a1a:	29 2f       	mov	r18, r25
    3a1c:	2f 93       	push	r18
    3a1e:	8f 93       	push	r24
    3a20:	8b ec       	ldi	r24, 0xCB	; 203
    3a22:	90 e2       	ldi	r25, 0x20	; 32
    3a24:	89 2f       	mov	r24, r25
    3a26:	8f 93       	push	r24
    3a28:	8b ec       	ldi	r24, 0xCB	; 203
    3a2a:	90 e2       	ldi	r25, 0x20	; 32
    3a2c:	8f 93       	push	r24
    3a2e:	0e 94 9c 2d 	call	0x5b38	; 0x5b38 <printf>
    3a32:	0f 90       	pop	r0
    3a34:	0f 90       	pop	r0
    3a36:	0f 90       	pop	r0
    3a38:	0f 90       	pop	r0
    3a3a:	0f 90       	pop	r0
    3a3c:	0f 90       	pop	r0
	printf("IO registers end:\t\t\t0x%04x\r\n",MEM_IO_REGS_STOP);
    3a3e:	8f ef       	ldi	r24, 0xFF	; 255
    3a40:	9f e0       	ldi	r25, 0x0F	; 15
    3a42:	a0 e0       	ldi	r26, 0x00	; 0
    3a44:	b0 e0       	ldi	r27, 0x00	; 0
    3a46:	2b 2f       	mov	r18, r27
    3a48:	2f 93       	push	r18
    3a4a:	2a 2f       	mov	r18, r26
    3a4c:	2f 93       	push	r18
    3a4e:	29 2f       	mov	r18, r25
    3a50:	2f 93       	push	r18
    3a52:	8f 93       	push	r24
    3a54:	8a ee       	ldi	r24, 0xEA	; 234
    3a56:	90 e2       	ldi	r25, 0x20	; 32
    3a58:	89 2f       	mov	r24, r25
    3a5a:	8f 93       	push	r24
    3a5c:	8a ee       	ldi	r24, 0xEA	; 234
    3a5e:	90 e2       	ldi	r25, 0x20	; 32
    3a60:	8f 93       	push	r24
    3a62:	0e 94 9c 2d 	call	0x5b38	; 0x5b38 <printf>
    3a66:	0f 90       	pop	r0
    3a68:	0f 90       	pop	r0
    3a6a:	0f 90       	pop	r0
    3a6c:	0f 90       	pop	r0
    3a6e:	0f 90       	pop	r0
    3a70:	0f 90       	pop	r0
	printf("EEPROM start:\t\t\t\t0x%04x\r\n",MEM_EEPROM_START);
    3a72:	80 e0       	ldi	r24, 0x00	; 0
    3a74:	90 e1       	ldi	r25, 0x10	; 16
    3a76:	a0 e0       	ldi	r26, 0x00	; 0
    3a78:	b0 e0       	ldi	r27, 0x00	; 0
    3a7a:	2b 2f       	mov	r18, r27
    3a7c:	2f 93       	push	r18
    3a7e:	2a 2f       	mov	r18, r26
    3a80:	2f 93       	push	r18
    3a82:	29 2f       	mov	r18, r25
    3a84:	2f 93       	push	r18
    3a86:	8f 93       	push	r24
    3a88:	87 e0       	ldi	r24, 0x07	; 7
    3a8a:	91 e2       	ldi	r25, 0x21	; 33
    3a8c:	89 2f       	mov	r24, r25
    3a8e:	8f 93       	push	r24
    3a90:	87 e0       	ldi	r24, 0x07	; 7
    3a92:	91 e2       	ldi	r25, 0x21	; 33
    3a94:	8f 93       	push	r24
    3a96:	0e 94 9c 2d 	call	0x5b38	; 0x5b38 <printf>
    3a9a:	0f 90       	pop	r0
    3a9c:	0f 90       	pop	r0
    3a9e:	0f 90       	pop	r0
    3aa0:	0f 90       	pop	r0
    3aa2:	0f 90       	pop	r0
    3aa4:	0f 90       	pop	r0
	printf("EEPROM end:\t\t\t\t0x%04x\r\n",MEM_EEPROM_STOP);
    3aa6:	8f ef       	ldi	r24, 0xFF	; 255
    3aa8:	9f e1       	ldi	r25, 0x1F	; 31
    3aaa:	a0 e0       	ldi	r26, 0x00	; 0
    3aac:	b0 e0       	ldi	r27, 0x00	; 0
    3aae:	2b 2f       	mov	r18, r27
    3ab0:	2f 93       	push	r18
    3ab2:	2a 2f       	mov	r18, r26
    3ab4:	2f 93       	push	r18
    3ab6:	29 2f       	mov	r18, r25
    3ab8:	2f 93       	push	r18
    3aba:	8f 93       	push	r24
    3abc:	81 e2       	ldi	r24, 0x21	; 33
    3abe:	91 e2       	ldi	r25, 0x21	; 33
    3ac0:	89 2f       	mov	r24, r25
    3ac2:	8f 93       	push	r24
    3ac4:	81 e2       	ldi	r24, 0x21	; 33
    3ac6:	91 e2       	ldi	r25, 0x21	; 33
    3ac8:	8f 93       	push	r24
    3aca:	0e 94 9c 2d 	call	0x5b38	; 0x5b38 <printf>
    3ace:	0f 90       	pop	r0
    3ad0:	0f 90       	pop	r0
    3ad2:	0f 90       	pop	r0
    3ad4:	0f 90       	pop	r0
    3ad6:	0f 90       	pop	r0
    3ad8:	0f 90       	pop	r0
	printf("SRAM start:\t\t\t\t0x%04x\r\n",MEM_SRAM_START);
    3ada:	80 e0       	ldi	r24, 0x00	; 0
    3adc:	90 e2       	ldi	r25, 0x20	; 32
    3ade:	a0 e0       	ldi	r26, 0x00	; 0
    3ae0:	b0 e0       	ldi	r27, 0x00	; 0
    3ae2:	2b 2f       	mov	r18, r27
    3ae4:	2f 93       	push	r18
    3ae6:	2a 2f       	mov	r18, r26
    3ae8:	2f 93       	push	r18
    3aea:	29 2f       	mov	r18, r25
    3aec:	2f 93       	push	r18
    3aee:	8f 93       	push	r24
    3af0:	89 e3       	ldi	r24, 0x39	; 57
    3af2:	91 e2       	ldi	r25, 0x21	; 33
    3af4:	89 2f       	mov	r24, r25
    3af6:	8f 93       	push	r24
    3af8:	89 e3       	ldi	r24, 0x39	; 57
    3afa:	91 e2       	ldi	r25, 0x21	; 33
    3afc:	8f 93       	push	r24
    3afe:	0e 94 9c 2d 	call	0x5b38	; 0x5b38 <printf>
    3b02:	0f 90       	pop	r0
    3b04:	0f 90       	pop	r0
    3b06:	0f 90       	pop	r0
    3b08:	0f 90       	pop	r0
    3b0a:	0f 90       	pop	r0
    3b0c:	0f 90       	pop	r0
	printf ("\t.DATA start:\t\t\t0x%04x\r\n",__data_start);
    3b0e:	80 e0       	ldi	r24, 0x00	; 0
    3b10:	90 e2       	ldi	r25, 0x20	; 32
    3b12:	89 2f       	mov	r24, r25
    3b14:	8f 93       	push	r24
    3b16:	80 e0       	ldi	r24, 0x00	; 0
    3b18:	90 e2       	ldi	r25, 0x20	; 32
    3b1a:	8f 93       	push	r24
    3b1c:	81 e5       	ldi	r24, 0x51	; 81
    3b1e:	91 e2       	ldi	r25, 0x21	; 33
    3b20:	89 2f       	mov	r24, r25
    3b22:	8f 93       	push	r24
    3b24:	81 e5       	ldi	r24, 0x51	; 81
    3b26:	91 e2       	ldi	r25, 0x21	; 33
    3b28:	8f 93       	push	r24
    3b2a:	0e 94 9c 2d 	call	0x5b38	; 0x5b38 <printf>
    3b2e:	0f 90       	pop	r0
    3b30:	0f 90       	pop	r0
    3b32:	0f 90       	pop	r0
    3b34:	0f 90       	pop	r0
	printf ("\t.DATA end:\t\t\t0x%04x\r\n",__data_end-1);
    3b36:	83 e4       	ldi	r24, 0x43	; 67
    3b38:	95 e2       	ldi	r25, 0x25	; 37
    3b3a:	29 2f       	mov	r18, r25
    3b3c:	2f 93       	push	r18
    3b3e:	8f 93       	push	r24
    3b40:	8a e6       	ldi	r24, 0x6A	; 106
    3b42:	91 e2       	ldi	r25, 0x21	; 33
    3b44:	89 2f       	mov	r24, r25
    3b46:	8f 93       	push	r24
    3b48:	8a e6       	ldi	r24, 0x6A	; 106
    3b4a:	91 e2       	ldi	r25, 0x21	; 33
    3b4c:	8f 93       	push	r24
    3b4e:	0e 94 9c 2d 	call	0x5b38	; 0x5b38 <printf>
    3b52:	0f 90       	pop	r0
    3b54:	0f 90       	pop	r0
    3b56:	0f 90       	pop	r0
    3b58:	0f 90       	pop	r0
	printf ("\t.BSS start:\t\t\t0x%04x\r\n",__bss_start);
    3b5a:	84 e4       	ldi	r24, 0x44	; 68
    3b5c:	95 e2       	ldi	r25, 0x25	; 37
    3b5e:	89 2f       	mov	r24, r25
    3b60:	8f 93       	push	r24
    3b62:	84 e4       	ldi	r24, 0x44	; 68
    3b64:	95 e2       	ldi	r25, 0x25	; 37
    3b66:	8f 93       	push	r24
    3b68:	81 e8       	ldi	r24, 0x81	; 129
    3b6a:	91 e2       	ldi	r25, 0x21	; 33
    3b6c:	89 2f       	mov	r24, r25
    3b6e:	8f 93       	push	r24
    3b70:	81 e8       	ldi	r24, 0x81	; 129
    3b72:	91 e2       	ldi	r25, 0x21	; 33
    3b74:	8f 93       	push	r24
    3b76:	0e 94 9c 2d 	call	0x5b38	; 0x5b38 <printf>
    3b7a:	0f 90       	pop	r0
    3b7c:	0f 90       	pop	r0
    3b7e:	0f 90       	pop	r0
    3b80:	0f 90       	pop	r0
	printf ("\t.BSS end:\t\t\t0x%04x\r\n",__bss_end-1);
    3b82:	84 e1       	ldi	r24, 0x14	; 20
    3b84:	96 e2       	ldi	r25, 0x26	; 38
    3b86:	29 2f       	mov	r18, r25
    3b88:	2f 93       	push	r18
    3b8a:	8f 93       	push	r24
    3b8c:	89 e9       	ldi	r24, 0x99	; 153
    3b8e:	91 e2       	ldi	r25, 0x21	; 33
    3b90:	89 2f       	mov	r24, r25
    3b92:	8f 93       	push	r24
    3b94:	89 e9       	ldi	r24, 0x99	; 153
    3b96:	91 e2       	ldi	r25, 0x21	; 33
    3b98:	8f 93       	push	r24
    3b9a:	0e 94 9c 2d 	call	0x5b38	; 0x5b38 <printf>
    3b9e:	0f 90       	pop	r0
    3ba0:	0f 90       	pop	r0
    3ba2:	0f 90       	pop	r0
    3ba4:	0f 90       	pop	r0
	printf ("\t.HEAP start:\t\t\t0x%04x\r\n",ucHeap);
    3ba6:	80 91 09 26 	lds	r24, 0x2609	; 0x802609 <ucHeap>
    3baa:	90 91 0a 26 	lds	r25, 0x260A	; 0x80260a <ucHeap+0x1>
    3bae:	29 2f       	mov	r18, r25
    3bb0:	2f 93       	push	r18
    3bb2:	8f 93       	push	r24
    3bb4:	8f ea       	ldi	r24, 0xAF	; 175
    3bb6:	91 e2       	ldi	r25, 0x21	; 33
    3bb8:	89 2f       	mov	r24, r25
    3bba:	8f 93       	push	r24
    3bbc:	8f ea       	ldi	r24, 0xAF	; 175
    3bbe:	91 e2       	ldi	r25, 0x21	; 33
    3bc0:	8f 93       	push	r24
    3bc2:	0e 94 9c 2d 	call	0x5b38	; 0x5b38 <printf>
    3bc6:	0f 90       	pop	r0
    3bc8:	0f 90       	pop	r0
    3bca:	0f 90       	pop	r0
    3bcc:	0f 90       	pop	r0

	for (a=0;a<NumTasks;a++) {
    3bce:	19 82       	std	Y+1, r1	; 0x01
    3bd0:	cd c0       	rjmp	.+410    	; 0x3d6c <MemMap+0x3aa>
		printf ("\tTask name: %s\r\n",TaskStatusArray[a].pcTaskName);
    3bd2:	89 81       	ldd	r24, Y+1	; 0x01
    3bd4:	88 2f       	mov	r24, r24
    3bd6:	90 e0       	ldi	r25, 0x00	; 0
    3bd8:	82 95       	swap	r24
    3bda:	92 95       	swap	r25
    3bdc:	90 7f       	andi	r25, 0xF0	; 240
    3bde:	98 27       	eor	r25, r24
    3be0:	80 7f       	andi	r24, 0xF0	; 240
    3be2:	98 27       	eor	r25, r24
    3be4:	9e 01       	movw	r18, r28
    3be6:	2f 5f       	subi	r18, 0xFF	; 255
    3be8:	3f 4f       	sbci	r19, 0xFF	; 255
    3bea:	82 0f       	add	r24, r18
    3bec:	93 1f       	adc	r25, r19
    3bee:	07 96       	adiw	r24, 0x07	; 7
    3bf0:	fc 01       	movw	r30, r24
    3bf2:	80 81       	ld	r24, Z
    3bf4:	91 81       	ldd	r25, Z+1	; 0x01
    3bf6:	29 2f       	mov	r18, r25
    3bf8:	2f 93       	push	r18
    3bfa:	8f 93       	push	r24
    3bfc:	88 ec       	ldi	r24, 0xC8	; 200
    3bfe:	91 e2       	ldi	r25, 0x21	; 33
    3c00:	89 2f       	mov	r24, r25
    3c02:	8f 93       	push	r24
    3c04:	88 ec       	ldi	r24, 0xC8	; 200
    3c06:	91 e2       	ldi	r25, 0x21	; 33
    3c08:	8f 93       	push	r24
    3c0a:	0e 94 9c 2d 	call	0x5b38	; 0x5b38 <printf>
    3c0e:	0f 90       	pop	r0
    3c10:	0f 90       	pop	r0
    3c12:	0f 90       	pop	r0
    3c14:	0f 90       	pop	r0
		printf ("\t\tSTACK end:\t\t0x%04x\r\n",TaskStatusArray[a].pxStackBase);
    3c16:	89 81       	ldd	r24, Y+1	; 0x01
    3c18:	88 2f       	mov	r24, r24
    3c1a:	90 e0       	ldi	r25, 0x00	; 0
    3c1c:	82 95       	swap	r24
    3c1e:	92 95       	swap	r25
    3c20:	90 7f       	andi	r25, 0xF0	; 240
    3c22:	98 27       	eor	r25, r24
    3c24:	80 7f       	andi	r24, 0xF0	; 240
    3c26:	98 27       	eor	r25, r24
    3c28:	9e 01       	movw	r18, r28
    3c2a:	2f 5f       	subi	r18, 0xFF	; 255
    3c2c:	3f 4f       	sbci	r19, 0xFF	; 255
    3c2e:	82 0f       	add	r24, r18
    3c30:	93 1f       	adc	r25, r19
    3c32:	41 96       	adiw	r24, 0x11	; 17
    3c34:	fc 01       	movw	r30, r24
    3c36:	80 81       	ld	r24, Z
    3c38:	91 81       	ldd	r25, Z+1	; 0x01
    3c3a:	29 2f       	mov	r18, r25
    3c3c:	2f 93       	push	r18
    3c3e:	8f 93       	push	r24
    3c40:	89 ed       	ldi	r24, 0xD9	; 217
    3c42:	91 e2       	ldi	r25, 0x21	; 33
    3c44:	89 2f       	mov	r24, r25
    3c46:	8f 93       	push	r24
    3c48:	89 ed       	ldi	r24, 0xD9	; 217
    3c4a:	91 e2       	ldi	r25, 0x21	; 33
    3c4c:	8f 93       	push	r24
    3c4e:	0e 94 9c 2d 	call	0x5b38	; 0x5b38 <printf>
    3c52:	0f 90       	pop	r0
    3c54:	0f 90       	pop	r0
    3c56:	0f 90       	pop	r0
    3c58:	0f 90       	pop	r0
		printf ("\t\tSTACK start:\t\t0x%04x\r\n",(uint16_t) (TaskStatusArray[a].xHandle)-4);
    3c5a:	89 81       	ldd	r24, Y+1	; 0x01
    3c5c:	88 2f       	mov	r24, r24
    3c5e:	90 e0       	ldi	r25, 0x00	; 0
    3c60:	82 95       	swap	r24
    3c62:	92 95       	swap	r25
    3c64:	90 7f       	andi	r25, 0xF0	; 240
    3c66:	98 27       	eor	r25, r24
    3c68:	80 7f       	andi	r24, 0xF0	; 240
    3c6a:	98 27       	eor	r25, r24
    3c6c:	9e 01       	movw	r18, r28
    3c6e:	2f 5f       	subi	r18, 0xFF	; 255
    3c70:	3f 4f       	sbci	r19, 0xFF	; 255
    3c72:	82 0f       	add	r24, r18
    3c74:	93 1f       	adc	r25, r19
    3c76:	05 96       	adiw	r24, 0x05	; 5
    3c78:	fc 01       	movw	r30, r24
    3c7a:	80 81       	ld	r24, Z
    3c7c:	91 81       	ldd	r25, Z+1	; 0x01
    3c7e:	04 97       	sbiw	r24, 0x04	; 4
    3c80:	29 2f       	mov	r18, r25
    3c82:	2f 93       	push	r18
    3c84:	8f 93       	push	r24
    3c86:	80 ef       	ldi	r24, 0xF0	; 240
    3c88:	91 e2       	ldi	r25, 0x21	; 33
    3c8a:	89 2f       	mov	r24, r25
    3c8c:	8f 93       	push	r24
    3c8e:	80 ef       	ldi	r24, 0xF0	; 240
    3c90:	91 e2       	ldi	r25, 0x21	; 33
    3c92:	8f 93       	push	r24
    3c94:	0e 94 9c 2d 	call	0x5b38	; 0x5b38 <printf>
    3c98:	0f 90       	pop	r0
    3c9a:	0f 90       	pop	r0
    3c9c:	0f 90       	pop	r0
    3c9e:	0f 90       	pop	r0
		printf ("\t\tTCB start:\t\t0x%04x\r\n",TaskStatusArray[a].xHandle);
    3ca0:	89 81       	ldd	r24, Y+1	; 0x01
    3ca2:	88 2f       	mov	r24, r24
    3ca4:	90 e0       	ldi	r25, 0x00	; 0
    3ca6:	82 95       	swap	r24
    3ca8:	92 95       	swap	r25
    3caa:	90 7f       	andi	r25, 0xF0	; 240
    3cac:	98 27       	eor	r25, r24
    3cae:	80 7f       	andi	r24, 0xF0	; 240
    3cb0:	98 27       	eor	r25, r24
    3cb2:	9e 01       	movw	r18, r28
    3cb4:	2f 5f       	subi	r18, 0xFF	; 255
    3cb6:	3f 4f       	sbci	r19, 0xFF	; 255
    3cb8:	82 0f       	add	r24, r18
    3cba:	93 1f       	adc	r25, r19
    3cbc:	05 96       	adiw	r24, 0x05	; 5
    3cbe:	fc 01       	movw	r30, r24
    3cc0:	80 81       	ld	r24, Z
    3cc2:	91 81       	ldd	r25, Z+1	; 0x01
    3cc4:	29 2f       	mov	r18, r25
    3cc6:	2f 93       	push	r18
    3cc8:	8f 93       	push	r24
    3cca:	89 e0       	ldi	r24, 0x09	; 9
    3ccc:	92 e2       	ldi	r25, 0x22	; 34
    3cce:	89 2f       	mov	r24, r25
    3cd0:	8f 93       	push	r24
    3cd2:	89 e0       	ldi	r24, 0x09	; 9
    3cd4:	92 e2       	ldi	r25, 0x22	; 34
    3cd6:	8f 93       	push	r24
    3cd8:	0e 94 9c 2d 	call	0x5b38	; 0x5b38 <printf>
    3cdc:	0f 90       	pop	r0
    3cde:	0f 90       	pop	r0
    3ce0:	0f 90       	pop	r0
    3ce2:	0f 90       	pop	r0
		TCBSize=(*(uint16_t *) ((uint16_t) (TaskStatusArray[a].xHandle)-2))-4;
    3ce4:	89 81       	ldd	r24, Y+1	; 0x01
    3ce6:	88 2f       	mov	r24, r24
    3ce8:	90 e0       	ldi	r25, 0x00	; 0
    3cea:	82 95       	swap	r24
    3cec:	92 95       	swap	r25
    3cee:	90 7f       	andi	r25, 0xF0	; 240
    3cf0:	98 27       	eor	r25, r24
    3cf2:	80 7f       	andi	r24, 0xF0	; 240
    3cf4:	98 27       	eor	r25, r24
    3cf6:	9e 01       	movw	r18, r28
    3cf8:	2f 5f       	subi	r18, 0xFF	; 255
    3cfa:	3f 4f       	sbci	r19, 0xFF	; 255
    3cfc:	82 0f       	add	r24, r18
    3cfe:	93 1f       	adc	r25, r19
    3d00:	05 96       	adiw	r24, 0x05	; 5
    3d02:	fc 01       	movw	r30, r24
    3d04:	80 81       	ld	r24, Z
    3d06:	91 81       	ldd	r25, Z+1	; 0x01
    3d08:	02 97       	sbiw	r24, 0x02	; 2
    3d0a:	fc 01       	movw	r30, r24
    3d0c:	80 81       	ld	r24, Z
    3d0e:	91 81       	ldd	r25, Z+1	; 0x01
    3d10:	04 97       	sbiw	r24, 0x04	; 4
    3d12:	8c 83       	std	Y+4, r24	; 0x04
    3d14:	9d 83       	std	Y+5, r25	; 0x05
		printf ("\t\tTCB end:\t\t0x%04x\r\n",(uint16_t)(TaskStatusArray[a].xHandle)+TCBSize-1);
    3d16:	89 81       	ldd	r24, Y+1	; 0x01
    3d18:	88 2f       	mov	r24, r24
    3d1a:	90 e0       	ldi	r25, 0x00	; 0
    3d1c:	82 95       	swap	r24
    3d1e:	92 95       	swap	r25
    3d20:	90 7f       	andi	r25, 0xF0	; 240
    3d22:	98 27       	eor	r25, r24
    3d24:	80 7f       	andi	r24, 0xF0	; 240
    3d26:	98 27       	eor	r25, r24
    3d28:	9e 01       	movw	r18, r28
    3d2a:	2f 5f       	subi	r18, 0xFF	; 255
    3d2c:	3f 4f       	sbci	r19, 0xFF	; 255
    3d2e:	82 0f       	add	r24, r18
    3d30:	93 1f       	adc	r25, r19
    3d32:	05 96       	adiw	r24, 0x05	; 5
    3d34:	fc 01       	movw	r30, r24
    3d36:	80 81       	ld	r24, Z
    3d38:	91 81       	ldd	r25, Z+1	; 0x01
    3d3a:	9c 01       	movw	r18, r24
    3d3c:	8c 81       	ldd	r24, Y+4	; 0x04
    3d3e:	9d 81       	ldd	r25, Y+5	; 0x05
    3d40:	82 0f       	add	r24, r18
    3d42:	93 1f       	adc	r25, r19
    3d44:	01 97       	sbiw	r24, 0x01	; 1
    3d46:	29 2f       	mov	r18, r25
    3d48:	2f 93       	push	r18
    3d4a:	8f 93       	push	r24
    3d4c:	80 e2       	ldi	r24, 0x20	; 32
    3d4e:	92 e2       	ldi	r25, 0x22	; 34
    3d50:	89 2f       	mov	r24, r25
    3d52:	8f 93       	push	r24
    3d54:	80 e2       	ldi	r24, 0x20	; 32
    3d56:	92 e2       	ldi	r25, 0x22	; 34
    3d58:	8f 93       	push	r24
    3d5a:	0e 94 9c 2d 	call	0x5b38	; 0x5b38 <printf>
    3d5e:	0f 90       	pop	r0
    3d60:	0f 90       	pop	r0
    3d62:	0f 90       	pop	r0
    3d64:	0f 90       	pop	r0
	printf ("\t.DATA end:\t\t\t0x%04x\r\n",__data_end-1);
	printf ("\t.BSS start:\t\t\t0x%04x\r\n",__bss_start);
	printf ("\t.BSS end:\t\t\t0x%04x\r\n",__bss_end-1);
	printf ("\t.HEAP start:\t\t\t0x%04x\r\n",ucHeap);

	for (a=0;a<NumTasks;a++) {
    3d66:	89 81       	ldd	r24, Y+1	; 0x01
    3d68:	8f 5f       	subi	r24, 0xFF	; 255
    3d6a:	89 83       	std	Y+1, r24	; 0x01
    3d6c:	89 81       	ldd	r24, Y+1	; 0x01
    3d6e:	28 2f       	mov	r18, r24
    3d70:	30 e0       	ldi	r19, 0x00	; 0
    3d72:	8a 81       	ldd	r24, Y+2	; 0x02
    3d74:	9b 81       	ldd	r25, Y+3	; 0x03
    3d76:	28 17       	cp	r18, r24
    3d78:	39 07       	cpc	r19, r25
    3d7a:	0c f4       	brge	.+2      	; 0x3d7e <MemMap+0x3bc>
    3d7c:	2a cf       	rjmp	.-428    	; 0x3bd2 <MemMap+0x210>
		printf ("\t\tTCB start:\t\t0x%04x\r\n",TaskStatusArray[a].xHandle);
		TCBSize=(*(uint16_t *) ((uint16_t) (TaskStatusArray[a].xHandle)-2))-4;
		printf ("\t\tTCB end:\t\t0x%04x\r\n",(uint16_t)(TaskStatusArray[a].xHandle)+TCBSize-1);
	}

	printf ("\t.HEAP end:\t\t\t0x%04x\r\n",ucHeap+configTOTAL_HEAP_SIZE-1);
    3d7e:	80 91 09 26 	lds	r24, 0x2609	; 0x802609 <ucHeap>
    3d82:	90 91 0a 26 	lds	r25, 0x260A	; 0x80260a <ucHeap+0x1>
    3d86:	81 50       	subi	r24, 0x01	; 1
    3d88:	90 4c       	sbci	r25, 0xC0	; 192
    3d8a:	29 2f       	mov	r18, r25
    3d8c:	2f 93       	push	r18
    3d8e:	8f 93       	push	r24
    3d90:	85 e3       	ldi	r24, 0x35	; 53
    3d92:	92 e2       	ldi	r25, 0x22	; 34
    3d94:	89 2f       	mov	r24, r25
    3d96:	8f 93       	push	r24
    3d98:	85 e3       	ldi	r24, 0x35	; 53
    3d9a:	92 e2       	ldi	r25, 0x22	; 34
    3d9c:	8f 93       	push	r24
    3d9e:	0e 94 9c 2d 	call	0x5b38	; 0x5b38 <printf>
    3da2:	0f 90       	pop	r0
    3da4:	0f 90       	pop	r0
    3da6:	0f 90       	pop	r0
    3da8:	0f 90       	pop	r0
	printf ("\t.Bare metal STACK end:\t\t0x%04x\r\n",ucHeap+configTOTAL_HEAP_SIZE);
    3daa:	80 91 09 26 	lds	r24, 0x2609	; 0x802609 <ucHeap>
    3dae:	90 91 0a 26 	lds	r25, 0x260A	; 0x80260a <ucHeap+0x1>
    3db2:	90 5c       	subi	r25, 0xC0	; 192
    3db4:	29 2f       	mov	r18, r25
    3db6:	2f 93       	push	r18
    3db8:	8f 93       	push	r24
    3dba:	8c e4       	ldi	r24, 0x4C	; 76
    3dbc:	92 e2       	ldi	r25, 0x22	; 34
    3dbe:	89 2f       	mov	r24, r25
    3dc0:	8f 93       	push	r24
    3dc2:	8c e4       	ldi	r24, 0x4C	; 76
    3dc4:	92 e2       	ldi	r25, 0x22	; 34
    3dc6:	8f 93       	push	r24
    3dc8:	0e 94 9c 2d 	call	0x5b38	; 0x5b38 <printf>
    3dcc:	0f 90       	pop	r0
    3dce:	0f 90       	pop	r0
    3dd0:	0f 90       	pop	r0
    3dd2:	0f 90       	pop	r0
	printf ("\t.Bare metal STACK start:\t0x%04x\r\n",MEM_SRAM_STOP);
    3dd4:	8f ef       	ldi	r24, 0xFF	; 255
    3dd6:	9f e9       	ldi	r25, 0x9F	; 159
    3dd8:	a0 e0       	ldi	r26, 0x00	; 0
    3dda:	b0 e0       	ldi	r27, 0x00	; 0
    3ddc:	2b 2f       	mov	r18, r27
    3dde:	2f 93       	push	r18
    3de0:	2a 2f       	mov	r18, r26
    3de2:	2f 93       	push	r18
    3de4:	29 2f       	mov	r18, r25
    3de6:	2f 93       	push	r18
    3de8:	8f 93       	push	r24
    3dea:	8e e6       	ldi	r24, 0x6E	; 110
    3dec:	92 e2       	ldi	r25, 0x22	; 34
    3dee:	89 2f       	mov	r24, r25
    3df0:	8f 93       	push	r24
    3df2:	8e e6       	ldi	r24, 0x6E	; 110
    3df4:	92 e2       	ldi	r25, 0x22	; 34
    3df6:	8f 93       	push	r24
    3df8:	0e 94 9c 2d 	call	0x5b38	; 0x5b38 <printf>
    3dfc:	0f 90       	pop	r0
    3dfe:	0f 90       	pop	r0
    3e00:	0f 90       	pop	r0
    3e02:	0f 90       	pop	r0
    3e04:	0f 90       	pop	r0
    3e06:	0f 90       	pop	r0
	printf("SRAM stop:\t\t\t\t0x%04x\r\n",MEM_SRAM_STOP);
    3e08:	8f ef       	ldi	r24, 0xFF	; 255
    3e0a:	9f e9       	ldi	r25, 0x9F	; 159
    3e0c:	a0 e0       	ldi	r26, 0x00	; 0
    3e0e:	b0 e0       	ldi	r27, 0x00	; 0
    3e10:	2b 2f       	mov	r18, r27
    3e12:	2f 93       	push	r18
    3e14:	2a 2f       	mov	r18, r26
    3e16:	2f 93       	push	r18
    3e18:	29 2f       	mov	r18, r25
    3e1a:	2f 93       	push	r18
    3e1c:	8f 93       	push	r24
    3e1e:	81 e9       	ldi	r24, 0x91	; 145
    3e20:	92 e2       	ldi	r25, 0x22	; 34
    3e22:	89 2f       	mov	r24, r25
    3e24:	8f 93       	push	r24
    3e26:	81 e9       	ldi	r24, 0x91	; 145
    3e28:	92 e2       	ldi	r25, 0x22	; 34
    3e2a:	8f 93       	push	r24
    3e2c:	0e 94 9c 2d 	call	0x5b38	; 0x5b38 <printf>
    3e30:	0f 90       	pop	r0
    3e32:	0f 90       	pop	r0
    3e34:	0f 90       	pop	r0
    3e36:	0f 90       	pop	r0
    3e38:	0f 90       	pop	r0
    3e3a:	0f 90       	pop	r0

	printf("-----------\r\n");
    3e3c:	8e eb       	ldi	r24, 0xBE	; 190
    3e3e:	90 e2       	ldi	r25, 0x20	; 32
    3e40:	0e 94 b6 2d 	call	0x5b6c	; 0x5b6c <puts>
    3e44:	00 00       	nop
    3e46:	cb 5b       	subi	r28, 0xBB	; 187
    3e48:	de 4f       	sbci	r29, 0xFE	; 254
    3e4a:	cd bf       	out	0x3d, r28	; 61
    3e4c:	de bf       	out	0x3e, r29	; 62
    3e4e:	df 91       	pop	r29
    3e50:	cf 91       	pop	r28
    3e52:	08 95       	ret

00003e54 <InitTerminalTask>:

#include "memmap.h"

static void WorkerTerminal(void *pvParameters);

void InitTerminalTask() {
    3e54:	ef 92       	push	r14
    3e56:	ff 92       	push	r15
    3e58:	0f 93       	push	r16
    3e5a:	cf 93       	push	r28
    3e5c:	df 93       	push	r29
    3e5e:	cd b7       	in	r28, 0x3d	; 61
    3e60:	de b7       	in	r29, 0x3e	; 62
	xTaskCreate( WorkerTerminal, "term", 1024, NULL, tskIDLE_PRIORITY+4, NULL );	
    3e62:	e1 2c       	mov	r14, r1
    3e64:	f1 2c       	mov	r15, r1
    3e66:	04 e0       	ldi	r16, 0x04	; 4
    3e68:	20 e0       	ldi	r18, 0x00	; 0
    3e6a:	30 e0       	ldi	r19, 0x00	; 0
    3e6c:	40 e0       	ldi	r20, 0x00	; 0
    3e6e:	54 e0       	ldi	r21, 0x04	; 4
    3e70:	68 ea       	ldi	r22, 0xA8	; 168
    3e72:	72 e2       	ldi	r23, 0x22	; 34
    3e74:	8b ea       	ldi	r24, 0xAB	; 171
    3e76:	9f e1       	ldi	r25, 0x1F	; 31
    3e78:	0e 94 14 0f 	call	0x1e28	; 0x1e28 <xTaskCreate>
}
    3e7c:	00 00       	nop
    3e7e:	df 91       	pop	r29
    3e80:	cf 91       	pop	r28
    3e82:	0f 91       	pop	r16
    3e84:	ff 90       	pop	r15
    3e86:	ef 90       	pop	r14
    3e88:	08 95       	ret

00003e8a <ParseInteger>:

// Parse integer from string
static int16_t ParseInteger(const char *str) {
    3e8a:	cf 93       	push	r28
    3e8c:	df 93       	push	r29
    3e8e:	cd b7       	in	r28, 0x3d	; 61
    3e90:	de b7       	in	r29, 0x3e	; 62
    3e92:	27 97       	sbiw	r28, 0x07	; 7
    3e94:	cd bf       	out	0x3d, r28	; 61
    3e96:	de bf       	out	0x3e, r29	; 62
    3e98:	8e 83       	std	Y+6, r24	; 0x06
    3e9a:	9f 83       	std	Y+7, r25	; 0x07
	int16_t result = 0;
    3e9c:	19 82       	std	Y+1, r1	; 0x01
    3e9e:	1a 82       	std	Y+2, r1	; 0x02
	int16_t sign = 1;
    3ea0:	81 e0       	ldi	r24, 0x01	; 1
    3ea2:	90 e0       	ldi	r25, 0x00	; 0
    3ea4:	8b 83       	std	Y+3, r24	; 0x03
    3ea6:	9c 83       	std	Y+4, r25	; 0x04
	uint8_t i = 0;
    3ea8:	1d 82       	std	Y+5, r1	; 0x05
	
	if (str[0] == '-') {
    3eaa:	8e 81       	ldd	r24, Y+6	; 0x06
    3eac:	9f 81       	ldd	r25, Y+7	; 0x07
    3eae:	fc 01       	movw	r30, r24
    3eb0:	80 81       	ld	r24, Z
    3eb2:	8d 32       	cpi	r24, 0x2D	; 45
    3eb4:	29 f5       	brne	.+74     	; 0x3f00 <ParseInteger+0x76>
		sign = -1;
    3eb6:	8f ef       	ldi	r24, 0xFF	; 255
    3eb8:	9f ef       	ldi	r25, 0xFF	; 255
    3eba:	8b 83       	std	Y+3, r24	; 0x03
    3ebc:	9c 83       	std	Y+4, r25	; 0x04
		i = 1;
    3ebe:	81 e0       	ldi	r24, 0x01	; 1
    3ec0:	8d 83       	std	Y+5, r24	; 0x05
	}
	
	while (str[i] != '\0' && isdigit((unsigned char)str[i])) {
    3ec2:	1e c0       	rjmp	.+60     	; 0x3f00 <ParseInteger+0x76>
		result = result * 10 + (str[i] - '0');
    3ec4:	89 81       	ldd	r24, Y+1	; 0x01
    3ec6:	9a 81       	ldd	r25, Y+2	; 0x02
    3ec8:	88 0f       	add	r24, r24
    3eca:	99 1f       	adc	r25, r25
    3ecc:	9c 01       	movw	r18, r24
    3ece:	22 0f       	add	r18, r18
    3ed0:	33 1f       	adc	r19, r19
    3ed2:	22 0f       	add	r18, r18
    3ed4:	33 1f       	adc	r19, r19
    3ed6:	28 0f       	add	r18, r24
    3ed8:	39 1f       	adc	r19, r25
    3eda:	8d 81       	ldd	r24, Y+5	; 0x05
    3edc:	88 2f       	mov	r24, r24
    3ede:	90 e0       	ldi	r25, 0x00	; 0
    3ee0:	4e 81       	ldd	r20, Y+6	; 0x06
    3ee2:	5f 81       	ldd	r21, Y+7	; 0x07
    3ee4:	84 0f       	add	r24, r20
    3ee6:	95 1f       	adc	r25, r21
    3ee8:	fc 01       	movw	r30, r24
    3eea:	80 81       	ld	r24, Z
    3eec:	88 2f       	mov	r24, r24
    3eee:	90 e0       	ldi	r25, 0x00	; 0
    3ef0:	c0 97       	sbiw	r24, 0x30	; 48
    3ef2:	82 0f       	add	r24, r18
    3ef4:	93 1f       	adc	r25, r19
    3ef6:	89 83       	std	Y+1, r24	; 0x01
    3ef8:	9a 83       	std	Y+2, r25	; 0x02
		i++;
    3efa:	8d 81       	ldd	r24, Y+5	; 0x05
    3efc:	8f 5f       	subi	r24, 0xFF	; 255
    3efe:	8d 83       	std	Y+5, r24	; 0x05
	if (str[0] == '-') {
		sign = -1;
		i = 1;
	}
	
	while (str[i] != '\0' && isdigit((unsigned char)str[i])) {
    3f00:	8d 81       	ldd	r24, Y+5	; 0x05
    3f02:	88 2f       	mov	r24, r24
    3f04:	90 e0       	ldi	r25, 0x00	; 0
    3f06:	2e 81       	ldd	r18, Y+6	; 0x06
    3f08:	3f 81       	ldd	r19, Y+7	; 0x07
    3f0a:	82 0f       	add	r24, r18
    3f0c:	93 1f       	adc	r25, r19
    3f0e:	fc 01       	movw	r30, r24
    3f10:	80 81       	ld	r24, Z
    3f12:	88 23       	and	r24, r24
    3f14:	71 f0       	breq	.+28     	; 0x3f32 <ParseInteger+0xa8>
    3f16:	8d 81       	ldd	r24, Y+5	; 0x05
    3f18:	88 2f       	mov	r24, r24
    3f1a:	90 e0       	ldi	r25, 0x00	; 0
    3f1c:	2e 81       	ldd	r18, Y+6	; 0x06
    3f1e:	3f 81       	ldd	r19, Y+7	; 0x07
    3f20:	82 0f       	add	r24, r18
    3f22:	93 1f       	adc	r25, r19
    3f24:	fc 01       	movw	r30, r24
    3f26:	80 81       	ld	r24, Z
    3f28:	88 2f       	mov	r24, r24
    3f2a:	90 e0       	ldi	r25, 0x00	; 0
    3f2c:	c0 97       	sbiw	r24, 0x30	; 48
    3f2e:	0a 97       	sbiw	r24, 0x0a	; 10
    3f30:	48 f2       	brcs	.-110    	; 0x3ec4 <ParseInteger+0x3a>
		result = result * 10 + (str[i] - '0');
		i++;
	}
	
	return result * sign;
    3f32:	29 81       	ldd	r18, Y+1	; 0x01
    3f34:	3a 81       	ldd	r19, Y+2	; 0x02
    3f36:	8b 81       	ldd	r24, Y+3	; 0x03
    3f38:	9c 81       	ldd	r25, Y+4	; 0x04
    3f3a:	28 9f       	mul	r18, r24
    3f3c:	a0 01       	movw	r20, r0
    3f3e:	29 9f       	mul	r18, r25
    3f40:	50 0d       	add	r21, r0
    3f42:	38 9f       	mul	r19, r24
    3f44:	50 0d       	add	r21, r0
    3f46:	11 24       	eor	r1, r1
    3f48:	ca 01       	movw	r24, r20
}
    3f4a:	27 96       	adiw	r28, 0x07	; 7
    3f4c:	cd bf       	out	0x3d, r28	; 61
    3f4e:	de bf       	out	0x3e, r29	; 62
    3f50:	df 91       	pop	r29
    3f52:	cf 91       	pop	r28
    3f54:	08 95       	ret

00003f56 <WorkerTerminal>:

static void WorkerTerminal(void *pvParameters) {
    3f56:	0f 93       	push	r16
    3f58:	1f 93       	push	r17
    3f5a:	cf 93       	push	r28
    3f5c:	df 93       	push	r29
    3f5e:	cd b7       	in	r28, 0x3d	; 61
    3f60:	de b7       	in	r29, 0x3e	; 62
    3f62:	e8 97       	sbiw	r28, 0x38	; 56
    3f64:	cd bf       	out	0x3d, r28	; 61
    3f66:	de bf       	out	0x3e, r29	; 62
    3f68:	8f ab       	std	Y+55, r24	; 0x37
    3f6a:	98 af       	std	Y+56, r25	; 0x38
	char InputBuffer[20];
	uint8_t AllocationCount = 0;
    3f6c:	19 82       	std	Y+1, r1	; 0x01
	uint8_t *AllocatedPtrs[10];
	size_t FreeHeapBefore, FreeHeapAfter;
	int16_t AllocationSize;
	uint8_t InputIdx = 0;
    3f6e:	1a 82       	std	Y+2, r1	; 0x02
	char Char;
	
	printf("\r\n\r\n=== OEFENING 4 - DYNAMISCHE GEHEUGENALLOCATIE ===\r\n");
    3f70:	8d ea       	ldi	r24, 0xAD	; 173
    3f72:	92 e2       	ldi	r25, 0x22	; 34
    3f74:	0e 94 b6 2d 	call	0x5b6c	; 0x5b6c <puts>
	printf("Voer allocatiegrootte in bytes in (0 om memmap te tonen, -1 om exit):\r\n");
    3f78:	84 ee       	ldi	r24, 0xE4	; 228
    3f7a:	92 e2       	ldi	r25, 0x22	; 34
    3f7c:	0e 94 b6 2d 	call	0x5b6c	; 0x5b6c <puts>
	
	while(1) {
		// Read character-by-character from terminal
		Char = getchar();
    3f80:	80 91 0f 26 	lds	r24, 0x260F	; 0x80260f <__iob>
    3f84:	90 91 10 26 	lds	r25, 0x2610	; 0x802610 <__iob+0x1>
    3f88:	0e 94 22 2d 	call	0x5a44	; 0x5a44 <fgetc>
    3f8c:	8c 83       	std	Y+4, r24	; 0x04
		
		// Handle Enter key
		if (Char == '\r' || Char == '\n') {
    3f8e:	8c 81       	ldd	r24, Y+4	; 0x04
    3f90:	8d 30       	cpi	r24, 0x0D	; 13
    3f92:	21 f0       	breq	.+8      	; 0x3f9c <WorkerTerminal+0x46>
    3f94:	8c 81       	ldd	r24, Y+4	; 0x04
    3f96:	8a 30       	cpi	r24, 0x0A	; 10
    3f98:	09 f0       	breq	.+2      	; 0x3f9c <WorkerTerminal+0x46>
    3f9a:	3d c1       	rjmp	.+634    	; 0x4216 <WorkerTerminal+0x2c0>
			if (InputIdx > 0) {
    3f9c:	8a 81       	ldd	r24, Y+2	; 0x02
    3f9e:	88 23       	and	r24, r24
    3fa0:	09 f4       	brne	.+2      	; 0x3fa4 <WorkerTerminal+0x4e>
    3fa2:	70 c1       	rjmp	.+736    	; 0x4284 <WorkerTerminal+0x32e>
				InputBuffer[InputIdx] = '\0';
    3fa4:	8a 81       	ldd	r24, Y+2	; 0x02
    3fa6:	88 2f       	mov	r24, r24
    3fa8:	90 e0       	ldi	r25, 0x00	; 0
    3faa:	9e 01       	movw	r18, r28
    3fac:	21 5f       	subi	r18, 0xF1	; 241
    3fae:	3f 4f       	sbci	r19, 0xFF	; 255
    3fb0:	82 0f       	add	r24, r18
    3fb2:	93 1f       	adc	r25, r19
    3fb4:	fc 01       	movw	r30, r24
    3fb6:	10 82       	st	Z, r1
				printf("\r\n");
    3fb8:	8b e2       	ldi	r24, 0x2B	; 43
    3fba:	93 e2       	ldi	r25, 0x23	; 35
    3fbc:	0e 94 b6 2d 	call	0x5b6c	; 0x5b6c <puts>
				
				AllocationSize = ParseInteger(InputBuffer);
    3fc0:	ce 01       	movw	r24, r28
    3fc2:	0f 96       	adiw	r24, 0x0f	; 15
    3fc4:	0e 94 45 1f 	call	0x3e8a	; 0x3e8a <ParseInteger>
    3fc8:	8d 83       	std	Y+5, r24	; 0x05
    3fca:	9e 83       	std	Y+6, r25	; 0x06
				
				if (AllocationSize == -1) {
    3fcc:	8d 81       	ldd	r24, Y+5	; 0x05
    3fce:	9e 81       	ldd	r25, Y+6	; 0x06
    3fd0:	01 96       	adiw	r24, 0x01	; 1
    3fd2:	49 f4       	brne	.+18     	; 0x3fe6 <WorkerTerminal+0x90>
					printf("\r\nAfsluitende memmap:\r\n");
    3fd4:	8d e2       	ldi	r24, 0x2D	; 45
    3fd6:	93 e2       	ldi	r25, 0x23	; 35
    3fd8:	0e 94 b6 2d 	call	0x5b6c	; 0x5b6c <puts>
					MemMap();
    3fdc:	0e 94 e1 1c 	call	0x39c2	; 0x39c2 <MemMap>
					break;
    3fe0:	00 00       	nop
		
		vTaskDelay(10);
	}
	
	// Cleanup
	for (uint8_t i = 0; i < AllocationCount; i++) {
    3fe2:	1b 82       	std	Y+3, r1	; 0x03
    3fe4:	67 c1       	rjmp	.+718    	; 0x42b4 <WorkerTerminal+0x35e>
				if (AllocationSize == -1) {
					printf("\r\nAfsluitende memmap:\r\n");
					MemMap();
					break;
				}
				else if (AllocationSize == 0) {
    3fe6:	8d 81       	ldd	r24, Y+5	; 0x05
    3fe8:	9e 81       	ldd	r25, Y+6	; 0x06
    3fea:	89 2b       	or	r24, r25
    3fec:	59 f4       	brne	.+22     	; 0x4004 <WorkerTerminal+0xae>
					printf("\r\nHuidige geheugenkaart:\r\n");
    3fee:	84 e4       	ldi	r24, 0x44	; 68
    3ff0:	93 e2       	ldi	r25, 0x23	; 35
    3ff2:	0e 94 b6 2d 	call	0x5b6c	; 0x5b6c <puts>
					MemMap();
    3ff6:	0e 94 e1 1c 	call	0x39c2	; 0x39c2 <MemMap>
					printf("\r\nVoer allocatiegrootte in bytes in (0 om memmap te tonen, -1 om exit):\r\n");
    3ffa:	8e e5       	ldi	r24, 0x5E	; 94
    3ffc:	93 e2       	ldi	r25, 0x23	; 35
    3ffe:	0e 94 b6 2d 	call	0x5b6c	; 0x5b6c <puts>
    4002:	07 c1       	rjmp	.+526    	; 0x4212 <WorkerTerminal+0x2bc>
				}
				else if (AllocationSize > 0 && AllocationSize < 10000) {
    4004:	8d 81       	ldd	r24, Y+5	; 0x05
    4006:	9e 81       	ldd	r25, Y+6	; 0x06
    4008:	18 16       	cp	r1, r24
    400a:	19 06       	cpc	r1, r25
    400c:	0c f0       	brlt	.+2      	; 0x4010 <WorkerTerminal+0xba>
    400e:	f4 c0       	rjmp	.+488    	; 0x41f8 <WorkerTerminal+0x2a2>
    4010:	8d 81       	ldd	r24, Y+5	; 0x05
    4012:	9e 81       	ldd	r25, Y+6	; 0x06
    4014:	80 31       	cpi	r24, 0x10	; 16
    4016:	97 42       	sbci	r25, 0x27	; 39
    4018:	0c f0       	brlt	.+2      	; 0x401c <WorkerTerminal+0xc6>
    401a:	ee c0       	rjmp	.+476    	; 0x41f8 <WorkerTerminal+0x2a2>
					FreeHeapBefore = xPortGetFreeHeapSize();
    401c:	0e 94 25 0a 	call	0x144a	; 0x144a <xPortGetFreeHeapSize>
    4020:	8f 83       	std	Y+7, r24	; 0x07
    4022:	98 87       	std	Y+8, r25	; 0x08
					
					AllocatedPtrs[AllocationCount] = (uint8_t *) pvPortMalloc(AllocationSize);
    4024:	89 81       	ldd	r24, Y+1	; 0x01
    4026:	08 2f       	mov	r16, r24
    4028:	10 e0       	ldi	r17, 0x00	; 0
    402a:	8d 81       	ldd	r24, Y+5	; 0x05
    402c:	9e 81       	ldd	r25, Y+6	; 0x06
    402e:	0e 94 ca 08 	call	0x1194	; 0x1194 <pvPortMalloc>
    4032:	ac 01       	movw	r20, r24
    4034:	c8 01       	movw	r24, r16
    4036:	88 0f       	add	r24, r24
    4038:	99 1f       	adc	r25, r25
    403a:	9e 01       	movw	r18, r28
    403c:	2f 5f       	subi	r18, 0xFF	; 255
    403e:	3f 4f       	sbci	r19, 0xFF	; 255
    4040:	82 0f       	add	r24, r18
    4042:	93 1f       	adc	r25, r19
    4044:	82 96       	adiw	r24, 0x22	; 34
    4046:	fc 01       	movw	r30, r24
    4048:	40 83       	st	Z, r20
    404a:	51 83       	std	Z+1, r21	; 0x01
					
					if (AllocatedPtrs[AllocationCount] != NULL) {
    404c:	89 81       	ldd	r24, Y+1	; 0x01
    404e:	88 2f       	mov	r24, r24
    4050:	90 e0       	ldi	r25, 0x00	; 0
    4052:	88 0f       	add	r24, r24
    4054:	99 1f       	adc	r25, r25
    4056:	9e 01       	movw	r18, r28
    4058:	2f 5f       	subi	r18, 0xFF	; 255
    405a:	3f 4f       	sbci	r19, 0xFF	; 255
    405c:	82 0f       	add	r24, r18
    405e:	93 1f       	adc	r25, r19
    4060:	82 96       	adiw	r24, 0x22	; 34
    4062:	fc 01       	movw	r30, r24
    4064:	80 81       	ld	r24, Z
    4066:	91 81       	ldd	r25, Z+1	; 0x01
    4068:	89 2b       	or	r24, r25
    406a:	09 f4       	brne	.+2      	; 0x406e <WorkerTerminal+0x118>
    406c:	9d c0       	rjmp	.+314    	; 0x41a8 <WorkerTerminal+0x252>
						FreeHeapAfter = xPortGetFreeHeapSize();
    406e:	0e 94 25 0a 	call	0x144a	; 0x144a <xPortGetFreeHeapSize>
    4072:	89 87       	std	Y+9, r24	; 0x09
    4074:	9a 87       	std	Y+10, r25	; 0x0a
						uint16_t ActualAllocation = FreeHeapBefore - FreeHeapAfter;
    4076:	2f 81       	ldd	r18, Y+7	; 0x07
    4078:	38 85       	ldd	r19, Y+8	; 0x08
    407a:	89 85       	ldd	r24, Y+9	; 0x09
    407c:	9a 85       	ldd	r25, Y+10	; 0x0a
    407e:	a9 01       	movw	r20, r18
    4080:	48 1b       	sub	r20, r24
    4082:	59 0b       	sbc	r21, r25
    4084:	ca 01       	movw	r24, r20
    4086:	8b 87       	std	Y+11, r24	; 0x0b
    4088:	9c 87       	std	Y+12, r25	; 0x0c
						int16_t Overhead = ActualAllocation - AllocationSize;
    408a:	8d 81       	ldd	r24, Y+5	; 0x05
    408c:	9e 81       	ldd	r25, Y+6	; 0x06
    408e:	2b 85       	ldd	r18, Y+11	; 0x0b
    4090:	3c 85       	ldd	r19, Y+12	; 0x0c
    4092:	f9 01       	movw	r30, r18
    4094:	e8 1b       	sub	r30, r24
    4096:	f9 0b       	sbc	r31, r25
    4098:	cf 01       	movw	r24, r30
    409a:	8d 87       	std	Y+13, r24	; 0x0d
    409c:	9e 87       	std	Y+14, r25	; 0x0e
						
						printf("\r\n[%d] Allocatie van %u bytes:\r\n", AllocationCount, AllocationSize);
    409e:	89 81       	ldd	r24, Y+1	; 0x01
    40a0:	88 2f       	mov	r24, r24
    40a2:	90 e0       	ldi	r25, 0x00	; 0
    40a4:	2e 81       	ldd	r18, Y+6	; 0x06
    40a6:	2f 93       	push	r18
    40a8:	2d 81       	ldd	r18, Y+5	; 0x05
    40aa:	2f 93       	push	r18
    40ac:	29 2f       	mov	r18, r25
    40ae:	2f 93       	push	r18
    40b0:	8f 93       	push	r24
    40b2:	87 ea       	ldi	r24, 0xA7	; 167
    40b4:	93 e2       	ldi	r25, 0x23	; 35
    40b6:	89 2f       	mov	r24, r25
    40b8:	8f 93       	push	r24
    40ba:	87 ea       	ldi	r24, 0xA7	; 167
    40bc:	93 e2       	ldi	r25, 0x23	; 35
    40be:	8f 93       	push	r24
    40c0:	0e 94 9c 2d 	call	0x5b38	; 0x5b38 <printf>
    40c4:	0f 90       	pop	r0
    40c6:	0f 90       	pop	r0
    40c8:	0f 90       	pop	r0
    40ca:	0f 90       	pop	r0
    40cc:	0f 90       	pop	r0
    40ce:	0f 90       	pop	r0
						printf("  - Basisadres: 0x%04X\r\n", (uint16_t)AllocatedPtrs[AllocationCount]);
    40d0:	89 81       	ldd	r24, Y+1	; 0x01
    40d2:	88 2f       	mov	r24, r24
    40d4:	90 e0       	ldi	r25, 0x00	; 0
    40d6:	88 0f       	add	r24, r24
    40d8:	99 1f       	adc	r25, r25
    40da:	9e 01       	movw	r18, r28
    40dc:	2f 5f       	subi	r18, 0xFF	; 255
    40de:	3f 4f       	sbci	r19, 0xFF	; 255
    40e0:	82 0f       	add	r24, r18
    40e2:	93 1f       	adc	r25, r19
    40e4:	82 96       	adiw	r24, 0x22	; 34
    40e6:	fc 01       	movw	r30, r24
    40e8:	80 81       	ld	r24, Z
    40ea:	91 81       	ldd	r25, Z+1	; 0x01
    40ec:	29 2f       	mov	r18, r25
    40ee:	2f 93       	push	r18
    40f0:	8f 93       	push	r24
    40f2:	88 ec       	ldi	r24, 0xC8	; 200
    40f4:	93 e2       	ldi	r25, 0x23	; 35
    40f6:	89 2f       	mov	r24, r25
    40f8:	8f 93       	push	r24
    40fa:	88 ec       	ldi	r24, 0xC8	; 200
    40fc:	93 e2       	ldi	r25, 0x23	; 35
    40fe:	8f 93       	push	r24
    4100:	0e 94 9c 2d 	call	0x5b38	; 0x5b38 <printf>
    4104:	0f 90       	pop	r0
    4106:	0f 90       	pop	r0
    4108:	0f 90       	pop	r0
    410a:	0f 90       	pop	r0
						printf("  - Vrij geheugen voor: %u bytes\r\n", FreeHeapBefore);
    410c:	88 85       	ldd	r24, Y+8	; 0x08
    410e:	8f 93       	push	r24
    4110:	8f 81       	ldd	r24, Y+7	; 0x07
    4112:	8f 93       	push	r24
    4114:	81 ee       	ldi	r24, 0xE1	; 225
    4116:	93 e2       	ldi	r25, 0x23	; 35
    4118:	89 2f       	mov	r24, r25
    411a:	8f 93       	push	r24
    411c:	81 ee       	ldi	r24, 0xE1	; 225
    411e:	93 e2       	ldi	r25, 0x23	; 35
    4120:	8f 93       	push	r24
    4122:	0e 94 9c 2d 	call	0x5b38	; 0x5b38 <printf>
    4126:	0f 90       	pop	r0
    4128:	0f 90       	pop	r0
    412a:	0f 90       	pop	r0
    412c:	0f 90       	pop	r0
						printf("  - Vrij geheugen na: %u bytes\r\n", FreeHeapAfter);
    412e:	8a 85       	ldd	r24, Y+10	; 0x0a
    4130:	8f 93       	push	r24
    4132:	89 85       	ldd	r24, Y+9	; 0x09
    4134:	8f 93       	push	r24
    4136:	84 e0       	ldi	r24, 0x04	; 4
    4138:	94 e2       	ldi	r25, 0x24	; 36
    413a:	89 2f       	mov	r24, r25
    413c:	8f 93       	push	r24
    413e:	84 e0       	ldi	r24, 0x04	; 4
    4140:	94 e2       	ldi	r25, 0x24	; 36
    4142:	8f 93       	push	r24
    4144:	0e 94 9c 2d 	call	0x5b38	; 0x5b38 <printf>
    4148:	0f 90       	pop	r0
    414a:	0f 90       	pop	r0
    414c:	0f 90       	pop	r0
    414e:	0f 90       	pop	r0
						printf("  - Werkelijke allocatie: %u bytes (overhead: %d bytes)\r\n", 
    4150:	8e 85       	ldd	r24, Y+14	; 0x0e
    4152:	8f 93       	push	r24
    4154:	8d 85       	ldd	r24, Y+13	; 0x0d
    4156:	8f 93       	push	r24
    4158:	8c 85       	ldd	r24, Y+12	; 0x0c
    415a:	8f 93       	push	r24
    415c:	8b 85       	ldd	r24, Y+11	; 0x0b
    415e:	8f 93       	push	r24
    4160:	85 e2       	ldi	r24, 0x25	; 37
    4162:	94 e2       	ldi	r25, 0x24	; 36
    4164:	89 2f       	mov	r24, r25
    4166:	8f 93       	push	r24
    4168:	85 e2       	ldi	r24, 0x25	; 37
    416a:	94 e2       	ldi	r25, 0x24	; 36
    416c:	8f 93       	push	r24
    416e:	0e 94 9c 2d 	call	0x5b38	; 0x5b38 <printf>
    4172:	0f 90       	pop	r0
    4174:	0f 90       	pop	r0
    4176:	0f 90       	pop	r0
    4178:	0f 90       	pop	r0
    417a:	0f 90       	pop	r0
    417c:	0f 90       	pop	r0
							   ActualAllocation, Overhead);
						
						AllocationCount++;
    417e:	89 81       	ldd	r24, Y+1	; 0x01
    4180:	8f 5f       	subi	r24, 0xFF	; 255
    4182:	89 83       	std	Y+1, r24	; 0x01
						if (AllocationCount >= 10) {
    4184:	89 81       	ldd	r24, Y+1	; 0x01
    4186:	8a 30       	cpi	r24, 0x0A	; 10
    4188:	50 f0       	brcs	.+20     	; 0x419e <WorkerTerminal+0x248>
							printf("\r\nMaximum allocaties bereikt (10)!\r\n");
    418a:	8f e5       	ldi	r24, 0x5F	; 95
    418c:	94 e2       	ldi	r25, 0x24	; 36
    418e:	0e 94 b6 2d 	call	0x5b6c	; 0x5b6c <puts>
							AllocationCount = 0;
    4192:	19 82       	std	Y+1, r1	; 0x01
							printf("Voer allocatiegrootte in bytes in (0 om memmap te tonen, -1 om exit):\r\n");
    4194:	84 ee       	ldi	r24, 0xE4	; 228
    4196:	92 e2       	ldi	r25, 0x22	; 34
    4198:	0e 94 b6 2d 	call	0x5b6c	; 0x5b6c <puts>
				else if (AllocationSize > 0 && AllocationSize < 10000) {
					FreeHeapBefore = xPortGetFreeHeapSize();
					
					AllocatedPtrs[AllocationCount] = (uint8_t *) pvPortMalloc(AllocationSize);
					
					if (AllocatedPtrs[AllocationCount] != NULL) {
    419c:	3a c0       	rjmp	.+116    	; 0x4212 <WorkerTerminal+0x2bc>
							printf("\r\nMaximum allocaties bereikt (10)!\r\n");
							AllocationCount = 0;
							printf("Voer allocatiegrootte in bytes in (0 om memmap te tonen, -1 om exit):\r\n");
						}
						else {
							printf("Voer allocatiegrootte in bytes in (0 om memmap te tonen, -1 om exit):\r\n");
    419e:	84 ee       	ldi	r24, 0xE4	; 228
    41a0:	92 e2       	ldi	r25, 0x22	; 34
    41a2:	0e 94 b6 2d 	call	0x5b6c	; 0x5b6c <puts>
				else if (AllocationSize > 0 && AllocationSize < 10000) {
					FreeHeapBefore = xPortGetFreeHeapSize();
					
					AllocatedPtrs[AllocationCount] = (uint8_t *) pvPortMalloc(AllocationSize);
					
					if (AllocatedPtrs[AllocationCount] != NULL) {
    41a6:	35 c0       	rjmp	.+106    	; 0x4212 <WorkerTerminal+0x2bc>
						else {
							printf("Voer allocatiegrootte in bytes in (0 om memmap te tonen, -1 om exit):\r\n");
						}
					}
					else {
						printf("\r\n[FOUT] Allocatie van %u bytes mislukt!\r\n", AllocationSize);
    41a8:	8e 81       	ldd	r24, Y+6	; 0x06
    41aa:	8f 93       	push	r24
    41ac:	8d 81       	ldd	r24, Y+5	; 0x05
    41ae:	8f 93       	push	r24
    41b0:	83 e8       	ldi	r24, 0x83	; 131
    41b2:	94 e2       	ldi	r25, 0x24	; 36
    41b4:	89 2f       	mov	r24, r25
    41b6:	8f 93       	push	r24
    41b8:	83 e8       	ldi	r24, 0x83	; 131
    41ba:	94 e2       	ldi	r25, 0x24	; 36
    41bc:	8f 93       	push	r24
    41be:	0e 94 9c 2d 	call	0x5b38	; 0x5b38 <printf>
    41c2:	0f 90       	pop	r0
    41c4:	0f 90       	pop	r0
    41c6:	0f 90       	pop	r0
    41c8:	0f 90       	pop	r0
						printf("Vrij geheugen: %u bytes\r\n", xPortGetFreeHeapSize());
    41ca:	0e 94 25 0a 	call	0x144a	; 0x144a <xPortGetFreeHeapSize>
    41ce:	29 2f       	mov	r18, r25
    41d0:	2f 93       	push	r18
    41d2:	8f 93       	push	r24
    41d4:	8e ea       	ldi	r24, 0xAE	; 174
    41d6:	94 e2       	ldi	r25, 0x24	; 36
    41d8:	89 2f       	mov	r24, r25
    41da:	8f 93       	push	r24
    41dc:	8e ea       	ldi	r24, 0xAE	; 174
    41de:	94 e2       	ldi	r25, 0x24	; 36
    41e0:	8f 93       	push	r24
    41e2:	0e 94 9c 2d 	call	0x5b38	; 0x5b38 <printf>
    41e6:	0f 90       	pop	r0
    41e8:	0f 90       	pop	r0
    41ea:	0f 90       	pop	r0
    41ec:	0f 90       	pop	r0
						printf("Voer allocatiegrootte in bytes in (0 om memmap te tonen, -1 om exit):\r\n");
    41ee:	84 ee       	ldi	r24, 0xE4	; 228
    41f0:	92 e2       	ldi	r25, 0x22	; 34
    41f2:	0e 94 b6 2d 	call	0x5b6c	; 0x5b6c <puts>
				else if (AllocationSize > 0 && AllocationSize < 10000) {
					FreeHeapBefore = xPortGetFreeHeapSize();
					
					AllocatedPtrs[AllocationCount] = (uint8_t *) pvPortMalloc(AllocationSize);
					
					if (AllocatedPtrs[AllocationCount] != NULL) {
    41f6:	0d c0       	rjmp	.+26     	; 0x4212 <WorkerTerminal+0x2bc>
						printf("\r\n[FOUT] Allocatie van %u bytes mislukt!\r\n", AllocationSize);
						printf("Vrij geheugen: %u bytes\r\n", xPortGetFreeHeapSize());
						printf("Voer allocatiegrootte in bytes in (0 om memmap te tonen, -1 om exit):\r\n");
					}
				}
				else if (AllocationSize < 0) {
    41f8:	8d 81       	ldd	r24, Y+5	; 0x05
    41fa:	9e 81       	ldd	r25, Y+6	; 0x06
    41fc:	99 23       	and	r25, r25
    41fe:	2c f4       	brge	.+10     	; 0x420a <WorkerTerminal+0x2b4>
					printf("\r\nOngeldige waarde (negatief). Voer -1 om exit of 0+ voor allocatie:\r\n");
    4200:	88 ec       	ldi	r24, 0xC8	; 200
    4202:	94 e2       	ldi	r25, 0x24	; 36
    4204:	0e 94 b6 2d 	call	0x5b6c	; 0x5b6c <puts>
    4208:	04 c0       	rjmp	.+8      	; 0x4212 <WorkerTerminal+0x2bc>
				}
				else {
					printf("\r\nOngeldige waarde. Voer een positief getal in:\r\n");
    420a:	8e e0       	ldi	r24, 0x0E	; 14
    420c:	95 e2       	ldi	r25, 0x25	; 37
    420e:	0e 94 b6 2d 	call	0x5b6c	; 0x5b6c <puts>
				}
				
				InputIdx = 0;
    4212:	1a 82       	std	Y+2, r1	; 0x02
		// Read character-by-character from terminal
		Char = getchar();
		
		// Handle Enter key
		if (Char == '\r' || Char == '\n') {
			if (InputIdx > 0) {
    4214:	37 c0       	rjmp	.+110    	; 0x4284 <WorkerTerminal+0x32e>
				
				InputIdx = 0;
			}
		}
		// Handle backspace
		else if (Char == '\b' || Char == 0x7F) {
    4216:	8c 81       	ldd	r24, Y+4	; 0x04
    4218:	88 30       	cpi	r24, 0x08	; 8
    421a:	19 f0       	breq	.+6      	; 0x4222 <WorkerTerminal+0x2cc>
    421c:	8c 81       	ldd	r24, Y+4	; 0x04
    421e:	8f 37       	cpi	r24, 0x7F	; 127
    4220:	91 f4       	brne	.+36     	; 0x4246 <WorkerTerminal+0x2f0>
			if (InputIdx > 0) {
    4222:	8a 81       	ldd	r24, Y+2	; 0x02
    4224:	88 23       	and	r24, r24
    4226:	71 f1       	breq	.+92     	; 0x4284 <WorkerTerminal+0x32e>
				InputIdx--;
    4228:	8a 81       	ldd	r24, Y+2	; 0x02
    422a:	81 50       	subi	r24, 0x01	; 1
    422c:	8a 83       	std	Y+2, r24	; 0x02
				printf("\b \b");
    422e:	8f e3       	ldi	r24, 0x3F	; 63
    4230:	95 e2       	ldi	r25, 0x25	; 37
    4232:	89 2f       	mov	r24, r25
    4234:	8f 93       	push	r24
    4236:	8f e3       	ldi	r24, 0x3F	; 63
    4238:	95 e2       	ldi	r25, 0x25	; 37
    423a:	8f 93       	push	r24
    423c:	0e 94 9c 2d 	call	0x5b38	; 0x5b38 <printf>
    4240:	0f 90       	pop	r0
    4242:	0f 90       	pop	r0
				InputIdx = 0;
			}
		}
		// Handle backspace
		else if (Char == '\b' || Char == 0x7F) {
			if (InputIdx > 0) {
    4244:	1f c0       	rjmp	.+62     	; 0x4284 <WorkerTerminal+0x32e>
				InputIdx--;
				printf("\b \b");
			}
		}
		// Handle regular characters
		else if (isdigit((unsigned char)Char) || Char == '-') {
    4246:	8c 81       	ldd	r24, Y+4	; 0x04
    4248:	88 2f       	mov	r24, r24
    424a:	90 e0       	ldi	r25, 0x00	; 0
    424c:	c0 97       	sbiw	r24, 0x30	; 48
    424e:	0a 97       	sbiw	r24, 0x0a	; 10
    4250:	18 f0       	brcs	.+6      	; 0x4258 <WorkerTerminal+0x302>
    4252:	8c 81       	ldd	r24, Y+4	; 0x04
    4254:	8d 32       	cpi	r24, 0x2D	; 45
    4256:	b1 f4       	brne	.+44     	; 0x4284 <WorkerTerminal+0x32e>
			if (InputIdx < sizeof(InputBuffer) - 1) {
    4258:	8a 81       	ldd	r24, Y+2	; 0x02
    425a:	83 31       	cpi	r24, 0x13	; 19
    425c:	98 f4       	brcc	.+38     	; 0x4284 <WorkerTerminal+0x32e>
				InputBuffer[InputIdx++] = Char;
    425e:	8a 81       	ldd	r24, Y+2	; 0x02
    4260:	91 e0       	ldi	r25, 0x01	; 1
    4262:	98 0f       	add	r25, r24
    4264:	9a 83       	std	Y+2, r25	; 0x02
    4266:	88 2f       	mov	r24, r24
    4268:	90 e0       	ldi	r25, 0x00	; 0
    426a:	9e 01       	movw	r18, r28
    426c:	21 5f       	subi	r18, 0xF1	; 241
    426e:	3f 4f       	sbci	r19, 0xFF	; 255
    4270:	82 0f       	add	r24, r18
    4272:	93 1f       	adc	r25, r19
    4274:	2c 81       	ldd	r18, Y+4	; 0x04
    4276:	fc 01       	movw	r30, r24
    4278:	20 83       	st	Z, r18
				printf("%c", Char);
    427a:	8c 81       	ldd	r24, Y+4	; 0x04
    427c:	88 2f       	mov	r24, r24
    427e:	90 e0       	ldi	r25, 0x00	; 0
    4280:	0e 94 b0 2d 	call	0x5b60	; 0x5b60 <putchar>
			}
		}
		
		vTaskDelay(10);
    4284:	8a e0       	ldi	r24, 0x0A	; 10
    4286:	90 e0       	ldi	r25, 0x00	; 0
    4288:	0e 94 f7 10 	call	0x21ee	; 0x21ee <vTaskDelay>
	}
    428c:	79 ce       	rjmp	.-782    	; 0x3f80 <WorkerTerminal+0x2a>
	
	// Cleanup
	for (uint8_t i = 0; i < AllocationCount; i++) {
		vPortFree(AllocatedPtrs[i]);
    428e:	8b 81       	ldd	r24, Y+3	; 0x03
    4290:	88 2f       	mov	r24, r24
    4292:	90 e0       	ldi	r25, 0x00	; 0
    4294:	88 0f       	add	r24, r24
    4296:	99 1f       	adc	r25, r25
    4298:	9e 01       	movw	r18, r28
    429a:	2f 5f       	subi	r18, 0xFF	; 255
    429c:	3f 4f       	sbci	r19, 0xFF	; 255
    429e:	82 0f       	add	r24, r18
    42a0:	93 1f       	adc	r25, r19
    42a2:	82 96       	adiw	r24, 0x22	; 34
    42a4:	fc 01       	movw	r30, r24
    42a6:	80 81       	ld	r24, Z
    42a8:	91 81       	ldd	r25, Z+1	; 0x01
    42aa:	0e 94 b9 09 	call	0x1372	; 0x1372 <vPortFree>
		
		vTaskDelay(10);
	}
	
	// Cleanup
	for (uint8_t i = 0; i < AllocationCount; i++) {
    42ae:	8b 81       	ldd	r24, Y+3	; 0x03
    42b0:	8f 5f       	subi	r24, 0xFF	; 255
    42b2:	8b 83       	std	Y+3, r24	; 0x03
    42b4:	9b 81       	ldd	r25, Y+3	; 0x03
    42b6:	89 81       	ldd	r24, Y+1	; 0x01
    42b8:	98 17       	cp	r25, r24
    42ba:	48 f3       	brcs	.-46     	; 0x428e <WorkerTerminal+0x338>
		vPortFree(AllocatedPtrs[i]);
	}
	
	vTaskSuspend(NULL);
    42bc:	80 e0       	ldi	r24, 0x00	; 0
    42be:	90 e0       	ldi	r25, 0x00	; 0
    42c0:	0e 94 9e 11 	call	0x233c	; 0x233c <vTaskSuspend>
}
    42c4:	00 00       	nop
    42c6:	e8 96       	adiw	r28, 0x38	; 56
    42c8:	cd bf       	out	0x3d, r28	; 61
    42ca:	de bf       	out	0x3e, r29	; 62
    42cc:	df 91       	pop	r29
    42ce:	cf 91       	pop	r28
    42d0:	1f 91       	pop	r17
    42d2:	0f 91       	pop	r16
    42d4:	08 95       	ret

000042d6 <__subsf3>:
    42d6:	50 58       	subi	r21, 0x80	; 128

000042d8 <__addsf3>:
    42d8:	bb 27       	eor	r27, r27
    42da:	aa 27       	eor	r26, r26
    42dc:	0e 94 83 21 	call	0x4306	; 0x4306 <__addsf3x>
    42e0:	0c 94 f6 22 	jmp	0x45ec	; 0x45ec <__fp_round>
    42e4:	0e 94 e8 22 	call	0x45d0	; 0x45d0 <__fp_pscA>
    42e8:	38 f0       	brcs	.+14     	; 0x42f8 <__addsf3+0x20>
    42ea:	0e 94 ef 22 	call	0x45de	; 0x45de <__fp_pscB>
    42ee:	20 f0       	brcs	.+8      	; 0x42f8 <__addsf3+0x20>
    42f0:	39 f4       	brne	.+14     	; 0x4300 <__addsf3+0x28>
    42f2:	9f 3f       	cpi	r25, 0xFF	; 255
    42f4:	19 f4       	brne	.+6      	; 0x42fc <__addsf3+0x24>
    42f6:	26 f4       	brtc	.+8      	; 0x4300 <__addsf3+0x28>
    42f8:	0c 94 e5 22 	jmp	0x45ca	; 0x45ca <__fp_nan>
    42fc:	0e f4       	brtc	.+2      	; 0x4300 <__addsf3+0x28>
    42fe:	e0 95       	com	r30
    4300:	e7 fb       	bst	r30, 7
    4302:	0c 94 df 22 	jmp	0x45be	; 0x45be <__fp_inf>

00004306 <__addsf3x>:
    4306:	e9 2f       	mov	r30, r25
    4308:	0e 94 07 23 	call	0x460e	; 0x460e <__fp_split3>
    430c:	58 f3       	brcs	.-42     	; 0x42e4 <__addsf3+0xc>
    430e:	ba 17       	cp	r27, r26
    4310:	62 07       	cpc	r22, r18
    4312:	73 07       	cpc	r23, r19
    4314:	84 07       	cpc	r24, r20
    4316:	95 07       	cpc	r25, r21
    4318:	20 f0       	brcs	.+8      	; 0x4322 <__addsf3x+0x1c>
    431a:	79 f4       	brne	.+30     	; 0x433a <__addsf3x+0x34>
    431c:	a6 f5       	brtc	.+104    	; 0x4386 <__addsf3x+0x80>
    431e:	0c 94 29 23 	jmp	0x4652	; 0x4652 <__fp_zero>
    4322:	0e f4       	brtc	.+2      	; 0x4326 <__addsf3x+0x20>
    4324:	e0 95       	com	r30
    4326:	0b 2e       	mov	r0, r27
    4328:	ba 2f       	mov	r27, r26
    432a:	a0 2d       	mov	r26, r0
    432c:	0b 01       	movw	r0, r22
    432e:	b9 01       	movw	r22, r18
    4330:	90 01       	movw	r18, r0
    4332:	0c 01       	movw	r0, r24
    4334:	ca 01       	movw	r24, r20
    4336:	a0 01       	movw	r20, r0
    4338:	11 24       	eor	r1, r1
    433a:	ff 27       	eor	r31, r31
    433c:	59 1b       	sub	r21, r25
    433e:	99 f0       	breq	.+38     	; 0x4366 <__addsf3x+0x60>
    4340:	59 3f       	cpi	r21, 0xF9	; 249
    4342:	50 f4       	brcc	.+20     	; 0x4358 <__addsf3x+0x52>
    4344:	50 3e       	cpi	r21, 0xE0	; 224
    4346:	68 f1       	brcs	.+90     	; 0x43a2 <__addsf3x+0x9c>
    4348:	1a 16       	cp	r1, r26
    434a:	f0 40       	sbci	r31, 0x00	; 0
    434c:	a2 2f       	mov	r26, r18
    434e:	23 2f       	mov	r18, r19
    4350:	34 2f       	mov	r19, r20
    4352:	44 27       	eor	r20, r20
    4354:	58 5f       	subi	r21, 0xF8	; 248
    4356:	f3 cf       	rjmp	.-26     	; 0x433e <__addsf3x+0x38>
    4358:	46 95       	lsr	r20
    435a:	37 95       	ror	r19
    435c:	27 95       	ror	r18
    435e:	a7 95       	ror	r26
    4360:	f0 40       	sbci	r31, 0x00	; 0
    4362:	53 95       	inc	r21
    4364:	c9 f7       	brne	.-14     	; 0x4358 <__addsf3x+0x52>
    4366:	7e f4       	brtc	.+30     	; 0x4386 <__addsf3x+0x80>
    4368:	1f 16       	cp	r1, r31
    436a:	ba 0b       	sbc	r27, r26
    436c:	62 0b       	sbc	r22, r18
    436e:	73 0b       	sbc	r23, r19
    4370:	84 0b       	sbc	r24, r20
    4372:	ba f0       	brmi	.+46     	; 0x43a2 <__addsf3x+0x9c>
    4374:	91 50       	subi	r25, 0x01	; 1
    4376:	a1 f0       	breq	.+40     	; 0x43a0 <__addsf3x+0x9a>
    4378:	ff 0f       	add	r31, r31
    437a:	bb 1f       	adc	r27, r27
    437c:	66 1f       	adc	r22, r22
    437e:	77 1f       	adc	r23, r23
    4380:	88 1f       	adc	r24, r24
    4382:	c2 f7       	brpl	.-16     	; 0x4374 <__addsf3x+0x6e>
    4384:	0e c0       	rjmp	.+28     	; 0x43a2 <__addsf3x+0x9c>
    4386:	ba 0f       	add	r27, r26
    4388:	62 1f       	adc	r22, r18
    438a:	73 1f       	adc	r23, r19
    438c:	84 1f       	adc	r24, r20
    438e:	48 f4       	brcc	.+18     	; 0x43a2 <__addsf3x+0x9c>
    4390:	87 95       	ror	r24
    4392:	77 95       	ror	r23
    4394:	67 95       	ror	r22
    4396:	b7 95       	ror	r27
    4398:	f7 95       	ror	r31
    439a:	9e 3f       	cpi	r25, 0xFE	; 254
    439c:	08 f0       	brcs	.+2      	; 0x43a0 <__addsf3x+0x9a>
    439e:	b0 cf       	rjmp	.-160    	; 0x4300 <__addsf3+0x28>
    43a0:	93 95       	inc	r25
    43a2:	88 0f       	add	r24, r24
    43a4:	08 f0       	brcs	.+2      	; 0x43a8 <__addsf3x+0xa2>
    43a6:	99 27       	eor	r25, r25
    43a8:	ee 0f       	add	r30, r30
    43aa:	97 95       	ror	r25
    43ac:	87 95       	ror	r24
    43ae:	08 95       	ret

000043b0 <__cmpsf2>:
    43b0:	0e 94 bb 22 	call	0x4576	; 0x4576 <__fp_cmp>
    43b4:	08 f4       	brcc	.+2      	; 0x43b8 <__cmpsf2+0x8>
    43b6:	81 e0       	ldi	r24, 0x01	; 1
    43b8:	08 95       	ret

000043ba <__divsf3>:
    43ba:	0e 94 f1 21 	call	0x43e2	; 0x43e2 <__divsf3x>
    43be:	0c 94 f6 22 	jmp	0x45ec	; 0x45ec <__fp_round>
    43c2:	0e 94 ef 22 	call	0x45de	; 0x45de <__fp_pscB>
    43c6:	58 f0       	brcs	.+22     	; 0x43de <__divsf3+0x24>
    43c8:	0e 94 e8 22 	call	0x45d0	; 0x45d0 <__fp_pscA>
    43cc:	40 f0       	brcs	.+16     	; 0x43de <__divsf3+0x24>
    43ce:	29 f4       	brne	.+10     	; 0x43da <__divsf3+0x20>
    43d0:	5f 3f       	cpi	r21, 0xFF	; 255
    43d2:	29 f0       	breq	.+10     	; 0x43de <__divsf3+0x24>
    43d4:	0c 94 df 22 	jmp	0x45be	; 0x45be <__fp_inf>
    43d8:	51 11       	cpse	r21, r1
    43da:	0c 94 2a 23 	jmp	0x4654	; 0x4654 <__fp_szero>
    43de:	0c 94 e5 22 	jmp	0x45ca	; 0x45ca <__fp_nan>

000043e2 <__divsf3x>:
    43e2:	0e 94 07 23 	call	0x460e	; 0x460e <__fp_split3>
    43e6:	68 f3       	brcs	.-38     	; 0x43c2 <__divsf3+0x8>

000043e8 <__divsf3_pse>:
    43e8:	99 23       	and	r25, r25
    43ea:	b1 f3       	breq	.-20     	; 0x43d8 <__divsf3+0x1e>
    43ec:	55 23       	and	r21, r21
    43ee:	91 f3       	breq	.-28     	; 0x43d4 <__divsf3+0x1a>
    43f0:	95 1b       	sub	r25, r21
    43f2:	55 0b       	sbc	r21, r21
    43f4:	bb 27       	eor	r27, r27
    43f6:	aa 27       	eor	r26, r26
    43f8:	62 17       	cp	r22, r18
    43fa:	73 07       	cpc	r23, r19
    43fc:	84 07       	cpc	r24, r20
    43fe:	38 f0       	brcs	.+14     	; 0x440e <__divsf3_pse+0x26>
    4400:	9f 5f       	subi	r25, 0xFF	; 255
    4402:	5f 4f       	sbci	r21, 0xFF	; 255
    4404:	22 0f       	add	r18, r18
    4406:	33 1f       	adc	r19, r19
    4408:	44 1f       	adc	r20, r20
    440a:	aa 1f       	adc	r26, r26
    440c:	a9 f3       	breq	.-22     	; 0x43f8 <__divsf3_pse+0x10>
    440e:	35 d0       	rcall	.+106    	; 0x447a <__divsf3_pse+0x92>
    4410:	0e 2e       	mov	r0, r30
    4412:	3a f0       	brmi	.+14     	; 0x4422 <__divsf3_pse+0x3a>
    4414:	e0 e8       	ldi	r30, 0x80	; 128
    4416:	32 d0       	rcall	.+100    	; 0x447c <__divsf3_pse+0x94>
    4418:	91 50       	subi	r25, 0x01	; 1
    441a:	50 40       	sbci	r21, 0x00	; 0
    441c:	e6 95       	lsr	r30
    441e:	00 1c       	adc	r0, r0
    4420:	ca f7       	brpl	.-14     	; 0x4414 <__divsf3_pse+0x2c>
    4422:	2b d0       	rcall	.+86     	; 0x447a <__divsf3_pse+0x92>
    4424:	fe 2f       	mov	r31, r30
    4426:	29 d0       	rcall	.+82     	; 0x447a <__divsf3_pse+0x92>
    4428:	66 0f       	add	r22, r22
    442a:	77 1f       	adc	r23, r23
    442c:	88 1f       	adc	r24, r24
    442e:	bb 1f       	adc	r27, r27
    4430:	26 17       	cp	r18, r22
    4432:	37 07       	cpc	r19, r23
    4434:	48 07       	cpc	r20, r24
    4436:	ab 07       	cpc	r26, r27
    4438:	b0 e8       	ldi	r27, 0x80	; 128
    443a:	09 f0       	breq	.+2      	; 0x443e <__divsf3_pse+0x56>
    443c:	bb 0b       	sbc	r27, r27
    443e:	80 2d       	mov	r24, r0
    4440:	bf 01       	movw	r22, r30
    4442:	ff 27       	eor	r31, r31
    4444:	93 58       	subi	r25, 0x83	; 131
    4446:	5f 4f       	sbci	r21, 0xFF	; 255
    4448:	3a f0       	brmi	.+14     	; 0x4458 <__divsf3_pse+0x70>
    444a:	9e 3f       	cpi	r25, 0xFE	; 254
    444c:	51 05       	cpc	r21, r1
    444e:	78 f0       	brcs	.+30     	; 0x446e <__divsf3_pse+0x86>
    4450:	0c 94 df 22 	jmp	0x45be	; 0x45be <__fp_inf>
    4454:	0c 94 2a 23 	jmp	0x4654	; 0x4654 <__fp_szero>
    4458:	5f 3f       	cpi	r21, 0xFF	; 255
    445a:	e4 f3       	brlt	.-8      	; 0x4454 <__divsf3_pse+0x6c>
    445c:	98 3e       	cpi	r25, 0xE8	; 232
    445e:	d4 f3       	brlt	.-12     	; 0x4454 <__divsf3_pse+0x6c>
    4460:	86 95       	lsr	r24
    4462:	77 95       	ror	r23
    4464:	67 95       	ror	r22
    4466:	b7 95       	ror	r27
    4468:	f7 95       	ror	r31
    446a:	9f 5f       	subi	r25, 0xFF	; 255
    446c:	c9 f7       	brne	.-14     	; 0x4460 <__divsf3_pse+0x78>
    446e:	88 0f       	add	r24, r24
    4470:	91 1d       	adc	r25, r1
    4472:	96 95       	lsr	r25
    4474:	87 95       	ror	r24
    4476:	97 f9       	bld	r25, 7
    4478:	08 95       	ret
    447a:	e1 e0       	ldi	r30, 0x01	; 1
    447c:	66 0f       	add	r22, r22
    447e:	77 1f       	adc	r23, r23
    4480:	88 1f       	adc	r24, r24
    4482:	bb 1f       	adc	r27, r27
    4484:	62 17       	cp	r22, r18
    4486:	73 07       	cpc	r23, r19
    4488:	84 07       	cpc	r24, r20
    448a:	ba 07       	cpc	r27, r26
    448c:	20 f0       	brcs	.+8      	; 0x4496 <__divsf3_pse+0xae>
    448e:	62 1b       	sub	r22, r18
    4490:	73 0b       	sbc	r23, r19
    4492:	84 0b       	sbc	r24, r20
    4494:	ba 0b       	sbc	r27, r26
    4496:	ee 1f       	adc	r30, r30
    4498:	88 f7       	brcc	.-30     	; 0x447c <__divsf3_pse+0x94>
    449a:	e0 95       	com	r30
    449c:	08 95       	ret

0000449e <__fixunssfsi>:
    449e:	0e 94 0f 23 	call	0x461e	; 0x461e <__fp_splitA>
    44a2:	88 f0       	brcs	.+34     	; 0x44c6 <__fixunssfsi+0x28>
    44a4:	9f 57       	subi	r25, 0x7F	; 127
    44a6:	98 f0       	brcs	.+38     	; 0x44ce <__fixunssfsi+0x30>
    44a8:	b9 2f       	mov	r27, r25
    44aa:	99 27       	eor	r25, r25
    44ac:	b7 51       	subi	r27, 0x17	; 23
    44ae:	b0 f0       	brcs	.+44     	; 0x44dc <__fixunssfsi+0x3e>
    44b0:	e1 f0       	breq	.+56     	; 0x44ea <__fixunssfsi+0x4c>
    44b2:	66 0f       	add	r22, r22
    44b4:	77 1f       	adc	r23, r23
    44b6:	88 1f       	adc	r24, r24
    44b8:	99 1f       	adc	r25, r25
    44ba:	1a f0       	brmi	.+6      	; 0x44c2 <__fixunssfsi+0x24>
    44bc:	ba 95       	dec	r27
    44be:	c9 f7       	brne	.-14     	; 0x44b2 <__fixunssfsi+0x14>
    44c0:	14 c0       	rjmp	.+40     	; 0x44ea <__fixunssfsi+0x4c>
    44c2:	b1 30       	cpi	r27, 0x01	; 1
    44c4:	91 f0       	breq	.+36     	; 0x44ea <__fixunssfsi+0x4c>
    44c6:	0e 94 29 23 	call	0x4652	; 0x4652 <__fp_zero>
    44ca:	b1 e0       	ldi	r27, 0x01	; 1
    44cc:	08 95       	ret
    44ce:	0c 94 29 23 	jmp	0x4652	; 0x4652 <__fp_zero>
    44d2:	67 2f       	mov	r22, r23
    44d4:	78 2f       	mov	r23, r24
    44d6:	88 27       	eor	r24, r24
    44d8:	b8 5f       	subi	r27, 0xF8	; 248
    44da:	39 f0       	breq	.+14     	; 0x44ea <__fixunssfsi+0x4c>
    44dc:	b9 3f       	cpi	r27, 0xF9	; 249
    44de:	cc f3       	brlt	.-14     	; 0x44d2 <__fixunssfsi+0x34>
    44e0:	86 95       	lsr	r24
    44e2:	77 95       	ror	r23
    44e4:	67 95       	ror	r22
    44e6:	b3 95       	inc	r27
    44e8:	d9 f7       	brne	.-10     	; 0x44e0 <__fixunssfsi+0x42>
    44ea:	3e f4       	brtc	.+14     	; 0x44fa <__fixunssfsi+0x5c>
    44ec:	90 95       	com	r25
    44ee:	80 95       	com	r24
    44f0:	70 95       	com	r23
    44f2:	61 95       	neg	r22
    44f4:	7f 4f       	sbci	r23, 0xFF	; 255
    44f6:	8f 4f       	sbci	r24, 0xFF	; 255
    44f8:	9f 4f       	sbci	r25, 0xFF	; 255
    44fa:	08 95       	ret

000044fc <__floatunsisf>:
    44fc:	e8 94       	clt
    44fe:	09 c0       	rjmp	.+18     	; 0x4512 <__floatsisf+0x12>

00004500 <__floatsisf>:
    4500:	97 fb       	bst	r25, 7
    4502:	3e f4       	brtc	.+14     	; 0x4512 <__floatsisf+0x12>
    4504:	90 95       	com	r25
    4506:	80 95       	com	r24
    4508:	70 95       	com	r23
    450a:	61 95       	neg	r22
    450c:	7f 4f       	sbci	r23, 0xFF	; 255
    450e:	8f 4f       	sbci	r24, 0xFF	; 255
    4510:	9f 4f       	sbci	r25, 0xFF	; 255
    4512:	99 23       	and	r25, r25
    4514:	a9 f0       	breq	.+42     	; 0x4540 <__floatsisf+0x40>
    4516:	f9 2f       	mov	r31, r25
    4518:	96 e9       	ldi	r25, 0x96	; 150
    451a:	bb 27       	eor	r27, r27
    451c:	93 95       	inc	r25
    451e:	f6 95       	lsr	r31
    4520:	87 95       	ror	r24
    4522:	77 95       	ror	r23
    4524:	67 95       	ror	r22
    4526:	b7 95       	ror	r27
    4528:	f1 11       	cpse	r31, r1
    452a:	f8 cf       	rjmp	.-16     	; 0x451c <__floatsisf+0x1c>
    452c:	fa f4       	brpl	.+62     	; 0x456c <__floatsisf+0x6c>
    452e:	bb 0f       	add	r27, r27
    4530:	11 f4       	brne	.+4      	; 0x4536 <__floatsisf+0x36>
    4532:	60 ff       	sbrs	r22, 0
    4534:	1b c0       	rjmp	.+54     	; 0x456c <__floatsisf+0x6c>
    4536:	6f 5f       	subi	r22, 0xFF	; 255
    4538:	7f 4f       	sbci	r23, 0xFF	; 255
    453a:	8f 4f       	sbci	r24, 0xFF	; 255
    453c:	9f 4f       	sbci	r25, 0xFF	; 255
    453e:	16 c0       	rjmp	.+44     	; 0x456c <__floatsisf+0x6c>
    4540:	88 23       	and	r24, r24
    4542:	11 f0       	breq	.+4      	; 0x4548 <__floatsisf+0x48>
    4544:	96 e9       	ldi	r25, 0x96	; 150
    4546:	11 c0       	rjmp	.+34     	; 0x456a <__floatsisf+0x6a>
    4548:	77 23       	and	r23, r23
    454a:	21 f0       	breq	.+8      	; 0x4554 <__floatsisf+0x54>
    454c:	9e e8       	ldi	r25, 0x8E	; 142
    454e:	87 2f       	mov	r24, r23
    4550:	76 2f       	mov	r23, r22
    4552:	05 c0       	rjmp	.+10     	; 0x455e <__floatsisf+0x5e>
    4554:	66 23       	and	r22, r22
    4556:	71 f0       	breq	.+28     	; 0x4574 <__floatsisf+0x74>
    4558:	96 e8       	ldi	r25, 0x86	; 134
    455a:	86 2f       	mov	r24, r22
    455c:	70 e0       	ldi	r23, 0x00	; 0
    455e:	60 e0       	ldi	r22, 0x00	; 0
    4560:	2a f0       	brmi	.+10     	; 0x456c <__floatsisf+0x6c>
    4562:	9a 95       	dec	r25
    4564:	66 0f       	add	r22, r22
    4566:	77 1f       	adc	r23, r23
    4568:	88 1f       	adc	r24, r24
    456a:	da f7       	brpl	.-10     	; 0x4562 <__floatsisf+0x62>
    456c:	88 0f       	add	r24, r24
    456e:	96 95       	lsr	r25
    4570:	87 95       	ror	r24
    4572:	97 f9       	bld	r25, 7
    4574:	08 95       	ret

00004576 <__fp_cmp>:
    4576:	99 0f       	add	r25, r25
    4578:	00 08       	sbc	r0, r0
    457a:	55 0f       	add	r21, r21
    457c:	aa 0b       	sbc	r26, r26
    457e:	e0 e8       	ldi	r30, 0x80	; 128
    4580:	fe ef       	ldi	r31, 0xFE	; 254
    4582:	16 16       	cp	r1, r22
    4584:	17 06       	cpc	r1, r23
    4586:	e8 07       	cpc	r30, r24
    4588:	f9 07       	cpc	r31, r25
    458a:	c0 f0       	brcs	.+48     	; 0x45bc <__fp_cmp+0x46>
    458c:	12 16       	cp	r1, r18
    458e:	13 06       	cpc	r1, r19
    4590:	e4 07       	cpc	r30, r20
    4592:	f5 07       	cpc	r31, r21
    4594:	98 f0       	brcs	.+38     	; 0x45bc <__fp_cmp+0x46>
    4596:	62 1b       	sub	r22, r18
    4598:	73 0b       	sbc	r23, r19
    459a:	84 0b       	sbc	r24, r20
    459c:	95 0b       	sbc	r25, r21
    459e:	39 f4       	brne	.+14     	; 0x45ae <__fp_cmp+0x38>
    45a0:	0a 26       	eor	r0, r26
    45a2:	61 f0       	breq	.+24     	; 0x45bc <__fp_cmp+0x46>
    45a4:	23 2b       	or	r18, r19
    45a6:	24 2b       	or	r18, r20
    45a8:	25 2b       	or	r18, r21
    45aa:	21 f4       	brne	.+8      	; 0x45b4 <__fp_cmp+0x3e>
    45ac:	08 95       	ret
    45ae:	0a 26       	eor	r0, r26
    45b0:	09 f4       	brne	.+2      	; 0x45b4 <__fp_cmp+0x3e>
    45b2:	a1 40       	sbci	r26, 0x01	; 1
    45b4:	a6 95       	lsr	r26
    45b6:	8f ef       	ldi	r24, 0xFF	; 255
    45b8:	81 1d       	adc	r24, r1
    45ba:	81 1d       	adc	r24, r1
    45bc:	08 95       	ret

000045be <__fp_inf>:
    45be:	97 f9       	bld	r25, 7
    45c0:	9f 67       	ori	r25, 0x7F	; 127
    45c2:	80 e8       	ldi	r24, 0x80	; 128
    45c4:	70 e0       	ldi	r23, 0x00	; 0
    45c6:	60 e0       	ldi	r22, 0x00	; 0
    45c8:	08 95       	ret

000045ca <__fp_nan>:
    45ca:	9f ef       	ldi	r25, 0xFF	; 255
    45cc:	80 ec       	ldi	r24, 0xC0	; 192
    45ce:	08 95       	ret

000045d0 <__fp_pscA>:
    45d0:	00 24       	eor	r0, r0
    45d2:	0a 94       	dec	r0
    45d4:	16 16       	cp	r1, r22
    45d6:	17 06       	cpc	r1, r23
    45d8:	18 06       	cpc	r1, r24
    45da:	09 06       	cpc	r0, r25
    45dc:	08 95       	ret

000045de <__fp_pscB>:
    45de:	00 24       	eor	r0, r0
    45e0:	0a 94       	dec	r0
    45e2:	12 16       	cp	r1, r18
    45e4:	13 06       	cpc	r1, r19
    45e6:	14 06       	cpc	r1, r20
    45e8:	05 06       	cpc	r0, r21
    45ea:	08 95       	ret

000045ec <__fp_round>:
    45ec:	09 2e       	mov	r0, r25
    45ee:	03 94       	inc	r0
    45f0:	00 0c       	add	r0, r0
    45f2:	11 f4       	brne	.+4      	; 0x45f8 <__fp_round+0xc>
    45f4:	88 23       	and	r24, r24
    45f6:	52 f0       	brmi	.+20     	; 0x460c <__fp_round+0x20>
    45f8:	bb 0f       	add	r27, r27
    45fa:	40 f4       	brcc	.+16     	; 0x460c <__fp_round+0x20>
    45fc:	bf 2b       	or	r27, r31
    45fe:	11 f4       	brne	.+4      	; 0x4604 <__fp_round+0x18>
    4600:	60 ff       	sbrs	r22, 0
    4602:	04 c0       	rjmp	.+8      	; 0x460c <__fp_round+0x20>
    4604:	6f 5f       	subi	r22, 0xFF	; 255
    4606:	7f 4f       	sbci	r23, 0xFF	; 255
    4608:	8f 4f       	sbci	r24, 0xFF	; 255
    460a:	9f 4f       	sbci	r25, 0xFF	; 255
    460c:	08 95       	ret

0000460e <__fp_split3>:
    460e:	57 fd       	sbrc	r21, 7
    4610:	90 58       	subi	r25, 0x80	; 128
    4612:	44 0f       	add	r20, r20
    4614:	55 1f       	adc	r21, r21
    4616:	59 f0       	breq	.+22     	; 0x462e <__fp_splitA+0x10>
    4618:	5f 3f       	cpi	r21, 0xFF	; 255
    461a:	71 f0       	breq	.+28     	; 0x4638 <__fp_splitA+0x1a>
    461c:	47 95       	ror	r20

0000461e <__fp_splitA>:
    461e:	88 0f       	add	r24, r24
    4620:	97 fb       	bst	r25, 7
    4622:	99 1f       	adc	r25, r25
    4624:	61 f0       	breq	.+24     	; 0x463e <__fp_splitA+0x20>
    4626:	9f 3f       	cpi	r25, 0xFF	; 255
    4628:	79 f0       	breq	.+30     	; 0x4648 <__fp_splitA+0x2a>
    462a:	87 95       	ror	r24
    462c:	08 95       	ret
    462e:	12 16       	cp	r1, r18
    4630:	13 06       	cpc	r1, r19
    4632:	14 06       	cpc	r1, r20
    4634:	55 1f       	adc	r21, r21
    4636:	f2 cf       	rjmp	.-28     	; 0x461c <__fp_split3+0xe>
    4638:	46 95       	lsr	r20
    463a:	f1 df       	rcall	.-30     	; 0x461e <__fp_splitA>
    463c:	08 c0       	rjmp	.+16     	; 0x464e <__fp_splitA+0x30>
    463e:	16 16       	cp	r1, r22
    4640:	17 06       	cpc	r1, r23
    4642:	18 06       	cpc	r1, r24
    4644:	99 1f       	adc	r25, r25
    4646:	f1 cf       	rjmp	.-30     	; 0x462a <__fp_splitA+0xc>
    4648:	86 95       	lsr	r24
    464a:	71 05       	cpc	r23, r1
    464c:	61 05       	cpc	r22, r1
    464e:	08 94       	sec
    4650:	08 95       	ret

00004652 <__fp_zero>:
    4652:	e8 94       	clt

00004654 <__fp_szero>:
    4654:	bb 27       	eor	r27, r27
    4656:	66 27       	eor	r22, r22
    4658:	77 27       	eor	r23, r23
    465a:	cb 01       	movw	r24, r22
    465c:	97 f9       	bld	r25, 7
    465e:	08 95       	ret

00004660 <__gesf2>:
    4660:	0e 94 bb 22 	call	0x4576	; 0x4576 <__fp_cmp>
    4664:	08 f4       	brcc	.+2      	; 0x4668 <__gesf2+0x8>
    4666:	8f ef       	ldi	r24, 0xFF	; 255
    4668:	08 95       	ret

0000466a <__mulsf3>:
    466a:	0e 94 48 23 	call	0x4690	; 0x4690 <__mulsf3x>
    466e:	0c 94 f6 22 	jmp	0x45ec	; 0x45ec <__fp_round>
    4672:	0e 94 e8 22 	call	0x45d0	; 0x45d0 <__fp_pscA>
    4676:	38 f0       	brcs	.+14     	; 0x4686 <__mulsf3+0x1c>
    4678:	0e 94 ef 22 	call	0x45de	; 0x45de <__fp_pscB>
    467c:	20 f0       	brcs	.+8      	; 0x4686 <__mulsf3+0x1c>
    467e:	95 23       	and	r25, r21
    4680:	11 f0       	breq	.+4      	; 0x4686 <__mulsf3+0x1c>
    4682:	0c 94 df 22 	jmp	0x45be	; 0x45be <__fp_inf>
    4686:	0c 94 e5 22 	jmp	0x45ca	; 0x45ca <__fp_nan>
    468a:	11 24       	eor	r1, r1
    468c:	0c 94 2a 23 	jmp	0x4654	; 0x4654 <__fp_szero>

00004690 <__mulsf3x>:
    4690:	0e 94 07 23 	call	0x460e	; 0x460e <__fp_split3>
    4694:	70 f3       	brcs	.-36     	; 0x4672 <__mulsf3+0x8>

00004696 <__mulsf3_pse>:
    4696:	95 9f       	mul	r25, r21
    4698:	c1 f3       	breq	.-16     	; 0x468a <__mulsf3+0x20>
    469a:	95 0f       	add	r25, r21
    469c:	50 e0       	ldi	r21, 0x00	; 0
    469e:	55 1f       	adc	r21, r21
    46a0:	62 9f       	mul	r22, r18
    46a2:	f0 01       	movw	r30, r0
    46a4:	72 9f       	mul	r23, r18
    46a6:	bb 27       	eor	r27, r27
    46a8:	f0 0d       	add	r31, r0
    46aa:	b1 1d       	adc	r27, r1
    46ac:	63 9f       	mul	r22, r19
    46ae:	aa 27       	eor	r26, r26
    46b0:	f0 0d       	add	r31, r0
    46b2:	b1 1d       	adc	r27, r1
    46b4:	aa 1f       	adc	r26, r26
    46b6:	64 9f       	mul	r22, r20
    46b8:	66 27       	eor	r22, r22
    46ba:	b0 0d       	add	r27, r0
    46bc:	a1 1d       	adc	r26, r1
    46be:	66 1f       	adc	r22, r22
    46c0:	82 9f       	mul	r24, r18
    46c2:	22 27       	eor	r18, r18
    46c4:	b0 0d       	add	r27, r0
    46c6:	a1 1d       	adc	r26, r1
    46c8:	62 1f       	adc	r22, r18
    46ca:	73 9f       	mul	r23, r19
    46cc:	b0 0d       	add	r27, r0
    46ce:	a1 1d       	adc	r26, r1
    46d0:	62 1f       	adc	r22, r18
    46d2:	83 9f       	mul	r24, r19
    46d4:	a0 0d       	add	r26, r0
    46d6:	61 1d       	adc	r22, r1
    46d8:	22 1f       	adc	r18, r18
    46da:	74 9f       	mul	r23, r20
    46dc:	33 27       	eor	r19, r19
    46de:	a0 0d       	add	r26, r0
    46e0:	61 1d       	adc	r22, r1
    46e2:	23 1f       	adc	r18, r19
    46e4:	84 9f       	mul	r24, r20
    46e6:	60 0d       	add	r22, r0
    46e8:	21 1d       	adc	r18, r1
    46ea:	82 2f       	mov	r24, r18
    46ec:	76 2f       	mov	r23, r22
    46ee:	6a 2f       	mov	r22, r26
    46f0:	11 24       	eor	r1, r1
    46f2:	9f 57       	subi	r25, 0x7F	; 127
    46f4:	50 40       	sbci	r21, 0x00	; 0
    46f6:	9a f0       	brmi	.+38     	; 0x471e <__mulsf3_pse+0x88>
    46f8:	f1 f0       	breq	.+60     	; 0x4736 <__mulsf3_pse+0xa0>
    46fa:	88 23       	and	r24, r24
    46fc:	4a f0       	brmi	.+18     	; 0x4710 <__mulsf3_pse+0x7a>
    46fe:	ee 0f       	add	r30, r30
    4700:	ff 1f       	adc	r31, r31
    4702:	bb 1f       	adc	r27, r27
    4704:	66 1f       	adc	r22, r22
    4706:	77 1f       	adc	r23, r23
    4708:	88 1f       	adc	r24, r24
    470a:	91 50       	subi	r25, 0x01	; 1
    470c:	50 40       	sbci	r21, 0x00	; 0
    470e:	a9 f7       	brne	.-22     	; 0x46fa <__mulsf3_pse+0x64>
    4710:	9e 3f       	cpi	r25, 0xFE	; 254
    4712:	51 05       	cpc	r21, r1
    4714:	80 f0       	brcs	.+32     	; 0x4736 <__mulsf3_pse+0xa0>
    4716:	0c 94 df 22 	jmp	0x45be	; 0x45be <__fp_inf>
    471a:	0c 94 2a 23 	jmp	0x4654	; 0x4654 <__fp_szero>
    471e:	5f 3f       	cpi	r21, 0xFF	; 255
    4720:	e4 f3       	brlt	.-8      	; 0x471a <__mulsf3_pse+0x84>
    4722:	98 3e       	cpi	r25, 0xE8	; 232
    4724:	d4 f3       	brlt	.-12     	; 0x471a <__mulsf3_pse+0x84>
    4726:	86 95       	lsr	r24
    4728:	77 95       	ror	r23
    472a:	67 95       	ror	r22
    472c:	b7 95       	ror	r27
    472e:	f7 95       	ror	r31
    4730:	e7 95       	ror	r30
    4732:	9f 5f       	subi	r25, 0xFF	; 255
    4734:	c1 f7       	brne	.-16     	; 0x4726 <__mulsf3_pse+0x90>
    4736:	fe 2b       	or	r31, r30
    4738:	88 0f       	add	r24, r24
    473a:	91 1d       	adc	r25, r1
    473c:	96 95       	lsr	r25
    473e:	87 95       	ror	r24
    4740:	97 f9       	bld	r25, 7
    4742:	08 95       	ret

00004744 <pow>:
    4744:	fa 01       	movw	r30, r20
    4746:	ee 0f       	add	r30, r30
    4748:	ff 1f       	adc	r31, r31
    474a:	30 96       	adiw	r30, 0x00	; 0
    474c:	21 05       	cpc	r18, r1
    474e:	31 05       	cpc	r19, r1
    4750:	a1 f1       	breq	.+104    	; 0x47ba <pow+0x76>
    4752:	61 15       	cp	r22, r1
    4754:	71 05       	cpc	r23, r1
    4756:	61 f4       	brne	.+24     	; 0x4770 <pow+0x2c>
    4758:	80 38       	cpi	r24, 0x80	; 128
    475a:	bf e3       	ldi	r27, 0x3F	; 63
    475c:	9b 07       	cpc	r25, r27
    475e:	49 f1       	breq	.+82     	; 0x47b2 <pow+0x6e>
    4760:	68 94       	set
    4762:	90 38       	cpi	r25, 0x80	; 128
    4764:	81 05       	cpc	r24, r1
    4766:	61 f0       	breq	.+24     	; 0x4780 <pow+0x3c>
    4768:	80 38       	cpi	r24, 0x80	; 128
    476a:	bf ef       	ldi	r27, 0xFF	; 255
    476c:	9b 07       	cpc	r25, r27
    476e:	41 f0       	breq	.+16     	; 0x4780 <pow+0x3c>
    4770:	99 23       	and	r25, r25
    4772:	4a f5       	brpl	.+82     	; 0x47c6 <pow+0x82>
    4774:	ff 3f       	cpi	r31, 0xFF	; 255
    4776:	e1 05       	cpc	r30, r1
    4778:	31 05       	cpc	r19, r1
    477a:	21 05       	cpc	r18, r1
    477c:	19 f1       	breq	.+70     	; 0x47c4 <pow+0x80>
    477e:	e8 94       	clt
    4780:	08 94       	sec
    4782:	e7 95       	ror	r30
    4784:	d9 01       	movw	r26, r18
    4786:	aa 23       	and	r26, r26
    4788:	29 f4       	brne	.+10     	; 0x4794 <pow+0x50>
    478a:	ab 2f       	mov	r26, r27
    478c:	be 2f       	mov	r27, r30
    478e:	f8 5f       	subi	r31, 0xF8	; 248
    4790:	d0 f3       	brcs	.-12     	; 0x4786 <pow+0x42>
    4792:	10 c0       	rjmp	.+32     	; 0x47b4 <pow+0x70>
    4794:	ff 5f       	subi	r31, 0xFF	; 255
    4796:	70 f4       	brcc	.+28     	; 0x47b4 <pow+0x70>
    4798:	a6 95       	lsr	r26
    479a:	e0 f7       	brcc	.-8      	; 0x4794 <pow+0x50>
    479c:	f7 39       	cpi	r31, 0x97	; 151
    479e:	50 f0       	brcs	.+20     	; 0x47b4 <pow+0x70>
    47a0:	19 f0       	breq	.+6      	; 0x47a8 <pow+0x64>
    47a2:	ff 3a       	cpi	r31, 0xAF	; 175
    47a4:	38 f4       	brcc	.+14     	; 0x47b4 <pow+0x70>
    47a6:	9f 77       	andi	r25, 0x7F	; 127
    47a8:	9f 93       	push	r25
    47aa:	0d d0       	rcall	.+26     	; 0x47c6 <pow+0x82>
    47ac:	0f 90       	pop	r0
    47ae:	07 fc       	sbrc	r0, 7
    47b0:	90 58       	subi	r25, 0x80	; 128
    47b2:	08 95       	ret
    47b4:	46 f0       	brts	.+16     	; 0x47c6 <pow+0x82>
    47b6:	0c 94 e5 22 	jmp	0x45ca	; 0x45ca <__fp_nan>
    47ba:	60 e0       	ldi	r22, 0x00	; 0
    47bc:	70 e0       	ldi	r23, 0x00	; 0
    47be:	80 e8       	ldi	r24, 0x80	; 128
    47c0:	9f e3       	ldi	r25, 0x3F	; 63
    47c2:	08 95       	ret
    47c4:	4f e7       	ldi	r20, 0x7F	; 127
    47c6:	9f 77       	andi	r25, 0x7F	; 127
    47c8:	5f 93       	push	r21
    47ca:	4f 93       	push	r20
    47cc:	3f 93       	push	r19
    47ce:	2f 93       	push	r18
    47d0:	0e 94 9d 24 	call	0x493a	; 0x493a <log>
    47d4:	2f 91       	pop	r18
    47d6:	3f 91       	pop	r19
    47d8:	4f 91       	pop	r20
    47da:	5f 91       	pop	r21
    47dc:	0e 94 35 23 	call	0x466a	; 0x466a <__mulsf3>
    47e0:	0c 94 fa 23 	jmp	0x47f4	; 0x47f4 <exp>
    47e4:	29 f4       	brne	.+10     	; 0x47f0 <pow+0xac>
    47e6:	16 f0       	brts	.+4      	; 0x47ec <pow+0xa8>
    47e8:	0c 94 df 22 	jmp	0x45be	; 0x45be <__fp_inf>
    47ec:	0c 94 29 23 	jmp	0x4652	; 0x4652 <__fp_zero>
    47f0:	0c 94 e5 22 	jmp	0x45ca	; 0x45ca <__fp_nan>

000047f4 <exp>:
    47f4:	0e 94 0f 23 	call	0x461e	; 0x461e <__fp_splitA>
    47f8:	a8 f3       	brcs	.-22     	; 0x47e4 <pow+0xa0>
    47fa:	96 38       	cpi	r25, 0x86	; 134
    47fc:	a0 f7       	brcc	.-24     	; 0x47e6 <pow+0xa2>
    47fe:	07 f8       	bld	r0, 7
    4800:	0f 92       	push	r0
    4802:	e8 94       	clt
    4804:	2b e3       	ldi	r18, 0x3B	; 59
    4806:	3a ea       	ldi	r19, 0xAA	; 170
    4808:	48 eb       	ldi	r20, 0xB8	; 184
    480a:	5f e7       	ldi	r21, 0x7F	; 127
    480c:	0e 94 4b 23 	call	0x4696	; 0x4696 <__mulsf3_pse>
    4810:	0f 92       	push	r0
    4812:	0f 92       	push	r0
    4814:	0f 92       	push	r0
    4816:	4d b7       	in	r20, 0x3d	; 61
    4818:	5e b7       	in	r21, 0x3e	; 62
    481a:	0f 92       	push	r0
    481c:	0e 94 e5 24 	call	0x49ca	; 0x49ca <modf>
    4820:	ec ef       	ldi	r30, 0xFC	; 252
    4822:	f1 e0       	ldi	r31, 0x01	; 1
    4824:	0e 94 2c 24 	call	0x4858	; 0x4858 <__fp_powser>
    4828:	4f 91       	pop	r20
    482a:	5f 91       	pop	r21
    482c:	ef 91       	pop	r30
    482e:	ff 91       	pop	r31
    4830:	e5 95       	asr	r30
    4832:	ee 1f       	adc	r30, r30
    4834:	ff 1f       	adc	r31, r31
    4836:	49 f0       	breq	.+18     	; 0x484a <exp+0x56>
    4838:	fe 57       	subi	r31, 0x7E	; 126
    483a:	e0 68       	ori	r30, 0x80	; 128
    483c:	44 27       	eor	r20, r20
    483e:	ee 0f       	add	r30, r30
    4840:	44 1f       	adc	r20, r20
    4842:	fa 95       	dec	r31
    4844:	e1 f7       	brne	.-8      	; 0x483e <exp+0x4a>
    4846:	41 95       	neg	r20
    4848:	55 0b       	sbc	r21, r21
    484a:	0e 94 5f 24 	call	0x48be	; 0x48be <ldexp>
    484e:	0f 90       	pop	r0
    4850:	07 fe       	sbrs	r0, 7
    4852:	0c 94 53 24 	jmp	0x48a6	; 0x48a6 <inverse>
    4856:	08 95       	ret

00004858 <__fp_powser>:
    4858:	df 93       	push	r29
    485a:	cf 93       	push	r28
    485c:	1f 93       	push	r17
    485e:	0f 93       	push	r16
    4860:	ff 92       	push	r15
    4862:	ef 92       	push	r14
    4864:	df 92       	push	r13
    4866:	7b 01       	movw	r14, r22
    4868:	8c 01       	movw	r16, r24
    486a:	68 94       	set
    486c:	06 c0       	rjmp	.+12     	; 0x487a <__fp_powser+0x22>
    486e:	da 2e       	mov	r13, r26
    4870:	ef 01       	movw	r28, r30
    4872:	0e 94 48 23 	call	0x4690	; 0x4690 <__mulsf3x>
    4876:	fe 01       	movw	r30, r28
    4878:	e8 94       	clt
    487a:	a5 91       	lpm	r26, Z+
    487c:	25 91       	lpm	r18, Z+
    487e:	35 91       	lpm	r19, Z+
    4880:	45 91       	lpm	r20, Z+
    4882:	55 91       	lpm	r21, Z+
    4884:	a6 f3       	brts	.-24     	; 0x486e <__fp_powser+0x16>
    4886:	ef 01       	movw	r28, r30
    4888:	0e 94 83 21 	call	0x4306	; 0x4306 <__addsf3x>
    488c:	fe 01       	movw	r30, r28
    488e:	97 01       	movw	r18, r14
    4890:	a8 01       	movw	r20, r16
    4892:	da 94       	dec	r13
    4894:	69 f7       	brne	.-38     	; 0x4870 <__fp_powser+0x18>
    4896:	df 90       	pop	r13
    4898:	ef 90       	pop	r14
    489a:	ff 90       	pop	r15
    489c:	0f 91       	pop	r16
    489e:	1f 91       	pop	r17
    48a0:	cf 91       	pop	r28
    48a2:	df 91       	pop	r29
    48a4:	08 95       	ret

000048a6 <inverse>:
    48a6:	9b 01       	movw	r18, r22
    48a8:	ac 01       	movw	r20, r24
    48aa:	60 e0       	ldi	r22, 0x00	; 0
    48ac:	70 e0       	ldi	r23, 0x00	; 0
    48ae:	80 e8       	ldi	r24, 0x80	; 128
    48b0:	9f e3       	ldi	r25, 0x3F	; 63
    48b2:	0c 94 dd 21 	jmp	0x43ba	; 0x43ba <__divsf3>
    48b6:	0c 94 df 22 	jmp	0x45be	; 0x45be <__fp_inf>
    48ba:	0c 94 19 25 	jmp	0x4a32	; 0x4a32 <__fp_mpack>

000048be <ldexp>:
    48be:	0e 94 0f 23 	call	0x461e	; 0x461e <__fp_splitA>
    48c2:	d8 f3       	brcs	.-10     	; 0x48ba <inverse+0x14>
    48c4:	99 23       	and	r25, r25
    48c6:	c9 f3       	breq	.-14     	; 0x48ba <inverse+0x14>
    48c8:	94 0f       	add	r25, r20
    48ca:	51 1d       	adc	r21, r1
    48cc:	a3 f3       	brvs	.-24     	; 0x48b6 <inverse+0x10>
    48ce:	91 50       	subi	r25, 0x01	; 1
    48d0:	50 40       	sbci	r21, 0x00	; 0
    48d2:	94 f0       	brlt	.+36     	; 0x48f8 <ldexp+0x3a>
    48d4:	59 f0       	breq	.+22     	; 0x48ec <ldexp+0x2e>
    48d6:	88 23       	and	r24, r24
    48d8:	32 f0       	brmi	.+12     	; 0x48e6 <ldexp+0x28>
    48da:	66 0f       	add	r22, r22
    48dc:	77 1f       	adc	r23, r23
    48de:	88 1f       	adc	r24, r24
    48e0:	91 50       	subi	r25, 0x01	; 1
    48e2:	50 40       	sbci	r21, 0x00	; 0
    48e4:	c1 f7       	brne	.-16     	; 0x48d6 <ldexp+0x18>
    48e6:	9e 3f       	cpi	r25, 0xFE	; 254
    48e8:	51 05       	cpc	r21, r1
    48ea:	2c f7       	brge	.-54     	; 0x48b6 <inverse+0x10>
    48ec:	88 0f       	add	r24, r24
    48ee:	91 1d       	adc	r25, r1
    48f0:	96 95       	lsr	r25
    48f2:	87 95       	ror	r24
    48f4:	97 f9       	bld	r25, 7
    48f6:	08 95       	ret
    48f8:	5f 3f       	cpi	r21, 0xFF	; 255
    48fa:	ac f0       	brlt	.+42     	; 0x4926 <ldexp+0x68>
    48fc:	98 3e       	cpi	r25, 0xE8	; 232
    48fe:	9c f0       	brlt	.+38     	; 0x4926 <ldexp+0x68>
    4900:	bb 27       	eor	r27, r27
    4902:	86 95       	lsr	r24
    4904:	77 95       	ror	r23
    4906:	67 95       	ror	r22
    4908:	b7 95       	ror	r27
    490a:	08 f4       	brcc	.+2      	; 0x490e <ldexp+0x50>
    490c:	b1 60       	ori	r27, 0x01	; 1
    490e:	93 95       	inc	r25
    4910:	c1 f7       	brne	.-16     	; 0x4902 <ldexp+0x44>
    4912:	bb 0f       	add	r27, r27
    4914:	58 f7       	brcc	.-42     	; 0x48ec <ldexp+0x2e>
    4916:	11 f4       	brne	.+4      	; 0x491c <ldexp+0x5e>
    4918:	60 ff       	sbrs	r22, 0
    491a:	e8 cf       	rjmp	.-48     	; 0x48ec <ldexp+0x2e>
    491c:	6f 5f       	subi	r22, 0xFF	; 255
    491e:	7f 4f       	sbci	r23, 0xFF	; 255
    4920:	8f 4f       	sbci	r24, 0xFF	; 255
    4922:	9f 4f       	sbci	r25, 0xFF	; 255
    4924:	e3 cf       	rjmp	.-58     	; 0x48ec <ldexp+0x2e>
    4926:	0c 94 2a 23 	jmp	0x4654	; 0x4654 <__fp_szero>
    492a:	16 f0       	brts	.+4      	; 0x4930 <ldexp+0x72>
    492c:	0c 94 19 25 	jmp	0x4a32	; 0x4a32 <__fp_mpack>
    4930:	0c 94 e5 22 	jmp	0x45ca	; 0x45ca <__fp_nan>
    4934:	68 94       	set
    4936:	0c 94 df 22 	jmp	0x45be	; 0x45be <__fp_inf>

0000493a <log>:
    493a:	0e 94 0f 23 	call	0x461e	; 0x461e <__fp_splitA>
    493e:	a8 f3       	brcs	.-22     	; 0x492a <ldexp+0x6c>
    4940:	99 23       	and	r25, r25
    4942:	c1 f3       	breq	.-16     	; 0x4934 <ldexp+0x76>
    4944:	ae f3       	brts	.-22     	; 0x4930 <ldexp+0x72>
    4946:	df 93       	push	r29
    4948:	cf 93       	push	r28
    494a:	1f 93       	push	r17
    494c:	0f 93       	push	r16
    494e:	ff 92       	push	r15
    4950:	c9 2f       	mov	r28, r25
    4952:	dd 27       	eor	r29, r29
    4954:	88 23       	and	r24, r24
    4956:	2a f0       	brmi	.+10     	; 0x4962 <log+0x28>
    4958:	21 97       	sbiw	r28, 0x01	; 1
    495a:	66 0f       	add	r22, r22
    495c:	77 1f       	adc	r23, r23
    495e:	88 1f       	adc	r24, r24
    4960:	da f7       	brpl	.-10     	; 0x4958 <log+0x1e>
    4962:	20 e0       	ldi	r18, 0x00	; 0
    4964:	30 e0       	ldi	r19, 0x00	; 0
    4966:	40 e8       	ldi	r20, 0x80	; 128
    4968:	5f eb       	ldi	r21, 0xBF	; 191
    496a:	9f e3       	ldi	r25, 0x3F	; 63
    496c:	88 39       	cpi	r24, 0x98	; 152
    496e:	20 f0       	brcs	.+8      	; 0x4978 <log+0x3e>
    4970:	80 3e       	cpi	r24, 0xE0	; 224
    4972:	38 f0       	brcs	.+14     	; 0x4982 <log+0x48>
    4974:	21 96       	adiw	r28, 0x01	; 1
    4976:	8f 77       	andi	r24, 0x7F	; 127
    4978:	0e 94 6c 21 	call	0x42d8	; 0x42d8 <__addsf3>
    497c:	e4 e2       	ldi	r30, 0x24	; 36
    497e:	f2 e0       	ldi	r31, 0x02	; 2
    4980:	04 c0       	rjmp	.+8      	; 0x498a <log+0x50>
    4982:	0e 94 6c 21 	call	0x42d8	; 0x42d8 <__addsf3>
    4986:	e1 e5       	ldi	r30, 0x51	; 81
    4988:	f2 e0       	ldi	r31, 0x02	; 2
    498a:	0e 94 2c 24 	call	0x4858	; 0x4858 <__fp_powser>
    498e:	8b 01       	movw	r16, r22
    4990:	be 01       	movw	r22, r28
    4992:	ec 01       	movw	r28, r24
    4994:	fb 2e       	mov	r15, r27
    4996:	6f 57       	subi	r22, 0x7F	; 127
    4998:	71 09       	sbc	r23, r1
    499a:	75 95       	asr	r23
    499c:	77 1f       	adc	r23, r23
    499e:	88 0b       	sbc	r24, r24
    49a0:	99 0b       	sbc	r25, r25
    49a2:	0e 94 80 22 	call	0x4500	; 0x4500 <__floatsisf>
    49a6:	28 e1       	ldi	r18, 0x18	; 24
    49a8:	32 e7       	ldi	r19, 0x72	; 114
    49aa:	41 e3       	ldi	r20, 0x31	; 49
    49ac:	5f e3       	ldi	r21, 0x3F	; 63
    49ae:	0e 94 48 23 	call	0x4690	; 0x4690 <__mulsf3x>
    49b2:	af 2d       	mov	r26, r15
    49b4:	98 01       	movw	r18, r16
    49b6:	ae 01       	movw	r20, r28
    49b8:	ff 90       	pop	r15
    49ba:	0f 91       	pop	r16
    49bc:	1f 91       	pop	r17
    49be:	cf 91       	pop	r28
    49c0:	df 91       	pop	r29
    49c2:	0e 94 83 21 	call	0x4306	; 0x4306 <__addsf3x>
    49c6:	0c 94 f6 22 	jmp	0x45ec	; 0x45ec <__fp_round>

000049ca <modf>:
    49ca:	fa 01       	movw	r30, r20
    49cc:	dc 01       	movw	r26, r24
    49ce:	aa 0f       	add	r26, r26
    49d0:	bb 1f       	adc	r27, r27
    49d2:	9b 01       	movw	r18, r22
    49d4:	ac 01       	movw	r20, r24
    49d6:	bf 57       	subi	r27, 0x7F	; 127
    49d8:	28 f4       	brcc	.+10     	; 0x49e4 <modf+0x1a>
    49da:	22 27       	eor	r18, r18
    49dc:	33 27       	eor	r19, r19
    49de:	44 27       	eor	r20, r20
    49e0:	50 78       	andi	r21, 0x80	; 128
    49e2:	20 c0       	rjmp	.+64     	; 0x4a24 <modf+0x5a>
    49e4:	b7 51       	subi	r27, 0x17	; 23
    49e6:	90 f4       	brcc	.+36     	; 0x4a0c <modf+0x42>
    49e8:	ab 2f       	mov	r26, r27
    49ea:	00 24       	eor	r0, r0
    49ec:	46 95       	lsr	r20
    49ee:	37 95       	ror	r19
    49f0:	27 95       	ror	r18
    49f2:	01 1c       	adc	r0, r1
    49f4:	a3 95       	inc	r26
    49f6:	d2 f3       	brmi	.-12     	; 0x49ec <modf+0x22>
    49f8:	00 20       	and	r0, r0
    49fa:	71 f0       	breq	.+28     	; 0x4a18 <modf+0x4e>
    49fc:	22 0f       	add	r18, r18
    49fe:	33 1f       	adc	r19, r19
    4a00:	44 1f       	adc	r20, r20
    4a02:	b3 95       	inc	r27
    4a04:	da f3       	brmi	.-10     	; 0x49fc <modf+0x32>
    4a06:	0e d0       	rcall	.+28     	; 0x4a24 <modf+0x5a>
    4a08:	0c 94 6b 21 	jmp	0x42d6	; 0x42d6 <__subsf3>
    4a0c:	61 30       	cpi	r22, 0x01	; 1
    4a0e:	71 05       	cpc	r23, r1
    4a10:	a0 e8       	ldi	r26, 0x80	; 128
    4a12:	8a 07       	cpc	r24, r26
    4a14:	b9 46       	sbci	r27, 0x69	; 105
    4a16:	30 f4       	brcc	.+12     	; 0x4a24 <modf+0x5a>
    4a18:	9b 01       	movw	r18, r22
    4a1a:	ac 01       	movw	r20, r24
    4a1c:	66 27       	eor	r22, r22
    4a1e:	77 27       	eor	r23, r23
    4a20:	88 27       	eor	r24, r24
    4a22:	90 78       	andi	r25, 0x80	; 128
    4a24:	30 96       	adiw	r30, 0x00	; 0
    4a26:	21 f0       	breq	.+8      	; 0x4a30 <modf+0x66>
    4a28:	20 83       	st	Z, r18
    4a2a:	31 83       	std	Z+1, r19	; 0x01
    4a2c:	42 83       	std	Z+2, r20	; 0x02
    4a2e:	53 83       	std	Z+3, r21	; 0x03
    4a30:	08 95       	ret

00004a32 <__fp_mpack>:
    4a32:	9f 3f       	cpi	r25, 0xFF	; 255
    4a34:	31 f0       	breq	.+12     	; 0x4a42 <__fp_mpack_finite+0xc>

00004a36 <__fp_mpack_finite>:
    4a36:	91 50       	subi	r25, 0x01	; 1
    4a38:	20 f4       	brcc	.+8      	; 0x4a42 <__fp_mpack_finite+0xc>
    4a3a:	87 95       	ror	r24
    4a3c:	77 95       	ror	r23
    4a3e:	67 95       	ror	r22
    4a40:	b7 95       	ror	r27
    4a42:	88 0f       	add	r24, r24
    4a44:	91 1d       	adc	r25, r1
    4a46:	96 95       	lsr	r25
    4a48:	87 95       	ror	r24
    4a4a:	97 f9       	bld	r25, 7
    4a4c:	08 95       	ret

00004a4e <vfprintf>:
    4a4e:	2f 92       	push	r2
    4a50:	3f 92       	push	r3
    4a52:	4f 92       	push	r4
    4a54:	5f 92       	push	r5
    4a56:	6f 92       	push	r6
    4a58:	7f 92       	push	r7
    4a5a:	8f 92       	push	r8
    4a5c:	9f 92       	push	r9
    4a5e:	af 92       	push	r10
    4a60:	bf 92       	push	r11
    4a62:	cf 92       	push	r12
    4a64:	df 92       	push	r13
    4a66:	ef 92       	push	r14
    4a68:	ff 92       	push	r15
    4a6a:	0f 93       	push	r16
    4a6c:	1f 93       	push	r17
    4a6e:	cf 93       	push	r28
    4a70:	df 93       	push	r29
    4a72:	cd b7       	in	r28, 0x3d	; 61
    4a74:	de b7       	in	r29, 0x3e	; 62
    4a76:	60 97       	sbiw	r28, 0x10	; 16
    4a78:	cd bf       	out	0x3d, r28	; 61
    4a7a:	de bf       	out	0x3e, r29	; 62
    4a7c:	7c 01       	movw	r14, r24
    4a7e:	1b 01       	movw	r2, r22
    4a80:	6a 01       	movw	r12, r20
    4a82:	fc 01       	movw	r30, r24
    4a84:	16 82       	std	Z+6, r1	; 0x06
    4a86:	17 82       	std	Z+7, r1	; 0x07
    4a88:	83 81       	ldd	r24, Z+3	; 0x03
    4a8a:	81 ff       	sbrs	r24, 1
    4a8c:	44 c3       	rjmp	.+1672   	; 0x5116 <vfprintf+0x6c8>
    4a8e:	9e 01       	movw	r18, r28
    4a90:	2f 5f       	subi	r18, 0xFF	; 255
    4a92:	3f 4f       	sbci	r19, 0xFF	; 255
    4a94:	39 01       	movw	r6, r18
    4a96:	f7 01       	movw	r30, r14
    4a98:	93 81       	ldd	r25, Z+3	; 0x03
    4a9a:	f1 01       	movw	r30, r2
    4a9c:	93 fd       	sbrc	r25, 3
    4a9e:	85 91       	lpm	r24, Z+
    4aa0:	93 ff       	sbrs	r25, 3
    4aa2:	81 91       	ld	r24, Z+
    4aa4:	1f 01       	movw	r2, r30
    4aa6:	88 23       	and	r24, r24
    4aa8:	09 f4       	brne	.+2      	; 0x4aac <vfprintf+0x5e>
    4aaa:	31 c3       	rjmp	.+1634   	; 0x510e <vfprintf+0x6c0>
    4aac:	85 32       	cpi	r24, 0x25	; 37
    4aae:	39 f4       	brne	.+14     	; 0x4abe <vfprintf+0x70>
    4ab0:	93 fd       	sbrc	r25, 3
    4ab2:	85 91       	lpm	r24, Z+
    4ab4:	93 ff       	sbrs	r25, 3
    4ab6:	81 91       	ld	r24, Z+
    4ab8:	1f 01       	movw	r2, r30
    4aba:	85 32       	cpi	r24, 0x25	; 37
    4abc:	39 f4       	brne	.+14     	; 0x4acc <vfprintf+0x7e>
    4abe:	b7 01       	movw	r22, r14
    4ac0:	90 e0       	ldi	r25, 0x00	; 0
    4ac2:	0e 94 60 2d 	call	0x5ac0	; 0x5ac0 <fputc>
    4ac6:	56 01       	movw	r10, r12
    4ac8:	65 01       	movw	r12, r10
    4aca:	e5 cf       	rjmp	.-54     	; 0x4a96 <vfprintf+0x48>
    4acc:	10 e0       	ldi	r17, 0x00	; 0
    4ace:	51 2c       	mov	r5, r1
    4ad0:	91 2c       	mov	r9, r1
    4ad2:	ff e1       	ldi	r31, 0x1F	; 31
    4ad4:	f9 15       	cp	r31, r9
    4ad6:	d8 f0       	brcs	.+54     	; 0x4b0e <vfprintf+0xc0>
    4ad8:	8b 32       	cpi	r24, 0x2B	; 43
    4ada:	79 f0       	breq	.+30     	; 0x4afa <vfprintf+0xac>
    4adc:	38 f4       	brcc	.+14     	; 0x4aec <vfprintf+0x9e>
    4ade:	80 32       	cpi	r24, 0x20	; 32
    4ae0:	79 f0       	breq	.+30     	; 0x4b00 <vfprintf+0xb2>
    4ae2:	83 32       	cpi	r24, 0x23	; 35
    4ae4:	a1 f4       	brne	.+40     	; 0x4b0e <vfprintf+0xc0>
    4ae6:	f9 2d       	mov	r31, r9
    4ae8:	f0 61       	ori	r31, 0x10	; 16
    4aea:	2e c0       	rjmp	.+92     	; 0x4b48 <vfprintf+0xfa>
    4aec:	8d 32       	cpi	r24, 0x2D	; 45
    4aee:	61 f0       	breq	.+24     	; 0x4b08 <vfprintf+0xba>
    4af0:	80 33       	cpi	r24, 0x30	; 48
    4af2:	69 f4       	brne	.+26     	; 0x4b0e <vfprintf+0xc0>
    4af4:	29 2d       	mov	r18, r9
    4af6:	21 60       	ori	r18, 0x01	; 1
    4af8:	2d c0       	rjmp	.+90     	; 0x4b54 <vfprintf+0x106>
    4afa:	39 2d       	mov	r19, r9
    4afc:	32 60       	ori	r19, 0x02	; 2
    4afe:	93 2e       	mov	r9, r19
    4b00:	89 2d       	mov	r24, r9
    4b02:	84 60       	ori	r24, 0x04	; 4
    4b04:	98 2e       	mov	r9, r24
    4b06:	2a c0       	rjmp	.+84     	; 0x4b5c <vfprintf+0x10e>
    4b08:	e9 2d       	mov	r30, r9
    4b0a:	e8 60       	ori	r30, 0x08	; 8
    4b0c:	15 c0       	rjmp	.+42     	; 0x4b38 <vfprintf+0xea>
    4b0e:	97 fc       	sbrc	r9, 7
    4b10:	2d c0       	rjmp	.+90     	; 0x4b6c <vfprintf+0x11e>
    4b12:	20 ed       	ldi	r18, 0xD0	; 208
    4b14:	28 0f       	add	r18, r24
    4b16:	2a 30       	cpi	r18, 0x0A	; 10
    4b18:	88 f4       	brcc	.+34     	; 0x4b3c <vfprintf+0xee>
    4b1a:	96 fe       	sbrs	r9, 6
    4b1c:	06 c0       	rjmp	.+12     	; 0x4b2a <vfprintf+0xdc>
    4b1e:	3a e0       	ldi	r19, 0x0A	; 10
    4b20:	13 9f       	mul	r17, r19
    4b22:	20 0d       	add	r18, r0
    4b24:	11 24       	eor	r1, r1
    4b26:	12 2f       	mov	r17, r18
    4b28:	19 c0       	rjmp	.+50     	; 0x4b5c <vfprintf+0x10e>
    4b2a:	8a e0       	ldi	r24, 0x0A	; 10
    4b2c:	58 9e       	mul	r5, r24
    4b2e:	20 0d       	add	r18, r0
    4b30:	11 24       	eor	r1, r1
    4b32:	52 2e       	mov	r5, r18
    4b34:	e9 2d       	mov	r30, r9
    4b36:	e0 62       	ori	r30, 0x20	; 32
    4b38:	9e 2e       	mov	r9, r30
    4b3a:	10 c0       	rjmp	.+32     	; 0x4b5c <vfprintf+0x10e>
    4b3c:	8e 32       	cpi	r24, 0x2E	; 46
    4b3e:	31 f4       	brne	.+12     	; 0x4b4c <vfprintf+0xfe>
    4b40:	96 fc       	sbrc	r9, 6
    4b42:	e5 c2       	rjmp	.+1482   	; 0x510e <vfprintf+0x6c0>
    4b44:	f9 2d       	mov	r31, r9
    4b46:	f0 64       	ori	r31, 0x40	; 64
    4b48:	9f 2e       	mov	r9, r31
    4b4a:	08 c0       	rjmp	.+16     	; 0x4b5c <vfprintf+0x10e>
    4b4c:	8c 36       	cpi	r24, 0x6C	; 108
    4b4e:	21 f4       	brne	.+8      	; 0x4b58 <vfprintf+0x10a>
    4b50:	29 2d       	mov	r18, r9
    4b52:	20 68       	ori	r18, 0x80	; 128
    4b54:	92 2e       	mov	r9, r18
    4b56:	02 c0       	rjmp	.+4      	; 0x4b5c <vfprintf+0x10e>
    4b58:	88 36       	cpi	r24, 0x68	; 104
    4b5a:	41 f4       	brne	.+16     	; 0x4b6c <vfprintf+0x11e>
    4b5c:	f1 01       	movw	r30, r2
    4b5e:	93 fd       	sbrc	r25, 3
    4b60:	85 91       	lpm	r24, Z+
    4b62:	93 ff       	sbrs	r25, 3
    4b64:	81 91       	ld	r24, Z+
    4b66:	1f 01       	movw	r2, r30
    4b68:	81 11       	cpse	r24, r1
    4b6a:	b3 cf       	rjmp	.-154    	; 0x4ad2 <vfprintf+0x84>
    4b6c:	9b eb       	ldi	r25, 0xBB	; 187
    4b6e:	98 0f       	add	r25, r24
    4b70:	93 30       	cpi	r25, 0x03	; 3
    4b72:	20 f4       	brcc	.+8      	; 0x4b7c <vfprintf+0x12e>
    4b74:	99 2d       	mov	r25, r9
    4b76:	90 61       	ori	r25, 0x10	; 16
    4b78:	80 5e       	subi	r24, 0xE0	; 224
    4b7a:	07 c0       	rjmp	.+14     	; 0x4b8a <vfprintf+0x13c>
    4b7c:	9b e9       	ldi	r25, 0x9B	; 155
    4b7e:	98 0f       	add	r25, r24
    4b80:	93 30       	cpi	r25, 0x03	; 3
    4b82:	08 f0       	brcs	.+2      	; 0x4b86 <vfprintf+0x138>
    4b84:	66 c1       	rjmp	.+716    	; 0x4e52 <vfprintf+0x404>
    4b86:	99 2d       	mov	r25, r9
    4b88:	9f 7e       	andi	r25, 0xEF	; 239
    4b8a:	96 ff       	sbrs	r25, 6
    4b8c:	16 e0       	ldi	r17, 0x06	; 6
    4b8e:	9f 73       	andi	r25, 0x3F	; 63
    4b90:	99 2e       	mov	r9, r25
    4b92:	85 36       	cpi	r24, 0x65	; 101
    4b94:	19 f4       	brne	.+6      	; 0x4b9c <vfprintf+0x14e>
    4b96:	90 64       	ori	r25, 0x40	; 64
    4b98:	99 2e       	mov	r9, r25
    4b9a:	08 c0       	rjmp	.+16     	; 0x4bac <vfprintf+0x15e>
    4b9c:	86 36       	cpi	r24, 0x66	; 102
    4b9e:	21 f4       	brne	.+8      	; 0x4ba8 <vfprintf+0x15a>
    4ba0:	39 2f       	mov	r19, r25
    4ba2:	30 68       	ori	r19, 0x80	; 128
    4ba4:	93 2e       	mov	r9, r19
    4ba6:	02 c0       	rjmp	.+4      	; 0x4bac <vfprintf+0x15e>
    4ba8:	11 11       	cpse	r17, r1
    4baa:	11 50       	subi	r17, 0x01	; 1
    4bac:	97 fe       	sbrs	r9, 7
    4bae:	07 c0       	rjmp	.+14     	; 0x4bbe <vfprintf+0x170>
    4bb0:	1c 33       	cpi	r17, 0x3C	; 60
    4bb2:	50 f4       	brcc	.+20     	; 0x4bc8 <vfprintf+0x17a>
    4bb4:	44 24       	eor	r4, r4
    4bb6:	43 94       	inc	r4
    4bb8:	41 0e       	add	r4, r17
    4bba:	27 e0       	ldi	r18, 0x07	; 7
    4bbc:	0b c0       	rjmp	.+22     	; 0x4bd4 <vfprintf+0x186>
    4bbe:	18 30       	cpi	r17, 0x08	; 8
    4bc0:	38 f0       	brcs	.+14     	; 0x4bd0 <vfprintf+0x182>
    4bc2:	27 e0       	ldi	r18, 0x07	; 7
    4bc4:	17 e0       	ldi	r17, 0x07	; 7
    4bc6:	05 c0       	rjmp	.+10     	; 0x4bd2 <vfprintf+0x184>
    4bc8:	27 e0       	ldi	r18, 0x07	; 7
    4bca:	9c e3       	ldi	r25, 0x3C	; 60
    4bcc:	49 2e       	mov	r4, r25
    4bce:	02 c0       	rjmp	.+4      	; 0x4bd4 <vfprintf+0x186>
    4bd0:	21 2f       	mov	r18, r17
    4bd2:	41 2c       	mov	r4, r1
    4bd4:	56 01       	movw	r10, r12
    4bd6:	84 e0       	ldi	r24, 0x04	; 4
    4bd8:	a8 0e       	add	r10, r24
    4bda:	b1 1c       	adc	r11, r1
    4bdc:	f6 01       	movw	r30, r12
    4bde:	60 81       	ld	r22, Z
    4be0:	71 81       	ldd	r23, Z+1	; 0x01
    4be2:	82 81       	ldd	r24, Z+2	; 0x02
    4be4:	93 81       	ldd	r25, Z+3	; 0x03
    4be6:	04 2d       	mov	r16, r4
    4be8:	a3 01       	movw	r20, r6
    4bea:	0e 94 2d 2c 	call	0x585a	; 0x585a <__ftoa_engine>
    4bee:	6c 01       	movw	r12, r24
    4bf0:	f9 81       	ldd	r31, Y+1	; 0x01
    4bf2:	fc 87       	std	Y+12, r31	; 0x0c
    4bf4:	f0 ff       	sbrs	r31, 0
    4bf6:	02 c0       	rjmp	.+4      	; 0x4bfc <vfprintf+0x1ae>
    4bf8:	f3 ff       	sbrs	r31, 3
    4bfa:	06 c0       	rjmp	.+12     	; 0x4c08 <vfprintf+0x1ba>
    4bfc:	91 fc       	sbrc	r9, 1
    4bfe:	06 c0       	rjmp	.+12     	; 0x4c0c <vfprintf+0x1be>
    4c00:	92 fe       	sbrs	r9, 2
    4c02:	06 c0       	rjmp	.+12     	; 0x4c10 <vfprintf+0x1c2>
    4c04:	00 e2       	ldi	r16, 0x20	; 32
    4c06:	05 c0       	rjmp	.+10     	; 0x4c12 <vfprintf+0x1c4>
    4c08:	0d e2       	ldi	r16, 0x2D	; 45
    4c0a:	03 c0       	rjmp	.+6      	; 0x4c12 <vfprintf+0x1c4>
    4c0c:	0b e2       	ldi	r16, 0x2B	; 43
    4c0e:	01 c0       	rjmp	.+2      	; 0x4c12 <vfprintf+0x1c4>
    4c10:	00 e0       	ldi	r16, 0x00	; 0
    4c12:	8c 85       	ldd	r24, Y+12	; 0x0c
    4c14:	8c 70       	andi	r24, 0x0C	; 12
    4c16:	19 f0       	breq	.+6      	; 0x4c1e <vfprintf+0x1d0>
    4c18:	01 11       	cpse	r16, r1
    4c1a:	5a c2       	rjmp	.+1204   	; 0x50d0 <vfprintf+0x682>
    4c1c:	9b c2       	rjmp	.+1334   	; 0x5154 <vfprintf+0x706>
    4c1e:	97 fe       	sbrs	r9, 7
    4c20:	10 c0       	rjmp	.+32     	; 0x4c42 <vfprintf+0x1f4>
    4c22:	4c 0c       	add	r4, r12
    4c24:	fc 85       	ldd	r31, Y+12	; 0x0c
    4c26:	f4 ff       	sbrs	r31, 4
    4c28:	04 c0       	rjmp	.+8      	; 0x4c32 <vfprintf+0x1e4>
    4c2a:	8a 81       	ldd	r24, Y+2	; 0x02
    4c2c:	81 33       	cpi	r24, 0x31	; 49
    4c2e:	09 f4       	brne	.+2      	; 0x4c32 <vfprintf+0x1e4>
    4c30:	4a 94       	dec	r4
    4c32:	14 14       	cp	r1, r4
    4c34:	74 f5       	brge	.+92     	; 0x4c92 <vfprintf+0x244>
    4c36:	28 e0       	ldi	r18, 0x08	; 8
    4c38:	24 15       	cp	r18, r4
    4c3a:	78 f5       	brcc	.+94     	; 0x4c9a <vfprintf+0x24c>
    4c3c:	88 e0       	ldi	r24, 0x08	; 8
    4c3e:	48 2e       	mov	r4, r24
    4c40:	2c c0       	rjmp	.+88     	; 0x4c9a <vfprintf+0x24c>
    4c42:	96 fc       	sbrc	r9, 6
    4c44:	2a c0       	rjmp	.+84     	; 0x4c9a <vfprintf+0x24c>
    4c46:	81 2f       	mov	r24, r17
    4c48:	90 e0       	ldi	r25, 0x00	; 0
    4c4a:	8c 15       	cp	r24, r12
    4c4c:	9d 05       	cpc	r25, r13
    4c4e:	9c f0       	brlt	.+38     	; 0x4c76 <vfprintf+0x228>
    4c50:	3c ef       	ldi	r19, 0xFC	; 252
    4c52:	c3 16       	cp	r12, r19
    4c54:	3f ef       	ldi	r19, 0xFF	; 255
    4c56:	d3 06       	cpc	r13, r19
    4c58:	74 f0       	brlt	.+28     	; 0x4c76 <vfprintf+0x228>
    4c5a:	89 2d       	mov	r24, r9
    4c5c:	80 68       	ori	r24, 0x80	; 128
    4c5e:	98 2e       	mov	r9, r24
    4c60:	0a c0       	rjmp	.+20     	; 0x4c76 <vfprintf+0x228>
    4c62:	e2 e0       	ldi	r30, 0x02	; 2
    4c64:	f0 e0       	ldi	r31, 0x00	; 0
    4c66:	ec 0f       	add	r30, r28
    4c68:	fd 1f       	adc	r31, r29
    4c6a:	e1 0f       	add	r30, r17
    4c6c:	f1 1d       	adc	r31, r1
    4c6e:	80 81       	ld	r24, Z
    4c70:	80 33       	cpi	r24, 0x30	; 48
    4c72:	19 f4       	brne	.+6      	; 0x4c7a <vfprintf+0x22c>
    4c74:	11 50       	subi	r17, 0x01	; 1
    4c76:	11 11       	cpse	r17, r1
    4c78:	f4 cf       	rjmp	.-24     	; 0x4c62 <vfprintf+0x214>
    4c7a:	97 fe       	sbrs	r9, 7
    4c7c:	0e c0       	rjmp	.+28     	; 0x4c9a <vfprintf+0x24c>
    4c7e:	44 24       	eor	r4, r4
    4c80:	43 94       	inc	r4
    4c82:	41 0e       	add	r4, r17
    4c84:	81 2f       	mov	r24, r17
    4c86:	90 e0       	ldi	r25, 0x00	; 0
    4c88:	c8 16       	cp	r12, r24
    4c8a:	d9 06       	cpc	r13, r25
    4c8c:	2c f4       	brge	.+10     	; 0x4c98 <vfprintf+0x24a>
    4c8e:	1c 19       	sub	r17, r12
    4c90:	04 c0       	rjmp	.+8      	; 0x4c9a <vfprintf+0x24c>
    4c92:	44 24       	eor	r4, r4
    4c94:	43 94       	inc	r4
    4c96:	01 c0       	rjmp	.+2      	; 0x4c9a <vfprintf+0x24c>
    4c98:	10 e0       	ldi	r17, 0x00	; 0
    4c9a:	97 fe       	sbrs	r9, 7
    4c9c:	06 c0       	rjmp	.+12     	; 0x4caa <vfprintf+0x25c>
    4c9e:	1c 14       	cp	r1, r12
    4ca0:	1d 04       	cpc	r1, r13
    4ca2:	34 f4       	brge	.+12     	; 0x4cb0 <vfprintf+0x262>
    4ca4:	c6 01       	movw	r24, r12
    4ca6:	01 96       	adiw	r24, 0x01	; 1
    4ca8:	05 c0       	rjmp	.+10     	; 0x4cb4 <vfprintf+0x266>
    4caa:	85 e0       	ldi	r24, 0x05	; 5
    4cac:	90 e0       	ldi	r25, 0x00	; 0
    4cae:	02 c0       	rjmp	.+4      	; 0x4cb4 <vfprintf+0x266>
    4cb0:	81 e0       	ldi	r24, 0x01	; 1
    4cb2:	90 e0       	ldi	r25, 0x00	; 0
    4cb4:	01 11       	cpse	r16, r1
    4cb6:	01 96       	adiw	r24, 0x01	; 1
    4cb8:	11 23       	and	r17, r17
    4cba:	31 f0       	breq	.+12     	; 0x4cc8 <vfprintf+0x27a>
    4cbc:	21 2f       	mov	r18, r17
    4cbe:	30 e0       	ldi	r19, 0x00	; 0
    4cc0:	2f 5f       	subi	r18, 0xFF	; 255
    4cc2:	3f 4f       	sbci	r19, 0xFF	; 255
    4cc4:	82 0f       	add	r24, r18
    4cc6:	93 1f       	adc	r25, r19
    4cc8:	25 2d       	mov	r18, r5
    4cca:	30 e0       	ldi	r19, 0x00	; 0
    4ccc:	82 17       	cp	r24, r18
    4cce:	93 07       	cpc	r25, r19
    4cd0:	14 f4       	brge	.+4      	; 0x4cd6 <vfprintf+0x288>
    4cd2:	58 1a       	sub	r5, r24
    4cd4:	01 c0       	rjmp	.+2      	; 0x4cd8 <vfprintf+0x28a>
    4cd6:	51 2c       	mov	r5, r1
    4cd8:	89 2d       	mov	r24, r9
    4cda:	89 70       	andi	r24, 0x09	; 9
    4cdc:	49 f4       	brne	.+18     	; 0x4cf0 <vfprintf+0x2a2>
    4cde:	55 20       	and	r5, r5
    4ce0:	39 f0       	breq	.+14     	; 0x4cf0 <vfprintf+0x2a2>
    4ce2:	b7 01       	movw	r22, r14
    4ce4:	80 e2       	ldi	r24, 0x20	; 32
    4ce6:	90 e0       	ldi	r25, 0x00	; 0
    4ce8:	0e 94 60 2d 	call	0x5ac0	; 0x5ac0 <fputc>
    4cec:	5a 94       	dec	r5
    4cee:	f7 cf       	rjmp	.-18     	; 0x4cde <vfprintf+0x290>
    4cf0:	00 23       	and	r16, r16
    4cf2:	29 f0       	breq	.+10     	; 0x4cfe <vfprintf+0x2b0>
    4cf4:	b7 01       	movw	r22, r14
    4cf6:	80 2f       	mov	r24, r16
    4cf8:	90 e0       	ldi	r25, 0x00	; 0
    4cfa:	0e 94 60 2d 	call	0x5ac0	; 0x5ac0 <fputc>
    4cfe:	93 fc       	sbrc	r9, 3
    4d00:	09 c0       	rjmp	.+18     	; 0x4d14 <vfprintf+0x2c6>
    4d02:	55 20       	and	r5, r5
    4d04:	39 f0       	breq	.+14     	; 0x4d14 <vfprintf+0x2c6>
    4d06:	b7 01       	movw	r22, r14
    4d08:	80 e3       	ldi	r24, 0x30	; 48
    4d0a:	90 e0       	ldi	r25, 0x00	; 0
    4d0c:	0e 94 60 2d 	call	0x5ac0	; 0x5ac0 <fputc>
    4d10:	5a 94       	dec	r5
    4d12:	f7 cf       	rjmp	.-18     	; 0x4d02 <vfprintf+0x2b4>
    4d14:	97 fe       	sbrs	r9, 7
    4d16:	4c c0       	rjmp	.+152    	; 0x4db0 <vfprintf+0x362>
    4d18:	46 01       	movw	r8, r12
    4d1a:	d7 fe       	sbrs	r13, 7
    4d1c:	02 c0       	rjmp	.+4      	; 0x4d22 <vfprintf+0x2d4>
    4d1e:	81 2c       	mov	r8, r1
    4d20:	91 2c       	mov	r9, r1
    4d22:	c6 01       	movw	r24, r12
    4d24:	88 19       	sub	r24, r8
    4d26:	99 09       	sbc	r25, r9
    4d28:	f3 01       	movw	r30, r6
    4d2a:	e8 0f       	add	r30, r24
    4d2c:	f9 1f       	adc	r31, r25
    4d2e:	ed 87       	std	Y+13, r30	; 0x0d
    4d30:	fe 87       	std	Y+14, r31	; 0x0e
    4d32:	96 01       	movw	r18, r12
    4d34:	24 19       	sub	r18, r4
    4d36:	31 09       	sbc	r19, r1
    4d38:	2f 87       	std	Y+15, r18	; 0x0f
    4d3a:	38 8b       	std	Y+16, r19	; 0x10
    4d3c:	01 2f       	mov	r16, r17
    4d3e:	10 e0       	ldi	r17, 0x00	; 0
    4d40:	11 95       	neg	r17
    4d42:	01 95       	neg	r16
    4d44:	11 09       	sbc	r17, r1
    4d46:	3f ef       	ldi	r19, 0xFF	; 255
    4d48:	83 16       	cp	r8, r19
    4d4a:	93 06       	cpc	r9, r19
    4d4c:	29 f4       	brne	.+10     	; 0x4d58 <vfprintf+0x30a>
    4d4e:	b7 01       	movw	r22, r14
    4d50:	8e e2       	ldi	r24, 0x2E	; 46
    4d52:	90 e0       	ldi	r25, 0x00	; 0
    4d54:	0e 94 60 2d 	call	0x5ac0	; 0x5ac0 <fputc>
    4d58:	c8 14       	cp	r12, r8
    4d5a:	d9 04       	cpc	r13, r9
    4d5c:	4c f0       	brlt	.+18     	; 0x4d70 <vfprintf+0x322>
    4d5e:	8f 85       	ldd	r24, Y+15	; 0x0f
    4d60:	98 89       	ldd	r25, Y+16	; 0x10
    4d62:	88 15       	cp	r24, r8
    4d64:	99 05       	cpc	r25, r9
    4d66:	24 f4       	brge	.+8      	; 0x4d70 <vfprintf+0x322>
    4d68:	ed 85       	ldd	r30, Y+13	; 0x0d
    4d6a:	fe 85       	ldd	r31, Y+14	; 0x0e
    4d6c:	81 81       	ldd	r24, Z+1	; 0x01
    4d6e:	01 c0       	rjmp	.+2      	; 0x4d72 <vfprintf+0x324>
    4d70:	80 e3       	ldi	r24, 0x30	; 48
    4d72:	f1 e0       	ldi	r31, 0x01	; 1
    4d74:	8f 1a       	sub	r8, r31
    4d76:	91 08       	sbc	r9, r1
    4d78:	2d 85       	ldd	r18, Y+13	; 0x0d
    4d7a:	3e 85       	ldd	r19, Y+14	; 0x0e
    4d7c:	2f 5f       	subi	r18, 0xFF	; 255
    4d7e:	3f 4f       	sbci	r19, 0xFF	; 255
    4d80:	2d 87       	std	Y+13, r18	; 0x0d
    4d82:	3e 87       	std	Y+14, r19	; 0x0e
    4d84:	80 16       	cp	r8, r16
    4d86:	91 06       	cpc	r9, r17
    4d88:	2c f0       	brlt	.+10     	; 0x4d94 <vfprintf+0x346>
    4d8a:	b7 01       	movw	r22, r14
    4d8c:	90 e0       	ldi	r25, 0x00	; 0
    4d8e:	0e 94 60 2d 	call	0x5ac0	; 0x5ac0 <fputc>
    4d92:	d9 cf       	rjmp	.-78     	; 0x4d46 <vfprintf+0x2f8>
    4d94:	c8 14       	cp	r12, r8
    4d96:	d9 04       	cpc	r13, r9
    4d98:	41 f4       	brne	.+16     	; 0x4daa <vfprintf+0x35c>
    4d9a:	9a 81       	ldd	r25, Y+2	; 0x02
    4d9c:	96 33       	cpi	r25, 0x36	; 54
    4d9e:	20 f4       	brcc	.+8      	; 0x4da8 <vfprintf+0x35a>
    4da0:	95 33       	cpi	r25, 0x35	; 53
    4da2:	19 f4       	brne	.+6      	; 0x4daa <vfprintf+0x35c>
    4da4:	3c 85       	ldd	r19, Y+12	; 0x0c
    4da6:	34 ff       	sbrs	r19, 4
    4da8:	81 e3       	ldi	r24, 0x31	; 49
    4daa:	b7 01       	movw	r22, r14
    4dac:	90 e0       	ldi	r25, 0x00	; 0
    4dae:	4e c0       	rjmp	.+156    	; 0x4e4c <vfprintf+0x3fe>
    4db0:	8a 81       	ldd	r24, Y+2	; 0x02
    4db2:	81 33       	cpi	r24, 0x31	; 49
    4db4:	19 f0       	breq	.+6      	; 0x4dbc <vfprintf+0x36e>
    4db6:	9c 85       	ldd	r25, Y+12	; 0x0c
    4db8:	9f 7e       	andi	r25, 0xEF	; 239
    4dba:	9c 87       	std	Y+12, r25	; 0x0c
    4dbc:	b7 01       	movw	r22, r14
    4dbe:	90 e0       	ldi	r25, 0x00	; 0
    4dc0:	0e 94 60 2d 	call	0x5ac0	; 0x5ac0 <fputc>
    4dc4:	11 11       	cpse	r17, r1
    4dc6:	05 c0       	rjmp	.+10     	; 0x4dd2 <vfprintf+0x384>
    4dc8:	94 fc       	sbrc	r9, 4
    4dca:	18 c0       	rjmp	.+48     	; 0x4dfc <vfprintf+0x3ae>
    4dcc:	85 e6       	ldi	r24, 0x65	; 101
    4dce:	90 e0       	ldi	r25, 0x00	; 0
    4dd0:	17 c0       	rjmp	.+46     	; 0x4e00 <vfprintf+0x3b2>
    4dd2:	b7 01       	movw	r22, r14
    4dd4:	8e e2       	ldi	r24, 0x2E	; 46
    4dd6:	90 e0       	ldi	r25, 0x00	; 0
    4dd8:	0e 94 60 2d 	call	0x5ac0	; 0x5ac0 <fputc>
    4ddc:	1e 5f       	subi	r17, 0xFE	; 254
    4dde:	82 e0       	ldi	r24, 0x02	; 2
    4de0:	01 e0       	ldi	r16, 0x01	; 1
    4de2:	08 0f       	add	r16, r24
    4de4:	f3 01       	movw	r30, r6
    4de6:	e8 0f       	add	r30, r24
    4de8:	f1 1d       	adc	r31, r1
    4dea:	80 81       	ld	r24, Z
    4dec:	b7 01       	movw	r22, r14
    4dee:	90 e0       	ldi	r25, 0x00	; 0
    4df0:	0e 94 60 2d 	call	0x5ac0	; 0x5ac0 <fputc>
    4df4:	80 2f       	mov	r24, r16
    4df6:	01 13       	cpse	r16, r17
    4df8:	f3 cf       	rjmp	.-26     	; 0x4de0 <vfprintf+0x392>
    4dfa:	e6 cf       	rjmp	.-52     	; 0x4dc8 <vfprintf+0x37a>
    4dfc:	85 e4       	ldi	r24, 0x45	; 69
    4dfe:	90 e0       	ldi	r25, 0x00	; 0
    4e00:	b7 01       	movw	r22, r14
    4e02:	0e 94 60 2d 	call	0x5ac0	; 0x5ac0 <fputc>
    4e06:	d7 fc       	sbrc	r13, 7
    4e08:	06 c0       	rjmp	.+12     	; 0x4e16 <vfprintf+0x3c8>
    4e0a:	c1 14       	cp	r12, r1
    4e0c:	d1 04       	cpc	r13, r1
    4e0e:	41 f4       	brne	.+16     	; 0x4e20 <vfprintf+0x3d2>
    4e10:	ec 85       	ldd	r30, Y+12	; 0x0c
    4e12:	e4 ff       	sbrs	r30, 4
    4e14:	05 c0       	rjmp	.+10     	; 0x4e20 <vfprintf+0x3d2>
    4e16:	d1 94       	neg	r13
    4e18:	c1 94       	neg	r12
    4e1a:	d1 08       	sbc	r13, r1
    4e1c:	8d e2       	ldi	r24, 0x2D	; 45
    4e1e:	01 c0       	rjmp	.+2      	; 0x4e22 <vfprintf+0x3d4>
    4e20:	8b e2       	ldi	r24, 0x2B	; 43
    4e22:	b7 01       	movw	r22, r14
    4e24:	90 e0       	ldi	r25, 0x00	; 0
    4e26:	0e 94 60 2d 	call	0x5ac0	; 0x5ac0 <fputc>
    4e2a:	80 e3       	ldi	r24, 0x30	; 48
    4e2c:	2a e0       	ldi	r18, 0x0A	; 10
    4e2e:	c2 16       	cp	r12, r18
    4e30:	d1 04       	cpc	r13, r1
    4e32:	2c f0       	brlt	.+10     	; 0x4e3e <vfprintf+0x3f0>
    4e34:	8f 5f       	subi	r24, 0xFF	; 255
    4e36:	fa e0       	ldi	r31, 0x0A	; 10
    4e38:	cf 1a       	sub	r12, r31
    4e3a:	d1 08       	sbc	r13, r1
    4e3c:	f7 cf       	rjmp	.-18     	; 0x4e2c <vfprintf+0x3de>
    4e3e:	b7 01       	movw	r22, r14
    4e40:	90 e0       	ldi	r25, 0x00	; 0
    4e42:	0e 94 60 2d 	call	0x5ac0	; 0x5ac0 <fputc>
    4e46:	b7 01       	movw	r22, r14
    4e48:	c6 01       	movw	r24, r12
    4e4a:	c0 96       	adiw	r24, 0x30	; 48
    4e4c:	0e 94 60 2d 	call	0x5ac0	; 0x5ac0 <fputc>
    4e50:	54 c1       	rjmp	.+680    	; 0x50fa <vfprintf+0x6ac>
    4e52:	83 36       	cpi	r24, 0x63	; 99
    4e54:	31 f0       	breq	.+12     	; 0x4e62 <vfprintf+0x414>
    4e56:	83 37       	cpi	r24, 0x73	; 115
    4e58:	79 f0       	breq	.+30     	; 0x4e78 <vfprintf+0x42a>
    4e5a:	83 35       	cpi	r24, 0x53	; 83
    4e5c:	09 f0       	breq	.+2      	; 0x4e60 <vfprintf+0x412>
    4e5e:	56 c0       	rjmp	.+172    	; 0x4f0c <vfprintf+0x4be>
    4e60:	20 c0       	rjmp	.+64     	; 0x4ea2 <vfprintf+0x454>
    4e62:	56 01       	movw	r10, r12
    4e64:	32 e0       	ldi	r19, 0x02	; 2
    4e66:	a3 0e       	add	r10, r19
    4e68:	b1 1c       	adc	r11, r1
    4e6a:	f6 01       	movw	r30, r12
    4e6c:	80 81       	ld	r24, Z
    4e6e:	89 83       	std	Y+1, r24	; 0x01
    4e70:	01 e0       	ldi	r16, 0x01	; 1
    4e72:	10 e0       	ldi	r17, 0x00	; 0
    4e74:	63 01       	movw	r12, r6
    4e76:	12 c0       	rjmp	.+36     	; 0x4e9c <vfprintf+0x44e>
    4e78:	56 01       	movw	r10, r12
    4e7a:	f2 e0       	ldi	r31, 0x02	; 2
    4e7c:	af 0e       	add	r10, r31
    4e7e:	b1 1c       	adc	r11, r1
    4e80:	f6 01       	movw	r30, r12
    4e82:	c0 80       	ld	r12, Z
    4e84:	d1 80       	ldd	r13, Z+1	; 0x01
    4e86:	96 fe       	sbrs	r9, 6
    4e88:	03 c0       	rjmp	.+6      	; 0x4e90 <vfprintf+0x442>
    4e8a:	61 2f       	mov	r22, r17
    4e8c:	70 e0       	ldi	r23, 0x00	; 0
    4e8e:	02 c0       	rjmp	.+4      	; 0x4e94 <vfprintf+0x446>
    4e90:	6f ef       	ldi	r22, 0xFF	; 255
    4e92:	7f ef       	ldi	r23, 0xFF	; 255
    4e94:	c6 01       	movw	r24, r12
    4e96:	0e 94 17 2d 	call	0x5a2e	; 0x5a2e <strnlen>
    4e9a:	8c 01       	movw	r16, r24
    4e9c:	f9 2d       	mov	r31, r9
    4e9e:	ff 77       	andi	r31, 0x7F	; 127
    4ea0:	14 c0       	rjmp	.+40     	; 0x4eca <vfprintf+0x47c>
    4ea2:	56 01       	movw	r10, r12
    4ea4:	22 e0       	ldi	r18, 0x02	; 2
    4ea6:	a2 0e       	add	r10, r18
    4ea8:	b1 1c       	adc	r11, r1
    4eaa:	f6 01       	movw	r30, r12
    4eac:	c0 80       	ld	r12, Z
    4eae:	d1 80       	ldd	r13, Z+1	; 0x01
    4eb0:	96 fe       	sbrs	r9, 6
    4eb2:	03 c0       	rjmp	.+6      	; 0x4eba <vfprintf+0x46c>
    4eb4:	61 2f       	mov	r22, r17
    4eb6:	70 e0       	ldi	r23, 0x00	; 0
    4eb8:	02 c0       	rjmp	.+4      	; 0x4ebe <vfprintf+0x470>
    4eba:	6f ef       	ldi	r22, 0xFF	; 255
    4ebc:	7f ef       	ldi	r23, 0xFF	; 255
    4ebe:	c6 01       	movw	r24, r12
    4ec0:	0e 94 05 2d 	call	0x5a0a	; 0x5a0a <strnlen_P>
    4ec4:	8c 01       	movw	r16, r24
    4ec6:	f9 2d       	mov	r31, r9
    4ec8:	f0 68       	ori	r31, 0x80	; 128
    4eca:	9f 2e       	mov	r9, r31
    4ecc:	f3 fd       	sbrc	r31, 3
    4ece:	1a c0       	rjmp	.+52     	; 0x4f04 <vfprintf+0x4b6>
    4ed0:	85 2d       	mov	r24, r5
    4ed2:	90 e0       	ldi	r25, 0x00	; 0
    4ed4:	08 17       	cp	r16, r24
    4ed6:	19 07       	cpc	r17, r25
    4ed8:	a8 f4       	brcc	.+42     	; 0x4f04 <vfprintf+0x4b6>
    4eda:	b7 01       	movw	r22, r14
    4edc:	80 e2       	ldi	r24, 0x20	; 32
    4ede:	90 e0       	ldi	r25, 0x00	; 0
    4ee0:	0e 94 60 2d 	call	0x5ac0	; 0x5ac0 <fputc>
    4ee4:	5a 94       	dec	r5
    4ee6:	f4 cf       	rjmp	.-24     	; 0x4ed0 <vfprintf+0x482>
    4ee8:	f6 01       	movw	r30, r12
    4eea:	97 fc       	sbrc	r9, 7
    4eec:	85 91       	lpm	r24, Z+
    4eee:	97 fe       	sbrs	r9, 7
    4ef0:	81 91       	ld	r24, Z+
    4ef2:	6f 01       	movw	r12, r30
    4ef4:	b7 01       	movw	r22, r14
    4ef6:	90 e0       	ldi	r25, 0x00	; 0
    4ef8:	0e 94 60 2d 	call	0x5ac0	; 0x5ac0 <fputc>
    4efc:	51 10       	cpse	r5, r1
    4efe:	5a 94       	dec	r5
    4f00:	01 50       	subi	r16, 0x01	; 1
    4f02:	11 09       	sbc	r17, r1
    4f04:	01 15       	cp	r16, r1
    4f06:	11 05       	cpc	r17, r1
    4f08:	79 f7       	brne	.-34     	; 0x4ee8 <vfprintf+0x49a>
    4f0a:	f7 c0       	rjmp	.+494    	; 0x50fa <vfprintf+0x6ac>
    4f0c:	84 36       	cpi	r24, 0x64	; 100
    4f0e:	11 f0       	breq	.+4      	; 0x4f14 <vfprintf+0x4c6>
    4f10:	89 36       	cpi	r24, 0x69	; 105
    4f12:	61 f5       	brne	.+88     	; 0x4f6c <vfprintf+0x51e>
    4f14:	56 01       	movw	r10, r12
    4f16:	97 fe       	sbrs	r9, 7
    4f18:	09 c0       	rjmp	.+18     	; 0x4f2c <vfprintf+0x4de>
    4f1a:	24 e0       	ldi	r18, 0x04	; 4
    4f1c:	a2 0e       	add	r10, r18
    4f1e:	b1 1c       	adc	r11, r1
    4f20:	f6 01       	movw	r30, r12
    4f22:	60 81       	ld	r22, Z
    4f24:	71 81       	ldd	r23, Z+1	; 0x01
    4f26:	82 81       	ldd	r24, Z+2	; 0x02
    4f28:	93 81       	ldd	r25, Z+3	; 0x03
    4f2a:	0a c0       	rjmp	.+20     	; 0x4f40 <vfprintf+0x4f2>
    4f2c:	f2 e0       	ldi	r31, 0x02	; 2
    4f2e:	af 0e       	add	r10, r31
    4f30:	b1 1c       	adc	r11, r1
    4f32:	f6 01       	movw	r30, r12
    4f34:	60 81       	ld	r22, Z
    4f36:	71 81       	ldd	r23, Z+1	; 0x01
    4f38:	07 2e       	mov	r0, r23
    4f3a:	00 0c       	add	r0, r0
    4f3c:	88 0b       	sbc	r24, r24
    4f3e:	99 0b       	sbc	r25, r25
    4f40:	f9 2d       	mov	r31, r9
    4f42:	ff 76       	andi	r31, 0x6F	; 111
    4f44:	9f 2e       	mov	r9, r31
    4f46:	97 ff       	sbrs	r25, 7
    4f48:	09 c0       	rjmp	.+18     	; 0x4f5c <vfprintf+0x50e>
    4f4a:	90 95       	com	r25
    4f4c:	80 95       	com	r24
    4f4e:	70 95       	com	r23
    4f50:	61 95       	neg	r22
    4f52:	7f 4f       	sbci	r23, 0xFF	; 255
    4f54:	8f 4f       	sbci	r24, 0xFF	; 255
    4f56:	9f 4f       	sbci	r25, 0xFF	; 255
    4f58:	f0 68       	ori	r31, 0x80	; 128
    4f5a:	9f 2e       	mov	r9, r31
    4f5c:	2a e0       	ldi	r18, 0x0A	; 10
    4f5e:	30 e0       	ldi	r19, 0x00	; 0
    4f60:	a3 01       	movw	r20, r6
    4f62:	0e 94 e6 2d 	call	0x5bcc	; 0x5bcc <__ultoa_invert>
    4f66:	c8 2e       	mov	r12, r24
    4f68:	c6 18       	sub	r12, r6
    4f6a:	3f c0       	rjmp	.+126    	; 0x4fea <vfprintf+0x59c>
    4f6c:	09 2d       	mov	r16, r9
    4f6e:	85 37       	cpi	r24, 0x75	; 117
    4f70:	21 f4       	brne	.+8      	; 0x4f7a <vfprintf+0x52c>
    4f72:	0f 7e       	andi	r16, 0xEF	; 239
    4f74:	2a e0       	ldi	r18, 0x0A	; 10
    4f76:	30 e0       	ldi	r19, 0x00	; 0
    4f78:	1d c0       	rjmp	.+58     	; 0x4fb4 <vfprintf+0x566>
    4f7a:	09 7f       	andi	r16, 0xF9	; 249
    4f7c:	8f 36       	cpi	r24, 0x6F	; 111
    4f7e:	91 f0       	breq	.+36     	; 0x4fa4 <vfprintf+0x556>
    4f80:	18 f4       	brcc	.+6      	; 0x4f88 <vfprintf+0x53a>
    4f82:	88 35       	cpi	r24, 0x58	; 88
    4f84:	59 f0       	breq	.+22     	; 0x4f9c <vfprintf+0x54e>
    4f86:	c3 c0       	rjmp	.+390    	; 0x510e <vfprintf+0x6c0>
    4f88:	80 37       	cpi	r24, 0x70	; 112
    4f8a:	19 f0       	breq	.+6      	; 0x4f92 <vfprintf+0x544>
    4f8c:	88 37       	cpi	r24, 0x78	; 120
    4f8e:	11 f0       	breq	.+4      	; 0x4f94 <vfprintf+0x546>
    4f90:	be c0       	rjmp	.+380    	; 0x510e <vfprintf+0x6c0>
    4f92:	00 61       	ori	r16, 0x10	; 16
    4f94:	04 ff       	sbrs	r16, 4
    4f96:	09 c0       	rjmp	.+18     	; 0x4faa <vfprintf+0x55c>
    4f98:	04 60       	ori	r16, 0x04	; 4
    4f9a:	07 c0       	rjmp	.+14     	; 0x4faa <vfprintf+0x55c>
    4f9c:	94 fe       	sbrs	r9, 4
    4f9e:	08 c0       	rjmp	.+16     	; 0x4fb0 <vfprintf+0x562>
    4fa0:	06 60       	ori	r16, 0x06	; 6
    4fa2:	06 c0       	rjmp	.+12     	; 0x4fb0 <vfprintf+0x562>
    4fa4:	28 e0       	ldi	r18, 0x08	; 8
    4fa6:	30 e0       	ldi	r19, 0x00	; 0
    4fa8:	05 c0       	rjmp	.+10     	; 0x4fb4 <vfprintf+0x566>
    4faa:	20 e1       	ldi	r18, 0x10	; 16
    4fac:	30 e0       	ldi	r19, 0x00	; 0
    4fae:	02 c0       	rjmp	.+4      	; 0x4fb4 <vfprintf+0x566>
    4fb0:	20 e1       	ldi	r18, 0x10	; 16
    4fb2:	32 e0       	ldi	r19, 0x02	; 2
    4fb4:	56 01       	movw	r10, r12
    4fb6:	07 ff       	sbrs	r16, 7
    4fb8:	09 c0       	rjmp	.+18     	; 0x4fcc <vfprintf+0x57e>
    4fba:	84 e0       	ldi	r24, 0x04	; 4
    4fbc:	a8 0e       	add	r10, r24
    4fbe:	b1 1c       	adc	r11, r1
    4fc0:	f6 01       	movw	r30, r12
    4fc2:	60 81       	ld	r22, Z
    4fc4:	71 81       	ldd	r23, Z+1	; 0x01
    4fc6:	82 81       	ldd	r24, Z+2	; 0x02
    4fc8:	93 81       	ldd	r25, Z+3	; 0x03
    4fca:	08 c0       	rjmp	.+16     	; 0x4fdc <vfprintf+0x58e>
    4fcc:	f2 e0       	ldi	r31, 0x02	; 2
    4fce:	af 0e       	add	r10, r31
    4fd0:	b1 1c       	adc	r11, r1
    4fd2:	f6 01       	movw	r30, r12
    4fd4:	60 81       	ld	r22, Z
    4fd6:	71 81       	ldd	r23, Z+1	; 0x01
    4fd8:	80 e0       	ldi	r24, 0x00	; 0
    4fda:	90 e0       	ldi	r25, 0x00	; 0
    4fdc:	a3 01       	movw	r20, r6
    4fde:	0e 94 e6 2d 	call	0x5bcc	; 0x5bcc <__ultoa_invert>
    4fe2:	c8 2e       	mov	r12, r24
    4fe4:	c6 18       	sub	r12, r6
    4fe6:	0f 77       	andi	r16, 0x7F	; 127
    4fe8:	90 2e       	mov	r9, r16
    4fea:	96 fe       	sbrs	r9, 6
    4fec:	0b c0       	rjmp	.+22     	; 0x5004 <vfprintf+0x5b6>
    4fee:	09 2d       	mov	r16, r9
    4ff0:	0e 7f       	andi	r16, 0xFE	; 254
    4ff2:	c1 16       	cp	r12, r17
    4ff4:	50 f4       	brcc	.+20     	; 0x500a <vfprintf+0x5bc>
    4ff6:	94 fe       	sbrs	r9, 4
    4ff8:	0a c0       	rjmp	.+20     	; 0x500e <vfprintf+0x5c0>
    4ffa:	92 fc       	sbrc	r9, 2
    4ffc:	08 c0       	rjmp	.+16     	; 0x500e <vfprintf+0x5c0>
    4ffe:	09 2d       	mov	r16, r9
    5000:	0e 7e       	andi	r16, 0xEE	; 238
    5002:	05 c0       	rjmp	.+10     	; 0x500e <vfprintf+0x5c0>
    5004:	dc 2c       	mov	r13, r12
    5006:	09 2d       	mov	r16, r9
    5008:	03 c0       	rjmp	.+6      	; 0x5010 <vfprintf+0x5c2>
    500a:	dc 2c       	mov	r13, r12
    500c:	01 c0       	rjmp	.+2      	; 0x5010 <vfprintf+0x5c2>
    500e:	d1 2e       	mov	r13, r17
    5010:	04 ff       	sbrs	r16, 4
    5012:	0d c0       	rjmp	.+26     	; 0x502e <vfprintf+0x5e0>
    5014:	fe 01       	movw	r30, r28
    5016:	ec 0d       	add	r30, r12
    5018:	f1 1d       	adc	r31, r1
    501a:	80 81       	ld	r24, Z
    501c:	80 33       	cpi	r24, 0x30	; 48
    501e:	11 f4       	brne	.+4      	; 0x5024 <vfprintf+0x5d6>
    5020:	09 7e       	andi	r16, 0xE9	; 233
    5022:	09 c0       	rjmp	.+18     	; 0x5036 <vfprintf+0x5e8>
    5024:	02 ff       	sbrs	r16, 2
    5026:	06 c0       	rjmp	.+12     	; 0x5034 <vfprintf+0x5e6>
    5028:	d3 94       	inc	r13
    502a:	d3 94       	inc	r13
    502c:	04 c0       	rjmp	.+8      	; 0x5036 <vfprintf+0x5e8>
    502e:	80 2f       	mov	r24, r16
    5030:	86 78       	andi	r24, 0x86	; 134
    5032:	09 f0       	breq	.+2      	; 0x5036 <vfprintf+0x5e8>
    5034:	d3 94       	inc	r13
    5036:	03 fd       	sbrc	r16, 3
    5038:	11 c0       	rjmp	.+34     	; 0x505c <vfprintf+0x60e>
    503a:	00 ff       	sbrs	r16, 0
    503c:	06 c0       	rjmp	.+12     	; 0x504a <vfprintf+0x5fc>
    503e:	1c 2d       	mov	r17, r12
    5040:	d5 14       	cp	r13, r5
    5042:	80 f4       	brcc	.+32     	; 0x5064 <vfprintf+0x616>
    5044:	15 0d       	add	r17, r5
    5046:	1d 19       	sub	r17, r13
    5048:	0d c0       	rjmp	.+26     	; 0x5064 <vfprintf+0x616>
    504a:	d5 14       	cp	r13, r5
    504c:	58 f4       	brcc	.+22     	; 0x5064 <vfprintf+0x616>
    504e:	b7 01       	movw	r22, r14
    5050:	80 e2       	ldi	r24, 0x20	; 32
    5052:	90 e0       	ldi	r25, 0x00	; 0
    5054:	0e 94 60 2d 	call	0x5ac0	; 0x5ac0 <fputc>
    5058:	d3 94       	inc	r13
    505a:	f7 cf       	rjmp	.-18     	; 0x504a <vfprintf+0x5fc>
    505c:	d5 14       	cp	r13, r5
    505e:	10 f4       	brcc	.+4      	; 0x5064 <vfprintf+0x616>
    5060:	5d 18       	sub	r5, r13
    5062:	01 c0       	rjmp	.+2      	; 0x5066 <vfprintf+0x618>
    5064:	51 2c       	mov	r5, r1
    5066:	04 ff       	sbrs	r16, 4
    5068:	10 c0       	rjmp	.+32     	; 0x508a <vfprintf+0x63c>
    506a:	b7 01       	movw	r22, r14
    506c:	80 e3       	ldi	r24, 0x30	; 48
    506e:	90 e0       	ldi	r25, 0x00	; 0
    5070:	0e 94 60 2d 	call	0x5ac0	; 0x5ac0 <fputc>
    5074:	02 ff       	sbrs	r16, 2
    5076:	17 c0       	rjmp	.+46     	; 0x50a6 <vfprintf+0x658>
    5078:	01 fd       	sbrc	r16, 1
    507a:	03 c0       	rjmp	.+6      	; 0x5082 <vfprintf+0x634>
    507c:	88 e7       	ldi	r24, 0x78	; 120
    507e:	90 e0       	ldi	r25, 0x00	; 0
    5080:	02 c0       	rjmp	.+4      	; 0x5086 <vfprintf+0x638>
    5082:	88 e5       	ldi	r24, 0x58	; 88
    5084:	90 e0       	ldi	r25, 0x00	; 0
    5086:	b7 01       	movw	r22, r14
    5088:	0c c0       	rjmp	.+24     	; 0x50a2 <vfprintf+0x654>
    508a:	80 2f       	mov	r24, r16
    508c:	86 78       	andi	r24, 0x86	; 134
    508e:	59 f0       	breq	.+22     	; 0x50a6 <vfprintf+0x658>
    5090:	01 ff       	sbrs	r16, 1
    5092:	02 c0       	rjmp	.+4      	; 0x5098 <vfprintf+0x64a>
    5094:	8b e2       	ldi	r24, 0x2B	; 43
    5096:	01 c0       	rjmp	.+2      	; 0x509a <vfprintf+0x64c>
    5098:	80 e2       	ldi	r24, 0x20	; 32
    509a:	07 fd       	sbrc	r16, 7
    509c:	8d e2       	ldi	r24, 0x2D	; 45
    509e:	b7 01       	movw	r22, r14
    50a0:	90 e0       	ldi	r25, 0x00	; 0
    50a2:	0e 94 60 2d 	call	0x5ac0	; 0x5ac0 <fputc>
    50a6:	c1 16       	cp	r12, r17
    50a8:	38 f4       	brcc	.+14     	; 0x50b8 <vfprintf+0x66a>
    50aa:	b7 01       	movw	r22, r14
    50ac:	80 e3       	ldi	r24, 0x30	; 48
    50ae:	90 e0       	ldi	r25, 0x00	; 0
    50b0:	0e 94 60 2d 	call	0x5ac0	; 0x5ac0 <fputc>
    50b4:	11 50       	subi	r17, 0x01	; 1
    50b6:	f7 cf       	rjmp	.-18     	; 0x50a6 <vfprintf+0x658>
    50b8:	ca 94       	dec	r12
    50ba:	f3 01       	movw	r30, r6
    50bc:	ec 0d       	add	r30, r12
    50be:	f1 1d       	adc	r31, r1
    50c0:	80 81       	ld	r24, Z
    50c2:	b7 01       	movw	r22, r14
    50c4:	90 e0       	ldi	r25, 0x00	; 0
    50c6:	0e 94 60 2d 	call	0x5ac0	; 0x5ac0 <fputc>
    50ca:	c1 10       	cpse	r12, r1
    50cc:	f5 cf       	rjmp	.-22     	; 0x50b8 <vfprintf+0x66a>
    50ce:	15 c0       	rjmp	.+42     	; 0x50fa <vfprintf+0x6ac>
    50d0:	f4 e0       	ldi	r31, 0x04	; 4
    50d2:	f5 15       	cp	r31, r5
    50d4:	60 f5       	brcc	.+88     	; 0x512e <vfprintf+0x6e0>
    50d6:	84 e0       	ldi	r24, 0x04	; 4
    50d8:	58 1a       	sub	r5, r24
    50da:	93 fe       	sbrs	r9, 3
    50dc:	1f c0       	rjmp	.+62     	; 0x511c <vfprintf+0x6ce>
    50de:	01 11       	cpse	r16, r1
    50e0:	27 c0       	rjmp	.+78     	; 0x5130 <vfprintf+0x6e2>
    50e2:	2c 85       	ldd	r18, Y+12	; 0x0c
    50e4:	23 ff       	sbrs	r18, 3
    50e6:	2a c0       	rjmp	.+84     	; 0x513c <vfprintf+0x6ee>
    50e8:	02 e9       	ldi	r16, 0x92	; 146
    50ea:	12 e0       	ldi	r17, 0x02	; 2
    50ec:	39 2d       	mov	r19, r9
    50ee:	30 71       	andi	r19, 0x10	; 16
    50f0:	93 2e       	mov	r9, r19
    50f2:	f8 01       	movw	r30, r16
    50f4:	84 91       	lpm	r24, Z
    50f6:	81 11       	cpse	r24, r1
    50f8:	24 c0       	rjmp	.+72     	; 0x5142 <vfprintf+0x6f4>
    50fa:	55 20       	and	r5, r5
    50fc:	09 f4       	brne	.+2      	; 0x5100 <vfprintf+0x6b2>
    50fe:	e4 cc       	rjmp	.-1592   	; 0x4ac8 <vfprintf+0x7a>
    5100:	b7 01       	movw	r22, r14
    5102:	80 e2       	ldi	r24, 0x20	; 32
    5104:	90 e0       	ldi	r25, 0x00	; 0
    5106:	0e 94 60 2d 	call	0x5ac0	; 0x5ac0 <fputc>
    510a:	5a 94       	dec	r5
    510c:	f6 cf       	rjmp	.-20     	; 0x50fa <vfprintf+0x6ac>
    510e:	f7 01       	movw	r30, r14
    5110:	86 81       	ldd	r24, Z+6	; 0x06
    5112:	97 81       	ldd	r25, Z+7	; 0x07
    5114:	26 c0       	rjmp	.+76     	; 0x5162 <vfprintf+0x714>
    5116:	8f ef       	ldi	r24, 0xFF	; 255
    5118:	9f ef       	ldi	r25, 0xFF	; 255
    511a:	23 c0       	rjmp	.+70     	; 0x5162 <vfprintf+0x714>
    511c:	b7 01       	movw	r22, r14
    511e:	80 e2       	ldi	r24, 0x20	; 32
    5120:	90 e0       	ldi	r25, 0x00	; 0
    5122:	0e 94 60 2d 	call	0x5ac0	; 0x5ac0 <fputc>
    5126:	5a 94       	dec	r5
    5128:	51 10       	cpse	r5, r1
    512a:	f8 cf       	rjmp	.-16     	; 0x511c <vfprintf+0x6ce>
    512c:	d8 cf       	rjmp	.-80     	; 0x50de <vfprintf+0x690>
    512e:	51 2c       	mov	r5, r1
    5130:	b7 01       	movw	r22, r14
    5132:	80 2f       	mov	r24, r16
    5134:	90 e0       	ldi	r25, 0x00	; 0
    5136:	0e 94 60 2d 	call	0x5ac0	; 0x5ac0 <fputc>
    513a:	d3 cf       	rjmp	.-90     	; 0x50e2 <vfprintf+0x694>
    513c:	06 e9       	ldi	r16, 0x96	; 150
    513e:	12 e0       	ldi	r17, 0x02	; 2
    5140:	d5 cf       	rjmp	.-86     	; 0x50ec <vfprintf+0x69e>
    5142:	91 10       	cpse	r9, r1
    5144:	80 52       	subi	r24, 0x20	; 32
    5146:	b7 01       	movw	r22, r14
    5148:	90 e0       	ldi	r25, 0x00	; 0
    514a:	0e 94 60 2d 	call	0x5ac0	; 0x5ac0 <fputc>
    514e:	0f 5f       	subi	r16, 0xFF	; 255
    5150:	1f 4f       	sbci	r17, 0xFF	; 255
    5152:	cf cf       	rjmp	.-98     	; 0x50f2 <vfprintf+0x6a4>
    5154:	23 e0       	ldi	r18, 0x03	; 3
    5156:	25 15       	cp	r18, r5
    5158:	10 f4       	brcc	.+4      	; 0x515e <vfprintf+0x710>
    515a:	83 e0       	ldi	r24, 0x03	; 3
    515c:	bd cf       	rjmp	.-134    	; 0x50d8 <vfprintf+0x68a>
    515e:	51 2c       	mov	r5, r1
    5160:	c0 cf       	rjmp	.-128    	; 0x50e2 <vfprintf+0x694>
    5162:	60 96       	adiw	r28, 0x10	; 16
    5164:	cd bf       	out	0x3d, r28	; 61
    5166:	de bf       	out	0x3e, r29	; 62
    5168:	df 91       	pop	r29
    516a:	cf 91       	pop	r28
    516c:	1f 91       	pop	r17
    516e:	0f 91       	pop	r16
    5170:	ff 90       	pop	r15
    5172:	ef 90       	pop	r14
    5174:	df 90       	pop	r13
    5176:	cf 90       	pop	r12
    5178:	bf 90       	pop	r11
    517a:	af 90       	pop	r10
    517c:	9f 90       	pop	r9
    517e:	8f 90       	pop	r8
    5180:	7f 90       	pop	r7
    5182:	6f 90       	pop	r6
    5184:	5f 90       	pop	r5
    5186:	4f 90       	pop	r4
    5188:	3f 90       	pop	r3
    518a:	2f 90       	pop	r2
    518c:	08 95       	ret

0000518e <__udivmodhi4>:
    518e:	aa 1b       	sub	r26, r26
    5190:	bb 1b       	sub	r27, r27
    5192:	51 e1       	ldi	r21, 0x11	; 17
    5194:	07 c0       	rjmp	.+14     	; 0x51a4 <__udivmodhi4_ep>

00005196 <__udivmodhi4_loop>:
    5196:	aa 1f       	adc	r26, r26
    5198:	bb 1f       	adc	r27, r27
    519a:	a6 17       	cp	r26, r22
    519c:	b7 07       	cpc	r27, r23
    519e:	10 f0       	brcs	.+4      	; 0x51a4 <__udivmodhi4_ep>
    51a0:	a6 1b       	sub	r26, r22
    51a2:	b7 0b       	sbc	r27, r23

000051a4 <__udivmodhi4_ep>:
    51a4:	88 1f       	adc	r24, r24
    51a6:	99 1f       	adc	r25, r25
    51a8:	5a 95       	dec	r21
    51aa:	a9 f7       	brne	.-22     	; 0x5196 <__udivmodhi4_loop>
    51ac:	80 95       	com	r24
    51ae:	90 95       	com	r25
    51b0:	bc 01       	movw	r22, r24
    51b2:	cd 01       	movw	r24, r26
    51b4:	08 95       	ret

000051b6 <__divmodhi4>:
    51b6:	97 fb       	bst	r25, 7
    51b8:	07 2e       	mov	r0, r23
    51ba:	16 f4       	brtc	.+4      	; 0x51c0 <__divmodhi4+0xa>
    51bc:	00 94       	com	r0
    51be:	07 d0       	rcall	.+14     	; 0x51ce <__divmodhi4_neg1>
    51c0:	77 fd       	sbrc	r23, 7
    51c2:	09 d0       	rcall	.+18     	; 0x51d6 <__divmodhi4_neg2>
    51c4:	0e 94 c7 28 	call	0x518e	; 0x518e <__udivmodhi4>
    51c8:	07 fc       	sbrc	r0, 7
    51ca:	05 d0       	rcall	.+10     	; 0x51d6 <__divmodhi4_neg2>
    51cc:	3e f4       	brtc	.+14     	; 0x51dc <__divmodhi4_exit>

000051ce <__divmodhi4_neg1>:
    51ce:	90 95       	com	r25
    51d0:	81 95       	neg	r24
    51d2:	9f 4f       	sbci	r25, 0xFF	; 255
    51d4:	08 95       	ret

000051d6 <__divmodhi4_neg2>:
    51d6:	70 95       	com	r23
    51d8:	61 95       	neg	r22
    51da:	7f 4f       	sbci	r23, 0xFF	; 255

000051dc <__divmodhi4_exit>:
    51dc:	08 95       	ret

000051de <__umulhisi3>:
    51de:	a2 9f       	mul	r26, r18
    51e0:	b0 01       	movw	r22, r0
    51e2:	b3 9f       	mul	r27, r19
    51e4:	c0 01       	movw	r24, r0
    51e6:	a3 9f       	mul	r26, r19
    51e8:	70 0d       	add	r23, r0
    51ea:	81 1d       	adc	r24, r1
    51ec:	11 24       	eor	r1, r1
    51ee:	91 1d       	adc	r25, r1
    51f0:	b2 9f       	mul	r27, r18
    51f2:	70 0d       	add	r23, r0
    51f4:	81 1d       	adc	r24, r1
    51f6:	11 24       	eor	r1, r1
    51f8:	91 1d       	adc	r25, r1
    51fa:	08 95       	ret

000051fc <malloc>:
    51fc:	0f 93       	push	r16
    51fe:	1f 93       	push	r17
    5200:	cf 93       	push	r28
    5202:	df 93       	push	r29
    5204:	82 30       	cpi	r24, 0x02	; 2
    5206:	91 05       	cpc	r25, r1
    5208:	10 f4       	brcc	.+4      	; 0x520e <malloc+0x12>
    520a:	82 e0       	ldi	r24, 0x02	; 2
    520c:	90 e0       	ldi	r25, 0x00	; 0
    520e:	e0 91 0d 26 	lds	r30, 0x260D	; 0x80260d <__flp>
    5212:	f0 91 0e 26 	lds	r31, 0x260E	; 0x80260e <__flp+0x1>
    5216:	20 e0       	ldi	r18, 0x00	; 0
    5218:	30 e0       	ldi	r19, 0x00	; 0
    521a:	a0 e0       	ldi	r26, 0x00	; 0
    521c:	b0 e0       	ldi	r27, 0x00	; 0
    521e:	30 97       	sbiw	r30, 0x00	; 0
    5220:	19 f1       	breq	.+70     	; 0x5268 <malloc+0x6c>
    5222:	40 81       	ld	r20, Z
    5224:	51 81       	ldd	r21, Z+1	; 0x01
    5226:	02 81       	ldd	r16, Z+2	; 0x02
    5228:	13 81       	ldd	r17, Z+3	; 0x03
    522a:	48 17       	cp	r20, r24
    522c:	59 07       	cpc	r21, r25
    522e:	c8 f0       	brcs	.+50     	; 0x5262 <malloc+0x66>
    5230:	84 17       	cp	r24, r20
    5232:	95 07       	cpc	r25, r21
    5234:	69 f4       	brne	.+26     	; 0x5250 <malloc+0x54>
    5236:	10 97       	sbiw	r26, 0x00	; 0
    5238:	31 f0       	breq	.+12     	; 0x5246 <malloc+0x4a>
    523a:	12 96       	adiw	r26, 0x02	; 2
    523c:	0c 93       	st	X, r16
    523e:	12 97       	sbiw	r26, 0x02	; 2
    5240:	13 96       	adiw	r26, 0x03	; 3
    5242:	1c 93       	st	X, r17
    5244:	27 c0       	rjmp	.+78     	; 0x5294 <malloc+0x98>
    5246:	00 93 0d 26 	sts	0x260D, r16	; 0x80260d <__flp>
    524a:	10 93 0e 26 	sts	0x260E, r17	; 0x80260e <__flp+0x1>
    524e:	22 c0       	rjmp	.+68     	; 0x5294 <malloc+0x98>
    5250:	21 15       	cp	r18, r1
    5252:	31 05       	cpc	r19, r1
    5254:	19 f0       	breq	.+6      	; 0x525c <malloc+0x60>
    5256:	42 17       	cp	r20, r18
    5258:	53 07       	cpc	r21, r19
    525a:	18 f4       	brcc	.+6      	; 0x5262 <malloc+0x66>
    525c:	9a 01       	movw	r18, r20
    525e:	bd 01       	movw	r22, r26
    5260:	ef 01       	movw	r28, r30
    5262:	df 01       	movw	r26, r30
    5264:	f8 01       	movw	r30, r16
    5266:	db cf       	rjmp	.-74     	; 0x521e <malloc+0x22>
    5268:	21 15       	cp	r18, r1
    526a:	31 05       	cpc	r19, r1
    526c:	f9 f0       	breq	.+62     	; 0x52ac <malloc+0xb0>
    526e:	28 1b       	sub	r18, r24
    5270:	39 0b       	sbc	r19, r25
    5272:	24 30       	cpi	r18, 0x04	; 4
    5274:	31 05       	cpc	r19, r1
    5276:	80 f4       	brcc	.+32     	; 0x5298 <malloc+0x9c>
    5278:	8a 81       	ldd	r24, Y+2	; 0x02
    527a:	9b 81       	ldd	r25, Y+3	; 0x03
    527c:	61 15       	cp	r22, r1
    527e:	71 05       	cpc	r23, r1
    5280:	21 f0       	breq	.+8      	; 0x528a <malloc+0x8e>
    5282:	fb 01       	movw	r30, r22
    5284:	82 83       	std	Z+2, r24	; 0x02
    5286:	93 83       	std	Z+3, r25	; 0x03
    5288:	04 c0       	rjmp	.+8      	; 0x5292 <malloc+0x96>
    528a:	80 93 0d 26 	sts	0x260D, r24	; 0x80260d <__flp>
    528e:	90 93 0e 26 	sts	0x260E, r25	; 0x80260e <__flp+0x1>
    5292:	fe 01       	movw	r30, r28
    5294:	32 96       	adiw	r30, 0x02	; 2
    5296:	44 c0       	rjmp	.+136    	; 0x5320 <malloc+0x124>
    5298:	fe 01       	movw	r30, r28
    529a:	e2 0f       	add	r30, r18
    529c:	f3 1f       	adc	r31, r19
    529e:	81 93       	st	Z+, r24
    52a0:	91 93       	st	Z+, r25
    52a2:	22 50       	subi	r18, 0x02	; 2
    52a4:	31 09       	sbc	r19, r1
    52a6:	28 83       	st	Y, r18
    52a8:	39 83       	std	Y+1, r19	; 0x01
    52aa:	3a c0       	rjmp	.+116    	; 0x5320 <malloc+0x124>
    52ac:	20 91 0b 26 	lds	r18, 0x260B	; 0x80260b <__brkval>
    52b0:	30 91 0c 26 	lds	r19, 0x260C	; 0x80260c <__brkval+0x1>
    52b4:	23 2b       	or	r18, r19
    52b6:	41 f4       	brne	.+16     	; 0x52c8 <malloc+0xcc>
    52b8:	20 91 02 20 	lds	r18, 0x2002	; 0x802002 <__malloc_heap_start>
    52bc:	30 91 03 20 	lds	r19, 0x2003	; 0x802003 <__malloc_heap_start+0x1>
    52c0:	20 93 0b 26 	sts	0x260B, r18	; 0x80260b <__brkval>
    52c4:	30 93 0c 26 	sts	0x260C, r19	; 0x80260c <__brkval+0x1>
    52c8:	20 91 00 20 	lds	r18, 0x2000	; 0x802000 <__DATA_REGION_ORIGIN__>
    52cc:	30 91 01 20 	lds	r19, 0x2001	; 0x802001 <__DATA_REGION_ORIGIN__+0x1>
    52d0:	21 15       	cp	r18, r1
    52d2:	31 05       	cpc	r19, r1
    52d4:	41 f4       	brne	.+16     	; 0x52e6 <malloc+0xea>
    52d6:	2d b7       	in	r18, 0x3d	; 61
    52d8:	3e b7       	in	r19, 0x3e	; 62
    52da:	40 91 04 20 	lds	r20, 0x2004	; 0x802004 <__malloc_margin>
    52de:	50 91 05 20 	lds	r21, 0x2005	; 0x802005 <__malloc_margin+0x1>
    52e2:	24 1b       	sub	r18, r20
    52e4:	35 0b       	sbc	r19, r21
    52e6:	e0 91 0b 26 	lds	r30, 0x260B	; 0x80260b <__brkval>
    52ea:	f0 91 0c 26 	lds	r31, 0x260C	; 0x80260c <__brkval+0x1>
    52ee:	e2 17       	cp	r30, r18
    52f0:	f3 07       	cpc	r31, r19
    52f2:	a0 f4       	brcc	.+40     	; 0x531c <malloc+0x120>
    52f4:	2e 1b       	sub	r18, r30
    52f6:	3f 0b       	sbc	r19, r31
    52f8:	28 17       	cp	r18, r24
    52fa:	39 07       	cpc	r19, r25
    52fc:	78 f0       	brcs	.+30     	; 0x531c <malloc+0x120>
    52fe:	ac 01       	movw	r20, r24
    5300:	4e 5f       	subi	r20, 0xFE	; 254
    5302:	5f 4f       	sbci	r21, 0xFF	; 255
    5304:	24 17       	cp	r18, r20
    5306:	35 07       	cpc	r19, r21
    5308:	48 f0       	brcs	.+18     	; 0x531c <malloc+0x120>
    530a:	4e 0f       	add	r20, r30
    530c:	5f 1f       	adc	r21, r31
    530e:	40 93 0b 26 	sts	0x260B, r20	; 0x80260b <__brkval>
    5312:	50 93 0c 26 	sts	0x260C, r21	; 0x80260c <__brkval+0x1>
    5316:	81 93       	st	Z+, r24
    5318:	91 93       	st	Z+, r25
    531a:	02 c0       	rjmp	.+4      	; 0x5320 <malloc+0x124>
    531c:	e0 e0       	ldi	r30, 0x00	; 0
    531e:	f0 e0       	ldi	r31, 0x00	; 0
    5320:	cf 01       	movw	r24, r30
    5322:	df 91       	pop	r29
    5324:	cf 91       	pop	r28
    5326:	1f 91       	pop	r17
    5328:	0f 91       	pop	r16
    532a:	08 95       	ret

0000532c <free>:
    532c:	cf 93       	push	r28
    532e:	df 93       	push	r29
    5330:	00 97       	sbiw	r24, 0x00	; 0
    5332:	09 f4       	brne	.+2      	; 0x5336 <free+0xa>
    5334:	81 c0       	rjmp	.+258    	; 0x5438 <free+0x10c>
    5336:	fc 01       	movw	r30, r24
    5338:	32 97       	sbiw	r30, 0x02	; 2
    533a:	12 82       	std	Z+2, r1	; 0x02
    533c:	13 82       	std	Z+3, r1	; 0x03
    533e:	a0 91 0d 26 	lds	r26, 0x260D	; 0x80260d <__flp>
    5342:	b0 91 0e 26 	lds	r27, 0x260E	; 0x80260e <__flp+0x1>
    5346:	10 97       	sbiw	r26, 0x00	; 0
    5348:	81 f4       	brne	.+32     	; 0x536a <free+0x3e>
    534a:	20 81       	ld	r18, Z
    534c:	31 81       	ldd	r19, Z+1	; 0x01
    534e:	82 0f       	add	r24, r18
    5350:	93 1f       	adc	r25, r19
    5352:	20 91 0b 26 	lds	r18, 0x260B	; 0x80260b <__brkval>
    5356:	30 91 0c 26 	lds	r19, 0x260C	; 0x80260c <__brkval+0x1>
    535a:	28 17       	cp	r18, r24
    535c:	39 07       	cpc	r19, r25
    535e:	51 f5       	brne	.+84     	; 0x53b4 <free+0x88>
    5360:	e0 93 0b 26 	sts	0x260B, r30	; 0x80260b <__brkval>
    5364:	f0 93 0c 26 	sts	0x260C, r31	; 0x80260c <__brkval+0x1>
    5368:	67 c0       	rjmp	.+206    	; 0x5438 <free+0x10c>
    536a:	ed 01       	movw	r28, r26
    536c:	20 e0       	ldi	r18, 0x00	; 0
    536e:	30 e0       	ldi	r19, 0x00	; 0
    5370:	ce 17       	cp	r28, r30
    5372:	df 07       	cpc	r29, r31
    5374:	40 f4       	brcc	.+16     	; 0x5386 <free+0x5a>
    5376:	4a 81       	ldd	r20, Y+2	; 0x02
    5378:	5b 81       	ldd	r21, Y+3	; 0x03
    537a:	9e 01       	movw	r18, r28
    537c:	41 15       	cp	r20, r1
    537e:	51 05       	cpc	r21, r1
    5380:	f1 f0       	breq	.+60     	; 0x53be <free+0x92>
    5382:	ea 01       	movw	r28, r20
    5384:	f5 cf       	rjmp	.-22     	; 0x5370 <free+0x44>
    5386:	c2 83       	std	Z+2, r28	; 0x02
    5388:	d3 83       	std	Z+3, r29	; 0x03
    538a:	40 81       	ld	r20, Z
    538c:	51 81       	ldd	r21, Z+1	; 0x01
    538e:	84 0f       	add	r24, r20
    5390:	95 1f       	adc	r25, r21
    5392:	c8 17       	cp	r28, r24
    5394:	d9 07       	cpc	r29, r25
    5396:	59 f4       	brne	.+22     	; 0x53ae <free+0x82>
    5398:	88 81       	ld	r24, Y
    539a:	99 81       	ldd	r25, Y+1	; 0x01
    539c:	84 0f       	add	r24, r20
    539e:	95 1f       	adc	r25, r21
    53a0:	02 96       	adiw	r24, 0x02	; 2
    53a2:	80 83       	st	Z, r24
    53a4:	91 83       	std	Z+1, r25	; 0x01
    53a6:	8a 81       	ldd	r24, Y+2	; 0x02
    53a8:	9b 81       	ldd	r25, Y+3	; 0x03
    53aa:	82 83       	std	Z+2, r24	; 0x02
    53ac:	93 83       	std	Z+3, r25	; 0x03
    53ae:	21 15       	cp	r18, r1
    53b0:	31 05       	cpc	r19, r1
    53b2:	29 f4       	brne	.+10     	; 0x53be <free+0x92>
    53b4:	e0 93 0d 26 	sts	0x260D, r30	; 0x80260d <__flp>
    53b8:	f0 93 0e 26 	sts	0x260E, r31	; 0x80260e <__flp+0x1>
    53bc:	3d c0       	rjmp	.+122    	; 0x5438 <free+0x10c>
    53be:	e9 01       	movw	r28, r18
    53c0:	ea 83       	std	Y+2, r30	; 0x02
    53c2:	fb 83       	std	Y+3, r31	; 0x03
    53c4:	49 91       	ld	r20, Y+
    53c6:	59 91       	ld	r21, Y+
    53c8:	c4 0f       	add	r28, r20
    53ca:	d5 1f       	adc	r29, r21
    53cc:	ec 17       	cp	r30, r28
    53ce:	fd 07       	cpc	r31, r29
    53d0:	61 f4       	brne	.+24     	; 0x53ea <free+0xbe>
    53d2:	80 81       	ld	r24, Z
    53d4:	91 81       	ldd	r25, Z+1	; 0x01
    53d6:	84 0f       	add	r24, r20
    53d8:	95 1f       	adc	r25, r21
    53da:	02 96       	adiw	r24, 0x02	; 2
    53dc:	e9 01       	movw	r28, r18
    53de:	88 83       	st	Y, r24
    53e0:	99 83       	std	Y+1, r25	; 0x01
    53e2:	82 81       	ldd	r24, Z+2	; 0x02
    53e4:	93 81       	ldd	r25, Z+3	; 0x03
    53e6:	8a 83       	std	Y+2, r24	; 0x02
    53e8:	9b 83       	std	Y+3, r25	; 0x03
    53ea:	e0 e0       	ldi	r30, 0x00	; 0
    53ec:	f0 e0       	ldi	r31, 0x00	; 0
    53ee:	12 96       	adiw	r26, 0x02	; 2
    53f0:	8d 91       	ld	r24, X+
    53f2:	9c 91       	ld	r25, X
    53f4:	13 97       	sbiw	r26, 0x03	; 3
    53f6:	00 97       	sbiw	r24, 0x00	; 0
    53f8:	19 f0       	breq	.+6      	; 0x5400 <free+0xd4>
    53fa:	fd 01       	movw	r30, r26
    53fc:	dc 01       	movw	r26, r24
    53fe:	f7 cf       	rjmp	.-18     	; 0x53ee <free+0xc2>
    5400:	8d 91       	ld	r24, X+
    5402:	9c 91       	ld	r25, X
    5404:	11 97       	sbiw	r26, 0x01	; 1
    5406:	9d 01       	movw	r18, r26
    5408:	2e 5f       	subi	r18, 0xFE	; 254
    540a:	3f 4f       	sbci	r19, 0xFF	; 255
    540c:	82 0f       	add	r24, r18
    540e:	93 1f       	adc	r25, r19
    5410:	20 91 0b 26 	lds	r18, 0x260B	; 0x80260b <__brkval>
    5414:	30 91 0c 26 	lds	r19, 0x260C	; 0x80260c <__brkval+0x1>
    5418:	28 17       	cp	r18, r24
    541a:	39 07       	cpc	r19, r25
    541c:	69 f4       	brne	.+26     	; 0x5438 <free+0x10c>
    541e:	30 97       	sbiw	r30, 0x00	; 0
    5420:	29 f4       	brne	.+10     	; 0x542c <free+0x100>
    5422:	10 92 0d 26 	sts	0x260D, r1	; 0x80260d <__flp>
    5426:	10 92 0e 26 	sts	0x260E, r1	; 0x80260e <__flp+0x1>
    542a:	02 c0       	rjmp	.+4      	; 0x5430 <free+0x104>
    542c:	12 82       	std	Z+2, r1	; 0x02
    542e:	13 82       	std	Z+3, r1	; 0x03
    5430:	a0 93 0b 26 	sts	0x260B, r26	; 0x80260b <__brkval>
    5434:	b0 93 0c 26 	sts	0x260C, r27	; 0x80260c <__brkval+0x1>
    5438:	df 91       	pop	r29
    543a:	cf 91       	pop	r28
    543c:	08 95       	ret

0000543e <swapfunc>:
    543e:	dc 01       	movw	r26, r24
    5440:	fb 01       	movw	r30, r22
    5442:	8c 91       	ld	r24, X
    5444:	90 81       	ld	r25, Z
    5446:	9d 93       	st	X+, r25
    5448:	81 93       	st	Z+, r24
    544a:	41 50       	subi	r20, 0x01	; 1
    544c:	51 09       	sbc	r21, r1
    544e:	14 16       	cp	r1, r20
    5450:	15 06       	cpc	r1, r21
    5452:	bc f3       	brlt	.-18     	; 0x5442 <swapfunc+0x4>
    5454:	08 95       	ret

00005456 <med3>:
    5456:	cf 92       	push	r12
    5458:	df 92       	push	r13
    545a:	ef 92       	push	r14
    545c:	ff 92       	push	r15
    545e:	0f 93       	push	r16
    5460:	1f 93       	push	r17
    5462:	cf 93       	push	r28
    5464:	df 93       	push	r29
    5466:	7c 01       	movw	r14, r24
    5468:	6b 01       	movw	r12, r22
    546a:	d4 2f       	mov	r29, r20
    546c:	c5 2f       	mov	r28, r21
    546e:	89 01       	movw	r16, r18
    5470:	f9 01       	movw	r30, r18
    5472:	19 95       	eicall
    5474:	6d 2f       	mov	r22, r29
    5476:	7c 2f       	mov	r23, r28
    5478:	97 ff       	sbrs	r25, 7
    547a:	10 c0       	rjmp	.+32     	; 0x549c <med3+0x46>
    547c:	c6 01       	movw	r24, r12
    547e:	f8 01       	movw	r30, r16
    5480:	19 95       	eicall
    5482:	97 ff       	sbrs	r25, 7
    5484:	02 c0       	rjmp	.+4      	; 0x548a <med3+0x34>
    5486:	c6 01       	movw	r24, r12
    5488:	18 c0       	rjmp	.+48     	; 0x54ba <med3+0x64>
    548a:	6d 2f       	mov	r22, r29
    548c:	7c 2f       	mov	r23, r28
    548e:	c7 01       	movw	r24, r14
    5490:	f8 01       	movw	r30, r16
    5492:	19 95       	eicall
    5494:	97 fd       	sbrc	r25, 7
    5496:	0f c0       	rjmp	.+30     	; 0x54b6 <med3+0x60>
    5498:	c7 01       	movw	r24, r14
    549a:	0f c0       	rjmp	.+30     	; 0x54ba <med3+0x64>
    549c:	c6 01       	movw	r24, r12
    549e:	f8 01       	movw	r30, r16
    54a0:	19 95       	eicall
    54a2:	18 16       	cp	r1, r24
    54a4:	19 06       	cpc	r1, r25
    54a6:	7c f3       	brlt	.-34     	; 0x5486 <med3+0x30>
    54a8:	6d 2f       	mov	r22, r29
    54aa:	7c 2f       	mov	r23, r28
    54ac:	c7 01       	movw	r24, r14
    54ae:	f8 01       	movw	r30, r16
    54b0:	19 95       	eicall
    54b2:	97 fd       	sbrc	r25, 7
    54b4:	f1 cf       	rjmp	.-30     	; 0x5498 <med3+0x42>
    54b6:	8d 2f       	mov	r24, r29
    54b8:	9c 2f       	mov	r25, r28
    54ba:	df 91       	pop	r29
    54bc:	cf 91       	pop	r28
    54be:	1f 91       	pop	r17
    54c0:	0f 91       	pop	r16
    54c2:	ff 90       	pop	r15
    54c4:	ef 90       	pop	r14
    54c6:	df 90       	pop	r13
    54c8:	cf 90       	pop	r12
    54ca:	08 95       	ret

000054cc <qsort>:
    54cc:	2f 92       	push	r2
    54ce:	3f 92       	push	r3
    54d0:	4f 92       	push	r4
    54d2:	5f 92       	push	r5
    54d4:	6f 92       	push	r6
    54d6:	7f 92       	push	r7
    54d8:	8f 92       	push	r8
    54da:	9f 92       	push	r9
    54dc:	af 92       	push	r10
    54de:	bf 92       	push	r11
    54e0:	cf 92       	push	r12
    54e2:	df 92       	push	r13
    54e4:	ef 92       	push	r14
    54e6:	ff 92       	push	r15
    54e8:	0f 93       	push	r16
    54ea:	1f 93       	push	r17
    54ec:	cf 93       	push	r28
    54ee:	df 93       	push	r29
    54f0:	cd b7       	in	r28, 0x3d	; 61
    54f2:	de b7       	in	r29, 0x3e	; 62
    54f4:	2a 97       	sbiw	r28, 0x0a	; 10
    54f6:	cd bf       	out	0x3d, r28	; 61
    54f8:	de bf       	out	0x3e, r29	; 62
    54fa:	8c 01       	movw	r16, r24
    54fc:	7b 01       	movw	r14, r22
    54fe:	49 87       	std	Y+9, r20	; 0x09
    5500:	5a 87       	std	Y+10, r21	; 0x0a
    5502:	69 01       	movw	r12, r18
    5504:	29 85       	ldd	r18, Y+9	; 0x09
    5506:	3a 85       	ldd	r19, Y+10	; 0x0a
    5508:	20 0f       	add	r18, r16
    550a:	31 1f       	adc	r19, r17
    550c:	29 83       	std	Y+1, r18	; 0x01
    550e:	3a 83       	std	Y+2, r19	; 0x02
    5510:	37 e0       	ldi	r19, 0x07	; 7
    5512:	e3 16       	cp	r14, r19
    5514:	f1 04       	cpc	r15, r1
    5516:	70 f5       	brcc	.+92     	; 0x5574 <qsort+0xa8>
    5518:	69 80       	ldd	r6, Y+1	; 0x01
    551a:	7a 80       	ldd	r7, Y+2	; 0x02
    551c:	49 85       	ldd	r20, Y+9	; 0x09
    551e:	5a 85       	ldd	r21, Y+10	; 0x0a
    5520:	e4 9e       	mul	r14, r20
    5522:	50 01       	movw	r10, r0
    5524:	e5 9e       	mul	r14, r21
    5526:	b0 0c       	add	r11, r0
    5528:	f4 9e       	mul	r15, r20
    552a:	b0 0c       	add	r11, r0
    552c:	11 24       	eor	r1, r1
    552e:	a0 0e       	add	r10, r16
    5530:	b1 1e       	adc	r11, r17
    5532:	6a 14       	cp	r6, r10
    5534:	7b 04       	cpc	r7, r11
    5536:	08 f0       	brcs	.+2      	; 0x553a <qsort+0x6e>
    5538:	7a c1       	rjmp	.+756    	; 0x582e <qsort+0x362>
    553a:	73 01       	movw	r14, r6
    553c:	0e 15       	cp	r16, r14
    553e:	1f 05       	cpc	r17, r15
    5540:	28 f0       	brcs	.+10     	; 0x554c <qsort+0x80>
    5542:	89 85       	ldd	r24, Y+9	; 0x09
    5544:	9a 85       	ldd	r25, Y+10	; 0x0a
    5546:	68 0e       	add	r6, r24
    5548:	79 1e       	adc	r7, r25
    554a:	f3 cf       	rjmp	.-26     	; 0x5532 <qsort+0x66>
    554c:	47 01       	movw	r8, r14
    554e:	e9 85       	ldd	r30, Y+9	; 0x09
    5550:	fa 85       	ldd	r31, Y+10	; 0x0a
    5552:	8e 1a       	sub	r8, r30
    5554:	9f 0a       	sbc	r9, r31
    5556:	b7 01       	movw	r22, r14
    5558:	c4 01       	movw	r24, r8
    555a:	f6 01       	movw	r30, r12
    555c:	19 95       	eicall
    555e:	18 16       	cp	r1, r24
    5560:	19 06       	cpc	r1, r25
    5562:	7c f7       	brge	.-34     	; 0x5542 <qsort+0x76>
    5564:	49 85       	ldd	r20, Y+9	; 0x09
    5566:	5a 85       	ldd	r21, Y+10	; 0x0a
    5568:	b4 01       	movw	r22, r8
    556a:	c7 01       	movw	r24, r14
    556c:	0e 94 1f 2a 	call	0x543e	; 0x543e <swapfunc>
    5570:	74 01       	movw	r14, r8
    5572:	e4 cf       	rjmp	.-56     	; 0x553c <qsort+0x70>
    5574:	c7 01       	movw	r24, r14
    5576:	96 95       	lsr	r25
    5578:	87 95       	ror	r24
    557a:	29 85       	ldd	r18, Y+9	; 0x09
    557c:	3a 85       	ldd	r19, Y+10	; 0x0a
    557e:	82 9f       	mul	r24, r18
    5580:	50 01       	movw	r10, r0
    5582:	83 9f       	mul	r24, r19
    5584:	b0 0c       	add	r11, r0
    5586:	92 9f       	mul	r25, r18
    5588:	b0 0c       	add	r11, r0
    558a:	11 24       	eor	r1, r1
    558c:	a0 0e       	add	r10, r16
    558e:	b1 1e       	adc	r11, r17
    5590:	a7 01       	movw	r20, r14
    5592:	41 50       	subi	r20, 0x01	; 1
    5594:	51 09       	sbc	r21, r1
    5596:	4b 83       	std	Y+3, r20	; 0x03
    5598:	5c 83       	std	Y+4, r21	; 0x04
    559a:	57 e0       	ldi	r21, 0x07	; 7
    559c:	e5 16       	cp	r14, r21
    559e:	f1 04       	cpc	r15, r1
    55a0:	09 f4       	brne	.+2      	; 0x55a4 <qsort+0xd8>
    55a2:	4c c0       	rjmp	.+152    	; 0x563c <qsort+0x170>
    55a4:	8b 81       	ldd	r24, Y+3	; 0x03
    55a6:	9c 81       	ldd	r25, Y+4	; 0x04
    55a8:	82 9f       	mul	r24, r18
    55aa:	30 01       	movw	r6, r0
    55ac:	83 9f       	mul	r24, r19
    55ae:	70 0c       	add	r7, r0
    55b0:	92 9f       	mul	r25, r18
    55b2:	70 0c       	add	r7, r0
    55b4:	11 24       	eor	r1, r1
    55b6:	60 0e       	add	r6, r16
    55b8:	71 1e       	adc	r7, r17
    55ba:	99 e2       	ldi	r25, 0x29	; 41
    55bc:	e9 16       	cp	r14, r25
    55be:	f1 04       	cpc	r15, r1
    55c0:	a8 f1       	brcs	.+106    	; 0x562c <qsort+0x160>
    55c2:	c7 01       	movw	r24, r14
    55c4:	43 e0       	ldi	r20, 0x03	; 3
    55c6:	96 95       	lsr	r25
    55c8:	87 95       	ror	r24
    55ca:	4a 95       	dec	r20
    55cc:	e1 f7       	brne	.-8      	; 0x55c6 <qsort+0xfa>
    55ce:	82 9f       	mul	r24, r18
    55d0:	40 01       	movw	r8, r0
    55d2:	83 9f       	mul	r24, r19
    55d4:	90 0c       	add	r9, r0
    55d6:	92 9f       	mul	r25, r18
    55d8:	90 0c       	add	r9, r0
    55da:	11 24       	eor	r1, r1
    55dc:	14 01       	movw	r2, r8
    55de:	22 0c       	add	r2, r2
    55e0:	33 1c       	adc	r3, r3
    55e2:	a8 01       	movw	r20, r16
    55e4:	42 0d       	add	r20, r2
    55e6:	53 1d       	adc	r21, r3
    55e8:	b8 01       	movw	r22, r16
    55ea:	68 0d       	add	r22, r8
    55ec:	79 1d       	adc	r23, r9
    55ee:	96 01       	movw	r18, r12
    55f0:	c8 01       	movw	r24, r16
    55f2:	0e 94 2b 2a 	call	0x5456	; 0x5456 <med3>
    55f6:	2c 01       	movw	r4, r24
    55f8:	a5 01       	movw	r20, r10
    55fa:	48 0d       	add	r20, r8
    55fc:	59 1d       	adc	r21, r9
    55fe:	91 94       	neg	r9
    5600:	81 94       	neg	r8
    5602:	91 08       	sbc	r9, r1
    5604:	96 01       	movw	r18, r12
    5606:	b5 01       	movw	r22, r10
    5608:	c5 01       	movw	r24, r10
    560a:	88 0d       	add	r24, r8
    560c:	99 1d       	adc	r25, r9
    560e:	0e 94 2b 2a 	call	0x5456	; 0x5456 <med3>
    5612:	5c 01       	movw	r10, r24
    5614:	b3 01       	movw	r22, r6
    5616:	68 0d       	add	r22, r8
    5618:	79 1d       	adc	r23, r9
    561a:	96 01       	movw	r18, r12
    561c:	a3 01       	movw	r20, r6
    561e:	c3 01       	movw	r24, r6
    5620:	82 19       	sub	r24, r2
    5622:	93 09       	sbc	r25, r3
    5624:	0e 94 2b 2a 	call	0x5456	; 0x5456 <med3>
    5628:	3c 01       	movw	r6, r24
    562a:	01 c0       	rjmp	.+2      	; 0x562e <qsort+0x162>
    562c:	28 01       	movw	r4, r16
    562e:	96 01       	movw	r18, r12
    5630:	a3 01       	movw	r20, r6
    5632:	b5 01       	movw	r22, r10
    5634:	c2 01       	movw	r24, r4
    5636:	0e 94 2b 2a 	call	0x5456	; 0x5456 <med3>
    563a:	5c 01       	movw	r10, r24
    563c:	49 85       	ldd	r20, Y+9	; 0x09
    563e:	5a 85       	ldd	r21, Y+10	; 0x0a
    5640:	b5 01       	movw	r22, r10
    5642:	c8 01       	movw	r24, r16
    5644:	0e 94 1f 2a 	call	0x543e	; 0x543e <swapfunc>
    5648:	69 80       	ldd	r6, Y+1	; 0x01
    564a:	7a 80       	ldd	r7, Y+2	; 0x02
    564c:	2b 81       	ldd	r18, Y+3	; 0x03
    564e:	3c 81       	ldd	r19, Y+4	; 0x04
    5650:	49 85       	ldd	r20, Y+9	; 0x09
    5652:	5a 85       	ldd	r21, Y+10	; 0x0a
    5654:	24 9f       	mul	r18, r20
    5656:	f0 01       	movw	r30, r0
    5658:	25 9f       	mul	r18, r21
    565a:	f0 0d       	add	r31, r0
    565c:	34 9f       	mul	r19, r20
    565e:	f0 0d       	add	r31, r0
    5660:	11 24       	eor	r1, r1
    5662:	ed 83       	std	Y+5, r30	; 0x05
    5664:	fe 83       	std	Y+6, r31	; 0x06
    5666:	5f 01       	movw	r10, r30
    5668:	a0 0e       	add	r10, r16
    566a:	b1 1e       	adc	r11, r17
    566c:	46 0d       	add	r20, r6
    566e:	57 1d       	adc	r21, r7
    5670:	4b 83       	std	Y+3, r20	; 0x03
    5672:	5c 83       	std	Y+4, r21	; 0x04
    5674:	25 01       	movw	r4, r10
    5676:	13 01       	movw	r2, r6
    5678:	19 82       	std	Y+1, r1	; 0x01
    567a:	1a 82       	std	Y+2, r1	; 0x02
    567c:	8b 80       	ldd	r8, Y+3	; 0x03
    567e:	9c 80       	ldd	r9, Y+4	; 0x04
    5680:	89 85       	ldd	r24, Y+9	; 0x09
    5682:	9a 85       	ldd	r25, Y+10	; 0x0a
    5684:	88 1a       	sub	r8, r24
    5686:	99 0a       	sbc	r9, r25
    5688:	a8 14       	cp	r10, r8
    568a:	b9 04       	cpc	r11, r9
    568c:	08 f4       	brcc	.+2      	; 0x5690 <qsort+0x1c4>
    568e:	50 c0       	rjmp	.+160    	; 0x5730 <qsort+0x264>
    5690:	b8 01       	movw	r22, r16
    5692:	c4 01       	movw	r24, r8
    5694:	f6 01       	movw	r30, r12
    5696:	19 95       	eicall
    5698:	18 16       	cp	r1, r24
    569a:	19 06       	cpc	r1, r25
    569c:	c4 f1       	brlt	.+112    	; 0x570e <qsort+0x242>
    569e:	89 2b       	or	r24, r25
    56a0:	71 f4       	brne	.+28     	; 0x56be <qsort+0x1f2>
    56a2:	49 85       	ldd	r20, Y+9	; 0x09
    56a4:	5a 85       	ldd	r21, Y+10	; 0x0a
    56a6:	b4 01       	movw	r22, r8
    56a8:	c1 01       	movw	r24, r2
    56aa:	0e 94 1f 2a 	call	0x543e	; 0x543e <swapfunc>
    56ae:	89 85       	ldd	r24, Y+9	; 0x09
    56b0:	9a 85       	ldd	r25, Y+10	; 0x0a
    56b2:	28 0e       	add	r2, r24
    56b4:	39 1e       	adc	r3, r25
    56b6:	e1 e0       	ldi	r30, 0x01	; 1
    56b8:	f0 e0       	ldi	r31, 0x00	; 0
    56ba:	e9 83       	std	Y+1, r30	; 0x01
    56bc:	fa 83       	std	Y+2, r31	; 0x02
    56be:	2b 81       	ldd	r18, Y+3	; 0x03
    56c0:	3c 81       	ldd	r19, Y+4	; 0x04
    56c2:	49 85       	ldd	r20, Y+9	; 0x09
    56c4:	5a 85       	ldd	r21, Y+10	; 0x0a
    56c6:	24 0f       	add	r18, r20
    56c8:	35 1f       	adc	r19, r21
    56ca:	2b 83       	std	Y+3, r18	; 0x03
    56cc:	3c 83       	std	Y+4, r19	; 0x04
    56ce:	d6 cf       	rjmp	.-84     	; 0x567c <qsort+0x1b0>
    56d0:	b8 01       	movw	r22, r16
    56d2:	c5 01       	movw	r24, r10
    56d4:	f6 01       	movw	r30, r12
    56d6:	19 95       	eicall
    56d8:	95 01       	movw	r18, r10
    56da:	49 85       	ldd	r20, Y+9	; 0x09
    56dc:	5a 85       	ldd	r21, Y+10	; 0x0a
    56de:	24 1b       	sub	r18, r20
    56e0:	35 0b       	sbc	r19, r21
    56e2:	2f 83       	std	Y+7, r18	; 0x07
    56e4:	38 87       	std	Y+8, r19	; 0x08
    56e6:	97 fd       	sbrc	r25, 7
    56e8:	16 c0       	rjmp	.+44     	; 0x5716 <qsort+0x24a>
    56ea:	89 2b       	or	r24, r25
    56ec:	71 f4       	brne	.+28     	; 0x570a <qsort+0x23e>
    56ee:	49 85       	ldd	r20, Y+9	; 0x09
    56f0:	5a 85       	ldd	r21, Y+10	; 0x0a
    56f2:	b2 01       	movw	r22, r4
    56f4:	c5 01       	movw	r24, r10
    56f6:	0e 94 1f 2a 	call	0x543e	; 0x543e <swapfunc>
    56fa:	29 85       	ldd	r18, Y+9	; 0x09
    56fc:	3a 85       	ldd	r19, Y+10	; 0x0a
    56fe:	42 1a       	sub	r4, r18
    5700:	53 0a       	sbc	r5, r19
    5702:	41 e0       	ldi	r20, 0x01	; 1
    5704:	50 e0       	ldi	r21, 0x00	; 0
    5706:	49 83       	std	Y+1, r20	; 0x01
    5708:	5a 83       	std	Y+2, r21	; 0x02
    570a:	af 80       	ldd	r10, Y+7	; 0x07
    570c:	b8 84       	ldd	r11, Y+8	; 0x08
    570e:	a8 14       	cp	r10, r8
    5710:	b9 04       	cpc	r11, r9
    5712:	f0 f6       	brcc	.-68     	; 0x56d0 <qsort+0x204>
    5714:	0d c0       	rjmp	.+26     	; 0x5730 <qsort+0x264>
    5716:	49 85       	ldd	r20, Y+9	; 0x09
    5718:	5a 85       	ldd	r21, Y+10	; 0x0a
    571a:	b5 01       	movw	r22, r10
    571c:	c4 01       	movw	r24, r8
    571e:	0e 94 1f 2a 	call	0x543e	; 0x543e <swapfunc>
    5722:	af 80       	ldd	r10, Y+7	; 0x07
    5724:	b8 84       	ldd	r11, Y+8	; 0x08
    5726:	41 e0       	ldi	r20, 0x01	; 1
    5728:	50 e0       	ldi	r21, 0x00	; 0
    572a:	49 83       	std	Y+1, r20	; 0x01
    572c:	5a 83       	std	Y+2, r21	; 0x02
    572e:	c7 cf       	rjmp	.-114    	; 0x56be <qsort+0x1f2>
    5730:	89 81       	ldd	r24, Y+1	; 0x01
    5732:	9a 81       	ldd	r25, Y+2	; 0x02
    5734:	89 2b       	or	r24, r25
    5736:	09 f4       	brne	.+2      	; 0x573a <qsort+0x26e>
    5738:	4f c0       	rjmp	.+158    	; 0x57d8 <qsort+0x30c>
    573a:	6d 80       	ldd	r6, Y+5	; 0x05
    573c:	7e 80       	ldd	r7, Y+6	; 0x06
    573e:	29 85       	ldd	r18, Y+9	; 0x09
    5740:	3a 85       	ldd	r19, Y+10	; 0x0a
    5742:	62 0e       	add	r6, r18
    5744:	73 1e       	adc	r7, r19
    5746:	60 0e       	add	r6, r16
    5748:	71 1e       	adc	r7, r17
    574a:	74 01       	movw	r14, r8
    574c:	e2 18       	sub	r14, r2
    574e:	f3 08       	sbc	r15, r3
    5750:	a1 01       	movw	r20, r2
    5752:	40 1b       	sub	r20, r16
    5754:	51 0b       	sbc	r21, r17
    5756:	e4 16       	cp	r14, r20
    5758:	f5 06       	cpc	r15, r21
    575a:	0c f4       	brge	.+2      	; 0x575e <qsort+0x292>
    575c:	a7 01       	movw	r20, r14
    575e:	14 16       	cp	r1, r20
    5760:	15 06       	cpc	r1, r21
    5762:	34 f4       	brge	.+12     	; 0x5770 <qsort+0x2a4>
    5764:	b4 01       	movw	r22, r8
    5766:	64 1b       	sub	r22, r20
    5768:	75 0b       	sbc	r23, r21
    576a:	c8 01       	movw	r24, r16
    576c:	0e 94 1f 2a 	call	0x543e	; 0x543e <swapfunc>
    5770:	a2 01       	movw	r20, r4
    5772:	4a 19       	sub	r20, r10
    5774:	5b 09       	sbc	r21, r11
    5776:	5a 01       	movw	r10, r20
    5778:	a3 01       	movw	r20, r6
    577a:	44 19       	sub	r20, r4
    577c:	55 09       	sbc	r21, r5
    577e:	89 85       	ldd	r24, Y+9	; 0x09
    5780:	9a 85       	ldd	r25, Y+10	; 0x0a
    5782:	48 1b       	sub	r20, r24
    5784:	59 0b       	sbc	r21, r25
    5786:	a4 16       	cp	r10, r20
    5788:	b5 06       	cpc	r11, r21
    578a:	08 f4       	brcc	.+2      	; 0x578e <qsort+0x2c2>
    578c:	a5 01       	movw	r20, r10
    578e:	14 16       	cp	r1, r20
    5790:	15 06       	cpc	r1, r21
    5792:	34 f4       	brge	.+12     	; 0x57a0 <qsort+0x2d4>
    5794:	b3 01       	movw	r22, r6
    5796:	64 1b       	sub	r22, r20
    5798:	75 0b       	sbc	r23, r21
    579a:	c4 01       	movw	r24, r8
    579c:	0e 94 1f 2a 	call	0x543e	; 0x543e <swapfunc>
    57a0:	e9 85       	ldd	r30, Y+9	; 0x09
    57a2:	fa 85       	ldd	r31, Y+10	; 0x0a
    57a4:	ee 15       	cp	r30, r14
    57a6:	ff 05       	cpc	r31, r15
    57a8:	48 f4       	brcc	.+18     	; 0x57bc <qsort+0x2f0>
    57aa:	c7 01       	movw	r24, r14
    57ac:	bf 01       	movw	r22, r30
    57ae:	0e 94 c7 28 	call	0x518e	; 0x518e <__udivmodhi4>
    57b2:	96 01       	movw	r18, r12
    57b4:	af 01       	movw	r20, r30
    57b6:	c8 01       	movw	r24, r16
    57b8:	0e 94 66 2a 	call	0x54cc	; 0x54cc <qsort>
    57bc:	29 85       	ldd	r18, Y+9	; 0x09
    57be:	3a 85       	ldd	r19, Y+10	; 0x0a
    57c0:	2a 15       	cp	r18, r10
    57c2:	3b 05       	cpc	r19, r11
    57c4:	a0 f5       	brcc	.+104    	; 0x582e <qsort+0x362>
    57c6:	83 01       	movw	r16, r6
    57c8:	0a 19       	sub	r16, r10
    57ca:	1b 09       	sbc	r17, r11
    57cc:	c5 01       	movw	r24, r10
    57ce:	b9 01       	movw	r22, r18
    57d0:	0e 94 c7 28 	call	0x518e	; 0x518e <__udivmodhi4>
    57d4:	7b 01       	movw	r14, r22
    57d6:	96 ce       	rjmp	.-724    	; 0x5504 <qsort+0x38>
    57d8:	e9 85       	ldd	r30, Y+9	; 0x09
    57da:	fa 85       	ldd	r31, Y+10	; 0x0a
    57dc:	ee 9e       	mul	r14, r30
    57de:	50 01       	movw	r10, r0
    57e0:	ef 9e       	mul	r14, r31
    57e2:	b0 0c       	add	r11, r0
    57e4:	fe 9e       	mul	r15, r30
    57e6:	b0 0c       	add	r11, r0
    57e8:	11 24       	eor	r1, r1
    57ea:	a0 0e       	add	r10, r16
    57ec:	b1 1e       	adc	r11, r17
    57ee:	6a 14       	cp	r6, r10
    57f0:	7b 04       	cpc	r7, r11
    57f2:	e8 f4       	brcc	.+58     	; 0x582e <qsort+0x362>
    57f4:	73 01       	movw	r14, r6
    57f6:	0e 15       	cp	r16, r14
    57f8:	1f 05       	cpc	r17, r15
    57fa:	28 f0       	brcs	.+10     	; 0x5806 <qsort+0x33a>
    57fc:	89 85       	ldd	r24, Y+9	; 0x09
    57fe:	9a 85       	ldd	r25, Y+10	; 0x0a
    5800:	68 0e       	add	r6, r24
    5802:	79 1e       	adc	r7, r25
    5804:	f4 cf       	rjmp	.-24     	; 0x57ee <qsort+0x322>
    5806:	47 01       	movw	r8, r14
    5808:	e9 85       	ldd	r30, Y+9	; 0x09
    580a:	fa 85       	ldd	r31, Y+10	; 0x0a
    580c:	8e 1a       	sub	r8, r30
    580e:	9f 0a       	sbc	r9, r31
    5810:	b7 01       	movw	r22, r14
    5812:	c4 01       	movw	r24, r8
    5814:	f6 01       	movw	r30, r12
    5816:	19 95       	eicall
    5818:	18 16       	cp	r1, r24
    581a:	19 06       	cpc	r1, r25
    581c:	7c f7       	brge	.-34     	; 0x57fc <qsort+0x330>
    581e:	49 85       	ldd	r20, Y+9	; 0x09
    5820:	5a 85       	ldd	r21, Y+10	; 0x0a
    5822:	b4 01       	movw	r22, r8
    5824:	c7 01       	movw	r24, r14
    5826:	0e 94 1f 2a 	call	0x543e	; 0x543e <swapfunc>
    582a:	74 01       	movw	r14, r8
    582c:	e4 cf       	rjmp	.-56     	; 0x57f6 <qsort+0x32a>
    582e:	2a 96       	adiw	r28, 0x0a	; 10
    5830:	cd bf       	out	0x3d, r28	; 61
    5832:	de bf       	out	0x3e, r29	; 62
    5834:	df 91       	pop	r29
    5836:	cf 91       	pop	r28
    5838:	1f 91       	pop	r17
    583a:	0f 91       	pop	r16
    583c:	ff 90       	pop	r15
    583e:	ef 90       	pop	r14
    5840:	df 90       	pop	r13
    5842:	cf 90       	pop	r12
    5844:	bf 90       	pop	r11
    5846:	af 90       	pop	r10
    5848:	9f 90       	pop	r9
    584a:	8f 90       	pop	r8
    584c:	7f 90       	pop	r7
    584e:	6f 90       	pop	r6
    5850:	5f 90       	pop	r5
    5852:	4f 90       	pop	r4
    5854:	3f 90       	pop	r3
    5856:	2f 90       	pop	r2
    5858:	08 95       	ret

0000585a <__ftoa_engine>:
    585a:	28 30       	cpi	r18, 0x08	; 8
    585c:	08 f0       	brcs	.+2      	; 0x5860 <__ftoa_engine+0x6>
    585e:	27 e0       	ldi	r18, 0x07	; 7
    5860:	33 27       	eor	r19, r19
    5862:	da 01       	movw	r26, r20
    5864:	99 0f       	add	r25, r25
    5866:	31 1d       	adc	r19, r1
    5868:	87 fd       	sbrc	r24, 7
    586a:	91 60       	ori	r25, 0x01	; 1
    586c:	00 96       	adiw	r24, 0x00	; 0
    586e:	61 05       	cpc	r22, r1
    5870:	71 05       	cpc	r23, r1
    5872:	39 f4       	brne	.+14     	; 0x5882 <__ftoa_engine+0x28>
    5874:	32 60       	ori	r19, 0x02	; 2
    5876:	2e 5f       	subi	r18, 0xFE	; 254
    5878:	3d 93       	st	X+, r19
    587a:	30 e3       	ldi	r19, 0x30	; 48
    587c:	2a 95       	dec	r18
    587e:	e1 f7       	brne	.-8      	; 0x5878 <__ftoa_engine+0x1e>
    5880:	08 95       	ret
    5882:	9f 3f       	cpi	r25, 0xFF	; 255
    5884:	30 f0       	brcs	.+12     	; 0x5892 <__ftoa_engine+0x38>
    5886:	80 38       	cpi	r24, 0x80	; 128
    5888:	71 05       	cpc	r23, r1
    588a:	61 05       	cpc	r22, r1
    588c:	09 f0       	breq	.+2      	; 0x5890 <__ftoa_engine+0x36>
    588e:	3c 5f       	subi	r19, 0xFC	; 252
    5890:	3c 5f       	subi	r19, 0xFC	; 252
    5892:	3d 93       	st	X+, r19
    5894:	91 30       	cpi	r25, 0x01	; 1
    5896:	08 f0       	brcs	.+2      	; 0x589a <__ftoa_engine+0x40>
    5898:	80 68       	ori	r24, 0x80	; 128
    589a:	91 1d       	adc	r25, r1
    589c:	df 93       	push	r29
    589e:	cf 93       	push	r28
    58a0:	1f 93       	push	r17
    58a2:	0f 93       	push	r16
    58a4:	ff 92       	push	r15
    58a6:	ef 92       	push	r14
    58a8:	19 2f       	mov	r17, r25
    58aa:	98 7f       	andi	r25, 0xF8	; 248
    58ac:	96 95       	lsr	r25
    58ae:	e9 2f       	mov	r30, r25
    58b0:	96 95       	lsr	r25
    58b2:	96 95       	lsr	r25
    58b4:	e9 0f       	add	r30, r25
    58b6:	ff 27       	eor	r31, r31
    58b8:	ec 50       	subi	r30, 0x0C	; 12
    58ba:	fd 4f       	sbci	r31, 0xFD	; 253
    58bc:	99 27       	eor	r25, r25
    58be:	33 27       	eor	r19, r19
    58c0:	ee 24       	eor	r14, r14
    58c2:	ff 24       	eor	r15, r15
    58c4:	a7 01       	movw	r20, r14
    58c6:	e7 01       	movw	r28, r14
    58c8:	05 90       	lpm	r0, Z+
    58ca:	08 94       	sec
    58cc:	07 94       	ror	r0
    58ce:	28 f4       	brcc	.+10     	; 0x58da <__ftoa_engine+0x80>
    58d0:	36 0f       	add	r19, r22
    58d2:	e7 1e       	adc	r14, r23
    58d4:	f8 1e       	adc	r15, r24
    58d6:	49 1f       	adc	r20, r25
    58d8:	51 1d       	adc	r21, r1
    58da:	66 0f       	add	r22, r22
    58dc:	77 1f       	adc	r23, r23
    58de:	88 1f       	adc	r24, r24
    58e0:	99 1f       	adc	r25, r25
    58e2:	06 94       	lsr	r0
    58e4:	a1 f7       	brne	.-24     	; 0x58ce <__ftoa_engine+0x74>
    58e6:	05 90       	lpm	r0, Z+
    58e8:	07 94       	ror	r0
    58ea:	28 f4       	brcc	.+10     	; 0x58f6 <__ftoa_engine+0x9c>
    58ec:	e7 0e       	add	r14, r23
    58ee:	f8 1e       	adc	r15, r24
    58f0:	49 1f       	adc	r20, r25
    58f2:	56 1f       	adc	r21, r22
    58f4:	c1 1d       	adc	r28, r1
    58f6:	77 0f       	add	r23, r23
    58f8:	88 1f       	adc	r24, r24
    58fa:	99 1f       	adc	r25, r25
    58fc:	66 1f       	adc	r22, r22
    58fe:	06 94       	lsr	r0
    5900:	a1 f7       	brne	.-24     	; 0x58ea <__ftoa_engine+0x90>
    5902:	05 90       	lpm	r0, Z+
    5904:	07 94       	ror	r0
    5906:	28 f4       	brcc	.+10     	; 0x5912 <__ftoa_engine+0xb8>
    5908:	f8 0e       	add	r15, r24
    590a:	49 1f       	adc	r20, r25
    590c:	56 1f       	adc	r21, r22
    590e:	c7 1f       	adc	r28, r23
    5910:	d1 1d       	adc	r29, r1
    5912:	88 0f       	add	r24, r24
    5914:	99 1f       	adc	r25, r25
    5916:	66 1f       	adc	r22, r22
    5918:	77 1f       	adc	r23, r23
    591a:	06 94       	lsr	r0
    591c:	a1 f7       	brne	.-24     	; 0x5906 <__ftoa_engine+0xac>
    591e:	05 90       	lpm	r0, Z+
    5920:	07 94       	ror	r0
    5922:	20 f4       	brcc	.+8      	; 0x592c <__ftoa_engine+0xd2>
    5924:	49 0f       	add	r20, r25
    5926:	56 1f       	adc	r21, r22
    5928:	c7 1f       	adc	r28, r23
    592a:	d8 1f       	adc	r29, r24
    592c:	99 0f       	add	r25, r25
    592e:	66 1f       	adc	r22, r22
    5930:	77 1f       	adc	r23, r23
    5932:	88 1f       	adc	r24, r24
    5934:	06 94       	lsr	r0
    5936:	a9 f7       	brne	.-22     	; 0x5922 <__ftoa_engine+0xc8>
    5938:	84 91       	lpm	r24, Z
    593a:	10 95       	com	r17
    593c:	17 70       	andi	r17, 0x07	; 7
    593e:	41 f0       	breq	.+16     	; 0x5950 <__ftoa_engine+0xf6>
    5940:	d6 95       	lsr	r29
    5942:	c7 95       	ror	r28
    5944:	57 95       	ror	r21
    5946:	47 95       	ror	r20
    5948:	f7 94       	ror	r15
    594a:	e7 94       	ror	r14
    594c:	1a 95       	dec	r17
    594e:	c1 f7       	brne	.-16     	; 0x5940 <__ftoa_engine+0xe6>
    5950:	ea e9       	ldi	r30, 0x9A	; 154
    5952:	f2 e0       	ldi	r31, 0x02	; 2
    5954:	68 94       	set
    5956:	15 90       	lpm	r1, Z+
    5958:	15 91       	lpm	r17, Z+
    595a:	35 91       	lpm	r19, Z+
    595c:	65 91       	lpm	r22, Z+
    595e:	95 91       	lpm	r25, Z+
    5960:	05 90       	lpm	r0, Z+
    5962:	7f e2       	ldi	r23, 0x2F	; 47
    5964:	73 95       	inc	r23
    5966:	e1 18       	sub	r14, r1
    5968:	f1 0a       	sbc	r15, r17
    596a:	43 0b       	sbc	r20, r19
    596c:	56 0b       	sbc	r21, r22
    596e:	c9 0b       	sbc	r28, r25
    5970:	d0 09       	sbc	r29, r0
    5972:	c0 f7       	brcc	.-16     	; 0x5964 <__ftoa_engine+0x10a>
    5974:	e1 0c       	add	r14, r1
    5976:	f1 1e       	adc	r15, r17
    5978:	43 1f       	adc	r20, r19
    597a:	56 1f       	adc	r21, r22
    597c:	c9 1f       	adc	r28, r25
    597e:	d0 1d       	adc	r29, r0
    5980:	7e f4       	brtc	.+30     	; 0x59a0 <__ftoa_engine+0x146>
    5982:	70 33       	cpi	r23, 0x30	; 48
    5984:	11 f4       	brne	.+4      	; 0x598a <__ftoa_engine+0x130>
    5986:	8a 95       	dec	r24
    5988:	e6 cf       	rjmp	.-52     	; 0x5956 <__ftoa_engine+0xfc>
    598a:	e8 94       	clt
    598c:	01 50       	subi	r16, 0x01	; 1
    598e:	30 f0       	brcs	.+12     	; 0x599c <__ftoa_engine+0x142>
    5990:	08 0f       	add	r16, r24
    5992:	0a f4       	brpl	.+2      	; 0x5996 <__ftoa_engine+0x13c>
    5994:	00 27       	eor	r16, r16
    5996:	02 17       	cp	r16, r18
    5998:	08 f4       	brcc	.+2      	; 0x599c <__ftoa_engine+0x142>
    599a:	20 2f       	mov	r18, r16
    599c:	23 95       	inc	r18
    599e:	02 2f       	mov	r16, r18
    59a0:	7a 33       	cpi	r23, 0x3A	; 58
    59a2:	28 f0       	brcs	.+10     	; 0x59ae <__ftoa_engine+0x154>
    59a4:	79 e3       	ldi	r23, 0x39	; 57
    59a6:	7d 93       	st	X+, r23
    59a8:	2a 95       	dec	r18
    59aa:	e9 f7       	brne	.-6      	; 0x59a6 <__ftoa_engine+0x14c>
    59ac:	10 c0       	rjmp	.+32     	; 0x59ce <__ftoa_engine+0x174>
    59ae:	7d 93       	st	X+, r23
    59b0:	2a 95       	dec	r18
    59b2:	89 f6       	brne	.-94     	; 0x5956 <__ftoa_engine+0xfc>
    59b4:	06 94       	lsr	r0
    59b6:	97 95       	ror	r25
    59b8:	67 95       	ror	r22
    59ba:	37 95       	ror	r19
    59bc:	17 95       	ror	r17
    59be:	17 94       	ror	r1
    59c0:	e1 18       	sub	r14, r1
    59c2:	f1 0a       	sbc	r15, r17
    59c4:	43 0b       	sbc	r20, r19
    59c6:	56 0b       	sbc	r21, r22
    59c8:	c9 0b       	sbc	r28, r25
    59ca:	d0 09       	sbc	r29, r0
    59cc:	98 f0       	brcs	.+38     	; 0x59f4 <__ftoa_engine+0x19a>
    59ce:	23 95       	inc	r18
    59d0:	7e 91       	ld	r23, -X
    59d2:	73 95       	inc	r23
    59d4:	7a 33       	cpi	r23, 0x3A	; 58
    59d6:	08 f0       	brcs	.+2      	; 0x59da <__ftoa_engine+0x180>
    59d8:	70 e3       	ldi	r23, 0x30	; 48
    59da:	7c 93       	st	X, r23
    59dc:	20 13       	cpse	r18, r16
    59de:	b8 f7       	brcc	.-18     	; 0x59ce <__ftoa_engine+0x174>
    59e0:	7e 91       	ld	r23, -X
    59e2:	70 61       	ori	r23, 0x10	; 16
    59e4:	7d 93       	st	X+, r23
    59e6:	30 f0       	brcs	.+12     	; 0x59f4 <__ftoa_engine+0x19a>
    59e8:	83 95       	inc	r24
    59ea:	71 e3       	ldi	r23, 0x31	; 49
    59ec:	7d 93       	st	X+, r23
    59ee:	70 e3       	ldi	r23, 0x30	; 48
    59f0:	2a 95       	dec	r18
    59f2:	e1 f7       	brne	.-8      	; 0x59ec <__ftoa_engine+0x192>
    59f4:	11 24       	eor	r1, r1
    59f6:	ef 90       	pop	r14
    59f8:	ff 90       	pop	r15
    59fa:	0f 91       	pop	r16
    59fc:	1f 91       	pop	r17
    59fe:	cf 91       	pop	r28
    5a00:	df 91       	pop	r29
    5a02:	99 27       	eor	r25, r25
    5a04:	87 fd       	sbrc	r24, 7
    5a06:	90 95       	com	r25
    5a08:	08 95       	ret

00005a0a <strnlen_P>:
    5a0a:	fc 01       	movw	r30, r24
    5a0c:	05 90       	lpm	r0, Z+
    5a0e:	61 50       	subi	r22, 0x01	; 1
    5a10:	70 40       	sbci	r23, 0x00	; 0
    5a12:	01 10       	cpse	r0, r1
    5a14:	d8 f7       	brcc	.-10     	; 0x5a0c <strnlen_P+0x2>
    5a16:	80 95       	com	r24
    5a18:	90 95       	com	r25
    5a1a:	8e 0f       	add	r24, r30
    5a1c:	9f 1f       	adc	r25, r31
    5a1e:	08 95       	ret

00005a20 <memset>:
    5a20:	dc 01       	movw	r26, r24
    5a22:	01 c0       	rjmp	.+2      	; 0x5a26 <memset+0x6>
    5a24:	6d 93       	st	X+, r22
    5a26:	41 50       	subi	r20, 0x01	; 1
    5a28:	50 40       	sbci	r21, 0x00	; 0
    5a2a:	e0 f7       	brcc	.-8      	; 0x5a24 <memset+0x4>
    5a2c:	08 95       	ret

00005a2e <strnlen>:
    5a2e:	fc 01       	movw	r30, r24
    5a30:	61 50       	subi	r22, 0x01	; 1
    5a32:	70 40       	sbci	r23, 0x00	; 0
    5a34:	01 90       	ld	r0, Z+
    5a36:	01 10       	cpse	r0, r1
    5a38:	d8 f7       	brcc	.-10     	; 0x5a30 <strnlen+0x2>
    5a3a:	80 95       	com	r24
    5a3c:	90 95       	com	r25
    5a3e:	8e 0f       	add	r24, r30
    5a40:	9f 1f       	adc	r25, r31
    5a42:	08 95       	ret

00005a44 <fgetc>:
    5a44:	cf 93       	push	r28
    5a46:	df 93       	push	r29
    5a48:	ec 01       	movw	r28, r24
    5a4a:	2b 81       	ldd	r18, Y+3	; 0x03
    5a4c:	20 ff       	sbrs	r18, 0
    5a4e:	33 c0       	rjmp	.+102    	; 0x5ab6 <fgetc+0x72>
    5a50:	26 ff       	sbrs	r18, 6
    5a52:	0a c0       	rjmp	.+20     	; 0x5a68 <fgetc+0x24>
    5a54:	2f 7b       	andi	r18, 0xBF	; 191
    5a56:	2b 83       	std	Y+3, r18	; 0x03
    5a58:	8e 81       	ldd	r24, Y+6	; 0x06
    5a5a:	9f 81       	ldd	r25, Y+7	; 0x07
    5a5c:	01 96       	adiw	r24, 0x01	; 1
    5a5e:	8e 83       	std	Y+6, r24	; 0x06
    5a60:	9f 83       	std	Y+7, r25	; 0x07
    5a62:	8a 81       	ldd	r24, Y+2	; 0x02
    5a64:	90 e0       	ldi	r25, 0x00	; 0
    5a66:	29 c0       	rjmp	.+82     	; 0x5aba <fgetc+0x76>
    5a68:	22 ff       	sbrs	r18, 2
    5a6a:	0f c0       	rjmp	.+30     	; 0x5a8a <fgetc+0x46>
    5a6c:	e8 81       	ld	r30, Y
    5a6e:	f9 81       	ldd	r31, Y+1	; 0x01
    5a70:	80 81       	ld	r24, Z
    5a72:	08 2e       	mov	r0, r24
    5a74:	00 0c       	add	r0, r0
    5a76:	99 0b       	sbc	r25, r25
    5a78:	00 97       	sbiw	r24, 0x00	; 0
    5a7a:	19 f4       	brne	.+6      	; 0x5a82 <fgetc+0x3e>
    5a7c:	20 62       	ori	r18, 0x20	; 32
    5a7e:	2b 83       	std	Y+3, r18	; 0x03
    5a80:	1a c0       	rjmp	.+52     	; 0x5ab6 <fgetc+0x72>
    5a82:	31 96       	adiw	r30, 0x01	; 1
    5a84:	e8 83       	st	Y, r30
    5a86:	f9 83       	std	Y+1, r31	; 0x01
    5a88:	0e c0       	rjmp	.+28     	; 0x5aa6 <fgetc+0x62>
    5a8a:	ea 85       	ldd	r30, Y+10	; 0x0a
    5a8c:	fb 85       	ldd	r31, Y+11	; 0x0b
    5a8e:	19 95       	eicall
    5a90:	97 ff       	sbrs	r25, 7
    5a92:	09 c0       	rjmp	.+18     	; 0x5aa6 <fgetc+0x62>
    5a94:	2b 81       	ldd	r18, Y+3	; 0x03
    5a96:	01 96       	adiw	r24, 0x01	; 1
    5a98:	11 f0       	breq	.+4      	; 0x5a9e <fgetc+0x5a>
    5a9a:	80 e2       	ldi	r24, 0x20	; 32
    5a9c:	01 c0       	rjmp	.+2      	; 0x5aa0 <fgetc+0x5c>
    5a9e:	80 e1       	ldi	r24, 0x10	; 16
    5aa0:	82 2b       	or	r24, r18
    5aa2:	8b 83       	std	Y+3, r24	; 0x03
    5aa4:	08 c0       	rjmp	.+16     	; 0x5ab6 <fgetc+0x72>
    5aa6:	2e 81       	ldd	r18, Y+6	; 0x06
    5aa8:	3f 81       	ldd	r19, Y+7	; 0x07
    5aaa:	2f 5f       	subi	r18, 0xFF	; 255
    5aac:	3f 4f       	sbci	r19, 0xFF	; 255
    5aae:	2e 83       	std	Y+6, r18	; 0x06
    5ab0:	3f 83       	std	Y+7, r19	; 0x07
    5ab2:	99 27       	eor	r25, r25
    5ab4:	02 c0       	rjmp	.+4      	; 0x5aba <fgetc+0x76>
    5ab6:	8f ef       	ldi	r24, 0xFF	; 255
    5ab8:	9f ef       	ldi	r25, 0xFF	; 255
    5aba:	df 91       	pop	r29
    5abc:	cf 91       	pop	r28
    5abe:	08 95       	ret

00005ac0 <fputc>:
    5ac0:	0f 93       	push	r16
    5ac2:	1f 93       	push	r17
    5ac4:	cf 93       	push	r28
    5ac6:	df 93       	push	r29
    5ac8:	fb 01       	movw	r30, r22
    5aca:	23 81       	ldd	r18, Z+3	; 0x03
    5acc:	21 fd       	sbrc	r18, 1
    5ace:	03 c0       	rjmp	.+6      	; 0x5ad6 <fputc+0x16>
    5ad0:	8f ef       	ldi	r24, 0xFF	; 255
    5ad2:	9f ef       	ldi	r25, 0xFF	; 255
    5ad4:	2c c0       	rjmp	.+88     	; 0x5b2e <fputc+0x6e>
    5ad6:	22 ff       	sbrs	r18, 2
    5ad8:	16 c0       	rjmp	.+44     	; 0x5b06 <fputc+0x46>
    5ada:	46 81       	ldd	r20, Z+6	; 0x06
    5adc:	57 81       	ldd	r21, Z+7	; 0x07
    5ade:	24 81       	ldd	r18, Z+4	; 0x04
    5ae0:	35 81       	ldd	r19, Z+5	; 0x05
    5ae2:	42 17       	cp	r20, r18
    5ae4:	53 07       	cpc	r21, r19
    5ae6:	44 f4       	brge	.+16     	; 0x5af8 <fputc+0x38>
    5ae8:	a0 81       	ld	r26, Z
    5aea:	b1 81       	ldd	r27, Z+1	; 0x01
    5aec:	9d 01       	movw	r18, r26
    5aee:	2f 5f       	subi	r18, 0xFF	; 255
    5af0:	3f 4f       	sbci	r19, 0xFF	; 255
    5af2:	20 83       	st	Z, r18
    5af4:	31 83       	std	Z+1, r19	; 0x01
    5af6:	8c 93       	st	X, r24
    5af8:	26 81       	ldd	r18, Z+6	; 0x06
    5afa:	37 81       	ldd	r19, Z+7	; 0x07
    5afc:	2f 5f       	subi	r18, 0xFF	; 255
    5afe:	3f 4f       	sbci	r19, 0xFF	; 255
    5b00:	26 83       	std	Z+6, r18	; 0x06
    5b02:	37 83       	std	Z+7, r19	; 0x07
    5b04:	14 c0       	rjmp	.+40     	; 0x5b2e <fputc+0x6e>
    5b06:	8b 01       	movw	r16, r22
    5b08:	ec 01       	movw	r28, r24
    5b0a:	fb 01       	movw	r30, r22
    5b0c:	00 84       	ldd	r0, Z+8	; 0x08
    5b0e:	f1 85       	ldd	r31, Z+9	; 0x09
    5b10:	e0 2d       	mov	r30, r0
    5b12:	19 95       	eicall
    5b14:	89 2b       	or	r24, r25
    5b16:	e1 f6       	brne	.-72     	; 0x5ad0 <fputc+0x10>
    5b18:	d8 01       	movw	r26, r16
    5b1a:	16 96       	adiw	r26, 0x06	; 6
    5b1c:	8d 91       	ld	r24, X+
    5b1e:	9c 91       	ld	r25, X
    5b20:	17 97       	sbiw	r26, 0x07	; 7
    5b22:	01 96       	adiw	r24, 0x01	; 1
    5b24:	16 96       	adiw	r26, 0x06	; 6
    5b26:	8d 93       	st	X+, r24
    5b28:	9c 93       	st	X, r25
    5b2a:	17 97       	sbiw	r26, 0x07	; 7
    5b2c:	ce 01       	movw	r24, r28
    5b2e:	df 91       	pop	r29
    5b30:	cf 91       	pop	r28
    5b32:	1f 91       	pop	r17
    5b34:	0f 91       	pop	r16
    5b36:	08 95       	ret

00005b38 <printf>:
    5b38:	cf 93       	push	r28
    5b3a:	df 93       	push	r29
    5b3c:	cd b7       	in	r28, 0x3d	; 61
    5b3e:	de b7       	in	r29, 0x3e	; 62
    5b40:	ae 01       	movw	r20, r28
    5b42:	4a 5f       	subi	r20, 0xFA	; 250
    5b44:	5f 4f       	sbci	r21, 0xFF	; 255
    5b46:	fa 01       	movw	r30, r20
    5b48:	61 91       	ld	r22, Z+
    5b4a:	71 91       	ld	r23, Z+
    5b4c:	af 01       	movw	r20, r30
    5b4e:	80 91 11 26 	lds	r24, 0x2611	; 0x802611 <__iob+0x2>
    5b52:	90 91 12 26 	lds	r25, 0x2612	; 0x802612 <__iob+0x3>
    5b56:	0e 94 27 25 	call	0x4a4e	; 0x4a4e <vfprintf>
    5b5a:	df 91       	pop	r29
    5b5c:	cf 91       	pop	r28
    5b5e:	08 95       	ret

00005b60 <putchar>:
    5b60:	60 91 11 26 	lds	r22, 0x2611	; 0x802611 <__iob+0x2>
    5b64:	70 91 12 26 	lds	r23, 0x2612	; 0x802612 <__iob+0x3>
    5b68:	0c 94 60 2d 	jmp	0x5ac0	; 0x5ac0 <fputc>

00005b6c <puts>:
    5b6c:	0f 93       	push	r16
    5b6e:	1f 93       	push	r17
    5b70:	cf 93       	push	r28
    5b72:	df 93       	push	r29
    5b74:	e0 91 11 26 	lds	r30, 0x2611	; 0x802611 <__iob+0x2>
    5b78:	f0 91 12 26 	lds	r31, 0x2612	; 0x802612 <__iob+0x3>
    5b7c:	23 81       	ldd	r18, Z+3	; 0x03
    5b7e:	21 ff       	sbrs	r18, 1
    5b80:	1b c0       	rjmp	.+54     	; 0x5bb8 <puts+0x4c>
    5b82:	8c 01       	movw	r16, r24
    5b84:	d0 e0       	ldi	r29, 0x00	; 0
    5b86:	c0 e0       	ldi	r28, 0x00	; 0
    5b88:	f8 01       	movw	r30, r16
    5b8a:	81 91       	ld	r24, Z+
    5b8c:	8f 01       	movw	r16, r30
    5b8e:	60 91 11 26 	lds	r22, 0x2611	; 0x802611 <__iob+0x2>
    5b92:	70 91 12 26 	lds	r23, 0x2612	; 0x802612 <__iob+0x3>
    5b96:	db 01       	movw	r26, r22
    5b98:	18 96       	adiw	r26, 0x08	; 8
    5b9a:	ed 91       	ld	r30, X+
    5b9c:	fc 91       	ld	r31, X
    5b9e:	19 97       	sbiw	r26, 0x09	; 9
    5ba0:	88 23       	and	r24, r24
    5ba2:	31 f0       	breq	.+12     	; 0x5bb0 <puts+0x44>
    5ba4:	19 95       	eicall
    5ba6:	89 2b       	or	r24, r25
    5ba8:	79 f3       	breq	.-34     	; 0x5b88 <puts+0x1c>
    5baa:	df ef       	ldi	r29, 0xFF	; 255
    5bac:	cf ef       	ldi	r28, 0xFF	; 255
    5bae:	ec cf       	rjmp	.-40     	; 0x5b88 <puts+0x1c>
    5bb0:	8a e0       	ldi	r24, 0x0A	; 10
    5bb2:	19 95       	eicall
    5bb4:	89 2b       	or	r24, r25
    5bb6:	19 f0       	breq	.+6      	; 0x5bbe <puts+0x52>
    5bb8:	8f ef       	ldi	r24, 0xFF	; 255
    5bba:	9f ef       	ldi	r25, 0xFF	; 255
    5bbc:	02 c0       	rjmp	.+4      	; 0x5bc2 <puts+0x56>
    5bbe:	8d 2f       	mov	r24, r29
    5bc0:	9c 2f       	mov	r25, r28
    5bc2:	df 91       	pop	r29
    5bc4:	cf 91       	pop	r28
    5bc6:	1f 91       	pop	r17
    5bc8:	0f 91       	pop	r16
    5bca:	08 95       	ret

00005bcc <__ultoa_invert>:
    5bcc:	fa 01       	movw	r30, r20
    5bce:	aa 27       	eor	r26, r26
    5bd0:	28 30       	cpi	r18, 0x08	; 8
    5bd2:	51 f1       	breq	.+84     	; 0x5c28 <__ultoa_invert+0x5c>
    5bd4:	20 31       	cpi	r18, 0x10	; 16
    5bd6:	81 f1       	breq	.+96     	; 0x5c38 <__ultoa_invert+0x6c>
    5bd8:	e8 94       	clt
    5bda:	6f 93       	push	r22
    5bdc:	6e 7f       	andi	r22, 0xFE	; 254
    5bde:	6e 5f       	subi	r22, 0xFE	; 254
    5be0:	7f 4f       	sbci	r23, 0xFF	; 255
    5be2:	8f 4f       	sbci	r24, 0xFF	; 255
    5be4:	9f 4f       	sbci	r25, 0xFF	; 255
    5be6:	af 4f       	sbci	r26, 0xFF	; 255
    5be8:	b1 e0       	ldi	r27, 0x01	; 1
    5bea:	3e d0       	rcall	.+124    	; 0x5c68 <__ultoa_invert+0x9c>
    5bec:	b4 e0       	ldi	r27, 0x04	; 4
    5bee:	3c d0       	rcall	.+120    	; 0x5c68 <__ultoa_invert+0x9c>
    5bf0:	67 0f       	add	r22, r23
    5bf2:	78 1f       	adc	r23, r24
    5bf4:	89 1f       	adc	r24, r25
    5bf6:	9a 1f       	adc	r25, r26
    5bf8:	a1 1d       	adc	r26, r1
    5bfa:	68 0f       	add	r22, r24
    5bfc:	79 1f       	adc	r23, r25
    5bfe:	8a 1f       	adc	r24, r26
    5c00:	91 1d       	adc	r25, r1
    5c02:	a1 1d       	adc	r26, r1
    5c04:	6a 0f       	add	r22, r26
    5c06:	71 1d       	adc	r23, r1
    5c08:	81 1d       	adc	r24, r1
    5c0a:	91 1d       	adc	r25, r1
    5c0c:	a1 1d       	adc	r26, r1
    5c0e:	20 d0       	rcall	.+64     	; 0x5c50 <__ultoa_invert+0x84>
    5c10:	09 f4       	brne	.+2      	; 0x5c14 <__ultoa_invert+0x48>
    5c12:	68 94       	set
    5c14:	3f 91       	pop	r19
    5c16:	2a e0       	ldi	r18, 0x0A	; 10
    5c18:	26 9f       	mul	r18, r22
    5c1a:	11 24       	eor	r1, r1
    5c1c:	30 19       	sub	r19, r0
    5c1e:	30 5d       	subi	r19, 0xD0	; 208
    5c20:	31 93       	st	Z+, r19
    5c22:	de f6       	brtc	.-74     	; 0x5bda <__ultoa_invert+0xe>
    5c24:	cf 01       	movw	r24, r30
    5c26:	08 95       	ret
    5c28:	46 2f       	mov	r20, r22
    5c2a:	47 70       	andi	r20, 0x07	; 7
    5c2c:	40 5d       	subi	r20, 0xD0	; 208
    5c2e:	41 93       	st	Z+, r20
    5c30:	b3 e0       	ldi	r27, 0x03	; 3
    5c32:	0f d0       	rcall	.+30     	; 0x5c52 <__ultoa_invert+0x86>
    5c34:	c9 f7       	brne	.-14     	; 0x5c28 <__ultoa_invert+0x5c>
    5c36:	f6 cf       	rjmp	.-20     	; 0x5c24 <__ultoa_invert+0x58>
    5c38:	46 2f       	mov	r20, r22
    5c3a:	4f 70       	andi	r20, 0x0F	; 15
    5c3c:	40 5d       	subi	r20, 0xD0	; 208
    5c3e:	4a 33       	cpi	r20, 0x3A	; 58
    5c40:	18 f0       	brcs	.+6      	; 0x5c48 <__ultoa_invert+0x7c>
    5c42:	49 5d       	subi	r20, 0xD9	; 217
    5c44:	31 fd       	sbrc	r19, 1
    5c46:	40 52       	subi	r20, 0x20	; 32
    5c48:	41 93       	st	Z+, r20
    5c4a:	02 d0       	rcall	.+4      	; 0x5c50 <__ultoa_invert+0x84>
    5c4c:	a9 f7       	brne	.-22     	; 0x5c38 <__ultoa_invert+0x6c>
    5c4e:	ea cf       	rjmp	.-44     	; 0x5c24 <__ultoa_invert+0x58>
    5c50:	b4 e0       	ldi	r27, 0x04	; 4
    5c52:	a6 95       	lsr	r26
    5c54:	97 95       	ror	r25
    5c56:	87 95       	ror	r24
    5c58:	77 95       	ror	r23
    5c5a:	67 95       	ror	r22
    5c5c:	ba 95       	dec	r27
    5c5e:	c9 f7       	brne	.-14     	; 0x5c52 <__ultoa_invert+0x86>
    5c60:	00 97       	sbiw	r24, 0x00	; 0
    5c62:	61 05       	cpc	r22, r1
    5c64:	71 05       	cpc	r23, r1
    5c66:	08 95       	ret
    5c68:	9b 01       	movw	r18, r22
    5c6a:	ac 01       	movw	r20, r24
    5c6c:	0a 2e       	mov	r0, r26
    5c6e:	06 94       	lsr	r0
    5c70:	57 95       	ror	r21
    5c72:	47 95       	ror	r20
    5c74:	37 95       	ror	r19
    5c76:	27 95       	ror	r18
    5c78:	ba 95       	dec	r27
    5c7a:	c9 f7       	brne	.-14     	; 0x5c6e <__ultoa_invert+0xa2>
    5c7c:	62 0f       	add	r22, r18
    5c7e:	73 1f       	adc	r23, r19
    5c80:	84 1f       	adc	r24, r20
    5c82:	95 1f       	adc	r25, r21
    5c84:	a0 1d       	adc	r26, r0
    5c86:	08 95       	ret

00005c88 <_exit>:
    5c88:	f8 94       	cli

00005c8a <__stop_program>:
    5c8a:	ff cf       	rjmp	.-2      	; 0x5c8a <__stop_program>
