
LinebotTemplate1.elf:     file format elf32-avr

Sections:
Idx Name          Size      VMA       LMA       File off  Algn
  0 .text         0000453a  00000000  00000000  00000094  2**1
                  CONTENTS, ALLOC, LOAD, READONLY, CODE
  1 .data         000000b2  00802000  0000453a  000045ce  2**0
                  CONTENTS, ALLOC, LOAD, DATA
  2 .bss          000000d1  008020b2  008020b2  00004680  2**0
                  ALLOC
  3 .comment      0000005c  00000000  00000000  00004680  2**0
                  CONTENTS, READONLY
  4 .note.gnu.avr.deviceinfo 00000040  00000000  00000000  000046dc  2**2
                  CONTENTS, READONLY
  5 .debug_aranges 00000520  00000000  00000000  0000471c  2**0
                  CONTENTS, READONLY, DEBUGGING
  6 .debug_info   000082ad  00000000  00000000  00004c3c  2**0
                  CONTENTS, READONLY, DEBUGGING
  7 .debug_abbrev 000039b3  00000000  00000000  0000cee9  2**0
                  CONTENTS, READONLY, DEBUGGING
  8 .debug_line   000043a9  00000000  00000000  0001089c  2**0
                  CONTENTS, READONLY, DEBUGGING
  9 .debug_frame  000011a0  00000000  00000000  00014c48  2**2
                  CONTENTS, READONLY, DEBUGGING
 10 .debug_str    00003bf4  00000000  00000000  00015de8  2**0
                  CONTENTS, READONLY, DEBUGGING
 11 .debug_loc    000023a8  00000000  00000000  000199dc  2**0
                  CONTENTS, READONLY, DEBUGGING
 12 .debug_ranges 00000460  00000000  00000000  0001bd84  2**0
                  CONTENTS, READONLY, DEBUGGING

Disassembly of section .text:

00000000 <__vectors>:
       0:	0c 94 c6 01 	jmp	0x38c	; 0x38c <__ctors_end>
       4:	0c 94 e7 01 	jmp	0x3ce	; 0x3ce <__bad_interrupt>
       8:	0c 94 32 03 	jmp	0x664	; 0x664 <__vector_2>
       c:	0c 94 8f 03 	jmp	0x71e	; 0x71e <__vector_3>
      10:	0c 94 e7 01 	jmp	0x3ce	; 0x3ce <__bad_interrupt>
      14:	0c 94 e7 01 	jmp	0x3ce	; 0x3ce <__bad_interrupt>
      18:	0c 94 e7 01 	jmp	0x3ce	; 0x3ce <__bad_interrupt>
      1c:	0c 94 e7 01 	jmp	0x3ce	; 0x3ce <__bad_interrupt>
      20:	0c 94 e7 01 	jmp	0x3ce	; 0x3ce <__bad_interrupt>
      24:	0c 94 e7 01 	jmp	0x3ce	; 0x3ce <__bad_interrupt>
      28:	0c 94 e7 01 	jmp	0x3ce	; 0x3ce <__bad_interrupt>
      2c:	0c 94 e7 01 	jmp	0x3ce	; 0x3ce <__bad_interrupt>
      30:	0c 94 e7 01 	jmp	0x3ce	; 0x3ce <__bad_interrupt>
      34:	0c 94 e7 01 	jmp	0x3ce	; 0x3ce <__bad_interrupt>
      38:	0c 94 b2 0d 	jmp	0x1b64	; 0x1b64 <__vector_14>
      3c:	0c 94 e7 01 	jmp	0x3ce	; 0x3ce <__bad_interrupt>
      40:	0c 94 32 0e 	jmp	0x1c64	; 0x1c64 <__vector_16>
      44:	0c 94 e7 01 	jmp	0x3ce	; 0x3ce <__bad_interrupt>
      48:	0c 94 e7 01 	jmp	0x3ce	; 0x3ce <__bad_interrupt>
      4c:	0c 94 e7 01 	jmp	0x3ce	; 0x3ce <__bad_interrupt>
      50:	0c 94 e7 01 	jmp	0x3ce	; 0x3ce <__bad_interrupt>
      54:	0c 94 e7 01 	jmp	0x3ce	; 0x3ce <__bad_interrupt>
      58:	0c 94 e7 01 	jmp	0x3ce	; 0x3ce <__bad_interrupt>
      5c:	0c 94 e7 01 	jmp	0x3ce	; 0x3ce <__bad_interrupt>
      60:	0c 94 e7 01 	jmp	0x3ce	; 0x3ce <__bad_interrupt>
      64:	0c 94 e7 01 	jmp	0x3ce	; 0x3ce <__bad_interrupt>
      68:	0c 94 e7 01 	jmp	0x3ce	; 0x3ce <__bad_interrupt>
      6c:	0c 94 e7 01 	jmp	0x3ce	; 0x3ce <__bad_interrupt>
      70:	0c 94 e7 01 	jmp	0x3ce	; 0x3ce <__bad_interrupt>
      74:	0c 94 e7 01 	jmp	0x3ce	; 0x3ce <__bad_interrupt>
      78:	0c 94 e7 01 	jmp	0x3ce	; 0x3ce <__bad_interrupt>
      7c:	0c 94 e7 01 	jmp	0x3ce	; 0x3ce <__bad_interrupt>
      80:	0c 94 e7 01 	jmp	0x3ce	; 0x3ce <__bad_interrupt>
      84:	0c 94 e7 01 	jmp	0x3ce	; 0x3ce <__bad_interrupt>
      88:	0c 94 e7 01 	jmp	0x3ce	; 0x3ce <__bad_interrupt>
      8c:	0c 94 e7 01 	jmp	0x3ce	; 0x3ce <__bad_interrupt>
      90:	0c 94 e7 01 	jmp	0x3ce	; 0x3ce <__bad_interrupt>
      94:	0c 94 e7 01 	jmp	0x3ce	; 0x3ce <__bad_interrupt>
      98:	0c 94 e7 01 	jmp	0x3ce	; 0x3ce <__bad_interrupt>
      9c:	0c 94 e7 01 	jmp	0x3ce	; 0x3ce <__bad_interrupt>
      a0:	0c 94 e7 01 	jmp	0x3ce	; 0x3ce <__bad_interrupt>
      a4:	0c 94 e7 01 	jmp	0x3ce	; 0x3ce <__bad_interrupt>
      a8:	0c 94 e7 01 	jmp	0x3ce	; 0x3ce <__bad_interrupt>
      ac:	0c 94 f0 03 	jmp	0x7e0	; 0x7e0 <__vector_43>
      b0:	0c 94 55 04 	jmp	0x8aa	; 0x8aa <__vector_44>
      b4:	0c 94 e7 01 	jmp	0x3ce	; 0x3ce <__bad_interrupt>
      b8:	0c 94 f5 05 	jmp	0xbea	; 0xbea <__vector_46>
      bc:	0c 94 e7 01 	jmp	0x3ce	; 0x3ce <__bad_interrupt>
      c0:	0c 94 e7 01 	jmp	0x3ce	; 0x3ce <__bad_interrupt>
      c4:	0c 94 e7 01 	jmp	0x3ce	; 0x3ce <__bad_interrupt>
      c8:	0c 94 e7 01 	jmp	0x3ce	; 0x3ce <__bad_interrupt>
      cc:	0c 94 e7 01 	jmp	0x3ce	; 0x3ce <__bad_interrupt>
      d0:	0c 94 e7 01 	jmp	0x3ce	; 0x3ce <__bad_interrupt>
      d4:	0c 94 e7 01 	jmp	0x3ce	; 0x3ce <__bad_interrupt>
      d8:	0c 94 e7 01 	jmp	0x3ce	; 0x3ce <__bad_interrupt>
      dc:	0c 94 e7 01 	jmp	0x3ce	; 0x3ce <__bad_interrupt>
      e0:	0c 94 e7 01 	jmp	0x3ce	; 0x3ce <__bad_interrupt>
      e4:	0c 94 e7 01 	jmp	0x3ce	; 0x3ce <__bad_interrupt>
      e8:	0c 94 e7 01 	jmp	0x3ce	; 0x3ce <__bad_interrupt>
      ec:	0c 94 e7 01 	jmp	0x3ce	; 0x3ce <__bad_interrupt>
      f0:	0c 94 e7 01 	jmp	0x3ce	; 0x3ce <__bad_interrupt>
      f4:	0c 94 e7 01 	jmp	0x3ce	; 0x3ce <__bad_interrupt>
      f8:	0c 94 e7 01 	jmp	0x3ce	; 0x3ce <__bad_interrupt>
      fc:	0c 94 e7 01 	jmp	0x3ce	; 0x3ce <__bad_interrupt>
     100:	0c 94 e7 01 	jmp	0x3ce	; 0x3ce <__bad_interrupt>
     104:	0c 94 e7 01 	jmp	0x3ce	; 0x3ce <__bad_interrupt>
     108:	0c 94 e7 01 	jmp	0x3ce	; 0x3ce <__bad_interrupt>
     10c:	0c 94 e7 01 	jmp	0x3ce	; 0x3ce <__bad_interrupt>
     110:	0c 94 e7 01 	jmp	0x3ce	; 0x3ce <__bad_interrupt>
     114:	0c 94 e7 01 	jmp	0x3ce	; 0x3ce <__bad_interrupt>
     118:	0c 94 e7 01 	jmp	0x3ce	; 0x3ce <__bad_interrupt>
     11c:	0c 94 e7 01 	jmp	0x3ce	; 0x3ce <__bad_interrupt>
     120:	0c 94 e7 01 	jmp	0x3ce	; 0x3ce <__bad_interrupt>
     124:	0c 94 e7 01 	jmp	0x3ce	; 0x3ce <__bad_interrupt>
     128:	0c 94 e7 01 	jmp	0x3ce	; 0x3ce <__bad_interrupt>
     12c:	0c 94 e7 01 	jmp	0x3ce	; 0x3ce <__bad_interrupt>
     130:	0c 94 e7 01 	jmp	0x3ce	; 0x3ce <__bad_interrupt>
     134:	0c 94 e7 01 	jmp	0x3ce	; 0x3ce <__bad_interrupt>
     138:	0c 94 e7 01 	jmp	0x3ce	; 0x3ce <__bad_interrupt>
     13c:	0c 94 e7 01 	jmp	0x3ce	; 0x3ce <__bad_interrupt>
     140:	0c 94 e7 01 	jmp	0x3ce	; 0x3ce <__bad_interrupt>
     144:	0c 94 e7 01 	jmp	0x3ce	; 0x3ce <__bad_interrupt>
     148:	0c 94 e7 01 	jmp	0x3ce	; 0x3ce <__bad_interrupt>
     14c:	0c 94 e7 01 	jmp	0x3ce	; 0x3ce <__bad_interrupt>
     150:	0c 94 e7 01 	jmp	0x3ce	; 0x3ce <__bad_interrupt>
     154:	0c 94 e7 01 	jmp	0x3ce	; 0x3ce <__bad_interrupt>
     158:	0c 94 e7 01 	jmp	0x3ce	; 0x3ce <__bad_interrupt>
     15c:	0c 94 e7 01 	jmp	0x3ce	; 0x3ce <__bad_interrupt>
     160:	0c 94 e7 01 	jmp	0x3ce	; 0x3ce <__bad_interrupt>
     164:	0c 94 e7 01 	jmp	0x3ce	; 0x3ce <__bad_interrupt>
     168:	0c 94 e7 01 	jmp	0x3ce	; 0x3ce <__bad_interrupt>
     16c:	0c 94 e7 01 	jmp	0x3ce	; 0x3ce <__bad_interrupt>
     170:	0c 94 e7 01 	jmp	0x3ce	; 0x3ce <__bad_interrupt>
     174:	0c 94 e7 01 	jmp	0x3ce	; 0x3ce <__bad_interrupt>
     178:	0c 94 e7 01 	jmp	0x3ce	; 0x3ce <__bad_interrupt>
     17c:	0c 94 e7 01 	jmp	0x3ce	; 0x3ce <__bad_interrupt>
     180:	0c 94 e7 01 	jmp	0x3ce	; 0x3ce <__bad_interrupt>
     184:	0c 94 e7 01 	jmp	0x3ce	; 0x3ce <__bad_interrupt>
     188:	0c 94 e7 01 	jmp	0x3ce	; 0x3ce <__bad_interrupt>
     18c:	0c 94 e7 01 	jmp	0x3ce	; 0x3ce <__bad_interrupt>
     190:	0c 94 e7 01 	jmp	0x3ce	; 0x3ce <__bad_interrupt>
     194:	0c 94 e7 01 	jmp	0x3ce	; 0x3ce <__bad_interrupt>
     198:	0c 94 e7 01 	jmp	0x3ce	; 0x3ce <__bad_interrupt>
     19c:	0c 94 e7 01 	jmp	0x3ce	; 0x3ce <__bad_interrupt>
     1a0:	0c 94 e7 01 	jmp	0x3ce	; 0x3ce <__bad_interrupt>
     1a4:	0c 94 e7 01 	jmp	0x3ce	; 0x3ce <__bad_interrupt>
     1a8:	0c 94 e7 01 	jmp	0x3ce	; 0x3ce <__bad_interrupt>
     1ac:	0c 94 e7 01 	jmp	0x3ce	; 0x3ce <__bad_interrupt>
     1b0:	0c 94 e7 01 	jmp	0x3ce	; 0x3ce <__bad_interrupt>
     1b4:	0c 94 e7 01 	jmp	0x3ce	; 0x3ce <__bad_interrupt>
     1b8:	0c 94 e7 01 	jmp	0x3ce	; 0x3ce <__bad_interrupt>
     1bc:	0c 94 e7 01 	jmp	0x3ce	; 0x3ce <__bad_interrupt>
     1c0:	0c 94 e7 01 	jmp	0x3ce	; 0x3ce <__bad_interrupt>
     1c4:	0c 94 e7 01 	jmp	0x3ce	; 0x3ce <__bad_interrupt>
     1c8:	0c 94 e7 01 	jmp	0x3ce	; 0x3ce <__bad_interrupt>
     1cc:	0c 94 e7 01 	jmp	0x3ce	; 0x3ce <__bad_interrupt>
     1d0:	0c 94 e7 01 	jmp	0x3ce	; 0x3ce <__bad_interrupt>
     1d4:	0c 94 e7 01 	jmp	0x3ce	; 0x3ce <__bad_interrupt>
     1d8:	0c 94 e7 01 	jmp	0x3ce	; 0x3ce <__bad_interrupt>
     1dc:	0c 94 e7 01 	jmp	0x3ce	; 0x3ce <__bad_interrupt>
     1e0:	0c 94 e7 01 	jmp	0x3ce	; 0x3ce <__bad_interrupt>
     1e4:	0c 94 e7 01 	jmp	0x3ce	; 0x3ce <__bad_interrupt>
     1e8:	0c 94 e7 01 	jmp	0x3ce	; 0x3ce <__bad_interrupt>
     1ec:	0c 94 e7 01 	jmp	0x3ce	; 0x3ce <__bad_interrupt>
     1f0:	0c 94 e7 01 	jmp	0x3ce	; 0x3ce <__bad_interrupt>
     1f4:	0c 94 e7 01 	jmp	0x3ce	; 0x3ce <__bad_interrupt>
     1f8:	0c 94 e7 01 	jmp	0x3ce	; 0x3ce <__bad_interrupt>
     1fc:	07 63       	ori	r16, 0x37	; 55
     1fe:	42 36       	cpi	r20, 0x62	; 98
     200:	b7 9b       	sbis	0x16, 7	; 22
     202:	d8 a7       	std	Y+40, r29	; 0x28
     204:	1a 39       	cpi	r17, 0x9A	; 154
     206:	68 56       	subi	r22, 0x68	; 104
     208:	18 ae       	std	Y+56, r1	; 0x38
     20a:	ba ab       	std	Y+50, r27	; 0x32
     20c:	55 8c       	ldd	r5, Z+29	; 0x1d
     20e:	1d 3c       	cpi	r17, 0xCD	; 205
     210:	b7 cc       	rjmp	.-1682   	; 0xfffffb80 <__eeprom_end+0xff7efb80>
     212:	57 63       	ori	r21, 0x37	; 55
     214:	bd 6d       	ori	r27, 0xDD	; 221
     216:	ed fd       	.word	0xfded	; ????
     218:	75 3e       	cpi	r23, 0xE5	; 229
     21a:	f6 17       	cp	r31, r22
     21c:	72 31       	cpi	r23, 0x12	; 18
     21e:	bf 00       	.word	0x00bf	; ????
     220:	00 00       	nop
     222:	80 3f       	cpi	r24, 0xF0	; 240
     224:	08 00       	.word	0x0008	; ????
     226:	00 00       	nop
     228:	be 92       	st	-X, r11
     22a:	24 49       	sbci	r18, 0x94	; 148
     22c:	12 3e       	cpi	r17, 0xE2	; 226
     22e:	ab aa       	std	Y+51, r10	; 0x33
     230:	aa 2a       	or	r10, r26
     232:	be cd       	rjmp	.-1156   	; 0xfffffdb0 <__eeprom_end+0xff7efdb0>
     234:	cc cc       	rjmp	.-1640   	; 0xfffffbce <__eeprom_end+0xff7efbce>
     236:	4c 3e       	cpi	r20, 0xEC	; 236
     238:	00 00       	nop
     23a:	00 80       	ld	r0, Z
     23c:	be ab       	std	Y+54, r27	; 0x36
     23e:	aa aa       	std	Y+50, r10	; 0x32
     240:	aa 3e       	cpi	r26, 0xEA	; 234
     242:	00 00       	nop
     244:	00 00       	nop
     246:	bf 00       	.word	0x00bf	; ????
     248:	00 00       	nop
     24a:	80 3f       	cpi	r24, 0xF0	; 240
     24c:	00 00       	nop
     24e:	00 00       	nop
     250:	00 08       	sbc	r0, r0
     252:	41 78       	andi	r20, 0x81	; 129
     254:	d3 bb       	out	0x13, r29	; 19
     256:	43 87       	std	Z+11, r20	; 0x0b
     258:	d1 13       	cpse	r29, r17
     25a:	3d 19       	sub	r19, r13
     25c:	0e 3c       	cpi	r16, 0xCE	; 206
     25e:	c3 bd       	out	0x23, r28	; 35
     260:	42 82       	std	Z+2, r4	; 0x02
     262:	ad 2b       	or	r26, r29
     264:	3e 68       	ori	r19, 0x8E	; 142
     266:	ec 82       	std	Y+4, r14	; 0x04
     268:	76 be       	out	0x36, r7	; 54
     26a:	d9 8f       	std	Y+25, r29	; 0x19
     26c:	e1 a9       	ldd	r30, Z+49	; 0x31
     26e:	3e 4c       	sbci	r19, 0xCE	; 206
     270:	80 ef       	ldi	r24, 0xF0	; 240
     272:	ff be       	out	0x3f, r15	; 63
     274:	01 c4       	rjmp	.+2050   	; 0xa78 <TWIMArbitrationLostBusErrorHandler+0x3c>
     276:	ff 7f       	andi	r31, 0xFF	; 255
     278:	3f 00       	.word	0x003f	; ????
     27a:	00 00       	nop
	...

0000027e <__trampolines_start>:
     27e:	0c 94 b3 13 	jmp	0x2766	; 0x2766 <prvIdleTask>
     282:	0c 94 ac 08 	jmp	0x1158	; 0x1158 <stdio_getchar>
     286:	0c 94 87 08 	jmp	0x110e	; 0x110e <stdio_putchar>

0000028a <__trampolines_end>:
     28a:	6e 61       	ori	r22, 0x1E	; 30
     28c:	6e 00       	.word	0x006e	; ????

0000028e <__c.2332>:
     28e:	69 6e 66 00 00 40 7a 10 f3 5a 00 a0 72 4e 18 09     inf..@z..Z..rN..
     29e:	00 10 a5 d4 e8 00 00 e8 76 48 17 00 00 e4 0b 54     ........vH.....T
     2ae:	02 00 00 ca 9a 3b 00 00 00 e1 f5 05 00 00 80 96     .....;..........
     2be:	98 00 00 00 40 42 0f 00 00 00 a0 86 01 00 00 00     ....@B..........
     2ce:	10 27 00 00 00 00 e8 03 00 00 00 00 64 00 00 00     .'..........d...
     2de:	00 00 0a 00 00 00 00 00 01 00 00 00 00 00 2c 76     ..............,v
     2ee:	d8 88 dc 67 4f 08 23 df c1 df ae 59 e1 b1 b7 96     ...gO.#....Y....
     2fe:	e5 e3 e4 53 c6 3a e6 51 99 76 96 e8 e6 c2 84 26     ...S.:.Q.v.....&
     30e:	eb 89 8c 9b 62 ed 40 7c 6f fc ef bc 9c 9f 40 f2     ....b.@|o.....@.
     31e:	ba a5 6f a5 f4 90 05 5a 2a f7 5c 93 6b 6c f9 67     ..o....Z*.\.kl.g
     32e:	6d c1 1b fc e0 e4 0d 47 fe f5 20 e6 b5 00 d0 ed     m......G.. .....
     33e:	90 2e 03 00 94 35 77 05 00 80 84 1e 08 00 00 20     .....5w........ 
     34e:	4e 0a 00 00 00 c8 0c 33 33 33 33 0f 98 6e 12 83     N......3333..n..
     35e:	11 41 ef 8d 21 14 89 3b e6 55 16 cf fe e6 db 18     .A..!..;.U......
     36e:	d1 84 4b 38 1b f7 7c 1d 90 1d a4 bb e4 24 20 32     ..K8..|......$ 2
     37e:	84 72 5e 22 81 00 c9 f1 24 ec a1 e5 3d 27           .r^"....$...='

0000038c <__ctors_end>:
     38c:	11 24       	eor	r1, r1
     38e:	1f be       	out	0x3f, r1	; 63
     390:	cf ef       	ldi	r28, 0xFF	; 255
     392:	cd bf       	out	0x3d, r28	; 61
     394:	df e9       	ldi	r29, 0x9F	; 159
     396:	de bf       	out	0x3e, r29	; 62
     398:	00 e0       	ldi	r16, 0x00	; 0
     39a:	0c bf       	out	0x3c, r16	; 60

0000039c <__do_copy_data>:
     39c:	10 e2       	ldi	r17, 0x20	; 32
     39e:	a0 e0       	ldi	r26, 0x00	; 0
     3a0:	b0 e2       	ldi	r27, 0x20	; 32
     3a2:	ea e3       	ldi	r30, 0x3A	; 58
     3a4:	f5 e4       	ldi	r31, 0x45	; 69
     3a6:	00 e0       	ldi	r16, 0x00	; 0
     3a8:	0b bf       	out	0x3b, r16	; 59
     3aa:	02 c0       	rjmp	.+4      	; 0x3b0 <__do_copy_data+0x14>
     3ac:	07 90       	elpm	r0, Z+
     3ae:	0d 92       	st	X+, r0
     3b0:	a2 3b       	cpi	r26, 0xB2	; 178
     3b2:	b1 07       	cpc	r27, r17
     3b4:	d9 f7       	brne	.-10     	; 0x3ac <__do_copy_data+0x10>

000003b6 <__do_clear_bss>:
     3b6:	21 e2       	ldi	r18, 0x21	; 33
     3b8:	a2 eb       	ldi	r26, 0xB2	; 178
     3ba:	b0 e2       	ldi	r27, 0x20	; 32
     3bc:	01 c0       	rjmp	.+2      	; 0x3c0 <.do_clear_bss_start>

000003be <.do_clear_bss_loop>:
     3be:	1d 92       	st	X+, r1

000003c0 <.do_clear_bss_start>:
     3c0:	a3 38       	cpi	r26, 0x83	; 131
     3c2:	b2 07       	cpc	r27, r18
     3c4:	e1 f7       	brne	.-8      	; 0x3be <.do_clear_bss_loop>
     3c6:	0e 94 af 17 	call	0x2f5e	; 0x2f5e <main>
     3ca:	0c 94 9b 22 	jmp	0x4536	; 0x4536 <_exit>

000003ce <__bad_interrupt>:
     3ce:	0c 94 00 00 	jmp	0	; 0x0 <__vectors>

000003d2 <DriverAdcInit>:
**/
#include "DriverAdc.h"
#include <avr/io.h>
#include <avr/interrupt.h>

void DriverAdcInit(void) {
     3d2:	cf 93       	push	r28
     3d4:	df 93       	push	r29
     3d6:	cd b7       	in	r28, 0x3d	; 61
     3d8:	de b7       	in	r29, 0x3e	; 62
	// ADCA.CTRLA=
	// ADCA.CTRLB=
	// ADCA.REFCTRL=
	// ADCA.PRESCALER=
	// ADCA.CH0.INTCTRL=	
}
     3da:	00 00       	nop
     3dc:	df 91       	pop	r29
     3de:	cf 91       	pop	r28
     3e0:	08 95       	ret

000003e2 <DriverCursorstickInit>:
    * @see https://eliasdh.com
    * @since 10/03/2026
**/
#include "DriverCursorstick.h"

void DriverCursorstickInit(void) {
     3e2:	cf 93       	push	r28
     3e4:	df 93       	push	r29
     3e6:	cd b7       	in	r28, 0x3d	; 61
     3e8:	de b7       	in	r29, 0x3e	; 62
	// Configure PB3-PB7 as inputs
	PORTB.DIRCLR = 0xF8;  // Clear bits 3-7 (0xF8 = 0b11111000) -> input
     3ea:	80 e2       	ldi	r24, 0x20	; 32
     3ec:	96 e0       	ldi	r25, 0x06	; 6
     3ee:	28 ef       	ldi	r18, 0xF8	; 248
     3f0:	fc 01       	movw	r30, r24
     3f2:	22 83       	std	Z+2, r18	; 0x02

	// Enable pull-up and invert on PB3-PB7
	// Invert: pressed switch = '1' in PORTB.IN
	// Pull-up: ensures stable signal when switch is not pressed
	PORTB.PIN3CTRL = PORT_INVEN_bm | PORT_OPC_PULLUP_gc;  // SWU (Up)
     3f4:	80 e2       	ldi	r24, 0x20	; 32
     3f6:	96 e0       	ldi	r25, 0x06	; 6
     3f8:	28 e5       	ldi	r18, 0x58	; 88
     3fa:	fc 01       	movw	r30, r24
     3fc:	23 8b       	std	Z+19, r18	; 0x13
	PORTB.PIN4CTRL = PORT_INVEN_bm | PORT_OPC_PULLUP_gc;  // SWL (Left)
     3fe:	80 e2       	ldi	r24, 0x20	; 32
     400:	96 e0       	ldi	r25, 0x06	; 6
     402:	28 e5       	ldi	r18, 0x58	; 88
     404:	fc 01       	movw	r30, r24
     406:	24 8b       	std	Z+20, r18	; 0x14
	PORTB.PIN5CTRL = PORT_INVEN_bm | PORT_OPC_PULLUP_gc;  // SWD (Down)
     408:	80 e2       	ldi	r24, 0x20	; 32
     40a:	96 e0       	ldi	r25, 0x06	; 6
     40c:	28 e5       	ldi	r18, 0x58	; 88
     40e:	fc 01       	movw	r30, r24
     410:	25 8b       	std	Z+21, r18	; 0x15
	PORTB.PIN6CTRL = PORT_INVEN_bm | PORT_OPC_PULLUP_gc;  // SWR (Right)
     412:	80 e2       	ldi	r24, 0x20	; 32
     414:	96 e0       	ldi	r25, 0x06	; 6
     416:	28 e5       	ldi	r18, 0x58	; 88
     418:	fc 01       	movw	r30, r24
     41a:	26 8b       	std	Z+22, r18	; 0x16
	PORTB.PIN7CTRL = PORT_INVEN_bm | PORT_OPC_PULLUP_gc;  // SWC (Center)
     41c:	80 e2       	ldi	r24, 0x20	; 32
     41e:	96 e0       	ldi	r25, 0x06	; 6
     420:	28 e5       	ldi	r18, 0x58	; 88
     422:	fc 01       	movw	r30, r24
     424:	27 8b       	std	Z+23, r18	; 0x17
}
     426:	00 00       	nop
     428:	df 91       	pop	r29
     42a:	cf 91       	pop	r28
     42c:	08 95       	ret

0000042e <DbgPrint>:
    * @see https://eliasdh.com
    * @since 10/03/2026
**/
#include "DriverDbgUSART.h"

void DbgPrint(char *Text) {
     42e:	cf 93       	push	r28
     430:	df 93       	push	r29
     432:	1f 92       	push	r1
     434:	1f 92       	push	r1
     436:	cd b7       	in	r28, 0x3d	; 61
     438:	de b7       	in	r29, 0x3e	; 62
     43a:	89 83       	std	Y+1, r24	; 0x01
     43c:	9a 83       	std	Y+2, r25	; 0x02
	DbgPrintn(Text,0);	
     43e:	89 81       	ldd	r24, Y+1	; 0x01
     440:	9a 81       	ldd	r25, Y+2	; 0x02
     442:	60 e0       	ldi	r22, 0x00	; 0
     444:	70 e0       	ldi	r23, 0x00	; 0
     446:	0e 94 2b 02 	call	0x456	; 0x456 <DbgPrintn>
}
     44a:	00 00       	nop
     44c:	0f 90       	pop	r0
     44e:	0f 90       	pop	r0
     450:	df 91       	pop	r29
     452:	cf 91       	pop	r28
     454:	08 95       	ret

00000456 <DbgPrintn>:

void DbgPrintn(char *Text,int n) {
     456:	cf 93       	push	r28
     458:	df 93       	push	r29
     45a:	00 d0       	rcall	.+0      	; 0x45c <DbgPrintn+0x6>
     45c:	1f 92       	push	r1
     45e:	cd b7       	in	r28, 0x3d	; 61
     460:	de b7       	in	r29, 0x3e	; 62
     462:	89 83       	std	Y+1, r24	; 0x01
     464:	9a 83       	std	Y+2, r25	; 0x02
     466:	6b 83       	std	Y+3, r22	; 0x03
     468:	7c 83       	std	Y+4, r23	; 0x04
	static int i;
	i=0;
     46a:	10 92 b2 20 	sts	0x20B2, r1	; 0x8020b2 <__data_end>
     46e:	10 92 b3 20 	sts	0x20B3, r1	; 0x8020b3 <__data_end+0x1>
	while (*Text!=0 && (i<n || n==0)) {
     472:	26 c0       	rjmp	.+76     	; 0x4c0 <DbgPrintn+0x6a>
		USART.DATA = *Text;
     474:	80 ea       	ldi	r24, 0xA0	; 160
     476:	9a e0       	ldi	r25, 0x0A	; 10
     478:	29 81       	ldd	r18, Y+1	; 0x01
     47a:	3a 81       	ldd	r19, Y+2	; 0x02
     47c:	f9 01       	movw	r30, r18
     47e:	20 81       	ld	r18, Z
     480:	fc 01       	movw	r30, r24
     482:	20 83       	st	Z, r18
		while (!(USART.STATUS & 0b01000000));
     484:	00 00       	nop
     486:	80 ea       	ldi	r24, 0xA0	; 160
     488:	9a e0       	ldi	r25, 0x0A	; 10
     48a:	fc 01       	movw	r30, r24
     48c:	81 81       	ldd	r24, Z+1	; 0x01
     48e:	88 2f       	mov	r24, r24
     490:	90 e0       	ldi	r25, 0x00	; 0
     492:	80 74       	andi	r24, 0x40	; 64
     494:	99 27       	eor	r25, r25
     496:	89 2b       	or	r24, r25
     498:	b1 f3       	breq	.-20     	; 0x486 <DbgPrintn+0x30>
		USART.STATUS=0b01000000;
     49a:	80 ea       	ldi	r24, 0xA0	; 160
     49c:	9a e0       	ldi	r25, 0x0A	; 10
     49e:	20 e4       	ldi	r18, 0x40	; 64
     4a0:	fc 01       	movw	r30, r24
     4a2:	21 83       	std	Z+1, r18	; 0x01
		Text++;
     4a4:	89 81       	ldd	r24, Y+1	; 0x01
     4a6:	9a 81       	ldd	r25, Y+2	; 0x02
     4a8:	01 96       	adiw	r24, 0x01	; 1
     4aa:	89 83       	std	Y+1, r24	; 0x01
     4ac:	9a 83       	std	Y+2, r25	; 0x02
		i++;
     4ae:	80 91 b2 20 	lds	r24, 0x20B2	; 0x8020b2 <__data_end>
     4b2:	90 91 b3 20 	lds	r25, 0x20B3	; 0x8020b3 <__data_end+0x1>
     4b6:	01 96       	adiw	r24, 0x01	; 1
     4b8:	80 93 b2 20 	sts	0x20B2, r24	; 0x8020b2 <__data_end>
     4bc:	90 93 b3 20 	sts	0x20B3, r25	; 0x8020b3 <__data_end+0x1>
}

void DbgPrintn(char *Text,int n) {
	static int i;
	i=0;
	while (*Text!=0 && (i<n || n==0)) {
     4c0:	89 81       	ldd	r24, Y+1	; 0x01
     4c2:	9a 81       	ldd	r25, Y+2	; 0x02
     4c4:	fc 01       	movw	r30, r24
     4c6:	80 81       	ld	r24, Z
     4c8:	88 23       	and	r24, r24
     4ca:	69 f0       	breq	.+26     	; 0x4e6 <DbgPrintn+0x90>
     4cc:	20 91 b2 20 	lds	r18, 0x20B2	; 0x8020b2 <__data_end>
     4d0:	30 91 b3 20 	lds	r19, 0x20B3	; 0x8020b3 <__data_end+0x1>
     4d4:	8b 81       	ldd	r24, Y+3	; 0x03
     4d6:	9c 81       	ldd	r25, Y+4	; 0x04
     4d8:	28 17       	cp	r18, r24
     4da:	39 07       	cpc	r19, r25
     4dc:	5c f2       	brlt	.-106    	; 0x474 <DbgPrintn+0x1e>
     4de:	8b 81       	ldd	r24, Y+3	; 0x03
     4e0:	9c 81       	ldd	r25, Y+4	; 0x04
     4e2:	89 2b       	or	r24, r25
     4e4:	39 f2       	breq	.-114    	; 0x474 <DbgPrintn+0x1e>
		while (!(USART.STATUS & 0b01000000));
		USART.STATUS=0b01000000;
		Text++;
		i++;
	}
}
     4e6:	00 00       	nop
     4e8:	24 96       	adiw	r28, 0x04	; 4
     4ea:	cd bf       	out	0x3d, r28	; 61
     4ec:	de bf       	out	0x3e, r29	; 62
     4ee:	df 91       	pop	r29
     4f0:	cf 91       	pop	r28
     4f2:	08 95       	ret

000004f4 <DbgPrintInt>:

void DbgPrintInt(uint16_t Data) {
     4f4:	cf 93       	push	r28
     4f6:	df 93       	push	r29
     4f8:	1f 92       	push	r1
     4fa:	1f 92       	push	r1
     4fc:	cd b7       	in	r28, 0x3d	; 61
     4fe:	de b7       	in	r29, 0x3e	; 62
     500:	89 83       	std	Y+1, r24	; 0x01
     502:	9a 83       	std	Y+2, r25	; 0x02
	static int i;
	static uint8_t pf;

	i=10000;
     504:	80 e1       	ldi	r24, 0x10	; 16
     506:	97 e2       	ldi	r25, 0x27	; 39
     508:	80 93 b4 20 	sts	0x20B4, r24	; 0x8020b4 <i.3634>
     50c:	90 93 b5 20 	sts	0x20B5, r25	; 0x8020b5 <i.3634+0x1>
	pf=0;
     510:	10 92 b6 20 	sts	0x20B6, r1	; 0x8020b6 <pf.3635>
	while (i>0) {
     514:	73 c0       	rjmp	.+230    	; 0x5fc <DbgPrintInt+0x108>
		if (((Data/i)%10)!=0 || pf) {
     516:	80 91 b4 20 	lds	r24, 0x20B4	; 0x8020b4 <i.3634>
     51a:	90 91 b5 20 	lds	r25, 0x20B5	; 0x8020b5 <i.3634+0x1>
     51e:	9c 01       	movw	r18, r24
     520:	89 81       	ldd	r24, Y+1	; 0x01
     522:	9a 81       	ldd	r25, Y+2	; 0x02
     524:	b9 01       	movw	r22, r18
     526:	0e 94 b4 1f 	call	0x3f68	; 0x3f68 <__udivmodhi4>
     52a:	cb 01       	movw	r24, r22
     52c:	ac 01       	movw	r20, r24
     52e:	9a 01       	movw	r18, r20
     530:	ad ec       	ldi	r26, 0xCD	; 205
     532:	bc ec       	ldi	r27, 0xCC	; 204
     534:	0e 94 dc 1f 	call	0x3fb8	; 0x3fb8 <__umulhisi3>
     538:	96 95       	lsr	r25
     53a:	87 95       	ror	r24
     53c:	96 95       	lsr	r25
     53e:	87 95       	ror	r24
     540:	96 95       	lsr	r25
     542:	87 95       	ror	r24
     544:	88 0f       	add	r24, r24
     546:	99 1f       	adc	r25, r25
     548:	9c 01       	movw	r18, r24
     54a:	22 0f       	add	r18, r18
     54c:	33 1f       	adc	r19, r19
     54e:	22 0f       	add	r18, r18
     550:	33 1f       	adc	r19, r19
     552:	82 0f       	add	r24, r18
     554:	93 1f       	adc	r25, r19
     556:	9a 01       	movw	r18, r20
     558:	28 1b       	sub	r18, r24
     55a:	39 0b       	sbc	r19, r25
     55c:	c9 01       	movw	r24, r18
     55e:	89 2b       	or	r24, r25
     560:	21 f4       	brne	.+8      	; 0x56a <DbgPrintInt+0x76>
     562:	80 91 b6 20 	lds	r24, 0x20B6	; 0x8020b6 <pf.3635>
     566:	88 23       	and	r24, r24
     568:	d9 f1       	breq	.+118    	; 0x5e0 <DbgPrintInt+0xec>
			USART.DATA = '0'+ ((Data/i)%10);
     56a:	e0 ea       	ldi	r30, 0xA0	; 160
     56c:	fa e0       	ldi	r31, 0x0A	; 10
     56e:	80 91 b4 20 	lds	r24, 0x20B4	; 0x8020b4 <i.3634>
     572:	90 91 b5 20 	lds	r25, 0x20B5	; 0x8020b5 <i.3634+0x1>
     576:	9c 01       	movw	r18, r24
     578:	89 81       	ldd	r24, Y+1	; 0x01
     57a:	9a 81       	ldd	r25, Y+2	; 0x02
     57c:	b9 01       	movw	r22, r18
     57e:	0e 94 b4 1f 	call	0x3f68	; 0x3f68 <__udivmodhi4>
     582:	cb 01       	movw	r24, r22
     584:	ac 01       	movw	r20, r24
     586:	9a 01       	movw	r18, r20
     588:	ad ec       	ldi	r26, 0xCD	; 205
     58a:	bc ec       	ldi	r27, 0xCC	; 204
     58c:	0e 94 dc 1f 	call	0x3fb8	; 0x3fb8 <__umulhisi3>
     590:	96 95       	lsr	r25
     592:	87 95       	ror	r24
     594:	96 95       	lsr	r25
     596:	87 95       	ror	r24
     598:	96 95       	lsr	r25
     59a:	87 95       	ror	r24
     59c:	88 0f       	add	r24, r24
     59e:	99 1f       	adc	r25, r25
     5a0:	9c 01       	movw	r18, r24
     5a2:	22 0f       	add	r18, r18
     5a4:	33 1f       	adc	r19, r19
     5a6:	22 0f       	add	r18, r18
     5a8:	33 1f       	adc	r19, r19
     5aa:	82 0f       	add	r24, r18
     5ac:	93 1f       	adc	r25, r19
     5ae:	9a 01       	movw	r18, r20
     5b0:	28 1b       	sub	r18, r24
     5b2:	39 0b       	sbc	r19, r25
     5b4:	c9 01       	movw	r24, r18
     5b6:	80 5d       	subi	r24, 0xD0	; 208
     5b8:	80 83       	st	Z, r24
			while (!(USART.STATUS & 0b01000000));
     5ba:	00 00       	nop
     5bc:	80 ea       	ldi	r24, 0xA0	; 160
     5be:	9a e0       	ldi	r25, 0x0A	; 10
     5c0:	fc 01       	movw	r30, r24
     5c2:	81 81       	ldd	r24, Z+1	; 0x01
     5c4:	88 2f       	mov	r24, r24
     5c6:	90 e0       	ldi	r25, 0x00	; 0
     5c8:	80 74       	andi	r24, 0x40	; 64
     5ca:	99 27       	eor	r25, r25
     5cc:	89 2b       	or	r24, r25
     5ce:	b1 f3       	breq	.-20     	; 0x5bc <DbgPrintInt+0xc8>
			USART.STATUS=0b01000000;
     5d0:	80 ea       	ldi	r24, 0xA0	; 160
     5d2:	9a e0       	ldi	r25, 0x0A	; 10
     5d4:	20 e4       	ldi	r18, 0x40	; 64
     5d6:	fc 01       	movw	r30, r24
     5d8:	21 83       	std	Z+1, r18	; 0x01
			pf=1;		
     5da:	81 e0       	ldi	r24, 0x01	; 1
     5dc:	80 93 b6 20 	sts	0x20B6, r24	; 0x8020b6 <pf.3635>
		}
		i/=10;
     5e0:	80 91 b4 20 	lds	r24, 0x20B4	; 0x8020b4 <i.3634>
     5e4:	90 91 b5 20 	lds	r25, 0x20B5	; 0x8020b5 <i.3634+0x1>
     5e8:	2a e0       	ldi	r18, 0x0A	; 10
     5ea:	30 e0       	ldi	r19, 0x00	; 0
     5ec:	b9 01       	movw	r22, r18
     5ee:	0e 94 c8 1f 	call	0x3f90	; 0x3f90 <__divmodhi4>
     5f2:	cb 01       	movw	r24, r22
     5f4:	80 93 b4 20 	sts	0x20B4, r24	; 0x8020b4 <i.3634>
     5f8:	90 93 b5 20 	sts	0x20B5, r25	; 0x8020b5 <i.3634+0x1>
	static int i;
	static uint8_t pf;

	i=10000;
	pf=0;
	while (i>0) {
     5fc:	80 91 b4 20 	lds	r24, 0x20B4	; 0x8020b4 <i.3634>
     600:	90 91 b5 20 	lds	r25, 0x20B5	; 0x8020b5 <i.3634+0x1>
     604:	18 16       	cp	r1, r24
     606:	19 06       	cpc	r1, r25
     608:	0c f4       	brge	.+2      	; 0x60c <DbgPrintInt+0x118>
     60a:	85 cf       	rjmp	.-246    	; 0x516 <DbgPrintInt+0x22>
			USART.STATUS=0b01000000;
			pf=1;		
		}
		i/=10;
	}
     60c:	00 00       	nop
     60e:	0f 90       	pop	r0
     610:	0f 90       	pop	r0
     612:	df 91       	pop	r29
     614:	cf 91       	pop	r28
     616:	08 95       	ret

00000618 <DriverLedInit>:
    * @see https://eliasdh.com
    * @since 10/03/2026
**/
#include "DriverLed.h"

void DriverLedInit(void) {
     618:	cf 93       	push	r28
     61a:	df 93       	push	r29
     61c:	cd b7       	in	r28, 0x3d	; 61
     61e:	de b7       	in	r29, 0x3e	; 62
	// Configure PB0, PB1, PB2 as outputs
	PORTB.DIRSET = 0x07;  // Set bits 0-2 as output (0x07 = 0b00000111)
     620:	80 e2       	ldi	r24, 0x20	; 32
     622:	96 e0       	ldi	r25, 0x06	; 6
     624:	27 e0       	ldi	r18, 0x07	; 7
     626:	fc 01       	movw	r30, r24
     628:	21 83       	std	Z+1, r18	; 0x01

	// Configure PA7 as output
	PORTA.DIRSET = 0x80;  // Set bit 7 as output (0x80 = 0b10000000)
     62a:	80 e0       	ldi	r24, 0x00	; 0
     62c:	96 e0       	ldi	r25, 0x06	; 6
     62e:	20 e8       	ldi	r18, 0x80	; 128
     630:	fc 01       	movw	r30, r24
     632:	21 83       	std	Z+1, r18	; 0x01

	// Enable invert on PB0, PB1, PB2 (active-low LEDs, so invert to make '1' = LED on)
	PORTB.PIN0CTRL = PORT_INVEN_bm;
     634:	80 e2       	ldi	r24, 0x20	; 32
     636:	96 e0       	ldi	r25, 0x06	; 6
     638:	20 e4       	ldi	r18, 0x40	; 64
     63a:	fc 01       	movw	r30, r24
     63c:	20 8b       	std	Z+16, r18	; 0x10
	PORTB.PIN1CTRL = PORT_INVEN_bm;
     63e:	80 e2       	ldi	r24, 0x20	; 32
     640:	96 e0       	ldi	r25, 0x06	; 6
     642:	20 e4       	ldi	r18, 0x40	; 64
     644:	fc 01       	movw	r30, r24
     646:	21 8b       	std	Z+17, r18	; 0x11
	PORTB.PIN2CTRL = PORT_INVEN_bm;
     648:	80 e2       	ldi	r24, 0x20	; 32
     64a:	96 e0       	ldi	r25, 0x06	; 6
     64c:	20 e4       	ldi	r18, 0x40	; 64
     64e:	fc 01       	movw	r30, r24
     650:	22 8b       	std	Z+18, r18	; 0x12

	// Enable invert on PA7
	PORTA.PIN7CTRL = PORT_INVEN_bm;
     652:	80 e0       	ldi	r24, 0x00	; 0
     654:	96 e0       	ldi	r25, 0x06	; 6
     656:	20 e4       	ldi	r18, 0x40	; 64
     658:	fc 01       	movw	r30, r24
     65a:	27 8b       	std	Z+23, r18	; 0x17
}
     65c:	00 00       	nop
     65e:	df 91       	pop	r29
     660:	cf 91       	pop	r28
     662:	08 95       	ret

00000664 <__vector_2>:
// Without volatile, the compiler may cache values and miss interrupt-driven updates.
static volatile int16_t encoderPosA = 0; // Encoder pulse counter for motor A.
static volatile int16_t encoderPosB = 0; // Encoder pulse counter for motor B.

// Interrupt for encoder A, phase A (PC6).
ISR(PORTC_INT0_vect) {
     664:	1f 92       	push	r1
     666:	0f 92       	push	r0
     668:	00 90 3f 00 	lds	r0, 0x003F	; 0x80003f <__TEXT_REGION_LENGTH__+0x70003f>
     66c:	0f 92       	push	r0
     66e:	11 24       	eor	r1, r1
     670:	00 90 3b 00 	lds	r0, 0x003B	; 0x80003b <__TEXT_REGION_LENGTH__+0x70003b>
     674:	0f 92       	push	r0
     676:	2f 93       	push	r18
     678:	3f 93       	push	r19
     67a:	8f 93       	push	r24
     67c:	9f 93       	push	r25
     67e:	ef 93       	push	r30
     680:	ff 93       	push	r31
     682:	cf 93       	push	r28
     684:	df 93       	push	r29
     686:	1f 92       	push	r1
     688:	cd b7       	in	r28, 0x3d	; 61
     68a:	de b7       	in	r29, 0x3e	; 62
	uint8_t pins = PORTC.IN; 										// Read both encoder input levels once.
     68c:	80 e4       	ldi	r24, 0x40	; 64
     68e:	96 e0       	ldi	r25, 0x06	; 6
     690:	fc 01       	movw	r30, r24
     692:	80 85       	ldd	r24, Z+8	; 0x08
     694:	89 83       	std	Y+1, r24	; 0x01
	if (pins & PIN6_bm) encoderPosA += (pins & PIN7_bm) ? -1 : +1; 	// (If phase A is currently high) Direction depends on phase B.
     696:	89 81       	ldd	r24, Y+1	; 0x01
     698:	88 2f       	mov	r24, r24
     69a:	90 e0       	ldi	r25, 0x00	; 0
     69c:	80 74       	andi	r24, 0x40	; 64
     69e:	99 27       	eor	r25, r25
     6a0:	89 2b       	or	r24, r25
     6a2:	99 f0       	breq	.+38     	; 0x6ca <__vector_2+0x66>
     6a4:	89 81       	ldd	r24, Y+1	; 0x01
     6a6:	88 23       	and	r24, r24
     6a8:	1c f4       	brge	.+6      	; 0x6b0 <__vector_2+0x4c>
     6aa:	8f ef       	ldi	r24, 0xFF	; 255
     6ac:	9f ef       	ldi	r25, 0xFF	; 255
     6ae:	02 c0       	rjmp	.+4      	; 0x6b4 <__vector_2+0x50>
     6b0:	81 e0       	ldi	r24, 0x01	; 1
     6b2:	90 e0       	ldi	r25, 0x00	; 0
     6b4:	20 91 b7 20 	lds	r18, 0x20B7	; 0x8020b7 <encoderPosA>
     6b8:	30 91 b8 20 	lds	r19, 0x20B8	; 0x8020b8 <encoderPosA+0x1>
     6bc:	82 0f       	add	r24, r18
     6be:	93 1f       	adc	r25, r19
     6c0:	80 93 b7 20 	sts	0x20B7, r24	; 0x8020b7 <encoderPosA>
     6c4:	90 93 b8 20 	sts	0x20B8, r25	; 0x8020b8 <encoderPosA+0x1>
     6c8:	12 c0       	rjmp	.+36     	; 0x6ee <__vector_2+0x8a>
	else encoderPosA += (pins & PIN7_bm) ? +1 : -1; 				// (If phase A is currently low) Direction depends on phase B.
     6ca:	89 81       	ldd	r24, Y+1	; 0x01
     6cc:	88 23       	and	r24, r24
     6ce:	1c f4       	brge	.+6      	; 0x6d6 <__vector_2+0x72>
     6d0:	81 e0       	ldi	r24, 0x01	; 1
     6d2:	90 e0       	ldi	r25, 0x00	; 0
     6d4:	02 c0       	rjmp	.+4      	; 0x6da <__vector_2+0x76>
     6d6:	8f ef       	ldi	r24, 0xFF	; 255
     6d8:	9f ef       	ldi	r25, 0xFF	; 255
     6da:	20 91 b7 20 	lds	r18, 0x20B7	; 0x8020b7 <encoderPosA>
     6de:	30 91 b8 20 	lds	r19, 0x20B8	; 0x8020b8 <encoderPosA+0x1>
     6e2:	82 0f       	add	r24, r18
     6e4:	93 1f       	adc	r25, r19
     6e6:	80 93 b7 20 	sts	0x20B7, r24	; 0x8020b7 <encoderPosA>
     6ea:	90 93 b8 20 	sts	0x20B8, r25	; 0x8020b8 <encoderPosA+0x1>
	PORTC.INTFLAGS = PORT_INT0IF_bm; 								// Clear INT0 interrupt flag on PORTC.
     6ee:	80 e4       	ldi	r24, 0x40	; 64
     6f0:	96 e0       	ldi	r25, 0x06	; 6
     6f2:	21 e0       	ldi	r18, 0x01	; 1
     6f4:	fc 01       	movw	r30, r24
     6f6:	24 87       	std	Z+12, r18	; 0x0c
}
     6f8:	00 00       	nop
     6fa:	0f 90       	pop	r0
     6fc:	df 91       	pop	r29
     6fe:	cf 91       	pop	r28
     700:	ff 91       	pop	r31
     702:	ef 91       	pop	r30
     704:	9f 91       	pop	r25
     706:	8f 91       	pop	r24
     708:	3f 91       	pop	r19
     70a:	2f 91       	pop	r18
     70c:	0f 90       	pop	r0
     70e:	00 92 3b 00 	sts	0x003B, r0	; 0x80003b <__TEXT_REGION_LENGTH__+0x70003b>
     712:	0f 90       	pop	r0
     714:	00 92 3f 00 	sts	0x003F, r0	; 0x80003f <__TEXT_REGION_LENGTH__+0x70003f>
     718:	0f 90       	pop	r0
     71a:	1f 90       	pop	r1
     71c:	18 95       	reti

0000071e <__vector_3>:

// Interrupt for encoder A, phase B (PC7).
ISR(PORTC_INT1_vect) {
     71e:	1f 92       	push	r1
     720:	0f 92       	push	r0
     722:	00 90 3f 00 	lds	r0, 0x003F	; 0x80003f <__TEXT_REGION_LENGTH__+0x70003f>
     726:	0f 92       	push	r0
     728:	11 24       	eor	r1, r1
     72a:	00 90 3b 00 	lds	r0, 0x003B	; 0x80003b <__TEXT_REGION_LENGTH__+0x70003b>
     72e:	0f 92       	push	r0
     730:	2f 93       	push	r18
     732:	3f 93       	push	r19
     734:	8f 93       	push	r24
     736:	9f 93       	push	r25
     738:	ef 93       	push	r30
     73a:	ff 93       	push	r31
     73c:	cf 93       	push	r28
     73e:	df 93       	push	r29
     740:	1f 92       	push	r1
     742:	cd b7       	in	r28, 0x3d	; 61
     744:	de b7       	in	r29, 0x3e	; 62
	uint8_t pins = PORTC.IN;										// Read both encoder input levels once.
     746:	80 e4       	ldi	r24, 0x40	; 64
     748:	96 e0       	ldi	r25, 0x06	; 6
     74a:	fc 01       	movw	r30, r24
     74c:	80 85       	ldd	r24, Z+8	; 0x08
     74e:	89 83       	std	Y+1, r24	; 0x01
	if (pins & PIN7_bm) encoderPosA += (pins & PIN6_bm) ? +1 : -1; 	// (If phase B is currently high) Direction depends on phase A.
     750:	89 81       	ldd	r24, Y+1	; 0x01
     752:	88 23       	and	r24, r24
     754:	bc f4       	brge	.+46     	; 0x784 <__vector_3+0x66>
     756:	89 81       	ldd	r24, Y+1	; 0x01
     758:	88 2f       	mov	r24, r24
     75a:	90 e0       	ldi	r25, 0x00	; 0
     75c:	80 74       	andi	r24, 0x40	; 64
     75e:	99 27       	eor	r25, r25
     760:	89 2b       	or	r24, r25
     762:	19 f0       	breq	.+6      	; 0x76a <__vector_3+0x4c>
     764:	81 e0       	ldi	r24, 0x01	; 1
     766:	90 e0       	ldi	r25, 0x00	; 0
     768:	02 c0       	rjmp	.+4      	; 0x76e <__vector_3+0x50>
     76a:	8f ef       	ldi	r24, 0xFF	; 255
     76c:	9f ef       	ldi	r25, 0xFF	; 255
     76e:	20 91 b7 20 	lds	r18, 0x20B7	; 0x8020b7 <encoderPosA>
     772:	30 91 b8 20 	lds	r19, 0x20B8	; 0x8020b8 <encoderPosA+0x1>
     776:	82 0f       	add	r24, r18
     778:	93 1f       	adc	r25, r19
     77a:	80 93 b7 20 	sts	0x20B7, r24	; 0x8020b7 <encoderPosA>
     77e:	90 93 b8 20 	sts	0x20B8, r25	; 0x8020b8 <encoderPosA+0x1>
     782:	16 c0       	rjmp	.+44     	; 0x7b0 <__vector_3+0x92>
	else encoderPosA += (pins & PIN6_bm) ? -1 : +1;					// (If phase B is currently low) Direction depends on phase A.
     784:	89 81       	ldd	r24, Y+1	; 0x01
     786:	88 2f       	mov	r24, r24
     788:	90 e0       	ldi	r25, 0x00	; 0
     78a:	80 74       	andi	r24, 0x40	; 64
     78c:	99 27       	eor	r25, r25
     78e:	89 2b       	or	r24, r25
     790:	19 f0       	breq	.+6      	; 0x798 <__vector_3+0x7a>
     792:	8f ef       	ldi	r24, 0xFF	; 255
     794:	9f ef       	ldi	r25, 0xFF	; 255
     796:	02 c0       	rjmp	.+4      	; 0x79c <__vector_3+0x7e>
     798:	81 e0       	ldi	r24, 0x01	; 1
     79a:	90 e0       	ldi	r25, 0x00	; 0
     79c:	20 91 b7 20 	lds	r18, 0x20B7	; 0x8020b7 <encoderPosA>
     7a0:	30 91 b8 20 	lds	r19, 0x20B8	; 0x8020b8 <encoderPosA+0x1>
     7a4:	82 0f       	add	r24, r18
     7a6:	93 1f       	adc	r25, r19
     7a8:	80 93 b7 20 	sts	0x20B7, r24	; 0x8020b7 <encoderPosA>
     7ac:	90 93 b8 20 	sts	0x20B8, r25	; 0x8020b8 <encoderPosA+0x1>
	PORTC.INTFLAGS = PORT_INT1IF_bm;								// Clear INT1 interrupt flag on PORTC.
     7b0:	80 e4       	ldi	r24, 0x40	; 64
     7b2:	96 e0       	ldi	r25, 0x06	; 6
     7b4:	22 e0       	ldi	r18, 0x02	; 2
     7b6:	fc 01       	movw	r30, r24
     7b8:	24 87       	std	Z+12, r18	; 0x0c
}
     7ba:	00 00       	nop
     7bc:	0f 90       	pop	r0
     7be:	df 91       	pop	r29
     7c0:	cf 91       	pop	r28
     7c2:	ff 91       	pop	r31
     7c4:	ef 91       	pop	r30
     7c6:	9f 91       	pop	r25
     7c8:	8f 91       	pop	r24
     7ca:	3f 91       	pop	r19
     7cc:	2f 91       	pop	r18
     7ce:	0f 90       	pop	r0
     7d0:	00 92 3b 00 	sts	0x003B, r0	; 0x80003b <__TEXT_REGION_LENGTH__+0x70003b>
     7d4:	0f 90       	pop	r0
     7d6:	00 92 3f 00 	sts	0x003F, r0	; 0x80003f <__TEXT_REGION_LENGTH__+0x70003f>
     7da:	0f 90       	pop	r0
     7dc:	1f 90       	pop	r1
     7de:	18 95       	reti

000007e0 <__vector_43>:

// Interrupt for encoder B, phase A (PE4).
ISR(PORTE_INT0_vect) {
     7e0:	1f 92       	push	r1
     7e2:	0f 92       	push	r0
     7e4:	00 90 3f 00 	lds	r0, 0x003F	; 0x80003f <__TEXT_REGION_LENGTH__+0x70003f>
     7e8:	0f 92       	push	r0
     7ea:	11 24       	eor	r1, r1
     7ec:	00 90 3b 00 	lds	r0, 0x003B	; 0x80003b <__TEXT_REGION_LENGTH__+0x70003b>
     7f0:	0f 92       	push	r0
     7f2:	2f 93       	push	r18
     7f4:	3f 93       	push	r19
     7f6:	8f 93       	push	r24
     7f8:	9f 93       	push	r25
     7fa:	ef 93       	push	r30
     7fc:	ff 93       	push	r31
     7fe:	cf 93       	push	r28
     800:	df 93       	push	r29
     802:	1f 92       	push	r1
     804:	cd b7       	in	r28, 0x3d	; 61
     806:	de b7       	in	r29, 0x3e	; 62
	uint8_t pins = PORTE.IN;										// Read both encoder input levels once.
     808:	80 e8       	ldi	r24, 0x80	; 128
     80a:	96 e0       	ldi	r25, 0x06	; 6
     80c:	fc 01       	movw	r30, r24
     80e:	80 85       	ldd	r24, Z+8	; 0x08
     810:	89 83       	std	Y+1, r24	; 0x01
	if (pins & PIN4_bm) encoderPosB += (pins & PIN5_bm) ? -1 : +1; 	// (If phase A is currently high) Direction depends on phase B.
     812:	89 81       	ldd	r24, Y+1	; 0x01
     814:	88 2f       	mov	r24, r24
     816:	90 e0       	ldi	r25, 0x00	; 0
     818:	80 71       	andi	r24, 0x10	; 16
     81a:	99 27       	eor	r25, r25
     81c:	89 2b       	or	r24, r25
     81e:	b9 f0       	breq	.+46     	; 0x84e <__vector_43+0x6e>
     820:	89 81       	ldd	r24, Y+1	; 0x01
     822:	88 2f       	mov	r24, r24
     824:	90 e0       	ldi	r25, 0x00	; 0
     826:	80 72       	andi	r24, 0x20	; 32
     828:	99 27       	eor	r25, r25
     82a:	89 2b       	or	r24, r25
     82c:	19 f0       	breq	.+6      	; 0x834 <__vector_43+0x54>
     82e:	8f ef       	ldi	r24, 0xFF	; 255
     830:	9f ef       	ldi	r25, 0xFF	; 255
     832:	02 c0       	rjmp	.+4      	; 0x838 <__vector_43+0x58>
     834:	81 e0       	ldi	r24, 0x01	; 1
     836:	90 e0       	ldi	r25, 0x00	; 0
     838:	20 91 b9 20 	lds	r18, 0x20B9	; 0x8020b9 <encoderPosB>
     83c:	30 91 ba 20 	lds	r19, 0x20BA	; 0x8020ba <encoderPosB+0x1>
     840:	82 0f       	add	r24, r18
     842:	93 1f       	adc	r25, r19
     844:	80 93 b9 20 	sts	0x20B9, r24	; 0x8020b9 <encoderPosB>
     848:	90 93 ba 20 	sts	0x20BA, r25	; 0x8020ba <encoderPosB+0x1>
     84c:	16 c0       	rjmp	.+44     	; 0x87a <__vector_43+0x9a>
	else encoderPosB += (pins & PIN5_bm) ? +1 : -1;					// (If phase A is currently low) Direction depends on phase B.
     84e:	89 81       	ldd	r24, Y+1	; 0x01
     850:	88 2f       	mov	r24, r24
     852:	90 e0       	ldi	r25, 0x00	; 0
     854:	80 72       	andi	r24, 0x20	; 32
     856:	99 27       	eor	r25, r25
     858:	89 2b       	or	r24, r25
     85a:	19 f0       	breq	.+6      	; 0x862 <__vector_43+0x82>
     85c:	81 e0       	ldi	r24, 0x01	; 1
     85e:	90 e0       	ldi	r25, 0x00	; 0
     860:	02 c0       	rjmp	.+4      	; 0x866 <__vector_43+0x86>
     862:	8f ef       	ldi	r24, 0xFF	; 255
     864:	9f ef       	ldi	r25, 0xFF	; 255
     866:	20 91 b9 20 	lds	r18, 0x20B9	; 0x8020b9 <encoderPosB>
     86a:	30 91 ba 20 	lds	r19, 0x20BA	; 0x8020ba <encoderPosB+0x1>
     86e:	82 0f       	add	r24, r18
     870:	93 1f       	adc	r25, r19
     872:	80 93 b9 20 	sts	0x20B9, r24	; 0x8020b9 <encoderPosB>
     876:	90 93 ba 20 	sts	0x20BA, r25	; 0x8020ba <encoderPosB+0x1>
	PORTE.INTFLAGS = PORT_INT0IF_bm;								// Clear INT0 interrupt flag on PORTE.
     87a:	80 e8       	ldi	r24, 0x80	; 128
     87c:	96 e0       	ldi	r25, 0x06	; 6
     87e:	21 e0       	ldi	r18, 0x01	; 1
     880:	fc 01       	movw	r30, r24
     882:	24 87       	std	Z+12, r18	; 0x0c
}
     884:	00 00       	nop
     886:	0f 90       	pop	r0
     888:	df 91       	pop	r29
     88a:	cf 91       	pop	r28
     88c:	ff 91       	pop	r31
     88e:	ef 91       	pop	r30
     890:	9f 91       	pop	r25
     892:	8f 91       	pop	r24
     894:	3f 91       	pop	r19
     896:	2f 91       	pop	r18
     898:	0f 90       	pop	r0
     89a:	00 92 3b 00 	sts	0x003B, r0	; 0x80003b <__TEXT_REGION_LENGTH__+0x70003b>
     89e:	0f 90       	pop	r0
     8a0:	00 92 3f 00 	sts	0x003F, r0	; 0x80003f <__TEXT_REGION_LENGTH__+0x70003f>
     8a4:	0f 90       	pop	r0
     8a6:	1f 90       	pop	r1
     8a8:	18 95       	reti

000008aa <__vector_44>:

// Interrupt for encoder B, phase B (PE5).
ISR(PORTE_INT1_vect) {
     8aa:	1f 92       	push	r1
     8ac:	0f 92       	push	r0
     8ae:	00 90 3f 00 	lds	r0, 0x003F	; 0x80003f <__TEXT_REGION_LENGTH__+0x70003f>
     8b2:	0f 92       	push	r0
     8b4:	11 24       	eor	r1, r1
     8b6:	00 90 3b 00 	lds	r0, 0x003B	; 0x80003b <__TEXT_REGION_LENGTH__+0x70003b>
     8ba:	0f 92       	push	r0
     8bc:	2f 93       	push	r18
     8be:	3f 93       	push	r19
     8c0:	8f 93       	push	r24
     8c2:	9f 93       	push	r25
     8c4:	ef 93       	push	r30
     8c6:	ff 93       	push	r31
     8c8:	cf 93       	push	r28
     8ca:	df 93       	push	r29
     8cc:	1f 92       	push	r1
     8ce:	cd b7       	in	r28, 0x3d	; 61
     8d0:	de b7       	in	r29, 0x3e	; 62
	uint8_t pins = PORTE.IN;										// Read both encoder input levels once.
     8d2:	80 e8       	ldi	r24, 0x80	; 128
     8d4:	96 e0       	ldi	r25, 0x06	; 6
     8d6:	fc 01       	movw	r30, r24
     8d8:	80 85       	ldd	r24, Z+8	; 0x08
     8da:	89 83       	std	Y+1, r24	; 0x01
	if (pins & PIN5_bm) encoderPosB += (pins & PIN4_bm) ? +1 : -1; 	// (If phase B is currently high) Direction depends on phase A.
     8dc:	89 81       	ldd	r24, Y+1	; 0x01
     8de:	88 2f       	mov	r24, r24
     8e0:	90 e0       	ldi	r25, 0x00	; 0
     8e2:	80 72       	andi	r24, 0x20	; 32
     8e4:	99 27       	eor	r25, r25
     8e6:	89 2b       	or	r24, r25
     8e8:	b9 f0       	breq	.+46     	; 0x918 <__vector_44+0x6e>
     8ea:	89 81       	ldd	r24, Y+1	; 0x01
     8ec:	88 2f       	mov	r24, r24
     8ee:	90 e0       	ldi	r25, 0x00	; 0
     8f0:	80 71       	andi	r24, 0x10	; 16
     8f2:	99 27       	eor	r25, r25
     8f4:	89 2b       	or	r24, r25
     8f6:	19 f0       	breq	.+6      	; 0x8fe <__vector_44+0x54>
     8f8:	81 e0       	ldi	r24, 0x01	; 1
     8fa:	90 e0       	ldi	r25, 0x00	; 0
     8fc:	02 c0       	rjmp	.+4      	; 0x902 <__vector_44+0x58>
     8fe:	8f ef       	ldi	r24, 0xFF	; 255
     900:	9f ef       	ldi	r25, 0xFF	; 255
     902:	20 91 b9 20 	lds	r18, 0x20B9	; 0x8020b9 <encoderPosB>
     906:	30 91 ba 20 	lds	r19, 0x20BA	; 0x8020ba <encoderPosB+0x1>
     90a:	82 0f       	add	r24, r18
     90c:	93 1f       	adc	r25, r19
     90e:	80 93 b9 20 	sts	0x20B9, r24	; 0x8020b9 <encoderPosB>
     912:	90 93 ba 20 	sts	0x20BA, r25	; 0x8020ba <encoderPosB+0x1>
     916:	16 c0       	rjmp	.+44     	; 0x944 <__vector_44+0x9a>
	else encoderPosB += (pins & PIN4_bm) ? -1 : +1;					// (If phase B is currently low) Direction depends on phase A.
     918:	89 81       	ldd	r24, Y+1	; 0x01
     91a:	88 2f       	mov	r24, r24
     91c:	90 e0       	ldi	r25, 0x00	; 0
     91e:	80 71       	andi	r24, 0x10	; 16
     920:	99 27       	eor	r25, r25
     922:	89 2b       	or	r24, r25
     924:	19 f0       	breq	.+6      	; 0x92c <__vector_44+0x82>
     926:	8f ef       	ldi	r24, 0xFF	; 255
     928:	9f ef       	ldi	r25, 0xFF	; 255
     92a:	02 c0       	rjmp	.+4      	; 0x930 <__vector_44+0x86>
     92c:	81 e0       	ldi	r24, 0x01	; 1
     92e:	90 e0       	ldi	r25, 0x00	; 0
     930:	20 91 b9 20 	lds	r18, 0x20B9	; 0x8020b9 <encoderPosB>
     934:	30 91 ba 20 	lds	r19, 0x20BA	; 0x8020ba <encoderPosB+0x1>
     938:	82 0f       	add	r24, r18
     93a:	93 1f       	adc	r25, r19
     93c:	80 93 b9 20 	sts	0x20B9, r24	; 0x8020b9 <encoderPosB>
     940:	90 93 ba 20 	sts	0x20BA, r25	; 0x8020ba <encoderPosB+0x1>
	PORTE.INTFLAGS = PORT_INT1IF_bm;								// Clear INT1 interrupt flag on PORTE.
     944:	80 e8       	ldi	r24, 0x80	; 128
     946:	96 e0       	ldi	r25, 0x06	; 6
     948:	22 e0       	ldi	r18, 0x02	; 2
     94a:	fc 01       	movw	r30, r24
     94c:	24 87       	std	Z+12, r18	; 0x0c
}
     94e:	00 00       	nop
     950:	0f 90       	pop	r0
     952:	df 91       	pop	r29
     954:	cf 91       	pop	r28
     956:	ff 91       	pop	r31
     958:	ef 91       	pop	r30
     95a:	9f 91       	pop	r25
     95c:	8f 91       	pop	r24
     95e:	3f 91       	pop	r19
     960:	2f 91       	pop	r18
     962:	0f 90       	pop	r0
     964:	00 92 3b 00 	sts	0x003B, r0	; 0x80003b <__TEXT_REGION_LENGTH__+0x70003b>
     968:	0f 90       	pop	r0
     96a:	00 92 3f 00 	sts	0x003F, r0	; 0x80003f <__TEXT_REGION_LENGTH__+0x70003f>
     96e:	0f 90       	pop	r0
     970:	1f 90       	pop	r1
     972:	18 95       	reti

00000974 <DriverPowerInit>:
    * @see https://eliasdh.com
    * @since 10/03/2026
**/
#include "DriverPower.h"

void DriverPowerInit(void) {
     974:	cf 93       	push	r28
     976:	df 93       	push	r29
     978:	cd b7       	in	r28, 0x3d	; 61
     97a:	de b7       	in	r29, 0x3e	; 62
	PORTC.DIRSET=1<<5;
     97c:	80 e4       	ldi	r24, 0x40	; 64
     97e:	96 e0       	ldi	r25, 0x06	; 6
     980:	20 e2       	ldi	r18, 0x20	; 32
     982:	fc 01       	movw	r30, r24
     984:	21 83       	std	Z+1, r18	; 0x01
}
     986:	00 00       	nop
     988:	df 91       	pop	r29
     98a:	cf 91       	pop	r28
     98c:	08 95       	ret

0000098e <DriverPowerVccAuxSet>:

void DriverPowerVccAuxSet(uint8_t State) {
     98e:	cf 93       	push	r28
     990:	df 93       	push	r29
     992:	1f 92       	push	r1
     994:	cd b7       	in	r28, 0x3d	; 61
     996:	de b7       	in	r29, 0x3e	; 62
     998:	89 83       	std	Y+1, r24	; 0x01
	if (State) PORTC.OUTSET=1<<5;
     99a:	89 81       	ldd	r24, Y+1	; 0x01
     99c:	88 23       	and	r24, r24
     99e:	31 f0       	breq	.+12     	; 0x9ac <DriverPowerVccAuxSet+0x1e>
     9a0:	80 e4       	ldi	r24, 0x40	; 64
     9a2:	96 e0       	ldi	r25, 0x06	; 6
     9a4:	20 e2       	ldi	r18, 0x20	; 32
     9a6:	fc 01       	movw	r30, r24
     9a8:	25 83       	std	Z+5, r18	; 0x05
	else PORTC.OUTCLR=1<<5;
     9aa:	05 c0       	rjmp	.+10     	; 0x9b6 <DriverPowerVccAuxSet+0x28>
	PORTC.DIRSET=1<<5;
}

void DriverPowerVccAuxSet(uint8_t State) {
	if (State) PORTC.OUTSET=1<<5;
	else PORTC.OUTCLR=1<<5;
     9ac:	80 e4       	ldi	r24, 0x40	; 64
     9ae:	96 e0       	ldi	r25, 0x06	; 6
     9b0:	20 e2       	ldi	r18, 0x20	; 32
     9b2:	fc 01       	movw	r30, r24
     9b4:	26 83       	std	Z+6, r18	; 0x06
     9b6:	00 00       	nop
     9b8:	0f 90       	pop	r0
     9ba:	df 91       	pop	r29
     9bc:	cf 91       	pop	r28
     9be:	08 95       	ret

000009c0 <DriverSysClkXtalInit>:
    uint8_t Mult;
    if (F_XTAL<400E3) return -1;
    if (F_XTAL<=2E6) OSC.XOSCCTRL=0b00001011;
    else if(F_XTAL<=9E6) OSC.XOSCCTRL=0b01001011;
    else if(F_XTAL<=12E6) OSC.XOSCCTRL=0b10001011;
    else if(F_XTAL<=16E6) OSC.XOSCCTRL=0b11001011;
     9c0:	8b ec       	ldi	r24, 0xCB	; 203
     9c2:	80 93 52 00 	sts	0x0052, r24	; 0x800052 <__TEXT_REGION_LENGTH__+0x700052>
    else return -1;
    OSC.CTRL=0b01000;
     9c6:	88 e0       	ldi	r24, 0x08	; 8
     9c8:	80 93 50 00 	sts	0x0050, r24	; 0x800050 <__TEXT_REGION_LENGTH__+0x700050>

    while (!(OSC.STATUS&0b1000)); 
     9cc:	80 91 51 00 	lds	r24, 0x0051	; 0x800051 <__TEXT_REGION_LENGTH__+0x700051>
     9d0:	83 ff       	sbrs	r24, 3
     9d2:	fc cf       	rjmp	.-8      	; 0x9cc <DriverSysClkXtalInit+0xc>
	}	
	else if (F_CPU>F_XTAL) {
		Mult=F_CPU/F_XTAL;
		if (Mult>31) return -1;
		if (F_XTAL * (uint32_t) Mult !=F_CPU) return -1;
		OSC.PLLCTRL=0b11000000 | (Mult);
     9d4:	82 ec       	ldi	r24, 0xC2	; 194
     9d6:	80 93 55 00 	sts	0x0055, r24	; 0x800055 <__TEXT_REGION_LENGTH__+0x700055>
		OSC.CTRL=0b00011000;
     9da:	88 e1       	ldi	r24, 0x18	; 24
     9dc:	80 93 50 00 	sts	0x0050, r24	; 0x800050 <__TEXT_REGION_LENGTH__+0x700050>

		while (!(OSC.STATUS & 0b00010000));
     9e0:	80 91 51 00 	lds	r24, 0x0051	; 0x800051 <__TEXT_REGION_LENGTH__+0x700051>
     9e4:	84 ff       	sbrs	r24, 4
     9e6:	fc cf       	rjmp	.-8      	; 0x9e0 <DriverSysClkXtalInit+0x20>

		CCP=0xd8;
     9e8:	88 ed       	ldi	r24, 0xD8	; 216
     9ea:	84 bf       	out	0x34, r24	; 52
		CLK.CTRL=0b100;
     9ec:	84 e0       	ldi	r24, 0x04	; 4
     9ee:	80 93 40 00 	sts	0x0040, r24	; 0x800040 <__TEXT_REGION_LENGTH__+0x700040>
	}
	return 0;
}
     9f2:	80 e0       	ldi	r24, 0x00	; 0
     9f4:	08 95       	ret

000009f6 <DriverTWIMInit>:
		}
	} 
	else {
		return false;
	}
}
     9f6:	cf 93       	push	r28
     9f8:	df 93       	push	r29
     9fa:	cd b7       	in	r28, 0x3d	; 61
     9fc:	de b7       	in	r29, 0x3e	; 62
     9fe:	10 92 c4 20 	sts	0x20C4, r1	; 0x8020c4 <Twim_status>
     a02:	80 e8       	ldi	r24, 0x80	; 128
     a04:	96 e0       	ldi	r25, 0x06	; 6
     a06:	28 e1       	ldi	r18, 0x18	; 24
     a08:	fc 01       	movw	r30, r24
     a0a:	20 8b       	std	Z+16, r18	; 0x10
     a0c:	80 e8       	ldi	r24, 0x80	; 128
     a0e:	96 e0       	ldi	r25, 0x06	; 6
     a10:	28 e1       	ldi	r18, 0x18	; 24
     a12:	fc 01       	movw	r30, r24
     a14:	21 8b       	std	Z+17, r18	; 0x11
     a16:	80 ea       	ldi	r24, 0xA0	; 160
     a18:	94 e0       	ldi	r25, 0x04	; 4
     a1a:	28 e7       	ldi	r18, 0x78	; 120
     a1c:	fc 01       	movw	r30, r24
     a1e:	21 83       	std	Z+1, r18	; 0x01
     a20:	80 ea       	ldi	r24, 0xA0	; 160
     a22:	94 e0       	ldi	r25, 0x04	; 4
     a24:	23 e2       	ldi	r18, 0x23	; 35
     a26:	fc 01       	movw	r30, r24
     a28:	25 83       	std	Z+5, r18	; 0x05
     a2a:	80 ea       	ldi	r24, 0xA0	; 160
     a2c:	94 e0       	ldi	r25, 0x04	; 4
     a2e:	21 e0       	ldi	r18, 0x01	; 1
     a30:	fc 01       	movw	r30, r24
     a32:	24 83       	std	Z+4, r18	; 0x04
     a34:	00 00       	nop
     a36:	df 91       	pop	r29
     a38:	cf 91       	pop	r28
     a3a:	08 95       	ret

00000a3c <TWIMArbitrationLostBusErrorHandler>:

void TWIMArbitrationLostBusErrorHandler() {
     a3c:	cf 93       	push	r28
     a3e:	df 93       	push	r29
     a40:	1f 92       	push	r1
     a42:	cd b7       	in	r28, 0x3d	; 61
     a44:	de b7       	in	r29, 0x3e	; 62
	uint8_t currentStatus = TWIM_BUS.MASTER.STATUS;
     a46:	80 ea       	ldi	r24, 0xA0	; 160
     a48:	94 e0       	ldi	r25, 0x04	; 4
     a4a:	fc 01       	movw	r30, r24
     a4c:	84 81       	ldd	r24, Z+4	; 0x04
     a4e:	89 83       	std	Y+1, r24	; 0x01

	if (currentStatus & TWI_MASTER_BUSERR_bm) {
     a50:	89 81       	ldd	r24, Y+1	; 0x01
     a52:	88 2f       	mov	r24, r24
     a54:	90 e0       	ldi	r25, 0x00	; 0
     a56:	84 70       	andi	r24, 0x04	; 4
     a58:	99 27       	eor	r25, r25
     a5a:	89 2b       	or	r24, r25
     a5c:	21 f0       	breq	.+8      	; 0xa66 <TWIMArbitrationLostBusErrorHandler+0x2a>
		Twim_result = TWIM_RESULT_BUS_ERROR;
     a5e:	84 e0       	ldi	r24, 0x04	; 4
     a60:	80 93 c5 20 	sts	0x20C5, r24	; 0x8020c5 <Twim_result>
     a64:	03 c0       	rjmp	.+6      	; 0xa6c <TWIMArbitrationLostBusErrorHandler+0x30>
	}

	else {
		Twim_result = TWIM_RESULT_ARBITRATION_LOST;
     a66:	83 e0       	ldi	r24, 0x03	; 3
     a68:	80 93 c5 20 	sts	0x20C5, r24	; 0x8020c5 <Twim_result>
	}

	TWIM_BUS.MASTER.STATUS = currentStatus | TWI_MASTER_ARBLOST_bm;
     a6c:	80 ea       	ldi	r24, 0xA0	; 160
     a6e:	94 e0       	ldi	r25, 0x04	; 4
     a70:	29 81       	ldd	r18, Y+1	; 0x01
     a72:	28 60       	ori	r18, 0x08	; 8
     a74:	fc 01       	movw	r30, r24
     a76:	24 83       	std	Z+4, r18	; 0x04

	Twim_status = TWIM_STATUS_READY;
     a78:	10 92 c4 20 	sts	0x20C4, r1	; 0x8020c4 <Twim_status>
}
     a7c:	00 00       	nop
     a7e:	0f 90       	pop	r0
     a80:	df 91       	pop	r29
     a82:	cf 91       	pop	r28
     a84:	08 95       	ret

00000a86 <TWIMWriteHandler>:

void TWIMWriteHandler() {
     a86:	cf 93       	push	r28
     a88:	df 93       	push	r29
     a8a:	00 d0       	rcall	.+0      	; 0xa8c <TWIMWriteHandler+0x6>
     a8c:	1f 92       	push	r1
     a8e:	cd b7       	in	r28, 0x3d	; 61
     a90:	de b7       	in	r29, 0x3e	; 62
	uint8_t bytesToWrite  = Twim_bytesToWrite;
     a92:	80 91 c0 20 	lds	r24, 0x20C0	; 0x8020c0 <Twim_bytesToWrite>
     a96:	89 83       	std	Y+1, r24	; 0x01
	uint8_t bytesToRead   = Twim_bytesToRead;
     a98:	80 91 c1 20 	lds	r24, 0x20C1	; 0x8020c1 <Twim_bytesToRead>
     a9c:	8a 83       	std	Y+2, r24	; 0x02

	if (TWIM_BUS.MASTER.STATUS & TWI_MASTER_RXACK_bm) {
     a9e:	80 ea       	ldi	r24, 0xA0	; 160
     aa0:	94 e0       	ldi	r25, 0x04	; 4
     aa2:	fc 01       	movw	r30, r24
     aa4:	84 81       	ldd	r24, Z+4	; 0x04
     aa6:	88 2f       	mov	r24, r24
     aa8:	90 e0       	ldi	r25, 0x00	; 0
     aaa:	80 71       	andi	r24, 0x10	; 16
     aac:	99 27       	eor	r25, r25
     aae:	89 2b       	or	r24, r25
     ab0:	59 f0       	breq	.+22     	; 0xac8 <TWIMWriteHandler+0x42>
		TWIM_BUS.MASTER.CTRLC = TWI_MASTER_CMD_STOP_gc;
     ab2:	80 ea       	ldi	r24, 0xA0	; 160
     ab4:	94 e0       	ldi	r25, 0x04	; 4
     ab6:	23 e0       	ldi	r18, 0x03	; 3
     ab8:	fc 01       	movw	r30, r24
     aba:	23 83       	std	Z+3, r18	; 0x03
		Twim_result = TWIM_RESULT_NACK_RECEIVED;
     abc:	85 e0       	ldi	r24, 0x05	; 5
     abe:	80 93 c5 20 	sts	0x20C5, r24	; 0x8020c5 <Twim_result>
		Twim_status = TWIM_STATUS_READY;
     ac2:	10 92 c4 20 	sts	0x20C4, r1	; 0x8020c4 <Twim_status>

	else {
		TWIM_BUS.MASTER.CTRLC = TWI_MASTER_CMD_STOP_gc;
		TWIMTransactionFinished(TWIM_RESULT_OK);
	}
}
     ac6:	34 c0       	rjmp	.+104    	; 0xb30 <TWIMWriteHandler+0xaa>
		TWIM_BUS.MASTER.CTRLC = TWI_MASTER_CMD_STOP_gc;
		Twim_result = TWIM_RESULT_NACK_RECEIVED;
		Twim_status = TWIM_STATUS_READY;
	}

	else if (Twim_bytesWritten < bytesToWrite) {
     ac8:	90 91 c2 20 	lds	r25, 0x20C2	; 0x8020c2 <Twim_bytesWritten>
     acc:	89 81       	ldd	r24, Y+1	; 0x01
     ace:	98 17       	cp	r25, r24
     ad0:	c0 f4       	brcc	.+48     	; 0xb02 <TWIMWriteHandler+0x7c>
		uint8_t data = Twim_writeData[Twim_bytesWritten];
     ad2:	20 91 bc 20 	lds	r18, 0x20BC	; 0x8020bc <Twim_writeData>
     ad6:	30 91 bd 20 	lds	r19, 0x20BD	; 0x8020bd <Twim_writeData+0x1>
     ada:	80 91 c2 20 	lds	r24, 0x20C2	; 0x8020c2 <Twim_bytesWritten>
     ade:	88 2f       	mov	r24, r24
     ae0:	90 e0       	ldi	r25, 0x00	; 0
     ae2:	82 0f       	add	r24, r18
     ae4:	93 1f       	adc	r25, r19
     ae6:	fc 01       	movw	r30, r24
     ae8:	80 81       	ld	r24, Z
     aea:	8b 83       	std	Y+3, r24	; 0x03
		TWIM_BUS.MASTER.DATA = data;
     aec:	80 ea       	ldi	r24, 0xA0	; 160
     aee:	94 e0       	ldi	r25, 0x04	; 4
     af0:	2b 81       	ldd	r18, Y+3	; 0x03
     af2:	fc 01       	movw	r30, r24
     af4:	27 83       	std	Z+7, r18	; 0x07
		++Twim_bytesWritten;
     af6:	80 91 c2 20 	lds	r24, 0x20C2	; 0x8020c2 <Twim_bytesWritten>
     afa:	8f 5f       	subi	r24, 0xFF	; 255
     afc:	80 93 c2 20 	sts	0x20C2, r24	; 0x8020c2 <Twim_bytesWritten>

	else {
		TWIM_BUS.MASTER.CTRLC = TWI_MASTER_CMD_STOP_gc;
		TWIMTransactionFinished(TWIM_RESULT_OK);
	}
}
     b00:	17 c0       	rjmp	.+46     	; 0xb30 <TWIMWriteHandler+0xaa>
		uint8_t data = Twim_writeData[Twim_bytesWritten];
		TWIM_BUS.MASTER.DATA = data;
		++Twim_bytesWritten;
	}

	else if (Twim_bytesRead < bytesToRead) {
     b02:	90 91 c3 20 	lds	r25, 0x20C3	; 0x8020c3 <Twim_bytesRead>
     b06:	8a 81       	ldd	r24, Y+2	; 0x02
     b08:	98 17       	cp	r25, r24
     b0a:	50 f4       	brcc	.+20     	; 0xb20 <TWIMWriteHandler+0x9a>
		uint8_t readAddress = Twim_address | 0x01;
     b0c:	80 91 bb 20 	lds	r24, 0x20BB	; 0x8020bb <Twim_address>
     b10:	81 60       	ori	r24, 0x01	; 1
     b12:	8c 83       	std	Y+4, r24	; 0x04
		TWIM_BUS.MASTER.ADDR = readAddress;
     b14:	80 ea       	ldi	r24, 0xA0	; 160
     b16:	94 e0       	ldi	r25, 0x04	; 4
     b18:	2c 81       	ldd	r18, Y+4	; 0x04
     b1a:	fc 01       	movw	r30, r24
     b1c:	26 83       	std	Z+6, r18	; 0x06

	else {
		TWIM_BUS.MASTER.CTRLC = TWI_MASTER_CMD_STOP_gc;
		TWIMTransactionFinished(TWIM_RESULT_OK);
	}
}
     b1e:	08 c0       	rjmp	.+16     	; 0xb30 <TWIMWriteHandler+0xaa>
		uint8_t readAddress = Twim_address | 0x01;
		TWIM_BUS.MASTER.ADDR = readAddress;
	}

	else {
		TWIM_BUS.MASTER.CTRLC = TWI_MASTER_CMD_STOP_gc;
     b20:	80 ea       	ldi	r24, 0xA0	; 160
     b22:	94 e0       	ldi	r25, 0x04	; 4
     b24:	23 e0       	ldi	r18, 0x03	; 3
     b26:	fc 01       	movw	r30, r24
     b28:	23 83       	std	Z+3, r18	; 0x03
		TWIMTransactionFinished(TWIM_RESULT_OK);
     b2a:	81 e0       	ldi	r24, 0x01	; 1
     b2c:	0e 94 e5 05 	call	0xbca	; 0xbca <TWIMTransactionFinished>
	}
}
     b30:	00 00       	nop
     b32:	24 96       	adiw	r28, 0x04	; 4
     b34:	cd bf       	out	0x3d, r28	; 61
     b36:	de bf       	out	0x3e, r29	; 62
     b38:	df 91       	pop	r29
     b3a:	cf 91       	pop	r28
     b3c:	08 95       	ret

00000b3e <TWIMReadHandler>:

void TWIMReadHandler() {
     b3e:	cf 93       	push	r28
     b40:	df 93       	push	r29
     b42:	1f 92       	push	r1
     b44:	1f 92       	push	r1
     b46:	cd b7       	in	r28, 0x3d	; 61
     b48:	de b7       	in	r29, 0x3e	; 62
	if (Twim_bytesRead < TWIM_READ_BUFFER_SIZE) {
     b4a:	80 91 c3 20 	lds	r24, 0x20C3	; 0x8020c3 <Twim_bytesRead>
     b4e:	80 32       	cpi	r24, 0x20	; 32
     b50:	c0 f4       	brcc	.+48     	; 0xb82 <TWIMReadHandler+0x44>
		uint8_t data = TWIM_BUS.MASTER.DATA;
     b52:	80 ea       	ldi	r24, 0xA0	; 160
     b54:	94 e0       	ldi	r25, 0x04	; 4
     b56:	fc 01       	movw	r30, r24
     b58:	87 81       	ldd	r24, Z+7	; 0x07
     b5a:	89 83       	std	Y+1, r24	; 0x01
		Twim_readData[Twim_bytesRead] = data;
     b5c:	20 91 be 20 	lds	r18, 0x20BE	; 0x8020be <Twim_readData>
     b60:	30 91 bf 20 	lds	r19, 0x20BF	; 0x8020bf <Twim_readData+0x1>
     b64:	80 91 c3 20 	lds	r24, 0x20C3	; 0x8020c3 <Twim_bytesRead>
     b68:	88 2f       	mov	r24, r24
     b6a:	90 e0       	ldi	r25, 0x00	; 0
     b6c:	82 0f       	add	r24, r18
     b6e:	93 1f       	adc	r25, r19
     b70:	29 81       	ldd	r18, Y+1	; 0x01
     b72:	fc 01       	movw	r30, r24
     b74:	20 83       	st	Z, r18
		Twim_bytesRead++;
     b76:	80 91 c3 20 	lds	r24, 0x20C3	; 0x8020c3 <Twim_bytesRead>
     b7a:	8f 5f       	subi	r24, 0xFF	; 255
     b7c:	80 93 c3 20 	sts	0x20C3, r24	; 0x8020c3 <Twim_bytesRead>
     b80:	08 c0       	rjmp	.+16     	; 0xb92 <TWIMReadHandler+0x54>
	}

	else {
		TWIM_BUS.MASTER.CTRLC = TWI_MASTER_CMD_STOP_gc;
     b82:	80 ea       	ldi	r24, 0xA0	; 160
     b84:	94 e0       	ldi	r25, 0x04	; 4
     b86:	23 e0       	ldi	r18, 0x03	; 3
     b88:	fc 01       	movw	r30, r24
     b8a:	23 83       	std	Z+3, r18	; 0x03
		TWIMTransactionFinished(TWIM_RESULT_BUFFER_OVERFLOW);
     b8c:	82 e0       	ldi	r24, 0x02	; 2
     b8e:	0e 94 e5 05 	call	0xbca	; 0xbca <TWIMTransactionFinished>
	}

	uint8_t bytesToRead = Twim_bytesToRead;
     b92:	80 91 c1 20 	lds	r24, 0x20C1	; 0x8020c1 <Twim_bytesToRead>
     b96:	8a 83       	std	Y+2, r24	; 0x02

	if (Twim_bytesRead < bytesToRead) {
     b98:	90 91 c3 20 	lds	r25, 0x20C3	; 0x8020c3 <Twim_bytesRead>
     b9c:	8a 81       	ldd	r24, Y+2	; 0x02
     b9e:	98 17       	cp	r25, r24
     ba0:	30 f4       	brcc	.+12     	; 0xbae <TWIMReadHandler+0x70>
		TWIM_BUS.MASTER.CTRLC = TWI_MASTER_CMD_RECVTRANS_gc;
     ba2:	80 ea       	ldi	r24, 0xA0	; 160
     ba4:	94 e0       	ldi	r25, 0x04	; 4
     ba6:	22 e0       	ldi	r18, 0x02	; 2
     ba8:	fc 01       	movw	r30, r24
     baa:	23 83       	std	Z+3, r18	; 0x03

	else {
		TWIM_BUS.MASTER.CTRLC = TWI_MASTER_ACKACT_bm | TWI_MASTER_CMD_STOP_gc;
		TWIMTransactionFinished(TWIM_RESULT_OK);
	}
}
     bac:	08 c0       	rjmp	.+16     	; 0xbbe <TWIMReadHandler+0x80>
	if (Twim_bytesRead < bytesToRead) {
		TWIM_BUS.MASTER.CTRLC = TWI_MASTER_CMD_RECVTRANS_gc;
	}

	else {
		TWIM_BUS.MASTER.CTRLC = TWI_MASTER_ACKACT_bm | TWI_MASTER_CMD_STOP_gc;
     bae:	80 ea       	ldi	r24, 0xA0	; 160
     bb0:	94 e0       	ldi	r25, 0x04	; 4
     bb2:	27 e0       	ldi	r18, 0x07	; 7
     bb4:	fc 01       	movw	r30, r24
     bb6:	23 83       	std	Z+3, r18	; 0x03
		TWIMTransactionFinished(TWIM_RESULT_OK);
     bb8:	81 e0       	ldi	r24, 0x01	; 1
     bba:	0e 94 e5 05 	call	0xbca	; 0xbca <TWIMTransactionFinished>
	}
}
     bbe:	00 00       	nop
     bc0:	0f 90       	pop	r0
     bc2:	0f 90       	pop	r0
     bc4:	df 91       	pop	r29
     bc6:	cf 91       	pop	r28
     bc8:	08 95       	ret

00000bca <TWIMTransactionFinished>:

void TWIMTransactionFinished( uint8_t result) {
     bca:	cf 93       	push	r28
     bcc:	df 93       	push	r29
     bce:	1f 92       	push	r1
     bd0:	cd b7       	in	r28, 0x3d	; 61
     bd2:	de b7       	in	r29, 0x3e	; 62
     bd4:	89 83       	std	Y+1, r24	; 0x01
	Twim_result = result;
     bd6:	89 81       	ldd	r24, Y+1	; 0x01
     bd8:	80 93 c5 20 	sts	0x20C5, r24	; 0x8020c5 <Twim_result>
	Twim_status = TWIM_STATUS_READY;
     bdc:	10 92 c4 20 	sts	0x20C4, r1	; 0x8020c4 <Twim_status>
}
     be0:	00 00       	nop
     be2:	0f 90       	pop	r0
     be4:	df 91       	pop	r29
     be6:	cf 91       	pop	r28
     be8:	08 95       	ret

00000bea <__vector_46>:

ISR (TWIM_BUS_vect) {
     bea:	1f 92       	push	r1
     bec:	0f 92       	push	r0
     bee:	00 90 3f 00 	lds	r0, 0x003F	; 0x80003f <__TEXT_REGION_LENGTH__+0x70003f>
     bf2:	0f 92       	push	r0
     bf4:	11 24       	eor	r1, r1
     bf6:	00 90 3b 00 	lds	r0, 0x003B	; 0x80003b <__TEXT_REGION_LENGTH__+0x70003b>
     bfa:	0f 92       	push	r0
     bfc:	2f 93       	push	r18
     bfe:	3f 93       	push	r19
     c00:	4f 93       	push	r20
     c02:	5f 93       	push	r21
     c04:	6f 93       	push	r22
     c06:	7f 93       	push	r23
     c08:	8f 93       	push	r24
     c0a:	9f 93       	push	r25
     c0c:	af 93       	push	r26
     c0e:	bf 93       	push	r27
     c10:	ef 93       	push	r30
     c12:	ff 93       	push	r31
     c14:	cf 93       	push	r28
     c16:	df 93       	push	r29
     c18:	1f 92       	push	r1
     c1a:	cd b7       	in	r28, 0x3d	; 61
     c1c:	de b7       	in	r29, 0x3e	; 62
	uint8_t currentStatus = TWIM_BUS.MASTER.STATUS;
     c1e:	80 ea       	ldi	r24, 0xA0	; 160
     c20:	94 e0       	ldi	r25, 0x04	; 4
     c22:	fc 01       	movw	r30, r24
     c24:	84 81       	ldd	r24, Z+4	; 0x04
     c26:	89 83       	std	Y+1, r24	; 0x01

	if ((currentStatus & TWI_MASTER_ARBLOST_bm) || (currentStatus & TWI_MASTER_BUSERR_bm)) {
     c28:	89 81       	ldd	r24, Y+1	; 0x01
     c2a:	88 2f       	mov	r24, r24
     c2c:	90 e0       	ldi	r25, 0x00	; 0
     c2e:	88 70       	andi	r24, 0x08	; 8
     c30:	99 27       	eor	r25, r25
     c32:	89 2b       	or	r24, r25
     c34:	39 f4       	brne	.+14     	; 0xc44 <__vector_46+0x5a>
     c36:	89 81       	ldd	r24, Y+1	; 0x01
     c38:	88 2f       	mov	r24, r24
     c3a:	90 e0       	ldi	r25, 0x00	; 0
     c3c:	84 70       	andi	r24, 0x04	; 4
     c3e:	99 27       	eor	r25, r25
     c40:	89 2b       	or	r24, r25
     c42:	19 f0       	breq	.+6      	; 0xc4a <__vector_46+0x60>
		TWIMArbitrationLostBusErrorHandler();
     c44:	0e 94 1e 05 	call	0xa3c	; 0xa3c <TWIMArbitrationLostBusErrorHandler>
     c48:	13 c0       	rjmp	.+38     	; 0xc70 <__vector_46+0x86>
	}

	else if (currentStatus & TWI_MASTER_WIF_bm) {
     c4a:	89 81       	ldd	r24, Y+1	; 0x01
     c4c:	88 2f       	mov	r24, r24
     c4e:	90 e0       	ldi	r25, 0x00	; 0
     c50:	80 74       	andi	r24, 0x40	; 64
     c52:	99 27       	eor	r25, r25
     c54:	89 2b       	or	r24, r25
     c56:	19 f0       	breq	.+6      	; 0xc5e <__vector_46+0x74>
		TWIMWriteHandler();
     c58:	0e 94 43 05 	call	0xa86	; 0xa86 <TWIMWriteHandler>
     c5c:	09 c0       	rjmp	.+18     	; 0xc70 <__vector_46+0x86>
	}

	else if (currentStatus & TWI_MASTER_RIF_bm) {
     c5e:	89 81       	ldd	r24, Y+1	; 0x01
     c60:	88 23       	and	r24, r24
     c62:	1c f4       	brge	.+6      	; 0xc6a <__vector_46+0x80>
		TWIMReadHandler();
     c64:	0e 94 9f 05 	call	0xb3e	; 0xb3e <TWIMReadHandler>
     c68:	03 c0       	rjmp	.+6      	; 0xc70 <__vector_46+0x86>
	}

	else {
		TWIMTransactionFinished(TWIM_RESULT_FAIL);
     c6a:	86 e0       	ldi	r24, 0x06	; 6
     c6c:	0e 94 e5 05 	call	0xbca	; 0xbca <TWIMTransactionFinished>
	}
	
	if (Twim_status == TWIM_STATUS_READY) { //Transaction finished
     c70:	80 91 c4 20 	lds	r24, 0x20C4	; 0x8020c4 <Twim_status>
	}
     c74:	00 00       	nop
     c76:	0f 90       	pop	r0
     c78:	df 91       	pop	r29
     c7a:	cf 91       	pop	r28
     c7c:	ff 91       	pop	r31
     c7e:	ef 91       	pop	r30
     c80:	bf 91       	pop	r27
     c82:	af 91       	pop	r26
     c84:	9f 91       	pop	r25
     c86:	8f 91       	pop	r24
     c88:	7f 91       	pop	r23
     c8a:	6f 91       	pop	r22
     c8c:	5f 91       	pop	r21
     c8e:	4f 91       	pop	r20
     c90:	3f 91       	pop	r19
     c92:	2f 91       	pop	r18
     c94:	0f 90       	pop	r0
     c96:	00 92 3b 00 	sts	0x003B, r0	; 0x80003b <__TEXT_REGION_LENGTH__+0x70003b>
     c9a:	0f 90       	pop	r0
     c9c:	00 92 3f 00 	sts	0x003F, r0	; 0x80003f <__TEXT_REGION_LENGTH__+0x70003f>
     ca0:	0f 90       	pop	r0
     ca2:	1f 90       	pop	r1
     ca4:	18 95       	reti

00000ca6 <DriverUSARTInit>:
	float rel_error;
} baud_result; // Result of baud search: register values + absolute/relative error.

baud_result calculate_baud(uint32_t baud);

void DriverUSARTInit(void) {
     ca6:	cf 93       	push	r28
     ca8:	df 93       	push	r29
     caa:	cd b7       	in	r28, 0x3d	; 61
     cac:	de b7       	in	r29, 0x3e	; 62
     cae:	2b 97       	sbiw	r28, 0x0b	; 11
     cb0:	cd bf       	out	0x3d, r28	; 61
     cb2:	de bf       	out	0x3e, r29	; 62
    USART_PORT.DIRSET = 0x08; // TX pin as output.
     cb4:	80 e8       	ldi	r24, 0x80	; 128
     cb6:	96 e0       	ldi	r25, 0x06	; 6
     cb8:	28 e0       	ldi	r18, 0x08	; 8
     cba:	fc 01       	movw	r30, r24
     cbc:	21 83       	std	Z+1, r18	; 0x01
    USART_PORT.DIRCLR = 0x04; // RX pin as input.
     cbe:	80 e8       	ldi	r24, 0x80	; 128
     cc0:	96 e0       	ldi	r25, 0x06	; 6
     cc2:	24 e0       	ldi	r18, 0x04	; 4
     cc4:	fc 01       	movw	r30, r24
     cc6:	22 83       	std	Z+2, r18	; 0x02

    USART.CTRLA = 0x00; // No USART interrupts.
     cc8:	80 ea       	ldi	r24, 0xA0	; 160
     cca:	9a e0       	ldi	r25, 0x0A	; 10
     ccc:	fc 01       	movw	r30, r24
     cce:	13 82       	std	Z+3, r1	; 0x03
    USART.CTRLB = 0x18; // Enable TX and RX.
     cd0:	80 ea       	ldi	r24, 0xA0	; 160
     cd2:	9a e0       	ldi	r25, 0x0A	; 10
     cd4:	28 e1       	ldi	r18, 0x18	; 24
     cd6:	fc 01       	movw	r30, r24
     cd8:	24 83       	std	Z+4, r18	; 0x04
    USART.CTRLC = 0x03; // Asynchronous mode, 8 data bits, no parity, 1 stop bit.
     cda:	80 ea       	ldi	r24, 0xA0	; 160
     cdc:	9a e0       	ldi	r25, 0x0A	; 10
     cde:	23 e0       	ldi	r18, 0x03	; 3
     ce0:	fc 01       	movw	r30, r24
     ce2:	25 83       	std	Z+5, r18	; 0x05

    // Compute best BSCALE/BSEL for target baud rate.
	baud_result result = calculate_baud(115200);
     ce4:	40 e0       	ldi	r20, 0x00	; 0
     ce6:	52 ec       	ldi	r21, 0xC2	; 194
     ce8:	61 e0       	ldi	r22, 0x01	; 1
     cea:	70 e0       	ldi	r23, 0x00	; 0
     cec:	ce 01       	movw	r24, r28
     cee:	01 96       	adiw	r24, 0x01	; 1
     cf0:	0e 94 a1 06 	call	0xd42	; 0xd42 <calculate_baud>

    // Program BAUD registers from computed values.
    USART.BAUDCTRLA = (uint8_t)(result.bsel & 0xFF); // BSEL low byte [7:0].
     cf4:	80 ea       	ldi	r24, 0xA0	; 160
     cf6:	9a e0       	ldi	r25, 0x0A	; 10
     cf8:	2a 81       	ldd	r18, Y+2	; 0x02
     cfa:	3b 81       	ldd	r19, Y+3	; 0x03
     cfc:	fc 01       	movw	r30, r24
     cfe:	26 83       	std	Z+6, r18	; 0x06
    USART.BAUDCTRLB = ((result.bscale << 4) & 0xF0) | ((result.bsel >> 8) & 0x0F); // BSCALE in [7:4], BSEL[11:8] in [3:0].
     d00:	80 ea       	ldi	r24, 0xA0	; 160
     d02:	9a e0       	ldi	r25, 0x0A	; 10
     d04:	29 81       	ldd	r18, Y+1	; 0x01
     d06:	42 2f       	mov	r20, r18
     d08:	42 95       	swap	r20
     d0a:	40 7f       	andi	r20, 0xF0	; 240
     d0c:	2a 81       	ldd	r18, Y+2	; 0x02
     d0e:	3b 81       	ldd	r19, Y+3	; 0x03
     d10:	23 2f       	mov	r18, r19
     d12:	33 27       	eor	r19, r19
     d14:	2f 70       	andi	r18, 0x0F	; 15
     d16:	24 2b       	or	r18, r20
     d18:	fc 01       	movw	r30, r24
     d1a:	27 83       	std	Z+7, r18	; 0x07

    stdout = &UsartStdio; // Route printf/puts to USART.
     d1c:	86 e0       	ldi	r24, 0x06	; 6
     d1e:	90 e2       	ldi	r25, 0x20	; 32
     d20:	80 93 7f 21 	sts	0x217F, r24	; 0x80217f <__iob+0x2>
     d24:	90 93 80 21 	sts	0x2180, r25	; 0x802180 <__iob+0x3>
    stdin = &UsartStdio;   // Route scanf/getchar to USART.
     d28:	86 e0       	ldi	r24, 0x06	; 6
     d2a:	90 e2       	ldi	r25, 0x20	; 32
     d2c:	80 93 7d 21 	sts	0x217D, r24	; 0x80217d <__iob>
     d30:	90 93 7e 21 	sts	0x217E, r25	; 0x80217e <__iob+0x1>
}
     d34:	00 00       	nop
     d36:	2b 96       	adiw	r28, 0x0b	; 11
     d38:	cd bf       	out	0x3d, r28	; 61
     d3a:	de bf       	out	0x3e, r29	; 62
     d3c:	df 91       	pop	r29
     d3e:	cf 91       	pop	r28
     d40:	08 95       	ret

00000d42 <calculate_baud>:
// Sweep all BSCALE values (-7..+7) and pick BSEL that minimizes absolute baud error.
// Formulas used:
// - BSCALE >= 0: f_baud = f_cpu / (16 * 2^bscale * (BSEL + 1))
// - BSCALE <  0: f_baud = f_cpu / (16 * (2^bscale * BSEL + 1))
// Input: target baud rate in bits/s.
baud_result calculate_baud(uint32_t baud) {
     d42:	cf 92       	push	r12
     d44:	df 92       	push	r13
     d46:	ef 92       	push	r14
     d48:	ff 92       	push	r15
     d4a:	cf 93       	push	r28
     d4c:	df 93       	push	r29
     d4e:	cd b7       	in	r28, 0x3d	; 61
     d50:	de b7       	in	r29, 0x3e	; 62
     d52:	e0 97       	sbiw	r28, 0x30	; 48
     d54:	cd bf       	out	0x3d, r28	; 61
     d56:	de bf       	out	0x3e, r29	; 62
     d58:	8b a7       	std	Y+43, r24	; 0x2b
     d5a:	9c a7       	std	Y+44, r25	; 0x2c
     d5c:	4d a7       	std	Y+45, r20	; 0x2d
     d5e:	5e a7       	std	Y+46, r21	; 0x2e
     d60:	6f a7       	std	Y+47, r22	; 0x2f
     d62:	78 ab       	std	Y+48, r23	; 0x30
    baud_result best;
    best.rel_error = 1e9;
     d64:	88 e2       	ldi	r24, 0x28	; 40
     d66:	9b e6       	ldi	r25, 0x6B	; 107
     d68:	ae e6       	ldi	r26, 0x6E	; 110
     d6a:	be e4       	ldi	r27, 0x4E	; 78
     d6c:	8f a3       	std	Y+39, r24	; 0x27
     d6e:	98 a7       	std	Y+40, r25	; 0x28
     d70:	a9 a7       	std	Y+41, r26	; 0x29
     d72:	ba a7       	std	Y+42, r27	; 0x2a
    float best_error = 1e9;
     d74:	88 e2       	ldi	r24, 0x28	; 40
     d76:	9b e6       	ldi	r25, 0x6B	; 107
     d78:	ae e6       	ldi	r26, 0x6E	; 110
     d7a:	be e4       	ldi	r27, 0x4E	; 78
     d7c:	89 83       	std	Y+1, r24	; 0x01
     d7e:	9a 83       	std	Y+2, r25	; 0x02
     d80:	ab 83       	std	Y+3, r26	; 0x03
     d82:	bc 83       	std	Y+4, r27	; 0x04

    for (int8_t bscale = -7; bscale <= 7; bscale++) {
     d84:	89 ef       	ldi	r24, 0xF9	; 249
     d86:	8d 83       	std	Y+5, r24	; 0x05
     d88:	a8 c1       	rjmp	.+848    	; 0x10da <calculate_baud+0x398>
        float factor = pow(2.0, bscale);
     d8a:	8d 81       	ldd	r24, Y+5	; 0x05
     d8c:	08 2e       	mov	r0, r24
     d8e:	00 0c       	add	r0, r0
     d90:	99 0b       	sbc	r25, r25
     d92:	aa 0b       	sbc	r26, r26
     d94:	bb 0b       	sbc	r27, r27
     d96:	bc 01       	movw	r22, r24
     d98:	cd 01       	movw	r24, r26
     d9a:	0e 94 6d 19 	call	0x32da	; 0x32da <__floatsisf>
     d9e:	dc 01       	movw	r26, r24
     da0:	cb 01       	movw	r24, r22
     da2:	9c 01       	movw	r18, r24
     da4:	ad 01       	movw	r20, r26
     da6:	60 e0       	ldi	r22, 0x00	; 0
     da8:	70 e0       	ldi	r23, 0x00	; 0
     daa:	80 e0       	ldi	r24, 0x00	; 0
     dac:	90 e4       	ldi	r25, 0x40	; 64
     dae:	0e 94 8f 1a 	call	0x351e	; 0x351e <pow>
     db2:	dc 01       	movw	r26, r24
     db4:	cb 01       	movw	r24, r22
     db6:	8c 87       	std	Y+12, r24	; 0x0c
     db8:	9d 87       	std	Y+13, r25	; 0x0d
     dba:	ae 87       	std	Y+14, r26	; 0x0e
     dbc:	bf 87       	std	Y+15, r27	; 0x0f
        uint16_t bsel;
        float real_baud;

        if (bscale >= 0) {
     dbe:	8d 81       	ldd	r24, Y+5	; 0x05
     dc0:	88 23       	and	r24, r24
     dc2:	0c f4       	brge	.+2      	; 0xdc6 <calculate_baud+0x84>
     dc4:	94 c0       	rjmp	.+296    	; 0xeee <calculate_baud+0x1ac>
            float bsel_f = ((float)CPU_SPEED / (16.0 * factor * baud)) - 1.0;
     dc6:	20 e0       	ldi	r18, 0x00	; 0
     dc8:	30 e0       	ldi	r19, 0x00	; 0
     dca:	40 e8       	ldi	r20, 0x80	; 128
     dcc:	51 e4       	ldi	r21, 0x41	; 65
     dce:	6c 85       	ldd	r22, Y+12	; 0x0c
     dd0:	7d 85       	ldd	r23, Y+13	; 0x0d
     dd2:	8e 85       	ldd	r24, Y+14	; 0x0e
     dd4:	9f 85       	ldd	r25, Y+15	; 0x0f
     dd6:	0e 94 22 1a 	call	0x3444	; 0x3444 <__mulsf3>
     dda:	dc 01       	movw	r26, r24
     ddc:	cb 01       	movw	r24, r22
     dde:	6c 01       	movw	r12, r24
     de0:	7d 01       	movw	r14, r26
     de2:	6d a5       	ldd	r22, Y+45	; 0x2d
     de4:	7e a5       	ldd	r23, Y+46	; 0x2e
     de6:	8f a5       	ldd	r24, Y+47	; 0x2f
     de8:	98 a9       	ldd	r25, Y+48	; 0x30
     dea:	0e 94 6b 19 	call	0x32d6	; 0x32d6 <__floatunsisf>
     dee:	dc 01       	movw	r26, r24
     df0:	cb 01       	movw	r24, r22
     df2:	9c 01       	movw	r18, r24
     df4:	ad 01       	movw	r20, r26
     df6:	c7 01       	movw	r24, r14
     df8:	b6 01       	movw	r22, r12
     dfa:	0e 94 22 1a 	call	0x3444	; 0x3444 <__mulsf3>
     dfe:	dc 01       	movw	r26, r24
     e00:	cb 01       	movw	r24, r22
     e02:	9c 01       	movw	r18, r24
     e04:	ad 01       	movw	r20, r26
     e06:	60 e0       	ldi	r22, 0x00	; 0
     e08:	74 e2       	ldi	r23, 0x24	; 36
     e0a:	84 ef       	ldi	r24, 0xF4	; 244
     e0c:	9b e4       	ldi	r25, 0x4B	; 75
     e0e:	0e 94 ca 18 	call	0x3194	; 0x3194 <__divsf3>
     e12:	dc 01       	movw	r26, r24
     e14:	cb 01       	movw	r24, r22
     e16:	20 e0       	ldi	r18, 0x00	; 0
     e18:	30 e0       	ldi	r19, 0x00	; 0
     e1a:	40 e8       	ldi	r20, 0x80	; 128
     e1c:	5f e3       	ldi	r21, 0x3F	; 63
     e1e:	bc 01       	movw	r22, r24
     e20:	cd 01       	movw	r24, r26
     e22:	0e 94 58 18 	call	0x30b0	; 0x30b0 <__subsf3>
     e26:	dc 01       	movw	r26, r24
     e28:	cb 01       	movw	r24, r22
     e2a:	88 8b       	std	Y+16, r24	; 0x10
     e2c:	99 8b       	std	Y+17, r25	; 0x11
     e2e:	aa 8b       	std	Y+18, r26	; 0x12
     e30:	bb 8b       	std	Y+19, r27	; 0x13
            if (bsel_f < 0 || bsel_f > 4095) continue;
     e32:	20 e0       	ldi	r18, 0x00	; 0
     e34:	30 e0       	ldi	r19, 0x00	; 0
     e36:	a9 01       	movw	r20, r18
     e38:	68 89       	ldd	r22, Y+16	; 0x10
     e3a:	79 89       	ldd	r23, Y+17	; 0x11
     e3c:	8a 89       	ldd	r24, Y+18	; 0x12
     e3e:	9b 89       	ldd	r25, Y+19	; 0x13
     e40:	0e 94 c5 18 	call	0x318a	; 0x318a <__cmpsf2>
     e44:	88 23       	and	r24, r24
     e46:	0c f4       	brge	.+2      	; 0xe4a <calculate_baud+0x108>
     e48:	42 c1       	rjmp	.+644    	; 0x10ce <calculate_baud+0x38c>
     e4a:	20 e0       	ldi	r18, 0x00	; 0
     e4c:	30 ef       	ldi	r19, 0xF0	; 240
     e4e:	4f e7       	ldi	r20, 0x7F	; 127
     e50:	55 e4       	ldi	r21, 0x45	; 69
     e52:	68 89       	ldd	r22, Y+16	; 0x10
     e54:	79 89       	ldd	r23, Y+17	; 0x11
     e56:	8a 89       	ldd	r24, Y+18	; 0x12
     e58:	9b 89       	ldd	r25, Y+19	; 0x13
     e5a:	0e 94 1d 1a 	call	0x343a	; 0x343a <__gesf2>
     e5e:	18 16       	cp	r1, r24
     e60:	0c f4       	brge	.+2      	; 0xe64 <calculate_baud+0x122>
     e62:	35 c1       	rjmp	.+618    	; 0x10ce <calculate_baud+0x38c>
            bsel = (uint16_t)(bsel_f + 0.5);
     e64:	20 e0       	ldi	r18, 0x00	; 0
     e66:	30 e0       	ldi	r19, 0x00	; 0
     e68:	40 e0       	ldi	r20, 0x00	; 0
     e6a:	5f e3       	ldi	r21, 0x3F	; 63
     e6c:	68 89       	ldd	r22, Y+16	; 0x10
     e6e:	79 89       	ldd	r23, Y+17	; 0x11
     e70:	8a 89       	ldd	r24, Y+18	; 0x12
     e72:	9b 89       	ldd	r25, Y+19	; 0x13
     e74:	0e 94 59 18 	call	0x30b2	; 0x30b2 <__addsf3>
     e78:	dc 01       	movw	r26, r24
     e7a:	cb 01       	movw	r24, r22
     e7c:	bc 01       	movw	r22, r24
     e7e:	cd 01       	movw	r24, r26
     e80:	0e 94 3c 19 	call	0x3278	; 0x3278 <__fixunssfsi>
     e84:	dc 01       	movw	r26, r24
     e86:	cb 01       	movw	r24, r22
     e88:	8e 83       	std	Y+6, r24	; 0x06
     e8a:	9f 83       	std	Y+7, r25	; 0x07
            real_baud = (float)CPU_SPEED / (16.0 * factor * (bsel + 1));
     e8c:	20 e0       	ldi	r18, 0x00	; 0
     e8e:	30 e0       	ldi	r19, 0x00	; 0
     e90:	40 e8       	ldi	r20, 0x80	; 128
     e92:	51 e4       	ldi	r21, 0x41	; 65
     e94:	6c 85       	ldd	r22, Y+12	; 0x0c
     e96:	7d 85       	ldd	r23, Y+13	; 0x0d
     e98:	8e 85       	ldd	r24, Y+14	; 0x0e
     e9a:	9f 85       	ldd	r25, Y+15	; 0x0f
     e9c:	0e 94 22 1a 	call	0x3444	; 0x3444 <__mulsf3>
     ea0:	dc 01       	movw	r26, r24
     ea2:	cb 01       	movw	r24, r22
     ea4:	6c 01       	movw	r12, r24
     ea6:	7d 01       	movw	r14, r26
     ea8:	8e 81       	ldd	r24, Y+6	; 0x06
     eaa:	9f 81       	ldd	r25, Y+7	; 0x07
     eac:	01 96       	adiw	r24, 0x01	; 1
     eae:	cc 01       	movw	r24, r24
     eb0:	a0 e0       	ldi	r26, 0x00	; 0
     eb2:	b0 e0       	ldi	r27, 0x00	; 0
     eb4:	bc 01       	movw	r22, r24
     eb6:	cd 01       	movw	r24, r26
     eb8:	0e 94 6b 19 	call	0x32d6	; 0x32d6 <__floatunsisf>
     ebc:	dc 01       	movw	r26, r24
     ebe:	cb 01       	movw	r24, r22
     ec0:	9c 01       	movw	r18, r24
     ec2:	ad 01       	movw	r20, r26
     ec4:	c7 01       	movw	r24, r14
     ec6:	b6 01       	movw	r22, r12
     ec8:	0e 94 22 1a 	call	0x3444	; 0x3444 <__mulsf3>
     ecc:	dc 01       	movw	r26, r24
     ece:	cb 01       	movw	r24, r22
     ed0:	9c 01       	movw	r18, r24
     ed2:	ad 01       	movw	r20, r26
     ed4:	60 e0       	ldi	r22, 0x00	; 0
     ed6:	74 e2       	ldi	r23, 0x24	; 36
     ed8:	84 ef       	ldi	r24, 0xF4	; 244
     eda:	9b e4       	ldi	r25, 0x4B	; 75
     edc:	0e 94 ca 18 	call	0x3194	; 0x3194 <__divsf3>
     ee0:	dc 01       	movw	r26, r24
     ee2:	cb 01       	movw	r24, r22
     ee4:	88 87       	std	Y+8, r24	; 0x08
     ee6:	99 87       	std	Y+9, r25	; 0x09
     ee8:	aa 87       	std	Y+10, r26	; 0x0a
     eea:	bb 87       	std	Y+11, r27	; 0x0b
     eec:	98 c0       	rjmp	.+304    	; 0x101e <calculate_baud+0x2dc>
        } else {
            float bsel_f = ((float)CPU_SPEED / (16.0 * baud) - 1.0) / factor;
     eee:	6d a5       	ldd	r22, Y+45	; 0x2d
     ef0:	7e a5       	ldd	r23, Y+46	; 0x2e
     ef2:	8f a5       	ldd	r24, Y+47	; 0x2f
     ef4:	98 a9       	ldd	r25, Y+48	; 0x30
     ef6:	0e 94 6b 19 	call	0x32d6	; 0x32d6 <__floatunsisf>
     efa:	dc 01       	movw	r26, r24
     efc:	cb 01       	movw	r24, r22
     efe:	20 e0       	ldi	r18, 0x00	; 0
     f00:	30 e0       	ldi	r19, 0x00	; 0
     f02:	40 e8       	ldi	r20, 0x80	; 128
     f04:	51 e4       	ldi	r21, 0x41	; 65
     f06:	bc 01       	movw	r22, r24
     f08:	cd 01       	movw	r24, r26
     f0a:	0e 94 22 1a 	call	0x3444	; 0x3444 <__mulsf3>
     f0e:	dc 01       	movw	r26, r24
     f10:	cb 01       	movw	r24, r22
     f12:	9c 01       	movw	r18, r24
     f14:	ad 01       	movw	r20, r26
     f16:	60 e0       	ldi	r22, 0x00	; 0
     f18:	74 e2       	ldi	r23, 0x24	; 36
     f1a:	84 ef       	ldi	r24, 0xF4	; 244
     f1c:	9b e4       	ldi	r25, 0x4B	; 75
     f1e:	0e 94 ca 18 	call	0x3194	; 0x3194 <__divsf3>
     f22:	dc 01       	movw	r26, r24
     f24:	cb 01       	movw	r24, r22
     f26:	20 e0       	ldi	r18, 0x00	; 0
     f28:	30 e0       	ldi	r19, 0x00	; 0
     f2a:	40 e8       	ldi	r20, 0x80	; 128
     f2c:	5f e3       	ldi	r21, 0x3F	; 63
     f2e:	bc 01       	movw	r22, r24
     f30:	cd 01       	movw	r24, r26
     f32:	0e 94 58 18 	call	0x30b0	; 0x30b0 <__subsf3>
     f36:	dc 01       	movw	r26, r24
     f38:	cb 01       	movw	r24, r22
     f3a:	2c 85       	ldd	r18, Y+12	; 0x0c
     f3c:	3d 85       	ldd	r19, Y+13	; 0x0d
     f3e:	4e 85       	ldd	r20, Y+14	; 0x0e
     f40:	5f 85       	ldd	r21, Y+15	; 0x0f
     f42:	bc 01       	movw	r22, r24
     f44:	cd 01       	movw	r24, r26
     f46:	0e 94 ca 18 	call	0x3194	; 0x3194 <__divsf3>
     f4a:	dc 01       	movw	r26, r24
     f4c:	cb 01       	movw	r24, r22
     f4e:	8c 8b       	std	Y+20, r24	; 0x14
     f50:	9d 8b       	std	Y+21, r25	; 0x15
     f52:	ae 8b       	std	Y+22, r26	; 0x16
     f54:	bf 8b       	std	Y+23, r27	; 0x17
            if (bsel_f < 0 || bsel_f > 4095) continue;
     f56:	20 e0       	ldi	r18, 0x00	; 0
     f58:	30 e0       	ldi	r19, 0x00	; 0
     f5a:	a9 01       	movw	r20, r18
     f5c:	6c 89       	ldd	r22, Y+20	; 0x14
     f5e:	7d 89       	ldd	r23, Y+21	; 0x15
     f60:	8e 89       	ldd	r24, Y+22	; 0x16
     f62:	9f 89       	ldd	r25, Y+23	; 0x17
     f64:	0e 94 c5 18 	call	0x318a	; 0x318a <__cmpsf2>
     f68:	88 23       	and	r24, r24
     f6a:	0c f4       	brge	.+2      	; 0xf6e <calculate_baud+0x22c>
     f6c:	b2 c0       	rjmp	.+356    	; 0x10d2 <calculate_baud+0x390>
     f6e:	20 e0       	ldi	r18, 0x00	; 0
     f70:	30 ef       	ldi	r19, 0xF0	; 240
     f72:	4f e7       	ldi	r20, 0x7F	; 127
     f74:	55 e4       	ldi	r21, 0x45	; 69
     f76:	6c 89       	ldd	r22, Y+20	; 0x14
     f78:	7d 89       	ldd	r23, Y+21	; 0x15
     f7a:	8e 89       	ldd	r24, Y+22	; 0x16
     f7c:	9f 89       	ldd	r25, Y+23	; 0x17
     f7e:	0e 94 1d 1a 	call	0x343a	; 0x343a <__gesf2>
     f82:	18 16       	cp	r1, r24
     f84:	0c f4       	brge	.+2      	; 0xf88 <calculate_baud+0x246>
     f86:	a5 c0       	rjmp	.+330    	; 0x10d2 <calculate_baud+0x390>
            bsel = (uint16_t)(bsel_f + 0.5);
     f88:	20 e0       	ldi	r18, 0x00	; 0
     f8a:	30 e0       	ldi	r19, 0x00	; 0
     f8c:	40 e0       	ldi	r20, 0x00	; 0
     f8e:	5f e3       	ldi	r21, 0x3F	; 63
     f90:	6c 89       	ldd	r22, Y+20	; 0x14
     f92:	7d 89       	ldd	r23, Y+21	; 0x15
     f94:	8e 89       	ldd	r24, Y+22	; 0x16
     f96:	9f 89       	ldd	r25, Y+23	; 0x17
     f98:	0e 94 59 18 	call	0x30b2	; 0x30b2 <__addsf3>
     f9c:	dc 01       	movw	r26, r24
     f9e:	cb 01       	movw	r24, r22
     fa0:	bc 01       	movw	r22, r24
     fa2:	cd 01       	movw	r24, r26
     fa4:	0e 94 3c 19 	call	0x3278	; 0x3278 <__fixunssfsi>
     fa8:	dc 01       	movw	r26, r24
     faa:	cb 01       	movw	r24, r22
     fac:	8e 83       	std	Y+6, r24	; 0x06
     fae:	9f 83       	std	Y+7, r25	; 0x07
            real_baud = (float)CPU_SPEED / (16.0 * (factor * bsel + 1.0));
     fb0:	8e 81       	ldd	r24, Y+6	; 0x06
     fb2:	9f 81       	ldd	r25, Y+7	; 0x07
     fb4:	cc 01       	movw	r24, r24
     fb6:	a0 e0       	ldi	r26, 0x00	; 0
     fb8:	b0 e0       	ldi	r27, 0x00	; 0
     fba:	bc 01       	movw	r22, r24
     fbc:	cd 01       	movw	r24, r26
     fbe:	0e 94 6b 19 	call	0x32d6	; 0x32d6 <__floatunsisf>
     fc2:	dc 01       	movw	r26, r24
     fc4:	cb 01       	movw	r24, r22
     fc6:	2c 85       	ldd	r18, Y+12	; 0x0c
     fc8:	3d 85       	ldd	r19, Y+13	; 0x0d
     fca:	4e 85       	ldd	r20, Y+14	; 0x0e
     fcc:	5f 85       	ldd	r21, Y+15	; 0x0f
     fce:	bc 01       	movw	r22, r24
     fd0:	cd 01       	movw	r24, r26
     fd2:	0e 94 22 1a 	call	0x3444	; 0x3444 <__mulsf3>
     fd6:	dc 01       	movw	r26, r24
     fd8:	cb 01       	movw	r24, r22
     fda:	20 e0       	ldi	r18, 0x00	; 0
     fdc:	30 e0       	ldi	r19, 0x00	; 0
     fde:	40 e8       	ldi	r20, 0x80	; 128
     fe0:	5f e3       	ldi	r21, 0x3F	; 63
     fe2:	bc 01       	movw	r22, r24
     fe4:	cd 01       	movw	r24, r26
     fe6:	0e 94 59 18 	call	0x30b2	; 0x30b2 <__addsf3>
     fea:	dc 01       	movw	r26, r24
     fec:	cb 01       	movw	r24, r22
     fee:	20 e0       	ldi	r18, 0x00	; 0
     ff0:	30 e0       	ldi	r19, 0x00	; 0
     ff2:	40 e8       	ldi	r20, 0x80	; 128
     ff4:	51 e4       	ldi	r21, 0x41	; 65
     ff6:	bc 01       	movw	r22, r24
     ff8:	cd 01       	movw	r24, r26
     ffa:	0e 94 22 1a 	call	0x3444	; 0x3444 <__mulsf3>
     ffe:	dc 01       	movw	r26, r24
    1000:	cb 01       	movw	r24, r22
    1002:	9c 01       	movw	r18, r24
    1004:	ad 01       	movw	r20, r26
    1006:	60 e0       	ldi	r22, 0x00	; 0
    1008:	74 e2       	ldi	r23, 0x24	; 36
    100a:	84 ef       	ldi	r24, 0xF4	; 244
    100c:	9b e4       	ldi	r25, 0x4B	; 75
    100e:	0e 94 ca 18 	call	0x3194	; 0x3194 <__divsf3>
    1012:	dc 01       	movw	r26, r24
    1014:	cb 01       	movw	r24, r22
    1016:	88 87       	std	Y+8, r24	; 0x08
    1018:	99 87       	std	Y+9, r25	; 0x09
    101a:	aa 87       	std	Y+10, r26	; 0x0a
    101c:	bb 87       	std	Y+11, r27	; 0x0b
        }

        float abs_error = fabs(real_baud - baud);
    101e:	6d a5       	ldd	r22, Y+45	; 0x2d
    1020:	7e a5       	ldd	r23, Y+46	; 0x2e
    1022:	8f a5       	ldd	r24, Y+47	; 0x2f
    1024:	98 a9       	ldd	r25, Y+48	; 0x30
    1026:	0e 94 6b 19 	call	0x32d6	; 0x32d6 <__floatunsisf>
    102a:	dc 01       	movw	r26, r24
    102c:	cb 01       	movw	r24, r22
    102e:	9c 01       	movw	r18, r24
    1030:	ad 01       	movw	r20, r26
    1032:	68 85       	ldd	r22, Y+8	; 0x08
    1034:	79 85       	ldd	r23, Y+9	; 0x09
    1036:	8a 85       	ldd	r24, Y+10	; 0x0a
    1038:	9b 85       	ldd	r25, Y+11	; 0x0b
    103a:	0e 94 58 18 	call	0x30b0	; 0x30b0 <__subsf3>
    103e:	dc 01       	movw	r26, r24
    1040:	cb 01       	movw	r24, r22
    1042:	bf 77       	andi	r27, 0x7F	; 127
    1044:	88 8f       	std	Y+24, r24	; 0x18
    1046:	99 8f       	std	Y+25, r25	; 0x19
    1048:	aa 8f       	std	Y+26, r26	; 0x1a
    104a:	bb 8f       	std	Y+27, r27	; 0x1b
        float rel_error = abs_error / baud;
    104c:	6d a5       	ldd	r22, Y+45	; 0x2d
    104e:	7e a5       	ldd	r23, Y+46	; 0x2e
    1050:	8f a5       	ldd	r24, Y+47	; 0x2f
    1052:	98 a9       	ldd	r25, Y+48	; 0x30
    1054:	0e 94 6b 19 	call	0x32d6	; 0x32d6 <__floatunsisf>
    1058:	dc 01       	movw	r26, r24
    105a:	cb 01       	movw	r24, r22
    105c:	9c 01       	movw	r18, r24
    105e:	ad 01       	movw	r20, r26
    1060:	68 8d       	ldd	r22, Y+24	; 0x18
    1062:	79 8d       	ldd	r23, Y+25	; 0x19
    1064:	8a 8d       	ldd	r24, Y+26	; 0x1a
    1066:	9b 8d       	ldd	r25, Y+27	; 0x1b
    1068:	0e 94 ca 18 	call	0x3194	; 0x3194 <__divsf3>
    106c:	dc 01       	movw	r26, r24
    106e:	cb 01       	movw	r24, r22
    1070:	8c 8f       	std	Y+28, r24	; 0x1c
    1072:	9d 8f       	std	Y+29, r25	; 0x1d
    1074:	ae 8f       	std	Y+30, r26	; 0x1e
    1076:	bf 8f       	std	Y+31, r27	; 0x1f

        if (abs_error < best_error) {
    1078:	29 81       	ldd	r18, Y+1	; 0x01
    107a:	3a 81       	ldd	r19, Y+2	; 0x02
    107c:	4b 81       	ldd	r20, Y+3	; 0x03
    107e:	5c 81       	ldd	r21, Y+4	; 0x04
    1080:	68 8d       	ldd	r22, Y+24	; 0x18
    1082:	79 8d       	ldd	r23, Y+25	; 0x19
    1084:	8a 8d       	ldd	r24, Y+26	; 0x1a
    1086:	9b 8d       	ldd	r25, Y+27	; 0x1b
    1088:	0e 94 c5 18 	call	0x318a	; 0x318a <__cmpsf2>
    108c:	88 23       	and	r24, r24
    108e:	14 f5       	brge	.+68     	; 0x10d4 <calculate_baud+0x392>
            best_error = abs_error;
    1090:	88 8d       	ldd	r24, Y+24	; 0x18
    1092:	99 8d       	ldd	r25, Y+25	; 0x19
    1094:	aa 8d       	ldd	r26, Y+26	; 0x1a
    1096:	bb 8d       	ldd	r27, Y+27	; 0x1b
    1098:	89 83       	std	Y+1, r24	; 0x01
    109a:	9a 83       	std	Y+2, r25	; 0x02
    109c:	ab 83       	std	Y+3, r26	; 0x03
    109e:	bc 83       	std	Y+4, r27	; 0x04
            best.bscale = bscale;
    10a0:	8d 81       	ldd	r24, Y+5	; 0x05
    10a2:	88 a3       	std	Y+32, r24	; 0x20
            best.bsel = bsel;
    10a4:	8e 81       	ldd	r24, Y+6	; 0x06
    10a6:	9f 81       	ldd	r25, Y+7	; 0x07
    10a8:	89 a3       	std	Y+33, r24	; 0x21
    10aa:	9a a3       	std	Y+34, r25	; 0x22
            best.abs_error = abs_error;
    10ac:	88 8d       	ldd	r24, Y+24	; 0x18
    10ae:	99 8d       	ldd	r25, Y+25	; 0x19
    10b0:	aa 8d       	ldd	r26, Y+26	; 0x1a
    10b2:	bb 8d       	ldd	r27, Y+27	; 0x1b
    10b4:	8b a3       	std	Y+35, r24	; 0x23
    10b6:	9c a3       	std	Y+36, r25	; 0x24
    10b8:	ad a3       	std	Y+37, r26	; 0x25
    10ba:	be a3       	std	Y+38, r27	; 0x26
            best.rel_error = rel_error;
    10bc:	8c 8d       	ldd	r24, Y+28	; 0x1c
    10be:	9d 8d       	ldd	r25, Y+29	; 0x1d
    10c0:	ae 8d       	ldd	r26, Y+30	; 0x1e
    10c2:	bf 8d       	ldd	r27, Y+31	; 0x1f
    10c4:	8f a3       	std	Y+39, r24	; 0x27
    10c6:	98 a7       	std	Y+40, r25	; 0x28
    10c8:	a9 a7       	std	Y+41, r26	; 0x29
    10ca:	ba a7       	std	Y+42, r27	; 0x2a
    10cc:	03 c0       	rjmp	.+6      	; 0x10d4 <calculate_baud+0x392>
        uint16_t bsel;
        float real_baud;

        if (bscale >= 0) {
            float bsel_f = ((float)CPU_SPEED / (16.0 * factor * baud)) - 1.0;
            if (bsel_f < 0 || bsel_f > 4095) continue;
    10ce:	00 00       	nop
    10d0:	01 c0       	rjmp	.+2      	; 0x10d4 <calculate_baud+0x392>
            bsel = (uint16_t)(bsel_f + 0.5);
            real_baud = (float)CPU_SPEED / (16.0 * factor * (bsel + 1));
        } else {
            float bsel_f = ((float)CPU_SPEED / (16.0 * baud) - 1.0) / factor;
            if (bsel_f < 0 || bsel_f > 4095) continue;
    10d2:	00 00       	nop
baud_result calculate_baud(uint32_t baud) {
    baud_result best;
    best.rel_error = 1e9;
    float best_error = 1e9;

    for (int8_t bscale = -7; bscale <= 7; bscale++) {
    10d4:	8d 81       	ldd	r24, Y+5	; 0x05
    10d6:	8f 5f       	subi	r24, 0xFF	; 255
    10d8:	8d 83       	std	Y+5, r24	; 0x05
    10da:	8d 81       	ldd	r24, Y+5	; 0x05
    10dc:	88 30       	cpi	r24, 0x08	; 8
    10de:	0c f4       	brge	.+2      	; 0x10e2 <calculate_baud+0x3a0>
    10e0:	54 ce       	rjmp	.-856    	; 0xd8a <calculate_baud+0x48>
            best.bsel = bsel;
            best.abs_error = abs_error;
            best.rel_error = rel_error;
        }
    }
    return best;
    10e2:	8b a5       	ldd	r24, Y+43	; 0x2b
    10e4:	9c a5       	ldd	r25, Y+44	; 0x2c
    10e6:	2b e0       	ldi	r18, 0x0B	; 11
    10e8:	fe 01       	movw	r30, r28
    10ea:	b0 96       	adiw	r30, 0x20	; 32
    10ec:	dc 01       	movw	r26, r24
    10ee:	01 90       	ld	r0, Z+
    10f0:	0d 92       	st	X+, r0
    10f2:	2a 95       	dec	r18
    10f4:	e1 f7       	brne	.-8      	; 0x10ee <calculate_baud+0x3ac>
}
    10f6:	8b a5       	ldd	r24, Y+43	; 0x2b
    10f8:	9c a5       	ldd	r25, Y+44	; 0x2c
    10fa:	e0 96       	adiw	r28, 0x30	; 48
    10fc:	cd bf       	out	0x3d, r28	; 61
    10fe:	de bf       	out	0x3e, r29	; 62
    1100:	df 91       	pop	r29
    1102:	cf 91       	pop	r28
    1104:	ff 90       	pop	r15
    1106:	ef 90       	pop	r14
    1108:	df 90       	pop	r13
    110a:	cf 90       	pop	r12
    110c:	08 95       	ret

0000110e <stdio_putchar>:

static int stdio_putchar(char c, FILE * stream) {
    110e:	cf 93       	push	r28
    1110:	df 93       	push	r29
    1112:	00 d0       	rcall	.+0      	; 0x1114 <stdio_putchar+0x6>
    1114:	cd b7       	in	r28, 0x3d	; 61
    1116:	de b7       	in	r29, 0x3e	; 62
    1118:	89 83       	std	Y+1, r24	; 0x01
    111a:	6a 83       	std	Y+2, r22	; 0x02
    111c:	7b 83       	std	Y+3, r23	; 0x03
    (void)stream;
	USART.DATA = c;
    111e:	80 ea       	ldi	r24, 0xA0	; 160
    1120:	9a e0       	ldi	r25, 0x0A	; 10
    1122:	29 81       	ldd	r18, Y+1	; 0x01
    1124:	fc 01       	movw	r30, r24
    1126:	20 83       	st	Z, r18
    while (!(USART.STATUS & 0x40)); // Wait for TX complete flag.
    1128:	00 00       	nop
    112a:	80 ea       	ldi	r24, 0xA0	; 160
    112c:	9a e0       	ldi	r25, 0x0A	; 10
    112e:	fc 01       	movw	r30, r24
    1130:	81 81       	ldd	r24, Z+1	; 0x01
    1132:	88 2f       	mov	r24, r24
    1134:	90 e0       	ldi	r25, 0x00	; 0
    1136:	80 74       	andi	r24, 0x40	; 64
    1138:	99 27       	eor	r25, r25
    113a:	89 2b       	or	r24, r25
    113c:	b1 f3       	breq	.-20     	; 0x112a <stdio_putchar+0x1c>
    USART.STATUS = 0x40;            // Clear TX complete flag.
    113e:	80 ea       	ldi	r24, 0xA0	; 160
    1140:	9a e0       	ldi	r25, 0x0A	; 10
    1142:	20 e4       	ldi	r18, 0x40	; 64
    1144:	fc 01       	movw	r30, r24
    1146:	21 83       	std	Z+1, r18	; 0x01
	return 0;
    1148:	80 e0       	ldi	r24, 0x00	; 0
    114a:	90 e0       	ldi	r25, 0x00	; 0
}
    114c:	23 96       	adiw	r28, 0x03	; 3
    114e:	cd bf       	out	0x3d, r28	; 61
    1150:	de bf       	out	0x3e, r29	; 62
    1152:	df 91       	pop	r29
    1154:	cf 91       	pop	r28
    1156:	08 95       	ret

00001158 <stdio_getchar>:
	
static int stdio_getchar(FILE *stream) {
    1158:	cf 93       	push	r28
    115a:	df 93       	push	r29
    115c:	1f 92       	push	r1
    115e:	1f 92       	push	r1
    1160:	cd b7       	in	r28, 0x3d	; 61
    1162:	de b7       	in	r29, 0x3e	; 62
    1164:	89 83       	std	Y+1, r24	; 0x01
    1166:	9a 83       	std	Y+2, r25	; 0x02
    (void)stream;
    while (!(USART.STATUS & 0x80)); // Wait for RX complete flag.
    1168:	00 00       	nop
    116a:	80 ea       	ldi	r24, 0xA0	; 160
    116c:	9a e0       	ldi	r25, 0x0A	; 10
    116e:	fc 01       	movw	r30, r24
    1170:	81 81       	ldd	r24, Z+1	; 0x01
    1172:	88 23       	and	r24, r24
    1174:	d4 f7       	brge	.-12     	; 0x116a <stdio_getchar+0x12>
	return USART.DATA;
    1176:	80 ea       	ldi	r24, 0xA0	; 160
    1178:	9a e0       	ldi	r25, 0x0A	; 10
    117a:	fc 01       	movw	r30, r24
    117c:	80 81       	ld	r24, Z
    117e:	88 2f       	mov	r24, r24
    1180:	90 e0       	ldi	r25, 0x00	; 0
    1182:	0f 90       	pop	r0
    1184:	0f 90       	pop	r0
    1186:	df 91       	pop	r29
    1188:	cf 91       	pop	r28
    118a:	08 95       	ret

0000118c <pvPortMalloc>:
/*-----------------------------------------------------------*/

void vPortInitialiseBlocks( void )
{
	/* This just exists to keep the linker quiet. */
}
    118c:	cf 93       	push	r28
    118e:	df 93       	push	r29
    1190:	cd b7       	in	r28, 0x3d	; 61
    1192:	de b7       	in	r29, 0x3e	; 62
    1194:	2e 97       	sbiw	r28, 0x0e	; 14
    1196:	cd bf       	out	0x3d, r28	; 61
    1198:	de bf       	out	0x3e, r29	; 62
    119a:	8d 87       	std	Y+13, r24	; 0x0d
    119c:	9e 87       	std	Y+14, r25	; 0x0e
    119e:	1d 82       	std	Y+5, r1	; 0x05
    11a0:	1e 82       	std	Y+6, r1	; 0x06
    11a2:	0e 94 b7 10 	call	0x216e	; 0x216e <vTaskSuspendAll>
    11a6:	80 91 ce 20 	lds	r24, 0x20CE	; 0x8020ce <xHeapHasBeenInitialised.4125>
    11aa:	88 23       	and	r24, r24
    11ac:	29 f4       	brne	.+10     	; 0x11b8 <pvPortMalloc+0x2c>
    11ae:	0e 94 21 0a 	call	0x1442	; 0x1442 <prvHeapInit>
    11b2:	81 e0       	ldi	r24, 0x01	; 1
    11b4:	80 93 ce 20 	sts	0x20CE, r24	; 0x8020ce <xHeapHasBeenInitialised.4125>
    11b8:	8d 85       	ldd	r24, Y+13	; 0x0d
    11ba:	9e 85       	ldd	r25, Y+14	; 0x0e
    11bc:	89 2b       	or	r24, r25
    11be:	41 f0       	breq	.+16     	; 0x11d0 <pvPortMalloc+0x44>
    11c0:	84 e0       	ldi	r24, 0x04	; 4
    11c2:	90 e0       	ldi	r25, 0x00	; 0
    11c4:	2d 85       	ldd	r18, Y+13	; 0x0d
    11c6:	3e 85       	ldd	r19, Y+14	; 0x0e
    11c8:	82 0f       	add	r24, r18
    11ca:	93 1f       	adc	r25, r19
    11cc:	8d 87       	std	Y+13, r24	; 0x0d
    11ce:	9e 87       	std	Y+14, r25	; 0x0e
    11d0:	8d 85       	ldd	r24, Y+13	; 0x0d
    11d2:	9e 85       	ldd	r25, Y+14	; 0x0e
    11d4:	89 2b       	or	r24, r25
    11d6:	09 f4       	brne	.+2      	; 0x11da <pvPortMalloc+0x4e>
    11d8:	b8 c0       	rjmp	.+368    	; 0x134a <pvPortMalloc+0x1be>
    11da:	8d 85       	ldd	r24, Y+13	; 0x0d
    11dc:	9e 85       	ldd	r25, Y+14	; 0x0e
    11de:	8f 3f       	cpi	r24, 0xFF	; 255
    11e0:	9f 43       	sbci	r25, 0x3F	; 63
    11e2:	08 f0       	brcs	.+2      	; 0x11e6 <pvPortMalloc+0x5a>
    11e4:	b2 c0       	rjmp	.+356    	; 0x134a <pvPortMalloc+0x1be>
    11e6:	86 ec       	ldi	r24, 0xC6	; 198
    11e8:	90 e2       	ldi	r25, 0x20	; 32
    11ea:	8b 83       	std	Y+3, r24	; 0x03
    11ec:	9c 83       	std	Y+4, r25	; 0x04
    11ee:	80 91 c6 20 	lds	r24, 0x20C6	; 0x8020c6 <xStart>
    11f2:	90 91 c7 20 	lds	r25, 0x20C7	; 0x8020c7 <xStart+0x1>
    11f6:	89 83       	std	Y+1, r24	; 0x01
    11f8:	9a 83       	std	Y+2, r25	; 0x02
    11fa:	0b c0       	rjmp	.+22     	; 0x1212 <pvPortMalloc+0x86>
    11fc:	89 81       	ldd	r24, Y+1	; 0x01
    11fe:	9a 81       	ldd	r25, Y+2	; 0x02
    1200:	8b 83       	std	Y+3, r24	; 0x03
    1202:	9c 83       	std	Y+4, r25	; 0x04
    1204:	89 81       	ldd	r24, Y+1	; 0x01
    1206:	9a 81       	ldd	r25, Y+2	; 0x02
    1208:	fc 01       	movw	r30, r24
    120a:	80 81       	ld	r24, Z
    120c:	91 81       	ldd	r25, Z+1	; 0x01
    120e:	89 83       	std	Y+1, r24	; 0x01
    1210:	9a 83       	std	Y+2, r25	; 0x02
    1212:	89 81       	ldd	r24, Y+1	; 0x01
    1214:	9a 81       	ldd	r25, Y+2	; 0x02
    1216:	fc 01       	movw	r30, r24
    1218:	22 81       	ldd	r18, Z+2	; 0x02
    121a:	33 81       	ldd	r19, Z+3	; 0x03
    121c:	8d 85       	ldd	r24, Y+13	; 0x0d
    121e:	9e 85       	ldd	r25, Y+14	; 0x0e
    1220:	28 17       	cp	r18, r24
    1222:	39 07       	cpc	r19, r25
    1224:	38 f4       	brcc	.+14     	; 0x1234 <pvPortMalloc+0xa8>
    1226:	89 81       	ldd	r24, Y+1	; 0x01
    1228:	9a 81       	ldd	r25, Y+2	; 0x02
    122a:	fc 01       	movw	r30, r24
    122c:	80 81       	ld	r24, Z
    122e:	91 81       	ldd	r25, Z+1	; 0x01
    1230:	89 2b       	or	r24, r25
    1232:	21 f7       	brne	.-56     	; 0x11fc <pvPortMalloc+0x70>
    1234:	89 81       	ldd	r24, Y+1	; 0x01
    1236:	9a 81       	ldd	r25, Y+2	; 0x02
    1238:	8a 5c       	subi	r24, 0xCA	; 202
    123a:	90 42       	sbci	r25, 0x20	; 32
    123c:	09 f4       	brne	.+2      	; 0x1240 <pvPortMalloc+0xb4>
    123e:	85 c0       	rjmp	.+266    	; 0x134a <pvPortMalloc+0x1be>
    1240:	8b 81       	ldd	r24, Y+3	; 0x03
    1242:	9c 81       	ldd	r25, Y+4	; 0x04
    1244:	fc 01       	movw	r30, r24
    1246:	20 81       	ld	r18, Z
    1248:	31 81       	ldd	r19, Z+1	; 0x01
    124a:	84 e0       	ldi	r24, 0x04	; 4
    124c:	90 e0       	ldi	r25, 0x00	; 0
    124e:	82 0f       	add	r24, r18
    1250:	93 1f       	adc	r25, r19
    1252:	8d 83       	std	Y+5, r24	; 0x05
    1254:	9e 83       	std	Y+6, r25	; 0x06
    1256:	89 81       	ldd	r24, Y+1	; 0x01
    1258:	9a 81       	ldd	r25, Y+2	; 0x02
    125a:	fc 01       	movw	r30, r24
    125c:	20 81       	ld	r18, Z
    125e:	31 81       	ldd	r19, Z+1	; 0x01
    1260:	8b 81       	ldd	r24, Y+3	; 0x03
    1262:	9c 81       	ldd	r25, Y+4	; 0x04
    1264:	fc 01       	movw	r30, r24
    1266:	20 83       	st	Z, r18
    1268:	31 83       	std	Z+1, r19	; 0x01
    126a:	89 81       	ldd	r24, Y+1	; 0x01
    126c:	9a 81       	ldd	r25, Y+2	; 0x02
    126e:	fc 01       	movw	r30, r24
    1270:	22 81       	ldd	r18, Z+2	; 0x02
    1272:	33 81       	ldd	r19, Z+3	; 0x03
    1274:	8d 85       	ldd	r24, Y+13	; 0x0d
    1276:	9e 85       	ldd	r25, Y+14	; 0x0e
    1278:	28 1b       	sub	r18, r24
    127a:	39 0b       	sbc	r19, r25
    127c:	84 e0       	ldi	r24, 0x04	; 4
    127e:	90 e0       	ldi	r25, 0x00	; 0
    1280:	88 0f       	add	r24, r24
    1282:	99 1f       	adc	r25, r25
    1284:	82 17       	cp	r24, r18
    1286:	93 07       	cpc	r25, r19
    1288:	08 f0       	brcs	.+2      	; 0x128c <pvPortMalloc+0x100>
    128a:	4e c0       	rjmp	.+156    	; 0x1328 <pvPortMalloc+0x19c>
    128c:	29 81       	ldd	r18, Y+1	; 0x01
    128e:	3a 81       	ldd	r19, Y+2	; 0x02
    1290:	8d 85       	ldd	r24, Y+13	; 0x0d
    1292:	9e 85       	ldd	r25, Y+14	; 0x0e
    1294:	82 0f       	add	r24, r18
    1296:	93 1f       	adc	r25, r19
    1298:	89 87       	std	Y+9, r24	; 0x09
    129a:	9a 87       	std	Y+10, r25	; 0x0a
    129c:	89 81       	ldd	r24, Y+1	; 0x01
    129e:	9a 81       	ldd	r25, Y+2	; 0x02
    12a0:	fc 01       	movw	r30, r24
    12a2:	22 81       	ldd	r18, Z+2	; 0x02
    12a4:	33 81       	ldd	r19, Z+3	; 0x03
    12a6:	8d 85       	ldd	r24, Y+13	; 0x0d
    12a8:	9e 85       	ldd	r25, Y+14	; 0x0e
    12aa:	28 1b       	sub	r18, r24
    12ac:	39 0b       	sbc	r19, r25
    12ae:	89 85       	ldd	r24, Y+9	; 0x09
    12b0:	9a 85       	ldd	r25, Y+10	; 0x0a
    12b2:	fc 01       	movw	r30, r24
    12b4:	22 83       	std	Z+2, r18	; 0x02
    12b6:	33 83       	std	Z+3, r19	; 0x03
    12b8:	89 81       	ldd	r24, Y+1	; 0x01
    12ba:	9a 81       	ldd	r25, Y+2	; 0x02
    12bc:	2d 85       	ldd	r18, Y+13	; 0x0d
    12be:	3e 85       	ldd	r19, Y+14	; 0x0e
    12c0:	fc 01       	movw	r30, r24
    12c2:	22 83       	std	Z+2, r18	; 0x02
    12c4:	33 83       	std	Z+3, r19	; 0x03
    12c6:	89 85       	ldd	r24, Y+9	; 0x09
    12c8:	9a 85       	ldd	r25, Y+10	; 0x0a
    12ca:	fc 01       	movw	r30, r24
    12cc:	82 81       	ldd	r24, Z+2	; 0x02
    12ce:	93 81       	ldd	r25, Z+3	; 0x03
    12d0:	8b 87       	std	Y+11, r24	; 0x0b
    12d2:	9c 87       	std	Y+12, r25	; 0x0c
    12d4:	86 ec       	ldi	r24, 0xC6	; 198
    12d6:	90 e2       	ldi	r25, 0x20	; 32
    12d8:	8f 83       	std	Y+7, r24	; 0x07
    12da:	98 87       	std	Y+8, r25	; 0x08
    12dc:	07 c0       	rjmp	.+14     	; 0x12ec <pvPortMalloc+0x160>
    12de:	8f 81       	ldd	r24, Y+7	; 0x07
    12e0:	98 85       	ldd	r25, Y+8	; 0x08
    12e2:	fc 01       	movw	r30, r24
    12e4:	80 81       	ld	r24, Z
    12e6:	91 81       	ldd	r25, Z+1	; 0x01
    12e8:	8f 83       	std	Y+7, r24	; 0x07
    12ea:	98 87       	std	Y+8, r25	; 0x08
    12ec:	8f 81       	ldd	r24, Y+7	; 0x07
    12ee:	98 85       	ldd	r25, Y+8	; 0x08
    12f0:	fc 01       	movw	r30, r24
    12f2:	80 81       	ld	r24, Z
    12f4:	91 81       	ldd	r25, Z+1	; 0x01
    12f6:	fc 01       	movw	r30, r24
    12f8:	22 81       	ldd	r18, Z+2	; 0x02
    12fa:	33 81       	ldd	r19, Z+3	; 0x03
    12fc:	8b 85       	ldd	r24, Y+11	; 0x0b
    12fe:	9c 85       	ldd	r25, Y+12	; 0x0c
    1300:	28 17       	cp	r18, r24
    1302:	39 07       	cpc	r19, r25
    1304:	60 f3       	brcs	.-40     	; 0x12de <pvPortMalloc+0x152>
    1306:	8f 81       	ldd	r24, Y+7	; 0x07
    1308:	98 85       	ldd	r25, Y+8	; 0x08
    130a:	fc 01       	movw	r30, r24
    130c:	20 81       	ld	r18, Z
    130e:	31 81       	ldd	r19, Z+1	; 0x01
    1310:	89 85       	ldd	r24, Y+9	; 0x09
    1312:	9a 85       	ldd	r25, Y+10	; 0x0a
    1314:	fc 01       	movw	r30, r24
    1316:	20 83       	st	Z, r18
    1318:	31 83       	std	Z+1, r19	; 0x01
    131a:	8f 81       	ldd	r24, Y+7	; 0x07
    131c:	98 85       	ldd	r25, Y+8	; 0x08
    131e:	29 85       	ldd	r18, Y+9	; 0x09
    1320:	3a 85       	ldd	r19, Y+10	; 0x0a
    1322:	fc 01       	movw	r30, r24
    1324:	20 83       	st	Z, r18
    1326:	31 83       	std	Z+1, r19	; 0x01
    1328:	20 91 14 20 	lds	r18, 0x2014	; 0x802014 <xFreeBytesRemaining>
    132c:	30 91 15 20 	lds	r19, 0x2015	; 0x802015 <xFreeBytesRemaining+0x1>
    1330:	89 81       	ldd	r24, Y+1	; 0x01
    1332:	9a 81       	ldd	r25, Y+2	; 0x02
    1334:	fc 01       	movw	r30, r24
    1336:	82 81       	ldd	r24, Z+2	; 0x02
    1338:	93 81       	ldd	r25, Z+3	; 0x03
    133a:	a9 01       	movw	r20, r18
    133c:	48 1b       	sub	r20, r24
    133e:	59 0b       	sbc	r21, r25
    1340:	ca 01       	movw	r24, r20
    1342:	80 93 14 20 	sts	0x2014, r24	; 0x802014 <xFreeBytesRemaining>
    1346:	90 93 15 20 	sts	0x2015, r25	; 0x802015 <xFreeBytesRemaining+0x1>
    134a:	0e 94 c4 10 	call	0x2188	; 0x2188 <xTaskResumeAll>
    134e:	8d 81       	ldd	r24, Y+5	; 0x05
    1350:	9e 81       	ldd	r25, Y+6	; 0x06
    1352:	89 2b       	or	r24, r25
    1354:	11 f4       	brne	.+4      	; 0x135a <pvPortMalloc+0x1ce>
    1356:	0e 94 8b 14 	call	0x2916	; 0x2916 <vApplicationMallocFailedHook>
    135a:	8d 81       	ldd	r24, Y+5	; 0x05
    135c:	9e 81       	ldd	r25, Y+6	; 0x06
    135e:	2e 96       	adiw	r28, 0x0e	; 14
    1360:	cd bf       	out	0x3d, r28	; 61
    1362:	de bf       	out	0x3e, r29	; 62
    1364:	df 91       	pop	r29
    1366:	cf 91       	pop	r28
    1368:	08 95       	ret

0000136a <vPortFree>:
    136a:	cf 93       	push	r28
    136c:	df 93       	push	r29
    136e:	cd b7       	in	r28, 0x3d	; 61
    1370:	de b7       	in	r29, 0x3e	; 62
    1372:	2a 97       	sbiw	r28, 0x0a	; 10
    1374:	cd bf       	out	0x3d, r28	; 61
    1376:	de bf       	out	0x3e, r29	; 62
    1378:	89 87       	std	Y+9, r24	; 0x09
    137a:	9a 87       	std	Y+10, r25	; 0x0a
    137c:	89 85       	ldd	r24, Y+9	; 0x09
    137e:	9a 85       	ldd	r25, Y+10	; 0x0a
    1380:	8b 83       	std	Y+3, r24	; 0x03
    1382:	9c 83       	std	Y+4, r25	; 0x04
    1384:	89 85       	ldd	r24, Y+9	; 0x09
    1386:	9a 85       	ldd	r25, Y+10	; 0x0a
    1388:	89 2b       	or	r24, r25
    138a:	09 f4       	brne	.+2      	; 0x138e <vPortFree+0x24>
    138c:	53 c0       	rjmp	.+166    	; 0x1434 <vPortFree+0xca>
    138e:	84 e0       	ldi	r24, 0x04	; 4
    1390:	90 e0       	ldi	r25, 0x00	; 0
    1392:	91 95       	neg	r25
    1394:	81 95       	neg	r24
    1396:	91 09       	sbc	r25, r1
    1398:	2b 81       	ldd	r18, Y+3	; 0x03
    139a:	3c 81       	ldd	r19, Y+4	; 0x04
    139c:	82 0f       	add	r24, r18
    139e:	93 1f       	adc	r25, r19
    13a0:	8b 83       	std	Y+3, r24	; 0x03
    13a2:	9c 83       	std	Y+4, r25	; 0x04
    13a4:	8b 81       	ldd	r24, Y+3	; 0x03
    13a6:	9c 81       	ldd	r25, Y+4	; 0x04
    13a8:	8d 83       	std	Y+5, r24	; 0x05
    13aa:	9e 83       	std	Y+6, r25	; 0x06
    13ac:	0e 94 b7 10 	call	0x216e	; 0x216e <vTaskSuspendAll>
    13b0:	8d 81       	ldd	r24, Y+5	; 0x05
    13b2:	9e 81       	ldd	r25, Y+6	; 0x06
    13b4:	fc 01       	movw	r30, r24
    13b6:	82 81       	ldd	r24, Z+2	; 0x02
    13b8:	93 81       	ldd	r25, Z+3	; 0x03
    13ba:	8f 83       	std	Y+7, r24	; 0x07
    13bc:	98 87       	std	Y+8, r25	; 0x08
    13be:	86 ec       	ldi	r24, 0xC6	; 198
    13c0:	90 e2       	ldi	r25, 0x20	; 32
    13c2:	89 83       	std	Y+1, r24	; 0x01
    13c4:	9a 83       	std	Y+2, r25	; 0x02
    13c6:	07 c0       	rjmp	.+14     	; 0x13d6 <vPortFree+0x6c>
    13c8:	89 81       	ldd	r24, Y+1	; 0x01
    13ca:	9a 81       	ldd	r25, Y+2	; 0x02
    13cc:	fc 01       	movw	r30, r24
    13ce:	80 81       	ld	r24, Z
    13d0:	91 81       	ldd	r25, Z+1	; 0x01
    13d2:	89 83       	std	Y+1, r24	; 0x01
    13d4:	9a 83       	std	Y+2, r25	; 0x02
    13d6:	89 81       	ldd	r24, Y+1	; 0x01
    13d8:	9a 81       	ldd	r25, Y+2	; 0x02
    13da:	fc 01       	movw	r30, r24
    13dc:	80 81       	ld	r24, Z
    13de:	91 81       	ldd	r25, Z+1	; 0x01
    13e0:	fc 01       	movw	r30, r24
    13e2:	22 81       	ldd	r18, Z+2	; 0x02
    13e4:	33 81       	ldd	r19, Z+3	; 0x03
    13e6:	8f 81       	ldd	r24, Y+7	; 0x07
    13e8:	98 85       	ldd	r25, Y+8	; 0x08
    13ea:	28 17       	cp	r18, r24
    13ec:	39 07       	cpc	r19, r25
    13ee:	60 f3       	brcs	.-40     	; 0x13c8 <vPortFree+0x5e>
    13f0:	89 81       	ldd	r24, Y+1	; 0x01
    13f2:	9a 81       	ldd	r25, Y+2	; 0x02
    13f4:	fc 01       	movw	r30, r24
    13f6:	20 81       	ld	r18, Z
    13f8:	31 81       	ldd	r19, Z+1	; 0x01
    13fa:	8d 81       	ldd	r24, Y+5	; 0x05
    13fc:	9e 81       	ldd	r25, Y+6	; 0x06
    13fe:	fc 01       	movw	r30, r24
    1400:	20 83       	st	Z, r18
    1402:	31 83       	std	Z+1, r19	; 0x01
    1404:	89 81       	ldd	r24, Y+1	; 0x01
    1406:	9a 81       	ldd	r25, Y+2	; 0x02
    1408:	2d 81       	ldd	r18, Y+5	; 0x05
    140a:	3e 81       	ldd	r19, Y+6	; 0x06
    140c:	fc 01       	movw	r30, r24
    140e:	20 83       	st	Z, r18
    1410:	31 83       	std	Z+1, r19	; 0x01
    1412:	8d 81       	ldd	r24, Y+5	; 0x05
    1414:	9e 81       	ldd	r25, Y+6	; 0x06
    1416:	fc 01       	movw	r30, r24
    1418:	22 81       	ldd	r18, Z+2	; 0x02
    141a:	33 81       	ldd	r19, Z+3	; 0x03
    141c:	80 91 14 20 	lds	r24, 0x2014	; 0x802014 <xFreeBytesRemaining>
    1420:	90 91 15 20 	lds	r25, 0x2015	; 0x802015 <xFreeBytesRemaining+0x1>
    1424:	82 0f       	add	r24, r18
    1426:	93 1f       	adc	r25, r19
    1428:	80 93 14 20 	sts	0x2014, r24	; 0x802014 <xFreeBytesRemaining>
    142c:	90 93 15 20 	sts	0x2015, r25	; 0x802015 <xFreeBytesRemaining+0x1>
    1430:	0e 94 c4 10 	call	0x2188	; 0x2188 <xTaskResumeAll>
    1434:	00 00       	nop
    1436:	2a 96       	adiw	r28, 0x0a	; 10
    1438:	cd bf       	out	0x3d, r28	; 61
    143a:	de bf       	out	0x3e, r29	; 62
    143c:	df 91       	pop	r29
    143e:	cf 91       	pop	r28
    1440:	08 95       	ret

00001442 <prvHeapInit>:
/*-----------------------------------------------------------*/

static void prvHeapInit( void )
{
    1442:	cf 93       	push	r28
    1444:	df 93       	push	r29
    1446:	00 d0       	rcall	.+0      	; 0x1448 <prvHeapInit+0x6>
    1448:	1f 92       	push	r1
    144a:	cd b7       	in	r28, 0x3d	; 61
    144c:	de b7       	in	r29, 0x3e	; 62
BlockLink_t *pxFirstFreeBlock;
uint8_t *pucAlignedHeap;

	/* Ensure the heap starts on a correctly aligned boundary. */
	pucAlignedHeap = ( uint8_t * ) ( ( ( portPOINTER_SIZE_TYPE ) &ucHeap[ portBYTE_ALIGNMENT ] ) & ( ~( ( portPOINTER_SIZE_TYPE ) portBYTE_ALIGNMENT_MASK ) ) );
    144e:	80 91 77 21 	lds	r24, 0x2177	; 0x802177 <ucHeap>
    1452:	90 91 78 21 	lds	r25, 0x2178	; 0x802178 <ucHeap+0x1>
    1456:	01 96       	adiw	r24, 0x01	; 1
    1458:	89 83       	std	Y+1, r24	; 0x01
    145a:	9a 83       	std	Y+2, r25	; 0x02

	/* xStart is used to hold a pointer to the first item in the list of free
	blocks.  The void cast is used to prevent compiler warnings. */
	xStart.pxNextFreeBlock = ( void * ) pucAlignedHeap;
    145c:	89 81       	ldd	r24, Y+1	; 0x01
    145e:	9a 81       	ldd	r25, Y+2	; 0x02
    1460:	80 93 c6 20 	sts	0x20C6, r24	; 0x8020c6 <xStart>
    1464:	90 93 c7 20 	sts	0x20C7, r25	; 0x8020c7 <xStart+0x1>
	xStart.xBlockSize = ( size_t ) 0;
    1468:	10 92 c8 20 	sts	0x20C8, r1	; 0x8020c8 <xStart+0x2>
    146c:	10 92 c9 20 	sts	0x20C9, r1	; 0x8020c9 <xStart+0x3>

	/* xEnd is used to mark the end of the list of free blocks. */
	xEnd.xBlockSize = configADJUSTED_HEAP_SIZE;
    1470:	8f ef       	ldi	r24, 0xFF	; 255
    1472:	9f e3       	ldi	r25, 0x3F	; 63
    1474:	80 93 cc 20 	sts	0x20CC, r24	; 0x8020cc <xEnd+0x2>
    1478:	90 93 cd 20 	sts	0x20CD, r25	; 0x8020cd <xEnd+0x3>
	xEnd.pxNextFreeBlock = NULL;
    147c:	10 92 ca 20 	sts	0x20CA, r1	; 0x8020ca <xEnd>
    1480:	10 92 cb 20 	sts	0x20CB, r1	; 0x8020cb <xEnd+0x1>

	/* To start with there is a single free block that is sized to take up the
	entire heap space. */
	pxFirstFreeBlock = ( void * ) pucAlignedHeap;
    1484:	89 81       	ldd	r24, Y+1	; 0x01
    1486:	9a 81       	ldd	r25, Y+2	; 0x02
    1488:	8b 83       	std	Y+3, r24	; 0x03
    148a:	9c 83       	std	Y+4, r25	; 0x04
	pxFirstFreeBlock->xBlockSize = configADJUSTED_HEAP_SIZE;
    148c:	8b 81       	ldd	r24, Y+3	; 0x03
    148e:	9c 81       	ldd	r25, Y+4	; 0x04
    1490:	2f ef       	ldi	r18, 0xFF	; 255
    1492:	3f e3       	ldi	r19, 0x3F	; 63
    1494:	fc 01       	movw	r30, r24
    1496:	22 83       	std	Z+2, r18	; 0x02
    1498:	33 83       	std	Z+3, r19	; 0x03
	pxFirstFreeBlock->pxNextFreeBlock = &xEnd;
    149a:	8b 81       	ldd	r24, Y+3	; 0x03
    149c:	9c 81       	ldd	r25, Y+4	; 0x04
    149e:	2a ec       	ldi	r18, 0xCA	; 202
    14a0:	30 e2       	ldi	r19, 0x20	; 32
    14a2:	fc 01       	movw	r30, r24
    14a4:	20 83       	st	Z, r18
    14a6:	31 83       	std	Z+1, r19	; 0x01
}
    14a8:	00 00       	nop
    14aa:	24 96       	adiw	r28, 0x04	; 4
    14ac:	cd bf       	out	0x3d, r28	; 61
    14ae:	de bf       	out	0x3e, r29	; 62
    14b0:	df 91       	pop	r29
    14b2:	cf 91       	pop	r28
    14b4:	08 95       	ret

000014b6 <vListInitialise>:
	/* Remember which list the item is in.  This allows fast removal of the
	item later. */
	pxNewListItem->pxContainer = pxList;

	( pxList->uxNumberOfItems )++;
}
    14b6:	cf 93       	push	r28
    14b8:	df 93       	push	r29
    14ba:	1f 92       	push	r1
    14bc:	1f 92       	push	r1
    14be:	cd b7       	in	r28, 0x3d	; 61
    14c0:	de b7       	in	r29, 0x3e	; 62
    14c2:	89 83       	std	Y+1, r24	; 0x01
    14c4:	9a 83       	std	Y+2, r25	; 0x02
    14c6:	89 81       	ldd	r24, Y+1	; 0x01
    14c8:	9a 81       	ldd	r25, Y+2	; 0x02
    14ca:	9c 01       	movw	r18, r24
    14cc:	2d 5f       	subi	r18, 0xFD	; 253
    14ce:	3f 4f       	sbci	r19, 0xFF	; 255
    14d0:	89 81       	ldd	r24, Y+1	; 0x01
    14d2:	9a 81       	ldd	r25, Y+2	; 0x02
    14d4:	fc 01       	movw	r30, r24
    14d6:	21 83       	std	Z+1, r18	; 0x01
    14d8:	32 83       	std	Z+2, r19	; 0x02
    14da:	89 81       	ldd	r24, Y+1	; 0x01
    14dc:	9a 81       	ldd	r25, Y+2	; 0x02
    14de:	2f ef       	ldi	r18, 0xFF	; 255
    14e0:	3f ef       	ldi	r19, 0xFF	; 255
    14e2:	fc 01       	movw	r30, r24
    14e4:	23 83       	std	Z+3, r18	; 0x03
    14e6:	34 83       	std	Z+4, r19	; 0x04
    14e8:	89 81       	ldd	r24, Y+1	; 0x01
    14ea:	9a 81       	ldd	r25, Y+2	; 0x02
    14ec:	9c 01       	movw	r18, r24
    14ee:	2d 5f       	subi	r18, 0xFD	; 253
    14f0:	3f 4f       	sbci	r19, 0xFF	; 255
    14f2:	89 81       	ldd	r24, Y+1	; 0x01
    14f4:	9a 81       	ldd	r25, Y+2	; 0x02
    14f6:	fc 01       	movw	r30, r24
    14f8:	25 83       	std	Z+5, r18	; 0x05
    14fa:	36 83       	std	Z+6, r19	; 0x06
    14fc:	89 81       	ldd	r24, Y+1	; 0x01
    14fe:	9a 81       	ldd	r25, Y+2	; 0x02
    1500:	9c 01       	movw	r18, r24
    1502:	2d 5f       	subi	r18, 0xFD	; 253
    1504:	3f 4f       	sbci	r19, 0xFF	; 255
    1506:	89 81       	ldd	r24, Y+1	; 0x01
    1508:	9a 81       	ldd	r25, Y+2	; 0x02
    150a:	fc 01       	movw	r30, r24
    150c:	27 83       	std	Z+7, r18	; 0x07
    150e:	30 87       	std	Z+8, r19	; 0x08
    1510:	89 81       	ldd	r24, Y+1	; 0x01
    1512:	9a 81       	ldd	r25, Y+2	; 0x02
    1514:	fc 01       	movw	r30, r24
    1516:	10 82       	st	Z, r1
    1518:	00 00       	nop
    151a:	0f 90       	pop	r0
    151c:	0f 90       	pop	r0
    151e:	df 91       	pop	r29
    1520:	cf 91       	pop	r28
    1522:	08 95       	ret

00001524 <vListInitialiseItem>:
    1524:	cf 93       	push	r28
    1526:	df 93       	push	r29
    1528:	1f 92       	push	r1
    152a:	1f 92       	push	r1
    152c:	cd b7       	in	r28, 0x3d	; 61
    152e:	de b7       	in	r29, 0x3e	; 62
    1530:	89 83       	std	Y+1, r24	; 0x01
    1532:	9a 83       	std	Y+2, r25	; 0x02
    1534:	89 81       	ldd	r24, Y+1	; 0x01
    1536:	9a 81       	ldd	r25, Y+2	; 0x02
    1538:	fc 01       	movw	r30, r24
    153a:	10 86       	std	Z+8, r1	; 0x08
    153c:	11 86       	std	Z+9, r1	; 0x09
    153e:	00 00       	nop
    1540:	0f 90       	pop	r0
    1542:	0f 90       	pop	r0
    1544:	df 91       	pop	r29
    1546:	cf 91       	pop	r28
    1548:	08 95       	ret

0000154a <vListInsertEnd>:
    154a:	cf 93       	push	r28
    154c:	df 93       	push	r29
    154e:	00 d0       	rcall	.+0      	; 0x1550 <vListInsertEnd+0x6>
    1550:	00 d0       	rcall	.+0      	; 0x1552 <vListInsertEnd+0x8>
    1552:	cd b7       	in	r28, 0x3d	; 61
    1554:	de b7       	in	r29, 0x3e	; 62
    1556:	8b 83       	std	Y+3, r24	; 0x03
    1558:	9c 83       	std	Y+4, r25	; 0x04
    155a:	6d 83       	std	Y+5, r22	; 0x05
    155c:	7e 83       	std	Y+6, r23	; 0x06
    155e:	8b 81       	ldd	r24, Y+3	; 0x03
    1560:	9c 81       	ldd	r25, Y+4	; 0x04
    1562:	fc 01       	movw	r30, r24
    1564:	81 81       	ldd	r24, Z+1	; 0x01
    1566:	92 81       	ldd	r25, Z+2	; 0x02
    1568:	89 83       	std	Y+1, r24	; 0x01
    156a:	9a 83       	std	Y+2, r25	; 0x02
    156c:	8d 81       	ldd	r24, Y+5	; 0x05
    156e:	9e 81       	ldd	r25, Y+6	; 0x06
    1570:	29 81       	ldd	r18, Y+1	; 0x01
    1572:	3a 81       	ldd	r19, Y+2	; 0x02
    1574:	fc 01       	movw	r30, r24
    1576:	22 83       	std	Z+2, r18	; 0x02
    1578:	33 83       	std	Z+3, r19	; 0x03
    157a:	89 81       	ldd	r24, Y+1	; 0x01
    157c:	9a 81       	ldd	r25, Y+2	; 0x02
    157e:	fc 01       	movw	r30, r24
    1580:	24 81       	ldd	r18, Z+4	; 0x04
    1582:	35 81       	ldd	r19, Z+5	; 0x05
    1584:	8d 81       	ldd	r24, Y+5	; 0x05
    1586:	9e 81       	ldd	r25, Y+6	; 0x06
    1588:	fc 01       	movw	r30, r24
    158a:	24 83       	std	Z+4, r18	; 0x04
    158c:	35 83       	std	Z+5, r19	; 0x05
    158e:	89 81       	ldd	r24, Y+1	; 0x01
    1590:	9a 81       	ldd	r25, Y+2	; 0x02
    1592:	fc 01       	movw	r30, r24
    1594:	84 81       	ldd	r24, Z+4	; 0x04
    1596:	95 81       	ldd	r25, Z+5	; 0x05
    1598:	2d 81       	ldd	r18, Y+5	; 0x05
    159a:	3e 81       	ldd	r19, Y+6	; 0x06
    159c:	fc 01       	movw	r30, r24
    159e:	22 83       	std	Z+2, r18	; 0x02
    15a0:	33 83       	std	Z+3, r19	; 0x03
    15a2:	89 81       	ldd	r24, Y+1	; 0x01
    15a4:	9a 81       	ldd	r25, Y+2	; 0x02
    15a6:	2d 81       	ldd	r18, Y+5	; 0x05
    15a8:	3e 81       	ldd	r19, Y+6	; 0x06
    15aa:	fc 01       	movw	r30, r24
    15ac:	24 83       	std	Z+4, r18	; 0x04
    15ae:	35 83       	std	Z+5, r19	; 0x05
    15b0:	8d 81       	ldd	r24, Y+5	; 0x05
    15b2:	9e 81       	ldd	r25, Y+6	; 0x06
    15b4:	2b 81       	ldd	r18, Y+3	; 0x03
    15b6:	3c 81       	ldd	r19, Y+4	; 0x04
    15b8:	fc 01       	movw	r30, r24
    15ba:	20 87       	std	Z+8, r18	; 0x08
    15bc:	31 87       	std	Z+9, r19	; 0x09
    15be:	8b 81       	ldd	r24, Y+3	; 0x03
    15c0:	9c 81       	ldd	r25, Y+4	; 0x04
    15c2:	fc 01       	movw	r30, r24
    15c4:	80 81       	ld	r24, Z
    15c6:	21 e0       	ldi	r18, 0x01	; 1
    15c8:	28 0f       	add	r18, r24
    15ca:	8b 81       	ldd	r24, Y+3	; 0x03
    15cc:	9c 81       	ldd	r25, Y+4	; 0x04
    15ce:	fc 01       	movw	r30, r24
    15d0:	20 83       	st	Z, r18
    15d2:	00 00       	nop
    15d4:	26 96       	adiw	r28, 0x06	; 6
    15d6:	cd bf       	out	0x3d, r28	; 61
    15d8:	de bf       	out	0x3e, r29	; 62
    15da:	df 91       	pop	r29
    15dc:	cf 91       	pop	r28
    15de:	08 95       	ret

000015e0 <uxListRemove>:
/*-----------------------------------------------------------*/

UBaseType_t uxListRemove( ListItem_t * const pxItemToRemove )
{
    15e0:	cf 93       	push	r28
    15e2:	df 93       	push	r29
    15e4:	00 d0       	rcall	.+0      	; 0x15e6 <uxListRemove+0x6>
    15e6:	1f 92       	push	r1
    15e8:	cd b7       	in	r28, 0x3d	; 61
    15ea:	de b7       	in	r29, 0x3e	; 62
    15ec:	8b 83       	std	Y+3, r24	; 0x03
    15ee:	9c 83       	std	Y+4, r25	; 0x04
/* The list item knows which list it is in.  Obtain the list from the list
item. */
List_t * const pxList = pxItemToRemove->pxContainer;
    15f0:	8b 81       	ldd	r24, Y+3	; 0x03
    15f2:	9c 81       	ldd	r25, Y+4	; 0x04
    15f4:	fc 01       	movw	r30, r24
    15f6:	80 85       	ldd	r24, Z+8	; 0x08
    15f8:	91 85       	ldd	r25, Z+9	; 0x09
    15fa:	89 83       	std	Y+1, r24	; 0x01
    15fc:	9a 83       	std	Y+2, r25	; 0x02

	pxItemToRemove->pxNext->pxPrevious = pxItemToRemove->pxPrevious;
    15fe:	8b 81       	ldd	r24, Y+3	; 0x03
    1600:	9c 81       	ldd	r25, Y+4	; 0x04
    1602:	fc 01       	movw	r30, r24
    1604:	82 81       	ldd	r24, Z+2	; 0x02
    1606:	93 81       	ldd	r25, Z+3	; 0x03
    1608:	2b 81       	ldd	r18, Y+3	; 0x03
    160a:	3c 81       	ldd	r19, Y+4	; 0x04
    160c:	f9 01       	movw	r30, r18
    160e:	24 81       	ldd	r18, Z+4	; 0x04
    1610:	35 81       	ldd	r19, Z+5	; 0x05
    1612:	fc 01       	movw	r30, r24
    1614:	24 83       	std	Z+4, r18	; 0x04
    1616:	35 83       	std	Z+5, r19	; 0x05
	pxItemToRemove->pxPrevious->pxNext = pxItemToRemove->pxNext;
    1618:	8b 81       	ldd	r24, Y+3	; 0x03
    161a:	9c 81       	ldd	r25, Y+4	; 0x04
    161c:	fc 01       	movw	r30, r24
    161e:	84 81       	ldd	r24, Z+4	; 0x04
    1620:	95 81       	ldd	r25, Z+5	; 0x05
    1622:	2b 81       	ldd	r18, Y+3	; 0x03
    1624:	3c 81       	ldd	r19, Y+4	; 0x04
    1626:	f9 01       	movw	r30, r18
    1628:	22 81       	ldd	r18, Z+2	; 0x02
    162a:	33 81       	ldd	r19, Z+3	; 0x03
    162c:	fc 01       	movw	r30, r24
    162e:	22 83       	std	Z+2, r18	; 0x02
    1630:	33 83       	std	Z+3, r19	; 0x03

	/* Only used during decision coverage testing. */
	mtCOVERAGE_TEST_DELAY();

	/* Make sure the index is left pointing to a valid item. */
	if( pxList->pxIndex == pxItemToRemove )
    1632:	89 81       	ldd	r24, Y+1	; 0x01
    1634:	9a 81       	ldd	r25, Y+2	; 0x02
    1636:	fc 01       	movw	r30, r24
    1638:	21 81       	ldd	r18, Z+1	; 0x01
    163a:	32 81       	ldd	r19, Z+2	; 0x02
    163c:	8b 81       	ldd	r24, Y+3	; 0x03
    163e:	9c 81       	ldd	r25, Y+4	; 0x04
    1640:	28 17       	cp	r18, r24
    1642:	39 07       	cpc	r19, r25
    1644:	51 f4       	brne	.+20     	; 0x165a <uxListRemove+0x7a>
	{
		pxList->pxIndex = pxItemToRemove->pxPrevious;
    1646:	8b 81       	ldd	r24, Y+3	; 0x03
    1648:	9c 81       	ldd	r25, Y+4	; 0x04
    164a:	fc 01       	movw	r30, r24
    164c:	24 81       	ldd	r18, Z+4	; 0x04
    164e:	35 81       	ldd	r19, Z+5	; 0x05
    1650:	89 81       	ldd	r24, Y+1	; 0x01
    1652:	9a 81       	ldd	r25, Y+2	; 0x02
    1654:	fc 01       	movw	r30, r24
    1656:	21 83       	std	Z+1, r18	; 0x01
    1658:	32 83       	std	Z+2, r19	; 0x02
	else
	{
		mtCOVERAGE_TEST_MARKER();
	}

	pxItemToRemove->pxContainer = NULL;
    165a:	8b 81       	ldd	r24, Y+3	; 0x03
    165c:	9c 81       	ldd	r25, Y+4	; 0x04
    165e:	fc 01       	movw	r30, r24
    1660:	10 86       	std	Z+8, r1	; 0x08
    1662:	11 86       	std	Z+9, r1	; 0x09
	( pxList->uxNumberOfItems )--;
    1664:	89 81       	ldd	r24, Y+1	; 0x01
    1666:	9a 81       	ldd	r25, Y+2	; 0x02
    1668:	fc 01       	movw	r30, r24
    166a:	80 81       	ld	r24, Z
    166c:	2f ef       	ldi	r18, 0xFF	; 255
    166e:	28 0f       	add	r18, r24
    1670:	89 81       	ldd	r24, Y+1	; 0x01
    1672:	9a 81       	ldd	r25, Y+2	; 0x02
    1674:	fc 01       	movw	r30, r24
    1676:	20 83       	st	Z, r18

	return pxList->uxNumberOfItems;
    1678:	89 81       	ldd	r24, Y+1	; 0x01
    167a:	9a 81       	ldd	r25, Y+2	; 0x02
    167c:	fc 01       	movw	r30, r24
    167e:	80 81       	ld	r24, Z
}
    1680:	24 96       	adiw	r28, 0x04	; 4
    1682:	cd bf       	out	0x3d, r28	; 61
    1684:	de bf       	out	0x3e, r29	; 62
    1686:	df 91       	pop	r29
    1688:	cf 91       	pop	r28
    168a:	08 95       	ret

0000168c <pxPortInitialiseStack>:
void vPortYieldISR( void )
{
	TCC0.CCA=TCC0.CNT+100;
	if (TCC0.CCA>=TCC0.PER) TCC0.CCA-= TCC0.PER;
	asm volatile ( "ret" );
}
    168c:	cf 93       	push	r28
    168e:	df 93       	push	r29
    1690:	cd b7       	in	r28, 0x3d	; 61
    1692:	de b7       	in	r29, 0x3e	; 62
    1694:	28 97       	sbiw	r28, 0x08	; 8
    1696:	cd bf       	out	0x3d, r28	; 61
    1698:	de bf       	out	0x3e, r29	; 62
    169a:	8b 83       	std	Y+3, r24	; 0x03
    169c:	9c 83       	std	Y+4, r25	; 0x04
    169e:	6d 83       	std	Y+5, r22	; 0x05
    16a0:	7e 83       	std	Y+6, r23	; 0x06
    16a2:	4f 83       	std	Y+7, r20	; 0x07
    16a4:	58 87       	std	Y+8, r21	; 0x08
    16a6:	8b 81       	ldd	r24, Y+3	; 0x03
    16a8:	9c 81       	ldd	r25, Y+4	; 0x04
    16aa:	21 e1       	ldi	r18, 0x11	; 17
    16ac:	fc 01       	movw	r30, r24
    16ae:	20 83       	st	Z, r18
    16b0:	8b 81       	ldd	r24, Y+3	; 0x03
    16b2:	9c 81       	ldd	r25, Y+4	; 0x04
    16b4:	01 97       	sbiw	r24, 0x01	; 1
    16b6:	8b 83       	std	Y+3, r24	; 0x03
    16b8:	9c 83       	std	Y+4, r25	; 0x04
    16ba:	8b 81       	ldd	r24, Y+3	; 0x03
    16bc:	9c 81       	ldd	r25, Y+4	; 0x04
    16be:	22 e2       	ldi	r18, 0x22	; 34
    16c0:	fc 01       	movw	r30, r24
    16c2:	20 83       	st	Z, r18
    16c4:	8b 81       	ldd	r24, Y+3	; 0x03
    16c6:	9c 81       	ldd	r25, Y+4	; 0x04
    16c8:	01 97       	sbiw	r24, 0x01	; 1
    16ca:	8b 83       	std	Y+3, r24	; 0x03
    16cc:	9c 83       	std	Y+4, r25	; 0x04
    16ce:	8b 81       	ldd	r24, Y+3	; 0x03
    16d0:	9c 81       	ldd	r25, Y+4	; 0x04
    16d2:	23 e3       	ldi	r18, 0x33	; 51
    16d4:	fc 01       	movw	r30, r24
    16d6:	20 83       	st	Z, r18
    16d8:	8b 81       	ldd	r24, Y+3	; 0x03
    16da:	9c 81       	ldd	r25, Y+4	; 0x04
    16dc:	01 97       	sbiw	r24, 0x01	; 1
    16de:	8b 83       	std	Y+3, r24	; 0x03
    16e0:	9c 83       	std	Y+4, r25	; 0x04
    16e2:	8d 81       	ldd	r24, Y+5	; 0x05
    16e4:	9e 81       	ldd	r25, Y+6	; 0x06
    16e6:	89 83       	std	Y+1, r24	; 0x01
    16e8:	9a 83       	std	Y+2, r25	; 0x02
    16ea:	29 81       	ldd	r18, Y+1	; 0x01
    16ec:	8b 81       	ldd	r24, Y+3	; 0x03
    16ee:	9c 81       	ldd	r25, Y+4	; 0x04
    16f0:	fc 01       	movw	r30, r24
    16f2:	20 83       	st	Z, r18
    16f4:	8b 81       	ldd	r24, Y+3	; 0x03
    16f6:	9c 81       	ldd	r25, Y+4	; 0x04
    16f8:	01 97       	sbiw	r24, 0x01	; 1
    16fa:	8b 83       	std	Y+3, r24	; 0x03
    16fc:	9c 83       	std	Y+4, r25	; 0x04
    16fe:	89 81       	ldd	r24, Y+1	; 0x01
    1700:	9a 81       	ldd	r25, Y+2	; 0x02
    1702:	89 2f       	mov	r24, r25
    1704:	99 27       	eor	r25, r25
    1706:	89 83       	std	Y+1, r24	; 0x01
    1708:	9a 83       	std	Y+2, r25	; 0x02
    170a:	29 81       	ldd	r18, Y+1	; 0x01
    170c:	8b 81       	ldd	r24, Y+3	; 0x03
    170e:	9c 81       	ldd	r25, Y+4	; 0x04
    1710:	fc 01       	movw	r30, r24
    1712:	20 83       	st	Z, r18
    1714:	8b 81       	ldd	r24, Y+3	; 0x03
    1716:	9c 81       	ldd	r25, Y+4	; 0x04
    1718:	01 97       	sbiw	r24, 0x01	; 1
    171a:	8b 83       	std	Y+3, r24	; 0x03
    171c:	9c 83       	std	Y+4, r25	; 0x04
    171e:	89 81       	ldd	r24, Y+1	; 0x01
    1720:	9a 81       	ldd	r25, Y+2	; 0x02
    1722:	89 2f       	mov	r24, r25
    1724:	99 27       	eor	r25, r25
    1726:	89 83       	std	Y+1, r24	; 0x01
    1728:	9a 83       	std	Y+2, r25	; 0x02
    172a:	29 81       	ldd	r18, Y+1	; 0x01
    172c:	8b 81       	ldd	r24, Y+3	; 0x03
    172e:	9c 81       	ldd	r25, Y+4	; 0x04
    1730:	fc 01       	movw	r30, r24
    1732:	20 83       	st	Z, r18
    1734:	8b 81       	ldd	r24, Y+3	; 0x03
    1736:	9c 81       	ldd	r25, Y+4	; 0x04
    1738:	01 97       	sbiw	r24, 0x01	; 1
    173a:	8b 83       	std	Y+3, r24	; 0x03
    173c:	9c 83       	std	Y+4, r25	; 0x04
    173e:	8b 81       	ldd	r24, Y+3	; 0x03
    1740:	9c 81       	ldd	r25, Y+4	; 0x04
    1742:	fc 01       	movw	r30, r24
    1744:	10 82       	st	Z, r1
    1746:	8b 81       	ldd	r24, Y+3	; 0x03
    1748:	9c 81       	ldd	r25, Y+4	; 0x04
    174a:	01 97       	sbiw	r24, 0x01	; 1
    174c:	8b 83       	std	Y+3, r24	; 0x03
    174e:	9c 83       	std	Y+4, r25	; 0x04
    1750:	8b 81       	ldd	r24, Y+3	; 0x03
    1752:	9c 81       	ldd	r25, Y+4	; 0x04
    1754:	20 e8       	ldi	r18, 0x80	; 128
    1756:	fc 01       	movw	r30, r24
    1758:	20 83       	st	Z, r18
    175a:	8b 81       	ldd	r24, Y+3	; 0x03
    175c:	9c 81       	ldd	r25, Y+4	; 0x04
    175e:	01 97       	sbiw	r24, 0x01	; 1
    1760:	8b 83       	std	Y+3, r24	; 0x03
    1762:	9c 83       	std	Y+4, r25	; 0x04
    1764:	8b 81       	ldd	r24, Y+3	; 0x03
    1766:	9c 81       	ldd	r25, Y+4	; 0x04
    1768:	fc 01       	movw	r30, r24
    176a:	10 82       	st	Z, r1
    176c:	8b 81       	ldd	r24, Y+3	; 0x03
    176e:	9c 81       	ldd	r25, Y+4	; 0x04
    1770:	01 97       	sbiw	r24, 0x01	; 1
    1772:	8b 83       	std	Y+3, r24	; 0x03
    1774:	9c 83       	std	Y+4, r25	; 0x04
    1776:	8b 81       	ldd	r24, Y+3	; 0x03
    1778:	9c 81       	ldd	r25, Y+4	; 0x04
    177a:	22 e0       	ldi	r18, 0x02	; 2
    177c:	fc 01       	movw	r30, r24
    177e:	20 83       	st	Z, r18
    1780:	8b 81       	ldd	r24, Y+3	; 0x03
    1782:	9c 81       	ldd	r25, Y+4	; 0x04
    1784:	01 97       	sbiw	r24, 0x01	; 1
    1786:	8b 83       	std	Y+3, r24	; 0x03
    1788:	9c 83       	std	Y+4, r25	; 0x04
    178a:	8b 81       	ldd	r24, Y+3	; 0x03
    178c:	9c 81       	ldd	r25, Y+4	; 0x04
    178e:	23 e0       	ldi	r18, 0x03	; 3
    1790:	fc 01       	movw	r30, r24
    1792:	20 83       	st	Z, r18
    1794:	8b 81       	ldd	r24, Y+3	; 0x03
    1796:	9c 81       	ldd	r25, Y+4	; 0x04
    1798:	01 97       	sbiw	r24, 0x01	; 1
    179a:	8b 83       	std	Y+3, r24	; 0x03
    179c:	9c 83       	std	Y+4, r25	; 0x04
    179e:	8b 81       	ldd	r24, Y+3	; 0x03
    17a0:	9c 81       	ldd	r25, Y+4	; 0x04
    17a2:	24 e0       	ldi	r18, 0x04	; 4
    17a4:	fc 01       	movw	r30, r24
    17a6:	20 83       	st	Z, r18
    17a8:	8b 81       	ldd	r24, Y+3	; 0x03
    17aa:	9c 81       	ldd	r25, Y+4	; 0x04
    17ac:	01 97       	sbiw	r24, 0x01	; 1
    17ae:	8b 83       	std	Y+3, r24	; 0x03
    17b0:	9c 83       	std	Y+4, r25	; 0x04
    17b2:	8b 81       	ldd	r24, Y+3	; 0x03
    17b4:	9c 81       	ldd	r25, Y+4	; 0x04
    17b6:	25 e0       	ldi	r18, 0x05	; 5
    17b8:	fc 01       	movw	r30, r24
    17ba:	20 83       	st	Z, r18
    17bc:	8b 81       	ldd	r24, Y+3	; 0x03
    17be:	9c 81       	ldd	r25, Y+4	; 0x04
    17c0:	01 97       	sbiw	r24, 0x01	; 1
    17c2:	8b 83       	std	Y+3, r24	; 0x03
    17c4:	9c 83       	std	Y+4, r25	; 0x04
    17c6:	8b 81       	ldd	r24, Y+3	; 0x03
    17c8:	9c 81       	ldd	r25, Y+4	; 0x04
    17ca:	26 e0       	ldi	r18, 0x06	; 6
    17cc:	fc 01       	movw	r30, r24
    17ce:	20 83       	st	Z, r18
    17d0:	8b 81       	ldd	r24, Y+3	; 0x03
    17d2:	9c 81       	ldd	r25, Y+4	; 0x04
    17d4:	01 97       	sbiw	r24, 0x01	; 1
    17d6:	8b 83       	std	Y+3, r24	; 0x03
    17d8:	9c 83       	std	Y+4, r25	; 0x04
    17da:	8b 81       	ldd	r24, Y+3	; 0x03
    17dc:	9c 81       	ldd	r25, Y+4	; 0x04
    17de:	27 e0       	ldi	r18, 0x07	; 7
    17e0:	fc 01       	movw	r30, r24
    17e2:	20 83       	st	Z, r18
    17e4:	8b 81       	ldd	r24, Y+3	; 0x03
    17e6:	9c 81       	ldd	r25, Y+4	; 0x04
    17e8:	01 97       	sbiw	r24, 0x01	; 1
    17ea:	8b 83       	std	Y+3, r24	; 0x03
    17ec:	9c 83       	std	Y+4, r25	; 0x04
    17ee:	8b 81       	ldd	r24, Y+3	; 0x03
    17f0:	9c 81       	ldd	r25, Y+4	; 0x04
    17f2:	28 e0       	ldi	r18, 0x08	; 8
    17f4:	fc 01       	movw	r30, r24
    17f6:	20 83       	st	Z, r18
    17f8:	8b 81       	ldd	r24, Y+3	; 0x03
    17fa:	9c 81       	ldd	r25, Y+4	; 0x04
    17fc:	01 97       	sbiw	r24, 0x01	; 1
    17fe:	8b 83       	std	Y+3, r24	; 0x03
    1800:	9c 83       	std	Y+4, r25	; 0x04
    1802:	8b 81       	ldd	r24, Y+3	; 0x03
    1804:	9c 81       	ldd	r25, Y+4	; 0x04
    1806:	29 e0       	ldi	r18, 0x09	; 9
    1808:	fc 01       	movw	r30, r24
    180a:	20 83       	st	Z, r18
    180c:	8b 81       	ldd	r24, Y+3	; 0x03
    180e:	9c 81       	ldd	r25, Y+4	; 0x04
    1810:	01 97       	sbiw	r24, 0x01	; 1
    1812:	8b 83       	std	Y+3, r24	; 0x03
    1814:	9c 83       	std	Y+4, r25	; 0x04
    1816:	8b 81       	ldd	r24, Y+3	; 0x03
    1818:	9c 81       	ldd	r25, Y+4	; 0x04
    181a:	20 e1       	ldi	r18, 0x10	; 16
    181c:	fc 01       	movw	r30, r24
    181e:	20 83       	st	Z, r18
    1820:	8b 81       	ldd	r24, Y+3	; 0x03
    1822:	9c 81       	ldd	r25, Y+4	; 0x04
    1824:	01 97       	sbiw	r24, 0x01	; 1
    1826:	8b 83       	std	Y+3, r24	; 0x03
    1828:	9c 83       	std	Y+4, r25	; 0x04
    182a:	8b 81       	ldd	r24, Y+3	; 0x03
    182c:	9c 81       	ldd	r25, Y+4	; 0x04
    182e:	21 e1       	ldi	r18, 0x11	; 17
    1830:	fc 01       	movw	r30, r24
    1832:	20 83       	st	Z, r18
    1834:	8b 81       	ldd	r24, Y+3	; 0x03
    1836:	9c 81       	ldd	r25, Y+4	; 0x04
    1838:	01 97       	sbiw	r24, 0x01	; 1
    183a:	8b 83       	std	Y+3, r24	; 0x03
    183c:	9c 83       	std	Y+4, r25	; 0x04
    183e:	8b 81       	ldd	r24, Y+3	; 0x03
    1840:	9c 81       	ldd	r25, Y+4	; 0x04
    1842:	22 e1       	ldi	r18, 0x12	; 18
    1844:	fc 01       	movw	r30, r24
    1846:	20 83       	st	Z, r18
    1848:	8b 81       	ldd	r24, Y+3	; 0x03
    184a:	9c 81       	ldd	r25, Y+4	; 0x04
    184c:	01 97       	sbiw	r24, 0x01	; 1
    184e:	8b 83       	std	Y+3, r24	; 0x03
    1850:	9c 83       	std	Y+4, r25	; 0x04
    1852:	8b 81       	ldd	r24, Y+3	; 0x03
    1854:	9c 81       	ldd	r25, Y+4	; 0x04
    1856:	23 e1       	ldi	r18, 0x13	; 19
    1858:	fc 01       	movw	r30, r24
    185a:	20 83       	st	Z, r18
    185c:	8b 81       	ldd	r24, Y+3	; 0x03
    185e:	9c 81       	ldd	r25, Y+4	; 0x04
    1860:	01 97       	sbiw	r24, 0x01	; 1
    1862:	8b 83       	std	Y+3, r24	; 0x03
    1864:	9c 83       	std	Y+4, r25	; 0x04
    1866:	8b 81       	ldd	r24, Y+3	; 0x03
    1868:	9c 81       	ldd	r25, Y+4	; 0x04
    186a:	24 e1       	ldi	r18, 0x14	; 20
    186c:	fc 01       	movw	r30, r24
    186e:	20 83       	st	Z, r18
    1870:	8b 81       	ldd	r24, Y+3	; 0x03
    1872:	9c 81       	ldd	r25, Y+4	; 0x04
    1874:	01 97       	sbiw	r24, 0x01	; 1
    1876:	8b 83       	std	Y+3, r24	; 0x03
    1878:	9c 83       	std	Y+4, r25	; 0x04
    187a:	8b 81       	ldd	r24, Y+3	; 0x03
    187c:	9c 81       	ldd	r25, Y+4	; 0x04
    187e:	25 e1       	ldi	r18, 0x15	; 21
    1880:	fc 01       	movw	r30, r24
    1882:	20 83       	st	Z, r18
    1884:	8b 81       	ldd	r24, Y+3	; 0x03
    1886:	9c 81       	ldd	r25, Y+4	; 0x04
    1888:	01 97       	sbiw	r24, 0x01	; 1
    188a:	8b 83       	std	Y+3, r24	; 0x03
    188c:	9c 83       	std	Y+4, r25	; 0x04
    188e:	8b 81       	ldd	r24, Y+3	; 0x03
    1890:	9c 81       	ldd	r25, Y+4	; 0x04
    1892:	26 e1       	ldi	r18, 0x16	; 22
    1894:	fc 01       	movw	r30, r24
    1896:	20 83       	st	Z, r18
    1898:	8b 81       	ldd	r24, Y+3	; 0x03
    189a:	9c 81       	ldd	r25, Y+4	; 0x04
    189c:	01 97       	sbiw	r24, 0x01	; 1
    189e:	8b 83       	std	Y+3, r24	; 0x03
    18a0:	9c 83       	std	Y+4, r25	; 0x04
    18a2:	8b 81       	ldd	r24, Y+3	; 0x03
    18a4:	9c 81       	ldd	r25, Y+4	; 0x04
    18a6:	27 e1       	ldi	r18, 0x17	; 23
    18a8:	fc 01       	movw	r30, r24
    18aa:	20 83       	st	Z, r18
    18ac:	8b 81       	ldd	r24, Y+3	; 0x03
    18ae:	9c 81       	ldd	r25, Y+4	; 0x04
    18b0:	01 97       	sbiw	r24, 0x01	; 1
    18b2:	8b 83       	std	Y+3, r24	; 0x03
    18b4:	9c 83       	std	Y+4, r25	; 0x04
    18b6:	8b 81       	ldd	r24, Y+3	; 0x03
    18b8:	9c 81       	ldd	r25, Y+4	; 0x04
    18ba:	28 e1       	ldi	r18, 0x18	; 24
    18bc:	fc 01       	movw	r30, r24
    18be:	20 83       	st	Z, r18
    18c0:	8b 81       	ldd	r24, Y+3	; 0x03
    18c2:	9c 81       	ldd	r25, Y+4	; 0x04
    18c4:	01 97       	sbiw	r24, 0x01	; 1
    18c6:	8b 83       	std	Y+3, r24	; 0x03
    18c8:	9c 83       	std	Y+4, r25	; 0x04
    18ca:	8b 81       	ldd	r24, Y+3	; 0x03
    18cc:	9c 81       	ldd	r25, Y+4	; 0x04
    18ce:	29 e1       	ldi	r18, 0x19	; 25
    18d0:	fc 01       	movw	r30, r24
    18d2:	20 83       	st	Z, r18
    18d4:	8b 81       	ldd	r24, Y+3	; 0x03
    18d6:	9c 81       	ldd	r25, Y+4	; 0x04
    18d8:	01 97       	sbiw	r24, 0x01	; 1
    18da:	8b 83       	std	Y+3, r24	; 0x03
    18dc:	9c 83       	std	Y+4, r25	; 0x04
    18de:	8b 81       	ldd	r24, Y+3	; 0x03
    18e0:	9c 81       	ldd	r25, Y+4	; 0x04
    18e2:	20 e2       	ldi	r18, 0x20	; 32
    18e4:	fc 01       	movw	r30, r24
    18e6:	20 83       	st	Z, r18
    18e8:	8b 81       	ldd	r24, Y+3	; 0x03
    18ea:	9c 81       	ldd	r25, Y+4	; 0x04
    18ec:	01 97       	sbiw	r24, 0x01	; 1
    18ee:	8b 83       	std	Y+3, r24	; 0x03
    18f0:	9c 83       	std	Y+4, r25	; 0x04
    18f2:	8b 81       	ldd	r24, Y+3	; 0x03
    18f4:	9c 81       	ldd	r25, Y+4	; 0x04
    18f6:	21 e2       	ldi	r18, 0x21	; 33
    18f8:	fc 01       	movw	r30, r24
    18fa:	20 83       	st	Z, r18
    18fc:	8b 81       	ldd	r24, Y+3	; 0x03
    18fe:	9c 81       	ldd	r25, Y+4	; 0x04
    1900:	01 97       	sbiw	r24, 0x01	; 1
    1902:	8b 83       	std	Y+3, r24	; 0x03
    1904:	9c 83       	std	Y+4, r25	; 0x04
    1906:	8b 81       	ldd	r24, Y+3	; 0x03
    1908:	9c 81       	ldd	r25, Y+4	; 0x04
    190a:	22 e2       	ldi	r18, 0x22	; 34
    190c:	fc 01       	movw	r30, r24
    190e:	20 83       	st	Z, r18
    1910:	8b 81       	ldd	r24, Y+3	; 0x03
    1912:	9c 81       	ldd	r25, Y+4	; 0x04
    1914:	01 97       	sbiw	r24, 0x01	; 1
    1916:	8b 83       	std	Y+3, r24	; 0x03
    1918:	9c 83       	std	Y+4, r25	; 0x04
    191a:	8b 81       	ldd	r24, Y+3	; 0x03
    191c:	9c 81       	ldd	r25, Y+4	; 0x04
    191e:	23 e2       	ldi	r18, 0x23	; 35
    1920:	fc 01       	movw	r30, r24
    1922:	20 83       	st	Z, r18
    1924:	8b 81       	ldd	r24, Y+3	; 0x03
    1926:	9c 81       	ldd	r25, Y+4	; 0x04
    1928:	01 97       	sbiw	r24, 0x01	; 1
    192a:	8b 83       	std	Y+3, r24	; 0x03
    192c:	9c 83       	std	Y+4, r25	; 0x04
    192e:	8f 81       	ldd	r24, Y+7	; 0x07
    1930:	98 85       	ldd	r25, Y+8	; 0x08
    1932:	89 83       	std	Y+1, r24	; 0x01
    1934:	9a 83       	std	Y+2, r25	; 0x02
    1936:	29 81       	ldd	r18, Y+1	; 0x01
    1938:	8b 81       	ldd	r24, Y+3	; 0x03
    193a:	9c 81       	ldd	r25, Y+4	; 0x04
    193c:	fc 01       	movw	r30, r24
    193e:	20 83       	st	Z, r18
    1940:	8b 81       	ldd	r24, Y+3	; 0x03
    1942:	9c 81       	ldd	r25, Y+4	; 0x04
    1944:	01 97       	sbiw	r24, 0x01	; 1
    1946:	8b 83       	std	Y+3, r24	; 0x03
    1948:	9c 83       	std	Y+4, r25	; 0x04
    194a:	89 81       	ldd	r24, Y+1	; 0x01
    194c:	9a 81       	ldd	r25, Y+2	; 0x02
    194e:	89 2f       	mov	r24, r25
    1950:	99 27       	eor	r25, r25
    1952:	89 83       	std	Y+1, r24	; 0x01
    1954:	9a 83       	std	Y+2, r25	; 0x02
    1956:	29 81       	ldd	r18, Y+1	; 0x01
    1958:	8b 81       	ldd	r24, Y+3	; 0x03
    195a:	9c 81       	ldd	r25, Y+4	; 0x04
    195c:	fc 01       	movw	r30, r24
    195e:	20 83       	st	Z, r18
    1960:	8b 81       	ldd	r24, Y+3	; 0x03
    1962:	9c 81       	ldd	r25, Y+4	; 0x04
    1964:	01 97       	sbiw	r24, 0x01	; 1
    1966:	8b 83       	std	Y+3, r24	; 0x03
    1968:	9c 83       	std	Y+4, r25	; 0x04
    196a:	8b 81       	ldd	r24, Y+3	; 0x03
    196c:	9c 81       	ldd	r25, Y+4	; 0x04
    196e:	26 e2       	ldi	r18, 0x26	; 38
    1970:	fc 01       	movw	r30, r24
    1972:	20 83       	st	Z, r18
    1974:	8b 81       	ldd	r24, Y+3	; 0x03
    1976:	9c 81       	ldd	r25, Y+4	; 0x04
    1978:	01 97       	sbiw	r24, 0x01	; 1
    197a:	8b 83       	std	Y+3, r24	; 0x03
    197c:	9c 83       	std	Y+4, r25	; 0x04
    197e:	8b 81       	ldd	r24, Y+3	; 0x03
    1980:	9c 81       	ldd	r25, Y+4	; 0x04
    1982:	27 e2       	ldi	r18, 0x27	; 39
    1984:	fc 01       	movw	r30, r24
    1986:	20 83       	st	Z, r18
    1988:	8b 81       	ldd	r24, Y+3	; 0x03
    198a:	9c 81       	ldd	r25, Y+4	; 0x04
    198c:	01 97       	sbiw	r24, 0x01	; 1
    198e:	8b 83       	std	Y+3, r24	; 0x03
    1990:	9c 83       	std	Y+4, r25	; 0x04
    1992:	8b 81       	ldd	r24, Y+3	; 0x03
    1994:	9c 81       	ldd	r25, Y+4	; 0x04
    1996:	28 e2       	ldi	r18, 0x28	; 40
    1998:	fc 01       	movw	r30, r24
    199a:	20 83       	st	Z, r18
    199c:	8b 81       	ldd	r24, Y+3	; 0x03
    199e:	9c 81       	ldd	r25, Y+4	; 0x04
    19a0:	01 97       	sbiw	r24, 0x01	; 1
    19a2:	8b 83       	std	Y+3, r24	; 0x03
    19a4:	9c 83       	std	Y+4, r25	; 0x04
    19a6:	8b 81       	ldd	r24, Y+3	; 0x03
    19a8:	9c 81       	ldd	r25, Y+4	; 0x04
    19aa:	29 e2       	ldi	r18, 0x29	; 41
    19ac:	fc 01       	movw	r30, r24
    19ae:	20 83       	st	Z, r18
    19b0:	8b 81       	ldd	r24, Y+3	; 0x03
    19b2:	9c 81       	ldd	r25, Y+4	; 0x04
    19b4:	01 97       	sbiw	r24, 0x01	; 1
    19b6:	8b 83       	std	Y+3, r24	; 0x03
    19b8:	9c 83       	std	Y+4, r25	; 0x04
    19ba:	8b 81       	ldd	r24, Y+3	; 0x03
    19bc:	9c 81       	ldd	r25, Y+4	; 0x04
    19be:	20 e3       	ldi	r18, 0x30	; 48
    19c0:	fc 01       	movw	r30, r24
    19c2:	20 83       	st	Z, r18
    19c4:	8b 81       	ldd	r24, Y+3	; 0x03
    19c6:	9c 81       	ldd	r25, Y+4	; 0x04
    19c8:	01 97       	sbiw	r24, 0x01	; 1
    19ca:	8b 83       	std	Y+3, r24	; 0x03
    19cc:	9c 83       	std	Y+4, r25	; 0x04
    19ce:	8b 81       	ldd	r24, Y+3	; 0x03
    19d0:	9c 81       	ldd	r25, Y+4	; 0x04
    19d2:	21 e3       	ldi	r18, 0x31	; 49
    19d4:	fc 01       	movw	r30, r24
    19d6:	20 83       	st	Z, r18
    19d8:	8b 81       	ldd	r24, Y+3	; 0x03
    19da:	9c 81       	ldd	r25, Y+4	; 0x04
    19dc:	01 97       	sbiw	r24, 0x01	; 1
    19de:	8b 83       	std	Y+3, r24	; 0x03
    19e0:	9c 83       	std	Y+4, r25	; 0x04
    19e2:	8b 81       	ldd	r24, Y+3	; 0x03
    19e4:	9c 81       	ldd	r25, Y+4	; 0x04
    19e6:	28 96       	adiw	r28, 0x08	; 8
    19e8:	cd bf       	out	0x3d, r28	; 61
    19ea:	de bf       	out	0x3e, r29	; 62
    19ec:	df 91       	pop	r29
    19ee:	cf 91       	pop	r28
    19f0:	08 95       	ret

000019f2 <xPortStartScheduler>:
    19f2:	cf 93       	push	r28
    19f4:	df 93       	push	r29
    19f6:	cd b7       	in	r28, 0x3d	; 61
    19f8:	de b7       	in	r29, 0x3e	; 62
    19fa:	0e 94 88 0d 	call	0x1b10	; 0x1b10 <prvSetupTimerInterrupt>
    19fe:	a0 91 cf 20 	lds	r26, 0x20CF	; 0x8020cf <pxCurrentTCB>
    1a02:	b0 91 d0 20 	lds	r27, 0x20D0	; 0x8020d0 <pxCurrentTCB+0x1>
    1a06:	cd 91       	ld	r28, X+
    1a08:	cd bf       	out	0x3d, r28	; 61
    1a0a:	dd 91       	ld	r29, X+
    1a0c:	de bf       	out	0x3e, r29	; 62
    1a0e:	ff 91       	pop	r31
    1a10:	ef 91       	pop	r30
    1a12:	df 91       	pop	r29
    1a14:	cf 91       	pop	r28
    1a16:	bf 91       	pop	r27
    1a18:	af 91       	pop	r26
    1a1a:	9f 91       	pop	r25
    1a1c:	8f 91       	pop	r24
    1a1e:	7f 91       	pop	r23
    1a20:	6f 91       	pop	r22
    1a22:	5f 91       	pop	r21
    1a24:	4f 91       	pop	r20
    1a26:	3f 91       	pop	r19
    1a28:	2f 91       	pop	r18
    1a2a:	1f 91       	pop	r17
    1a2c:	0f 91       	pop	r16
    1a2e:	ff 90       	pop	r15
    1a30:	ef 90       	pop	r14
    1a32:	df 90       	pop	r13
    1a34:	cf 90       	pop	r12
    1a36:	bf 90       	pop	r11
    1a38:	af 90       	pop	r10
    1a3a:	9f 90       	pop	r9
    1a3c:	8f 90       	pop	r8
    1a3e:	7f 90       	pop	r7
    1a40:	6f 90       	pop	r6
    1a42:	5f 90       	pop	r5
    1a44:	4f 90       	pop	r4
    1a46:	3f 90       	pop	r3
    1a48:	2f 90       	pop	r2
    1a4a:	1f 90       	pop	r1
    1a4c:	0f 90       	pop	r0
    1a4e:	0f be       	out	0x3f, r0	; 63
    1a50:	0f 90       	pop	r0
    1a52:	08 95       	ret
    1a54:	81 e0       	ldi	r24, 0x01	; 1
    1a56:	df 91       	pop	r29
    1a58:	cf 91       	pop	r28
    1a5a:	08 95       	ret

00001a5c <vPortYield>:
    1a5c:	0f 92       	push	r0
    1a5e:	0f b6       	in	r0, 0x3f	; 63
    1a60:	f8 94       	cli
    1a62:	0f 92       	push	r0
    1a64:	1f 92       	push	r1
    1a66:	11 24       	eor	r1, r1
    1a68:	2f 92       	push	r2
    1a6a:	3f 92       	push	r3
    1a6c:	4f 92       	push	r4
    1a6e:	5f 92       	push	r5
    1a70:	6f 92       	push	r6
    1a72:	7f 92       	push	r7
    1a74:	8f 92       	push	r8
    1a76:	9f 92       	push	r9
    1a78:	af 92       	push	r10
    1a7a:	bf 92       	push	r11
    1a7c:	cf 92       	push	r12
    1a7e:	df 92       	push	r13
    1a80:	ef 92       	push	r14
    1a82:	ff 92       	push	r15
    1a84:	0f 93       	push	r16
    1a86:	1f 93       	push	r17
    1a88:	2f 93       	push	r18
    1a8a:	3f 93       	push	r19
    1a8c:	4f 93       	push	r20
    1a8e:	5f 93       	push	r21
    1a90:	6f 93       	push	r22
    1a92:	7f 93       	push	r23
    1a94:	8f 93       	push	r24
    1a96:	9f 93       	push	r25
    1a98:	af 93       	push	r26
    1a9a:	bf 93       	push	r27
    1a9c:	cf 93       	push	r28
    1a9e:	df 93       	push	r29
    1aa0:	ef 93       	push	r30
    1aa2:	ff 93       	push	r31
    1aa4:	a0 91 cf 20 	lds	r26, 0x20CF	; 0x8020cf <pxCurrentTCB>
    1aa8:	b0 91 d0 20 	lds	r27, 0x20D0	; 0x8020d0 <pxCurrentTCB+0x1>
    1aac:	0d b6       	in	r0, 0x3d	; 61
    1aae:	0d 92       	st	X+, r0
    1ab0:	0e b6       	in	r0, 0x3e	; 62
    1ab2:	0d 92       	st	X+, r0
    1ab4:	0e 94 59 12 	call	0x24b2	; 0x24b2 <vTaskSwitchContext>
    1ab8:	a0 91 cf 20 	lds	r26, 0x20CF	; 0x8020cf <pxCurrentTCB>
    1abc:	b0 91 d0 20 	lds	r27, 0x20D0	; 0x8020d0 <pxCurrentTCB+0x1>
    1ac0:	cd 91       	ld	r28, X+
    1ac2:	cd bf       	out	0x3d, r28	; 61
    1ac4:	dd 91       	ld	r29, X+
    1ac6:	de bf       	out	0x3e, r29	; 62
    1ac8:	ff 91       	pop	r31
    1aca:	ef 91       	pop	r30
    1acc:	df 91       	pop	r29
    1ace:	cf 91       	pop	r28
    1ad0:	bf 91       	pop	r27
    1ad2:	af 91       	pop	r26
    1ad4:	9f 91       	pop	r25
    1ad6:	8f 91       	pop	r24
    1ad8:	7f 91       	pop	r23
    1ada:	6f 91       	pop	r22
    1adc:	5f 91       	pop	r21
    1ade:	4f 91       	pop	r20
    1ae0:	3f 91       	pop	r19
    1ae2:	2f 91       	pop	r18
    1ae4:	1f 91       	pop	r17
    1ae6:	0f 91       	pop	r16
    1ae8:	ff 90       	pop	r15
    1aea:	ef 90       	pop	r14
    1aec:	df 90       	pop	r13
    1aee:	cf 90       	pop	r12
    1af0:	bf 90       	pop	r11
    1af2:	af 90       	pop	r10
    1af4:	9f 90       	pop	r9
    1af6:	8f 90       	pop	r8
    1af8:	7f 90       	pop	r7
    1afa:	6f 90       	pop	r6
    1afc:	5f 90       	pop	r5
    1afe:	4f 90       	pop	r4
    1b00:	3f 90       	pop	r3
    1b02:	2f 90       	pop	r2
    1b04:	1f 90       	pop	r1
    1b06:	0f 90       	pop	r0
    1b08:	0f be       	out	0x3f, r0	; 63
    1b0a:	0f 90       	pop	r0
    1b0c:	08 95       	ret
	...

00001b10 <prvSetupTimerInterrupt>:
/*
 * Setup timer to generate a tick timer interrupt
 */

static void prvSetupTimerInterrupt( void )
{
    1b10:	cf 93       	push	r28
    1b12:	df 93       	push	r29
    1b14:	cd b7       	in	r28, 0x3d	; 61
    1b16:	de b7       	in	r29, 0x3e	; 62
	//TCC0 is used as tick timer
	TCC0.CCA=65535;
    1b18:	80 e0       	ldi	r24, 0x00	; 0
    1b1a:	98 e0       	ldi	r25, 0x08	; 8
    1b1c:	2f ef       	ldi	r18, 0xFF	; 255
    1b1e:	3f ef       	ldi	r19, 0xFF	; 255
    1b20:	fc 01       	movw	r30, r24
    1b22:	20 a7       	std	Z+40, r18	; 0x28
    1b24:	31 a7       	std	Z+41, r19	; 0x29
	TCC0.CTRLA=0b00000001; //DIV1
    1b26:	80 e0       	ldi	r24, 0x00	; 0
    1b28:	98 e0       	ldi	r25, 0x08	; 8
    1b2a:	21 e0       	ldi	r18, 0x01	; 1
    1b2c:	fc 01       	movw	r30, r24
    1b2e:	20 83       	st	Z, r18
	TCC0.CTRLB=1<<6;
    1b30:	80 e0       	ldi	r24, 0x00	; 0
    1b32:	98 e0       	ldi	r25, 0x08	; 8
    1b34:	20 e4       	ldi	r18, 0x40	; 64
    1b36:	fc 01       	movw	r30, r24
    1b38:	21 83       	std	Z+1, r18	; 0x01
	TCC0.INTCTRLA=0b00000001; //OVF priority LOW
    1b3a:	80 e0       	ldi	r24, 0x00	; 0
    1b3c:	98 e0       	ldi	r25, 0x08	; 8
    1b3e:	21 e0       	ldi	r18, 0x01	; 1
    1b40:	fc 01       	movw	r30, r24
    1b42:	26 83       	std	Z+6, r18	; 0x06
	TCC0.INTCTRLB=0b00000001; //CCA priority LOW
    1b44:	80 e0       	ldi	r24, 0x00	; 0
    1b46:	98 e0       	ldi	r25, 0x08	; 8
    1b48:	21 e0       	ldi	r18, 0x01	; 1
    1b4a:	fc 01       	movw	r30, r24
    1b4c:	27 83       	std	Z+7, r18	; 0x07
	TCC0.PER=configCPU_CLOCK_HZ / configTICK_RATE_HZ;
    1b4e:	80 e0       	ldi	r24, 0x00	; 0
    1b50:	98 e0       	ldi	r25, 0x08	; 8
    1b52:	20 e0       	ldi	r18, 0x00	; 0
    1b54:	3d e7       	ldi	r19, 0x7D	; 125
    1b56:	fc 01       	movw	r30, r24
    1b58:	26 a3       	std	Z+38, r18	; 0x26
    1b5a:	37 a3       	std	Z+39, r19	; 0x27
	//TCC0.PER=configCPU_CLOCK_HZ / 1000;

}
    1b5c:	00 00       	nop
    1b5e:	df 91       	pop	r29
    1b60:	cf 91       	pop	r28
    1b62:	08 95       	ret

00001b64 <__vector_14>:
	 * the context is saved at the start of the ISR.  The tick
	 * count is incremented after the context is saved.
	 */	
	ISR(TCC0_OVF_vect,ISR_NAKED)
	{
		portSAVE_CONTEXT();
    1b64:	0f 92       	push	r0
    1b66:	0f b6       	in	r0, 0x3f	; 63
    1b68:	f8 94       	cli
    1b6a:	0f 92       	push	r0
    1b6c:	1f 92       	push	r1
    1b6e:	11 24       	eor	r1, r1
    1b70:	2f 92       	push	r2
    1b72:	3f 92       	push	r3
    1b74:	4f 92       	push	r4
    1b76:	5f 92       	push	r5
    1b78:	6f 92       	push	r6
    1b7a:	7f 92       	push	r7
    1b7c:	8f 92       	push	r8
    1b7e:	9f 92       	push	r9
    1b80:	af 92       	push	r10
    1b82:	bf 92       	push	r11
    1b84:	cf 92       	push	r12
    1b86:	df 92       	push	r13
    1b88:	ef 92       	push	r14
    1b8a:	ff 92       	push	r15
    1b8c:	0f 93       	push	r16
    1b8e:	1f 93       	push	r17
    1b90:	2f 93       	push	r18
    1b92:	3f 93       	push	r19
    1b94:	4f 93       	push	r20
    1b96:	5f 93       	push	r21
    1b98:	6f 93       	push	r22
    1b9a:	7f 93       	push	r23
    1b9c:	8f 93       	push	r24
    1b9e:	9f 93       	push	r25
    1ba0:	af 93       	push	r26
    1ba2:	bf 93       	push	r27
    1ba4:	cf 93       	push	r28
    1ba6:	df 93       	push	r29
    1ba8:	ef 93       	push	r30
    1baa:	ff 93       	push	r31
    1bac:	a0 91 cf 20 	lds	r26, 0x20CF	; 0x8020cf <pxCurrentTCB>
    1bb0:	b0 91 d0 20 	lds	r27, 0x20D0	; 0x8020d0 <pxCurrentTCB+0x1>
    1bb4:	0d b6       	in	r0, 0x3d	; 61
    1bb6:	0d 92       	st	X+, r0
    1bb8:	0e b6       	in	r0, 0x3e	; 62
    1bba:	0d 92       	st	X+, r0
		StatsTimer+=TCC0.PER;
    1bbc:	80 e0       	ldi	r24, 0x00	; 0
    1bbe:	98 e0       	ldi	r25, 0x08	; 8
    1bc0:	fc 01       	movw	r30, r24
    1bc2:	86 a1       	ldd	r24, Z+38	; 0x26
    1bc4:	97 a1       	ldd	r25, Z+39	; 0x27
    1bc6:	9c 01       	movw	r18, r24
    1bc8:	40 e0       	ldi	r20, 0x00	; 0
    1bca:	50 e0       	ldi	r21, 0x00	; 0
    1bcc:	80 91 73 21 	lds	r24, 0x2173	; 0x802173 <StatsTimer>
    1bd0:	90 91 74 21 	lds	r25, 0x2174	; 0x802174 <StatsTimer+0x1>
    1bd4:	a0 91 75 21 	lds	r26, 0x2175	; 0x802175 <StatsTimer+0x2>
    1bd8:	b0 91 76 21 	lds	r27, 0x2176	; 0x802176 <StatsTimer+0x3>
    1bdc:	82 0f       	add	r24, r18
    1bde:	93 1f       	adc	r25, r19
    1be0:	a4 1f       	adc	r26, r20
    1be2:	b5 1f       	adc	r27, r21
    1be4:	80 93 73 21 	sts	0x2173, r24	; 0x802173 <StatsTimer>
    1be8:	90 93 74 21 	sts	0x2174, r25	; 0x802174 <StatsTimer+0x1>
    1bec:	a0 93 75 21 	sts	0x2175, r26	; 0x802175 <StatsTimer+0x2>
    1bf0:	b0 93 76 21 	sts	0x2176, r27	; 0x802176 <StatsTimer+0x3>
		xTaskIncrementTick();
    1bf4:	0e 94 64 11 	call	0x22c8	; 0x22c8 <xTaskIncrementTick>
		vTaskSwitchContext();
    1bf8:	0e 94 59 12 	call	0x24b2	; 0x24b2 <vTaskSwitchContext>
		portRESTORE_CONTEXT();
    1bfc:	a0 91 cf 20 	lds	r26, 0x20CF	; 0x8020cf <pxCurrentTCB>
    1c00:	b0 91 d0 20 	lds	r27, 0x20D0	; 0x8020d0 <pxCurrentTCB+0x1>
    1c04:	cd 91       	ld	r28, X+
    1c06:	cd bf       	out	0x3d, r28	; 61
    1c08:	dd 91       	ld	r29, X+
    1c0a:	de bf       	out	0x3e, r29	; 62
    1c0c:	ff 91       	pop	r31
    1c0e:	ef 91       	pop	r30
    1c10:	df 91       	pop	r29
    1c12:	cf 91       	pop	r28
    1c14:	bf 91       	pop	r27
    1c16:	af 91       	pop	r26
    1c18:	9f 91       	pop	r25
    1c1a:	8f 91       	pop	r24
    1c1c:	7f 91       	pop	r23
    1c1e:	6f 91       	pop	r22
    1c20:	5f 91       	pop	r21
    1c22:	4f 91       	pop	r20
    1c24:	3f 91       	pop	r19
    1c26:	2f 91       	pop	r18
    1c28:	1f 91       	pop	r17
    1c2a:	0f 91       	pop	r16
    1c2c:	ff 90       	pop	r15
    1c2e:	ef 90       	pop	r14
    1c30:	df 90       	pop	r13
    1c32:	cf 90       	pop	r12
    1c34:	bf 90       	pop	r11
    1c36:	af 90       	pop	r10
    1c38:	9f 90       	pop	r9
    1c3a:	8f 90       	pop	r8
    1c3c:	7f 90       	pop	r7
    1c3e:	6f 90       	pop	r6
    1c40:	5f 90       	pop	r5
    1c42:	4f 90       	pop	r4
    1c44:	3f 90       	pop	r3
    1c46:	2f 90       	pop	r2
    1c48:	1f 90       	pop	r1
    1c4a:	0f 90       	pop	r0
    1c4c:	0f be       	out	0x3f, r0	; 63
    1c4e:	0f 90       	pop	r0

		asm volatile ( "reti" );
    1c50:	18 95       	reti
	...

00001c54 <vConfigureTimerForRunTimeStats>:
 */

volatile uint32_t StatsTimer;

void vConfigureTimerForRunTimeStats(void)
{
    1c54:	cf 93       	push	r28
    1c56:	df 93       	push	r29
    1c58:	cd b7       	in	r28, 0x3d	; 61
    1c5a:	de b7       	in	r29, 0x3e	; 62
	//TCC1 is used as stats timer
	//TCC1.CTRLA=0b0111; //DIV1024	
	//TCC1.INTCTRLA=0b00000001; //OVF priority LOW
}
    1c5c:	00 00       	nop
    1c5e:	df 91       	pop	r29
    1c60:	cf 91       	pop	r28
    1c62:	08 95       	ret

00001c64 <__vector_16>:

ISR(TCC0_CCA_vect,ISR_NAKED)
	{
	portSAVE_CONTEXT();
    1c64:	0f 92       	push	r0
    1c66:	0f b6       	in	r0, 0x3f	; 63
    1c68:	f8 94       	cli
    1c6a:	0f 92       	push	r0
    1c6c:	1f 92       	push	r1
    1c6e:	11 24       	eor	r1, r1
    1c70:	2f 92       	push	r2
    1c72:	3f 92       	push	r3
    1c74:	4f 92       	push	r4
    1c76:	5f 92       	push	r5
    1c78:	6f 92       	push	r6
    1c7a:	7f 92       	push	r7
    1c7c:	8f 92       	push	r8
    1c7e:	9f 92       	push	r9
    1c80:	af 92       	push	r10
    1c82:	bf 92       	push	r11
    1c84:	cf 92       	push	r12
    1c86:	df 92       	push	r13
    1c88:	ef 92       	push	r14
    1c8a:	ff 92       	push	r15
    1c8c:	0f 93       	push	r16
    1c8e:	1f 93       	push	r17
    1c90:	2f 93       	push	r18
    1c92:	3f 93       	push	r19
    1c94:	4f 93       	push	r20
    1c96:	5f 93       	push	r21
    1c98:	6f 93       	push	r22
    1c9a:	7f 93       	push	r23
    1c9c:	8f 93       	push	r24
    1c9e:	9f 93       	push	r25
    1ca0:	af 93       	push	r26
    1ca2:	bf 93       	push	r27
    1ca4:	cf 93       	push	r28
    1ca6:	df 93       	push	r29
    1ca8:	ef 93       	push	r30
    1caa:	ff 93       	push	r31
    1cac:	a0 91 cf 20 	lds	r26, 0x20CF	; 0x8020cf <pxCurrentTCB>
    1cb0:	b0 91 d0 20 	lds	r27, 0x20D0	; 0x8020d0 <pxCurrentTCB+0x1>
    1cb4:	0d b6       	in	r0, 0x3d	; 61
    1cb6:	0d 92       	st	X+, r0
    1cb8:	0e b6       	in	r0, 0x3e	; 62
    1cba:	0d 92       	st	X+, r0
	TCC0.CCA=65535;
    1cbc:	80 e0       	ldi	r24, 0x00	; 0
    1cbe:	98 e0       	ldi	r25, 0x08	; 8
    1cc0:	2f ef       	ldi	r18, 0xFF	; 255
    1cc2:	3f ef       	ldi	r19, 0xFF	; 255
    1cc4:	fc 01       	movw	r30, r24
    1cc6:	20 a7       	std	Z+40, r18	; 0x28
    1cc8:	31 a7       	std	Z+41, r19	; 0x29
	vTaskSwitchContext();
    1cca:	0e 94 59 12 	call	0x24b2	; 0x24b2 <vTaskSwitchContext>
	portRESTORE_CONTEXT();
    1cce:	a0 91 cf 20 	lds	r26, 0x20CF	; 0x8020cf <pxCurrentTCB>
    1cd2:	b0 91 d0 20 	lds	r27, 0x20D0	; 0x8020d0 <pxCurrentTCB+0x1>
    1cd6:	cd 91       	ld	r28, X+
    1cd8:	cd bf       	out	0x3d, r28	; 61
    1cda:	dd 91       	ld	r29, X+
    1cdc:	de bf       	out	0x3e, r29	; 62
    1cde:	ff 91       	pop	r31
    1ce0:	ef 91       	pop	r30
    1ce2:	df 91       	pop	r29
    1ce4:	cf 91       	pop	r28
    1ce6:	bf 91       	pop	r27
    1ce8:	af 91       	pop	r26
    1cea:	9f 91       	pop	r25
    1cec:	8f 91       	pop	r24
    1cee:	7f 91       	pop	r23
    1cf0:	6f 91       	pop	r22
    1cf2:	5f 91       	pop	r21
    1cf4:	4f 91       	pop	r20
    1cf6:	3f 91       	pop	r19
    1cf8:	2f 91       	pop	r18
    1cfa:	1f 91       	pop	r17
    1cfc:	0f 91       	pop	r16
    1cfe:	ff 90       	pop	r15
    1d00:	ef 90       	pop	r14
    1d02:	df 90       	pop	r13
    1d04:	cf 90       	pop	r12
    1d06:	bf 90       	pop	r11
    1d08:	af 90       	pop	r10
    1d0a:	9f 90       	pop	r9
    1d0c:	8f 90       	pop	r8
    1d0e:	7f 90       	pop	r7
    1d10:	6f 90       	pop	r6
    1d12:	5f 90       	pop	r5
    1d14:	4f 90       	pop	r4
    1d16:	3f 90       	pop	r3
    1d18:	2f 90       	pop	r2
    1d1a:	1f 90       	pop	r1
    1d1c:	0f 90       	pop	r0
    1d1e:	0f be       	out	0x3f, r0	; 63
    1d20:	0f 90       	pop	r0
	asm volatile ( "reti" );
    1d22:	18 95       	reti
	...

00001d26 <xTaskCreate>:
		}

		ulCount /= ( uint32_t ) sizeof( StackType_t ); /*lint !e961 Casting is not redundant on smaller architectures. */

		return ( configSTACK_DEPTH_TYPE ) ulCount;
	}
    1d26:	8f 92       	push	r8
    1d28:	9f 92       	push	r9
    1d2a:	af 92       	push	r10
    1d2c:	bf 92       	push	r11
    1d2e:	cf 92       	push	r12
    1d30:	df 92       	push	r13
    1d32:	ef 92       	push	r14
    1d34:	ff 92       	push	r15
    1d36:	0f 93       	push	r16
    1d38:	1f 93       	push	r17
    1d3a:	cf 93       	push	r28
    1d3c:	df 93       	push	r29
    1d3e:	cd b7       	in	r28, 0x3d	; 61
    1d40:	de b7       	in	r29, 0x3e	; 62
    1d42:	60 97       	sbiw	r28, 0x10	; 16
    1d44:	cd bf       	out	0x3d, r28	; 61
    1d46:	de bf       	out	0x3e, r29	; 62
    1d48:	8e 83       	std	Y+6, r24	; 0x06
    1d4a:	9f 83       	std	Y+7, r25	; 0x07
    1d4c:	68 87       	std	Y+8, r22	; 0x08
    1d4e:	79 87       	std	Y+9, r23	; 0x09
    1d50:	4a 87       	std	Y+10, r20	; 0x0a
    1d52:	5b 87       	std	Y+11, r21	; 0x0b
    1d54:	2c 87       	std	Y+12, r18	; 0x0c
    1d56:	3d 87       	std	Y+13, r19	; 0x0d
    1d58:	0e 87       	std	Y+14, r16	; 0x0e
    1d5a:	ef 86       	std	Y+15, r14	; 0x0f
    1d5c:	f8 8a       	std	Y+16, r15	; 0x10
    1d5e:	8a 85       	ldd	r24, Y+10	; 0x0a
    1d60:	9b 85       	ldd	r25, Y+11	; 0x0b
    1d62:	0e 94 c6 08 	call	0x118c	; 0x118c <pvPortMalloc>
    1d66:	8c 83       	std	Y+4, r24	; 0x04
    1d68:	9d 83       	std	Y+5, r25	; 0x05
    1d6a:	8c 81       	ldd	r24, Y+4	; 0x04
    1d6c:	9d 81       	ldd	r25, Y+5	; 0x05
    1d6e:	89 2b       	or	r24, r25
    1d70:	b9 f0       	breq	.+46     	; 0x1da0 <xTaskCreate+0x7a>
    1d72:	80 e3       	ldi	r24, 0x30	; 48
    1d74:	90 e0       	ldi	r25, 0x00	; 0
    1d76:	0e 94 c6 08 	call	0x118c	; 0x118c <pvPortMalloc>
    1d7a:	89 83       	std	Y+1, r24	; 0x01
    1d7c:	9a 83       	std	Y+2, r25	; 0x02
    1d7e:	89 81       	ldd	r24, Y+1	; 0x01
    1d80:	9a 81       	ldd	r25, Y+2	; 0x02
    1d82:	89 2b       	or	r24, r25
    1d84:	41 f0       	breq	.+16     	; 0x1d96 <xTaskCreate+0x70>
    1d86:	89 81       	ldd	r24, Y+1	; 0x01
    1d88:	9a 81       	ldd	r25, Y+2	; 0x02
    1d8a:	2c 81       	ldd	r18, Y+4	; 0x04
    1d8c:	3d 81       	ldd	r19, Y+5	; 0x05
    1d8e:	fc 01       	movw	r30, r24
    1d90:	27 8b       	std	Z+23, r18	; 0x17
    1d92:	30 8f       	std	Z+24, r19	; 0x18
    1d94:	07 c0       	rjmp	.+14     	; 0x1da4 <xTaskCreate+0x7e>
    1d96:	8c 81       	ldd	r24, Y+4	; 0x04
    1d98:	9d 81       	ldd	r25, Y+5	; 0x05
    1d9a:	0e 94 b5 09 	call	0x136a	; 0x136a <vPortFree>
    1d9e:	02 c0       	rjmp	.+4      	; 0x1da4 <xTaskCreate+0x7e>
    1da0:	19 82       	std	Y+1, r1	; 0x01
    1da2:	1a 82       	std	Y+2, r1	; 0x02
    1da4:	89 81       	ldd	r24, Y+1	; 0x01
    1da6:	9a 81       	ldd	r25, Y+2	; 0x02
    1da8:	89 2b       	or	r24, r25
    1daa:	09 f1       	breq	.+66     	; 0x1dee <xTaskCreate+0xc8>
    1dac:	8a 85       	ldd	r24, Y+10	; 0x0a
    1dae:	9b 85       	ldd	r25, Y+11	; 0x0b
    1db0:	cc 01       	movw	r24, r24
    1db2:	a0 e0       	ldi	r26, 0x00	; 0
    1db4:	b0 e0       	ldi	r27, 0x00	; 0
    1db6:	09 81       	ldd	r16, Y+1	; 0x01
    1db8:	1a 81       	ldd	r17, Y+2	; 0x02
    1dba:	4f 85       	ldd	r20, Y+15	; 0x0f
    1dbc:	58 89       	ldd	r21, Y+16	; 0x10
    1dbe:	2c 85       	ldd	r18, Y+12	; 0x0c
    1dc0:	3d 85       	ldd	r19, Y+13	; 0x0d
    1dc2:	68 85       	ldd	r22, Y+8	; 0x08
    1dc4:	79 85       	ldd	r23, Y+9	; 0x09
    1dc6:	ee 81       	ldd	r30, Y+6	; 0x06
    1dc8:	ff 81       	ldd	r31, Y+7	; 0x07
    1dca:	81 2c       	mov	r8, r1
    1dcc:	91 2c       	mov	r9, r1
    1dce:	58 01       	movw	r10, r16
    1dd0:	6a 01       	movw	r12, r20
    1dd2:	ee 84       	ldd	r14, Y+14	; 0x0e
    1dd4:	89 01       	movw	r16, r18
    1dd6:	9c 01       	movw	r18, r24
    1dd8:	ad 01       	movw	r20, r26
    1dda:	cf 01       	movw	r24, r30
    1ddc:	0e 94 0a 0f 	call	0x1e14	; 0x1e14 <prvInitialiseNewTask>
    1de0:	89 81       	ldd	r24, Y+1	; 0x01
    1de2:	9a 81       	ldd	r25, Y+2	; 0x02
    1de4:	0e 94 f1 0f 	call	0x1fe2	; 0x1fe2 <prvAddNewTaskToReadyList>
    1de8:	81 e0       	ldi	r24, 0x01	; 1
    1dea:	8b 83       	std	Y+3, r24	; 0x03
    1dec:	02 c0       	rjmp	.+4      	; 0x1df2 <xTaskCreate+0xcc>
    1dee:	8f ef       	ldi	r24, 0xFF	; 255
    1df0:	8b 83       	std	Y+3, r24	; 0x03
    1df2:	8b 81       	ldd	r24, Y+3	; 0x03
    1df4:	60 96       	adiw	r28, 0x10	; 16
    1df6:	cd bf       	out	0x3d, r28	; 61
    1df8:	de bf       	out	0x3e, r29	; 62
    1dfa:	df 91       	pop	r29
    1dfc:	cf 91       	pop	r28
    1dfe:	1f 91       	pop	r17
    1e00:	0f 91       	pop	r16
    1e02:	ff 90       	pop	r15
    1e04:	ef 90       	pop	r14
    1e06:	df 90       	pop	r13
    1e08:	cf 90       	pop	r12
    1e0a:	bf 90       	pop	r11
    1e0c:	af 90       	pop	r10
    1e0e:	9f 90       	pop	r9
    1e10:	8f 90       	pop	r8
    1e12:	08 95       	ret

00001e14 <prvInitialiseNewTask>:
    1e14:	8f 92       	push	r8
    1e16:	9f 92       	push	r9
    1e18:	af 92       	push	r10
    1e1a:	bf 92       	push	r11
    1e1c:	cf 92       	push	r12
    1e1e:	df 92       	push	r13
    1e20:	ef 92       	push	r14
    1e22:	0f 93       	push	r16
    1e24:	1f 93       	push	r17
    1e26:	cf 93       	push	r28
    1e28:	df 93       	push	r29
    1e2a:	cd b7       	in	r28, 0x3d	; 61
    1e2c:	de b7       	in	r29, 0x3e	; 62
    1e2e:	64 97       	sbiw	r28, 0x14	; 20
    1e30:	cd bf       	out	0x3d, r28	; 61
    1e32:	de bf       	out	0x3e, r29	; 62
    1e34:	8c 83       	std	Y+4, r24	; 0x04
    1e36:	9d 83       	std	Y+5, r25	; 0x05
    1e38:	6e 83       	std	Y+6, r22	; 0x06
    1e3a:	7f 83       	std	Y+7, r23	; 0x07
    1e3c:	28 87       	std	Y+8, r18	; 0x08
    1e3e:	39 87       	std	Y+9, r19	; 0x09
    1e40:	4a 87       	std	Y+10, r20	; 0x0a
    1e42:	5b 87       	std	Y+11, r21	; 0x0b
    1e44:	0c 87       	std	Y+12, r16	; 0x0c
    1e46:	1d 87       	std	Y+13, r17	; 0x0d
    1e48:	ee 86       	std	Y+14, r14	; 0x0e
    1e4a:	cf 86       	std	Y+15, r12	; 0x0f
    1e4c:	d8 8a       	std	Y+16, r13	; 0x10
    1e4e:	a9 8a       	std	Y+17, r10	; 0x11
    1e50:	ba 8a       	std	Y+18, r11	; 0x12
    1e52:	8b 8a       	std	Y+19, r8	; 0x13
    1e54:	9c 8a       	std	Y+20, r9	; 0x14
    1e56:	8e 81       	ldd	r24, Y+6	; 0x06
    1e58:	9f 81       	ldd	r25, Y+7	; 0x07
    1e5a:	89 2b       	or	r24, r25
    1e5c:	31 f4       	brne	.+12     	; 0x1e6a <prvInitialiseNewTask+0x56>
    1e5e:	60 e6       	ldi	r22, 0x60	; 96
    1e60:	73 e0       	ldi	r23, 0x03	; 3
    1e62:	86 e1       	ldi	r24, 0x16	; 22
    1e64:	90 e2       	ldi	r25, 0x20	; 32
    1e66:	0e 94 99 16 	call	0x2d32	; 0x2d32 <vAssertCalled>
    1e6a:	28 85       	ldd	r18, Y+8	; 0x08
    1e6c:	39 85       	ldd	r19, Y+9	; 0x09
    1e6e:	89 89       	ldd	r24, Y+17	; 0x11
    1e70:	9a 89       	ldd	r25, Y+18	; 0x12
    1e72:	fc 01       	movw	r30, r24
    1e74:	87 89       	ldd	r24, Z+23	; 0x17
    1e76:	90 8d       	ldd	r25, Z+24	; 0x18
    1e78:	a9 01       	movw	r20, r18
    1e7a:	65 ea       	ldi	r22, 0xA5	; 165
    1e7c:	70 e0       	ldi	r23, 0x00	; 0
    1e7e:	0e 94 ef 21 	call	0x43de	; 0x43de <memset>
    1e82:	89 89       	ldd	r24, Y+17	; 0x11
    1e84:	9a 89       	ldd	r25, Y+18	; 0x12
    1e86:	fc 01       	movw	r30, r24
    1e88:	27 89       	ldd	r18, Z+23	; 0x17
    1e8a:	30 8d       	ldd	r19, Z+24	; 0x18
    1e8c:	88 85       	ldd	r24, Y+8	; 0x08
    1e8e:	99 85       	ldd	r25, Y+9	; 0x09
    1e90:	01 97       	sbiw	r24, 0x01	; 1
    1e92:	82 0f       	add	r24, r18
    1e94:	93 1f       	adc	r25, r19
    1e96:	8a 83       	std	Y+2, r24	; 0x02
    1e98:	9b 83       	std	Y+3, r25	; 0x03
    1e9a:	19 82       	std	Y+1, r1	; 0x01
    1e9c:	21 c0       	rjmp	.+66     	; 0x1ee0 <prvInitialiseNewTask+0xcc>
    1e9e:	89 81       	ldd	r24, Y+1	; 0x01
    1ea0:	88 2f       	mov	r24, r24
    1ea2:	90 e0       	ldi	r25, 0x00	; 0
    1ea4:	29 81       	ldd	r18, Y+1	; 0x01
    1ea6:	22 2f       	mov	r18, r18
    1ea8:	30 e0       	ldi	r19, 0x00	; 0
    1eaa:	4e 81       	ldd	r20, Y+6	; 0x06
    1eac:	5f 81       	ldd	r21, Y+7	; 0x07
    1eae:	24 0f       	add	r18, r20
    1eb0:	35 1f       	adc	r19, r21
    1eb2:	f9 01       	movw	r30, r18
    1eb4:	40 81       	ld	r20, Z
    1eb6:	29 89       	ldd	r18, Y+17	; 0x11
    1eb8:	3a 89       	ldd	r19, Y+18	; 0x12
    1eba:	82 0f       	add	r24, r18
    1ebc:	93 1f       	adc	r25, r19
    1ebe:	49 96       	adiw	r24, 0x19	; 25
    1ec0:	fc 01       	movw	r30, r24
    1ec2:	40 83       	st	Z, r20
    1ec4:	89 81       	ldd	r24, Y+1	; 0x01
    1ec6:	88 2f       	mov	r24, r24
    1ec8:	90 e0       	ldi	r25, 0x00	; 0
    1eca:	2e 81       	ldd	r18, Y+6	; 0x06
    1ecc:	3f 81       	ldd	r19, Y+7	; 0x07
    1ece:	82 0f       	add	r24, r18
    1ed0:	93 1f       	adc	r25, r19
    1ed2:	fc 01       	movw	r30, r24
    1ed4:	80 81       	ld	r24, Z
    1ed6:	88 23       	and	r24, r24
    1ed8:	39 f0       	breq	.+14     	; 0x1ee8 <prvInitialiseNewTask+0xd4>
    1eda:	89 81       	ldd	r24, Y+1	; 0x01
    1edc:	8f 5f       	subi	r24, 0xFF	; 255
    1ede:	89 83       	std	Y+1, r24	; 0x01
    1ee0:	89 81       	ldd	r24, Y+1	; 0x01
    1ee2:	88 30       	cpi	r24, 0x08	; 8
    1ee4:	e0 f2       	brcs	.-72     	; 0x1e9e <prvInitialiseNewTask+0x8a>
    1ee6:	01 c0       	rjmp	.+2      	; 0x1eea <prvInitialiseNewTask+0xd6>
    1ee8:	00 00       	nop
    1eea:	89 89       	ldd	r24, Y+17	; 0x11
    1eec:	9a 89       	ldd	r25, Y+18	; 0x12
    1eee:	fc 01       	movw	r30, r24
    1ef0:	10 a2       	std	Z+32, r1	; 0x20
    1ef2:	8e 85       	ldd	r24, Y+14	; 0x0e
    1ef4:	8a 30       	cpi	r24, 0x0A	; 10
    1ef6:	10 f0       	brcs	.+4      	; 0x1efc <prvInitialiseNewTask+0xe8>
    1ef8:	89 e0       	ldi	r24, 0x09	; 9
    1efa:	8e 87       	std	Y+14, r24	; 0x0e
    1efc:	89 89       	ldd	r24, Y+17	; 0x11
    1efe:	9a 89       	ldd	r25, Y+18	; 0x12
    1f00:	2e 85       	ldd	r18, Y+14	; 0x0e
    1f02:	fc 01       	movw	r30, r24
    1f04:	26 8b       	std	Z+22, r18	; 0x16
    1f06:	89 89       	ldd	r24, Y+17	; 0x11
    1f08:	9a 89       	ldd	r25, Y+18	; 0x12
    1f0a:	2e 85       	ldd	r18, Y+14	; 0x0e
    1f0c:	fc 01       	movw	r30, r24
    1f0e:	23 a3       	std	Z+35, r18	; 0x23
    1f10:	89 89       	ldd	r24, Y+17	; 0x11
    1f12:	9a 89       	ldd	r25, Y+18	; 0x12
    1f14:	fc 01       	movw	r30, r24
    1f16:	14 a2       	std	Z+36, r1	; 0x24
    1f18:	89 89       	ldd	r24, Y+17	; 0x11
    1f1a:	9a 89       	ldd	r25, Y+18	; 0x12
    1f1c:	02 96       	adiw	r24, 0x02	; 2
    1f1e:	0e 94 92 0a 	call	0x1524	; 0x1524 <vListInitialiseItem>
    1f22:	89 89       	ldd	r24, Y+17	; 0x11
    1f24:	9a 89       	ldd	r25, Y+18	; 0x12
    1f26:	0c 96       	adiw	r24, 0x0c	; 12
    1f28:	0e 94 92 0a 	call	0x1524	; 0x1524 <vListInitialiseItem>
    1f2c:	89 89       	ldd	r24, Y+17	; 0x11
    1f2e:	9a 89       	ldd	r25, Y+18	; 0x12
    1f30:	29 89       	ldd	r18, Y+17	; 0x11
    1f32:	3a 89       	ldd	r19, Y+18	; 0x12
    1f34:	fc 01       	movw	r30, r24
    1f36:	20 87       	std	Z+8, r18	; 0x08
    1f38:	31 87       	std	Z+9, r19	; 0x09
    1f3a:	8e 85       	ldd	r24, Y+14	; 0x0e
    1f3c:	88 2f       	mov	r24, r24
    1f3e:	90 e0       	ldi	r25, 0x00	; 0
    1f40:	2a e0       	ldi	r18, 0x0A	; 10
    1f42:	30 e0       	ldi	r19, 0x00	; 0
    1f44:	28 1b       	sub	r18, r24
    1f46:	39 0b       	sbc	r19, r25
    1f48:	89 89       	ldd	r24, Y+17	; 0x11
    1f4a:	9a 89       	ldd	r25, Y+18	; 0x12
    1f4c:	fc 01       	movw	r30, r24
    1f4e:	24 87       	std	Z+12, r18	; 0x0c
    1f50:	35 87       	std	Z+13, r19	; 0x0d
    1f52:	89 89       	ldd	r24, Y+17	; 0x11
    1f54:	9a 89       	ldd	r25, Y+18	; 0x12
    1f56:	29 89       	ldd	r18, Y+17	; 0x11
    1f58:	3a 89       	ldd	r19, Y+18	; 0x12
    1f5a:	fc 01       	movw	r30, r24
    1f5c:	22 8b       	std	Z+18, r18	; 0x12
    1f5e:	33 8b       	std	Z+19, r19	; 0x13
    1f60:	89 89       	ldd	r24, Y+17	; 0x11
    1f62:	9a 89       	ldd	r25, Y+18	; 0x12
    1f64:	fc 01       	movw	r30, r24
    1f66:	15 a2       	std	Z+37, r1	; 0x25
    1f68:	16 a2       	std	Z+38, r1	; 0x26
    1f6a:	89 89       	ldd	r24, Y+17	; 0x11
    1f6c:	9a 89       	ldd	r25, Y+18	; 0x12
    1f6e:	fc 01       	movw	r30, r24
    1f70:	17 a2       	std	Z+39, r1	; 0x27
    1f72:	10 a6       	std	Z+40, r1	; 0x28
    1f74:	11 a6       	std	Z+41, r1	; 0x29
    1f76:	12 a6       	std	Z+42, r1	; 0x2a
    1f78:	89 89       	ldd	r24, Y+17	; 0x11
    1f7a:	9a 89       	ldd	r25, Y+18	; 0x12
    1f7c:	fc 01       	movw	r30, r24
    1f7e:	13 a6       	std	Z+43, r1	; 0x2b
    1f80:	14 a6       	std	Z+44, r1	; 0x2c
    1f82:	15 a6       	std	Z+45, r1	; 0x2d
    1f84:	16 a6       	std	Z+46, r1	; 0x2e
    1f86:	89 89       	ldd	r24, Y+17	; 0x11
    1f88:	9a 89       	ldd	r25, Y+18	; 0x12
    1f8a:	fc 01       	movw	r30, r24
    1f8c:	17 a6       	std	Z+47, r1	; 0x2f
    1f8e:	4c 85       	ldd	r20, Y+12	; 0x0c
    1f90:	5d 85       	ldd	r21, Y+13	; 0x0d
    1f92:	2c 81       	ldd	r18, Y+4	; 0x04
    1f94:	3d 81       	ldd	r19, Y+5	; 0x05
    1f96:	8a 81       	ldd	r24, Y+2	; 0x02
    1f98:	9b 81       	ldd	r25, Y+3	; 0x03
    1f9a:	b9 01       	movw	r22, r18
    1f9c:	0e 94 46 0b 	call	0x168c	; 0x168c <pxPortInitialiseStack>
    1fa0:	9c 01       	movw	r18, r24
    1fa2:	89 89       	ldd	r24, Y+17	; 0x11
    1fa4:	9a 89       	ldd	r25, Y+18	; 0x12
    1fa6:	fc 01       	movw	r30, r24
    1fa8:	20 83       	st	Z, r18
    1faa:	31 83       	std	Z+1, r19	; 0x01
    1fac:	8f 85       	ldd	r24, Y+15	; 0x0f
    1fae:	98 89       	ldd	r25, Y+16	; 0x10
    1fb0:	89 2b       	or	r24, r25
    1fb2:	39 f0       	breq	.+14     	; 0x1fc2 <prvInitialiseNewTask+0x1ae>
    1fb4:	8f 85       	ldd	r24, Y+15	; 0x0f
    1fb6:	98 89       	ldd	r25, Y+16	; 0x10
    1fb8:	29 89       	ldd	r18, Y+17	; 0x11
    1fba:	3a 89       	ldd	r19, Y+18	; 0x12
    1fbc:	fc 01       	movw	r30, r24
    1fbe:	20 83       	st	Z, r18
    1fc0:	31 83       	std	Z+1, r19	; 0x01
    1fc2:	00 00       	nop
    1fc4:	64 96       	adiw	r28, 0x14	; 20
    1fc6:	cd bf       	out	0x3d, r28	; 61
    1fc8:	de bf       	out	0x3e, r29	; 62
    1fca:	df 91       	pop	r29
    1fcc:	cf 91       	pop	r28
    1fce:	1f 91       	pop	r17
    1fd0:	0f 91       	pop	r16
    1fd2:	ef 90       	pop	r14
    1fd4:	df 90       	pop	r13
    1fd6:	cf 90       	pop	r12
    1fd8:	bf 90       	pop	r11
    1fda:	af 90       	pop	r10
    1fdc:	9f 90       	pop	r9
    1fde:	8f 90       	pop	r8
    1fe0:	08 95       	ret

00001fe2 <prvAddNewTaskToReadyList>:
    1fe2:	cf 93       	push	r28
    1fe4:	df 93       	push	r29
    1fe6:	1f 92       	push	r1
    1fe8:	1f 92       	push	r1
    1fea:	cd b7       	in	r28, 0x3d	; 61
    1fec:	de b7       	in	r29, 0x3e	; 62
    1fee:	89 83       	std	Y+1, r24	; 0x01
    1ff0:	9a 83       	std	Y+2, r25	; 0x02
    1ff2:	0f b6       	in	r0, 0x3f	; 63
    1ff4:	f8 94       	cli
    1ff6:	0f 92       	push	r0
    1ff8:	80 91 5d 21 	lds	r24, 0x215D	; 0x80215d <uxCurrentNumberOfTasks>
    1ffc:	8f 5f       	subi	r24, 0xFF	; 255
    1ffe:	80 93 5d 21 	sts	0x215D, r24	; 0x80215d <uxCurrentNumberOfTasks>
    2002:	80 91 cf 20 	lds	r24, 0x20CF	; 0x8020cf <pxCurrentTCB>
    2006:	90 91 d0 20 	lds	r25, 0x20D0	; 0x8020d0 <pxCurrentTCB+0x1>
    200a:	89 2b       	or	r24, r25
    200c:	69 f4       	brne	.+26     	; 0x2028 <prvAddNewTaskToReadyList+0x46>
    200e:	89 81       	ldd	r24, Y+1	; 0x01
    2010:	9a 81       	ldd	r25, Y+2	; 0x02
    2012:	80 93 cf 20 	sts	0x20CF, r24	; 0x8020cf <pxCurrentTCB>
    2016:	90 93 d0 20 	sts	0x20D0, r25	; 0x8020d0 <pxCurrentTCB+0x1>
    201a:	80 91 5d 21 	lds	r24, 0x215D	; 0x80215d <uxCurrentNumberOfTasks>
    201e:	81 30       	cpi	r24, 0x01	; 1
    2020:	c9 f4       	brne	.+50     	; 0x2054 <prvAddNewTaskToReadyList+0x72>
    2022:	0e 94 c6 13 	call	0x278c	; 0x278c <prvInitialiseTaskLists>
    2026:	16 c0       	rjmp	.+44     	; 0x2054 <prvAddNewTaskToReadyList+0x72>
    2028:	80 91 61 21 	lds	r24, 0x2161	; 0x802161 <xSchedulerRunning>
    202c:	88 23       	and	r24, r24
    202e:	91 f4       	brne	.+36     	; 0x2054 <prvAddNewTaskToReadyList+0x72>
    2030:	80 91 cf 20 	lds	r24, 0x20CF	; 0x8020cf <pxCurrentTCB>
    2034:	90 91 d0 20 	lds	r25, 0x20D0	; 0x8020d0 <pxCurrentTCB+0x1>
    2038:	fc 01       	movw	r30, r24
    203a:	26 89       	ldd	r18, Z+22	; 0x16
    203c:	89 81       	ldd	r24, Y+1	; 0x01
    203e:	9a 81       	ldd	r25, Y+2	; 0x02
    2040:	fc 01       	movw	r30, r24
    2042:	86 89       	ldd	r24, Z+22	; 0x16
    2044:	82 17       	cp	r24, r18
    2046:	30 f0       	brcs	.+12     	; 0x2054 <prvAddNewTaskToReadyList+0x72>
    2048:	89 81       	ldd	r24, Y+1	; 0x01
    204a:	9a 81       	ldd	r25, Y+2	; 0x02
    204c:	80 93 cf 20 	sts	0x20CF, r24	; 0x8020cf <pxCurrentTCB>
    2050:	90 93 d0 20 	sts	0x20D0, r25	; 0x8020d0 <pxCurrentTCB+0x1>
    2054:	80 91 65 21 	lds	r24, 0x2165	; 0x802165 <uxTaskNumber>
    2058:	8f 5f       	subi	r24, 0xFF	; 255
    205a:	80 93 65 21 	sts	0x2165, r24	; 0x802165 <uxTaskNumber>
    205e:	20 91 65 21 	lds	r18, 0x2165	; 0x802165 <uxTaskNumber>
    2062:	89 81       	ldd	r24, Y+1	; 0x01
    2064:	9a 81       	ldd	r25, Y+2	; 0x02
    2066:	fc 01       	movw	r30, r24
    2068:	21 a3       	std	Z+33, r18	; 0x21
    206a:	89 81       	ldd	r24, Y+1	; 0x01
    206c:	9a 81       	ldd	r25, Y+2	; 0x02
    206e:	fc 01       	movw	r30, r24
    2070:	96 89       	ldd	r25, Z+22	; 0x16
    2072:	80 91 60 21 	lds	r24, 0x2160	; 0x802160 <uxTopReadyPriority>
    2076:	89 17       	cp	r24, r25
    2078:	30 f4       	brcc	.+12     	; 0x2086 <prvAddNewTaskToReadyList+0xa4>
    207a:	89 81       	ldd	r24, Y+1	; 0x01
    207c:	9a 81       	ldd	r25, Y+2	; 0x02
    207e:	fc 01       	movw	r30, r24
    2080:	86 89       	ldd	r24, Z+22	; 0x16
    2082:	80 93 60 21 	sts	0x2160, r24	; 0x802160 <uxTopReadyPriority>
    2086:	89 81       	ldd	r24, Y+1	; 0x01
    2088:	9a 81       	ldd	r25, Y+2	; 0x02
    208a:	ac 01       	movw	r20, r24
    208c:	4e 5f       	subi	r20, 0xFE	; 254
    208e:	5f 4f       	sbci	r21, 0xFF	; 255
    2090:	89 81       	ldd	r24, Y+1	; 0x01
    2092:	9a 81       	ldd	r25, Y+2	; 0x02
    2094:	fc 01       	movw	r30, r24
    2096:	86 89       	ldd	r24, Z+22	; 0x16
    2098:	28 2f       	mov	r18, r24
    209a:	30 e0       	ldi	r19, 0x00	; 0
    209c:	c9 01       	movw	r24, r18
    209e:	88 0f       	add	r24, r24
    20a0:	99 1f       	adc	r25, r25
    20a2:	88 0f       	add	r24, r24
    20a4:	99 1f       	adc	r25, r25
    20a6:	88 0f       	add	r24, r24
    20a8:	99 1f       	adc	r25, r25
    20aa:	82 0f       	add	r24, r18
    20ac:	93 1f       	adc	r25, r19
    20ae:	8f 52       	subi	r24, 0x2F	; 47
    20b0:	9f 4d       	sbci	r25, 0xDF	; 223
    20b2:	ba 01       	movw	r22, r20
    20b4:	0e 94 a5 0a 	call	0x154a	; 0x154a <vListInsertEnd>
    20b8:	0f 90       	pop	r0
    20ba:	0f be       	out	0x3f, r0	; 63
    20bc:	80 91 61 21 	lds	r24, 0x2161	; 0x802161 <xSchedulerRunning>
    20c0:	88 23       	and	r24, r24
    20c2:	71 f0       	breq	.+28     	; 0x20e0 <prvAddNewTaskToReadyList+0xfe>
    20c4:	80 91 cf 20 	lds	r24, 0x20CF	; 0x8020cf <pxCurrentTCB>
    20c8:	90 91 d0 20 	lds	r25, 0x20D0	; 0x8020d0 <pxCurrentTCB+0x1>
    20cc:	fc 01       	movw	r30, r24
    20ce:	26 89       	ldd	r18, Z+22	; 0x16
    20d0:	89 81       	ldd	r24, Y+1	; 0x01
    20d2:	9a 81       	ldd	r25, Y+2	; 0x02
    20d4:	fc 01       	movw	r30, r24
    20d6:	86 89       	ldd	r24, Z+22	; 0x16
    20d8:	28 17       	cp	r18, r24
    20da:	10 f4       	brcc	.+4      	; 0x20e0 <prvAddNewTaskToReadyList+0xfe>
    20dc:	0e 94 2e 0d 	call	0x1a5c	; 0x1a5c <vPortYield>
    20e0:	00 00       	nop
    20e2:	0f 90       	pop	r0
    20e4:	0f 90       	pop	r0
    20e6:	df 91       	pop	r29
    20e8:	cf 91       	pop	r28
    20ea:	08 95       	ret

000020ec <vTaskStartScheduler>:
    20ec:	ef 92       	push	r14
    20ee:	ff 92       	push	r15
    20f0:	0f 93       	push	r16
    20f2:	cf 93       	push	r28
    20f4:	df 93       	push	r29
    20f6:	1f 92       	push	r1
    20f8:	cd b7       	in	r28, 0x3d	; 61
    20fa:	de b7       	in	r29, 0x3e	; 62
    20fc:	0f 2e       	mov	r0, r31
    20fe:	f8 e6       	ldi	r31, 0x68	; 104
    2100:	ef 2e       	mov	r14, r31
    2102:	f1 e2       	ldi	r31, 0x21	; 33
    2104:	ff 2e       	mov	r15, r31
    2106:	f0 2d       	mov	r31, r0
    2108:	00 e0       	ldi	r16, 0x00	; 0
    210a:	20 e0       	ldi	r18, 0x00	; 0
    210c:	30 e0       	ldi	r19, 0x00	; 0
    210e:	40 e0       	ldi	r20, 0x00	; 0
    2110:	51 e0       	ldi	r21, 0x01	; 1
    2112:	6a e2       	ldi	r22, 0x2A	; 42
    2114:	70 e2       	ldi	r23, 0x20	; 32
    2116:	83 eb       	ldi	r24, 0xB3	; 179
    2118:	93 e1       	ldi	r25, 0x13	; 19
    211a:	0e 94 93 0e 	call	0x1d26	; 0x1d26 <xTaskCreate>
    211e:	89 83       	std	Y+1, r24	; 0x01
    2120:	89 81       	ldd	r24, Y+1	; 0x01
    2122:	81 30       	cpi	r24, 0x01	; 1
    2124:	99 f4       	brne	.+38     	; 0x214c <vTaskStartScheduler+0x60>
    2126:	f8 94       	cli
    2128:	8f ef       	ldi	r24, 0xFF	; 255
    212a:	9f ef       	ldi	r25, 0xFF	; 255
    212c:	80 93 66 21 	sts	0x2166, r24	; 0x802166 <xNextTaskUnblockTime>
    2130:	90 93 67 21 	sts	0x2167, r25	; 0x802167 <xNextTaskUnblockTime+0x1>
    2134:	81 e0       	ldi	r24, 0x01	; 1
    2136:	80 93 61 21 	sts	0x2161, r24	; 0x802161 <xSchedulerRunning>
    213a:	10 92 5e 21 	sts	0x215E, r1	; 0x80215e <xTickCount>
    213e:	10 92 5f 21 	sts	0x215F, r1	; 0x80215f <xTickCount+0x1>
    2142:	0e 94 2a 0e 	call	0x1c54	; 0x1c54 <vConfigureTimerForRunTimeStats>
    2146:	0e 94 f9 0c 	call	0x19f2	; 0x19f2 <xPortStartScheduler>
    214a:	09 c0       	rjmp	.+18     	; 0x215e <vTaskStartScheduler+0x72>
    214c:	89 81       	ldd	r24, Y+1	; 0x01
    214e:	8f 3f       	cpi	r24, 0xFF	; 255
    2150:	31 f4       	brne	.+12     	; 0x215e <vTaskStartScheduler+0x72>
    2152:	67 e0       	ldi	r22, 0x07	; 7
    2154:	78 e0       	ldi	r23, 0x08	; 8
    2156:	86 e1       	ldi	r24, 0x16	; 22
    2158:	90 e2       	ldi	r25, 0x20	; 32
    215a:	0e 94 99 16 	call	0x2d32	; 0x2d32 <vAssertCalled>
    215e:	00 00       	nop
    2160:	0f 90       	pop	r0
    2162:	df 91       	pop	r29
    2164:	cf 91       	pop	r28
    2166:	0f 91       	pop	r16
    2168:	ff 90       	pop	r15
    216a:	ef 90       	pop	r14
    216c:	08 95       	ret

0000216e <vTaskSuspendAll>:
    216e:	cf 93       	push	r28
    2170:	df 93       	push	r29
    2172:	cd b7       	in	r28, 0x3d	; 61
    2174:	de b7       	in	r29, 0x3e	; 62
    2176:	80 91 6a 21 	lds	r24, 0x216A	; 0x80216a <uxSchedulerSuspended>
    217a:	8f 5f       	subi	r24, 0xFF	; 255
    217c:	80 93 6a 21 	sts	0x216A, r24	; 0x80216a <uxSchedulerSuspended>
    2180:	00 00       	nop
    2182:	df 91       	pop	r29
    2184:	cf 91       	pop	r28
    2186:	08 95       	ret

00002188 <xTaskResumeAll>:
    2188:	cf 93       	push	r28
    218a:	df 93       	push	r29
    218c:	00 d0       	rcall	.+0      	; 0x218e <xTaskResumeAll+0x6>
    218e:	1f 92       	push	r1
    2190:	cd b7       	in	r28, 0x3d	; 61
    2192:	de b7       	in	r29, 0x3e	; 62
    2194:	19 82       	std	Y+1, r1	; 0x01
    2196:	1a 82       	std	Y+2, r1	; 0x02
    2198:	1b 82       	std	Y+3, r1	; 0x03
    219a:	80 91 6a 21 	lds	r24, 0x216A	; 0x80216a <uxSchedulerSuspended>
    219e:	88 23       	and	r24, r24
    21a0:	31 f4       	brne	.+12     	; 0x21ae <xTaskResumeAll+0x26>
    21a2:	6c e6       	ldi	r22, 0x6C	; 108
    21a4:	78 e0       	ldi	r23, 0x08	; 8
    21a6:	86 e1       	ldi	r24, 0x16	; 22
    21a8:	90 e2       	ldi	r25, 0x20	; 32
    21aa:	0e 94 99 16 	call	0x2d32	; 0x2d32 <vAssertCalled>
    21ae:	0f b6       	in	r0, 0x3f	; 63
    21b0:	f8 94       	cli
    21b2:	0f 92       	push	r0
    21b4:	80 91 6a 21 	lds	r24, 0x216A	; 0x80216a <uxSchedulerSuspended>
    21b8:	81 50       	subi	r24, 0x01	; 1
    21ba:	80 93 6a 21 	sts	0x216A, r24	; 0x80216a <uxSchedulerSuspended>
    21be:	80 91 6a 21 	lds	r24, 0x216A	; 0x80216a <uxSchedulerSuspended>
    21c2:	88 23       	and	r24, r24
    21c4:	09 f0       	breq	.+2      	; 0x21c8 <xTaskResumeAll+0x40>
    21c6:	77 c0       	rjmp	.+238    	; 0x22b6 <xTaskResumeAll+0x12e>
    21c8:	80 91 5d 21 	lds	r24, 0x215D	; 0x80215d <uxCurrentNumberOfTasks>
    21cc:	88 23       	and	r24, r24
    21ce:	09 f4       	brne	.+2      	; 0x21d2 <xTaskResumeAll+0x4a>
    21d0:	72 c0       	rjmp	.+228    	; 0x22b6 <xTaskResumeAll+0x12e>
    21d2:	49 c0       	rjmp	.+146    	; 0x2266 <xTaskResumeAll+0xde>
    21d4:	80 91 46 21 	lds	r24, 0x2146	; 0x802146 <xPendingReadyList+0x5>
    21d8:	90 91 47 21 	lds	r25, 0x2147	; 0x802147 <xPendingReadyList+0x6>
    21dc:	fc 01       	movw	r30, r24
    21de:	86 81       	ldd	r24, Z+6	; 0x06
    21e0:	97 81       	ldd	r25, Z+7	; 0x07
    21e2:	89 83       	std	Y+1, r24	; 0x01
    21e4:	9a 83       	std	Y+2, r25	; 0x02
    21e6:	89 81       	ldd	r24, Y+1	; 0x01
    21e8:	9a 81       	ldd	r25, Y+2	; 0x02
    21ea:	0c 96       	adiw	r24, 0x0c	; 12
    21ec:	0e 94 f0 0a 	call	0x15e0	; 0x15e0 <uxListRemove>
    21f0:	89 81       	ldd	r24, Y+1	; 0x01
    21f2:	9a 81       	ldd	r25, Y+2	; 0x02
    21f4:	02 96       	adiw	r24, 0x02	; 2
    21f6:	0e 94 f0 0a 	call	0x15e0	; 0x15e0 <uxListRemove>
    21fa:	89 81       	ldd	r24, Y+1	; 0x01
    21fc:	9a 81       	ldd	r25, Y+2	; 0x02
    21fe:	fc 01       	movw	r30, r24
    2200:	96 89       	ldd	r25, Z+22	; 0x16
    2202:	80 91 60 21 	lds	r24, 0x2160	; 0x802160 <uxTopReadyPriority>
    2206:	89 17       	cp	r24, r25
    2208:	30 f4       	brcc	.+12     	; 0x2216 <xTaskResumeAll+0x8e>
    220a:	89 81       	ldd	r24, Y+1	; 0x01
    220c:	9a 81       	ldd	r25, Y+2	; 0x02
    220e:	fc 01       	movw	r30, r24
    2210:	86 89       	ldd	r24, Z+22	; 0x16
    2212:	80 93 60 21 	sts	0x2160, r24	; 0x802160 <uxTopReadyPriority>
    2216:	89 81       	ldd	r24, Y+1	; 0x01
    2218:	9a 81       	ldd	r25, Y+2	; 0x02
    221a:	ac 01       	movw	r20, r24
    221c:	4e 5f       	subi	r20, 0xFE	; 254
    221e:	5f 4f       	sbci	r21, 0xFF	; 255
    2220:	89 81       	ldd	r24, Y+1	; 0x01
    2222:	9a 81       	ldd	r25, Y+2	; 0x02
    2224:	fc 01       	movw	r30, r24
    2226:	86 89       	ldd	r24, Z+22	; 0x16
    2228:	28 2f       	mov	r18, r24
    222a:	30 e0       	ldi	r19, 0x00	; 0
    222c:	c9 01       	movw	r24, r18
    222e:	88 0f       	add	r24, r24
    2230:	99 1f       	adc	r25, r25
    2232:	88 0f       	add	r24, r24
    2234:	99 1f       	adc	r25, r25
    2236:	88 0f       	add	r24, r24
    2238:	99 1f       	adc	r25, r25
    223a:	82 0f       	add	r24, r18
    223c:	93 1f       	adc	r25, r19
    223e:	8f 52       	subi	r24, 0x2F	; 47
    2240:	9f 4d       	sbci	r25, 0xDF	; 223
    2242:	ba 01       	movw	r22, r20
    2244:	0e 94 a5 0a 	call	0x154a	; 0x154a <vListInsertEnd>
    2248:	89 81       	ldd	r24, Y+1	; 0x01
    224a:	9a 81       	ldd	r25, Y+2	; 0x02
    224c:	fc 01       	movw	r30, r24
    224e:	26 89       	ldd	r18, Z+22	; 0x16
    2250:	80 91 cf 20 	lds	r24, 0x20CF	; 0x8020cf <pxCurrentTCB>
    2254:	90 91 d0 20 	lds	r25, 0x20D0	; 0x8020d0 <pxCurrentTCB+0x1>
    2258:	fc 01       	movw	r30, r24
    225a:	86 89       	ldd	r24, Z+22	; 0x16
    225c:	28 17       	cp	r18, r24
    225e:	18 f0       	brcs	.+6      	; 0x2266 <xTaskResumeAll+0xde>
    2260:	81 e0       	ldi	r24, 0x01	; 1
    2262:	80 93 63 21 	sts	0x2163, r24	; 0x802163 <xYieldPending>
    2266:	80 91 41 21 	lds	r24, 0x2141	; 0x802141 <xPendingReadyList>
    226a:	88 23       	and	r24, r24
    226c:	09 f0       	breq	.+2      	; 0x2270 <xTaskResumeAll+0xe8>
    226e:	b2 cf       	rjmp	.-156    	; 0x21d4 <xTaskResumeAll+0x4c>
    2270:	89 81       	ldd	r24, Y+1	; 0x01
    2272:	9a 81       	ldd	r25, Y+2	; 0x02
    2274:	89 2b       	or	r24, r25
    2276:	11 f0       	breq	.+4      	; 0x227c <xTaskResumeAll+0xf4>
    2278:	0e 94 53 14 	call	0x28a6	; 0x28a6 <prvResetNextTaskUnblockTime>
    227c:	80 91 62 21 	lds	r24, 0x2162	; 0x802162 <uxPendedTicks>
    2280:	8c 83       	std	Y+4, r24	; 0x04
    2282:	8c 81       	ldd	r24, Y+4	; 0x04
    2284:	88 23       	and	r24, r24
    2286:	79 f0       	breq	.+30     	; 0x22a6 <xTaskResumeAll+0x11e>
    2288:	0e 94 64 11 	call	0x22c8	; 0x22c8 <xTaskIncrementTick>
    228c:	88 23       	and	r24, r24
    228e:	19 f0       	breq	.+6      	; 0x2296 <xTaskResumeAll+0x10e>
    2290:	81 e0       	ldi	r24, 0x01	; 1
    2292:	80 93 63 21 	sts	0x2163, r24	; 0x802163 <xYieldPending>
    2296:	8c 81       	ldd	r24, Y+4	; 0x04
    2298:	81 50       	subi	r24, 0x01	; 1
    229a:	8c 83       	std	Y+4, r24	; 0x04
    229c:	8c 81       	ldd	r24, Y+4	; 0x04
    229e:	88 23       	and	r24, r24
    22a0:	99 f7       	brne	.-26     	; 0x2288 <xTaskResumeAll+0x100>
    22a2:	10 92 62 21 	sts	0x2162, r1	; 0x802162 <uxPendedTicks>
    22a6:	80 91 63 21 	lds	r24, 0x2163	; 0x802163 <xYieldPending>
    22aa:	88 23       	and	r24, r24
    22ac:	21 f0       	breq	.+8      	; 0x22b6 <xTaskResumeAll+0x12e>
    22ae:	81 e0       	ldi	r24, 0x01	; 1
    22b0:	8b 83       	std	Y+3, r24	; 0x03
    22b2:	0e 94 2e 0d 	call	0x1a5c	; 0x1a5c <vPortYield>
    22b6:	0f 90       	pop	r0
    22b8:	0f be       	out	0x3f, r0	; 63
    22ba:	8b 81       	ldd	r24, Y+3	; 0x03
    22bc:	24 96       	adiw	r28, 0x04	; 4
    22be:	cd bf       	out	0x3d, r28	; 61
    22c0:	de bf       	out	0x3e, r29	; 62
    22c2:	df 91       	pop	r29
    22c4:	cf 91       	pop	r28
    22c6:	08 95       	ret

000022c8 <xTaskIncrementTick>:
    22c8:	cf 93       	push	r28
    22ca:	df 93       	push	r29
    22cc:	cd b7       	in	r28, 0x3d	; 61
    22ce:	de b7       	in	r29, 0x3e	; 62
    22d0:	29 97       	sbiw	r28, 0x09	; 9
    22d2:	cd bf       	out	0x3d, r28	; 61
    22d4:	de bf       	out	0x3e, r29	; 62
    22d6:	19 82       	std	Y+1, r1	; 0x01
    22d8:	80 91 6a 21 	lds	r24, 0x216A	; 0x80216a <uxSchedulerSuspended>
    22dc:	88 23       	and	r24, r24
    22de:	09 f0       	breq	.+2      	; 0x22e2 <xTaskIncrementTick+0x1a>
    22e0:	d6 c0       	rjmp	.+428    	; 0x248e <xTaskIncrementTick+0x1c6>
    22e2:	80 91 5e 21 	lds	r24, 0x215E	; 0x80215e <xTickCount>
    22e6:	90 91 5f 21 	lds	r25, 0x215F	; 0x80215f <xTickCount+0x1>
    22ea:	01 96       	adiw	r24, 0x01	; 1
    22ec:	8a 83       	std	Y+2, r24	; 0x02
    22ee:	9b 83       	std	Y+3, r25	; 0x03
    22f0:	8a 81       	ldd	r24, Y+2	; 0x02
    22f2:	9b 81       	ldd	r25, Y+3	; 0x03
    22f4:	80 93 5e 21 	sts	0x215E, r24	; 0x80215e <xTickCount>
    22f8:	90 93 5f 21 	sts	0x215F, r25	; 0x80215f <xTickCount+0x1>
    22fc:	8a 81       	ldd	r24, Y+2	; 0x02
    22fe:	9b 81       	ldd	r25, Y+3	; 0x03
    2300:	89 2b       	or	r24, r25
    2302:	49 f5       	brne	.+82     	; 0x2356 <xTaskIncrementTick+0x8e>
    2304:	80 91 3d 21 	lds	r24, 0x213D	; 0x80213d <pxDelayedTaskList>
    2308:	90 91 3e 21 	lds	r25, 0x213E	; 0x80213e <pxDelayedTaskList+0x1>
    230c:	fc 01       	movw	r30, r24
    230e:	80 81       	ld	r24, Z
    2310:	88 23       	and	r24, r24
    2312:	31 f0       	breq	.+12     	; 0x2320 <xTaskIncrementTick+0x58>
    2314:	66 e6       	ldi	r22, 0x66	; 102
    2316:	7a e0       	ldi	r23, 0x0A	; 10
    2318:	86 e1       	ldi	r24, 0x16	; 22
    231a:	90 e2       	ldi	r25, 0x20	; 32
    231c:	0e 94 99 16 	call	0x2d32	; 0x2d32 <vAssertCalled>
    2320:	80 91 3d 21 	lds	r24, 0x213D	; 0x80213d <pxDelayedTaskList>
    2324:	90 91 3e 21 	lds	r25, 0x213E	; 0x80213e <pxDelayedTaskList+0x1>
    2328:	8c 83       	std	Y+4, r24	; 0x04
    232a:	9d 83       	std	Y+5, r25	; 0x05
    232c:	80 91 3f 21 	lds	r24, 0x213F	; 0x80213f <pxOverflowDelayedTaskList>
    2330:	90 91 40 21 	lds	r25, 0x2140	; 0x802140 <pxOverflowDelayedTaskList+0x1>
    2334:	80 93 3d 21 	sts	0x213D, r24	; 0x80213d <pxDelayedTaskList>
    2338:	90 93 3e 21 	sts	0x213E, r25	; 0x80213e <pxDelayedTaskList+0x1>
    233c:	8c 81       	ldd	r24, Y+4	; 0x04
    233e:	9d 81       	ldd	r25, Y+5	; 0x05
    2340:	80 93 3f 21 	sts	0x213F, r24	; 0x80213f <pxOverflowDelayedTaskList>
    2344:	90 93 40 21 	sts	0x2140, r25	; 0x802140 <pxOverflowDelayedTaskList+0x1>
    2348:	80 91 64 21 	lds	r24, 0x2164	; 0x802164 <xNumOfOverflows>
    234c:	8f 5f       	subi	r24, 0xFF	; 255
    234e:	80 93 64 21 	sts	0x2164, r24	; 0x802164 <xNumOfOverflows>
    2352:	0e 94 53 14 	call	0x28a6	; 0x28a6 <prvResetNextTaskUnblockTime>
    2356:	80 91 66 21 	lds	r24, 0x2166	; 0x802166 <xNextTaskUnblockTime>
    235a:	90 91 67 21 	lds	r25, 0x2167	; 0x802167 <xNextTaskUnblockTime+0x1>
    235e:	2a 81       	ldd	r18, Y+2	; 0x02
    2360:	3b 81       	ldd	r19, Y+3	; 0x03
    2362:	28 17       	cp	r18, r24
    2364:	39 07       	cpc	r19, r25
    2366:	08 f4       	brcc	.+2      	; 0x236a <xTaskIncrementTick+0xa2>
    2368:	78 c0       	rjmp	.+240    	; 0x245a <xTaskIncrementTick+0x192>
    236a:	80 91 3d 21 	lds	r24, 0x213D	; 0x80213d <pxDelayedTaskList>
    236e:	90 91 3e 21 	lds	r25, 0x213E	; 0x80213e <pxDelayedTaskList+0x1>
    2372:	fc 01       	movw	r30, r24
    2374:	80 81       	ld	r24, Z
    2376:	88 23       	and	r24, r24
    2378:	39 f4       	brne	.+14     	; 0x2388 <xTaskIncrementTick+0xc0>
    237a:	8f ef       	ldi	r24, 0xFF	; 255
    237c:	9f ef       	ldi	r25, 0xFF	; 255
    237e:	80 93 66 21 	sts	0x2166, r24	; 0x802166 <xNextTaskUnblockTime>
    2382:	90 93 67 21 	sts	0x2167, r25	; 0x802167 <xNextTaskUnblockTime+0x1>
    2386:	69 c0       	rjmp	.+210    	; 0x245a <xTaskIncrementTick+0x192>
    2388:	80 91 3d 21 	lds	r24, 0x213D	; 0x80213d <pxDelayedTaskList>
    238c:	90 91 3e 21 	lds	r25, 0x213E	; 0x80213e <pxDelayedTaskList+0x1>
    2390:	fc 01       	movw	r30, r24
    2392:	85 81       	ldd	r24, Z+5	; 0x05
    2394:	96 81       	ldd	r25, Z+6	; 0x06
    2396:	fc 01       	movw	r30, r24
    2398:	86 81       	ldd	r24, Z+6	; 0x06
    239a:	97 81       	ldd	r25, Z+7	; 0x07
    239c:	8e 83       	std	Y+6, r24	; 0x06
    239e:	9f 83       	std	Y+7, r25	; 0x07
    23a0:	8e 81       	ldd	r24, Y+6	; 0x06
    23a2:	9f 81       	ldd	r25, Y+7	; 0x07
    23a4:	fc 01       	movw	r30, r24
    23a6:	82 81       	ldd	r24, Z+2	; 0x02
    23a8:	93 81       	ldd	r25, Z+3	; 0x03
    23aa:	88 87       	std	Y+8, r24	; 0x08
    23ac:	99 87       	std	Y+9, r25	; 0x09
    23ae:	2a 81       	ldd	r18, Y+2	; 0x02
    23b0:	3b 81       	ldd	r19, Y+3	; 0x03
    23b2:	88 85       	ldd	r24, Y+8	; 0x08
    23b4:	99 85       	ldd	r25, Y+9	; 0x09
    23b6:	28 17       	cp	r18, r24
    23b8:	39 07       	cpc	r19, r25
    23ba:	38 f4       	brcc	.+14     	; 0x23ca <xTaskIncrementTick+0x102>
    23bc:	88 85       	ldd	r24, Y+8	; 0x08
    23be:	99 85       	ldd	r25, Y+9	; 0x09
    23c0:	80 93 66 21 	sts	0x2166, r24	; 0x802166 <xNextTaskUnblockTime>
    23c4:	90 93 67 21 	sts	0x2167, r25	; 0x802167 <xNextTaskUnblockTime+0x1>
    23c8:	48 c0       	rjmp	.+144    	; 0x245a <xTaskIncrementTick+0x192>
    23ca:	8e 81       	ldd	r24, Y+6	; 0x06
    23cc:	9f 81       	ldd	r25, Y+7	; 0x07
    23ce:	02 96       	adiw	r24, 0x02	; 2
    23d0:	0e 94 f0 0a 	call	0x15e0	; 0x15e0 <uxListRemove>
    23d4:	8e 81       	ldd	r24, Y+6	; 0x06
    23d6:	9f 81       	ldd	r25, Y+7	; 0x07
    23d8:	fc 01       	movw	r30, r24
    23da:	84 89       	ldd	r24, Z+20	; 0x14
    23dc:	95 89       	ldd	r25, Z+21	; 0x15
    23de:	89 2b       	or	r24, r25
    23e0:	29 f0       	breq	.+10     	; 0x23ec <xTaskIncrementTick+0x124>
    23e2:	8e 81       	ldd	r24, Y+6	; 0x06
    23e4:	9f 81       	ldd	r25, Y+7	; 0x07
    23e6:	0c 96       	adiw	r24, 0x0c	; 12
    23e8:	0e 94 f0 0a 	call	0x15e0	; 0x15e0 <uxListRemove>
    23ec:	8e 81       	ldd	r24, Y+6	; 0x06
    23ee:	9f 81       	ldd	r25, Y+7	; 0x07
    23f0:	fc 01       	movw	r30, r24
    23f2:	96 89       	ldd	r25, Z+22	; 0x16
    23f4:	80 91 60 21 	lds	r24, 0x2160	; 0x802160 <uxTopReadyPriority>
    23f8:	89 17       	cp	r24, r25
    23fa:	30 f4       	brcc	.+12     	; 0x2408 <xTaskIncrementTick+0x140>
    23fc:	8e 81       	ldd	r24, Y+6	; 0x06
    23fe:	9f 81       	ldd	r25, Y+7	; 0x07
    2400:	fc 01       	movw	r30, r24
    2402:	86 89       	ldd	r24, Z+22	; 0x16
    2404:	80 93 60 21 	sts	0x2160, r24	; 0x802160 <uxTopReadyPriority>
    2408:	8e 81       	ldd	r24, Y+6	; 0x06
    240a:	9f 81       	ldd	r25, Y+7	; 0x07
    240c:	ac 01       	movw	r20, r24
    240e:	4e 5f       	subi	r20, 0xFE	; 254
    2410:	5f 4f       	sbci	r21, 0xFF	; 255
    2412:	8e 81       	ldd	r24, Y+6	; 0x06
    2414:	9f 81       	ldd	r25, Y+7	; 0x07
    2416:	fc 01       	movw	r30, r24
    2418:	86 89       	ldd	r24, Z+22	; 0x16
    241a:	28 2f       	mov	r18, r24
    241c:	30 e0       	ldi	r19, 0x00	; 0
    241e:	c9 01       	movw	r24, r18
    2420:	88 0f       	add	r24, r24
    2422:	99 1f       	adc	r25, r25
    2424:	88 0f       	add	r24, r24
    2426:	99 1f       	adc	r25, r25
    2428:	88 0f       	add	r24, r24
    242a:	99 1f       	adc	r25, r25
    242c:	82 0f       	add	r24, r18
    242e:	93 1f       	adc	r25, r19
    2430:	8f 52       	subi	r24, 0x2F	; 47
    2432:	9f 4d       	sbci	r25, 0xDF	; 223
    2434:	ba 01       	movw	r22, r20
    2436:	0e 94 a5 0a 	call	0x154a	; 0x154a <vListInsertEnd>
    243a:	8e 81       	ldd	r24, Y+6	; 0x06
    243c:	9f 81       	ldd	r25, Y+7	; 0x07
    243e:	fc 01       	movw	r30, r24
    2440:	26 89       	ldd	r18, Z+22	; 0x16
    2442:	80 91 cf 20 	lds	r24, 0x20CF	; 0x8020cf <pxCurrentTCB>
    2446:	90 91 d0 20 	lds	r25, 0x20D0	; 0x8020d0 <pxCurrentTCB+0x1>
    244a:	fc 01       	movw	r30, r24
    244c:	86 89       	ldd	r24, Z+22	; 0x16
    244e:	28 17       	cp	r18, r24
    2450:	08 f4       	brcc	.+2      	; 0x2454 <xTaskIncrementTick+0x18c>
    2452:	8b cf       	rjmp	.-234    	; 0x236a <xTaskIncrementTick+0xa2>
    2454:	81 e0       	ldi	r24, 0x01	; 1
    2456:	89 83       	std	Y+1, r24	; 0x01
    2458:	88 cf       	rjmp	.-240    	; 0x236a <xTaskIncrementTick+0xa2>
    245a:	80 91 cf 20 	lds	r24, 0x20CF	; 0x8020cf <pxCurrentTCB>
    245e:	90 91 d0 20 	lds	r25, 0x20D0	; 0x8020d0 <pxCurrentTCB+0x1>
    2462:	fc 01       	movw	r30, r24
    2464:	86 89       	ldd	r24, Z+22	; 0x16
    2466:	28 2f       	mov	r18, r24
    2468:	30 e0       	ldi	r19, 0x00	; 0
    246a:	c9 01       	movw	r24, r18
    246c:	88 0f       	add	r24, r24
    246e:	99 1f       	adc	r25, r25
    2470:	88 0f       	add	r24, r24
    2472:	99 1f       	adc	r25, r25
    2474:	88 0f       	add	r24, r24
    2476:	99 1f       	adc	r25, r25
    2478:	82 0f       	add	r24, r18
    247a:	93 1f       	adc	r25, r19
    247c:	8f 52       	subi	r24, 0x2F	; 47
    247e:	9f 4d       	sbci	r25, 0xDF	; 223
    2480:	fc 01       	movw	r30, r24
    2482:	80 81       	ld	r24, Z
    2484:	82 30       	cpi	r24, 0x02	; 2
    2486:	40 f0       	brcs	.+16     	; 0x2498 <xTaskIncrementTick+0x1d0>
    2488:	81 e0       	ldi	r24, 0x01	; 1
    248a:	89 83       	std	Y+1, r24	; 0x01
    248c:	05 c0       	rjmp	.+10     	; 0x2498 <xTaskIncrementTick+0x1d0>
    248e:	80 91 62 21 	lds	r24, 0x2162	; 0x802162 <uxPendedTicks>
    2492:	8f 5f       	subi	r24, 0xFF	; 255
    2494:	80 93 62 21 	sts	0x2162, r24	; 0x802162 <uxPendedTicks>
    2498:	80 91 63 21 	lds	r24, 0x2163	; 0x802163 <xYieldPending>
    249c:	88 23       	and	r24, r24
    249e:	11 f0       	breq	.+4      	; 0x24a4 <xTaskIncrementTick+0x1dc>
    24a0:	81 e0       	ldi	r24, 0x01	; 1
    24a2:	89 83       	std	Y+1, r24	; 0x01
    24a4:	89 81       	ldd	r24, Y+1	; 0x01
    24a6:	29 96       	adiw	r28, 0x09	; 9
    24a8:	cd bf       	out	0x3d, r28	; 61
    24aa:	de bf       	out	0x3e, r29	; 62
    24ac:	df 91       	pop	r29
    24ae:	cf 91       	pop	r28
    24b0:	08 95       	ret

000024b2 <vTaskSwitchContext>:
    24b2:	af 92       	push	r10
    24b4:	bf 92       	push	r11
    24b6:	cf 92       	push	r12
    24b8:	df 92       	push	r13
    24ba:	ef 92       	push	r14
    24bc:	ff 92       	push	r15
    24be:	0f 93       	push	r16
    24c0:	1f 93       	push	r17
    24c2:	cf 93       	push	r28
    24c4:	df 93       	push	r29
    24c6:	cd b7       	in	r28, 0x3d	; 61
    24c8:	de b7       	in	r29, 0x3e	; 62
    24ca:	29 97       	sbiw	r28, 0x09	; 9
    24cc:	cd bf       	out	0x3d, r28	; 61
    24ce:	de bf       	out	0x3e, r29	; 62
    24d0:	80 91 6a 21 	lds	r24, 0x216A	; 0x80216a <uxSchedulerSuspended>
    24d4:	88 23       	and	r24, r24
    24d6:	21 f0       	breq	.+8      	; 0x24e0 <vTaskSwitchContext+0x2e>
    24d8:	81 e0       	ldi	r24, 0x01	; 1
    24da:	80 93 63 21 	sts	0x2163, r24	; 0x802163 <xYieldPending>
    24de:	34 c1       	rjmp	.+616    	; 0x2748 <vTaskSwitchContext+0x296>
    24e0:	10 92 63 21 	sts	0x2163, r1	; 0x802163 <xYieldPending>
    24e4:	80 e0       	ldi	r24, 0x00	; 0
    24e6:	98 e0       	ldi	r25, 0x08	; 8
    24e8:	fc 01       	movw	r30, r24
    24ea:	80 a1       	ldd	r24, Z+32	; 0x20
    24ec:	91 a1       	ldd	r25, Z+33	; 0x21
    24ee:	9c 01       	movw	r18, r24
    24f0:	40 e0       	ldi	r20, 0x00	; 0
    24f2:	50 e0       	ldi	r21, 0x00	; 0
    24f4:	80 91 73 21 	lds	r24, 0x2173	; 0x802173 <StatsTimer>
    24f8:	90 91 74 21 	lds	r25, 0x2174	; 0x802174 <StatsTimer+0x1>
    24fc:	a0 91 75 21 	lds	r26, 0x2175	; 0x802175 <StatsTimer+0x2>
    2500:	b0 91 76 21 	lds	r27, 0x2176	; 0x802176 <StatsTimer+0x3>
    2504:	82 0f       	add	r24, r18
    2506:	93 1f       	adc	r25, r19
    2508:	a4 1f       	adc	r26, r20
    250a:	b5 1f       	adc	r27, r21
    250c:	80 93 6f 21 	sts	0x216F, r24	; 0x80216f <ulTotalRunTime>
    2510:	90 93 70 21 	sts	0x2170, r25	; 0x802170 <ulTotalRunTime+0x1>
    2514:	a0 93 71 21 	sts	0x2171, r26	; 0x802171 <ulTotalRunTime+0x2>
    2518:	b0 93 72 21 	sts	0x2172, r27	; 0x802172 <ulTotalRunTime+0x3>
    251c:	20 91 6f 21 	lds	r18, 0x216F	; 0x80216f <ulTotalRunTime>
    2520:	30 91 70 21 	lds	r19, 0x2170	; 0x802170 <ulTotalRunTime+0x1>
    2524:	40 91 71 21 	lds	r20, 0x2171	; 0x802171 <ulTotalRunTime+0x2>
    2528:	50 91 72 21 	lds	r21, 0x2172	; 0x802172 <ulTotalRunTime+0x3>
    252c:	80 91 6b 21 	lds	r24, 0x216B	; 0x80216b <ulTaskSwitchedInTime>
    2530:	90 91 6c 21 	lds	r25, 0x216C	; 0x80216c <ulTaskSwitchedInTime+0x1>
    2534:	a0 91 6d 21 	lds	r26, 0x216D	; 0x80216d <ulTaskSwitchedInTime+0x2>
    2538:	b0 91 6e 21 	lds	r27, 0x216E	; 0x80216e <ulTaskSwitchedInTime+0x3>
    253c:	82 17       	cp	r24, r18
    253e:	93 07       	cpc	r25, r19
    2540:	a4 07       	cpc	r26, r20
    2542:	b5 07       	cpc	r27, r21
    2544:	50 f5       	brcc	.+84     	; 0x259a <vTaskSwitchContext+0xe8>
    2546:	60 91 cf 20 	lds	r22, 0x20CF	; 0x8020cf <pxCurrentTCB>
    254a:	70 91 d0 20 	lds	r23, 0x20D0	; 0x8020d0 <pxCurrentTCB+0x1>
    254e:	fb 01       	movw	r30, r22
    2550:	27 a1       	ldd	r18, Z+39	; 0x27
    2552:	30 a5       	ldd	r19, Z+40	; 0x28
    2554:	41 a5       	ldd	r20, Z+41	; 0x29
    2556:	52 a5       	ldd	r21, Z+42	; 0x2a
    2558:	e0 90 6f 21 	lds	r14, 0x216F	; 0x80216f <ulTotalRunTime>
    255c:	f0 90 70 21 	lds	r15, 0x2170	; 0x802170 <ulTotalRunTime+0x1>
    2560:	00 91 71 21 	lds	r16, 0x2171	; 0x802171 <ulTotalRunTime+0x2>
    2564:	10 91 72 21 	lds	r17, 0x2172	; 0x802172 <ulTotalRunTime+0x3>
    2568:	80 91 6b 21 	lds	r24, 0x216B	; 0x80216b <ulTaskSwitchedInTime>
    256c:	90 91 6c 21 	lds	r25, 0x216C	; 0x80216c <ulTaskSwitchedInTime+0x1>
    2570:	a0 91 6d 21 	lds	r26, 0x216D	; 0x80216d <ulTaskSwitchedInTime+0x2>
    2574:	b0 91 6e 21 	lds	r27, 0x216E	; 0x80216e <ulTaskSwitchedInTime+0x3>
    2578:	57 01       	movw	r10, r14
    257a:	68 01       	movw	r12, r16
    257c:	a8 1a       	sub	r10, r24
    257e:	b9 0a       	sbc	r11, r25
    2580:	ca 0a       	sbc	r12, r26
    2582:	db 0a       	sbc	r13, r27
    2584:	d6 01       	movw	r26, r12
    2586:	c5 01       	movw	r24, r10
    2588:	82 0f       	add	r24, r18
    258a:	93 1f       	adc	r25, r19
    258c:	a4 1f       	adc	r26, r20
    258e:	b5 1f       	adc	r27, r21
    2590:	fb 01       	movw	r30, r22
    2592:	87 a3       	std	Z+39, r24	; 0x27
    2594:	90 a7       	std	Z+40, r25	; 0x28
    2596:	a1 a7       	std	Z+41, r26	; 0x29
    2598:	b2 a7       	std	Z+42, r27	; 0x2a
    259a:	80 91 6f 21 	lds	r24, 0x216F	; 0x80216f <ulTotalRunTime>
    259e:	90 91 70 21 	lds	r25, 0x2170	; 0x802170 <ulTotalRunTime+0x1>
    25a2:	a0 91 71 21 	lds	r26, 0x2171	; 0x802171 <ulTotalRunTime+0x2>
    25a6:	b0 91 72 21 	lds	r27, 0x2172	; 0x802172 <ulTotalRunTime+0x3>
    25aa:	80 93 6b 21 	sts	0x216B, r24	; 0x80216b <ulTaskSwitchedInTime>
    25ae:	90 93 6c 21 	sts	0x216C, r25	; 0x80216c <ulTaskSwitchedInTime+0x1>
    25b2:	a0 93 6d 21 	sts	0x216D, r26	; 0x80216d <ulTaskSwitchedInTime+0x2>
    25b6:	b0 93 6e 21 	sts	0x216E, r27	; 0x80216e <ulTaskSwitchedInTime+0x3>
    25ba:	80 91 cf 20 	lds	r24, 0x20CF	; 0x8020cf <pxCurrentTCB>
    25be:	90 91 d0 20 	lds	r25, 0x20D0	; 0x8020d0 <pxCurrentTCB+0x1>
    25c2:	fc 01       	movw	r30, r24
    25c4:	87 89       	ldd	r24, Z+23	; 0x17
    25c6:	90 8d       	ldd	r25, Z+24	; 0x18
    25c8:	8a 83       	std	Y+2, r24	; 0x02
    25ca:	9b 83       	std	Y+3, r25	; 0x03
    25cc:	85 ea       	ldi	r24, 0xA5	; 165
    25ce:	95 ea       	ldi	r25, 0xA5	; 165
    25d0:	dc 01       	movw	r26, r24
    25d2:	8c 83       	std	Y+4, r24	; 0x04
    25d4:	9d 83       	std	Y+5, r25	; 0x05
    25d6:	ae 83       	std	Y+6, r26	; 0x06
    25d8:	bf 83       	std	Y+7, r27	; 0x07
    25da:	8a 81       	ldd	r24, Y+2	; 0x02
    25dc:	9b 81       	ldd	r25, Y+3	; 0x03
    25de:	fc 01       	movw	r30, r24
    25e0:	20 81       	ld	r18, Z
    25e2:	31 81       	ldd	r19, Z+1	; 0x01
    25e4:	42 81       	ldd	r20, Z+2	; 0x02
    25e6:	53 81       	ldd	r21, Z+3	; 0x03
    25e8:	8c 81       	ldd	r24, Y+4	; 0x04
    25ea:	9d 81       	ldd	r25, Y+5	; 0x05
    25ec:	ae 81       	ldd	r26, Y+6	; 0x06
    25ee:	bf 81       	ldd	r27, Y+7	; 0x07
    25f0:	28 17       	cp	r18, r24
    25f2:	39 07       	cpc	r19, r25
    25f4:	4a 07       	cpc	r20, r26
    25f6:	5b 07       	cpc	r21, r27
    25f8:	99 f5       	brne	.+102    	; 0x2660 <vTaskSwitchContext+0x1ae>
    25fa:	8a 81       	ldd	r24, Y+2	; 0x02
    25fc:	9b 81       	ldd	r25, Y+3	; 0x03
    25fe:	04 96       	adiw	r24, 0x04	; 4
    2600:	fc 01       	movw	r30, r24
    2602:	20 81       	ld	r18, Z
    2604:	31 81       	ldd	r19, Z+1	; 0x01
    2606:	42 81       	ldd	r20, Z+2	; 0x02
    2608:	53 81       	ldd	r21, Z+3	; 0x03
    260a:	8c 81       	ldd	r24, Y+4	; 0x04
    260c:	9d 81       	ldd	r25, Y+5	; 0x05
    260e:	ae 81       	ldd	r26, Y+6	; 0x06
    2610:	bf 81       	ldd	r27, Y+7	; 0x07
    2612:	28 17       	cp	r18, r24
    2614:	39 07       	cpc	r19, r25
    2616:	4a 07       	cpc	r20, r26
    2618:	5b 07       	cpc	r21, r27
    261a:	11 f5       	brne	.+68     	; 0x2660 <vTaskSwitchContext+0x1ae>
    261c:	8a 81       	ldd	r24, Y+2	; 0x02
    261e:	9b 81       	ldd	r25, Y+3	; 0x03
    2620:	08 96       	adiw	r24, 0x08	; 8
    2622:	fc 01       	movw	r30, r24
    2624:	20 81       	ld	r18, Z
    2626:	31 81       	ldd	r19, Z+1	; 0x01
    2628:	42 81       	ldd	r20, Z+2	; 0x02
    262a:	53 81       	ldd	r21, Z+3	; 0x03
    262c:	8c 81       	ldd	r24, Y+4	; 0x04
    262e:	9d 81       	ldd	r25, Y+5	; 0x05
    2630:	ae 81       	ldd	r26, Y+6	; 0x06
    2632:	bf 81       	ldd	r27, Y+7	; 0x07
    2634:	28 17       	cp	r18, r24
    2636:	39 07       	cpc	r19, r25
    2638:	4a 07       	cpc	r20, r26
    263a:	5b 07       	cpc	r21, r27
    263c:	89 f4       	brne	.+34     	; 0x2660 <vTaskSwitchContext+0x1ae>
    263e:	8a 81       	ldd	r24, Y+2	; 0x02
    2640:	9b 81       	ldd	r25, Y+3	; 0x03
    2642:	0c 96       	adiw	r24, 0x0c	; 12
    2644:	fc 01       	movw	r30, r24
    2646:	20 81       	ld	r18, Z
    2648:	31 81       	ldd	r19, Z+1	; 0x01
    264a:	42 81       	ldd	r20, Z+2	; 0x02
    264c:	53 81       	ldd	r21, Z+3	; 0x03
    264e:	8c 81       	ldd	r24, Y+4	; 0x04
    2650:	9d 81       	ldd	r25, Y+5	; 0x05
    2652:	ae 81       	ldd	r26, Y+6	; 0x06
    2654:	bf 81       	ldd	r27, Y+7	; 0x07
    2656:	28 17       	cp	r18, r24
    2658:	39 07       	cpc	r19, r25
    265a:	4a 07       	cpc	r20, r26
    265c:	5b 07       	cpc	r21, r27
    265e:	71 f0       	breq	.+28     	; 0x267c <vTaskSwitchContext+0x1ca>
    2660:	80 91 cf 20 	lds	r24, 0x20CF	; 0x8020cf <pxCurrentTCB>
    2664:	90 91 d0 20 	lds	r25, 0x20D0	; 0x8020d0 <pxCurrentTCB+0x1>
    2668:	9c 01       	movw	r18, r24
    266a:	27 5e       	subi	r18, 0xE7	; 231
    266c:	3f 4f       	sbci	r19, 0xFF	; 255
    266e:	80 91 cf 20 	lds	r24, 0x20CF	; 0x8020cf <pxCurrentTCB>
    2672:	90 91 d0 20 	lds	r25, 0x20D0	; 0x8020d0 <pxCurrentTCB+0x1>
    2676:	b9 01       	movw	r22, r18
    2678:	0e 94 8b 15 	call	0x2b16	; 0x2b16 <vApplicationStackOverflowHook>
    267c:	80 91 60 21 	lds	r24, 0x2160	; 0x802160 <uxTopReadyPriority>
    2680:	89 83       	std	Y+1, r24	; 0x01
    2682:	0c c0       	rjmp	.+24     	; 0x269c <vTaskSwitchContext+0x1ea>
    2684:	89 81       	ldd	r24, Y+1	; 0x01
    2686:	88 23       	and	r24, r24
    2688:	31 f4       	brne	.+12     	; 0x2696 <vTaskSwitchContext+0x1e4>
    268a:	6c e8       	ldi	r22, 0x8C	; 140
    268c:	7b e0       	ldi	r23, 0x0B	; 11
    268e:	86 e1       	ldi	r24, 0x16	; 22
    2690:	90 e2       	ldi	r25, 0x20	; 32
    2692:	0e 94 99 16 	call	0x2d32	; 0x2d32 <vAssertCalled>
    2696:	89 81       	ldd	r24, Y+1	; 0x01
    2698:	81 50       	subi	r24, 0x01	; 1
    269a:	89 83       	std	Y+1, r24	; 0x01
    269c:	89 81       	ldd	r24, Y+1	; 0x01
    269e:	28 2f       	mov	r18, r24
    26a0:	30 e0       	ldi	r19, 0x00	; 0
    26a2:	c9 01       	movw	r24, r18
    26a4:	88 0f       	add	r24, r24
    26a6:	99 1f       	adc	r25, r25
    26a8:	88 0f       	add	r24, r24
    26aa:	99 1f       	adc	r25, r25
    26ac:	88 0f       	add	r24, r24
    26ae:	99 1f       	adc	r25, r25
    26b0:	82 0f       	add	r24, r18
    26b2:	93 1f       	adc	r25, r19
    26b4:	8f 52       	subi	r24, 0x2F	; 47
    26b6:	9f 4d       	sbci	r25, 0xDF	; 223
    26b8:	fc 01       	movw	r30, r24
    26ba:	80 81       	ld	r24, Z
    26bc:	88 23       	and	r24, r24
    26be:	11 f3       	breq	.-60     	; 0x2684 <vTaskSwitchContext+0x1d2>
    26c0:	89 81       	ldd	r24, Y+1	; 0x01
    26c2:	28 2f       	mov	r18, r24
    26c4:	30 e0       	ldi	r19, 0x00	; 0
    26c6:	c9 01       	movw	r24, r18
    26c8:	88 0f       	add	r24, r24
    26ca:	99 1f       	adc	r25, r25
    26cc:	88 0f       	add	r24, r24
    26ce:	99 1f       	adc	r25, r25
    26d0:	88 0f       	add	r24, r24
    26d2:	99 1f       	adc	r25, r25
    26d4:	82 0f       	add	r24, r18
    26d6:	93 1f       	adc	r25, r19
    26d8:	8f 52       	subi	r24, 0x2F	; 47
    26da:	9f 4d       	sbci	r25, 0xDF	; 223
    26dc:	88 87       	std	Y+8, r24	; 0x08
    26de:	99 87       	std	Y+9, r25	; 0x09
    26e0:	88 85       	ldd	r24, Y+8	; 0x08
    26e2:	99 85       	ldd	r25, Y+9	; 0x09
    26e4:	fc 01       	movw	r30, r24
    26e6:	81 81       	ldd	r24, Z+1	; 0x01
    26e8:	92 81       	ldd	r25, Z+2	; 0x02
    26ea:	fc 01       	movw	r30, r24
    26ec:	22 81       	ldd	r18, Z+2	; 0x02
    26ee:	33 81       	ldd	r19, Z+3	; 0x03
    26f0:	88 85       	ldd	r24, Y+8	; 0x08
    26f2:	99 85       	ldd	r25, Y+9	; 0x09
    26f4:	fc 01       	movw	r30, r24
    26f6:	21 83       	std	Z+1, r18	; 0x01
    26f8:	32 83       	std	Z+2, r19	; 0x02
    26fa:	88 85       	ldd	r24, Y+8	; 0x08
    26fc:	99 85       	ldd	r25, Y+9	; 0x09
    26fe:	fc 01       	movw	r30, r24
    2700:	21 81       	ldd	r18, Z+1	; 0x01
    2702:	32 81       	ldd	r19, Z+2	; 0x02
    2704:	88 85       	ldd	r24, Y+8	; 0x08
    2706:	99 85       	ldd	r25, Y+9	; 0x09
    2708:	03 96       	adiw	r24, 0x03	; 3
    270a:	28 17       	cp	r18, r24
    270c:	39 07       	cpc	r19, r25
    270e:	69 f4       	brne	.+26     	; 0x272a <vTaskSwitchContext+0x278>
    2710:	88 85       	ldd	r24, Y+8	; 0x08
    2712:	99 85       	ldd	r25, Y+9	; 0x09
    2714:	fc 01       	movw	r30, r24
    2716:	81 81       	ldd	r24, Z+1	; 0x01
    2718:	92 81       	ldd	r25, Z+2	; 0x02
    271a:	fc 01       	movw	r30, r24
    271c:	22 81       	ldd	r18, Z+2	; 0x02
    271e:	33 81       	ldd	r19, Z+3	; 0x03
    2720:	88 85       	ldd	r24, Y+8	; 0x08
    2722:	99 85       	ldd	r25, Y+9	; 0x09
    2724:	fc 01       	movw	r30, r24
    2726:	21 83       	std	Z+1, r18	; 0x01
    2728:	32 83       	std	Z+2, r19	; 0x02
    272a:	88 85       	ldd	r24, Y+8	; 0x08
    272c:	99 85       	ldd	r25, Y+9	; 0x09
    272e:	fc 01       	movw	r30, r24
    2730:	81 81       	ldd	r24, Z+1	; 0x01
    2732:	92 81       	ldd	r25, Z+2	; 0x02
    2734:	fc 01       	movw	r30, r24
    2736:	86 81       	ldd	r24, Z+6	; 0x06
    2738:	97 81       	ldd	r25, Z+7	; 0x07
    273a:	80 93 cf 20 	sts	0x20CF, r24	; 0x8020cf <pxCurrentTCB>
    273e:	90 93 d0 20 	sts	0x20D0, r25	; 0x8020d0 <pxCurrentTCB+0x1>
    2742:	89 81       	ldd	r24, Y+1	; 0x01
    2744:	80 93 60 21 	sts	0x2160, r24	; 0x802160 <uxTopReadyPriority>
    2748:	00 00       	nop
    274a:	29 96       	adiw	r28, 0x09	; 9
    274c:	cd bf       	out	0x3d, r28	; 61
    274e:	de bf       	out	0x3e, r29	; 62
    2750:	df 91       	pop	r29
    2752:	cf 91       	pop	r28
    2754:	1f 91       	pop	r17
    2756:	0f 91       	pop	r16
    2758:	ff 90       	pop	r15
    275a:	ef 90       	pop	r14
    275c:	df 90       	pop	r13
    275e:	cf 90       	pop	r12
    2760:	bf 90       	pop	r11
    2762:	af 90       	pop	r10
    2764:	08 95       	ret

00002766 <prvIdleTask>:
    2766:	cf 93       	push	r28
    2768:	df 93       	push	r29
    276a:	1f 92       	push	r1
    276c:	1f 92       	push	r1
    276e:	cd b7       	in	r28, 0x3d	; 61
    2770:	de b7       	in	r29, 0x3e	; 62
    2772:	89 83       	std	Y+1, r24	; 0x01
    2774:	9a 83       	std	Y+2, r25	; 0x02
    2776:	0e 94 08 14 	call	0x2810	; 0x2810 <prvCheckTasksWaitingTermination>
    277a:	80 91 d1 20 	lds	r24, 0x20D1	; 0x8020d1 <pxReadyTasksLists>
    277e:	82 30       	cpi	r24, 0x02	; 2
    2780:	10 f0       	brcs	.+4      	; 0x2786 <prvIdleTask+0x20>
    2782:	0e 94 2e 0d 	call	0x1a5c	; 0x1a5c <vPortYield>
    2786:	0e 94 83 14 	call	0x2906	; 0x2906 <vApplicationIdleHook>
    278a:	f5 cf       	rjmp	.-22     	; 0x2776 <prvIdleTask+0x10>

0000278c <prvInitialiseTaskLists>:
    278c:	cf 93       	push	r28
    278e:	df 93       	push	r29
    2790:	1f 92       	push	r1
    2792:	cd b7       	in	r28, 0x3d	; 61
    2794:	de b7       	in	r29, 0x3e	; 62
    2796:	19 82       	std	Y+1, r1	; 0x01
    2798:	13 c0       	rjmp	.+38     	; 0x27c0 <prvInitialiseTaskLists+0x34>
    279a:	89 81       	ldd	r24, Y+1	; 0x01
    279c:	28 2f       	mov	r18, r24
    279e:	30 e0       	ldi	r19, 0x00	; 0
    27a0:	c9 01       	movw	r24, r18
    27a2:	88 0f       	add	r24, r24
    27a4:	99 1f       	adc	r25, r25
    27a6:	88 0f       	add	r24, r24
    27a8:	99 1f       	adc	r25, r25
    27aa:	88 0f       	add	r24, r24
    27ac:	99 1f       	adc	r25, r25
    27ae:	82 0f       	add	r24, r18
    27b0:	93 1f       	adc	r25, r19
    27b2:	8f 52       	subi	r24, 0x2F	; 47
    27b4:	9f 4d       	sbci	r25, 0xDF	; 223
    27b6:	0e 94 5b 0a 	call	0x14b6	; 0x14b6 <vListInitialise>
    27ba:	89 81       	ldd	r24, Y+1	; 0x01
    27bc:	8f 5f       	subi	r24, 0xFF	; 255
    27be:	89 83       	std	Y+1, r24	; 0x01
    27c0:	89 81       	ldd	r24, Y+1	; 0x01
    27c2:	8a 30       	cpi	r24, 0x0A	; 10
    27c4:	50 f3       	brcs	.-44     	; 0x279a <prvInitialiseTaskLists+0xe>
    27c6:	8b e2       	ldi	r24, 0x2B	; 43
    27c8:	91 e2       	ldi	r25, 0x21	; 33
    27ca:	0e 94 5b 0a 	call	0x14b6	; 0x14b6 <vListInitialise>
    27ce:	84 e3       	ldi	r24, 0x34	; 52
    27d0:	91 e2       	ldi	r25, 0x21	; 33
    27d2:	0e 94 5b 0a 	call	0x14b6	; 0x14b6 <vListInitialise>
    27d6:	81 e4       	ldi	r24, 0x41	; 65
    27d8:	91 e2       	ldi	r25, 0x21	; 33
    27da:	0e 94 5b 0a 	call	0x14b6	; 0x14b6 <vListInitialise>
    27de:	8a e4       	ldi	r24, 0x4A	; 74
    27e0:	91 e2       	ldi	r25, 0x21	; 33
    27e2:	0e 94 5b 0a 	call	0x14b6	; 0x14b6 <vListInitialise>
    27e6:	84 e5       	ldi	r24, 0x54	; 84
    27e8:	91 e2       	ldi	r25, 0x21	; 33
    27ea:	0e 94 5b 0a 	call	0x14b6	; 0x14b6 <vListInitialise>
    27ee:	8b e2       	ldi	r24, 0x2B	; 43
    27f0:	91 e2       	ldi	r25, 0x21	; 33
    27f2:	80 93 3d 21 	sts	0x213D, r24	; 0x80213d <pxDelayedTaskList>
    27f6:	90 93 3e 21 	sts	0x213E, r25	; 0x80213e <pxDelayedTaskList+0x1>
    27fa:	84 e3       	ldi	r24, 0x34	; 52
    27fc:	91 e2       	ldi	r25, 0x21	; 33
    27fe:	80 93 3f 21 	sts	0x213F, r24	; 0x80213f <pxOverflowDelayedTaskList>
    2802:	90 93 40 21 	sts	0x2140, r25	; 0x802140 <pxOverflowDelayedTaskList+0x1>
    2806:	00 00       	nop
    2808:	0f 90       	pop	r0
    280a:	df 91       	pop	r29
    280c:	cf 91       	pop	r28
    280e:	08 95       	ret

00002810 <prvCheckTasksWaitingTermination>:
    2810:	cf 93       	push	r28
    2812:	df 93       	push	r29
    2814:	1f 92       	push	r1
    2816:	1f 92       	push	r1
    2818:	cd b7       	in	r28, 0x3d	; 61
    281a:	de b7       	in	r29, 0x3e	; 62
    281c:	21 c0       	rjmp	.+66     	; 0x2860 <prvCheckTasksWaitingTermination+0x50>
    281e:	0f b6       	in	r0, 0x3f	; 63
    2820:	f8 94       	cli
    2822:	0f 92       	push	r0
    2824:	80 91 4f 21 	lds	r24, 0x214F	; 0x80214f <xTasksWaitingTermination+0x5>
    2828:	90 91 50 21 	lds	r25, 0x2150	; 0x802150 <xTasksWaitingTermination+0x6>
    282c:	fc 01       	movw	r30, r24
    282e:	86 81       	ldd	r24, Z+6	; 0x06
    2830:	97 81       	ldd	r25, Z+7	; 0x07
    2832:	89 83       	std	Y+1, r24	; 0x01
    2834:	9a 83       	std	Y+2, r25	; 0x02
    2836:	89 81       	ldd	r24, Y+1	; 0x01
    2838:	9a 81       	ldd	r25, Y+2	; 0x02
    283a:	02 96       	adiw	r24, 0x02	; 2
    283c:	0e 94 f0 0a 	call	0x15e0	; 0x15e0 <uxListRemove>
    2840:	80 91 5d 21 	lds	r24, 0x215D	; 0x80215d <uxCurrentNumberOfTasks>
    2844:	81 50       	subi	r24, 0x01	; 1
    2846:	80 93 5d 21 	sts	0x215D, r24	; 0x80215d <uxCurrentNumberOfTasks>
    284a:	80 91 53 21 	lds	r24, 0x2153	; 0x802153 <uxDeletedTasksWaitingCleanUp>
    284e:	81 50       	subi	r24, 0x01	; 1
    2850:	80 93 53 21 	sts	0x2153, r24	; 0x802153 <uxDeletedTasksWaitingCleanUp>
    2854:	0f 90       	pop	r0
    2856:	0f be       	out	0x3f, r0	; 63
    2858:	89 81       	ldd	r24, Y+1	; 0x01
    285a:	9a 81       	ldd	r25, Y+2	; 0x02
    285c:	0e 94 3a 14 	call	0x2874	; 0x2874 <prvDeleteTCB>
    2860:	80 91 53 21 	lds	r24, 0x2153	; 0x802153 <uxDeletedTasksWaitingCleanUp>
    2864:	88 23       	and	r24, r24
    2866:	d9 f6       	brne	.-74     	; 0x281e <prvCheckTasksWaitingTermination+0xe>
    2868:	00 00       	nop
    286a:	0f 90       	pop	r0
    286c:	0f 90       	pop	r0
    286e:	df 91       	pop	r29
    2870:	cf 91       	pop	r28
    2872:	08 95       	ret

00002874 <prvDeleteTCB>:
/*-----------------------------------------------------------*/

#if ( INCLUDE_vTaskDelete == 1 )

	static void prvDeleteTCB( TCB_t *pxTCB )
	{
    2874:	cf 93       	push	r28
    2876:	df 93       	push	r29
    2878:	1f 92       	push	r1
    287a:	1f 92       	push	r1
    287c:	cd b7       	in	r28, 0x3d	; 61
    287e:	de b7       	in	r29, 0x3e	; 62
    2880:	89 83       	std	Y+1, r24	; 0x01
    2882:	9a 83       	std	Y+2, r25	; 0x02

		#if( ( configSUPPORT_DYNAMIC_ALLOCATION == 1 ) && ( configSUPPORT_STATIC_ALLOCATION == 0 ) && ( portUSING_MPU_WRAPPERS == 0 ) )
		{
			/* The task can only have been allocated dynamically - free both
			the stack and TCB. */
			vPortFree( pxTCB->pxStack );
    2884:	89 81       	ldd	r24, Y+1	; 0x01
    2886:	9a 81       	ldd	r25, Y+2	; 0x02
    2888:	fc 01       	movw	r30, r24
    288a:	87 89       	ldd	r24, Z+23	; 0x17
    288c:	90 8d       	ldd	r25, Z+24	; 0x18
    288e:	0e 94 b5 09 	call	0x136a	; 0x136a <vPortFree>
			vPortFree( pxTCB );
    2892:	89 81       	ldd	r24, Y+1	; 0x01
    2894:	9a 81       	ldd	r25, Y+2	; 0x02
    2896:	0e 94 b5 09 	call	0x136a	; 0x136a <vPortFree>
				configASSERT( pxTCB->ucStaticallyAllocated == tskSTATICALLY_ALLOCATED_STACK_AND_TCB	);
				mtCOVERAGE_TEST_MARKER();
			}
		}
		#endif /* configSUPPORT_DYNAMIC_ALLOCATION */
	}
    289a:	00 00       	nop
    289c:	0f 90       	pop	r0
    289e:	0f 90       	pop	r0
    28a0:	df 91       	pop	r29
    28a2:	cf 91       	pop	r28
    28a4:	08 95       	ret

000028a6 <prvResetNextTaskUnblockTime>:

#endif /* INCLUDE_vTaskDelete */
/*-----------------------------------------------------------*/

static void prvResetNextTaskUnblockTime( void )
{
    28a6:	cf 93       	push	r28
    28a8:	df 93       	push	r29
    28aa:	1f 92       	push	r1
    28ac:	1f 92       	push	r1
    28ae:	cd b7       	in	r28, 0x3d	; 61
    28b0:	de b7       	in	r29, 0x3e	; 62
TCB_t *pxTCB;

	if( listLIST_IS_EMPTY( pxDelayedTaskList ) != pdFALSE )
    28b2:	80 91 3d 21 	lds	r24, 0x213D	; 0x80213d <pxDelayedTaskList>
    28b6:	90 91 3e 21 	lds	r25, 0x213E	; 0x80213e <pxDelayedTaskList+0x1>
    28ba:	fc 01       	movw	r30, r24
    28bc:	80 81       	ld	r24, Z
    28be:	88 23       	and	r24, r24
    28c0:	39 f4       	brne	.+14     	; 0x28d0 <prvResetNextTaskUnblockTime+0x2a>
	{
		/* The new current delayed list is empty.  Set xNextTaskUnblockTime to
		the maximum possible value so it is	extremely unlikely that the
		if( xTickCount >= xNextTaskUnblockTime ) test will pass until
		there is an item in the delayed list. */
		xNextTaskUnblockTime = portMAX_DELAY;
    28c2:	8f ef       	ldi	r24, 0xFF	; 255
    28c4:	9f ef       	ldi	r25, 0xFF	; 255
    28c6:	80 93 66 21 	sts	0x2166, r24	; 0x802166 <xNextTaskUnblockTime>
    28ca:	90 93 67 21 	sts	0x2167, r25	; 0x802167 <xNextTaskUnblockTime+0x1>
		which the task at the head of the delayed list should be removed
		from the Blocked state. */
		( pxTCB ) = listGET_OWNER_OF_HEAD_ENTRY( pxDelayedTaskList ); /*lint !e9079 void * is used as this macro is used with timers and co-routines too.  Alignment is known to be fine as the type of the pointer stored and retrieved is the same. */
		xNextTaskUnblockTime = listGET_LIST_ITEM_VALUE( &( ( pxTCB )->xStateListItem ) );
	}
}
    28ce:	15 c0       	rjmp	.+42     	; 0x28fa <prvResetNextTaskUnblockTime+0x54>
	{
		/* The new current delayed list is not empty, get the value of
		the item at the head of the delayed list.  This is the time at
		which the task at the head of the delayed list should be removed
		from the Blocked state. */
		( pxTCB ) = listGET_OWNER_OF_HEAD_ENTRY( pxDelayedTaskList ); /*lint !e9079 void * is used as this macro is used with timers and co-routines too.  Alignment is known to be fine as the type of the pointer stored and retrieved is the same. */
    28d0:	80 91 3d 21 	lds	r24, 0x213D	; 0x80213d <pxDelayedTaskList>
    28d4:	90 91 3e 21 	lds	r25, 0x213E	; 0x80213e <pxDelayedTaskList+0x1>
    28d8:	fc 01       	movw	r30, r24
    28da:	85 81       	ldd	r24, Z+5	; 0x05
    28dc:	96 81       	ldd	r25, Z+6	; 0x06
    28de:	fc 01       	movw	r30, r24
    28e0:	86 81       	ldd	r24, Z+6	; 0x06
    28e2:	97 81       	ldd	r25, Z+7	; 0x07
    28e4:	89 83       	std	Y+1, r24	; 0x01
    28e6:	9a 83       	std	Y+2, r25	; 0x02
		xNextTaskUnblockTime = listGET_LIST_ITEM_VALUE( &( ( pxTCB )->xStateListItem ) );
    28e8:	89 81       	ldd	r24, Y+1	; 0x01
    28ea:	9a 81       	ldd	r25, Y+2	; 0x02
    28ec:	fc 01       	movw	r30, r24
    28ee:	82 81       	ldd	r24, Z+2	; 0x02
    28f0:	93 81       	ldd	r25, Z+3	; 0x03
    28f2:	80 93 66 21 	sts	0x2166, r24	; 0x802166 <xNextTaskUnblockTime>
    28f6:	90 93 67 21 	sts	0x2167, r25	; 0x802167 <xNextTaskUnblockTime+0x1>
	}
}
    28fa:	00 00       	nop
    28fc:	0f 90       	pop	r0
    28fe:	0f 90       	pop	r0
    2900:	df 91       	pop	r29
    2902:	cf 91       	pop	r28
    2904:	08 95       	ret

00002906 <vApplicationIdleHook>:
#define SET_ERR_LED() PORTA.OUTSET=1<<7
#define CLR_ERR_LED() PORTA.OUTCLR=1<<7


void vApplicationIdleHook( void )
{
    2906:	cf 93       	push	r28
    2908:	df 93       	push	r29
    290a:	cd b7       	in	r28, 0x3d	; 61
    290c:	de b7       	in	r29, 0x3e	; 62
	
}
    290e:	00 00       	nop
    2910:	df 91       	pop	r29
    2912:	cf 91       	pop	r28
    2914:	08 95       	ret

00002916 <vApplicationMallocFailedHook>:

void vApplicationMallocFailedHook(void)
{
    2916:	cf 93       	push	r28
    2918:	df 93       	push	r29
    291a:	cd b7       	in	r28, 0x3d	; 61
    291c:	de b7       	in	r29, 0x3e	; 62
    291e:	6c 97       	sbiw	r28, 0x1c	; 28
    2920:	cd bf       	out	0x3d, r28	; 61
    2922:	de bf       	out	0x3e, r29	; 62
	taskDISABLE_INTERRUPTS();
    2924:	f8 94       	cli
	DbgPrint ("ERROR: memory allocation failed\r\n");
    2926:	89 e5       	ldi	r24, 0x59	; 89
    2928:	90 e2       	ldi	r25, 0x20	; 32
    292a:	0e 94 17 02 	call	0x42e	; 0x42e <DbgPrint>
	CFG_ERR_LED();
    292e:	80 e0       	ldi	r24, 0x00	; 0
    2930:	96 e0       	ldi	r25, 0x06	; 6
    2932:	20 e8       	ldi	r18, 0x80	; 128
    2934:	fc 01       	movw	r30, r24
    2936:	21 83       	std	Z+1, r18	; 0x01
	while (1)
	{
		SET_ERR_LED();
    2938:	80 e0       	ldi	r24, 0x00	; 0
    293a:	96 e0       	ldi	r25, 0x06	; 6
    293c:	20 e8       	ldi	r18, 0x80	; 128
    293e:	fc 01       	movw	r30, r24
    2940:	25 83       	std	Z+5, r18	; 0x05
    2942:	80 e0       	ldi	r24, 0x00	; 0
    2944:	90 e0       	ldi	r25, 0x00	; 0
    2946:	a8 ec       	ldi	r26, 0xC8	; 200
    2948:	b2 e4       	ldi	r27, 0x42	; 66
    294a:	89 83       	std	Y+1, r24	; 0x01
    294c:	9a 83       	std	Y+2, r25	; 0x02
    294e:	ab 83       	std	Y+3, r26	; 0x03
    2950:	bc 83       	std	Y+4, r27	; 0x04

	__builtin_avr_delay_cycles(__ticks_dc);

#else
	uint16_t __ticks;
	__tmp = ((F_CPU) / 4e3) * __ms;
    2952:	20 e0       	ldi	r18, 0x00	; 0
    2954:	30 e0       	ldi	r19, 0x00	; 0
    2956:	4a ef       	ldi	r20, 0xFA	; 250
    2958:	55 e4       	ldi	r21, 0x45	; 69
    295a:	69 81       	ldd	r22, Y+1	; 0x01
    295c:	7a 81       	ldd	r23, Y+2	; 0x02
    295e:	8b 81       	ldd	r24, Y+3	; 0x03
    2960:	9c 81       	ldd	r25, Y+4	; 0x04
    2962:	0e 94 22 1a 	call	0x3444	; 0x3444 <__mulsf3>
    2966:	dc 01       	movw	r26, r24
    2968:	cb 01       	movw	r24, r22
    296a:	8b 8b       	std	Y+19, r24	; 0x13
    296c:	9c 8b       	std	Y+20, r25	; 0x14
    296e:	ad 8b       	std	Y+21, r26	; 0x15
    2970:	be 8b       	std	Y+22, r27	; 0x16
	if (__tmp < 1.0)
    2972:	20 e0       	ldi	r18, 0x00	; 0
    2974:	30 e0       	ldi	r19, 0x00	; 0
    2976:	40 e8       	ldi	r20, 0x80	; 128
    2978:	5f e3       	ldi	r21, 0x3F	; 63
    297a:	6b 89       	ldd	r22, Y+19	; 0x13
    297c:	7c 89       	ldd	r23, Y+20	; 0x14
    297e:	8d 89       	ldd	r24, Y+21	; 0x15
    2980:	9e 89       	ldd	r25, Y+22	; 0x16
    2982:	0e 94 c5 18 	call	0x318a	; 0x318a <__cmpsf2>
    2986:	88 23       	and	r24, r24
    2988:	2c f4       	brge	.+10     	; 0x2994 <vApplicationMallocFailedHook+0x7e>
		__ticks = 1;
    298a:	81 e0       	ldi	r24, 0x01	; 1
    298c:	90 e0       	ldi	r25, 0x00	; 0
    298e:	8f 8b       	std	Y+23, r24	; 0x17
    2990:	98 8f       	std	Y+24, r25	; 0x18
    2992:	3f c0       	rjmp	.+126    	; 0x2a12 <vApplicationMallocFailedHook+0xfc>
	else if (__tmp > 65535)
    2994:	20 e0       	ldi	r18, 0x00	; 0
    2996:	3f ef       	ldi	r19, 0xFF	; 255
    2998:	4f e7       	ldi	r20, 0x7F	; 127
    299a:	57 e4       	ldi	r21, 0x47	; 71
    299c:	6b 89       	ldd	r22, Y+19	; 0x13
    299e:	7c 89       	ldd	r23, Y+20	; 0x14
    29a0:	8d 89       	ldd	r24, Y+21	; 0x15
    29a2:	9e 89       	ldd	r25, Y+22	; 0x16
    29a4:	0e 94 1d 1a 	call	0x343a	; 0x343a <__gesf2>
    29a8:	18 16       	cp	r1, r24
    29aa:	4c f5       	brge	.+82     	; 0x29fe <vApplicationMallocFailedHook+0xe8>
	{
		//	__ticks = requested delay in 1/10 ms
		__ticks = (uint16_t) (__ms * 10.0);
    29ac:	20 e0       	ldi	r18, 0x00	; 0
    29ae:	30 e0       	ldi	r19, 0x00	; 0
    29b0:	40 e2       	ldi	r20, 0x20	; 32
    29b2:	51 e4       	ldi	r21, 0x41	; 65
    29b4:	69 81       	ldd	r22, Y+1	; 0x01
    29b6:	7a 81       	ldd	r23, Y+2	; 0x02
    29b8:	8b 81       	ldd	r24, Y+3	; 0x03
    29ba:	9c 81       	ldd	r25, Y+4	; 0x04
    29bc:	0e 94 22 1a 	call	0x3444	; 0x3444 <__mulsf3>
    29c0:	dc 01       	movw	r26, r24
    29c2:	cb 01       	movw	r24, r22
    29c4:	bc 01       	movw	r22, r24
    29c6:	cd 01       	movw	r24, r26
    29c8:	0e 94 3c 19 	call	0x3278	; 0x3278 <__fixunssfsi>
    29cc:	dc 01       	movw	r26, r24
    29ce:	cb 01       	movw	r24, r22
    29d0:	8f 8b       	std	Y+23, r24	; 0x17
    29d2:	98 8f       	std	Y+24, r25	; 0x18
    29d4:	0f c0       	rjmp	.+30     	; 0x29f4 <vApplicationMallocFailedHook+0xde>
    29d6:	80 e2       	ldi	r24, 0x20	; 32
    29d8:	93 e0       	ldi	r25, 0x03	; 3
    29da:	89 8f       	std	Y+25, r24	; 0x19
    29dc:	9a 8f       	std	Y+26, r25	; 0x1a
    milliseconds can be achieved.
 */
void
_delay_loop_2(uint16_t __count)
{
	__asm__ volatile (
    29de:	89 8d       	ldd	r24, Y+25	; 0x19
    29e0:	9a 8d       	ldd	r25, Y+26	; 0x1a
    29e2:	01 97       	sbiw	r24, 0x01	; 1
    29e4:	f1 f7       	brne	.-4      	; 0x29e2 <vApplicationMallocFailedHook+0xcc>
    29e6:	89 8f       	std	Y+25, r24	; 0x19
    29e8:	9a 8f       	std	Y+26, r25	; 0x1a
		while(__ticks)
		{
			// wait 1/10 ms
			_delay_loop_2(((F_CPU) / 4e3) / 10);
			__ticks --;
    29ea:	8f 89       	ldd	r24, Y+23	; 0x17
    29ec:	98 8d       	ldd	r25, Y+24	; 0x18
    29ee:	01 97       	sbiw	r24, 0x01	; 1
    29f0:	8f 8b       	std	Y+23, r24	; 0x17
    29f2:	98 8f       	std	Y+24, r25	; 0x18
		__ticks = 1;
	else if (__tmp > 65535)
	{
		//	__ticks = requested delay in 1/10 ms
		__ticks = (uint16_t) (__ms * 10.0);
		while(__ticks)
    29f4:	8f 89       	ldd	r24, Y+23	; 0x17
    29f6:	98 8d       	ldd	r25, Y+24	; 0x18
    29f8:	89 2b       	or	r24, r25
    29fa:	69 f7       	brne	.-38     	; 0x29d6 <vApplicationMallocFailedHook+0xc0>
    29fc:	14 c0       	rjmp	.+40     	; 0x2a26 <vApplicationMallocFailedHook+0x110>
			__ticks --;
		}
		return;
	}
	else
		__ticks = (uint16_t)__tmp;
    29fe:	6b 89       	ldd	r22, Y+19	; 0x13
    2a00:	7c 89       	ldd	r23, Y+20	; 0x14
    2a02:	8d 89       	ldd	r24, Y+21	; 0x15
    2a04:	9e 89       	ldd	r25, Y+22	; 0x16
    2a06:	0e 94 3c 19 	call	0x3278	; 0x3278 <__fixunssfsi>
    2a0a:	dc 01       	movw	r26, r24
    2a0c:	cb 01       	movw	r24, r22
    2a0e:	8f 8b       	std	Y+23, r24	; 0x17
    2a10:	98 8f       	std	Y+24, r25	; 0x18
    2a12:	8f 89       	ldd	r24, Y+23	; 0x17
    2a14:	98 8d       	ldd	r25, Y+24	; 0x18
    2a16:	8b 8f       	std	Y+27, r24	; 0x1b
    2a18:	9c 8f       	std	Y+28, r25	; 0x1c
    2a1a:	8b 8d       	ldd	r24, Y+27	; 0x1b
    2a1c:	9c 8d       	ldd	r25, Y+28	; 0x1c
    2a1e:	01 97       	sbiw	r24, 0x01	; 1
    2a20:	f1 f7       	brne	.-4      	; 0x2a1e <vApplicationMallocFailedHook+0x108>
    2a22:	8b 8f       	std	Y+27, r24	; 0x1b
    2a24:	9c 8f       	std	Y+28, r25	; 0x1c
		_delay_ms(100);
		CLR_ERR_LED();
    2a26:	80 e0       	ldi	r24, 0x00	; 0
    2a28:	96 e0       	ldi	r25, 0x06	; 6
    2a2a:	20 e8       	ldi	r18, 0x80	; 128
    2a2c:	fc 01       	movw	r30, r24
    2a2e:	26 83       	std	Z+6, r18	; 0x06
    2a30:	80 e0       	ldi	r24, 0x00	; 0
    2a32:	90 e0       	ldi	r25, 0x00	; 0
    2a34:	a8 ec       	ldi	r26, 0xC8	; 200
    2a36:	b2 e4       	ldi	r27, 0x42	; 66
    2a38:	8d 83       	std	Y+5, r24	; 0x05
    2a3a:	9e 83       	std	Y+6, r25	; 0x06
    2a3c:	af 83       	std	Y+7, r26	; 0x07
    2a3e:	b8 87       	std	Y+8, r27	; 0x08

	__builtin_avr_delay_cycles(__ticks_dc);

#else
	uint16_t __ticks;
	__tmp = ((F_CPU) / 4e3) * __ms;
    2a40:	20 e0       	ldi	r18, 0x00	; 0
    2a42:	30 e0       	ldi	r19, 0x00	; 0
    2a44:	4a ef       	ldi	r20, 0xFA	; 250
    2a46:	55 e4       	ldi	r21, 0x45	; 69
    2a48:	6d 81       	ldd	r22, Y+5	; 0x05
    2a4a:	7e 81       	ldd	r23, Y+6	; 0x06
    2a4c:	8f 81       	ldd	r24, Y+7	; 0x07
    2a4e:	98 85       	ldd	r25, Y+8	; 0x08
    2a50:	0e 94 22 1a 	call	0x3444	; 0x3444 <__mulsf3>
    2a54:	dc 01       	movw	r26, r24
    2a56:	cb 01       	movw	r24, r22
    2a58:	89 87       	std	Y+9, r24	; 0x09
    2a5a:	9a 87       	std	Y+10, r25	; 0x0a
    2a5c:	ab 87       	std	Y+11, r26	; 0x0b
    2a5e:	bc 87       	std	Y+12, r27	; 0x0c
	if (__tmp < 1.0)
    2a60:	20 e0       	ldi	r18, 0x00	; 0
    2a62:	30 e0       	ldi	r19, 0x00	; 0
    2a64:	40 e8       	ldi	r20, 0x80	; 128
    2a66:	5f e3       	ldi	r21, 0x3F	; 63
    2a68:	69 85       	ldd	r22, Y+9	; 0x09
    2a6a:	7a 85       	ldd	r23, Y+10	; 0x0a
    2a6c:	8b 85       	ldd	r24, Y+11	; 0x0b
    2a6e:	9c 85       	ldd	r25, Y+12	; 0x0c
    2a70:	0e 94 c5 18 	call	0x318a	; 0x318a <__cmpsf2>
    2a74:	88 23       	and	r24, r24
    2a76:	2c f4       	brge	.+10     	; 0x2a82 <vApplicationMallocFailedHook+0x16c>
		__ticks = 1;
    2a78:	81 e0       	ldi	r24, 0x01	; 1
    2a7a:	90 e0       	ldi	r25, 0x00	; 0
    2a7c:	8d 87       	std	Y+13, r24	; 0x0d
    2a7e:	9e 87       	std	Y+14, r25	; 0x0e
    2a80:	3f c0       	rjmp	.+126    	; 0x2b00 <vApplicationMallocFailedHook+0x1ea>
	else if (__tmp > 65535)
    2a82:	20 e0       	ldi	r18, 0x00	; 0
    2a84:	3f ef       	ldi	r19, 0xFF	; 255
    2a86:	4f e7       	ldi	r20, 0x7F	; 127
    2a88:	57 e4       	ldi	r21, 0x47	; 71
    2a8a:	69 85       	ldd	r22, Y+9	; 0x09
    2a8c:	7a 85       	ldd	r23, Y+10	; 0x0a
    2a8e:	8b 85       	ldd	r24, Y+11	; 0x0b
    2a90:	9c 85       	ldd	r25, Y+12	; 0x0c
    2a92:	0e 94 1d 1a 	call	0x343a	; 0x343a <__gesf2>
    2a96:	18 16       	cp	r1, r24
    2a98:	4c f5       	brge	.+82     	; 0x2aec <vApplicationMallocFailedHook+0x1d6>
	{
		//	__ticks = requested delay in 1/10 ms
		__ticks = (uint16_t) (__ms * 10.0);
    2a9a:	20 e0       	ldi	r18, 0x00	; 0
    2a9c:	30 e0       	ldi	r19, 0x00	; 0
    2a9e:	40 e2       	ldi	r20, 0x20	; 32
    2aa0:	51 e4       	ldi	r21, 0x41	; 65
    2aa2:	6d 81       	ldd	r22, Y+5	; 0x05
    2aa4:	7e 81       	ldd	r23, Y+6	; 0x06
    2aa6:	8f 81       	ldd	r24, Y+7	; 0x07
    2aa8:	98 85       	ldd	r25, Y+8	; 0x08
    2aaa:	0e 94 22 1a 	call	0x3444	; 0x3444 <__mulsf3>
    2aae:	dc 01       	movw	r26, r24
    2ab0:	cb 01       	movw	r24, r22
    2ab2:	bc 01       	movw	r22, r24
    2ab4:	cd 01       	movw	r24, r26
    2ab6:	0e 94 3c 19 	call	0x3278	; 0x3278 <__fixunssfsi>
    2aba:	dc 01       	movw	r26, r24
    2abc:	cb 01       	movw	r24, r22
    2abe:	8d 87       	std	Y+13, r24	; 0x0d
    2ac0:	9e 87       	std	Y+14, r25	; 0x0e
    2ac2:	0f c0       	rjmp	.+30     	; 0x2ae2 <vApplicationMallocFailedHook+0x1cc>
    2ac4:	80 e2       	ldi	r24, 0x20	; 32
    2ac6:	93 e0       	ldi	r25, 0x03	; 3
    2ac8:	8f 87       	std	Y+15, r24	; 0x0f
    2aca:	98 8b       	std	Y+16, r25	; 0x10
    2acc:	8f 85       	ldd	r24, Y+15	; 0x0f
    2ace:	98 89       	ldd	r25, Y+16	; 0x10
    2ad0:	01 97       	sbiw	r24, 0x01	; 1
    2ad2:	f1 f7       	brne	.-4      	; 0x2ad0 <vApplicationMallocFailedHook+0x1ba>
    2ad4:	8f 87       	std	Y+15, r24	; 0x0f
    2ad6:	98 8b       	std	Y+16, r25	; 0x10
		while(__ticks)
		{
			// wait 1/10 ms
			_delay_loop_2(((F_CPU) / 4e3) / 10);
			__ticks --;
    2ad8:	8d 85       	ldd	r24, Y+13	; 0x0d
    2ada:	9e 85       	ldd	r25, Y+14	; 0x0e
    2adc:	01 97       	sbiw	r24, 0x01	; 1
    2ade:	8d 87       	std	Y+13, r24	; 0x0d
    2ae0:	9e 87       	std	Y+14, r25	; 0x0e
		__ticks = 1;
	else if (__tmp > 65535)
	{
		//	__ticks = requested delay in 1/10 ms
		__ticks = (uint16_t) (__ms * 10.0);
		while(__ticks)
    2ae2:	8d 85       	ldd	r24, Y+13	; 0x0d
    2ae4:	9e 85       	ldd	r25, Y+14	; 0x0e
    2ae6:	89 2b       	or	r24, r25
    2ae8:	69 f7       	brne	.-38     	; 0x2ac4 <vApplicationMallocFailedHook+0x1ae>
    2aea:	14 c0       	rjmp	.+40     	; 0x2b14 <vApplicationMallocFailedHook+0x1fe>
			__ticks --;
		}
		return;
	}
	else
		__ticks = (uint16_t)__tmp;
    2aec:	69 85       	ldd	r22, Y+9	; 0x09
    2aee:	7a 85       	ldd	r23, Y+10	; 0x0a
    2af0:	8b 85       	ldd	r24, Y+11	; 0x0b
    2af2:	9c 85       	ldd	r25, Y+12	; 0x0c
    2af4:	0e 94 3c 19 	call	0x3278	; 0x3278 <__fixunssfsi>
    2af8:	dc 01       	movw	r26, r24
    2afa:	cb 01       	movw	r24, r22
    2afc:	8d 87       	std	Y+13, r24	; 0x0d
    2afe:	9e 87       	std	Y+14, r25	; 0x0e
    2b00:	8d 85       	ldd	r24, Y+13	; 0x0d
    2b02:	9e 85       	ldd	r25, Y+14	; 0x0e
    2b04:	89 8b       	std	Y+17, r24	; 0x11
    2b06:	9a 8b       	std	Y+18, r25	; 0x12
    2b08:	89 89       	ldd	r24, Y+17	; 0x11
    2b0a:	9a 89       	ldd	r25, Y+18	; 0x12
    2b0c:	01 97       	sbiw	r24, 0x01	; 1
    2b0e:	f1 f7       	brne	.-4      	; 0x2b0c <vApplicationMallocFailedHook+0x1f6>
    2b10:	89 8b       	std	Y+17, r24	; 0x11
    2b12:	9a 8b       	std	Y+18, r25	; 0x12
		_delay_ms(100);
	}
    2b14:	11 cf       	rjmp	.-478    	; 0x2938 <vApplicationMallocFailedHook+0x22>

00002b16 <vApplicationStackOverflowHook>:
}



void vApplicationStackOverflowHook( TaskHandle_t xTask,signed char *pcTaskName )
{
    2b16:	cf 93       	push	r28
    2b18:	df 93       	push	r29
    2b1a:	cd b7       	in	r28, 0x3d	; 61
    2b1c:	de b7       	in	r29, 0x3e	; 62
    2b1e:	a0 97       	sbiw	r28, 0x20	; 32
    2b20:	cd bf       	out	0x3d, r28	; 61
    2b22:	de bf       	out	0x3e, r29	; 62
    2b24:	8d 8f       	std	Y+29, r24	; 0x1d
    2b26:	9e 8f       	std	Y+30, r25	; 0x1e
    2b28:	6f 8f       	std	Y+31, r22	; 0x1f
    2b2a:	78 a3       	std	Y+32, r23	; 0x20
	taskDISABLE_INTERRUPTS();
    2b2c:	f8 94       	cli
	CFG_ERR_LED();
    2b2e:	80 e0       	ldi	r24, 0x00	; 0
    2b30:	96 e0       	ldi	r25, 0x06	; 6
    2b32:	20 e8       	ldi	r18, 0x80	; 128
    2b34:	fc 01       	movw	r30, r24
    2b36:	21 83       	std	Z+1, r18	; 0x01
	DbgPrint("STACK overflow in task ");
    2b38:	8b e7       	ldi	r24, 0x7B	; 123
    2b3a:	90 e2       	ldi	r25, 0x20	; 32
    2b3c:	0e 94 17 02 	call	0x42e	; 0x42e <DbgPrint>
	DbgPrintn(pcTaskName,10);
    2b40:	8f 8d       	ldd	r24, Y+31	; 0x1f
    2b42:	98 a1       	ldd	r25, Y+32	; 0x20
    2b44:	6a e0       	ldi	r22, 0x0A	; 10
    2b46:	70 e0       	ldi	r23, 0x00	; 0
    2b48:	0e 94 2b 02 	call	0x456	; 0x456 <DbgPrintn>
	DbgPrint("\r\n");
    2b4c:	83 e9       	ldi	r24, 0x93	; 147
    2b4e:	90 e2       	ldi	r25, 0x20	; 32
    2b50:	0e 94 17 02 	call	0x42e	; 0x42e <DbgPrint>
	while (1)
	{
		SET_ERR_LED();
    2b54:	80 e0       	ldi	r24, 0x00	; 0
    2b56:	96 e0       	ldi	r25, 0x06	; 6
    2b58:	20 e8       	ldi	r18, 0x80	; 128
    2b5a:	fc 01       	movw	r30, r24
    2b5c:	25 83       	std	Z+5, r18	; 0x05
    2b5e:	80 e0       	ldi	r24, 0x00	; 0
    2b60:	90 e0       	ldi	r25, 0x00	; 0
    2b62:	aa ef       	ldi	r26, 0xFA	; 250
    2b64:	b3 e4       	ldi	r27, 0x43	; 67
    2b66:	89 83       	std	Y+1, r24	; 0x01
    2b68:	9a 83       	std	Y+2, r25	; 0x02
    2b6a:	ab 83       	std	Y+3, r26	; 0x03
    2b6c:	bc 83       	std	Y+4, r27	; 0x04

	__builtin_avr_delay_cycles(__ticks_dc);

#else
	uint16_t __ticks;
	__tmp = ((F_CPU) / 4e3) * __ms;
    2b6e:	20 e0       	ldi	r18, 0x00	; 0
    2b70:	30 e0       	ldi	r19, 0x00	; 0
    2b72:	4a ef       	ldi	r20, 0xFA	; 250
    2b74:	55 e4       	ldi	r21, 0x45	; 69
    2b76:	69 81       	ldd	r22, Y+1	; 0x01
    2b78:	7a 81       	ldd	r23, Y+2	; 0x02
    2b7a:	8b 81       	ldd	r24, Y+3	; 0x03
    2b7c:	9c 81       	ldd	r25, Y+4	; 0x04
    2b7e:	0e 94 22 1a 	call	0x3444	; 0x3444 <__mulsf3>
    2b82:	dc 01       	movw	r26, r24
    2b84:	cb 01       	movw	r24, r22
    2b86:	8b 8b       	std	Y+19, r24	; 0x13
    2b88:	9c 8b       	std	Y+20, r25	; 0x14
    2b8a:	ad 8b       	std	Y+21, r26	; 0x15
    2b8c:	be 8b       	std	Y+22, r27	; 0x16
	if (__tmp < 1.0)
    2b8e:	20 e0       	ldi	r18, 0x00	; 0
    2b90:	30 e0       	ldi	r19, 0x00	; 0
    2b92:	40 e8       	ldi	r20, 0x80	; 128
    2b94:	5f e3       	ldi	r21, 0x3F	; 63
    2b96:	6b 89       	ldd	r22, Y+19	; 0x13
    2b98:	7c 89       	ldd	r23, Y+20	; 0x14
    2b9a:	8d 89       	ldd	r24, Y+21	; 0x15
    2b9c:	9e 89       	ldd	r25, Y+22	; 0x16
    2b9e:	0e 94 c5 18 	call	0x318a	; 0x318a <__cmpsf2>
    2ba2:	88 23       	and	r24, r24
    2ba4:	2c f4       	brge	.+10     	; 0x2bb0 <vApplicationStackOverflowHook+0x9a>
		__ticks = 1;
    2ba6:	81 e0       	ldi	r24, 0x01	; 1
    2ba8:	90 e0       	ldi	r25, 0x00	; 0
    2baa:	8f 8b       	std	Y+23, r24	; 0x17
    2bac:	98 8f       	std	Y+24, r25	; 0x18
    2bae:	3f c0       	rjmp	.+126    	; 0x2c2e <vApplicationStackOverflowHook+0x118>
	else if (__tmp > 65535)
    2bb0:	20 e0       	ldi	r18, 0x00	; 0
    2bb2:	3f ef       	ldi	r19, 0xFF	; 255
    2bb4:	4f e7       	ldi	r20, 0x7F	; 127
    2bb6:	57 e4       	ldi	r21, 0x47	; 71
    2bb8:	6b 89       	ldd	r22, Y+19	; 0x13
    2bba:	7c 89       	ldd	r23, Y+20	; 0x14
    2bbc:	8d 89       	ldd	r24, Y+21	; 0x15
    2bbe:	9e 89       	ldd	r25, Y+22	; 0x16
    2bc0:	0e 94 1d 1a 	call	0x343a	; 0x343a <__gesf2>
    2bc4:	18 16       	cp	r1, r24
    2bc6:	4c f5       	brge	.+82     	; 0x2c1a <vApplicationStackOverflowHook+0x104>
	{
		//	__ticks = requested delay in 1/10 ms
		__ticks = (uint16_t) (__ms * 10.0);
    2bc8:	20 e0       	ldi	r18, 0x00	; 0
    2bca:	30 e0       	ldi	r19, 0x00	; 0
    2bcc:	40 e2       	ldi	r20, 0x20	; 32
    2bce:	51 e4       	ldi	r21, 0x41	; 65
    2bd0:	69 81       	ldd	r22, Y+1	; 0x01
    2bd2:	7a 81       	ldd	r23, Y+2	; 0x02
    2bd4:	8b 81       	ldd	r24, Y+3	; 0x03
    2bd6:	9c 81       	ldd	r25, Y+4	; 0x04
    2bd8:	0e 94 22 1a 	call	0x3444	; 0x3444 <__mulsf3>
    2bdc:	dc 01       	movw	r26, r24
    2bde:	cb 01       	movw	r24, r22
    2be0:	bc 01       	movw	r22, r24
    2be2:	cd 01       	movw	r24, r26
    2be4:	0e 94 3c 19 	call	0x3278	; 0x3278 <__fixunssfsi>
    2be8:	dc 01       	movw	r26, r24
    2bea:	cb 01       	movw	r24, r22
    2bec:	8f 8b       	std	Y+23, r24	; 0x17
    2bee:	98 8f       	std	Y+24, r25	; 0x18
    2bf0:	0f c0       	rjmp	.+30     	; 0x2c10 <vApplicationStackOverflowHook+0xfa>
    2bf2:	80 e2       	ldi	r24, 0x20	; 32
    2bf4:	93 e0       	ldi	r25, 0x03	; 3
    2bf6:	89 8f       	std	Y+25, r24	; 0x19
    2bf8:	9a 8f       	std	Y+26, r25	; 0x1a
    2bfa:	89 8d       	ldd	r24, Y+25	; 0x19
    2bfc:	9a 8d       	ldd	r25, Y+26	; 0x1a
    2bfe:	01 97       	sbiw	r24, 0x01	; 1
    2c00:	f1 f7       	brne	.-4      	; 0x2bfe <vApplicationStackOverflowHook+0xe8>
    2c02:	89 8f       	std	Y+25, r24	; 0x19
    2c04:	9a 8f       	std	Y+26, r25	; 0x1a
		while(__ticks)
		{
			// wait 1/10 ms
			_delay_loop_2(((F_CPU) / 4e3) / 10);
			__ticks --;
    2c06:	8f 89       	ldd	r24, Y+23	; 0x17
    2c08:	98 8d       	ldd	r25, Y+24	; 0x18
    2c0a:	01 97       	sbiw	r24, 0x01	; 1
    2c0c:	8f 8b       	std	Y+23, r24	; 0x17
    2c0e:	98 8f       	std	Y+24, r25	; 0x18
		__ticks = 1;
	else if (__tmp > 65535)
	{
		//	__ticks = requested delay in 1/10 ms
		__ticks = (uint16_t) (__ms * 10.0);
		while(__ticks)
    2c10:	8f 89       	ldd	r24, Y+23	; 0x17
    2c12:	98 8d       	ldd	r25, Y+24	; 0x18
    2c14:	89 2b       	or	r24, r25
    2c16:	69 f7       	brne	.-38     	; 0x2bf2 <vApplicationStackOverflowHook+0xdc>
    2c18:	14 c0       	rjmp	.+40     	; 0x2c42 <vApplicationStackOverflowHook+0x12c>
			__ticks --;
		}
		return;
	}
	else
		__ticks = (uint16_t)__tmp;
    2c1a:	6b 89       	ldd	r22, Y+19	; 0x13
    2c1c:	7c 89       	ldd	r23, Y+20	; 0x14
    2c1e:	8d 89       	ldd	r24, Y+21	; 0x15
    2c20:	9e 89       	ldd	r25, Y+22	; 0x16
    2c22:	0e 94 3c 19 	call	0x3278	; 0x3278 <__fixunssfsi>
    2c26:	dc 01       	movw	r26, r24
    2c28:	cb 01       	movw	r24, r22
    2c2a:	8f 8b       	std	Y+23, r24	; 0x17
    2c2c:	98 8f       	std	Y+24, r25	; 0x18
    2c2e:	8f 89       	ldd	r24, Y+23	; 0x17
    2c30:	98 8d       	ldd	r25, Y+24	; 0x18
    2c32:	8b 8f       	std	Y+27, r24	; 0x1b
    2c34:	9c 8f       	std	Y+28, r25	; 0x1c
    2c36:	8b 8d       	ldd	r24, Y+27	; 0x1b
    2c38:	9c 8d       	ldd	r25, Y+28	; 0x1c
    2c3a:	01 97       	sbiw	r24, 0x01	; 1
    2c3c:	f1 f7       	brne	.-4      	; 0x2c3a <vApplicationStackOverflowHook+0x124>
    2c3e:	8b 8f       	std	Y+27, r24	; 0x1b
    2c40:	9c 8f       	std	Y+28, r25	; 0x1c
		_delay_ms(500);
		CLR_ERR_LED();
    2c42:	80 e0       	ldi	r24, 0x00	; 0
    2c44:	96 e0       	ldi	r25, 0x06	; 6
    2c46:	20 e8       	ldi	r18, 0x80	; 128
    2c48:	fc 01       	movw	r30, r24
    2c4a:	26 83       	std	Z+6, r18	; 0x06
    2c4c:	80 e0       	ldi	r24, 0x00	; 0
    2c4e:	90 e0       	ldi	r25, 0x00	; 0
    2c50:	aa ef       	ldi	r26, 0xFA	; 250
    2c52:	b3 e4       	ldi	r27, 0x43	; 67
    2c54:	8d 83       	std	Y+5, r24	; 0x05
    2c56:	9e 83       	std	Y+6, r25	; 0x06
    2c58:	af 83       	std	Y+7, r26	; 0x07
    2c5a:	b8 87       	std	Y+8, r27	; 0x08

	__builtin_avr_delay_cycles(__ticks_dc);

#else
	uint16_t __ticks;
	__tmp = ((F_CPU) / 4e3) * __ms;
    2c5c:	20 e0       	ldi	r18, 0x00	; 0
    2c5e:	30 e0       	ldi	r19, 0x00	; 0
    2c60:	4a ef       	ldi	r20, 0xFA	; 250
    2c62:	55 e4       	ldi	r21, 0x45	; 69
    2c64:	6d 81       	ldd	r22, Y+5	; 0x05
    2c66:	7e 81       	ldd	r23, Y+6	; 0x06
    2c68:	8f 81       	ldd	r24, Y+7	; 0x07
    2c6a:	98 85       	ldd	r25, Y+8	; 0x08
    2c6c:	0e 94 22 1a 	call	0x3444	; 0x3444 <__mulsf3>
    2c70:	dc 01       	movw	r26, r24
    2c72:	cb 01       	movw	r24, r22
    2c74:	89 87       	std	Y+9, r24	; 0x09
    2c76:	9a 87       	std	Y+10, r25	; 0x0a
    2c78:	ab 87       	std	Y+11, r26	; 0x0b
    2c7a:	bc 87       	std	Y+12, r27	; 0x0c
	if (__tmp < 1.0)
    2c7c:	20 e0       	ldi	r18, 0x00	; 0
    2c7e:	30 e0       	ldi	r19, 0x00	; 0
    2c80:	40 e8       	ldi	r20, 0x80	; 128
    2c82:	5f e3       	ldi	r21, 0x3F	; 63
    2c84:	69 85       	ldd	r22, Y+9	; 0x09
    2c86:	7a 85       	ldd	r23, Y+10	; 0x0a
    2c88:	8b 85       	ldd	r24, Y+11	; 0x0b
    2c8a:	9c 85       	ldd	r25, Y+12	; 0x0c
    2c8c:	0e 94 c5 18 	call	0x318a	; 0x318a <__cmpsf2>
    2c90:	88 23       	and	r24, r24
    2c92:	2c f4       	brge	.+10     	; 0x2c9e <vApplicationStackOverflowHook+0x188>
		__ticks = 1;
    2c94:	81 e0       	ldi	r24, 0x01	; 1
    2c96:	90 e0       	ldi	r25, 0x00	; 0
    2c98:	8d 87       	std	Y+13, r24	; 0x0d
    2c9a:	9e 87       	std	Y+14, r25	; 0x0e
    2c9c:	3f c0       	rjmp	.+126    	; 0x2d1c <vApplicationStackOverflowHook+0x206>
	else if (__tmp > 65535)
    2c9e:	20 e0       	ldi	r18, 0x00	; 0
    2ca0:	3f ef       	ldi	r19, 0xFF	; 255
    2ca2:	4f e7       	ldi	r20, 0x7F	; 127
    2ca4:	57 e4       	ldi	r21, 0x47	; 71
    2ca6:	69 85       	ldd	r22, Y+9	; 0x09
    2ca8:	7a 85       	ldd	r23, Y+10	; 0x0a
    2caa:	8b 85       	ldd	r24, Y+11	; 0x0b
    2cac:	9c 85       	ldd	r25, Y+12	; 0x0c
    2cae:	0e 94 1d 1a 	call	0x343a	; 0x343a <__gesf2>
    2cb2:	18 16       	cp	r1, r24
    2cb4:	4c f5       	brge	.+82     	; 0x2d08 <vApplicationStackOverflowHook+0x1f2>
	{
		//	__ticks = requested delay in 1/10 ms
		__ticks = (uint16_t) (__ms * 10.0);
    2cb6:	20 e0       	ldi	r18, 0x00	; 0
    2cb8:	30 e0       	ldi	r19, 0x00	; 0
    2cba:	40 e2       	ldi	r20, 0x20	; 32
    2cbc:	51 e4       	ldi	r21, 0x41	; 65
    2cbe:	6d 81       	ldd	r22, Y+5	; 0x05
    2cc0:	7e 81       	ldd	r23, Y+6	; 0x06
    2cc2:	8f 81       	ldd	r24, Y+7	; 0x07
    2cc4:	98 85       	ldd	r25, Y+8	; 0x08
    2cc6:	0e 94 22 1a 	call	0x3444	; 0x3444 <__mulsf3>
    2cca:	dc 01       	movw	r26, r24
    2ccc:	cb 01       	movw	r24, r22
    2cce:	bc 01       	movw	r22, r24
    2cd0:	cd 01       	movw	r24, r26
    2cd2:	0e 94 3c 19 	call	0x3278	; 0x3278 <__fixunssfsi>
    2cd6:	dc 01       	movw	r26, r24
    2cd8:	cb 01       	movw	r24, r22
    2cda:	8d 87       	std	Y+13, r24	; 0x0d
    2cdc:	9e 87       	std	Y+14, r25	; 0x0e
    2cde:	0f c0       	rjmp	.+30     	; 0x2cfe <vApplicationStackOverflowHook+0x1e8>
    2ce0:	80 e2       	ldi	r24, 0x20	; 32
    2ce2:	93 e0       	ldi	r25, 0x03	; 3
    2ce4:	8f 87       	std	Y+15, r24	; 0x0f
    2ce6:	98 8b       	std	Y+16, r25	; 0x10
    2ce8:	8f 85       	ldd	r24, Y+15	; 0x0f
    2cea:	98 89       	ldd	r25, Y+16	; 0x10
    2cec:	01 97       	sbiw	r24, 0x01	; 1
    2cee:	f1 f7       	brne	.-4      	; 0x2cec <vApplicationStackOverflowHook+0x1d6>
    2cf0:	8f 87       	std	Y+15, r24	; 0x0f
    2cf2:	98 8b       	std	Y+16, r25	; 0x10
		while(__ticks)
		{
			// wait 1/10 ms
			_delay_loop_2(((F_CPU) / 4e3) / 10);
			__ticks --;
    2cf4:	8d 85       	ldd	r24, Y+13	; 0x0d
    2cf6:	9e 85       	ldd	r25, Y+14	; 0x0e
    2cf8:	01 97       	sbiw	r24, 0x01	; 1
    2cfa:	8d 87       	std	Y+13, r24	; 0x0d
    2cfc:	9e 87       	std	Y+14, r25	; 0x0e
		__ticks = 1;
	else if (__tmp > 65535)
	{
		//	__ticks = requested delay in 1/10 ms
		__ticks = (uint16_t) (__ms * 10.0);
		while(__ticks)
    2cfe:	8d 85       	ldd	r24, Y+13	; 0x0d
    2d00:	9e 85       	ldd	r25, Y+14	; 0x0e
    2d02:	89 2b       	or	r24, r25
    2d04:	69 f7       	brne	.-38     	; 0x2ce0 <vApplicationStackOverflowHook+0x1ca>
    2d06:	14 c0       	rjmp	.+40     	; 0x2d30 <vApplicationStackOverflowHook+0x21a>
			__ticks --;
		}
		return;
	}
	else
		__ticks = (uint16_t)__tmp;
    2d08:	69 85       	ldd	r22, Y+9	; 0x09
    2d0a:	7a 85       	ldd	r23, Y+10	; 0x0a
    2d0c:	8b 85       	ldd	r24, Y+11	; 0x0b
    2d0e:	9c 85       	ldd	r25, Y+12	; 0x0c
    2d10:	0e 94 3c 19 	call	0x3278	; 0x3278 <__fixunssfsi>
    2d14:	dc 01       	movw	r26, r24
    2d16:	cb 01       	movw	r24, r22
    2d18:	8d 87       	std	Y+13, r24	; 0x0d
    2d1a:	9e 87       	std	Y+14, r25	; 0x0e
    2d1c:	8d 85       	ldd	r24, Y+13	; 0x0d
    2d1e:	9e 85       	ldd	r25, Y+14	; 0x0e
    2d20:	89 8b       	std	Y+17, r24	; 0x11
    2d22:	9a 8b       	std	Y+18, r25	; 0x12
    2d24:	89 89       	ldd	r24, Y+17	; 0x11
    2d26:	9a 89       	ldd	r25, Y+18	; 0x12
    2d28:	01 97       	sbiw	r24, 0x01	; 1
    2d2a:	f1 f7       	brne	.-4      	; 0x2d28 <vApplicationStackOverflowHook+0x212>
    2d2c:	89 8b       	std	Y+17, r24	; 0x11
    2d2e:	9a 8b       	std	Y+18, r25	; 0x12
		_delay_ms(500);
	}
    2d30:	11 cf       	rjmp	.-478    	; 0x2b54 <vApplicationStackOverflowHook+0x3e>

00002d32 <vAssertCalled>:
}

void vAssertCalled( char *File, int Line)
{
    2d32:	cf 93       	push	r28
    2d34:	df 93       	push	r29
    2d36:	cd b7       	in	r28, 0x3d	; 61
    2d38:	de b7       	in	r29, 0x3e	; 62
    2d3a:	a0 97       	sbiw	r28, 0x20	; 32
    2d3c:	cd bf       	out	0x3d, r28	; 61
    2d3e:	de bf       	out	0x3e, r29	; 62
    2d40:	8d 8f       	std	Y+29, r24	; 0x1d
    2d42:	9e 8f       	std	Y+30, r25	; 0x1e
    2d44:	6f 8f       	std	Y+31, r22	; 0x1f
    2d46:	78 a3       	std	Y+32, r23	; 0x20
	taskDISABLE_INTERRUPTS();	
    2d48:	f8 94       	cli
	CFG_ERR_LED();
    2d4a:	80 e0       	ldi	r24, 0x00	; 0
    2d4c:	96 e0       	ldi	r25, 0x06	; 6
    2d4e:	20 e8       	ldi	r18, 0x80	; 128
    2d50:	fc 01       	movw	r30, r24
    2d52:	21 83       	std	Z+1, r18	; 0x01
	DbgPrint("Assert in file ");
    2d54:	86 e9       	ldi	r24, 0x96	; 150
    2d56:	90 e2       	ldi	r25, 0x20	; 32
    2d58:	0e 94 17 02 	call	0x42e	; 0x42e <DbgPrint>
	DbgPrintn(File,100);
    2d5c:	8d 8d       	ldd	r24, Y+29	; 0x1d
    2d5e:	9e 8d       	ldd	r25, Y+30	; 0x1e
    2d60:	64 e6       	ldi	r22, 0x64	; 100
    2d62:	70 e0       	ldi	r23, 0x00	; 0
    2d64:	0e 94 2b 02 	call	0x456	; 0x456 <DbgPrintn>
	DbgPrint(", line nr ");
    2d68:	86 ea       	ldi	r24, 0xA6	; 166
    2d6a:	90 e2       	ldi	r25, 0x20	; 32
    2d6c:	0e 94 17 02 	call	0x42e	; 0x42e <DbgPrint>
	DbgPrintInt(Line);
    2d70:	8f 8d       	ldd	r24, Y+31	; 0x1f
    2d72:	98 a1       	ldd	r25, Y+32	; 0x20
    2d74:	0e 94 7a 02 	call	0x4f4	; 0x4f4 <DbgPrintInt>
	DbgPrint("\r\n");
    2d78:	83 e9       	ldi	r24, 0x93	; 147
    2d7a:	90 e2       	ldi	r25, 0x20	; 32
    2d7c:	0e 94 17 02 	call	0x42e	; 0x42e <DbgPrint>

	while (1)
	{
		SET_ERR_LED();
    2d80:	80 e0       	ldi	r24, 0x00	; 0
    2d82:	96 e0       	ldi	r25, 0x06	; 6
    2d84:	20 e8       	ldi	r18, 0x80	; 128
    2d86:	fc 01       	movw	r30, r24
    2d88:	25 83       	std	Z+5, r18	; 0x05
    2d8a:	80 e0       	ldi	r24, 0x00	; 0
    2d8c:	90 e0       	ldi	r25, 0x00	; 0
    2d8e:	a8 ec       	ldi	r26, 0xC8	; 200
    2d90:	b2 e4       	ldi	r27, 0x42	; 66
    2d92:	89 83       	std	Y+1, r24	; 0x01
    2d94:	9a 83       	std	Y+2, r25	; 0x02
    2d96:	ab 83       	std	Y+3, r26	; 0x03
    2d98:	bc 83       	std	Y+4, r27	; 0x04

	__builtin_avr_delay_cycles(__ticks_dc);

#else
	uint16_t __ticks;
	__tmp = ((F_CPU) / 4e3) * __ms;
    2d9a:	20 e0       	ldi	r18, 0x00	; 0
    2d9c:	30 e0       	ldi	r19, 0x00	; 0
    2d9e:	4a ef       	ldi	r20, 0xFA	; 250
    2da0:	55 e4       	ldi	r21, 0x45	; 69
    2da2:	69 81       	ldd	r22, Y+1	; 0x01
    2da4:	7a 81       	ldd	r23, Y+2	; 0x02
    2da6:	8b 81       	ldd	r24, Y+3	; 0x03
    2da8:	9c 81       	ldd	r25, Y+4	; 0x04
    2daa:	0e 94 22 1a 	call	0x3444	; 0x3444 <__mulsf3>
    2dae:	dc 01       	movw	r26, r24
    2db0:	cb 01       	movw	r24, r22
    2db2:	8b 8b       	std	Y+19, r24	; 0x13
    2db4:	9c 8b       	std	Y+20, r25	; 0x14
    2db6:	ad 8b       	std	Y+21, r26	; 0x15
    2db8:	be 8b       	std	Y+22, r27	; 0x16
	if (__tmp < 1.0)
    2dba:	20 e0       	ldi	r18, 0x00	; 0
    2dbc:	30 e0       	ldi	r19, 0x00	; 0
    2dbe:	40 e8       	ldi	r20, 0x80	; 128
    2dc0:	5f e3       	ldi	r21, 0x3F	; 63
    2dc2:	6b 89       	ldd	r22, Y+19	; 0x13
    2dc4:	7c 89       	ldd	r23, Y+20	; 0x14
    2dc6:	8d 89       	ldd	r24, Y+21	; 0x15
    2dc8:	9e 89       	ldd	r25, Y+22	; 0x16
    2dca:	0e 94 c5 18 	call	0x318a	; 0x318a <__cmpsf2>
    2dce:	88 23       	and	r24, r24
    2dd0:	2c f4       	brge	.+10     	; 0x2ddc <vAssertCalled+0xaa>
		__ticks = 1;
    2dd2:	81 e0       	ldi	r24, 0x01	; 1
    2dd4:	90 e0       	ldi	r25, 0x00	; 0
    2dd6:	8f 8b       	std	Y+23, r24	; 0x17
    2dd8:	98 8f       	std	Y+24, r25	; 0x18
    2dda:	3f c0       	rjmp	.+126    	; 0x2e5a <vAssertCalled+0x128>
	else if (__tmp > 65535)
    2ddc:	20 e0       	ldi	r18, 0x00	; 0
    2dde:	3f ef       	ldi	r19, 0xFF	; 255
    2de0:	4f e7       	ldi	r20, 0x7F	; 127
    2de2:	57 e4       	ldi	r21, 0x47	; 71
    2de4:	6b 89       	ldd	r22, Y+19	; 0x13
    2de6:	7c 89       	ldd	r23, Y+20	; 0x14
    2de8:	8d 89       	ldd	r24, Y+21	; 0x15
    2dea:	9e 89       	ldd	r25, Y+22	; 0x16
    2dec:	0e 94 1d 1a 	call	0x343a	; 0x343a <__gesf2>
    2df0:	18 16       	cp	r1, r24
    2df2:	4c f5       	brge	.+82     	; 0x2e46 <vAssertCalled+0x114>
	{
		//	__ticks = requested delay in 1/10 ms
		__ticks = (uint16_t) (__ms * 10.0);
    2df4:	20 e0       	ldi	r18, 0x00	; 0
    2df6:	30 e0       	ldi	r19, 0x00	; 0
    2df8:	40 e2       	ldi	r20, 0x20	; 32
    2dfa:	51 e4       	ldi	r21, 0x41	; 65
    2dfc:	69 81       	ldd	r22, Y+1	; 0x01
    2dfe:	7a 81       	ldd	r23, Y+2	; 0x02
    2e00:	8b 81       	ldd	r24, Y+3	; 0x03
    2e02:	9c 81       	ldd	r25, Y+4	; 0x04
    2e04:	0e 94 22 1a 	call	0x3444	; 0x3444 <__mulsf3>
    2e08:	dc 01       	movw	r26, r24
    2e0a:	cb 01       	movw	r24, r22
    2e0c:	bc 01       	movw	r22, r24
    2e0e:	cd 01       	movw	r24, r26
    2e10:	0e 94 3c 19 	call	0x3278	; 0x3278 <__fixunssfsi>
    2e14:	dc 01       	movw	r26, r24
    2e16:	cb 01       	movw	r24, r22
    2e18:	8f 8b       	std	Y+23, r24	; 0x17
    2e1a:	98 8f       	std	Y+24, r25	; 0x18
    2e1c:	0f c0       	rjmp	.+30     	; 0x2e3c <vAssertCalled+0x10a>
    2e1e:	80 e2       	ldi	r24, 0x20	; 32
    2e20:	93 e0       	ldi	r25, 0x03	; 3
    2e22:	89 8f       	std	Y+25, r24	; 0x19
    2e24:	9a 8f       	std	Y+26, r25	; 0x1a
    2e26:	89 8d       	ldd	r24, Y+25	; 0x19
    2e28:	9a 8d       	ldd	r25, Y+26	; 0x1a
    2e2a:	01 97       	sbiw	r24, 0x01	; 1
    2e2c:	f1 f7       	brne	.-4      	; 0x2e2a <vAssertCalled+0xf8>
    2e2e:	89 8f       	std	Y+25, r24	; 0x19
    2e30:	9a 8f       	std	Y+26, r25	; 0x1a
		while(__ticks)
		{
			// wait 1/10 ms
			_delay_loop_2(((F_CPU) / 4e3) / 10);
			__ticks --;
    2e32:	8f 89       	ldd	r24, Y+23	; 0x17
    2e34:	98 8d       	ldd	r25, Y+24	; 0x18
    2e36:	01 97       	sbiw	r24, 0x01	; 1
    2e38:	8f 8b       	std	Y+23, r24	; 0x17
    2e3a:	98 8f       	std	Y+24, r25	; 0x18
		__ticks = 1;
	else if (__tmp > 65535)
	{
		//	__ticks = requested delay in 1/10 ms
		__ticks = (uint16_t) (__ms * 10.0);
		while(__ticks)
    2e3c:	8f 89       	ldd	r24, Y+23	; 0x17
    2e3e:	98 8d       	ldd	r25, Y+24	; 0x18
    2e40:	89 2b       	or	r24, r25
    2e42:	69 f7       	brne	.-38     	; 0x2e1e <vAssertCalled+0xec>
    2e44:	14 c0       	rjmp	.+40     	; 0x2e6e <vAssertCalled+0x13c>
			__ticks --;
		}
		return;
	}
	else
		__ticks = (uint16_t)__tmp;
    2e46:	6b 89       	ldd	r22, Y+19	; 0x13
    2e48:	7c 89       	ldd	r23, Y+20	; 0x14
    2e4a:	8d 89       	ldd	r24, Y+21	; 0x15
    2e4c:	9e 89       	ldd	r25, Y+22	; 0x16
    2e4e:	0e 94 3c 19 	call	0x3278	; 0x3278 <__fixunssfsi>
    2e52:	dc 01       	movw	r26, r24
    2e54:	cb 01       	movw	r24, r22
    2e56:	8f 8b       	std	Y+23, r24	; 0x17
    2e58:	98 8f       	std	Y+24, r25	; 0x18
    2e5a:	8f 89       	ldd	r24, Y+23	; 0x17
    2e5c:	98 8d       	ldd	r25, Y+24	; 0x18
    2e5e:	8b 8f       	std	Y+27, r24	; 0x1b
    2e60:	9c 8f       	std	Y+28, r25	; 0x1c
    2e62:	8b 8d       	ldd	r24, Y+27	; 0x1b
    2e64:	9c 8d       	ldd	r25, Y+28	; 0x1c
    2e66:	01 97       	sbiw	r24, 0x01	; 1
    2e68:	f1 f7       	brne	.-4      	; 0x2e66 <vAssertCalled+0x134>
    2e6a:	8b 8f       	std	Y+27, r24	; 0x1b
    2e6c:	9c 8f       	std	Y+28, r25	; 0x1c
		_delay_ms(100);
		CLR_ERR_LED();
    2e6e:	80 e0       	ldi	r24, 0x00	; 0
    2e70:	96 e0       	ldi	r25, 0x06	; 6
    2e72:	20 e8       	ldi	r18, 0x80	; 128
    2e74:	fc 01       	movw	r30, r24
    2e76:	26 83       	std	Z+6, r18	; 0x06
    2e78:	80 e0       	ldi	r24, 0x00	; 0
    2e7a:	90 e0       	ldi	r25, 0x00	; 0
    2e7c:	aa ef       	ldi	r26, 0xFA	; 250
    2e7e:	b3 e4       	ldi	r27, 0x43	; 67
    2e80:	8d 83       	std	Y+5, r24	; 0x05
    2e82:	9e 83       	std	Y+6, r25	; 0x06
    2e84:	af 83       	std	Y+7, r26	; 0x07
    2e86:	b8 87       	std	Y+8, r27	; 0x08

	__builtin_avr_delay_cycles(__ticks_dc);

#else
	uint16_t __ticks;
	__tmp = ((F_CPU) / 4e3) * __ms;
    2e88:	20 e0       	ldi	r18, 0x00	; 0
    2e8a:	30 e0       	ldi	r19, 0x00	; 0
    2e8c:	4a ef       	ldi	r20, 0xFA	; 250
    2e8e:	55 e4       	ldi	r21, 0x45	; 69
    2e90:	6d 81       	ldd	r22, Y+5	; 0x05
    2e92:	7e 81       	ldd	r23, Y+6	; 0x06
    2e94:	8f 81       	ldd	r24, Y+7	; 0x07
    2e96:	98 85       	ldd	r25, Y+8	; 0x08
    2e98:	0e 94 22 1a 	call	0x3444	; 0x3444 <__mulsf3>
    2e9c:	dc 01       	movw	r26, r24
    2e9e:	cb 01       	movw	r24, r22
    2ea0:	89 87       	std	Y+9, r24	; 0x09
    2ea2:	9a 87       	std	Y+10, r25	; 0x0a
    2ea4:	ab 87       	std	Y+11, r26	; 0x0b
    2ea6:	bc 87       	std	Y+12, r27	; 0x0c
	if (__tmp < 1.0)
    2ea8:	20 e0       	ldi	r18, 0x00	; 0
    2eaa:	30 e0       	ldi	r19, 0x00	; 0
    2eac:	40 e8       	ldi	r20, 0x80	; 128
    2eae:	5f e3       	ldi	r21, 0x3F	; 63
    2eb0:	69 85       	ldd	r22, Y+9	; 0x09
    2eb2:	7a 85       	ldd	r23, Y+10	; 0x0a
    2eb4:	8b 85       	ldd	r24, Y+11	; 0x0b
    2eb6:	9c 85       	ldd	r25, Y+12	; 0x0c
    2eb8:	0e 94 c5 18 	call	0x318a	; 0x318a <__cmpsf2>
    2ebc:	88 23       	and	r24, r24
    2ebe:	2c f4       	brge	.+10     	; 0x2eca <vAssertCalled+0x198>
		__ticks = 1;
    2ec0:	81 e0       	ldi	r24, 0x01	; 1
    2ec2:	90 e0       	ldi	r25, 0x00	; 0
    2ec4:	8d 87       	std	Y+13, r24	; 0x0d
    2ec6:	9e 87       	std	Y+14, r25	; 0x0e
    2ec8:	3f c0       	rjmp	.+126    	; 0x2f48 <vAssertCalled+0x216>
	else if (__tmp > 65535)
    2eca:	20 e0       	ldi	r18, 0x00	; 0
    2ecc:	3f ef       	ldi	r19, 0xFF	; 255
    2ece:	4f e7       	ldi	r20, 0x7F	; 127
    2ed0:	57 e4       	ldi	r21, 0x47	; 71
    2ed2:	69 85       	ldd	r22, Y+9	; 0x09
    2ed4:	7a 85       	ldd	r23, Y+10	; 0x0a
    2ed6:	8b 85       	ldd	r24, Y+11	; 0x0b
    2ed8:	9c 85       	ldd	r25, Y+12	; 0x0c
    2eda:	0e 94 1d 1a 	call	0x343a	; 0x343a <__gesf2>
    2ede:	18 16       	cp	r1, r24
    2ee0:	4c f5       	brge	.+82     	; 0x2f34 <vAssertCalled+0x202>
	{
		//	__ticks = requested delay in 1/10 ms
		__ticks = (uint16_t) (__ms * 10.0);
    2ee2:	20 e0       	ldi	r18, 0x00	; 0
    2ee4:	30 e0       	ldi	r19, 0x00	; 0
    2ee6:	40 e2       	ldi	r20, 0x20	; 32
    2ee8:	51 e4       	ldi	r21, 0x41	; 65
    2eea:	6d 81       	ldd	r22, Y+5	; 0x05
    2eec:	7e 81       	ldd	r23, Y+6	; 0x06
    2eee:	8f 81       	ldd	r24, Y+7	; 0x07
    2ef0:	98 85       	ldd	r25, Y+8	; 0x08
    2ef2:	0e 94 22 1a 	call	0x3444	; 0x3444 <__mulsf3>
    2ef6:	dc 01       	movw	r26, r24
    2ef8:	cb 01       	movw	r24, r22
    2efa:	bc 01       	movw	r22, r24
    2efc:	cd 01       	movw	r24, r26
    2efe:	0e 94 3c 19 	call	0x3278	; 0x3278 <__fixunssfsi>
    2f02:	dc 01       	movw	r26, r24
    2f04:	cb 01       	movw	r24, r22
    2f06:	8d 87       	std	Y+13, r24	; 0x0d
    2f08:	9e 87       	std	Y+14, r25	; 0x0e
    2f0a:	0f c0       	rjmp	.+30     	; 0x2f2a <vAssertCalled+0x1f8>
    2f0c:	80 e2       	ldi	r24, 0x20	; 32
    2f0e:	93 e0       	ldi	r25, 0x03	; 3
    2f10:	8f 87       	std	Y+15, r24	; 0x0f
    2f12:	98 8b       	std	Y+16, r25	; 0x10
    2f14:	8f 85       	ldd	r24, Y+15	; 0x0f
    2f16:	98 89       	ldd	r25, Y+16	; 0x10
    2f18:	01 97       	sbiw	r24, 0x01	; 1
    2f1a:	f1 f7       	brne	.-4      	; 0x2f18 <vAssertCalled+0x1e6>
    2f1c:	8f 87       	std	Y+15, r24	; 0x0f
    2f1e:	98 8b       	std	Y+16, r25	; 0x10
		while(__ticks)
		{
			// wait 1/10 ms
			_delay_loop_2(((F_CPU) / 4e3) / 10);
			__ticks --;
    2f20:	8d 85       	ldd	r24, Y+13	; 0x0d
    2f22:	9e 85       	ldd	r25, Y+14	; 0x0e
    2f24:	01 97       	sbiw	r24, 0x01	; 1
    2f26:	8d 87       	std	Y+13, r24	; 0x0d
    2f28:	9e 87       	std	Y+14, r25	; 0x0e
		__ticks = 1;
	else if (__tmp > 65535)
	{
		//	__ticks = requested delay in 1/10 ms
		__ticks = (uint16_t) (__ms * 10.0);
		while(__ticks)
    2f2a:	8d 85       	ldd	r24, Y+13	; 0x0d
    2f2c:	9e 85       	ldd	r25, Y+14	; 0x0e
    2f2e:	89 2b       	or	r24, r25
    2f30:	69 f7       	brne	.-38     	; 0x2f0c <vAssertCalled+0x1da>
    2f32:	14 c0       	rjmp	.+40     	; 0x2f5c <vAssertCalled+0x22a>
			__ticks --;
		}
		return;
	}
	else
		__ticks = (uint16_t)__tmp;
    2f34:	69 85       	ldd	r22, Y+9	; 0x09
    2f36:	7a 85       	ldd	r23, Y+10	; 0x0a
    2f38:	8b 85       	ldd	r24, Y+11	; 0x0b
    2f3a:	9c 85       	ldd	r25, Y+12	; 0x0c
    2f3c:	0e 94 3c 19 	call	0x3278	; 0x3278 <__fixunssfsi>
    2f40:	dc 01       	movw	r26, r24
    2f42:	cb 01       	movw	r24, r22
    2f44:	8d 87       	std	Y+13, r24	; 0x0d
    2f46:	9e 87       	std	Y+14, r25	; 0x0e
    2f48:	8d 85       	ldd	r24, Y+13	; 0x0d
    2f4a:	9e 85       	ldd	r25, Y+14	; 0x0e
    2f4c:	89 8b       	std	Y+17, r24	; 0x11
    2f4e:	9a 8b       	std	Y+18, r25	; 0x12
    2f50:	89 89       	ldd	r24, Y+17	; 0x11
    2f52:	9a 89       	ldd	r25, Y+18	; 0x12
    2f54:	01 97       	sbiw	r24, 0x01	; 1
    2f56:	f1 f7       	brne	.-4      	; 0x2f54 <vAssertCalled+0x222>
    2f58:	89 8b       	std	Y+17, r24	; 0x11
    2f5a:	9a 8b       	std	Y+18, r25	; 0x12
		_delay_ms(500);
	}
    2f5c:	11 cf       	rjmp	.-478    	; 0x2d80 <vAssertCalled+0x4e>

00002f5e <main>:
#include <stdlib.h>

uint8_t *ucHeap;

int main(void)
{
    2f5e:	cf 93       	push	r28
    2f60:	df 93       	push	r29
    2f62:	cd b7       	in	r28, 0x3d	; 61
    2f64:	de b7       	in	r29, 0x3e	; 62
    2f66:	2e 97       	sbiw	r28, 0x0e	; 14
    2f68:	cd bf       	out	0x3d, r28	; 61
    2f6a:	de bf       	out	0x3e, r29	; 62
	//Allocate FreeRTOS heap
	ucHeap=malloc(configTOTAL_HEAP_SIZE);
    2f6c:	80 e0       	ldi	r24, 0x00	; 0
    2f6e:	90 e4       	ldi	r25, 0x40	; 64
    2f70:	0e 94 eb 1f 	call	0x3fd6	; 0x3fd6 <malloc>
    2f74:	80 93 77 21 	sts	0x2177, r24	; 0x802177 <ucHeap>
    2f78:	90 93 78 21 	sts	0x2178, r25	; 0x802178 <ucHeap+0x1>
	if (ucHeap==NULL) while(1);
    2f7c:	80 91 77 21 	lds	r24, 0x2177	; 0x802177 <ucHeap>
    2f80:	90 91 78 21 	lds	r25, 0x2178	; 0x802178 <ucHeap+0x1>
    2f84:	89 2b       	or	r24, r25
    2f86:	09 f4       	brne	.+2      	; 0x2f8a <main+0x2c>
    2f88:	ff cf       	rjmp	.-2      	; 0x2f88 <main+0x2a>
	
	DriverSysClkXtalInit();	//Clock init
    2f8a:	0e 94 e0 04 	call	0x9c0	; 0x9c0 <DriverSysClkXtalInit>
	DriverUSARTInit();		//USART init and link to stdio
    2f8e:	0e 94 53 06 	call	0xca6	; 0xca6 <DriverUSARTInit>
	DriverTWIMInit();		//Initialize TWI in master mode
    2f92:	0e 94 fb 04 	call	0x9f6	; 0x9f6 <DriverTWIMInit>
	DriverCursorstickInit();//Initialize cursor stick
    2f96:	0e 94 f1 01 	call	0x3e2	; 0x3e2 <DriverCursorstickInit>
	DriverLedInit();		//Initialize LED's
    2f9a:	0e 94 0c 03 	call	0x618	; 0x618 <DriverLedInit>
	DriverPowerInit();		//Initialize aux power driver
    2f9e:	0e 94 ba 04 	call	0x974	; 0x974 <DriverPowerInit>
	DriverAdcInit();		//Initialize ADC driver
    2fa2:	0e 94 e9 01 	call	0x3d2	; 0x3d2 <DriverAdcInit>
	DriverPowerVccAuxSet(1);//Enable Auxillary power line
    2fa6:	81 e0       	ldi	r24, 0x01	; 1
    2fa8:	0e 94 c7 04 	call	0x98e	; 0x98e <DriverPowerVccAuxSet>

	//Enable interrupts
	PMIC.CTRL=0b111;		
    2fac:	80 ea       	ldi	r24, 0xA0	; 160
    2fae:	90 e0       	ldi	r25, 0x00	; 0
    2fb0:	27 e0       	ldi	r18, 0x07	; 7
    2fb2:	fc 01       	movw	r30, r24
    2fb4:	22 83       	std	Z+2, r18	; 0x02
	sei();
    2fb6:	78 94       	sei
    2fb8:	80 e0       	ldi	r24, 0x00	; 0
    2fba:	90 e0       	ldi	r25, 0x00	; 0
    2fbc:	a0 e2       	ldi	r26, 0x20	; 32
    2fbe:	b1 e4       	ldi	r27, 0x41	; 65
    2fc0:	89 83       	std	Y+1, r24	; 0x01
    2fc2:	9a 83       	std	Y+2, r25	; 0x02
    2fc4:	ab 83       	std	Y+3, r26	; 0x03
    2fc6:	bc 83       	std	Y+4, r27	; 0x04

	__builtin_avr_delay_cycles(__ticks_dc);

#else
	uint16_t __ticks;
	__tmp = ((F_CPU) / 4e3) * __ms;
    2fc8:	20 e0       	ldi	r18, 0x00	; 0
    2fca:	30 e0       	ldi	r19, 0x00	; 0
    2fcc:	4a ef       	ldi	r20, 0xFA	; 250
    2fce:	55 e4       	ldi	r21, 0x45	; 69
    2fd0:	69 81       	ldd	r22, Y+1	; 0x01
    2fd2:	7a 81       	ldd	r23, Y+2	; 0x02
    2fd4:	8b 81       	ldd	r24, Y+3	; 0x03
    2fd6:	9c 81       	ldd	r25, Y+4	; 0x04
    2fd8:	0e 94 22 1a 	call	0x3444	; 0x3444 <__mulsf3>
    2fdc:	dc 01       	movw	r26, r24
    2fde:	cb 01       	movw	r24, r22
    2fe0:	8d 83       	std	Y+5, r24	; 0x05
    2fe2:	9e 83       	std	Y+6, r25	; 0x06
    2fe4:	af 83       	std	Y+7, r26	; 0x07
    2fe6:	b8 87       	std	Y+8, r27	; 0x08
	if (__tmp < 1.0)
    2fe8:	20 e0       	ldi	r18, 0x00	; 0
    2fea:	30 e0       	ldi	r19, 0x00	; 0
    2fec:	40 e8       	ldi	r20, 0x80	; 128
    2fee:	5f e3       	ldi	r21, 0x3F	; 63
    2ff0:	6d 81       	ldd	r22, Y+5	; 0x05
    2ff2:	7e 81       	ldd	r23, Y+6	; 0x06
    2ff4:	8f 81       	ldd	r24, Y+7	; 0x07
    2ff6:	98 85       	ldd	r25, Y+8	; 0x08
    2ff8:	0e 94 c5 18 	call	0x318a	; 0x318a <__cmpsf2>
    2ffc:	88 23       	and	r24, r24
    2ffe:	2c f4       	brge	.+10     	; 0x300a <main+0xac>
		__ticks = 1;
    3000:	81 e0       	ldi	r24, 0x01	; 1
    3002:	90 e0       	ldi	r25, 0x00	; 0
    3004:	89 87       	std	Y+9, r24	; 0x09
    3006:	9a 87       	std	Y+10, r25	; 0x0a
    3008:	3f c0       	rjmp	.+126    	; 0x3088 <main+0x12a>
	else if (__tmp > 65535)
    300a:	20 e0       	ldi	r18, 0x00	; 0
    300c:	3f ef       	ldi	r19, 0xFF	; 255
    300e:	4f e7       	ldi	r20, 0x7F	; 127
    3010:	57 e4       	ldi	r21, 0x47	; 71
    3012:	6d 81       	ldd	r22, Y+5	; 0x05
    3014:	7e 81       	ldd	r23, Y+6	; 0x06
    3016:	8f 81       	ldd	r24, Y+7	; 0x07
    3018:	98 85       	ldd	r25, Y+8	; 0x08
    301a:	0e 94 1d 1a 	call	0x343a	; 0x343a <__gesf2>
    301e:	18 16       	cp	r1, r24
    3020:	4c f5       	brge	.+82     	; 0x3074 <main+0x116>
	{
		//	__ticks = requested delay in 1/10 ms
		__ticks = (uint16_t) (__ms * 10.0);
    3022:	20 e0       	ldi	r18, 0x00	; 0
    3024:	30 e0       	ldi	r19, 0x00	; 0
    3026:	40 e2       	ldi	r20, 0x20	; 32
    3028:	51 e4       	ldi	r21, 0x41	; 65
    302a:	69 81       	ldd	r22, Y+1	; 0x01
    302c:	7a 81       	ldd	r23, Y+2	; 0x02
    302e:	8b 81       	ldd	r24, Y+3	; 0x03
    3030:	9c 81       	ldd	r25, Y+4	; 0x04
    3032:	0e 94 22 1a 	call	0x3444	; 0x3444 <__mulsf3>
    3036:	dc 01       	movw	r26, r24
    3038:	cb 01       	movw	r24, r22
    303a:	bc 01       	movw	r22, r24
    303c:	cd 01       	movw	r24, r26
    303e:	0e 94 3c 19 	call	0x3278	; 0x3278 <__fixunssfsi>
    3042:	dc 01       	movw	r26, r24
    3044:	cb 01       	movw	r24, r22
    3046:	89 87       	std	Y+9, r24	; 0x09
    3048:	9a 87       	std	Y+10, r25	; 0x0a
    304a:	0f c0       	rjmp	.+30     	; 0x306a <main+0x10c>
    304c:	80 e2       	ldi	r24, 0x20	; 32
    304e:	93 e0       	ldi	r25, 0x03	; 3
    3050:	8b 87       	std	Y+11, r24	; 0x0b
    3052:	9c 87       	std	Y+12, r25	; 0x0c
    3054:	8b 85       	ldd	r24, Y+11	; 0x0b
    3056:	9c 85       	ldd	r25, Y+12	; 0x0c
    3058:	01 97       	sbiw	r24, 0x01	; 1
    305a:	f1 f7       	brne	.-4      	; 0x3058 <main+0xfa>
    305c:	8b 87       	std	Y+11, r24	; 0x0b
    305e:	9c 87       	std	Y+12, r25	; 0x0c
		while(__ticks)
		{
			// wait 1/10 ms
			_delay_loop_2(((F_CPU) / 4e3) / 10);
			__ticks --;
    3060:	89 85       	ldd	r24, Y+9	; 0x09
    3062:	9a 85       	ldd	r25, Y+10	; 0x0a
    3064:	01 97       	sbiw	r24, 0x01	; 1
    3066:	89 87       	std	Y+9, r24	; 0x09
    3068:	9a 87       	std	Y+10, r25	; 0x0a
		__ticks = 1;
	else if (__tmp > 65535)
	{
		//	__ticks = requested delay in 1/10 ms
		__ticks = (uint16_t) (__ms * 10.0);
		while(__ticks)
    306a:	89 85       	ldd	r24, Y+9	; 0x09
    306c:	9a 85       	ldd	r25, Y+10	; 0x0a
    306e:	89 2b       	or	r24, r25
    3070:	69 f7       	brne	.-38     	; 0x304c <main+0xee>
    3072:	14 c0       	rjmp	.+40     	; 0x309c <main+0x13e>
			__ticks --;
		}
		return;
	}
	else
		__ticks = (uint16_t)__tmp;
    3074:	6d 81       	ldd	r22, Y+5	; 0x05
    3076:	7e 81       	ldd	r23, Y+6	; 0x06
    3078:	8f 81       	ldd	r24, Y+7	; 0x07
    307a:	98 85       	ldd	r25, Y+8	; 0x08
    307c:	0e 94 3c 19 	call	0x3278	; 0x3278 <__fixunssfsi>
    3080:	dc 01       	movw	r26, r24
    3082:	cb 01       	movw	r24, r22
    3084:	89 87       	std	Y+9, r24	; 0x09
    3086:	9a 87       	std	Y+10, r25	; 0x0a
    3088:	89 85       	ldd	r24, Y+9	; 0x09
    308a:	9a 85       	ldd	r25, Y+10	; 0x0a
    308c:	8d 87       	std	Y+13, r24	; 0x0d
    308e:	9e 87       	std	Y+14, r25	; 0x0e
    3090:	8d 85       	ldd	r24, Y+13	; 0x0d
    3092:	9e 85       	ldd	r25, Y+14	; 0x0e
    3094:	01 97       	sbiw	r24, 0x01	; 1
    3096:	f1 f7       	brne	.-4      	; 0x3094 <main+0x136>
    3098:	8d 87       	std	Y+13, r24	; 0x0d
    309a:	9e 87       	std	Y+14, r25	; 0x0e

	_delay_ms(10);

	//Init tasks

	vTaskStartScheduler();	//Start scheduler loop
    309c:	0e 94 76 10 	call	0x20ec	; 0x20ec <vTaskStartScheduler>

	return 0;
    30a0:	80 e0       	ldi	r24, 0x00	; 0
    30a2:	90 e0       	ldi	r25, 0x00	; 0
}
    30a4:	2e 96       	adiw	r28, 0x0e	; 14
    30a6:	cd bf       	out	0x3d, r28	; 61
    30a8:	de bf       	out	0x3e, r29	; 62
    30aa:	df 91       	pop	r29
    30ac:	cf 91       	pop	r28
    30ae:	08 95       	ret

000030b0 <__subsf3>:
    30b0:	50 58       	subi	r21, 0x80	; 128

000030b2 <__addsf3>:
    30b2:	bb 27       	eor	r27, r27
    30b4:	aa 27       	eor	r26, r26
    30b6:	0e 94 70 18 	call	0x30e0	; 0x30e0 <__addsf3x>
    30ba:	0c 94 e3 19 	jmp	0x33c6	; 0x33c6 <__fp_round>
    30be:	0e 94 d5 19 	call	0x33aa	; 0x33aa <__fp_pscA>
    30c2:	38 f0       	brcs	.+14     	; 0x30d2 <__addsf3+0x20>
    30c4:	0e 94 dc 19 	call	0x33b8	; 0x33b8 <__fp_pscB>
    30c8:	20 f0       	brcs	.+8      	; 0x30d2 <__addsf3+0x20>
    30ca:	39 f4       	brne	.+14     	; 0x30da <__addsf3+0x28>
    30cc:	9f 3f       	cpi	r25, 0xFF	; 255
    30ce:	19 f4       	brne	.+6      	; 0x30d6 <__addsf3+0x24>
    30d0:	26 f4       	brtc	.+8      	; 0x30da <__addsf3+0x28>
    30d2:	0c 94 d2 19 	jmp	0x33a4	; 0x33a4 <__fp_nan>
    30d6:	0e f4       	brtc	.+2      	; 0x30da <__addsf3+0x28>
    30d8:	e0 95       	com	r30
    30da:	e7 fb       	bst	r30, 7
    30dc:	0c 94 cc 19 	jmp	0x3398	; 0x3398 <__fp_inf>

000030e0 <__addsf3x>:
    30e0:	e9 2f       	mov	r30, r25
    30e2:	0e 94 f4 19 	call	0x33e8	; 0x33e8 <__fp_split3>
    30e6:	58 f3       	brcs	.-42     	; 0x30be <__addsf3+0xc>
    30e8:	ba 17       	cp	r27, r26
    30ea:	62 07       	cpc	r22, r18
    30ec:	73 07       	cpc	r23, r19
    30ee:	84 07       	cpc	r24, r20
    30f0:	95 07       	cpc	r25, r21
    30f2:	20 f0       	brcs	.+8      	; 0x30fc <__addsf3x+0x1c>
    30f4:	79 f4       	brne	.+30     	; 0x3114 <__addsf3x+0x34>
    30f6:	a6 f5       	brtc	.+104    	; 0x3160 <__addsf3x+0x80>
    30f8:	0c 94 16 1a 	jmp	0x342c	; 0x342c <__fp_zero>
    30fc:	0e f4       	brtc	.+2      	; 0x3100 <__addsf3x+0x20>
    30fe:	e0 95       	com	r30
    3100:	0b 2e       	mov	r0, r27
    3102:	ba 2f       	mov	r27, r26
    3104:	a0 2d       	mov	r26, r0
    3106:	0b 01       	movw	r0, r22
    3108:	b9 01       	movw	r22, r18
    310a:	90 01       	movw	r18, r0
    310c:	0c 01       	movw	r0, r24
    310e:	ca 01       	movw	r24, r20
    3110:	a0 01       	movw	r20, r0
    3112:	11 24       	eor	r1, r1
    3114:	ff 27       	eor	r31, r31
    3116:	59 1b       	sub	r21, r25
    3118:	99 f0       	breq	.+38     	; 0x3140 <__addsf3x+0x60>
    311a:	59 3f       	cpi	r21, 0xF9	; 249
    311c:	50 f4       	brcc	.+20     	; 0x3132 <__addsf3x+0x52>
    311e:	50 3e       	cpi	r21, 0xE0	; 224
    3120:	68 f1       	brcs	.+90     	; 0x317c <__addsf3x+0x9c>
    3122:	1a 16       	cp	r1, r26
    3124:	f0 40       	sbci	r31, 0x00	; 0
    3126:	a2 2f       	mov	r26, r18
    3128:	23 2f       	mov	r18, r19
    312a:	34 2f       	mov	r19, r20
    312c:	44 27       	eor	r20, r20
    312e:	58 5f       	subi	r21, 0xF8	; 248
    3130:	f3 cf       	rjmp	.-26     	; 0x3118 <__addsf3x+0x38>
    3132:	46 95       	lsr	r20
    3134:	37 95       	ror	r19
    3136:	27 95       	ror	r18
    3138:	a7 95       	ror	r26
    313a:	f0 40       	sbci	r31, 0x00	; 0
    313c:	53 95       	inc	r21
    313e:	c9 f7       	brne	.-14     	; 0x3132 <__addsf3x+0x52>
    3140:	7e f4       	brtc	.+30     	; 0x3160 <__addsf3x+0x80>
    3142:	1f 16       	cp	r1, r31
    3144:	ba 0b       	sbc	r27, r26
    3146:	62 0b       	sbc	r22, r18
    3148:	73 0b       	sbc	r23, r19
    314a:	84 0b       	sbc	r24, r20
    314c:	ba f0       	brmi	.+46     	; 0x317c <__addsf3x+0x9c>
    314e:	91 50       	subi	r25, 0x01	; 1
    3150:	a1 f0       	breq	.+40     	; 0x317a <__addsf3x+0x9a>
    3152:	ff 0f       	add	r31, r31
    3154:	bb 1f       	adc	r27, r27
    3156:	66 1f       	adc	r22, r22
    3158:	77 1f       	adc	r23, r23
    315a:	88 1f       	adc	r24, r24
    315c:	c2 f7       	brpl	.-16     	; 0x314e <__addsf3x+0x6e>
    315e:	0e c0       	rjmp	.+28     	; 0x317c <__addsf3x+0x9c>
    3160:	ba 0f       	add	r27, r26
    3162:	62 1f       	adc	r22, r18
    3164:	73 1f       	adc	r23, r19
    3166:	84 1f       	adc	r24, r20
    3168:	48 f4       	brcc	.+18     	; 0x317c <__addsf3x+0x9c>
    316a:	87 95       	ror	r24
    316c:	77 95       	ror	r23
    316e:	67 95       	ror	r22
    3170:	b7 95       	ror	r27
    3172:	f7 95       	ror	r31
    3174:	9e 3f       	cpi	r25, 0xFE	; 254
    3176:	08 f0       	brcs	.+2      	; 0x317a <__addsf3x+0x9a>
    3178:	b0 cf       	rjmp	.-160    	; 0x30da <__addsf3+0x28>
    317a:	93 95       	inc	r25
    317c:	88 0f       	add	r24, r24
    317e:	08 f0       	brcs	.+2      	; 0x3182 <__addsf3x+0xa2>
    3180:	99 27       	eor	r25, r25
    3182:	ee 0f       	add	r30, r30
    3184:	97 95       	ror	r25
    3186:	87 95       	ror	r24
    3188:	08 95       	ret

0000318a <__cmpsf2>:
    318a:	0e 94 a8 19 	call	0x3350	; 0x3350 <__fp_cmp>
    318e:	08 f4       	brcc	.+2      	; 0x3192 <__cmpsf2+0x8>
    3190:	81 e0       	ldi	r24, 0x01	; 1
    3192:	08 95       	ret

00003194 <__divsf3>:
    3194:	0e 94 de 18 	call	0x31bc	; 0x31bc <__divsf3x>
    3198:	0c 94 e3 19 	jmp	0x33c6	; 0x33c6 <__fp_round>
    319c:	0e 94 dc 19 	call	0x33b8	; 0x33b8 <__fp_pscB>
    31a0:	58 f0       	brcs	.+22     	; 0x31b8 <__divsf3+0x24>
    31a2:	0e 94 d5 19 	call	0x33aa	; 0x33aa <__fp_pscA>
    31a6:	40 f0       	brcs	.+16     	; 0x31b8 <__divsf3+0x24>
    31a8:	29 f4       	brne	.+10     	; 0x31b4 <__divsf3+0x20>
    31aa:	5f 3f       	cpi	r21, 0xFF	; 255
    31ac:	29 f0       	breq	.+10     	; 0x31b8 <__divsf3+0x24>
    31ae:	0c 94 cc 19 	jmp	0x3398	; 0x3398 <__fp_inf>
    31b2:	51 11       	cpse	r21, r1
    31b4:	0c 94 17 1a 	jmp	0x342e	; 0x342e <__fp_szero>
    31b8:	0c 94 d2 19 	jmp	0x33a4	; 0x33a4 <__fp_nan>

000031bc <__divsf3x>:
    31bc:	0e 94 f4 19 	call	0x33e8	; 0x33e8 <__fp_split3>
    31c0:	68 f3       	brcs	.-38     	; 0x319c <__divsf3+0x8>

000031c2 <__divsf3_pse>:
    31c2:	99 23       	and	r25, r25
    31c4:	b1 f3       	breq	.-20     	; 0x31b2 <__divsf3+0x1e>
    31c6:	55 23       	and	r21, r21
    31c8:	91 f3       	breq	.-28     	; 0x31ae <__divsf3+0x1a>
    31ca:	95 1b       	sub	r25, r21
    31cc:	55 0b       	sbc	r21, r21
    31ce:	bb 27       	eor	r27, r27
    31d0:	aa 27       	eor	r26, r26
    31d2:	62 17       	cp	r22, r18
    31d4:	73 07       	cpc	r23, r19
    31d6:	84 07       	cpc	r24, r20
    31d8:	38 f0       	brcs	.+14     	; 0x31e8 <__divsf3_pse+0x26>
    31da:	9f 5f       	subi	r25, 0xFF	; 255
    31dc:	5f 4f       	sbci	r21, 0xFF	; 255
    31de:	22 0f       	add	r18, r18
    31e0:	33 1f       	adc	r19, r19
    31e2:	44 1f       	adc	r20, r20
    31e4:	aa 1f       	adc	r26, r26
    31e6:	a9 f3       	breq	.-22     	; 0x31d2 <__divsf3_pse+0x10>
    31e8:	35 d0       	rcall	.+106    	; 0x3254 <__divsf3_pse+0x92>
    31ea:	0e 2e       	mov	r0, r30
    31ec:	3a f0       	brmi	.+14     	; 0x31fc <__divsf3_pse+0x3a>
    31ee:	e0 e8       	ldi	r30, 0x80	; 128
    31f0:	32 d0       	rcall	.+100    	; 0x3256 <__divsf3_pse+0x94>
    31f2:	91 50       	subi	r25, 0x01	; 1
    31f4:	50 40       	sbci	r21, 0x00	; 0
    31f6:	e6 95       	lsr	r30
    31f8:	00 1c       	adc	r0, r0
    31fa:	ca f7       	brpl	.-14     	; 0x31ee <__divsf3_pse+0x2c>
    31fc:	2b d0       	rcall	.+86     	; 0x3254 <__divsf3_pse+0x92>
    31fe:	fe 2f       	mov	r31, r30
    3200:	29 d0       	rcall	.+82     	; 0x3254 <__divsf3_pse+0x92>
    3202:	66 0f       	add	r22, r22
    3204:	77 1f       	adc	r23, r23
    3206:	88 1f       	adc	r24, r24
    3208:	bb 1f       	adc	r27, r27
    320a:	26 17       	cp	r18, r22
    320c:	37 07       	cpc	r19, r23
    320e:	48 07       	cpc	r20, r24
    3210:	ab 07       	cpc	r26, r27
    3212:	b0 e8       	ldi	r27, 0x80	; 128
    3214:	09 f0       	breq	.+2      	; 0x3218 <__divsf3_pse+0x56>
    3216:	bb 0b       	sbc	r27, r27
    3218:	80 2d       	mov	r24, r0
    321a:	bf 01       	movw	r22, r30
    321c:	ff 27       	eor	r31, r31
    321e:	93 58       	subi	r25, 0x83	; 131
    3220:	5f 4f       	sbci	r21, 0xFF	; 255
    3222:	3a f0       	brmi	.+14     	; 0x3232 <__divsf3_pse+0x70>
    3224:	9e 3f       	cpi	r25, 0xFE	; 254
    3226:	51 05       	cpc	r21, r1
    3228:	78 f0       	brcs	.+30     	; 0x3248 <__divsf3_pse+0x86>
    322a:	0c 94 cc 19 	jmp	0x3398	; 0x3398 <__fp_inf>
    322e:	0c 94 17 1a 	jmp	0x342e	; 0x342e <__fp_szero>
    3232:	5f 3f       	cpi	r21, 0xFF	; 255
    3234:	e4 f3       	brlt	.-8      	; 0x322e <__divsf3_pse+0x6c>
    3236:	98 3e       	cpi	r25, 0xE8	; 232
    3238:	d4 f3       	brlt	.-12     	; 0x322e <__divsf3_pse+0x6c>
    323a:	86 95       	lsr	r24
    323c:	77 95       	ror	r23
    323e:	67 95       	ror	r22
    3240:	b7 95       	ror	r27
    3242:	f7 95       	ror	r31
    3244:	9f 5f       	subi	r25, 0xFF	; 255
    3246:	c9 f7       	brne	.-14     	; 0x323a <__divsf3_pse+0x78>
    3248:	88 0f       	add	r24, r24
    324a:	91 1d       	adc	r25, r1
    324c:	96 95       	lsr	r25
    324e:	87 95       	ror	r24
    3250:	97 f9       	bld	r25, 7
    3252:	08 95       	ret
    3254:	e1 e0       	ldi	r30, 0x01	; 1
    3256:	66 0f       	add	r22, r22
    3258:	77 1f       	adc	r23, r23
    325a:	88 1f       	adc	r24, r24
    325c:	bb 1f       	adc	r27, r27
    325e:	62 17       	cp	r22, r18
    3260:	73 07       	cpc	r23, r19
    3262:	84 07       	cpc	r24, r20
    3264:	ba 07       	cpc	r27, r26
    3266:	20 f0       	brcs	.+8      	; 0x3270 <__divsf3_pse+0xae>
    3268:	62 1b       	sub	r22, r18
    326a:	73 0b       	sbc	r23, r19
    326c:	84 0b       	sbc	r24, r20
    326e:	ba 0b       	sbc	r27, r26
    3270:	ee 1f       	adc	r30, r30
    3272:	88 f7       	brcc	.-30     	; 0x3256 <__divsf3_pse+0x94>
    3274:	e0 95       	com	r30
    3276:	08 95       	ret

00003278 <__fixunssfsi>:
    3278:	0e 94 fc 19 	call	0x33f8	; 0x33f8 <__fp_splitA>
    327c:	88 f0       	brcs	.+34     	; 0x32a0 <__fixunssfsi+0x28>
    327e:	9f 57       	subi	r25, 0x7F	; 127
    3280:	98 f0       	brcs	.+38     	; 0x32a8 <__fixunssfsi+0x30>
    3282:	b9 2f       	mov	r27, r25
    3284:	99 27       	eor	r25, r25
    3286:	b7 51       	subi	r27, 0x17	; 23
    3288:	b0 f0       	brcs	.+44     	; 0x32b6 <__fixunssfsi+0x3e>
    328a:	e1 f0       	breq	.+56     	; 0x32c4 <__fixunssfsi+0x4c>
    328c:	66 0f       	add	r22, r22
    328e:	77 1f       	adc	r23, r23
    3290:	88 1f       	adc	r24, r24
    3292:	99 1f       	adc	r25, r25
    3294:	1a f0       	brmi	.+6      	; 0x329c <__fixunssfsi+0x24>
    3296:	ba 95       	dec	r27
    3298:	c9 f7       	brne	.-14     	; 0x328c <__fixunssfsi+0x14>
    329a:	14 c0       	rjmp	.+40     	; 0x32c4 <__fixunssfsi+0x4c>
    329c:	b1 30       	cpi	r27, 0x01	; 1
    329e:	91 f0       	breq	.+36     	; 0x32c4 <__fixunssfsi+0x4c>
    32a0:	0e 94 16 1a 	call	0x342c	; 0x342c <__fp_zero>
    32a4:	b1 e0       	ldi	r27, 0x01	; 1
    32a6:	08 95       	ret
    32a8:	0c 94 16 1a 	jmp	0x342c	; 0x342c <__fp_zero>
    32ac:	67 2f       	mov	r22, r23
    32ae:	78 2f       	mov	r23, r24
    32b0:	88 27       	eor	r24, r24
    32b2:	b8 5f       	subi	r27, 0xF8	; 248
    32b4:	39 f0       	breq	.+14     	; 0x32c4 <__fixunssfsi+0x4c>
    32b6:	b9 3f       	cpi	r27, 0xF9	; 249
    32b8:	cc f3       	brlt	.-14     	; 0x32ac <__fixunssfsi+0x34>
    32ba:	86 95       	lsr	r24
    32bc:	77 95       	ror	r23
    32be:	67 95       	ror	r22
    32c0:	b3 95       	inc	r27
    32c2:	d9 f7       	brne	.-10     	; 0x32ba <__fixunssfsi+0x42>
    32c4:	3e f4       	brtc	.+14     	; 0x32d4 <__fixunssfsi+0x5c>
    32c6:	90 95       	com	r25
    32c8:	80 95       	com	r24
    32ca:	70 95       	com	r23
    32cc:	61 95       	neg	r22
    32ce:	7f 4f       	sbci	r23, 0xFF	; 255
    32d0:	8f 4f       	sbci	r24, 0xFF	; 255
    32d2:	9f 4f       	sbci	r25, 0xFF	; 255
    32d4:	08 95       	ret

000032d6 <__floatunsisf>:
    32d6:	e8 94       	clt
    32d8:	09 c0       	rjmp	.+18     	; 0x32ec <__floatsisf+0x12>

000032da <__floatsisf>:
    32da:	97 fb       	bst	r25, 7
    32dc:	3e f4       	brtc	.+14     	; 0x32ec <__floatsisf+0x12>
    32de:	90 95       	com	r25
    32e0:	80 95       	com	r24
    32e2:	70 95       	com	r23
    32e4:	61 95       	neg	r22
    32e6:	7f 4f       	sbci	r23, 0xFF	; 255
    32e8:	8f 4f       	sbci	r24, 0xFF	; 255
    32ea:	9f 4f       	sbci	r25, 0xFF	; 255
    32ec:	99 23       	and	r25, r25
    32ee:	a9 f0       	breq	.+42     	; 0x331a <__floatsisf+0x40>
    32f0:	f9 2f       	mov	r31, r25
    32f2:	96 e9       	ldi	r25, 0x96	; 150
    32f4:	bb 27       	eor	r27, r27
    32f6:	93 95       	inc	r25
    32f8:	f6 95       	lsr	r31
    32fa:	87 95       	ror	r24
    32fc:	77 95       	ror	r23
    32fe:	67 95       	ror	r22
    3300:	b7 95       	ror	r27
    3302:	f1 11       	cpse	r31, r1
    3304:	f8 cf       	rjmp	.-16     	; 0x32f6 <__floatsisf+0x1c>
    3306:	fa f4       	brpl	.+62     	; 0x3346 <__floatsisf+0x6c>
    3308:	bb 0f       	add	r27, r27
    330a:	11 f4       	brne	.+4      	; 0x3310 <__floatsisf+0x36>
    330c:	60 ff       	sbrs	r22, 0
    330e:	1b c0       	rjmp	.+54     	; 0x3346 <__floatsisf+0x6c>
    3310:	6f 5f       	subi	r22, 0xFF	; 255
    3312:	7f 4f       	sbci	r23, 0xFF	; 255
    3314:	8f 4f       	sbci	r24, 0xFF	; 255
    3316:	9f 4f       	sbci	r25, 0xFF	; 255
    3318:	16 c0       	rjmp	.+44     	; 0x3346 <__floatsisf+0x6c>
    331a:	88 23       	and	r24, r24
    331c:	11 f0       	breq	.+4      	; 0x3322 <__floatsisf+0x48>
    331e:	96 e9       	ldi	r25, 0x96	; 150
    3320:	11 c0       	rjmp	.+34     	; 0x3344 <__floatsisf+0x6a>
    3322:	77 23       	and	r23, r23
    3324:	21 f0       	breq	.+8      	; 0x332e <__floatsisf+0x54>
    3326:	9e e8       	ldi	r25, 0x8E	; 142
    3328:	87 2f       	mov	r24, r23
    332a:	76 2f       	mov	r23, r22
    332c:	05 c0       	rjmp	.+10     	; 0x3338 <__floatsisf+0x5e>
    332e:	66 23       	and	r22, r22
    3330:	71 f0       	breq	.+28     	; 0x334e <__floatsisf+0x74>
    3332:	96 e8       	ldi	r25, 0x86	; 134
    3334:	86 2f       	mov	r24, r22
    3336:	70 e0       	ldi	r23, 0x00	; 0
    3338:	60 e0       	ldi	r22, 0x00	; 0
    333a:	2a f0       	brmi	.+10     	; 0x3346 <__floatsisf+0x6c>
    333c:	9a 95       	dec	r25
    333e:	66 0f       	add	r22, r22
    3340:	77 1f       	adc	r23, r23
    3342:	88 1f       	adc	r24, r24
    3344:	da f7       	brpl	.-10     	; 0x333c <__floatsisf+0x62>
    3346:	88 0f       	add	r24, r24
    3348:	96 95       	lsr	r25
    334a:	87 95       	ror	r24
    334c:	97 f9       	bld	r25, 7
    334e:	08 95       	ret

00003350 <__fp_cmp>:
    3350:	99 0f       	add	r25, r25
    3352:	00 08       	sbc	r0, r0
    3354:	55 0f       	add	r21, r21
    3356:	aa 0b       	sbc	r26, r26
    3358:	e0 e8       	ldi	r30, 0x80	; 128
    335a:	fe ef       	ldi	r31, 0xFE	; 254
    335c:	16 16       	cp	r1, r22
    335e:	17 06       	cpc	r1, r23
    3360:	e8 07       	cpc	r30, r24
    3362:	f9 07       	cpc	r31, r25
    3364:	c0 f0       	brcs	.+48     	; 0x3396 <__fp_cmp+0x46>
    3366:	12 16       	cp	r1, r18
    3368:	13 06       	cpc	r1, r19
    336a:	e4 07       	cpc	r30, r20
    336c:	f5 07       	cpc	r31, r21
    336e:	98 f0       	brcs	.+38     	; 0x3396 <__fp_cmp+0x46>
    3370:	62 1b       	sub	r22, r18
    3372:	73 0b       	sbc	r23, r19
    3374:	84 0b       	sbc	r24, r20
    3376:	95 0b       	sbc	r25, r21
    3378:	39 f4       	brne	.+14     	; 0x3388 <__fp_cmp+0x38>
    337a:	0a 26       	eor	r0, r26
    337c:	61 f0       	breq	.+24     	; 0x3396 <__fp_cmp+0x46>
    337e:	23 2b       	or	r18, r19
    3380:	24 2b       	or	r18, r20
    3382:	25 2b       	or	r18, r21
    3384:	21 f4       	brne	.+8      	; 0x338e <__fp_cmp+0x3e>
    3386:	08 95       	ret
    3388:	0a 26       	eor	r0, r26
    338a:	09 f4       	brne	.+2      	; 0x338e <__fp_cmp+0x3e>
    338c:	a1 40       	sbci	r26, 0x01	; 1
    338e:	a6 95       	lsr	r26
    3390:	8f ef       	ldi	r24, 0xFF	; 255
    3392:	81 1d       	adc	r24, r1
    3394:	81 1d       	adc	r24, r1
    3396:	08 95       	ret

00003398 <__fp_inf>:
    3398:	97 f9       	bld	r25, 7
    339a:	9f 67       	ori	r25, 0x7F	; 127
    339c:	80 e8       	ldi	r24, 0x80	; 128
    339e:	70 e0       	ldi	r23, 0x00	; 0
    33a0:	60 e0       	ldi	r22, 0x00	; 0
    33a2:	08 95       	ret

000033a4 <__fp_nan>:
    33a4:	9f ef       	ldi	r25, 0xFF	; 255
    33a6:	80 ec       	ldi	r24, 0xC0	; 192
    33a8:	08 95       	ret

000033aa <__fp_pscA>:
    33aa:	00 24       	eor	r0, r0
    33ac:	0a 94       	dec	r0
    33ae:	16 16       	cp	r1, r22
    33b0:	17 06       	cpc	r1, r23
    33b2:	18 06       	cpc	r1, r24
    33b4:	09 06       	cpc	r0, r25
    33b6:	08 95       	ret

000033b8 <__fp_pscB>:
    33b8:	00 24       	eor	r0, r0
    33ba:	0a 94       	dec	r0
    33bc:	12 16       	cp	r1, r18
    33be:	13 06       	cpc	r1, r19
    33c0:	14 06       	cpc	r1, r20
    33c2:	05 06       	cpc	r0, r21
    33c4:	08 95       	ret

000033c6 <__fp_round>:
    33c6:	09 2e       	mov	r0, r25
    33c8:	03 94       	inc	r0
    33ca:	00 0c       	add	r0, r0
    33cc:	11 f4       	brne	.+4      	; 0x33d2 <__fp_round+0xc>
    33ce:	88 23       	and	r24, r24
    33d0:	52 f0       	brmi	.+20     	; 0x33e6 <__fp_round+0x20>
    33d2:	bb 0f       	add	r27, r27
    33d4:	40 f4       	brcc	.+16     	; 0x33e6 <__fp_round+0x20>
    33d6:	bf 2b       	or	r27, r31
    33d8:	11 f4       	brne	.+4      	; 0x33de <__fp_round+0x18>
    33da:	60 ff       	sbrs	r22, 0
    33dc:	04 c0       	rjmp	.+8      	; 0x33e6 <__fp_round+0x20>
    33de:	6f 5f       	subi	r22, 0xFF	; 255
    33e0:	7f 4f       	sbci	r23, 0xFF	; 255
    33e2:	8f 4f       	sbci	r24, 0xFF	; 255
    33e4:	9f 4f       	sbci	r25, 0xFF	; 255
    33e6:	08 95       	ret

000033e8 <__fp_split3>:
    33e8:	57 fd       	sbrc	r21, 7
    33ea:	90 58       	subi	r25, 0x80	; 128
    33ec:	44 0f       	add	r20, r20
    33ee:	55 1f       	adc	r21, r21
    33f0:	59 f0       	breq	.+22     	; 0x3408 <__fp_splitA+0x10>
    33f2:	5f 3f       	cpi	r21, 0xFF	; 255
    33f4:	71 f0       	breq	.+28     	; 0x3412 <__fp_splitA+0x1a>
    33f6:	47 95       	ror	r20

000033f8 <__fp_splitA>:
    33f8:	88 0f       	add	r24, r24
    33fa:	97 fb       	bst	r25, 7
    33fc:	99 1f       	adc	r25, r25
    33fe:	61 f0       	breq	.+24     	; 0x3418 <__fp_splitA+0x20>
    3400:	9f 3f       	cpi	r25, 0xFF	; 255
    3402:	79 f0       	breq	.+30     	; 0x3422 <__fp_splitA+0x2a>
    3404:	87 95       	ror	r24
    3406:	08 95       	ret
    3408:	12 16       	cp	r1, r18
    340a:	13 06       	cpc	r1, r19
    340c:	14 06       	cpc	r1, r20
    340e:	55 1f       	adc	r21, r21
    3410:	f2 cf       	rjmp	.-28     	; 0x33f6 <__fp_split3+0xe>
    3412:	46 95       	lsr	r20
    3414:	f1 df       	rcall	.-30     	; 0x33f8 <__fp_splitA>
    3416:	08 c0       	rjmp	.+16     	; 0x3428 <__fp_splitA+0x30>
    3418:	16 16       	cp	r1, r22
    341a:	17 06       	cpc	r1, r23
    341c:	18 06       	cpc	r1, r24
    341e:	99 1f       	adc	r25, r25
    3420:	f1 cf       	rjmp	.-30     	; 0x3404 <__fp_splitA+0xc>
    3422:	86 95       	lsr	r24
    3424:	71 05       	cpc	r23, r1
    3426:	61 05       	cpc	r22, r1
    3428:	08 94       	sec
    342a:	08 95       	ret

0000342c <__fp_zero>:
    342c:	e8 94       	clt

0000342e <__fp_szero>:
    342e:	bb 27       	eor	r27, r27
    3430:	66 27       	eor	r22, r22
    3432:	77 27       	eor	r23, r23
    3434:	cb 01       	movw	r24, r22
    3436:	97 f9       	bld	r25, 7
    3438:	08 95       	ret

0000343a <__gesf2>:
    343a:	0e 94 a8 19 	call	0x3350	; 0x3350 <__fp_cmp>
    343e:	08 f4       	brcc	.+2      	; 0x3442 <__gesf2+0x8>
    3440:	8f ef       	ldi	r24, 0xFF	; 255
    3442:	08 95       	ret

00003444 <__mulsf3>:
    3444:	0e 94 35 1a 	call	0x346a	; 0x346a <__mulsf3x>
    3448:	0c 94 e3 19 	jmp	0x33c6	; 0x33c6 <__fp_round>
    344c:	0e 94 d5 19 	call	0x33aa	; 0x33aa <__fp_pscA>
    3450:	38 f0       	brcs	.+14     	; 0x3460 <__mulsf3+0x1c>
    3452:	0e 94 dc 19 	call	0x33b8	; 0x33b8 <__fp_pscB>
    3456:	20 f0       	brcs	.+8      	; 0x3460 <__mulsf3+0x1c>
    3458:	95 23       	and	r25, r21
    345a:	11 f0       	breq	.+4      	; 0x3460 <__mulsf3+0x1c>
    345c:	0c 94 cc 19 	jmp	0x3398	; 0x3398 <__fp_inf>
    3460:	0c 94 d2 19 	jmp	0x33a4	; 0x33a4 <__fp_nan>
    3464:	11 24       	eor	r1, r1
    3466:	0c 94 17 1a 	jmp	0x342e	; 0x342e <__fp_szero>

0000346a <__mulsf3x>:
    346a:	0e 94 f4 19 	call	0x33e8	; 0x33e8 <__fp_split3>
    346e:	70 f3       	brcs	.-36     	; 0x344c <__mulsf3+0x8>

00003470 <__mulsf3_pse>:
    3470:	95 9f       	mul	r25, r21
    3472:	c1 f3       	breq	.-16     	; 0x3464 <__mulsf3+0x20>
    3474:	95 0f       	add	r25, r21
    3476:	50 e0       	ldi	r21, 0x00	; 0
    3478:	55 1f       	adc	r21, r21
    347a:	62 9f       	mul	r22, r18
    347c:	f0 01       	movw	r30, r0
    347e:	72 9f       	mul	r23, r18
    3480:	bb 27       	eor	r27, r27
    3482:	f0 0d       	add	r31, r0
    3484:	b1 1d       	adc	r27, r1
    3486:	63 9f       	mul	r22, r19
    3488:	aa 27       	eor	r26, r26
    348a:	f0 0d       	add	r31, r0
    348c:	b1 1d       	adc	r27, r1
    348e:	aa 1f       	adc	r26, r26
    3490:	64 9f       	mul	r22, r20
    3492:	66 27       	eor	r22, r22
    3494:	b0 0d       	add	r27, r0
    3496:	a1 1d       	adc	r26, r1
    3498:	66 1f       	adc	r22, r22
    349a:	82 9f       	mul	r24, r18
    349c:	22 27       	eor	r18, r18
    349e:	b0 0d       	add	r27, r0
    34a0:	a1 1d       	adc	r26, r1
    34a2:	62 1f       	adc	r22, r18
    34a4:	73 9f       	mul	r23, r19
    34a6:	b0 0d       	add	r27, r0
    34a8:	a1 1d       	adc	r26, r1
    34aa:	62 1f       	adc	r22, r18
    34ac:	83 9f       	mul	r24, r19
    34ae:	a0 0d       	add	r26, r0
    34b0:	61 1d       	adc	r22, r1
    34b2:	22 1f       	adc	r18, r18
    34b4:	74 9f       	mul	r23, r20
    34b6:	33 27       	eor	r19, r19
    34b8:	a0 0d       	add	r26, r0
    34ba:	61 1d       	adc	r22, r1
    34bc:	23 1f       	adc	r18, r19
    34be:	84 9f       	mul	r24, r20
    34c0:	60 0d       	add	r22, r0
    34c2:	21 1d       	adc	r18, r1
    34c4:	82 2f       	mov	r24, r18
    34c6:	76 2f       	mov	r23, r22
    34c8:	6a 2f       	mov	r22, r26
    34ca:	11 24       	eor	r1, r1
    34cc:	9f 57       	subi	r25, 0x7F	; 127
    34ce:	50 40       	sbci	r21, 0x00	; 0
    34d0:	9a f0       	brmi	.+38     	; 0x34f8 <__mulsf3_pse+0x88>
    34d2:	f1 f0       	breq	.+60     	; 0x3510 <__mulsf3_pse+0xa0>
    34d4:	88 23       	and	r24, r24
    34d6:	4a f0       	brmi	.+18     	; 0x34ea <__mulsf3_pse+0x7a>
    34d8:	ee 0f       	add	r30, r30
    34da:	ff 1f       	adc	r31, r31
    34dc:	bb 1f       	adc	r27, r27
    34de:	66 1f       	adc	r22, r22
    34e0:	77 1f       	adc	r23, r23
    34e2:	88 1f       	adc	r24, r24
    34e4:	91 50       	subi	r25, 0x01	; 1
    34e6:	50 40       	sbci	r21, 0x00	; 0
    34e8:	a9 f7       	brne	.-22     	; 0x34d4 <__mulsf3_pse+0x64>
    34ea:	9e 3f       	cpi	r25, 0xFE	; 254
    34ec:	51 05       	cpc	r21, r1
    34ee:	80 f0       	brcs	.+32     	; 0x3510 <__mulsf3_pse+0xa0>
    34f0:	0c 94 cc 19 	jmp	0x3398	; 0x3398 <__fp_inf>
    34f4:	0c 94 17 1a 	jmp	0x342e	; 0x342e <__fp_szero>
    34f8:	5f 3f       	cpi	r21, 0xFF	; 255
    34fa:	e4 f3       	brlt	.-8      	; 0x34f4 <__mulsf3_pse+0x84>
    34fc:	98 3e       	cpi	r25, 0xE8	; 232
    34fe:	d4 f3       	brlt	.-12     	; 0x34f4 <__mulsf3_pse+0x84>
    3500:	86 95       	lsr	r24
    3502:	77 95       	ror	r23
    3504:	67 95       	ror	r22
    3506:	b7 95       	ror	r27
    3508:	f7 95       	ror	r31
    350a:	e7 95       	ror	r30
    350c:	9f 5f       	subi	r25, 0xFF	; 255
    350e:	c1 f7       	brne	.-16     	; 0x3500 <__mulsf3_pse+0x90>
    3510:	fe 2b       	or	r31, r30
    3512:	88 0f       	add	r24, r24
    3514:	91 1d       	adc	r25, r1
    3516:	96 95       	lsr	r25
    3518:	87 95       	ror	r24
    351a:	97 f9       	bld	r25, 7
    351c:	08 95       	ret

0000351e <pow>:
    351e:	fa 01       	movw	r30, r20
    3520:	ee 0f       	add	r30, r30
    3522:	ff 1f       	adc	r31, r31
    3524:	30 96       	adiw	r30, 0x00	; 0
    3526:	21 05       	cpc	r18, r1
    3528:	31 05       	cpc	r19, r1
    352a:	a1 f1       	breq	.+104    	; 0x3594 <pow+0x76>
    352c:	61 15       	cp	r22, r1
    352e:	71 05       	cpc	r23, r1
    3530:	61 f4       	brne	.+24     	; 0x354a <pow+0x2c>
    3532:	80 38       	cpi	r24, 0x80	; 128
    3534:	bf e3       	ldi	r27, 0x3F	; 63
    3536:	9b 07       	cpc	r25, r27
    3538:	49 f1       	breq	.+82     	; 0x358c <pow+0x6e>
    353a:	68 94       	set
    353c:	90 38       	cpi	r25, 0x80	; 128
    353e:	81 05       	cpc	r24, r1
    3540:	61 f0       	breq	.+24     	; 0x355a <pow+0x3c>
    3542:	80 38       	cpi	r24, 0x80	; 128
    3544:	bf ef       	ldi	r27, 0xFF	; 255
    3546:	9b 07       	cpc	r25, r27
    3548:	41 f0       	breq	.+16     	; 0x355a <pow+0x3c>
    354a:	99 23       	and	r25, r25
    354c:	4a f5       	brpl	.+82     	; 0x35a0 <pow+0x82>
    354e:	ff 3f       	cpi	r31, 0xFF	; 255
    3550:	e1 05       	cpc	r30, r1
    3552:	31 05       	cpc	r19, r1
    3554:	21 05       	cpc	r18, r1
    3556:	19 f1       	breq	.+70     	; 0x359e <pow+0x80>
    3558:	e8 94       	clt
    355a:	08 94       	sec
    355c:	e7 95       	ror	r30
    355e:	d9 01       	movw	r26, r18
    3560:	aa 23       	and	r26, r26
    3562:	29 f4       	brne	.+10     	; 0x356e <pow+0x50>
    3564:	ab 2f       	mov	r26, r27
    3566:	be 2f       	mov	r27, r30
    3568:	f8 5f       	subi	r31, 0xF8	; 248
    356a:	d0 f3       	brcs	.-12     	; 0x3560 <pow+0x42>
    356c:	10 c0       	rjmp	.+32     	; 0x358e <pow+0x70>
    356e:	ff 5f       	subi	r31, 0xFF	; 255
    3570:	70 f4       	brcc	.+28     	; 0x358e <pow+0x70>
    3572:	a6 95       	lsr	r26
    3574:	e0 f7       	brcc	.-8      	; 0x356e <pow+0x50>
    3576:	f7 39       	cpi	r31, 0x97	; 151
    3578:	50 f0       	brcs	.+20     	; 0x358e <pow+0x70>
    357a:	19 f0       	breq	.+6      	; 0x3582 <pow+0x64>
    357c:	ff 3a       	cpi	r31, 0xAF	; 175
    357e:	38 f4       	brcc	.+14     	; 0x358e <pow+0x70>
    3580:	9f 77       	andi	r25, 0x7F	; 127
    3582:	9f 93       	push	r25
    3584:	0d d0       	rcall	.+26     	; 0x35a0 <pow+0x82>
    3586:	0f 90       	pop	r0
    3588:	07 fc       	sbrc	r0, 7
    358a:	90 58       	subi	r25, 0x80	; 128
    358c:	08 95       	ret
    358e:	46 f0       	brts	.+16     	; 0x35a0 <pow+0x82>
    3590:	0c 94 d2 19 	jmp	0x33a4	; 0x33a4 <__fp_nan>
    3594:	60 e0       	ldi	r22, 0x00	; 0
    3596:	70 e0       	ldi	r23, 0x00	; 0
    3598:	80 e8       	ldi	r24, 0x80	; 128
    359a:	9f e3       	ldi	r25, 0x3F	; 63
    359c:	08 95       	ret
    359e:	4f e7       	ldi	r20, 0x7F	; 127
    35a0:	9f 77       	andi	r25, 0x7F	; 127
    35a2:	5f 93       	push	r21
    35a4:	4f 93       	push	r20
    35a6:	3f 93       	push	r19
    35a8:	2f 93       	push	r18
    35aa:	0e 94 8a 1b 	call	0x3714	; 0x3714 <log>
    35ae:	2f 91       	pop	r18
    35b0:	3f 91       	pop	r19
    35b2:	4f 91       	pop	r20
    35b4:	5f 91       	pop	r21
    35b6:	0e 94 22 1a 	call	0x3444	; 0x3444 <__mulsf3>
    35ba:	0c 94 e7 1a 	jmp	0x35ce	; 0x35ce <exp>
    35be:	29 f4       	brne	.+10     	; 0x35ca <pow+0xac>
    35c0:	16 f0       	brts	.+4      	; 0x35c6 <pow+0xa8>
    35c2:	0c 94 cc 19 	jmp	0x3398	; 0x3398 <__fp_inf>
    35c6:	0c 94 16 1a 	jmp	0x342c	; 0x342c <__fp_zero>
    35ca:	0c 94 d2 19 	jmp	0x33a4	; 0x33a4 <__fp_nan>

000035ce <exp>:
    35ce:	0e 94 fc 19 	call	0x33f8	; 0x33f8 <__fp_splitA>
    35d2:	a8 f3       	brcs	.-22     	; 0x35be <pow+0xa0>
    35d4:	96 38       	cpi	r25, 0x86	; 134
    35d6:	a0 f7       	brcc	.-24     	; 0x35c0 <pow+0xa2>
    35d8:	07 f8       	bld	r0, 7
    35da:	0f 92       	push	r0
    35dc:	e8 94       	clt
    35de:	2b e3       	ldi	r18, 0x3B	; 59
    35e0:	3a ea       	ldi	r19, 0xAA	; 170
    35e2:	48 eb       	ldi	r20, 0xB8	; 184
    35e4:	5f e7       	ldi	r21, 0x7F	; 127
    35e6:	0e 94 38 1a 	call	0x3470	; 0x3470 <__mulsf3_pse>
    35ea:	0f 92       	push	r0
    35ec:	0f 92       	push	r0
    35ee:	0f 92       	push	r0
    35f0:	4d b7       	in	r20, 0x3d	; 61
    35f2:	5e b7       	in	r21, 0x3e	; 62
    35f4:	0f 92       	push	r0
    35f6:	0e 94 d2 1b 	call	0x37a4	; 0x37a4 <modf>
    35fa:	ec ef       	ldi	r30, 0xFC	; 252
    35fc:	f1 e0       	ldi	r31, 0x01	; 1
    35fe:	0e 94 19 1b 	call	0x3632	; 0x3632 <__fp_powser>
    3602:	4f 91       	pop	r20
    3604:	5f 91       	pop	r21
    3606:	ef 91       	pop	r30
    3608:	ff 91       	pop	r31
    360a:	e5 95       	asr	r30
    360c:	ee 1f       	adc	r30, r30
    360e:	ff 1f       	adc	r31, r31
    3610:	49 f0       	breq	.+18     	; 0x3624 <exp+0x56>
    3612:	fe 57       	subi	r31, 0x7E	; 126
    3614:	e0 68       	ori	r30, 0x80	; 128
    3616:	44 27       	eor	r20, r20
    3618:	ee 0f       	add	r30, r30
    361a:	44 1f       	adc	r20, r20
    361c:	fa 95       	dec	r31
    361e:	e1 f7       	brne	.-8      	; 0x3618 <exp+0x4a>
    3620:	41 95       	neg	r20
    3622:	55 0b       	sbc	r21, r21
    3624:	0e 94 4c 1b 	call	0x3698	; 0x3698 <ldexp>
    3628:	0f 90       	pop	r0
    362a:	07 fe       	sbrs	r0, 7
    362c:	0c 94 40 1b 	jmp	0x3680	; 0x3680 <inverse>
    3630:	08 95       	ret

00003632 <__fp_powser>:
    3632:	df 93       	push	r29
    3634:	cf 93       	push	r28
    3636:	1f 93       	push	r17
    3638:	0f 93       	push	r16
    363a:	ff 92       	push	r15
    363c:	ef 92       	push	r14
    363e:	df 92       	push	r13
    3640:	7b 01       	movw	r14, r22
    3642:	8c 01       	movw	r16, r24
    3644:	68 94       	set
    3646:	06 c0       	rjmp	.+12     	; 0x3654 <__fp_powser+0x22>
    3648:	da 2e       	mov	r13, r26
    364a:	ef 01       	movw	r28, r30
    364c:	0e 94 35 1a 	call	0x346a	; 0x346a <__mulsf3x>
    3650:	fe 01       	movw	r30, r28
    3652:	e8 94       	clt
    3654:	a5 91       	lpm	r26, Z+
    3656:	25 91       	lpm	r18, Z+
    3658:	35 91       	lpm	r19, Z+
    365a:	45 91       	lpm	r20, Z+
    365c:	55 91       	lpm	r21, Z+
    365e:	a6 f3       	brts	.-24     	; 0x3648 <__fp_powser+0x16>
    3660:	ef 01       	movw	r28, r30
    3662:	0e 94 70 18 	call	0x30e0	; 0x30e0 <__addsf3x>
    3666:	fe 01       	movw	r30, r28
    3668:	97 01       	movw	r18, r14
    366a:	a8 01       	movw	r20, r16
    366c:	da 94       	dec	r13
    366e:	69 f7       	brne	.-38     	; 0x364a <__fp_powser+0x18>
    3670:	df 90       	pop	r13
    3672:	ef 90       	pop	r14
    3674:	ff 90       	pop	r15
    3676:	0f 91       	pop	r16
    3678:	1f 91       	pop	r17
    367a:	cf 91       	pop	r28
    367c:	df 91       	pop	r29
    367e:	08 95       	ret

00003680 <inverse>:
    3680:	9b 01       	movw	r18, r22
    3682:	ac 01       	movw	r20, r24
    3684:	60 e0       	ldi	r22, 0x00	; 0
    3686:	70 e0       	ldi	r23, 0x00	; 0
    3688:	80 e8       	ldi	r24, 0x80	; 128
    368a:	9f e3       	ldi	r25, 0x3F	; 63
    368c:	0c 94 ca 18 	jmp	0x3194	; 0x3194 <__divsf3>
    3690:	0c 94 cc 19 	jmp	0x3398	; 0x3398 <__fp_inf>
    3694:	0c 94 06 1c 	jmp	0x380c	; 0x380c <__fp_mpack>

00003698 <ldexp>:
    3698:	0e 94 fc 19 	call	0x33f8	; 0x33f8 <__fp_splitA>
    369c:	d8 f3       	brcs	.-10     	; 0x3694 <inverse+0x14>
    369e:	99 23       	and	r25, r25
    36a0:	c9 f3       	breq	.-14     	; 0x3694 <inverse+0x14>
    36a2:	94 0f       	add	r25, r20
    36a4:	51 1d       	adc	r21, r1
    36a6:	a3 f3       	brvs	.-24     	; 0x3690 <inverse+0x10>
    36a8:	91 50       	subi	r25, 0x01	; 1
    36aa:	50 40       	sbci	r21, 0x00	; 0
    36ac:	94 f0       	brlt	.+36     	; 0x36d2 <ldexp+0x3a>
    36ae:	59 f0       	breq	.+22     	; 0x36c6 <ldexp+0x2e>
    36b0:	88 23       	and	r24, r24
    36b2:	32 f0       	brmi	.+12     	; 0x36c0 <ldexp+0x28>
    36b4:	66 0f       	add	r22, r22
    36b6:	77 1f       	adc	r23, r23
    36b8:	88 1f       	adc	r24, r24
    36ba:	91 50       	subi	r25, 0x01	; 1
    36bc:	50 40       	sbci	r21, 0x00	; 0
    36be:	c1 f7       	brne	.-16     	; 0x36b0 <ldexp+0x18>
    36c0:	9e 3f       	cpi	r25, 0xFE	; 254
    36c2:	51 05       	cpc	r21, r1
    36c4:	2c f7       	brge	.-54     	; 0x3690 <inverse+0x10>
    36c6:	88 0f       	add	r24, r24
    36c8:	91 1d       	adc	r25, r1
    36ca:	96 95       	lsr	r25
    36cc:	87 95       	ror	r24
    36ce:	97 f9       	bld	r25, 7
    36d0:	08 95       	ret
    36d2:	5f 3f       	cpi	r21, 0xFF	; 255
    36d4:	ac f0       	brlt	.+42     	; 0x3700 <ldexp+0x68>
    36d6:	98 3e       	cpi	r25, 0xE8	; 232
    36d8:	9c f0       	brlt	.+38     	; 0x3700 <ldexp+0x68>
    36da:	bb 27       	eor	r27, r27
    36dc:	86 95       	lsr	r24
    36de:	77 95       	ror	r23
    36e0:	67 95       	ror	r22
    36e2:	b7 95       	ror	r27
    36e4:	08 f4       	brcc	.+2      	; 0x36e8 <ldexp+0x50>
    36e6:	b1 60       	ori	r27, 0x01	; 1
    36e8:	93 95       	inc	r25
    36ea:	c1 f7       	brne	.-16     	; 0x36dc <ldexp+0x44>
    36ec:	bb 0f       	add	r27, r27
    36ee:	58 f7       	brcc	.-42     	; 0x36c6 <ldexp+0x2e>
    36f0:	11 f4       	brne	.+4      	; 0x36f6 <ldexp+0x5e>
    36f2:	60 ff       	sbrs	r22, 0
    36f4:	e8 cf       	rjmp	.-48     	; 0x36c6 <ldexp+0x2e>
    36f6:	6f 5f       	subi	r22, 0xFF	; 255
    36f8:	7f 4f       	sbci	r23, 0xFF	; 255
    36fa:	8f 4f       	sbci	r24, 0xFF	; 255
    36fc:	9f 4f       	sbci	r25, 0xFF	; 255
    36fe:	e3 cf       	rjmp	.-58     	; 0x36c6 <ldexp+0x2e>
    3700:	0c 94 17 1a 	jmp	0x342e	; 0x342e <__fp_szero>
    3704:	16 f0       	brts	.+4      	; 0x370a <ldexp+0x72>
    3706:	0c 94 06 1c 	jmp	0x380c	; 0x380c <__fp_mpack>
    370a:	0c 94 d2 19 	jmp	0x33a4	; 0x33a4 <__fp_nan>
    370e:	68 94       	set
    3710:	0c 94 cc 19 	jmp	0x3398	; 0x3398 <__fp_inf>

00003714 <log>:
    3714:	0e 94 fc 19 	call	0x33f8	; 0x33f8 <__fp_splitA>
    3718:	a8 f3       	brcs	.-22     	; 0x3704 <ldexp+0x6c>
    371a:	99 23       	and	r25, r25
    371c:	c1 f3       	breq	.-16     	; 0x370e <ldexp+0x76>
    371e:	ae f3       	brts	.-22     	; 0x370a <ldexp+0x72>
    3720:	df 93       	push	r29
    3722:	cf 93       	push	r28
    3724:	1f 93       	push	r17
    3726:	0f 93       	push	r16
    3728:	ff 92       	push	r15
    372a:	c9 2f       	mov	r28, r25
    372c:	dd 27       	eor	r29, r29
    372e:	88 23       	and	r24, r24
    3730:	2a f0       	brmi	.+10     	; 0x373c <log+0x28>
    3732:	21 97       	sbiw	r28, 0x01	; 1
    3734:	66 0f       	add	r22, r22
    3736:	77 1f       	adc	r23, r23
    3738:	88 1f       	adc	r24, r24
    373a:	da f7       	brpl	.-10     	; 0x3732 <log+0x1e>
    373c:	20 e0       	ldi	r18, 0x00	; 0
    373e:	30 e0       	ldi	r19, 0x00	; 0
    3740:	40 e8       	ldi	r20, 0x80	; 128
    3742:	5f eb       	ldi	r21, 0xBF	; 191
    3744:	9f e3       	ldi	r25, 0x3F	; 63
    3746:	88 39       	cpi	r24, 0x98	; 152
    3748:	20 f0       	brcs	.+8      	; 0x3752 <log+0x3e>
    374a:	80 3e       	cpi	r24, 0xE0	; 224
    374c:	38 f0       	brcs	.+14     	; 0x375c <log+0x48>
    374e:	21 96       	adiw	r28, 0x01	; 1
    3750:	8f 77       	andi	r24, 0x7F	; 127
    3752:	0e 94 59 18 	call	0x30b2	; 0x30b2 <__addsf3>
    3756:	e4 e2       	ldi	r30, 0x24	; 36
    3758:	f2 e0       	ldi	r31, 0x02	; 2
    375a:	04 c0       	rjmp	.+8      	; 0x3764 <log+0x50>
    375c:	0e 94 59 18 	call	0x30b2	; 0x30b2 <__addsf3>
    3760:	e1 e5       	ldi	r30, 0x51	; 81
    3762:	f2 e0       	ldi	r31, 0x02	; 2
    3764:	0e 94 19 1b 	call	0x3632	; 0x3632 <__fp_powser>
    3768:	8b 01       	movw	r16, r22
    376a:	be 01       	movw	r22, r28
    376c:	ec 01       	movw	r28, r24
    376e:	fb 2e       	mov	r15, r27
    3770:	6f 57       	subi	r22, 0x7F	; 127
    3772:	71 09       	sbc	r23, r1
    3774:	75 95       	asr	r23
    3776:	77 1f       	adc	r23, r23
    3778:	88 0b       	sbc	r24, r24
    377a:	99 0b       	sbc	r25, r25
    377c:	0e 94 6d 19 	call	0x32da	; 0x32da <__floatsisf>
    3780:	28 e1       	ldi	r18, 0x18	; 24
    3782:	32 e7       	ldi	r19, 0x72	; 114
    3784:	41 e3       	ldi	r20, 0x31	; 49
    3786:	5f e3       	ldi	r21, 0x3F	; 63
    3788:	0e 94 35 1a 	call	0x346a	; 0x346a <__mulsf3x>
    378c:	af 2d       	mov	r26, r15
    378e:	98 01       	movw	r18, r16
    3790:	ae 01       	movw	r20, r28
    3792:	ff 90       	pop	r15
    3794:	0f 91       	pop	r16
    3796:	1f 91       	pop	r17
    3798:	cf 91       	pop	r28
    379a:	df 91       	pop	r29
    379c:	0e 94 70 18 	call	0x30e0	; 0x30e0 <__addsf3x>
    37a0:	0c 94 e3 19 	jmp	0x33c6	; 0x33c6 <__fp_round>

000037a4 <modf>:
    37a4:	fa 01       	movw	r30, r20
    37a6:	dc 01       	movw	r26, r24
    37a8:	aa 0f       	add	r26, r26
    37aa:	bb 1f       	adc	r27, r27
    37ac:	9b 01       	movw	r18, r22
    37ae:	ac 01       	movw	r20, r24
    37b0:	bf 57       	subi	r27, 0x7F	; 127
    37b2:	28 f4       	brcc	.+10     	; 0x37be <modf+0x1a>
    37b4:	22 27       	eor	r18, r18
    37b6:	33 27       	eor	r19, r19
    37b8:	44 27       	eor	r20, r20
    37ba:	50 78       	andi	r21, 0x80	; 128
    37bc:	20 c0       	rjmp	.+64     	; 0x37fe <modf+0x5a>
    37be:	b7 51       	subi	r27, 0x17	; 23
    37c0:	90 f4       	brcc	.+36     	; 0x37e6 <modf+0x42>
    37c2:	ab 2f       	mov	r26, r27
    37c4:	00 24       	eor	r0, r0
    37c6:	46 95       	lsr	r20
    37c8:	37 95       	ror	r19
    37ca:	27 95       	ror	r18
    37cc:	01 1c       	adc	r0, r1
    37ce:	a3 95       	inc	r26
    37d0:	d2 f3       	brmi	.-12     	; 0x37c6 <modf+0x22>
    37d2:	00 20       	and	r0, r0
    37d4:	71 f0       	breq	.+28     	; 0x37f2 <modf+0x4e>
    37d6:	22 0f       	add	r18, r18
    37d8:	33 1f       	adc	r19, r19
    37da:	44 1f       	adc	r20, r20
    37dc:	b3 95       	inc	r27
    37de:	da f3       	brmi	.-10     	; 0x37d6 <modf+0x32>
    37e0:	0e d0       	rcall	.+28     	; 0x37fe <modf+0x5a>
    37e2:	0c 94 58 18 	jmp	0x30b0	; 0x30b0 <__subsf3>
    37e6:	61 30       	cpi	r22, 0x01	; 1
    37e8:	71 05       	cpc	r23, r1
    37ea:	a0 e8       	ldi	r26, 0x80	; 128
    37ec:	8a 07       	cpc	r24, r26
    37ee:	b9 46       	sbci	r27, 0x69	; 105
    37f0:	30 f4       	brcc	.+12     	; 0x37fe <modf+0x5a>
    37f2:	9b 01       	movw	r18, r22
    37f4:	ac 01       	movw	r20, r24
    37f6:	66 27       	eor	r22, r22
    37f8:	77 27       	eor	r23, r23
    37fa:	88 27       	eor	r24, r24
    37fc:	90 78       	andi	r25, 0x80	; 128
    37fe:	30 96       	adiw	r30, 0x00	; 0
    3800:	21 f0       	breq	.+8      	; 0x380a <modf+0x66>
    3802:	20 83       	st	Z, r18
    3804:	31 83       	std	Z+1, r19	; 0x01
    3806:	42 83       	std	Z+2, r20	; 0x02
    3808:	53 83       	std	Z+3, r21	; 0x03
    380a:	08 95       	ret

0000380c <__fp_mpack>:
    380c:	9f 3f       	cpi	r25, 0xFF	; 255
    380e:	31 f0       	breq	.+12     	; 0x381c <__fp_mpack_finite+0xc>

00003810 <__fp_mpack_finite>:
    3810:	91 50       	subi	r25, 0x01	; 1
    3812:	20 f4       	brcc	.+8      	; 0x381c <__fp_mpack_finite+0xc>
    3814:	87 95       	ror	r24
    3816:	77 95       	ror	r23
    3818:	67 95       	ror	r22
    381a:	b7 95       	ror	r27
    381c:	88 0f       	add	r24, r24
    381e:	91 1d       	adc	r25, r1
    3820:	96 95       	lsr	r25
    3822:	87 95       	ror	r24
    3824:	97 f9       	bld	r25, 7
    3826:	08 95       	ret

00003828 <vfprintf>:
    3828:	2f 92       	push	r2
    382a:	3f 92       	push	r3
    382c:	4f 92       	push	r4
    382e:	5f 92       	push	r5
    3830:	6f 92       	push	r6
    3832:	7f 92       	push	r7
    3834:	8f 92       	push	r8
    3836:	9f 92       	push	r9
    3838:	af 92       	push	r10
    383a:	bf 92       	push	r11
    383c:	cf 92       	push	r12
    383e:	df 92       	push	r13
    3840:	ef 92       	push	r14
    3842:	ff 92       	push	r15
    3844:	0f 93       	push	r16
    3846:	1f 93       	push	r17
    3848:	cf 93       	push	r28
    384a:	df 93       	push	r29
    384c:	cd b7       	in	r28, 0x3d	; 61
    384e:	de b7       	in	r29, 0x3e	; 62
    3850:	60 97       	sbiw	r28, 0x10	; 16
    3852:	cd bf       	out	0x3d, r28	; 61
    3854:	de bf       	out	0x3e, r29	; 62
    3856:	7c 01       	movw	r14, r24
    3858:	1b 01       	movw	r2, r22
    385a:	6a 01       	movw	r12, r20
    385c:	fc 01       	movw	r30, r24
    385e:	16 82       	std	Z+6, r1	; 0x06
    3860:	17 82       	std	Z+7, r1	; 0x07
    3862:	83 81       	ldd	r24, Z+3	; 0x03
    3864:	81 ff       	sbrs	r24, 1
    3866:	44 c3       	rjmp	.+1672   	; 0x3ef0 <vfprintf+0x6c8>
    3868:	9e 01       	movw	r18, r28
    386a:	2f 5f       	subi	r18, 0xFF	; 255
    386c:	3f 4f       	sbci	r19, 0xFF	; 255
    386e:	39 01       	movw	r6, r18
    3870:	f7 01       	movw	r30, r14
    3872:	93 81       	ldd	r25, Z+3	; 0x03
    3874:	f1 01       	movw	r30, r2
    3876:	93 fd       	sbrc	r25, 3
    3878:	85 91       	lpm	r24, Z+
    387a:	93 ff       	sbrs	r25, 3
    387c:	81 91       	ld	r24, Z+
    387e:	1f 01       	movw	r2, r30
    3880:	88 23       	and	r24, r24
    3882:	09 f4       	brne	.+2      	; 0x3886 <vfprintf+0x5e>
    3884:	31 c3       	rjmp	.+1634   	; 0x3ee8 <vfprintf+0x6c0>
    3886:	85 32       	cpi	r24, 0x25	; 37
    3888:	39 f4       	brne	.+14     	; 0x3898 <vfprintf+0x70>
    388a:	93 fd       	sbrc	r25, 3
    388c:	85 91       	lpm	r24, Z+
    388e:	93 ff       	sbrs	r25, 3
    3890:	81 91       	ld	r24, Z+
    3892:	1f 01       	movw	r2, r30
    3894:	85 32       	cpi	r24, 0x25	; 37
    3896:	39 f4       	brne	.+14     	; 0x38a6 <vfprintf+0x7e>
    3898:	b7 01       	movw	r22, r14
    389a:	90 e0       	ldi	r25, 0x00	; 0
    389c:	0e 94 01 22 	call	0x4402	; 0x4402 <fputc>
    38a0:	56 01       	movw	r10, r12
    38a2:	65 01       	movw	r12, r10
    38a4:	e5 cf       	rjmp	.-54     	; 0x3870 <vfprintf+0x48>
    38a6:	10 e0       	ldi	r17, 0x00	; 0
    38a8:	51 2c       	mov	r5, r1
    38aa:	91 2c       	mov	r9, r1
    38ac:	ff e1       	ldi	r31, 0x1F	; 31
    38ae:	f9 15       	cp	r31, r9
    38b0:	d8 f0       	brcs	.+54     	; 0x38e8 <vfprintf+0xc0>
    38b2:	8b 32       	cpi	r24, 0x2B	; 43
    38b4:	79 f0       	breq	.+30     	; 0x38d4 <vfprintf+0xac>
    38b6:	38 f4       	brcc	.+14     	; 0x38c6 <vfprintf+0x9e>
    38b8:	80 32       	cpi	r24, 0x20	; 32
    38ba:	79 f0       	breq	.+30     	; 0x38da <vfprintf+0xb2>
    38bc:	83 32       	cpi	r24, 0x23	; 35
    38be:	a1 f4       	brne	.+40     	; 0x38e8 <vfprintf+0xc0>
    38c0:	f9 2d       	mov	r31, r9
    38c2:	f0 61       	ori	r31, 0x10	; 16
    38c4:	2e c0       	rjmp	.+92     	; 0x3922 <vfprintf+0xfa>
    38c6:	8d 32       	cpi	r24, 0x2D	; 45
    38c8:	61 f0       	breq	.+24     	; 0x38e2 <vfprintf+0xba>
    38ca:	80 33       	cpi	r24, 0x30	; 48
    38cc:	69 f4       	brne	.+26     	; 0x38e8 <vfprintf+0xc0>
    38ce:	29 2d       	mov	r18, r9
    38d0:	21 60       	ori	r18, 0x01	; 1
    38d2:	2d c0       	rjmp	.+90     	; 0x392e <vfprintf+0x106>
    38d4:	39 2d       	mov	r19, r9
    38d6:	32 60       	ori	r19, 0x02	; 2
    38d8:	93 2e       	mov	r9, r19
    38da:	89 2d       	mov	r24, r9
    38dc:	84 60       	ori	r24, 0x04	; 4
    38de:	98 2e       	mov	r9, r24
    38e0:	2a c0       	rjmp	.+84     	; 0x3936 <vfprintf+0x10e>
    38e2:	e9 2d       	mov	r30, r9
    38e4:	e8 60       	ori	r30, 0x08	; 8
    38e6:	15 c0       	rjmp	.+42     	; 0x3912 <vfprintf+0xea>
    38e8:	97 fc       	sbrc	r9, 7
    38ea:	2d c0       	rjmp	.+90     	; 0x3946 <vfprintf+0x11e>
    38ec:	20 ed       	ldi	r18, 0xD0	; 208
    38ee:	28 0f       	add	r18, r24
    38f0:	2a 30       	cpi	r18, 0x0A	; 10
    38f2:	88 f4       	brcc	.+34     	; 0x3916 <vfprintf+0xee>
    38f4:	96 fe       	sbrs	r9, 6
    38f6:	06 c0       	rjmp	.+12     	; 0x3904 <vfprintf+0xdc>
    38f8:	3a e0       	ldi	r19, 0x0A	; 10
    38fa:	13 9f       	mul	r17, r19
    38fc:	20 0d       	add	r18, r0
    38fe:	11 24       	eor	r1, r1
    3900:	12 2f       	mov	r17, r18
    3902:	19 c0       	rjmp	.+50     	; 0x3936 <vfprintf+0x10e>
    3904:	8a e0       	ldi	r24, 0x0A	; 10
    3906:	58 9e       	mul	r5, r24
    3908:	20 0d       	add	r18, r0
    390a:	11 24       	eor	r1, r1
    390c:	52 2e       	mov	r5, r18
    390e:	e9 2d       	mov	r30, r9
    3910:	e0 62       	ori	r30, 0x20	; 32
    3912:	9e 2e       	mov	r9, r30
    3914:	10 c0       	rjmp	.+32     	; 0x3936 <vfprintf+0x10e>
    3916:	8e 32       	cpi	r24, 0x2E	; 46
    3918:	31 f4       	brne	.+12     	; 0x3926 <vfprintf+0xfe>
    391a:	96 fc       	sbrc	r9, 6
    391c:	e5 c2       	rjmp	.+1482   	; 0x3ee8 <vfprintf+0x6c0>
    391e:	f9 2d       	mov	r31, r9
    3920:	f0 64       	ori	r31, 0x40	; 64
    3922:	9f 2e       	mov	r9, r31
    3924:	08 c0       	rjmp	.+16     	; 0x3936 <vfprintf+0x10e>
    3926:	8c 36       	cpi	r24, 0x6C	; 108
    3928:	21 f4       	brne	.+8      	; 0x3932 <vfprintf+0x10a>
    392a:	29 2d       	mov	r18, r9
    392c:	20 68       	ori	r18, 0x80	; 128
    392e:	92 2e       	mov	r9, r18
    3930:	02 c0       	rjmp	.+4      	; 0x3936 <vfprintf+0x10e>
    3932:	88 36       	cpi	r24, 0x68	; 104
    3934:	41 f4       	brne	.+16     	; 0x3946 <vfprintf+0x11e>
    3936:	f1 01       	movw	r30, r2
    3938:	93 fd       	sbrc	r25, 3
    393a:	85 91       	lpm	r24, Z+
    393c:	93 ff       	sbrs	r25, 3
    393e:	81 91       	ld	r24, Z+
    3940:	1f 01       	movw	r2, r30
    3942:	81 11       	cpse	r24, r1
    3944:	b3 cf       	rjmp	.-154    	; 0x38ac <vfprintf+0x84>
    3946:	9b eb       	ldi	r25, 0xBB	; 187
    3948:	98 0f       	add	r25, r24
    394a:	93 30       	cpi	r25, 0x03	; 3
    394c:	20 f4       	brcc	.+8      	; 0x3956 <vfprintf+0x12e>
    394e:	99 2d       	mov	r25, r9
    3950:	90 61       	ori	r25, 0x10	; 16
    3952:	80 5e       	subi	r24, 0xE0	; 224
    3954:	07 c0       	rjmp	.+14     	; 0x3964 <vfprintf+0x13c>
    3956:	9b e9       	ldi	r25, 0x9B	; 155
    3958:	98 0f       	add	r25, r24
    395a:	93 30       	cpi	r25, 0x03	; 3
    395c:	08 f0       	brcs	.+2      	; 0x3960 <vfprintf+0x138>
    395e:	66 c1       	rjmp	.+716    	; 0x3c2c <vfprintf+0x404>
    3960:	99 2d       	mov	r25, r9
    3962:	9f 7e       	andi	r25, 0xEF	; 239
    3964:	96 ff       	sbrs	r25, 6
    3966:	16 e0       	ldi	r17, 0x06	; 6
    3968:	9f 73       	andi	r25, 0x3F	; 63
    396a:	99 2e       	mov	r9, r25
    396c:	85 36       	cpi	r24, 0x65	; 101
    396e:	19 f4       	brne	.+6      	; 0x3976 <vfprintf+0x14e>
    3970:	90 64       	ori	r25, 0x40	; 64
    3972:	99 2e       	mov	r9, r25
    3974:	08 c0       	rjmp	.+16     	; 0x3986 <vfprintf+0x15e>
    3976:	86 36       	cpi	r24, 0x66	; 102
    3978:	21 f4       	brne	.+8      	; 0x3982 <vfprintf+0x15a>
    397a:	39 2f       	mov	r19, r25
    397c:	30 68       	ori	r19, 0x80	; 128
    397e:	93 2e       	mov	r9, r19
    3980:	02 c0       	rjmp	.+4      	; 0x3986 <vfprintf+0x15e>
    3982:	11 11       	cpse	r17, r1
    3984:	11 50       	subi	r17, 0x01	; 1
    3986:	97 fe       	sbrs	r9, 7
    3988:	07 c0       	rjmp	.+14     	; 0x3998 <vfprintf+0x170>
    398a:	1c 33       	cpi	r17, 0x3C	; 60
    398c:	50 f4       	brcc	.+20     	; 0x39a2 <vfprintf+0x17a>
    398e:	44 24       	eor	r4, r4
    3990:	43 94       	inc	r4
    3992:	41 0e       	add	r4, r17
    3994:	27 e0       	ldi	r18, 0x07	; 7
    3996:	0b c0       	rjmp	.+22     	; 0x39ae <vfprintf+0x186>
    3998:	18 30       	cpi	r17, 0x08	; 8
    399a:	38 f0       	brcs	.+14     	; 0x39aa <vfprintf+0x182>
    399c:	27 e0       	ldi	r18, 0x07	; 7
    399e:	17 e0       	ldi	r17, 0x07	; 7
    39a0:	05 c0       	rjmp	.+10     	; 0x39ac <vfprintf+0x184>
    39a2:	27 e0       	ldi	r18, 0x07	; 7
    39a4:	9c e3       	ldi	r25, 0x3C	; 60
    39a6:	49 2e       	mov	r4, r25
    39a8:	02 c0       	rjmp	.+4      	; 0x39ae <vfprintf+0x186>
    39aa:	21 2f       	mov	r18, r17
    39ac:	41 2c       	mov	r4, r1
    39ae:	56 01       	movw	r10, r12
    39b0:	84 e0       	ldi	r24, 0x04	; 4
    39b2:	a8 0e       	add	r10, r24
    39b4:	b1 1c       	adc	r11, r1
    39b6:	f6 01       	movw	r30, r12
    39b8:	60 81       	ld	r22, Z
    39ba:	71 81       	ldd	r23, Z+1	; 0x01
    39bc:	82 81       	ldd	r24, Z+2	; 0x02
    39be:	93 81       	ldd	r25, Z+3	; 0x03
    39c0:	04 2d       	mov	r16, r4
    39c2:	a3 01       	movw	r20, r6
    39c4:	0e 94 0c 21 	call	0x4218	; 0x4218 <__ftoa_engine>
    39c8:	6c 01       	movw	r12, r24
    39ca:	f9 81       	ldd	r31, Y+1	; 0x01
    39cc:	fc 87       	std	Y+12, r31	; 0x0c
    39ce:	f0 ff       	sbrs	r31, 0
    39d0:	02 c0       	rjmp	.+4      	; 0x39d6 <vfprintf+0x1ae>
    39d2:	f3 ff       	sbrs	r31, 3
    39d4:	06 c0       	rjmp	.+12     	; 0x39e2 <vfprintf+0x1ba>
    39d6:	91 fc       	sbrc	r9, 1
    39d8:	06 c0       	rjmp	.+12     	; 0x39e6 <vfprintf+0x1be>
    39da:	92 fe       	sbrs	r9, 2
    39dc:	06 c0       	rjmp	.+12     	; 0x39ea <vfprintf+0x1c2>
    39de:	00 e2       	ldi	r16, 0x20	; 32
    39e0:	05 c0       	rjmp	.+10     	; 0x39ec <vfprintf+0x1c4>
    39e2:	0d e2       	ldi	r16, 0x2D	; 45
    39e4:	03 c0       	rjmp	.+6      	; 0x39ec <vfprintf+0x1c4>
    39e6:	0b e2       	ldi	r16, 0x2B	; 43
    39e8:	01 c0       	rjmp	.+2      	; 0x39ec <vfprintf+0x1c4>
    39ea:	00 e0       	ldi	r16, 0x00	; 0
    39ec:	8c 85       	ldd	r24, Y+12	; 0x0c
    39ee:	8c 70       	andi	r24, 0x0C	; 12
    39f0:	19 f0       	breq	.+6      	; 0x39f8 <vfprintf+0x1d0>
    39f2:	01 11       	cpse	r16, r1
    39f4:	5a c2       	rjmp	.+1204   	; 0x3eaa <vfprintf+0x682>
    39f6:	9b c2       	rjmp	.+1334   	; 0x3f2e <vfprintf+0x706>
    39f8:	97 fe       	sbrs	r9, 7
    39fa:	10 c0       	rjmp	.+32     	; 0x3a1c <vfprintf+0x1f4>
    39fc:	4c 0c       	add	r4, r12
    39fe:	fc 85       	ldd	r31, Y+12	; 0x0c
    3a00:	f4 ff       	sbrs	r31, 4
    3a02:	04 c0       	rjmp	.+8      	; 0x3a0c <vfprintf+0x1e4>
    3a04:	8a 81       	ldd	r24, Y+2	; 0x02
    3a06:	81 33       	cpi	r24, 0x31	; 49
    3a08:	09 f4       	brne	.+2      	; 0x3a0c <vfprintf+0x1e4>
    3a0a:	4a 94       	dec	r4
    3a0c:	14 14       	cp	r1, r4
    3a0e:	74 f5       	brge	.+92     	; 0x3a6c <vfprintf+0x244>
    3a10:	28 e0       	ldi	r18, 0x08	; 8
    3a12:	24 15       	cp	r18, r4
    3a14:	78 f5       	brcc	.+94     	; 0x3a74 <vfprintf+0x24c>
    3a16:	88 e0       	ldi	r24, 0x08	; 8
    3a18:	48 2e       	mov	r4, r24
    3a1a:	2c c0       	rjmp	.+88     	; 0x3a74 <vfprintf+0x24c>
    3a1c:	96 fc       	sbrc	r9, 6
    3a1e:	2a c0       	rjmp	.+84     	; 0x3a74 <vfprintf+0x24c>
    3a20:	81 2f       	mov	r24, r17
    3a22:	90 e0       	ldi	r25, 0x00	; 0
    3a24:	8c 15       	cp	r24, r12
    3a26:	9d 05       	cpc	r25, r13
    3a28:	9c f0       	brlt	.+38     	; 0x3a50 <vfprintf+0x228>
    3a2a:	3c ef       	ldi	r19, 0xFC	; 252
    3a2c:	c3 16       	cp	r12, r19
    3a2e:	3f ef       	ldi	r19, 0xFF	; 255
    3a30:	d3 06       	cpc	r13, r19
    3a32:	74 f0       	brlt	.+28     	; 0x3a50 <vfprintf+0x228>
    3a34:	89 2d       	mov	r24, r9
    3a36:	80 68       	ori	r24, 0x80	; 128
    3a38:	98 2e       	mov	r9, r24
    3a3a:	0a c0       	rjmp	.+20     	; 0x3a50 <vfprintf+0x228>
    3a3c:	e2 e0       	ldi	r30, 0x02	; 2
    3a3e:	f0 e0       	ldi	r31, 0x00	; 0
    3a40:	ec 0f       	add	r30, r28
    3a42:	fd 1f       	adc	r31, r29
    3a44:	e1 0f       	add	r30, r17
    3a46:	f1 1d       	adc	r31, r1
    3a48:	80 81       	ld	r24, Z
    3a4a:	80 33       	cpi	r24, 0x30	; 48
    3a4c:	19 f4       	brne	.+6      	; 0x3a54 <vfprintf+0x22c>
    3a4e:	11 50       	subi	r17, 0x01	; 1
    3a50:	11 11       	cpse	r17, r1
    3a52:	f4 cf       	rjmp	.-24     	; 0x3a3c <vfprintf+0x214>
    3a54:	97 fe       	sbrs	r9, 7
    3a56:	0e c0       	rjmp	.+28     	; 0x3a74 <vfprintf+0x24c>
    3a58:	44 24       	eor	r4, r4
    3a5a:	43 94       	inc	r4
    3a5c:	41 0e       	add	r4, r17
    3a5e:	81 2f       	mov	r24, r17
    3a60:	90 e0       	ldi	r25, 0x00	; 0
    3a62:	c8 16       	cp	r12, r24
    3a64:	d9 06       	cpc	r13, r25
    3a66:	2c f4       	brge	.+10     	; 0x3a72 <vfprintf+0x24a>
    3a68:	1c 19       	sub	r17, r12
    3a6a:	04 c0       	rjmp	.+8      	; 0x3a74 <vfprintf+0x24c>
    3a6c:	44 24       	eor	r4, r4
    3a6e:	43 94       	inc	r4
    3a70:	01 c0       	rjmp	.+2      	; 0x3a74 <vfprintf+0x24c>
    3a72:	10 e0       	ldi	r17, 0x00	; 0
    3a74:	97 fe       	sbrs	r9, 7
    3a76:	06 c0       	rjmp	.+12     	; 0x3a84 <vfprintf+0x25c>
    3a78:	1c 14       	cp	r1, r12
    3a7a:	1d 04       	cpc	r1, r13
    3a7c:	34 f4       	brge	.+12     	; 0x3a8a <vfprintf+0x262>
    3a7e:	c6 01       	movw	r24, r12
    3a80:	01 96       	adiw	r24, 0x01	; 1
    3a82:	05 c0       	rjmp	.+10     	; 0x3a8e <vfprintf+0x266>
    3a84:	85 e0       	ldi	r24, 0x05	; 5
    3a86:	90 e0       	ldi	r25, 0x00	; 0
    3a88:	02 c0       	rjmp	.+4      	; 0x3a8e <vfprintf+0x266>
    3a8a:	81 e0       	ldi	r24, 0x01	; 1
    3a8c:	90 e0       	ldi	r25, 0x00	; 0
    3a8e:	01 11       	cpse	r16, r1
    3a90:	01 96       	adiw	r24, 0x01	; 1
    3a92:	11 23       	and	r17, r17
    3a94:	31 f0       	breq	.+12     	; 0x3aa2 <vfprintf+0x27a>
    3a96:	21 2f       	mov	r18, r17
    3a98:	30 e0       	ldi	r19, 0x00	; 0
    3a9a:	2f 5f       	subi	r18, 0xFF	; 255
    3a9c:	3f 4f       	sbci	r19, 0xFF	; 255
    3a9e:	82 0f       	add	r24, r18
    3aa0:	93 1f       	adc	r25, r19
    3aa2:	25 2d       	mov	r18, r5
    3aa4:	30 e0       	ldi	r19, 0x00	; 0
    3aa6:	82 17       	cp	r24, r18
    3aa8:	93 07       	cpc	r25, r19
    3aaa:	14 f4       	brge	.+4      	; 0x3ab0 <vfprintf+0x288>
    3aac:	58 1a       	sub	r5, r24
    3aae:	01 c0       	rjmp	.+2      	; 0x3ab2 <vfprintf+0x28a>
    3ab0:	51 2c       	mov	r5, r1
    3ab2:	89 2d       	mov	r24, r9
    3ab4:	89 70       	andi	r24, 0x09	; 9
    3ab6:	49 f4       	brne	.+18     	; 0x3aca <vfprintf+0x2a2>
    3ab8:	55 20       	and	r5, r5
    3aba:	39 f0       	breq	.+14     	; 0x3aca <vfprintf+0x2a2>
    3abc:	b7 01       	movw	r22, r14
    3abe:	80 e2       	ldi	r24, 0x20	; 32
    3ac0:	90 e0       	ldi	r25, 0x00	; 0
    3ac2:	0e 94 01 22 	call	0x4402	; 0x4402 <fputc>
    3ac6:	5a 94       	dec	r5
    3ac8:	f7 cf       	rjmp	.-18     	; 0x3ab8 <vfprintf+0x290>
    3aca:	00 23       	and	r16, r16
    3acc:	29 f0       	breq	.+10     	; 0x3ad8 <vfprintf+0x2b0>
    3ace:	b7 01       	movw	r22, r14
    3ad0:	80 2f       	mov	r24, r16
    3ad2:	90 e0       	ldi	r25, 0x00	; 0
    3ad4:	0e 94 01 22 	call	0x4402	; 0x4402 <fputc>
    3ad8:	93 fc       	sbrc	r9, 3
    3ada:	09 c0       	rjmp	.+18     	; 0x3aee <vfprintf+0x2c6>
    3adc:	55 20       	and	r5, r5
    3ade:	39 f0       	breq	.+14     	; 0x3aee <vfprintf+0x2c6>
    3ae0:	b7 01       	movw	r22, r14
    3ae2:	80 e3       	ldi	r24, 0x30	; 48
    3ae4:	90 e0       	ldi	r25, 0x00	; 0
    3ae6:	0e 94 01 22 	call	0x4402	; 0x4402 <fputc>
    3aea:	5a 94       	dec	r5
    3aec:	f7 cf       	rjmp	.-18     	; 0x3adc <vfprintf+0x2b4>
    3aee:	97 fe       	sbrs	r9, 7
    3af0:	4c c0       	rjmp	.+152    	; 0x3b8a <vfprintf+0x362>
    3af2:	46 01       	movw	r8, r12
    3af4:	d7 fe       	sbrs	r13, 7
    3af6:	02 c0       	rjmp	.+4      	; 0x3afc <vfprintf+0x2d4>
    3af8:	81 2c       	mov	r8, r1
    3afa:	91 2c       	mov	r9, r1
    3afc:	c6 01       	movw	r24, r12
    3afe:	88 19       	sub	r24, r8
    3b00:	99 09       	sbc	r25, r9
    3b02:	f3 01       	movw	r30, r6
    3b04:	e8 0f       	add	r30, r24
    3b06:	f9 1f       	adc	r31, r25
    3b08:	ed 87       	std	Y+13, r30	; 0x0d
    3b0a:	fe 87       	std	Y+14, r31	; 0x0e
    3b0c:	96 01       	movw	r18, r12
    3b0e:	24 19       	sub	r18, r4
    3b10:	31 09       	sbc	r19, r1
    3b12:	2f 87       	std	Y+15, r18	; 0x0f
    3b14:	38 8b       	std	Y+16, r19	; 0x10
    3b16:	01 2f       	mov	r16, r17
    3b18:	10 e0       	ldi	r17, 0x00	; 0
    3b1a:	11 95       	neg	r17
    3b1c:	01 95       	neg	r16
    3b1e:	11 09       	sbc	r17, r1
    3b20:	3f ef       	ldi	r19, 0xFF	; 255
    3b22:	83 16       	cp	r8, r19
    3b24:	93 06       	cpc	r9, r19
    3b26:	29 f4       	brne	.+10     	; 0x3b32 <vfprintf+0x30a>
    3b28:	b7 01       	movw	r22, r14
    3b2a:	8e e2       	ldi	r24, 0x2E	; 46
    3b2c:	90 e0       	ldi	r25, 0x00	; 0
    3b2e:	0e 94 01 22 	call	0x4402	; 0x4402 <fputc>
    3b32:	c8 14       	cp	r12, r8
    3b34:	d9 04       	cpc	r13, r9
    3b36:	4c f0       	brlt	.+18     	; 0x3b4a <vfprintf+0x322>
    3b38:	8f 85       	ldd	r24, Y+15	; 0x0f
    3b3a:	98 89       	ldd	r25, Y+16	; 0x10
    3b3c:	88 15       	cp	r24, r8
    3b3e:	99 05       	cpc	r25, r9
    3b40:	24 f4       	brge	.+8      	; 0x3b4a <vfprintf+0x322>
    3b42:	ed 85       	ldd	r30, Y+13	; 0x0d
    3b44:	fe 85       	ldd	r31, Y+14	; 0x0e
    3b46:	81 81       	ldd	r24, Z+1	; 0x01
    3b48:	01 c0       	rjmp	.+2      	; 0x3b4c <vfprintf+0x324>
    3b4a:	80 e3       	ldi	r24, 0x30	; 48
    3b4c:	f1 e0       	ldi	r31, 0x01	; 1
    3b4e:	8f 1a       	sub	r8, r31
    3b50:	91 08       	sbc	r9, r1
    3b52:	2d 85       	ldd	r18, Y+13	; 0x0d
    3b54:	3e 85       	ldd	r19, Y+14	; 0x0e
    3b56:	2f 5f       	subi	r18, 0xFF	; 255
    3b58:	3f 4f       	sbci	r19, 0xFF	; 255
    3b5a:	2d 87       	std	Y+13, r18	; 0x0d
    3b5c:	3e 87       	std	Y+14, r19	; 0x0e
    3b5e:	80 16       	cp	r8, r16
    3b60:	91 06       	cpc	r9, r17
    3b62:	2c f0       	brlt	.+10     	; 0x3b6e <vfprintf+0x346>
    3b64:	b7 01       	movw	r22, r14
    3b66:	90 e0       	ldi	r25, 0x00	; 0
    3b68:	0e 94 01 22 	call	0x4402	; 0x4402 <fputc>
    3b6c:	d9 cf       	rjmp	.-78     	; 0x3b20 <vfprintf+0x2f8>
    3b6e:	c8 14       	cp	r12, r8
    3b70:	d9 04       	cpc	r13, r9
    3b72:	41 f4       	brne	.+16     	; 0x3b84 <vfprintf+0x35c>
    3b74:	9a 81       	ldd	r25, Y+2	; 0x02
    3b76:	96 33       	cpi	r25, 0x36	; 54
    3b78:	20 f4       	brcc	.+8      	; 0x3b82 <vfprintf+0x35a>
    3b7a:	95 33       	cpi	r25, 0x35	; 53
    3b7c:	19 f4       	brne	.+6      	; 0x3b84 <vfprintf+0x35c>
    3b7e:	3c 85       	ldd	r19, Y+12	; 0x0c
    3b80:	34 ff       	sbrs	r19, 4
    3b82:	81 e3       	ldi	r24, 0x31	; 49
    3b84:	b7 01       	movw	r22, r14
    3b86:	90 e0       	ldi	r25, 0x00	; 0
    3b88:	4e c0       	rjmp	.+156    	; 0x3c26 <vfprintf+0x3fe>
    3b8a:	8a 81       	ldd	r24, Y+2	; 0x02
    3b8c:	81 33       	cpi	r24, 0x31	; 49
    3b8e:	19 f0       	breq	.+6      	; 0x3b96 <vfprintf+0x36e>
    3b90:	9c 85       	ldd	r25, Y+12	; 0x0c
    3b92:	9f 7e       	andi	r25, 0xEF	; 239
    3b94:	9c 87       	std	Y+12, r25	; 0x0c
    3b96:	b7 01       	movw	r22, r14
    3b98:	90 e0       	ldi	r25, 0x00	; 0
    3b9a:	0e 94 01 22 	call	0x4402	; 0x4402 <fputc>
    3b9e:	11 11       	cpse	r17, r1
    3ba0:	05 c0       	rjmp	.+10     	; 0x3bac <vfprintf+0x384>
    3ba2:	94 fc       	sbrc	r9, 4
    3ba4:	18 c0       	rjmp	.+48     	; 0x3bd6 <vfprintf+0x3ae>
    3ba6:	85 e6       	ldi	r24, 0x65	; 101
    3ba8:	90 e0       	ldi	r25, 0x00	; 0
    3baa:	17 c0       	rjmp	.+46     	; 0x3bda <vfprintf+0x3b2>
    3bac:	b7 01       	movw	r22, r14
    3bae:	8e e2       	ldi	r24, 0x2E	; 46
    3bb0:	90 e0       	ldi	r25, 0x00	; 0
    3bb2:	0e 94 01 22 	call	0x4402	; 0x4402 <fputc>
    3bb6:	1e 5f       	subi	r17, 0xFE	; 254
    3bb8:	82 e0       	ldi	r24, 0x02	; 2
    3bba:	01 e0       	ldi	r16, 0x01	; 1
    3bbc:	08 0f       	add	r16, r24
    3bbe:	f3 01       	movw	r30, r6
    3bc0:	e8 0f       	add	r30, r24
    3bc2:	f1 1d       	adc	r31, r1
    3bc4:	80 81       	ld	r24, Z
    3bc6:	b7 01       	movw	r22, r14
    3bc8:	90 e0       	ldi	r25, 0x00	; 0
    3bca:	0e 94 01 22 	call	0x4402	; 0x4402 <fputc>
    3bce:	80 2f       	mov	r24, r16
    3bd0:	01 13       	cpse	r16, r17
    3bd2:	f3 cf       	rjmp	.-26     	; 0x3bba <vfprintf+0x392>
    3bd4:	e6 cf       	rjmp	.-52     	; 0x3ba2 <vfprintf+0x37a>
    3bd6:	85 e4       	ldi	r24, 0x45	; 69
    3bd8:	90 e0       	ldi	r25, 0x00	; 0
    3bda:	b7 01       	movw	r22, r14
    3bdc:	0e 94 01 22 	call	0x4402	; 0x4402 <fputc>
    3be0:	d7 fc       	sbrc	r13, 7
    3be2:	06 c0       	rjmp	.+12     	; 0x3bf0 <vfprintf+0x3c8>
    3be4:	c1 14       	cp	r12, r1
    3be6:	d1 04       	cpc	r13, r1
    3be8:	41 f4       	brne	.+16     	; 0x3bfa <vfprintf+0x3d2>
    3bea:	ec 85       	ldd	r30, Y+12	; 0x0c
    3bec:	e4 ff       	sbrs	r30, 4
    3bee:	05 c0       	rjmp	.+10     	; 0x3bfa <vfprintf+0x3d2>
    3bf0:	d1 94       	neg	r13
    3bf2:	c1 94       	neg	r12
    3bf4:	d1 08       	sbc	r13, r1
    3bf6:	8d e2       	ldi	r24, 0x2D	; 45
    3bf8:	01 c0       	rjmp	.+2      	; 0x3bfc <vfprintf+0x3d4>
    3bfa:	8b e2       	ldi	r24, 0x2B	; 43
    3bfc:	b7 01       	movw	r22, r14
    3bfe:	90 e0       	ldi	r25, 0x00	; 0
    3c00:	0e 94 01 22 	call	0x4402	; 0x4402 <fputc>
    3c04:	80 e3       	ldi	r24, 0x30	; 48
    3c06:	2a e0       	ldi	r18, 0x0A	; 10
    3c08:	c2 16       	cp	r12, r18
    3c0a:	d1 04       	cpc	r13, r1
    3c0c:	2c f0       	brlt	.+10     	; 0x3c18 <vfprintf+0x3f0>
    3c0e:	8f 5f       	subi	r24, 0xFF	; 255
    3c10:	fa e0       	ldi	r31, 0x0A	; 10
    3c12:	cf 1a       	sub	r12, r31
    3c14:	d1 08       	sbc	r13, r1
    3c16:	f7 cf       	rjmp	.-18     	; 0x3c06 <vfprintf+0x3de>
    3c18:	b7 01       	movw	r22, r14
    3c1a:	90 e0       	ldi	r25, 0x00	; 0
    3c1c:	0e 94 01 22 	call	0x4402	; 0x4402 <fputc>
    3c20:	b7 01       	movw	r22, r14
    3c22:	c6 01       	movw	r24, r12
    3c24:	c0 96       	adiw	r24, 0x30	; 48
    3c26:	0e 94 01 22 	call	0x4402	; 0x4402 <fputc>
    3c2a:	54 c1       	rjmp	.+680    	; 0x3ed4 <vfprintf+0x6ac>
    3c2c:	83 36       	cpi	r24, 0x63	; 99
    3c2e:	31 f0       	breq	.+12     	; 0x3c3c <vfprintf+0x414>
    3c30:	83 37       	cpi	r24, 0x73	; 115
    3c32:	79 f0       	breq	.+30     	; 0x3c52 <vfprintf+0x42a>
    3c34:	83 35       	cpi	r24, 0x53	; 83
    3c36:	09 f0       	breq	.+2      	; 0x3c3a <vfprintf+0x412>
    3c38:	56 c0       	rjmp	.+172    	; 0x3ce6 <vfprintf+0x4be>
    3c3a:	20 c0       	rjmp	.+64     	; 0x3c7c <vfprintf+0x454>
    3c3c:	56 01       	movw	r10, r12
    3c3e:	32 e0       	ldi	r19, 0x02	; 2
    3c40:	a3 0e       	add	r10, r19
    3c42:	b1 1c       	adc	r11, r1
    3c44:	f6 01       	movw	r30, r12
    3c46:	80 81       	ld	r24, Z
    3c48:	89 83       	std	Y+1, r24	; 0x01
    3c4a:	01 e0       	ldi	r16, 0x01	; 1
    3c4c:	10 e0       	ldi	r17, 0x00	; 0
    3c4e:	63 01       	movw	r12, r6
    3c50:	12 c0       	rjmp	.+36     	; 0x3c76 <vfprintf+0x44e>
    3c52:	56 01       	movw	r10, r12
    3c54:	f2 e0       	ldi	r31, 0x02	; 2
    3c56:	af 0e       	add	r10, r31
    3c58:	b1 1c       	adc	r11, r1
    3c5a:	f6 01       	movw	r30, r12
    3c5c:	c0 80       	ld	r12, Z
    3c5e:	d1 80       	ldd	r13, Z+1	; 0x01
    3c60:	96 fe       	sbrs	r9, 6
    3c62:	03 c0       	rjmp	.+6      	; 0x3c6a <vfprintf+0x442>
    3c64:	61 2f       	mov	r22, r17
    3c66:	70 e0       	ldi	r23, 0x00	; 0
    3c68:	02 c0       	rjmp	.+4      	; 0x3c6e <vfprintf+0x446>
    3c6a:	6f ef       	ldi	r22, 0xFF	; 255
    3c6c:	7f ef       	ldi	r23, 0xFF	; 255
    3c6e:	c6 01       	movw	r24, r12
    3c70:	0e 94 f6 21 	call	0x43ec	; 0x43ec <strnlen>
    3c74:	8c 01       	movw	r16, r24
    3c76:	f9 2d       	mov	r31, r9
    3c78:	ff 77       	andi	r31, 0x7F	; 127
    3c7a:	14 c0       	rjmp	.+40     	; 0x3ca4 <vfprintf+0x47c>
    3c7c:	56 01       	movw	r10, r12
    3c7e:	22 e0       	ldi	r18, 0x02	; 2
    3c80:	a2 0e       	add	r10, r18
    3c82:	b1 1c       	adc	r11, r1
    3c84:	f6 01       	movw	r30, r12
    3c86:	c0 80       	ld	r12, Z
    3c88:	d1 80       	ldd	r13, Z+1	; 0x01
    3c8a:	96 fe       	sbrs	r9, 6
    3c8c:	03 c0       	rjmp	.+6      	; 0x3c94 <vfprintf+0x46c>
    3c8e:	61 2f       	mov	r22, r17
    3c90:	70 e0       	ldi	r23, 0x00	; 0
    3c92:	02 c0       	rjmp	.+4      	; 0x3c98 <vfprintf+0x470>
    3c94:	6f ef       	ldi	r22, 0xFF	; 255
    3c96:	7f ef       	ldi	r23, 0xFF	; 255
    3c98:	c6 01       	movw	r24, r12
    3c9a:	0e 94 e4 21 	call	0x43c8	; 0x43c8 <strnlen_P>
    3c9e:	8c 01       	movw	r16, r24
    3ca0:	f9 2d       	mov	r31, r9
    3ca2:	f0 68       	ori	r31, 0x80	; 128
    3ca4:	9f 2e       	mov	r9, r31
    3ca6:	f3 fd       	sbrc	r31, 3
    3ca8:	1a c0       	rjmp	.+52     	; 0x3cde <vfprintf+0x4b6>
    3caa:	85 2d       	mov	r24, r5
    3cac:	90 e0       	ldi	r25, 0x00	; 0
    3cae:	08 17       	cp	r16, r24
    3cb0:	19 07       	cpc	r17, r25
    3cb2:	a8 f4       	brcc	.+42     	; 0x3cde <vfprintf+0x4b6>
    3cb4:	b7 01       	movw	r22, r14
    3cb6:	80 e2       	ldi	r24, 0x20	; 32
    3cb8:	90 e0       	ldi	r25, 0x00	; 0
    3cba:	0e 94 01 22 	call	0x4402	; 0x4402 <fputc>
    3cbe:	5a 94       	dec	r5
    3cc0:	f4 cf       	rjmp	.-24     	; 0x3caa <vfprintf+0x482>
    3cc2:	f6 01       	movw	r30, r12
    3cc4:	97 fc       	sbrc	r9, 7
    3cc6:	85 91       	lpm	r24, Z+
    3cc8:	97 fe       	sbrs	r9, 7
    3cca:	81 91       	ld	r24, Z+
    3ccc:	6f 01       	movw	r12, r30
    3cce:	b7 01       	movw	r22, r14
    3cd0:	90 e0       	ldi	r25, 0x00	; 0
    3cd2:	0e 94 01 22 	call	0x4402	; 0x4402 <fputc>
    3cd6:	51 10       	cpse	r5, r1
    3cd8:	5a 94       	dec	r5
    3cda:	01 50       	subi	r16, 0x01	; 1
    3cdc:	11 09       	sbc	r17, r1
    3cde:	01 15       	cp	r16, r1
    3ce0:	11 05       	cpc	r17, r1
    3ce2:	79 f7       	brne	.-34     	; 0x3cc2 <vfprintf+0x49a>
    3ce4:	f7 c0       	rjmp	.+494    	; 0x3ed4 <vfprintf+0x6ac>
    3ce6:	84 36       	cpi	r24, 0x64	; 100
    3ce8:	11 f0       	breq	.+4      	; 0x3cee <vfprintf+0x4c6>
    3cea:	89 36       	cpi	r24, 0x69	; 105
    3cec:	61 f5       	brne	.+88     	; 0x3d46 <vfprintf+0x51e>
    3cee:	56 01       	movw	r10, r12
    3cf0:	97 fe       	sbrs	r9, 7
    3cf2:	09 c0       	rjmp	.+18     	; 0x3d06 <vfprintf+0x4de>
    3cf4:	24 e0       	ldi	r18, 0x04	; 4
    3cf6:	a2 0e       	add	r10, r18
    3cf8:	b1 1c       	adc	r11, r1
    3cfa:	f6 01       	movw	r30, r12
    3cfc:	60 81       	ld	r22, Z
    3cfe:	71 81       	ldd	r23, Z+1	; 0x01
    3d00:	82 81       	ldd	r24, Z+2	; 0x02
    3d02:	93 81       	ldd	r25, Z+3	; 0x03
    3d04:	0a c0       	rjmp	.+20     	; 0x3d1a <vfprintf+0x4f2>
    3d06:	f2 e0       	ldi	r31, 0x02	; 2
    3d08:	af 0e       	add	r10, r31
    3d0a:	b1 1c       	adc	r11, r1
    3d0c:	f6 01       	movw	r30, r12
    3d0e:	60 81       	ld	r22, Z
    3d10:	71 81       	ldd	r23, Z+1	; 0x01
    3d12:	07 2e       	mov	r0, r23
    3d14:	00 0c       	add	r0, r0
    3d16:	88 0b       	sbc	r24, r24
    3d18:	99 0b       	sbc	r25, r25
    3d1a:	f9 2d       	mov	r31, r9
    3d1c:	ff 76       	andi	r31, 0x6F	; 111
    3d1e:	9f 2e       	mov	r9, r31
    3d20:	97 ff       	sbrs	r25, 7
    3d22:	09 c0       	rjmp	.+18     	; 0x3d36 <vfprintf+0x50e>
    3d24:	90 95       	com	r25
    3d26:	80 95       	com	r24
    3d28:	70 95       	com	r23
    3d2a:	61 95       	neg	r22
    3d2c:	7f 4f       	sbci	r23, 0xFF	; 255
    3d2e:	8f 4f       	sbci	r24, 0xFF	; 255
    3d30:	9f 4f       	sbci	r25, 0xFF	; 255
    3d32:	f0 68       	ori	r31, 0x80	; 128
    3d34:	9f 2e       	mov	r9, r31
    3d36:	2a e0       	ldi	r18, 0x0A	; 10
    3d38:	30 e0       	ldi	r19, 0x00	; 0
    3d3a:	a3 01       	movw	r20, r6
    3d3c:	0e 94 3d 22 	call	0x447a	; 0x447a <__ultoa_invert>
    3d40:	c8 2e       	mov	r12, r24
    3d42:	c6 18       	sub	r12, r6
    3d44:	3f c0       	rjmp	.+126    	; 0x3dc4 <vfprintf+0x59c>
    3d46:	09 2d       	mov	r16, r9
    3d48:	85 37       	cpi	r24, 0x75	; 117
    3d4a:	21 f4       	brne	.+8      	; 0x3d54 <vfprintf+0x52c>
    3d4c:	0f 7e       	andi	r16, 0xEF	; 239
    3d4e:	2a e0       	ldi	r18, 0x0A	; 10
    3d50:	30 e0       	ldi	r19, 0x00	; 0
    3d52:	1d c0       	rjmp	.+58     	; 0x3d8e <vfprintf+0x566>
    3d54:	09 7f       	andi	r16, 0xF9	; 249
    3d56:	8f 36       	cpi	r24, 0x6F	; 111
    3d58:	91 f0       	breq	.+36     	; 0x3d7e <vfprintf+0x556>
    3d5a:	18 f4       	brcc	.+6      	; 0x3d62 <vfprintf+0x53a>
    3d5c:	88 35       	cpi	r24, 0x58	; 88
    3d5e:	59 f0       	breq	.+22     	; 0x3d76 <vfprintf+0x54e>
    3d60:	c3 c0       	rjmp	.+390    	; 0x3ee8 <vfprintf+0x6c0>
    3d62:	80 37       	cpi	r24, 0x70	; 112
    3d64:	19 f0       	breq	.+6      	; 0x3d6c <vfprintf+0x544>
    3d66:	88 37       	cpi	r24, 0x78	; 120
    3d68:	11 f0       	breq	.+4      	; 0x3d6e <vfprintf+0x546>
    3d6a:	be c0       	rjmp	.+380    	; 0x3ee8 <vfprintf+0x6c0>
    3d6c:	00 61       	ori	r16, 0x10	; 16
    3d6e:	04 ff       	sbrs	r16, 4
    3d70:	09 c0       	rjmp	.+18     	; 0x3d84 <vfprintf+0x55c>
    3d72:	04 60       	ori	r16, 0x04	; 4
    3d74:	07 c0       	rjmp	.+14     	; 0x3d84 <vfprintf+0x55c>
    3d76:	94 fe       	sbrs	r9, 4
    3d78:	08 c0       	rjmp	.+16     	; 0x3d8a <vfprintf+0x562>
    3d7a:	06 60       	ori	r16, 0x06	; 6
    3d7c:	06 c0       	rjmp	.+12     	; 0x3d8a <vfprintf+0x562>
    3d7e:	28 e0       	ldi	r18, 0x08	; 8
    3d80:	30 e0       	ldi	r19, 0x00	; 0
    3d82:	05 c0       	rjmp	.+10     	; 0x3d8e <vfprintf+0x566>
    3d84:	20 e1       	ldi	r18, 0x10	; 16
    3d86:	30 e0       	ldi	r19, 0x00	; 0
    3d88:	02 c0       	rjmp	.+4      	; 0x3d8e <vfprintf+0x566>
    3d8a:	20 e1       	ldi	r18, 0x10	; 16
    3d8c:	32 e0       	ldi	r19, 0x02	; 2
    3d8e:	56 01       	movw	r10, r12
    3d90:	07 ff       	sbrs	r16, 7
    3d92:	09 c0       	rjmp	.+18     	; 0x3da6 <vfprintf+0x57e>
    3d94:	84 e0       	ldi	r24, 0x04	; 4
    3d96:	a8 0e       	add	r10, r24
    3d98:	b1 1c       	adc	r11, r1
    3d9a:	f6 01       	movw	r30, r12
    3d9c:	60 81       	ld	r22, Z
    3d9e:	71 81       	ldd	r23, Z+1	; 0x01
    3da0:	82 81       	ldd	r24, Z+2	; 0x02
    3da2:	93 81       	ldd	r25, Z+3	; 0x03
    3da4:	08 c0       	rjmp	.+16     	; 0x3db6 <vfprintf+0x58e>
    3da6:	f2 e0       	ldi	r31, 0x02	; 2
    3da8:	af 0e       	add	r10, r31
    3daa:	b1 1c       	adc	r11, r1
    3dac:	f6 01       	movw	r30, r12
    3dae:	60 81       	ld	r22, Z
    3db0:	71 81       	ldd	r23, Z+1	; 0x01
    3db2:	80 e0       	ldi	r24, 0x00	; 0
    3db4:	90 e0       	ldi	r25, 0x00	; 0
    3db6:	a3 01       	movw	r20, r6
    3db8:	0e 94 3d 22 	call	0x447a	; 0x447a <__ultoa_invert>
    3dbc:	c8 2e       	mov	r12, r24
    3dbe:	c6 18       	sub	r12, r6
    3dc0:	0f 77       	andi	r16, 0x7F	; 127
    3dc2:	90 2e       	mov	r9, r16
    3dc4:	96 fe       	sbrs	r9, 6
    3dc6:	0b c0       	rjmp	.+22     	; 0x3dde <vfprintf+0x5b6>
    3dc8:	09 2d       	mov	r16, r9
    3dca:	0e 7f       	andi	r16, 0xFE	; 254
    3dcc:	c1 16       	cp	r12, r17
    3dce:	50 f4       	brcc	.+20     	; 0x3de4 <vfprintf+0x5bc>
    3dd0:	94 fe       	sbrs	r9, 4
    3dd2:	0a c0       	rjmp	.+20     	; 0x3de8 <vfprintf+0x5c0>
    3dd4:	92 fc       	sbrc	r9, 2
    3dd6:	08 c0       	rjmp	.+16     	; 0x3de8 <vfprintf+0x5c0>
    3dd8:	09 2d       	mov	r16, r9
    3dda:	0e 7e       	andi	r16, 0xEE	; 238
    3ddc:	05 c0       	rjmp	.+10     	; 0x3de8 <vfprintf+0x5c0>
    3dde:	dc 2c       	mov	r13, r12
    3de0:	09 2d       	mov	r16, r9
    3de2:	03 c0       	rjmp	.+6      	; 0x3dea <vfprintf+0x5c2>
    3de4:	dc 2c       	mov	r13, r12
    3de6:	01 c0       	rjmp	.+2      	; 0x3dea <vfprintf+0x5c2>
    3de8:	d1 2e       	mov	r13, r17
    3dea:	04 ff       	sbrs	r16, 4
    3dec:	0d c0       	rjmp	.+26     	; 0x3e08 <vfprintf+0x5e0>
    3dee:	fe 01       	movw	r30, r28
    3df0:	ec 0d       	add	r30, r12
    3df2:	f1 1d       	adc	r31, r1
    3df4:	80 81       	ld	r24, Z
    3df6:	80 33       	cpi	r24, 0x30	; 48
    3df8:	11 f4       	brne	.+4      	; 0x3dfe <vfprintf+0x5d6>
    3dfa:	09 7e       	andi	r16, 0xE9	; 233
    3dfc:	09 c0       	rjmp	.+18     	; 0x3e10 <vfprintf+0x5e8>
    3dfe:	02 ff       	sbrs	r16, 2
    3e00:	06 c0       	rjmp	.+12     	; 0x3e0e <vfprintf+0x5e6>
    3e02:	d3 94       	inc	r13
    3e04:	d3 94       	inc	r13
    3e06:	04 c0       	rjmp	.+8      	; 0x3e10 <vfprintf+0x5e8>
    3e08:	80 2f       	mov	r24, r16
    3e0a:	86 78       	andi	r24, 0x86	; 134
    3e0c:	09 f0       	breq	.+2      	; 0x3e10 <vfprintf+0x5e8>
    3e0e:	d3 94       	inc	r13
    3e10:	03 fd       	sbrc	r16, 3
    3e12:	11 c0       	rjmp	.+34     	; 0x3e36 <vfprintf+0x60e>
    3e14:	00 ff       	sbrs	r16, 0
    3e16:	06 c0       	rjmp	.+12     	; 0x3e24 <vfprintf+0x5fc>
    3e18:	1c 2d       	mov	r17, r12
    3e1a:	d5 14       	cp	r13, r5
    3e1c:	80 f4       	brcc	.+32     	; 0x3e3e <vfprintf+0x616>
    3e1e:	15 0d       	add	r17, r5
    3e20:	1d 19       	sub	r17, r13
    3e22:	0d c0       	rjmp	.+26     	; 0x3e3e <vfprintf+0x616>
    3e24:	d5 14       	cp	r13, r5
    3e26:	58 f4       	brcc	.+22     	; 0x3e3e <vfprintf+0x616>
    3e28:	b7 01       	movw	r22, r14
    3e2a:	80 e2       	ldi	r24, 0x20	; 32
    3e2c:	90 e0       	ldi	r25, 0x00	; 0
    3e2e:	0e 94 01 22 	call	0x4402	; 0x4402 <fputc>
    3e32:	d3 94       	inc	r13
    3e34:	f7 cf       	rjmp	.-18     	; 0x3e24 <vfprintf+0x5fc>
    3e36:	d5 14       	cp	r13, r5
    3e38:	10 f4       	brcc	.+4      	; 0x3e3e <vfprintf+0x616>
    3e3a:	5d 18       	sub	r5, r13
    3e3c:	01 c0       	rjmp	.+2      	; 0x3e40 <vfprintf+0x618>
    3e3e:	51 2c       	mov	r5, r1
    3e40:	04 ff       	sbrs	r16, 4
    3e42:	10 c0       	rjmp	.+32     	; 0x3e64 <vfprintf+0x63c>
    3e44:	b7 01       	movw	r22, r14
    3e46:	80 e3       	ldi	r24, 0x30	; 48
    3e48:	90 e0       	ldi	r25, 0x00	; 0
    3e4a:	0e 94 01 22 	call	0x4402	; 0x4402 <fputc>
    3e4e:	02 ff       	sbrs	r16, 2
    3e50:	17 c0       	rjmp	.+46     	; 0x3e80 <vfprintf+0x658>
    3e52:	01 fd       	sbrc	r16, 1
    3e54:	03 c0       	rjmp	.+6      	; 0x3e5c <vfprintf+0x634>
    3e56:	88 e7       	ldi	r24, 0x78	; 120
    3e58:	90 e0       	ldi	r25, 0x00	; 0
    3e5a:	02 c0       	rjmp	.+4      	; 0x3e60 <vfprintf+0x638>
    3e5c:	88 e5       	ldi	r24, 0x58	; 88
    3e5e:	90 e0       	ldi	r25, 0x00	; 0
    3e60:	b7 01       	movw	r22, r14
    3e62:	0c c0       	rjmp	.+24     	; 0x3e7c <vfprintf+0x654>
    3e64:	80 2f       	mov	r24, r16
    3e66:	86 78       	andi	r24, 0x86	; 134
    3e68:	59 f0       	breq	.+22     	; 0x3e80 <vfprintf+0x658>
    3e6a:	01 ff       	sbrs	r16, 1
    3e6c:	02 c0       	rjmp	.+4      	; 0x3e72 <vfprintf+0x64a>
    3e6e:	8b e2       	ldi	r24, 0x2B	; 43
    3e70:	01 c0       	rjmp	.+2      	; 0x3e74 <vfprintf+0x64c>
    3e72:	80 e2       	ldi	r24, 0x20	; 32
    3e74:	07 fd       	sbrc	r16, 7
    3e76:	8d e2       	ldi	r24, 0x2D	; 45
    3e78:	b7 01       	movw	r22, r14
    3e7a:	90 e0       	ldi	r25, 0x00	; 0
    3e7c:	0e 94 01 22 	call	0x4402	; 0x4402 <fputc>
    3e80:	c1 16       	cp	r12, r17
    3e82:	38 f4       	brcc	.+14     	; 0x3e92 <vfprintf+0x66a>
    3e84:	b7 01       	movw	r22, r14
    3e86:	80 e3       	ldi	r24, 0x30	; 48
    3e88:	90 e0       	ldi	r25, 0x00	; 0
    3e8a:	0e 94 01 22 	call	0x4402	; 0x4402 <fputc>
    3e8e:	11 50       	subi	r17, 0x01	; 1
    3e90:	f7 cf       	rjmp	.-18     	; 0x3e80 <vfprintf+0x658>
    3e92:	ca 94       	dec	r12
    3e94:	f3 01       	movw	r30, r6
    3e96:	ec 0d       	add	r30, r12
    3e98:	f1 1d       	adc	r31, r1
    3e9a:	80 81       	ld	r24, Z
    3e9c:	b7 01       	movw	r22, r14
    3e9e:	90 e0       	ldi	r25, 0x00	; 0
    3ea0:	0e 94 01 22 	call	0x4402	; 0x4402 <fputc>
    3ea4:	c1 10       	cpse	r12, r1
    3ea6:	f5 cf       	rjmp	.-22     	; 0x3e92 <vfprintf+0x66a>
    3ea8:	15 c0       	rjmp	.+42     	; 0x3ed4 <vfprintf+0x6ac>
    3eaa:	f4 e0       	ldi	r31, 0x04	; 4
    3eac:	f5 15       	cp	r31, r5
    3eae:	60 f5       	brcc	.+88     	; 0x3f08 <vfprintf+0x6e0>
    3eb0:	84 e0       	ldi	r24, 0x04	; 4
    3eb2:	58 1a       	sub	r5, r24
    3eb4:	93 fe       	sbrs	r9, 3
    3eb6:	1f c0       	rjmp	.+62     	; 0x3ef6 <vfprintf+0x6ce>
    3eb8:	01 11       	cpse	r16, r1
    3eba:	27 c0       	rjmp	.+78     	; 0x3f0a <vfprintf+0x6e2>
    3ebc:	2c 85       	ldd	r18, Y+12	; 0x0c
    3ebe:	23 ff       	sbrs	r18, 3
    3ec0:	2a c0       	rjmp	.+84     	; 0x3f16 <vfprintf+0x6ee>
    3ec2:	0a e8       	ldi	r16, 0x8A	; 138
    3ec4:	12 e0       	ldi	r17, 0x02	; 2
    3ec6:	39 2d       	mov	r19, r9
    3ec8:	30 71       	andi	r19, 0x10	; 16
    3eca:	93 2e       	mov	r9, r19
    3ecc:	f8 01       	movw	r30, r16
    3ece:	84 91       	lpm	r24, Z
    3ed0:	81 11       	cpse	r24, r1
    3ed2:	24 c0       	rjmp	.+72     	; 0x3f1c <vfprintf+0x6f4>
    3ed4:	55 20       	and	r5, r5
    3ed6:	09 f4       	brne	.+2      	; 0x3eda <vfprintf+0x6b2>
    3ed8:	e4 cc       	rjmp	.-1592   	; 0x38a2 <vfprintf+0x7a>
    3eda:	b7 01       	movw	r22, r14
    3edc:	80 e2       	ldi	r24, 0x20	; 32
    3ede:	90 e0       	ldi	r25, 0x00	; 0
    3ee0:	0e 94 01 22 	call	0x4402	; 0x4402 <fputc>
    3ee4:	5a 94       	dec	r5
    3ee6:	f6 cf       	rjmp	.-20     	; 0x3ed4 <vfprintf+0x6ac>
    3ee8:	f7 01       	movw	r30, r14
    3eea:	86 81       	ldd	r24, Z+6	; 0x06
    3eec:	97 81       	ldd	r25, Z+7	; 0x07
    3eee:	26 c0       	rjmp	.+76     	; 0x3f3c <vfprintf+0x714>
    3ef0:	8f ef       	ldi	r24, 0xFF	; 255
    3ef2:	9f ef       	ldi	r25, 0xFF	; 255
    3ef4:	23 c0       	rjmp	.+70     	; 0x3f3c <vfprintf+0x714>
    3ef6:	b7 01       	movw	r22, r14
    3ef8:	80 e2       	ldi	r24, 0x20	; 32
    3efa:	90 e0       	ldi	r25, 0x00	; 0
    3efc:	0e 94 01 22 	call	0x4402	; 0x4402 <fputc>
    3f00:	5a 94       	dec	r5
    3f02:	51 10       	cpse	r5, r1
    3f04:	f8 cf       	rjmp	.-16     	; 0x3ef6 <vfprintf+0x6ce>
    3f06:	d8 cf       	rjmp	.-80     	; 0x3eb8 <vfprintf+0x690>
    3f08:	51 2c       	mov	r5, r1
    3f0a:	b7 01       	movw	r22, r14
    3f0c:	80 2f       	mov	r24, r16
    3f0e:	90 e0       	ldi	r25, 0x00	; 0
    3f10:	0e 94 01 22 	call	0x4402	; 0x4402 <fputc>
    3f14:	d3 cf       	rjmp	.-90     	; 0x3ebc <vfprintf+0x694>
    3f16:	0e e8       	ldi	r16, 0x8E	; 142
    3f18:	12 e0       	ldi	r17, 0x02	; 2
    3f1a:	d5 cf       	rjmp	.-86     	; 0x3ec6 <vfprintf+0x69e>
    3f1c:	91 10       	cpse	r9, r1
    3f1e:	80 52       	subi	r24, 0x20	; 32
    3f20:	b7 01       	movw	r22, r14
    3f22:	90 e0       	ldi	r25, 0x00	; 0
    3f24:	0e 94 01 22 	call	0x4402	; 0x4402 <fputc>
    3f28:	0f 5f       	subi	r16, 0xFF	; 255
    3f2a:	1f 4f       	sbci	r17, 0xFF	; 255
    3f2c:	cf cf       	rjmp	.-98     	; 0x3ecc <vfprintf+0x6a4>
    3f2e:	23 e0       	ldi	r18, 0x03	; 3
    3f30:	25 15       	cp	r18, r5
    3f32:	10 f4       	brcc	.+4      	; 0x3f38 <vfprintf+0x710>
    3f34:	83 e0       	ldi	r24, 0x03	; 3
    3f36:	bd cf       	rjmp	.-134    	; 0x3eb2 <vfprintf+0x68a>
    3f38:	51 2c       	mov	r5, r1
    3f3a:	c0 cf       	rjmp	.-128    	; 0x3ebc <vfprintf+0x694>
    3f3c:	60 96       	adiw	r28, 0x10	; 16
    3f3e:	cd bf       	out	0x3d, r28	; 61
    3f40:	de bf       	out	0x3e, r29	; 62
    3f42:	df 91       	pop	r29
    3f44:	cf 91       	pop	r28
    3f46:	1f 91       	pop	r17
    3f48:	0f 91       	pop	r16
    3f4a:	ff 90       	pop	r15
    3f4c:	ef 90       	pop	r14
    3f4e:	df 90       	pop	r13
    3f50:	cf 90       	pop	r12
    3f52:	bf 90       	pop	r11
    3f54:	af 90       	pop	r10
    3f56:	9f 90       	pop	r9
    3f58:	8f 90       	pop	r8
    3f5a:	7f 90       	pop	r7
    3f5c:	6f 90       	pop	r6
    3f5e:	5f 90       	pop	r5
    3f60:	4f 90       	pop	r4
    3f62:	3f 90       	pop	r3
    3f64:	2f 90       	pop	r2
    3f66:	08 95       	ret

00003f68 <__udivmodhi4>:
    3f68:	aa 1b       	sub	r26, r26
    3f6a:	bb 1b       	sub	r27, r27
    3f6c:	51 e1       	ldi	r21, 0x11	; 17
    3f6e:	07 c0       	rjmp	.+14     	; 0x3f7e <__udivmodhi4_ep>

00003f70 <__udivmodhi4_loop>:
    3f70:	aa 1f       	adc	r26, r26
    3f72:	bb 1f       	adc	r27, r27
    3f74:	a6 17       	cp	r26, r22
    3f76:	b7 07       	cpc	r27, r23
    3f78:	10 f0       	brcs	.+4      	; 0x3f7e <__udivmodhi4_ep>
    3f7a:	a6 1b       	sub	r26, r22
    3f7c:	b7 0b       	sbc	r27, r23

00003f7e <__udivmodhi4_ep>:
    3f7e:	88 1f       	adc	r24, r24
    3f80:	99 1f       	adc	r25, r25
    3f82:	5a 95       	dec	r21
    3f84:	a9 f7       	brne	.-22     	; 0x3f70 <__udivmodhi4_loop>
    3f86:	80 95       	com	r24
    3f88:	90 95       	com	r25
    3f8a:	bc 01       	movw	r22, r24
    3f8c:	cd 01       	movw	r24, r26
    3f8e:	08 95       	ret

00003f90 <__divmodhi4>:
    3f90:	97 fb       	bst	r25, 7
    3f92:	07 2e       	mov	r0, r23
    3f94:	16 f4       	brtc	.+4      	; 0x3f9a <__divmodhi4+0xa>
    3f96:	00 94       	com	r0
    3f98:	07 d0       	rcall	.+14     	; 0x3fa8 <__divmodhi4_neg1>
    3f9a:	77 fd       	sbrc	r23, 7
    3f9c:	09 d0       	rcall	.+18     	; 0x3fb0 <__divmodhi4_neg2>
    3f9e:	0e 94 b4 1f 	call	0x3f68	; 0x3f68 <__udivmodhi4>
    3fa2:	07 fc       	sbrc	r0, 7
    3fa4:	05 d0       	rcall	.+10     	; 0x3fb0 <__divmodhi4_neg2>
    3fa6:	3e f4       	brtc	.+14     	; 0x3fb6 <__divmodhi4_exit>

00003fa8 <__divmodhi4_neg1>:
    3fa8:	90 95       	com	r25
    3faa:	81 95       	neg	r24
    3fac:	9f 4f       	sbci	r25, 0xFF	; 255
    3fae:	08 95       	ret

00003fb0 <__divmodhi4_neg2>:
    3fb0:	70 95       	com	r23
    3fb2:	61 95       	neg	r22
    3fb4:	7f 4f       	sbci	r23, 0xFF	; 255

00003fb6 <__divmodhi4_exit>:
    3fb6:	08 95       	ret

00003fb8 <__umulhisi3>:
    3fb8:	a2 9f       	mul	r26, r18
    3fba:	b0 01       	movw	r22, r0
    3fbc:	b3 9f       	mul	r27, r19
    3fbe:	c0 01       	movw	r24, r0
    3fc0:	a3 9f       	mul	r26, r19
    3fc2:	70 0d       	add	r23, r0
    3fc4:	81 1d       	adc	r24, r1
    3fc6:	11 24       	eor	r1, r1
    3fc8:	91 1d       	adc	r25, r1
    3fca:	b2 9f       	mul	r27, r18
    3fcc:	70 0d       	add	r23, r0
    3fce:	81 1d       	adc	r24, r1
    3fd0:	11 24       	eor	r1, r1
    3fd2:	91 1d       	adc	r25, r1
    3fd4:	08 95       	ret

00003fd6 <malloc>:
    3fd6:	0f 93       	push	r16
    3fd8:	1f 93       	push	r17
    3fda:	cf 93       	push	r28
    3fdc:	df 93       	push	r29
    3fde:	82 30       	cpi	r24, 0x02	; 2
    3fe0:	91 05       	cpc	r25, r1
    3fe2:	10 f4       	brcc	.+4      	; 0x3fe8 <malloc+0x12>
    3fe4:	82 e0       	ldi	r24, 0x02	; 2
    3fe6:	90 e0       	ldi	r25, 0x00	; 0
    3fe8:	e0 91 7b 21 	lds	r30, 0x217B	; 0x80217b <__flp>
    3fec:	f0 91 7c 21 	lds	r31, 0x217C	; 0x80217c <__flp+0x1>
    3ff0:	20 e0       	ldi	r18, 0x00	; 0
    3ff2:	30 e0       	ldi	r19, 0x00	; 0
    3ff4:	a0 e0       	ldi	r26, 0x00	; 0
    3ff6:	b0 e0       	ldi	r27, 0x00	; 0
    3ff8:	30 97       	sbiw	r30, 0x00	; 0
    3ffa:	19 f1       	breq	.+70     	; 0x4042 <malloc+0x6c>
    3ffc:	40 81       	ld	r20, Z
    3ffe:	51 81       	ldd	r21, Z+1	; 0x01
    4000:	02 81       	ldd	r16, Z+2	; 0x02
    4002:	13 81       	ldd	r17, Z+3	; 0x03
    4004:	48 17       	cp	r20, r24
    4006:	59 07       	cpc	r21, r25
    4008:	c8 f0       	brcs	.+50     	; 0x403c <malloc+0x66>
    400a:	84 17       	cp	r24, r20
    400c:	95 07       	cpc	r25, r21
    400e:	69 f4       	brne	.+26     	; 0x402a <malloc+0x54>
    4010:	10 97       	sbiw	r26, 0x00	; 0
    4012:	31 f0       	breq	.+12     	; 0x4020 <malloc+0x4a>
    4014:	12 96       	adiw	r26, 0x02	; 2
    4016:	0c 93       	st	X, r16
    4018:	12 97       	sbiw	r26, 0x02	; 2
    401a:	13 96       	adiw	r26, 0x03	; 3
    401c:	1c 93       	st	X, r17
    401e:	27 c0       	rjmp	.+78     	; 0x406e <malloc+0x98>
    4020:	00 93 7b 21 	sts	0x217B, r16	; 0x80217b <__flp>
    4024:	10 93 7c 21 	sts	0x217C, r17	; 0x80217c <__flp+0x1>
    4028:	22 c0       	rjmp	.+68     	; 0x406e <malloc+0x98>
    402a:	21 15       	cp	r18, r1
    402c:	31 05       	cpc	r19, r1
    402e:	19 f0       	breq	.+6      	; 0x4036 <malloc+0x60>
    4030:	42 17       	cp	r20, r18
    4032:	53 07       	cpc	r21, r19
    4034:	18 f4       	brcc	.+6      	; 0x403c <malloc+0x66>
    4036:	9a 01       	movw	r18, r20
    4038:	bd 01       	movw	r22, r26
    403a:	ef 01       	movw	r28, r30
    403c:	df 01       	movw	r26, r30
    403e:	f8 01       	movw	r30, r16
    4040:	db cf       	rjmp	.-74     	; 0x3ff8 <malloc+0x22>
    4042:	21 15       	cp	r18, r1
    4044:	31 05       	cpc	r19, r1
    4046:	f9 f0       	breq	.+62     	; 0x4086 <malloc+0xb0>
    4048:	28 1b       	sub	r18, r24
    404a:	39 0b       	sbc	r19, r25
    404c:	24 30       	cpi	r18, 0x04	; 4
    404e:	31 05       	cpc	r19, r1
    4050:	80 f4       	brcc	.+32     	; 0x4072 <malloc+0x9c>
    4052:	8a 81       	ldd	r24, Y+2	; 0x02
    4054:	9b 81       	ldd	r25, Y+3	; 0x03
    4056:	61 15       	cp	r22, r1
    4058:	71 05       	cpc	r23, r1
    405a:	21 f0       	breq	.+8      	; 0x4064 <malloc+0x8e>
    405c:	fb 01       	movw	r30, r22
    405e:	82 83       	std	Z+2, r24	; 0x02
    4060:	93 83       	std	Z+3, r25	; 0x03
    4062:	04 c0       	rjmp	.+8      	; 0x406c <malloc+0x96>
    4064:	80 93 7b 21 	sts	0x217B, r24	; 0x80217b <__flp>
    4068:	90 93 7c 21 	sts	0x217C, r25	; 0x80217c <__flp+0x1>
    406c:	fe 01       	movw	r30, r28
    406e:	32 96       	adiw	r30, 0x02	; 2
    4070:	44 c0       	rjmp	.+136    	; 0x40fa <malloc+0x124>
    4072:	fe 01       	movw	r30, r28
    4074:	e2 0f       	add	r30, r18
    4076:	f3 1f       	adc	r31, r19
    4078:	81 93       	st	Z+, r24
    407a:	91 93       	st	Z+, r25
    407c:	22 50       	subi	r18, 0x02	; 2
    407e:	31 09       	sbc	r19, r1
    4080:	28 83       	st	Y, r18
    4082:	39 83       	std	Y+1, r19	; 0x01
    4084:	3a c0       	rjmp	.+116    	; 0x40fa <malloc+0x124>
    4086:	20 91 79 21 	lds	r18, 0x2179	; 0x802179 <__brkval>
    408a:	30 91 7a 21 	lds	r19, 0x217A	; 0x80217a <__brkval+0x1>
    408e:	23 2b       	or	r18, r19
    4090:	41 f4       	brne	.+16     	; 0x40a2 <malloc+0xcc>
    4092:	20 91 02 20 	lds	r18, 0x2002	; 0x802002 <__malloc_heap_start>
    4096:	30 91 03 20 	lds	r19, 0x2003	; 0x802003 <__malloc_heap_start+0x1>
    409a:	20 93 79 21 	sts	0x2179, r18	; 0x802179 <__brkval>
    409e:	30 93 7a 21 	sts	0x217A, r19	; 0x80217a <__brkval+0x1>
    40a2:	20 91 00 20 	lds	r18, 0x2000	; 0x802000 <__DATA_REGION_ORIGIN__>
    40a6:	30 91 01 20 	lds	r19, 0x2001	; 0x802001 <__DATA_REGION_ORIGIN__+0x1>
    40aa:	21 15       	cp	r18, r1
    40ac:	31 05       	cpc	r19, r1
    40ae:	41 f4       	brne	.+16     	; 0x40c0 <malloc+0xea>
    40b0:	2d b7       	in	r18, 0x3d	; 61
    40b2:	3e b7       	in	r19, 0x3e	; 62
    40b4:	40 91 04 20 	lds	r20, 0x2004	; 0x802004 <__malloc_margin>
    40b8:	50 91 05 20 	lds	r21, 0x2005	; 0x802005 <__malloc_margin+0x1>
    40bc:	24 1b       	sub	r18, r20
    40be:	35 0b       	sbc	r19, r21
    40c0:	e0 91 79 21 	lds	r30, 0x2179	; 0x802179 <__brkval>
    40c4:	f0 91 7a 21 	lds	r31, 0x217A	; 0x80217a <__brkval+0x1>
    40c8:	e2 17       	cp	r30, r18
    40ca:	f3 07       	cpc	r31, r19
    40cc:	a0 f4       	brcc	.+40     	; 0x40f6 <malloc+0x120>
    40ce:	2e 1b       	sub	r18, r30
    40d0:	3f 0b       	sbc	r19, r31
    40d2:	28 17       	cp	r18, r24
    40d4:	39 07       	cpc	r19, r25
    40d6:	78 f0       	brcs	.+30     	; 0x40f6 <malloc+0x120>
    40d8:	ac 01       	movw	r20, r24
    40da:	4e 5f       	subi	r20, 0xFE	; 254
    40dc:	5f 4f       	sbci	r21, 0xFF	; 255
    40de:	24 17       	cp	r18, r20
    40e0:	35 07       	cpc	r19, r21
    40e2:	48 f0       	brcs	.+18     	; 0x40f6 <malloc+0x120>
    40e4:	4e 0f       	add	r20, r30
    40e6:	5f 1f       	adc	r21, r31
    40e8:	40 93 79 21 	sts	0x2179, r20	; 0x802179 <__brkval>
    40ec:	50 93 7a 21 	sts	0x217A, r21	; 0x80217a <__brkval+0x1>
    40f0:	81 93       	st	Z+, r24
    40f2:	91 93       	st	Z+, r25
    40f4:	02 c0       	rjmp	.+4      	; 0x40fa <malloc+0x124>
    40f6:	e0 e0       	ldi	r30, 0x00	; 0
    40f8:	f0 e0       	ldi	r31, 0x00	; 0
    40fa:	cf 01       	movw	r24, r30
    40fc:	df 91       	pop	r29
    40fe:	cf 91       	pop	r28
    4100:	1f 91       	pop	r17
    4102:	0f 91       	pop	r16
    4104:	08 95       	ret

00004106 <free>:
    4106:	cf 93       	push	r28
    4108:	df 93       	push	r29
    410a:	00 97       	sbiw	r24, 0x00	; 0
    410c:	09 f4       	brne	.+2      	; 0x4110 <free+0xa>
    410e:	81 c0       	rjmp	.+258    	; 0x4212 <free+0x10c>
    4110:	fc 01       	movw	r30, r24
    4112:	32 97       	sbiw	r30, 0x02	; 2
    4114:	12 82       	std	Z+2, r1	; 0x02
    4116:	13 82       	std	Z+3, r1	; 0x03
    4118:	a0 91 7b 21 	lds	r26, 0x217B	; 0x80217b <__flp>
    411c:	b0 91 7c 21 	lds	r27, 0x217C	; 0x80217c <__flp+0x1>
    4120:	10 97       	sbiw	r26, 0x00	; 0
    4122:	81 f4       	brne	.+32     	; 0x4144 <free+0x3e>
    4124:	20 81       	ld	r18, Z
    4126:	31 81       	ldd	r19, Z+1	; 0x01
    4128:	82 0f       	add	r24, r18
    412a:	93 1f       	adc	r25, r19
    412c:	20 91 79 21 	lds	r18, 0x2179	; 0x802179 <__brkval>
    4130:	30 91 7a 21 	lds	r19, 0x217A	; 0x80217a <__brkval+0x1>
    4134:	28 17       	cp	r18, r24
    4136:	39 07       	cpc	r19, r25
    4138:	51 f5       	brne	.+84     	; 0x418e <free+0x88>
    413a:	e0 93 79 21 	sts	0x2179, r30	; 0x802179 <__brkval>
    413e:	f0 93 7a 21 	sts	0x217A, r31	; 0x80217a <__brkval+0x1>
    4142:	67 c0       	rjmp	.+206    	; 0x4212 <free+0x10c>
    4144:	ed 01       	movw	r28, r26
    4146:	20 e0       	ldi	r18, 0x00	; 0
    4148:	30 e0       	ldi	r19, 0x00	; 0
    414a:	ce 17       	cp	r28, r30
    414c:	df 07       	cpc	r29, r31
    414e:	40 f4       	brcc	.+16     	; 0x4160 <free+0x5a>
    4150:	4a 81       	ldd	r20, Y+2	; 0x02
    4152:	5b 81       	ldd	r21, Y+3	; 0x03
    4154:	9e 01       	movw	r18, r28
    4156:	41 15       	cp	r20, r1
    4158:	51 05       	cpc	r21, r1
    415a:	f1 f0       	breq	.+60     	; 0x4198 <free+0x92>
    415c:	ea 01       	movw	r28, r20
    415e:	f5 cf       	rjmp	.-22     	; 0x414a <free+0x44>
    4160:	c2 83       	std	Z+2, r28	; 0x02
    4162:	d3 83       	std	Z+3, r29	; 0x03
    4164:	40 81       	ld	r20, Z
    4166:	51 81       	ldd	r21, Z+1	; 0x01
    4168:	84 0f       	add	r24, r20
    416a:	95 1f       	adc	r25, r21
    416c:	c8 17       	cp	r28, r24
    416e:	d9 07       	cpc	r29, r25
    4170:	59 f4       	brne	.+22     	; 0x4188 <free+0x82>
    4172:	88 81       	ld	r24, Y
    4174:	99 81       	ldd	r25, Y+1	; 0x01
    4176:	84 0f       	add	r24, r20
    4178:	95 1f       	adc	r25, r21
    417a:	02 96       	adiw	r24, 0x02	; 2
    417c:	80 83       	st	Z, r24
    417e:	91 83       	std	Z+1, r25	; 0x01
    4180:	8a 81       	ldd	r24, Y+2	; 0x02
    4182:	9b 81       	ldd	r25, Y+3	; 0x03
    4184:	82 83       	std	Z+2, r24	; 0x02
    4186:	93 83       	std	Z+3, r25	; 0x03
    4188:	21 15       	cp	r18, r1
    418a:	31 05       	cpc	r19, r1
    418c:	29 f4       	brne	.+10     	; 0x4198 <free+0x92>
    418e:	e0 93 7b 21 	sts	0x217B, r30	; 0x80217b <__flp>
    4192:	f0 93 7c 21 	sts	0x217C, r31	; 0x80217c <__flp+0x1>
    4196:	3d c0       	rjmp	.+122    	; 0x4212 <free+0x10c>
    4198:	e9 01       	movw	r28, r18
    419a:	ea 83       	std	Y+2, r30	; 0x02
    419c:	fb 83       	std	Y+3, r31	; 0x03
    419e:	49 91       	ld	r20, Y+
    41a0:	59 91       	ld	r21, Y+
    41a2:	c4 0f       	add	r28, r20
    41a4:	d5 1f       	adc	r29, r21
    41a6:	ec 17       	cp	r30, r28
    41a8:	fd 07       	cpc	r31, r29
    41aa:	61 f4       	brne	.+24     	; 0x41c4 <free+0xbe>
    41ac:	80 81       	ld	r24, Z
    41ae:	91 81       	ldd	r25, Z+1	; 0x01
    41b0:	84 0f       	add	r24, r20
    41b2:	95 1f       	adc	r25, r21
    41b4:	02 96       	adiw	r24, 0x02	; 2
    41b6:	e9 01       	movw	r28, r18
    41b8:	88 83       	st	Y, r24
    41ba:	99 83       	std	Y+1, r25	; 0x01
    41bc:	82 81       	ldd	r24, Z+2	; 0x02
    41be:	93 81       	ldd	r25, Z+3	; 0x03
    41c0:	8a 83       	std	Y+2, r24	; 0x02
    41c2:	9b 83       	std	Y+3, r25	; 0x03
    41c4:	e0 e0       	ldi	r30, 0x00	; 0
    41c6:	f0 e0       	ldi	r31, 0x00	; 0
    41c8:	12 96       	adiw	r26, 0x02	; 2
    41ca:	8d 91       	ld	r24, X+
    41cc:	9c 91       	ld	r25, X
    41ce:	13 97       	sbiw	r26, 0x03	; 3
    41d0:	00 97       	sbiw	r24, 0x00	; 0
    41d2:	19 f0       	breq	.+6      	; 0x41da <free+0xd4>
    41d4:	fd 01       	movw	r30, r26
    41d6:	dc 01       	movw	r26, r24
    41d8:	f7 cf       	rjmp	.-18     	; 0x41c8 <free+0xc2>
    41da:	8d 91       	ld	r24, X+
    41dc:	9c 91       	ld	r25, X
    41de:	11 97       	sbiw	r26, 0x01	; 1
    41e0:	9d 01       	movw	r18, r26
    41e2:	2e 5f       	subi	r18, 0xFE	; 254
    41e4:	3f 4f       	sbci	r19, 0xFF	; 255
    41e6:	82 0f       	add	r24, r18
    41e8:	93 1f       	adc	r25, r19
    41ea:	20 91 79 21 	lds	r18, 0x2179	; 0x802179 <__brkval>
    41ee:	30 91 7a 21 	lds	r19, 0x217A	; 0x80217a <__brkval+0x1>
    41f2:	28 17       	cp	r18, r24
    41f4:	39 07       	cpc	r19, r25
    41f6:	69 f4       	brne	.+26     	; 0x4212 <free+0x10c>
    41f8:	30 97       	sbiw	r30, 0x00	; 0
    41fa:	29 f4       	brne	.+10     	; 0x4206 <free+0x100>
    41fc:	10 92 7b 21 	sts	0x217B, r1	; 0x80217b <__flp>
    4200:	10 92 7c 21 	sts	0x217C, r1	; 0x80217c <__flp+0x1>
    4204:	02 c0       	rjmp	.+4      	; 0x420a <free+0x104>
    4206:	12 82       	std	Z+2, r1	; 0x02
    4208:	13 82       	std	Z+3, r1	; 0x03
    420a:	a0 93 79 21 	sts	0x2179, r26	; 0x802179 <__brkval>
    420e:	b0 93 7a 21 	sts	0x217A, r27	; 0x80217a <__brkval+0x1>
    4212:	df 91       	pop	r29
    4214:	cf 91       	pop	r28
    4216:	08 95       	ret

00004218 <__ftoa_engine>:
    4218:	28 30       	cpi	r18, 0x08	; 8
    421a:	08 f0       	brcs	.+2      	; 0x421e <__ftoa_engine+0x6>
    421c:	27 e0       	ldi	r18, 0x07	; 7
    421e:	33 27       	eor	r19, r19
    4220:	da 01       	movw	r26, r20
    4222:	99 0f       	add	r25, r25
    4224:	31 1d       	adc	r19, r1
    4226:	87 fd       	sbrc	r24, 7
    4228:	91 60       	ori	r25, 0x01	; 1
    422a:	00 96       	adiw	r24, 0x00	; 0
    422c:	61 05       	cpc	r22, r1
    422e:	71 05       	cpc	r23, r1
    4230:	39 f4       	brne	.+14     	; 0x4240 <__ftoa_engine+0x28>
    4232:	32 60       	ori	r19, 0x02	; 2
    4234:	2e 5f       	subi	r18, 0xFE	; 254
    4236:	3d 93       	st	X+, r19
    4238:	30 e3       	ldi	r19, 0x30	; 48
    423a:	2a 95       	dec	r18
    423c:	e1 f7       	brne	.-8      	; 0x4236 <__ftoa_engine+0x1e>
    423e:	08 95       	ret
    4240:	9f 3f       	cpi	r25, 0xFF	; 255
    4242:	30 f0       	brcs	.+12     	; 0x4250 <__ftoa_engine+0x38>
    4244:	80 38       	cpi	r24, 0x80	; 128
    4246:	71 05       	cpc	r23, r1
    4248:	61 05       	cpc	r22, r1
    424a:	09 f0       	breq	.+2      	; 0x424e <__ftoa_engine+0x36>
    424c:	3c 5f       	subi	r19, 0xFC	; 252
    424e:	3c 5f       	subi	r19, 0xFC	; 252
    4250:	3d 93       	st	X+, r19
    4252:	91 30       	cpi	r25, 0x01	; 1
    4254:	08 f0       	brcs	.+2      	; 0x4258 <__ftoa_engine+0x40>
    4256:	80 68       	ori	r24, 0x80	; 128
    4258:	91 1d       	adc	r25, r1
    425a:	df 93       	push	r29
    425c:	cf 93       	push	r28
    425e:	1f 93       	push	r17
    4260:	0f 93       	push	r16
    4262:	ff 92       	push	r15
    4264:	ef 92       	push	r14
    4266:	19 2f       	mov	r17, r25
    4268:	98 7f       	andi	r25, 0xF8	; 248
    426a:	96 95       	lsr	r25
    426c:	e9 2f       	mov	r30, r25
    426e:	96 95       	lsr	r25
    4270:	96 95       	lsr	r25
    4272:	e9 0f       	add	r30, r25
    4274:	ff 27       	eor	r31, r31
    4276:	e4 51       	subi	r30, 0x14	; 20
    4278:	fd 4f       	sbci	r31, 0xFD	; 253
    427a:	99 27       	eor	r25, r25
    427c:	33 27       	eor	r19, r19
    427e:	ee 24       	eor	r14, r14
    4280:	ff 24       	eor	r15, r15
    4282:	a7 01       	movw	r20, r14
    4284:	e7 01       	movw	r28, r14
    4286:	05 90       	lpm	r0, Z+
    4288:	08 94       	sec
    428a:	07 94       	ror	r0
    428c:	28 f4       	brcc	.+10     	; 0x4298 <__ftoa_engine+0x80>
    428e:	36 0f       	add	r19, r22
    4290:	e7 1e       	adc	r14, r23
    4292:	f8 1e       	adc	r15, r24
    4294:	49 1f       	adc	r20, r25
    4296:	51 1d       	adc	r21, r1
    4298:	66 0f       	add	r22, r22
    429a:	77 1f       	adc	r23, r23
    429c:	88 1f       	adc	r24, r24
    429e:	99 1f       	adc	r25, r25
    42a0:	06 94       	lsr	r0
    42a2:	a1 f7       	brne	.-24     	; 0x428c <__ftoa_engine+0x74>
    42a4:	05 90       	lpm	r0, Z+
    42a6:	07 94       	ror	r0
    42a8:	28 f4       	brcc	.+10     	; 0x42b4 <__ftoa_engine+0x9c>
    42aa:	e7 0e       	add	r14, r23
    42ac:	f8 1e       	adc	r15, r24
    42ae:	49 1f       	adc	r20, r25
    42b0:	56 1f       	adc	r21, r22
    42b2:	c1 1d       	adc	r28, r1
    42b4:	77 0f       	add	r23, r23
    42b6:	88 1f       	adc	r24, r24
    42b8:	99 1f       	adc	r25, r25
    42ba:	66 1f       	adc	r22, r22
    42bc:	06 94       	lsr	r0
    42be:	a1 f7       	brne	.-24     	; 0x42a8 <__ftoa_engine+0x90>
    42c0:	05 90       	lpm	r0, Z+
    42c2:	07 94       	ror	r0
    42c4:	28 f4       	brcc	.+10     	; 0x42d0 <__ftoa_engine+0xb8>
    42c6:	f8 0e       	add	r15, r24
    42c8:	49 1f       	adc	r20, r25
    42ca:	56 1f       	adc	r21, r22
    42cc:	c7 1f       	adc	r28, r23
    42ce:	d1 1d       	adc	r29, r1
    42d0:	88 0f       	add	r24, r24
    42d2:	99 1f       	adc	r25, r25
    42d4:	66 1f       	adc	r22, r22
    42d6:	77 1f       	adc	r23, r23
    42d8:	06 94       	lsr	r0
    42da:	a1 f7       	brne	.-24     	; 0x42c4 <__ftoa_engine+0xac>
    42dc:	05 90       	lpm	r0, Z+
    42de:	07 94       	ror	r0
    42e0:	20 f4       	brcc	.+8      	; 0x42ea <__ftoa_engine+0xd2>
    42e2:	49 0f       	add	r20, r25
    42e4:	56 1f       	adc	r21, r22
    42e6:	c7 1f       	adc	r28, r23
    42e8:	d8 1f       	adc	r29, r24
    42ea:	99 0f       	add	r25, r25
    42ec:	66 1f       	adc	r22, r22
    42ee:	77 1f       	adc	r23, r23
    42f0:	88 1f       	adc	r24, r24
    42f2:	06 94       	lsr	r0
    42f4:	a9 f7       	brne	.-22     	; 0x42e0 <__ftoa_engine+0xc8>
    42f6:	84 91       	lpm	r24, Z
    42f8:	10 95       	com	r17
    42fa:	17 70       	andi	r17, 0x07	; 7
    42fc:	41 f0       	breq	.+16     	; 0x430e <__ftoa_engine+0xf6>
    42fe:	d6 95       	lsr	r29
    4300:	c7 95       	ror	r28
    4302:	57 95       	ror	r21
    4304:	47 95       	ror	r20
    4306:	f7 94       	ror	r15
    4308:	e7 94       	ror	r14
    430a:	1a 95       	dec	r17
    430c:	c1 f7       	brne	.-16     	; 0x42fe <__ftoa_engine+0xe6>
    430e:	e2 e9       	ldi	r30, 0x92	; 146
    4310:	f2 e0       	ldi	r31, 0x02	; 2
    4312:	68 94       	set
    4314:	15 90       	lpm	r1, Z+
    4316:	15 91       	lpm	r17, Z+
    4318:	35 91       	lpm	r19, Z+
    431a:	65 91       	lpm	r22, Z+
    431c:	95 91       	lpm	r25, Z+
    431e:	05 90       	lpm	r0, Z+
    4320:	7f e2       	ldi	r23, 0x2F	; 47
    4322:	73 95       	inc	r23
    4324:	e1 18       	sub	r14, r1
    4326:	f1 0a       	sbc	r15, r17
    4328:	43 0b       	sbc	r20, r19
    432a:	56 0b       	sbc	r21, r22
    432c:	c9 0b       	sbc	r28, r25
    432e:	d0 09       	sbc	r29, r0
    4330:	c0 f7       	brcc	.-16     	; 0x4322 <__ftoa_engine+0x10a>
    4332:	e1 0c       	add	r14, r1
    4334:	f1 1e       	adc	r15, r17
    4336:	43 1f       	adc	r20, r19
    4338:	56 1f       	adc	r21, r22
    433a:	c9 1f       	adc	r28, r25
    433c:	d0 1d       	adc	r29, r0
    433e:	7e f4       	brtc	.+30     	; 0x435e <__ftoa_engine+0x146>
    4340:	70 33       	cpi	r23, 0x30	; 48
    4342:	11 f4       	brne	.+4      	; 0x4348 <__ftoa_engine+0x130>
    4344:	8a 95       	dec	r24
    4346:	e6 cf       	rjmp	.-52     	; 0x4314 <__ftoa_engine+0xfc>
    4348:	e8 94       	clt
    434a:	01 50       	subi	r16, 0x01	; 1
    434c:	30 f0       	brcs	.+12     	; 0x435a <__ftoa_engine+0x142>
    434e:	08 0f       	add	r16, r24
    4350:	0a f4       	brpl	.+2      	; 0x4354 <__ftoa_engine+0x13c>
    4352:	00 27       	eor	r16, r16
    4354:	02 17       	cp	r16, r18
    4356:	08 f4       	brcc	.+2      	; 0x435a <__ftoa_engine+0x142>
    4358:	20 2f       	mov	r18, r16
    435a:	23 95       	inc	r18
    435c:	02 2f       	mov	r16, r18
    435e:	7a 33       	cpi	r23, 0x3A	; 58
    4360:	28 f0       	brcs	.+10     	; 0x436c <__ftoa_engine+0x154>
    4362:	79 e3       	ldi	r23, 0x39	; 57
    4364:	7d 93       	st	X+, r23
    4366:	2a 95       	dec	r18
    4368:	e9 f7       	brne	.-6      	; 0x4364 <__ftoa_engine+0x14c>
    436a:	10 c0       	rjmp	.+32     	; 0x438c <__ftoa_engine+0x174>
    436c:	7d 93       	st	X+, r23
    436e:	2a 95       	dec	r18
    4370:	89 f6       	brne	.-94     	; 0x4314 <__ftoa_engine+0xfc>
    4372:	06 94       	lsr	r0
    4374:	97 95       	ror	r25
    4376:	67 95       	ror	r22
    4378:	37 95       	ror	r19
    437a:	17 95       	ror	r17
    437c:	17 94       	ror	r1
    437e:	e1 18       	sub	r14, r1
    4380:	f1 0a       	sbc	r15, r17
    4382:	43 0b       	sbc	r20, r19
    4384:	56 0b       	sbc	r21, r22
    4386:	c9 0b       	sbc	r28, r25
    4388:	d0 09       	sbc	r29, r0
    438a:	98 f0       	brcs	.+38     	; 0x43b2 <__ftoa_engine+0x19a>
    438c:	23 95       	inc	r18
    438e:	7e 91       	ld	r23, -X
    4390:	73 95       	inc	r23
    4392:	7a 33       	cpi	r23, 0x3A	; 58
    4394:	08 f0       	brcs	.+2      	; 0x4398 <__ftoa_engine+0x180>
    4396:	70 e3       	ldi	r23, 0x30	; 48
    4398:	7c 93       	st	X, r23
    439a:	20 13       	cpse	r18, r16
    439c:	b8 f7       	brcc	.-18     	; 0x438c <__ftoa_engine+0x174>
    439e:	7e 91       	ld	r23, -X
    43a0:	70 61       	ori	r23, 0x10	; 16
    43a2:	7d 93       	st	X+, r23
    43a4:	30 f0       	brcs	.+12     	; 0x43b2 <__ftoa_engine+0x19a>
    43a6:	83 95       	inc	r24
    43a8:	71 e3       	ldi	r23, 0x31	; 49
    43aa:	7d 93       	st	X+, r23
    43ac:	70 e3       	ldi	r23, 0x30	; 48
    43ae:	2a 95       	dec	r18
    43b0:	e1 f7       	brne	.-8      	; 0x43aa <__ftoa_engine+0x192>
    43b2:	11 24       	eor	r1, r1
    43b4:	ef 90       	pop	r14
    43b6:	ff 90       	pop	r15
    43b8:	0f 91       	pop	r16
    43ba:	1f 91       	pop	r17
    43bc:	cf 91       	pop	r28
    43be:	df 91       	pop	r29
    43c0:	99 27       	eor	r25, r25
    43c2:	87 fd       	sbrc	r24, 7
    43c4:	90 95       	com	r25
    43c6:	08 95       	ret

000043c8 <strnlen_P>:
    43c8:	fc 01       	movw	r30, r24
    43ca:	05 90       	lpm	r0, Z+
    43cc:	61 50       	subi	r22, 0x01	; 1
    43ce:	70 40       	sbci	r23, 0x00	; 0
    43d0:	01 10       	cpse	r0, r1
    43d2:	d8 f7       	brcc	.-10     	; 0x43ca <strnlen_P+0x2>
    43d4:	80 95       	com	r24
    43d6:	90 95       	com	r25
    43d8:	8e 0f       	add	r24, r30
    43da:	9f 1f       	adc	r25, r31
    43dc:	08 95       	ret

000043de <memset>:
    43de:	dc 01       	movw	r26, r24
    43e0:	01 c0       	rjmp	.+2      	; 0x43e4 <memset+0x6>
    43e2:	6d 93       	st	X+, r22
    43e4:	41 50       	subi	r20, 0x01	; 1
    43e6:	50 40       	sbci	r21, 0x00	; 0
    43e8:	e0 f7       	brcc	.-8      	; 0x43e2 <memset+0x4>
    43ea:	08 95       	ret

000043ec <strnlen>:
    43ec:	fc 01       	movw	r30, r24
    43ee:	61 50       	subi	r22, 0x01	; 1
    43f0:	70 40       	sbci	r23, 0x00	; 0
    43f2:	01 90       	ld	r0, Z+
    43f4:	01 10       	cpse	r0, r1
    43f6:	d8 f7       	brcc	.-10     	; 0x43ee <strnlen+0x2>
    43f8:	80 95       	com	r24
    43fa:	90 95       	com	r25
    43fc:	8e 0f       	add	r24, r30
    43fe:	9f 1f       	adc	r25, r31
    4400:	08 95       	ret

00004402 <fputc>:
    4402:	0f 93       	push	r16
    4404:	1f 93       	push	r17
    4406:	cf 93       	push	r28
    4408:	df 93       	push	r29
    440a:	fb 01       	movw	r30, r22
    440c:	23 81       	ldd	r18, Z+3	; 0x03
    440e:	21 fd       	sbrc	r18, 1
    4410:	03 c0       	rjmp	.+6      	; 0x4418 <fputc+0x16>
    4412:	8f ef       	ldi	r24, 0xFF	; 255
    4414:	9f ef       	ldi	r25, 0xFF	; 255
    4416:	2c c0       	rjmp	.+88     	; 0x4470 <fputc+0x6e>
    4418:	22 ff       	sbrs	r18, 2
    441a:	16 c0       	rjmp	.+44     	; 0x4448 <fputc+0x46>
    441c:	46 81       	ldd	r20, Z+6	; 0x06
    441e:	57 81       	ldd	r21, Z+7	; 0x07
    4420:	24 81       	ldd	r18, Z+4	; 0x04
    4422:	35 81       	ldd	r19, Z+5	; 0x05
    4424:	42 17       	cp	r20, r18
    4426:	53 07       	cpc	r21, r19
    4428:	44 f4       	brge	.+16     	; 0x443a <fputc+0x38>
    442a:	a0 81       	ld	r26, Z
    442c:	b1 81       	ldd	r27, Z+1	; 0x01
    442e:	9d 01       	movw	r18, r26
    4430:	2f 5f       	subi	r18, 0xFF	; 255
    4432:	3f 4f       	sbci	r19, 0xFF	; 255
    4434:	20 83       	st	Z, r18
    4436:	31 83       	std	Z+1, r19	; 0x01
    4438:	8c 93       	st	X, r24
    443a:	26 81       	ldd	r18, Z+6	; 0x06
    443c:	37 81       	ldd	r19, Z+7	; 0x07
    443e:	2f 5f       	subi	r18, 0xFF	; 255
    4440:	3f 4f       	sbci	r19, 0xFF	; 255
    4442:	26 83       	std	Z+6, r18	; 0x06
    4444:	37 83       	std	Z+7, r19	; 0x07
    4446:	14 c0       	rjmp	.+40     	; 0x4470 <fputc+0x6e>
    4448:	8b 01       	movw	r16, r22
    444a:	ec 01       	movw	r28, r24
    444c:	fb 01       	movw	r30, r22
    444e:	00 84       	ldd	r0, Z+8	; 0x08
    4450:	f1 85       	ldd	r31, Z+9	; 0x09
    4452:	e0 2d       	mov	r30, r0
    4454:	19 95       	eicall
    4456:	89 2b       	or	r24, r25
    4458:	e1 f6       	brne	.-72     	; 0x4412 <fputc+0x10>
    445a:	d8 01       	movw	r26, r16
    445c:	16 96       	adiw	r26, 0x06	; 6
    445e:	8d 91       	ld	r24, X+
    4460:	9c 91       	ld	r25, X
    4462:	17 97       	sbiw	r26, 0x07	; 7
    4464:	01 96       	adiw	r24, 0x01	; 1
    4466:	16 96       	adiw	r26, 0x06	; 6
    4468:	8d 93       	st	X+, r24
    446a:	9c 93       	st	X, r25
    446c:	17 97       	sbiw	r26, 0x07	; 7
    446e:	ce 01       	movw	r24, r28
    4470:	df 91       	pop	r29
    4472:	cf 91       	pop	r28
    4474:	1f 91       	pop	r17
    4476:	0f 91       	pop	r16
    4478:	08 95       	ret

0000447a <__ultoa_invert>:
    447a:	fa 01       	movw	r30, r20
    447c:	aa 27       	eor	r26, r26
    447e:	28 30       	cpi	r18, 0x08	; 8
    4480:	51 f1       	breq	.+84     	; 0x44d6 <__ultoa_invert+0x5c>
    4482:	20 31       	cpi	r18, 0x10	; 16
    4484:	81 f1       	breq	.+96     	; 0x44e6 <__ultoa_invert+0x6c>
    4486:	e8 94       	clt
    4488:	6f 93       	push	r22
    448a:	6e 7f       	andi	r22, 0xFE	; 254
    448c:	6e 5f       	subi	r22, 0xFE	; 254
    448e:	7f 4f       	sbci	r23, 0xFF	; 255
    4490:	8f 4f       	sbci	r24, 0xFF	; 255
    4492:	9f 4f       	sbci	r25, 0xFF	; 255
    4494:	af 4f       	sbci	r26, 0xFF	; 255
    4496:	b1 e0       	ldi	r27, 0x01	; 1
    4498:	3e d0       	rcall	.+124    	; 0x4516 <__ultoa_invert+0x9c>
    449a:	b4 e0       	ldi	r27, 0x04	; 4
    449c:	3c d0       	rcall	.+120    	; 0x4516 <__ultoa_invert+0x9c>
    449e:	67 0f       	add	r22, r23
    44a0:	78 1f       	adc	r23, r24
    44a2:	89 1f       	adc	r24, r25
    44a4:	9a 1f       	adc	r25, r26
    44a6:	a1 1d       	adc	r26, r1
    44a8:	68 0f       	add	r22, r24
    44aa:	79 1f       	adc	r23, r25
    44ac:	8a 1f       	adc	r24, r26
    44ae:	91 1d       	adc	r25, r1
    44b0:	a1 1d       	adc	r26, r1
    44b2:	6a 0f       	add	r22, r26
    44b4:	71 1d       	adc	r23, r1
    44b6:	81 1d       	adc	r24, r1
    44b8:	91 1d       	adc	r25, r1
    44ba:	a1 1d       	adc	r26, r1
    44bc:	20 d0       	rcall	.+64     	; 0x44fe <__ultoa_invert+0x84>
    44be:	09 f4       	brne	.+2      	; 0x44c2 <__ultoa_invert+0x48>
    44c0:	68 94       	set
    44c2:	3f 91       	pop	r19
    44c4:	2a e0       	ldi	r18, 0x0A	; 10
    44c6:	26 9f       	mul	r18, r22
    44c8:	11 24       	eor	r1, r1
    44ca:	30 19       	sub	r19, r0
    44cc:	30 5d       	subi	r19, 0xD0	; 208
    44ce:	31 93       	st	Z+, r19
    44d0:	de f6       	brtc	.-74     	; 0x4488 <__ultoa_invert+0xe>
    44d2:	cf 01       	movw	r24, r30
    44d4:	08 95       	ret
    44d6:	46 2f       	mov	r20, r22
    44d8:	47 70       	andi	r20, 0x07	; 7
    44da:	40 5d       	subi	r20, 0xD0	; 208
    44dc:	41 93       	st	Z+, r20
    44de:	b3 e0       	ldi	r27, 0x03	; 3
    44e0:	0f d0       	rcall	.+30     	; 0x4500 <__ultoa_invert+0x86>
    44e2:	c9 f7       	brne	.-14     	; 0x44d6 <__ultoa_invert+0x5c>
    44e4:	f6 cf       	rjmp	.-20     	; 0x44d2 <__ultoa_invert+0x58>
    44e6:	46 2f       	mov	r20, r22
    44e8:	4f 70       	andi	r20, 0x0F	; 15
    44ea:	40 5d       	subi	r20, 0xD0	; 208
    44ec:	4a 33       	cpi	r20, 0x3A	; 58
    44ee:	18 f0       	brcs	.+6      	; 0x44f6 <__ultoa_invert+0x7c>
    44f0:	49 5d       	subi	r20, 0xD9	; 217
    44f2:	31 fd       	sbrc	r19, 1
    44f4:	40 52       	subi	r20, 0x20	; 32
    44f6:	41 93       	st	Z+, r20
    44f8:	02 d0       	rcall	.+4      	; 0x44fe <__ultoa_invert+0x84>
    44fa:	a9 f7       	brne	.-22     	; 0x44e6 <__ultoa_invert+0x6c>
    44fc:	ea cf       	rjmp	.-44     	; 0x44d2 <__ultoa_invert+0x58>
    44fe:	b4 e0       	ldi	r27, 0x04	; 4
    4500:	a6 95       	lsr	r26
    4502:	97 95       	ror	r25
    4504:	87 95       	ror	r24
    4506:	77 95       	ror	r23
    4508:	67 95       	ror	r22
    450a:	ba 95       	dec	r27
    450c:	c9 f7       	brne	.-14     	; 0x4500 <__ultoa_invert+0x86>
    450e:	00 97       	sbiw	r24, 0x00	; 0
    4510:	61 05       	cpc	r22, r1
    4512:	71 05       	cpc	r23, r1
    4514:	08 95       	ret
    4516:	9b 01       	movw	r18, r22
    4518:	ac 01       	movw	r20, r24
    451a:	0a 2e       	mov	r0, r26
    451c:	06 94       	lsr	r0
    451e:	57 95       	ror	r21
    4520:	47 95       	ror	r20
    4522:	37 95       	ror	r19
    4524:	27 95       	ror	r18
    4526:	ba 95       	dec	r27
    4528:	c9 f7       	brne	.-14     	; 0x451c <__ultoa_invert+0xa2>
    452a:	62 0f       	add	r22, r18
    452c:	73 1f       	adc	r23, r19
    452e:	84 1f       	adc	r24, r20
    4530:	95 1f       	adc	r25, r21
    4532:	a0 1d       	adc	r26, r0
    4534:	08 95       	ret

00004536 <_exit>:
    4536:	f8 94       	cli

00004538 <__stop_program>:
    4538:	ff cf       	rjmp	.-2      	; 0x4538 <__stop_program>
