
LinebotTemplate1.elf:     file format elf32-avr

Sections:
Idx Name          Size      VMA       LMA       File off  Algn
  0 .text         00002542  00000000  00000000  00000094  2**1
                  CONTENTS, ALLOC, LOAD, READONLY, CODE
  1 .data         00000048  00802000  00002542  000025d6  2**0
                  CONTENTS, ALLOC, LOAD, DATA
  2 .bss          00000038  00802048  00802048  0000261e  2**0
                  ALLOC
  3 .comment      0000005c  00000000  00000000  0000261e  2**0
                  CONTENTS, READONLY
  4 .note.gnu.avr.deviceinfo 00000040  00000000  00000000  0000267c  2**2
                  CONTENTS, READONLY
  5 .debug_aranges 000001f0  00000000  00000000  000026bc  2**0
                  CONTENTS, READONLY, DEBUGGING
  6 .debug_info   00005447  00000000  00000000  000028ac  2**0
                  CONTENTS, READONLY, DEBUGGING
  7 .debug_abbrev 00003197  00000000  00000000  00007cf3  2**0
                  CONTENTS, READONLY, DEBUGGING
  8 .debug_line   00001862  00000000  00000000  0000ae8a  2**0
                  CONTENTS, READONLY, DEBUGGING
  9 .debug_frame  0000065c  00000000  00000000  0000c6ec  2**2
                  CONTENTS, READONLY, DEBUGGING
 10 .debug_str    00002d2f  00000000  00000000  0000cd48  2**0
                  CONTENTS, READONLY, DEBUGGING
 11 .debug_loc    00000c87  00000000  00000000  0000fa77  2**0
                  CONTENTS, READONLY, DEBUGGING
 12 .debug_ranges 00000190  00000000  00000000  000106fe  2**0
                  CONTENTS, READONLY, DEBUGGING

Disassembly of section .text:

00000000 <__vectors>:
       0:	0c 94 c4 01 	jmp	0x388	; 0x388 <__ctors_end>
       4:	0c 94 e5 01 	jmp	0x3ca	; 0x3ca <__bad_interrupt>
       8:	0c 94 69 02 	jmp	0x4d2	; 0x4d2 <__vector_2>
       c:	0c 94 c6 02 	jmp	0x58c	; 0x58c <__vector_3>
      10:	0c 94 e5 01 	jmp	0x3ca	; 0x3ca <__bad_interrupt>
      14:	0c 94 e5 01 	jmp	0x3ca	; 0x3ca <__bad_interrupt>
      18:	0c 94 e5 01 	jmp	0x3ca	; 0x3ca <__bad_interrupt>
      1c:	0c 94 e5 01 	jmp	0x3ca	; 0x3ca <__bad_interrupt>
      20:	0c 94 e5 01 	jmp	0x3ca	; 0x3ca <__bad_interrupt>
      24:	0c 94 e5 01 	jmp	0x3ca	; 0x3ca <__bad_interrupt>
      28:	0c 94 e5 01 	jmp	0x3ca	; 0x3ca <__bad_interrupt>
      2c:	0c 94 e5 01 	jmp	0x3ca	; 0x3ca <__bad_interrupt>
      30:	0c 94 e5 01 	jmp	0x3ca	; 0x3ca <__bad_interrupt>
      34:	0c 94 e5 01 	jmp	0x3ca	; 0x3ca <__bad_interrupt>
      38:	0c 94 e5 01 	jmp	0x3ca	; 0x3ca <__bad_interrupt>
      3c:	0c 94 e5 01 	jmp	0x3ca	; 0x3ca <__bad_interrupt>
      40:	0c 94 e5 01 	jmp	0x3ca	; 0x3ca <__bad_interrupt>
      44:	0c 94 e5 01 	jmp	0x3ca	; 0x3ca <__bad_interrupt>
      48:	0c 94 e5 01 	jmp	0x3ca	; 0x3ca <__bad_interrupt>
      4c:	0c 94 e5 01 	jmp	0x3ca	; 0x3ca <__bad_interrupt>
      50:	0c 94 e5 01 	jmp	0x3ca	; 0x3ca <__bad_interrupt>
      54:	0c 94 e5 01 	jmp	0x3ca	; 0x3ca <__bad_interrupt>
      58:	0c 94 e5 01 	jmp	0x3ca	; 0x3ca <__bad_interrupt>
      5c:	0c 94 e5 01 	jmp	0x3ca	; 0x3ca <__bad_interrupt>
      60:	0c 94 e5 01 	jmp	0x3ca	; 0x3ca <__bad_interrupt>
      64:	0c 94 e5 01 	jmp	0x3ca	; 0x3ca <__bad_interrupt>
      68:	0c 94 e5 01 	jmp	0x3ca	; 0x3ca <__bad_interrupt>
      6c:	0c 94 e5 01 	jmp	0x3ca	; 0x3ca <__bad_interrupt>
      70:	0c 94 e5 01 	jmp	0x3ca	; 0x3ca <__bad_interrupt>
      74:	0c 94 e5 01 	jmp	0x3ca	; 0x3ca <__bad_interrupt>
      78:	0c 94 e5 01 	jmp	0x3ca	; 0x3ca <__bad_interrupt>
      7c:	0c 94 e5 01 	jmp	0x3ca	; 0x3ca <__bad_interrupt>
      80:	0c 94 e5 01 	jmp	0x3ca	; 0x3ca <__bad_interrupt>
      84:	0c 94 e5 01 	jmp	0x3ca	; 0x3ca <__bad_interrupt>
      88:	0c 94 e5 01 	jmp	0x3ca	; 0x3ca <__bad_interrupt>
      8c:	0c 94 e5 01 	jmp	0x3ca	; 0x3ca <__bad_interrupt>
      90:	0c 94 e5 01 	jmp	0x3ca	; 0x3ca <__bad_interrupt>
      94:	0c 94 e5 01 	jmp	0x3ca	; 0x3ca <__bad_interrupt>
      98:	0c 94 e5 01 	jmp	0x3ca	; 0x3ca <__bad_interrupt>
      9c:	0c 94 e5 01 	jmp	0x3ca	; 0x3ca <__bad_interrupt>
      a0:	0c 94 e5 01 	jmp	0x3ca	; 0x3ca <__bad_interrupt>
      a4:	0c 94 e5 01 	jmp	0x3ca	; 0x3ca <__bad_interrupt>
      a8:	0c 94 e5 01 	jmp	0x3ca	; 0x3ca <__bad_interrupt>
      ac:	0c 94 27 03 	jmp	0x64e	; 0x64e <__vector_43>
      b0:	0c 94 8c 03 	jmp	0x718	; 0x718 <__vector_44>
      b4:	0c 94 e5 01 	jmp	0x3ca	; 0x3ca <__bad_interrupt>
      b8:	0c 94 e2 05 	jmp	0xbc4	; 0xbc4 <__vector_46>
      bc:	0c 94 e5 01 	jmp	0x3ca	; 0x3ca <__bad_interrupt>
      c0:	0c 94 e5 01 	jmp	0x3ca	; 0x3ca <__bad_interrupt>
      c4:	0c 94 e5 01 	jmp	0x3ca	; 0x3ca <__bad_interrupt>
      c8:	0c 94 e5 01 	jmp	0x3ca	; 0x3ca <__bad_interrupt>
      cc:	0c 94 e5 01 	jmp	0x3ca	; 0x3ca <__bad_interrupt>
      d0:	0c 94 e5 01 	jmp	0x3ca	; 0x3ca <__bad_interrupt>
      d4:	0c 94 e5 01 	jmp	0x3ca	; 0x3ca <__bad_interrupt>
      d8:	0c 94 e5 01 	jmp	0x3ca	; 0x3ca <__bad_interrupt>
      dc:	0c 94 e5 01 	jmp	0x3ca	; 0x3ca <__bad_interrupt>
      e0:	0c 94 e5 01 	jmp	0x3ca	; 0x3ca <__bad_interrupt>
      e4:	0c 94 e5 01 	jmp	0x3ca	; 0x3ca <__bad_interrupt>
      e8:	0c 94 e5 01 	jmp	0x3ca	; 0x3ca <__bad_interrupt>
      ec:	0c 94 e5 01 	jmp	0x3ca	; 0x3ca <__bad_interrupt>
      f0:	0c 94 e5 01 	jmp	0x3ca	; 0x3ca <__bad_interrupt>
      f4:	0c 94 e5 01 	jmp	0x3ca	; 0x3ca <__bad_interrupt>
      f8:	0c 94 e5 01 	jmp	0x3ca	; 0x3ca <__bad_interrupt>
      fc:	0c 94 e5 01 	jmp	0x3ca	; 0x3ca <__bad_interrupt>
     100:	0c 94 e5 01 	jmp	0x3ca	; 0x3ca <__bad_interrupt>
     104:	0c 94 e5 01 	jmp	0x3ca	; 0x3ca <__bad_interrupt>
     108:	0c 94 e5 01 	jmp	0x3ca	; 0x3ca <__bad_interrupt>
     10c:	0c 94 e5 01 	jmp	0x3ca	; 0x3ca <__bad_interrupt>
     110:	0c 94 e5 01 	jmp	0x3ca	; 0x3ca <__bad_interrupt>
     114:	0c 94 e5 01 	jmp	0x3ca	; 0x3ca <__bad_interrupt>
     118:	0c 94 e5 01 	jmp	0x3ca	; 0x3ca <__bad_interrupt>
     11c:	0c 94 e5 01 	jmp	0x3ca	; 0x3ca <__bad_interrupt>
     120:	0c 94 e5 01 	jmp	0x3ca	; 0x3ca <__bad_interrupt>
     124:	0c 94 e5 01 	jmp	0x3ca	; 0x3ca <__bad_interrupt>
     128:	0c 94 e5 01 	jmp	0x3ca	; 0x3ca <__bad_interrupt>
     12c:	0c 94 e5 01 	jmp	0x3ca	; 0x3ca <__bad_interrupt>
     130:	0c 94 e5 01 	jmp	0x3ca	; 0x3ca <__bad_interrupt>
     134:	0c 94 e5 01 	jmp	0x3ca	; 0x3ca <__bad_interrupt>
     138:	0c 94 e5 01 	jmp	0x3ca	; 0x3ca <__bad_interrupt>
     13c:	0c 94 e5 01 	jmp	0x3ca	; 0x3ca <__bad_interrupt>
     140:	0c 94 e5 01 	jmp	0x3ca	; 0x3ca <__bad_interrupt>
     144:	0c 94 e5 01 	jmp	0x3ca	; 0x3ca <__bad_interrupt>
     148:	0c 94 e5 01 	jmp	0x3ca	; 0x3ca <__bad_interrupt>
     14c:	0c 94 e5 01 	jmp	0x3ca	; 0x3ca <__bad_interrupt>
     150:	0c 94 e5 01 	jmp	0x3ca	; 0x3ca <__bad_interrupt>
     154:	0c 94 e5 01 	jmp	0x3ca	; 0x3ca <__bad_interrupt>
     158:	0c 94 e5 01 	jmp	0x3ca	; 0x3ca <__bad_interrupt>
     15c:	0c 94 e5 01 	jmp	0x3ca	; 0x3ca <__bad_interrupt>
     160:	0c 94 e5 01 	jmp	0x3ca	; 0x3ca <__bad_interrupt>
     164:	0c 94 e5 01 	jmp	0x3ca	; 0x3ca <__bad_interrupt>
     168:	0c 94 e5 01 	jmp	0x3ca	; 0x3ca <__bad_interrupt>
     16c:	0c 94 e5 01 	jmp	0x3ca	; 0x3ca <__bad_interrupt>
     170:	0c 94 e5 01 	jmp	0x3ca	; 0x3ca <__bad_interrupt>
     174:	0c 94 e5 01 	jmp	0x3ca	; 0x3ca <__bad_interrupt>
     178:	0c 94 e5 01 	jmp	0x3ca	; 0x3ca <__bad_interrupt>
     17c:	0c 94 e5 01 	jmp	0x3ca	; 0x3ca <__bad_interrupt>
     180:	0c 94 e5 01 	jmp	0x3ca	; 0x3ca <__bad_interrupt>
     184:	0c 94 e5 01 	jmp	0x3ca	; 0x3ca <__bad_interrupt>
     188:	0c 94 e5 01 	jmp	0x3ca	; 0x3ca <__bad_interrupt>
     18c:	0c 94 e5 01 	jmp	0x3ca	; 0x3ca <__bad_interrupt>
     190:	0c 94 e5 01 	jmp	0x3ca	; 0x3ca <__bad_interrupt>
     194:	0c 94 e5 01 	jmp	0x3ca	; 0x3ca <__bad_interrupt>
     198:	0c 94 e5 01 	jmp	0x3ca	; 0x3ca <__bad_interrupt>
     19c:	0c 94 e5 01 	jmp	0x3ca	; 0x3ca <__bad_interrupt>
     1a0:	0c 94 e5 01 	jmp	0x3ca	; 0x3ca <__bad_interrupt>
     1a4:	0c 94 e5 01 	jmp	0x3ca	; 0x3ca <__bad_interrupt>
     1a8:	0c 94 e5 01 	jmp	0x3ca	; 0x3ca <__bad_interrupt>
     1ac:	0c 94 e5 01 	jmp	0x3ca	; 0x3ca <__bad_interrupt>
     1b0:	0c 94 e5 01 	jmp	0x3ca	; 0x3ca <__bad_interrupt>
     1b4:	0c 94 e5 01 	jmp	0x3ca	; 0x3ca <__bad_interrupt>
     1b8:	0c 94 e5 01 	jmp	0x3ca	; 0x3ca <__bad_interrupt>
     1bc:	0c 94 e5 01 	jmp	0x3ca	; 0x3ca <__bad_interrupt>
     1c0:	0c 94 e5 01 	jmp	0x3ca	; 0x3ca <__bad_interrupt>
     1c4:	0c 94 e5 01 	jmp	0x3ca	; 0x3ca <__bad_interrupt>
     1c8:	0c 94 e5 01 	jmp	0x3ca	; 0x3ca <__bad_interrupt>
     1cc:	0c 94 e5 01 	jmp	0x3ca	; 0x3ca <__bad_interrupt>
     1d0:	0c 94 e5 01 	jmp	0x3ca	; 0x3ca <__bad_interrupt>
     1d4:	0c 94 e5 01 	jmp	0x3ca	; 0x3ca <__bad_interrupt>
     1d8:	0c 94 e5 01 	jmp	0x3ca	; 0x3ca <__bad_interrupt>
     1dc:	0c 94 e5 01 	jmp	0x3ca	; 0x3ca <__bad_interrupt>
     1e0:	0c 94 e5 01 	jmp	0x3ca	; 0x3ca <__bad_interrupt>
     1e4:	0c 94 e5 01 	jmp	0x3ca	; 0x3ca <__bad_interrupt>
     1e8:	0c 94 e5 01 	jmp	0x3ca	; 0x3ca <__bad_interrupt>
     1ec:	0c 94 e5 01 	jmp	0x3ca	; 0x3ca <__bad_interrupt>
     1f0:	0c 94 e5 01 	jmp	0x3ca	; 0x3ca <__bad_interrupt>
     1f4:	0c 94 e5 01 	jmp	0x3ca	; 0x3ca <__bad_interrupt>
     1f8:	0c 94 e5 01 	jmp	0x3ca	; 0x3ca <__bad_interrupt>
     1fc:	07 63       	ori	r16, 0x37	; 55
     1fe:	42 36       	cpi	r20, 0x62	; 98
     200:	b7 9b       	sbis	0x16, 7	; 22
     202:	d8 a7       	std	Y+40, r29	; 0x28
     204:	1a 39       	cpi	r17, 0x9A	; 154
     206:	68 56       	subi	r22, 0x68	; 104
     208:	18 ae       	std	Y+56, r1	; 0x38
     20a:	ba ab       	std	Y+50, r27	; 0x32
     20c:	55 8c       	ldd	r5, Z+29	; 0x1d
     20e:	1d 3c       	cpi	r17, 0xCD	; 205
     210:	b7 cc       	rjmp	.-1682   	; 0xfffffb80 <__eeprom_end+0xff7efb80>
     212:	57 63       	ori	r21, 0x37	; 55
     214:	bd 6d       	ori	r27, 0xDD	; 221
     216:	ed fd       	.word	0xfded	; ????
     218:	75 3e       	cpi	r23, 0xE5	; 229
     21a:	f6 17       	cp	r31, r22
     21c:	72 31       	cpi	r23, 0x12	; 18
     21e:	bf 00       	.word	0x00bf	; ????
     220:	00 00       	nop
     222:	80 3f       	cpi	r24, 0xF0	; 240
     224:	08 00       	.word	0x0008	; ????
     226:	00 00       	nop
     228:	be 92       	st	-X, r11
     22a:	24 49       	sbci	r18, 0x94	; 148
     22c:	12 3e       	cpi	r17, 0xE2	; 226
     22e:	ab aa       	std	Y+51, r10	; 0x33
     230:	aa 2a       	or	r10, r26
     232:	be cd       	rjmp	.-1156   	; 0xfffffdb0 <__eeprom_end+0xff7efdb0>
     234:	cc cc       	rjmp	.-1640   	; 0xfffffbce <__eeprom_end+0xff7efbce>
     236:	4c 3e       	cpi	r20, 0xEC	; 236
     238:	00 00       	nop
     23a:	00 80       	ld	r0, Z
     23c:	be ab       	std	Y+54, r27	; 0x36
     23e:	aa aa       	std	Y+50, r10	; 0x32
     240:	aa 3e       	cpi	r26, 0xEA	; 234
     242:	00 00       	nop
     244:	00 00       	nop
     246:	bf 00       	.word	0x00bf	; ????
     248:	00 00       	nop
     24a:	80 3f       	cpi	r24, 0xF0	; 240
     24c:	00 00       	nop
     24e:	00 00       	nop
     250:	00 08       	sbc	r0, r0
     252:	41 78       	andi	r20, 0x81	; 129
     254:	d3 bb       	out	0x13, r29	; 19
     256:	43 87       	std	Z+11, r20	; 0x0b
     258:	d1 13       	cpse	r29, r17
     25a:	3d 19       	sub	r19, r13
     25c:	0e 3c       	cpi	r16, 0xCE	; 206
     25e:	c3 bd       	out	0x23, r28	; 35
     260:	42 82       	std	Z+2, r4	; 0x02
     262:	ad 2b       	or	r26, r29
     264:	3e 68       	ori	r19, 0x8E	; 142
     266:	ec 82       	std	Y+4, r14	; 0x04
     268:	76 be       	out	0x36, r7	; 54
     26a:	d9 8f       	std	Y+25, r29	; 0x19
     26c:	e1 a9       	ldd	r30, Z+49	; 0x31
     26e:	3e 4c       	sbci	r19, 0xCE	; 206
     270:	80 ef       	ldi	r24, 0xF0	; 240
     272:	ff be       	out	0x3f, r15	; 63
     274:	01 c4       	rjmp	.+2050   	; 0xa78 <TWIMWriteHandler+0x18>
     276:	ff 7f       	andi	r31, 0xFF	; 255
     278:	3f 00       	.word	0x003f	; ????
     27a:	00 00       	nop
	...

0000027e <__trampolines_start>:
     27e:	0c 94 99 08 	jmp	0x1132	; 0x1132 <stdio_getchar>
     282:	0c 94 74 08 	jmp	0x10e8	; 0x10e8 <stdio_putchar>

00000286 <__trampolines_end>:
     286:	6e 61       	ori	r22, 0x1E	; 30
     288:	6e 00       	.word	0x006e	; ????

0000028a <__c.2332>:
     28a:	69 6e 66 00 00 40 7a 10 f3 5a 00 a0 72 4e 18 09     inf..@z..Z..rN..
     29a:	00 10 a5 d4 e8 00 00 e8 76 48 17 00 00 e4 0b 54     ........vH.....T
     2aa:	02 00 00 ca 9a 3b 00 00 00 e1 f5 05 00 00 80 96     .....;..........
     2ba:	98 00 00 00 40 42 0f 00 00 00 a0 86 01 00 00 00     ....@B..........
     2ca:	10 27 00 00 00 00 e8 03 00 00 00 00 64 00 00 00     .'..........d...
     2da:	00 00 0a 00 00 00 00 00 01 00 00 00 00 00 2c 76     ..............,v
     2ea:	d8 88 dc 67 4f 08 23 df c1 df ae 59 e1 b1 b7 96     ...gO.#....Y....
     2fa:	e5 e3 e4 53 c6 3a e6 51 99 76 96 e8 e6 c2 84 26     ...S.:.Q.v.....&
     30a:	eb 89 8c 9b 62 ed 40 7c 6f fc ef bc 9c 9f 40 f2     ....b.@|o.....@.
     31a:	ba a5 6f a5 f4 90 05 5a 2a f7 5c 93 6b 6c f9 67     ..o....Z*.\.kl.g
     32a:	6d c1 1b fc e0 e4 0d 47 fe f5 20 e6 b5 00 d0 ed     m......G.. .....
     33a:	90 2e 03 00 94 35 77 05 00 80 84 1e 08 00 00 20     .....5w........ 
     34a:	4e 0a 00 00 00 c8 0c 33 33 33 33 0f 98 6e 12 83     N......3333..n..
     35a:	11 41 ef 8d 21 14 89 3b e6 55 16 cf fe e6 db 18     .A..!..;.U......
     36a:	d1 84 4b 38 1b f7 7c 1d 90 1d a4 bb e4 24 20 32     ..K8..|......$ 2
     37a:	84 72 5e 22 81 00 c9 f1 24 ec a1 e5 3d 27           .r^"....$...='

00000388 <__ctors_end>:
     388:	11 24       	eor	r1, r1
     38a:	1f be       	out	0x3f, r1	; 63
     38c:	cf ef       	ldi	r28, 0xFF	; 255
     38e:	cd bf       	out	0x3d, r28	; 61
     390:	df e9       	ldi	r29, 0x9F	; 159
     392:	de bf       	out	0x3e, r29	; 62
     394:	00 e0       	ldi	r16, 0x00	; 0
     396:	0c bf       	out	0x3c, r16	; 60

00000398 <__do_copy_data>:
     398:	10 e2       	ldi	r17, 0x20	; 32
     39a:	a0 e0       	ldi	r26, 0x00	; 0
     39c:	b0 e2       	ldi	r27, 0x20	; 32
     39e:	e2 e4       	ldi	r30, 0x42	; 66
     3a0:	f5 e2       	ldi	r31, 0x25	; 37
     3a2:	00 e0       	ldi	r16, 0x00	; 0
     3a4:	0b bf       	out	0x3b, r16	; 59
     3a6:	02 c0       	rjmp	.+4      	; 0x3ac <__do_copy_data+0x14>
     3a8:	07 90       	elpm	r0, Z+
     3aa:	0d 92       	st	X+, r0
     3ac:	a8 34       	cpi	r26, 0x48	; 72
     3ae:	b1 07       	cpc	r27, r17
     3b0:	d9 f7       	brne	.-10     	; 0x3a8 <__do_copy_data+0x10>

000003b2 <__do_clear_bss>:
     3b2:	20 e2       	ldi	r18, 0x20	; 32
     3b4:	a8 e4       	ldi	r26, 0x48	; 72
     3b6:	b0 e2       	ldi	r27, 0x20	; 32
     3b8:	01 c0       	rjmp	.+2      	; 0x3bc <.do_clear_bss_start>

000003ba <.do_clear_bss_loop>:
     3ba:	1d 92       	st	X+, r1

000003bc <.do_clear_bss_start>:
     3bc:	a0 38       	cpi	r26, 0x80	; 128
     3be:	b2 07       	cpc	r27, r18
     3c0:	e1 f7       	brne	.-8      	; 0x3ba <.do_clear_bss_loop>
     3c2:	0e 94 d0 08 	call	0x11a0	; 0x11a0 <main>
     3c6:	0c 94 9f 12 	jmp	0x253e	; 0x253e <_exit>

000003ca <__bad_interrupt>:
     3ca:	0c 94 00 00 	jmp	0	; 0x0 <__vectors>

000003ce <DriverAdcInit>:
**/
#include "DriverAdc.h"
#include <avr/io.h>
#include <avr/interrupt.h>

void DriverAdcInit(void) {
     3ce:	cf 93       	push	r28
     3d0:	df 93       	push	r29
     3d2:	cd b7       	in	r28, 0x3d	; 61
     3d4:	de b7       	in	r29, 0x3e	; 62
	// ADCA.CTRLA=
	// ADCA.CTRLB=
	// ADCA.REFCTRL=
	// ADCA.PRESCALER=
	// ADCA.CH0.INTCTRL=	
}
     3d6:	00 00       	nop
     3d8:	df 91       	pop	r29
     3da:	cf 91       	pop	r28
     3dc:	08 95       	ret

000003de <DriverCursorstickInit>:
    * @see https://eliasdh.com
    * @since 10/03/2026
**/
#include "DriverCursorstick.h"

void DriverCursorstickInit(void) {
     3de:	cf 93       	push	r28
     3e0:	df 93       	push	r29
     3e2:	cd b7       	in	r28, 0x3d	; 61
     3e4:	de b7       	in	r29, 0x3e	; 62
	// Configure PB3-PB7 as inputs
	PORTB.DIRCLR = 0xF8;  // Clear bits 3-7 (0xF8 = 0b11111000) -> input
     3e6:	80 e2       	ldi	r24, 0x20	; 32
     3e8:	96 e0       	ldi	r25, 0x06	; 6
     3ea:	28 ef       	ldi	r18, 0xF8	; 248
     3ec:	fc 01       	movw	r30, r24
     3ee:	22 83       	std	Z+2, r18	; 0x02

	// Enable pull-up and invert on PB3-PB7
	// Invert: pressed switch = '1' in PORTB.IN
	// Pull-up: ensures stable signal when switch is not pressed
	PORTB.PIN3CTRL = PORT_INVEN_bm | PORT_OPC_PULLUP_gc;  // SWU (Up)
     3f0:	80 e2       	ldi	r24, 0x20	; 32
     3f2:	96 e0       	ldi	r25, 0x06	; 6
     3f4:	28 e5       	ldi	r18, 0x58	; 88
     3f6:	fc 01       	movw	r30, r24
     3f8:	23 8b       	std	Z+19, r18	; 0x13
	PORTB.PIN4CTRL = PORT_INVEN_bm | PORT_OPC_PULLUP_gc;  // SWL (Left)
     3fa:	80 e2       	ldi	r24, 0x20	; 32
     3fc:	96 e0       	ldi	r25, 0x06	; 6
     3fe:	28 e5       	ldi	r18, 0x58	; 88
     400:	fc 01       	movw	r30, r24
     402:	24 8b       	std	Z+20, r18	; 0x14
	PORTB.PIN5CTRL = PORT_INVEN_bm | PORT_OPC_PULLUP_gc;  // SWD (Down)
     404:	80 e2       	ldi	r24, 0x20	; 32
     406:	96 e0       	ldi	r25, 0x06	; 6
     408:	28 e5       	ldi	r18, 0x58	; 88
     40a:	fc 01       	movw	r30, r24
     40c:	25 8b       	std	Z+21, r18	; 0x15
	PORTB.PIN6CTRL = PORT_INVEN_bm | PORT_OPC_PULLUP_gc;  // SWR (Right)
     40e:	80 e2       	ldi	r24, 0x20	; 32
     410:	96 e0       	ldi	r25, 0x06	; 6
     412:	28 e5       	ldi	r18, 0x58	; 88
     414:	fc 01       	movw	r30, r24
     416:	26 8b       	std	Z+22, r18	; 0x16
	PORTB.PIN7CTRL = PORT_INVEN_bm | PORT_OPC_PULLUP_gc;  // SWC (Center)
     418:	80 e2       	ldi	r24, 0x20	; 32
     41a:	96 e0       	ldi	r25, 0x06	; 6
     41c:	28 e5       	ldi	r18, 0x58	; 88
     41e:	fc 01       	movw	r30, r24
     420:	27 8b       	std	Z+23, r18	; 0x17
}
     422:	00 00       	nop
     424:	df 91       	pop	r29
     426:	cf 91       	pop	r28
     428:	08 95       	ret

0000042a <DriverLedInit>:
    * @see https://eliasdh.com
    * @since 10/03/2026
**/
#include "DriverLed.h"

void DriverLedInit(void) {
     42a:	cf 93       	push	r28
     42c:	df 93       	push	r29
     42e:	cd b7       	in	r28, 0x3d	; 61
     430:	de b7       	in	r29, 0x3e	; 62
	// Configure PB0, PB1, PB2 as outputs
	PORTB.DIRSET = 0x07;  // Set bits 0-2 as output (0x07 = 0b00000111)
     432:	80 e2       	ldi	r24, 0x20	; 32
     434:	96 e0       	ldi	r25, 0x06	; 6
     436:	27 e0       	ldi	r18, 0x07	; 7
     438:	fc 01       	movw	r30, r24
     43a:	21 83       	std	Z+1, r18	; 0x01

	// Configure PA7 as output
	PORTA.DIRSET = 0x80;  // Set bit 7 as output (0x80 = 0b10000000)
     43c:	80 e0       	ldi	r24, 0x00	; 0
     43e:	96 e0       	ldi	r25, 0x06	; 6
     440:	20 e8       	ldi	r18, 0x80	; 128
     442:	fc 01       	movw	r30, r24
     444:	21 83       	std	Z+1, r18	; 0x01

	// Enable invert on PB0, PB1, PB2 (active-low LEDs, so invert to make '1' = LED on)
	PORTB.PIN0CTRL = PORT_INVEN_bm;
     446:	80 e2       	ldi	r24, 0x20	; 32
     448:	96 e0       	ldi	r25, 0x06	; 6
     44a:	20 e4       	ldi	r18, 0x40	; 64
     44c:	fc 01       	movw	r30, r24
     44e:	20 8b       	std	Z+16, r18	; 0x10
	PORTB.PIN1CTRL = PORT_INVEN_bm;
     450:	80 e2       	ldi	r24, 0x20	; 32
     452:	96 e0       	ldi	r25, 0x06	; 6
     454:	20 e4       	ldi	r18, 0x40	; 64
     456:	fc 01       	movw	r30, r24
     458:	21 8b       	std	Z+17, r18	; 0x11
	PORTB.PIN2CTRL = PORT_INVEN_bm;
     45a:	80 e2       	ldi	r24, 0x20	; 32
     45c:	96 e0       	ldi	r25, 0x06	; 6
     45e:	20 e4       	ldi	r18, 0x40	; 64
     460:	fc 01       	movw	r30, r24
     462:	22 8b       	std	Z+18, r18	; 0x12

	// Enable invert on PA7
	PORTA.PIN7CTRL = PORT_INVEN_bm;
     464:	80 e0       	ldi	r24, 0x00	; 0
     466:	96 e0       	ldi	r25, 0x06	; 6
     468:	20 e4       	ldi	r18, 0x40	; 64
     46a:	fc 01       	movw	r30, r24
     46c:	27 8b       	std	Z+23, r18	; 0x17
}
     46e:	00 00       	nop
     470:	df 91       	pop	r29
     472:	cf 91       	pop	r28
     474:	08 95       	ret

00000476 <DriverLedWrite>:

void DriverLedWrite(uint8_t LedData) {
     476:	cf 93       	push	r28
     478:	df 93       	push	r29
     47a:	1f 92       	push	r1
     47c:	cd b7       	in	r28, 0x3d	; 61
     47e:	de b7       	in	r29, 0x3e	; 62
     480:	89 83       	std	Y+1, r24	; 0x01
	// Map LedData bits 0-2 to PB0-PB2, bit 3 to PA7
	// Preserve other pins on both ports

	// PB0-PB2: Clear bits 0-2, then set based on LedData
	PORTB.OUT = (PORTB.OUT & 0xF8) | (LedData & 0x07); // (0xF8 = 0b11111000 & 0x07 = 0b00000111)
     482:	80 e2       	ldi	r24, 0x20	; 32
     484:	96 e0       	ldi	r25, 0x06	; 6
     486:	20 e2       	ldi	r18, 0x20	; 32
     488:	36 e0       	ldi	r19, 0x06	; 6
     48a:	f9 01       	movw	r30, r18
     48c:	24 81       	ldd	r18, Z+4	; 0x04
     48e:	32 2f       	mov	r19, r18
     490:	38 7f       	andi	r19, 0xF8	; 248
     492:	29 81       	ldd	r18, Y+1	; 0x01
     494:	27 70       	andi	r18, 0x07	; 7
     496:	23 2b       	or	r18, r19
     498:	fc 01       	movw	r30, r24
     49a:	24 83       	std	Z+4, r18	; 0x04

	// PA7: Clear bit 7, then set based on LedData bit 3
	PORTA.OUT = (PORTA.OUT & 0x7F) | ((LedData & 0x08) << 4); // (0x7F = 0b01111111 & 0x08 = 0b00001000)
     49c:	80 e0       	ldi	r24, 0x00	; 0
     49e:	96 e0       	ldi	r25, 0x06	; 6
     4a0:	20 e0       	ldi	r18, 0x00	; 0
     4a2:	36 e0       	ldi	r19, 0x06	; 6
     4a4:	f9 01       	movw	r30, r18
     4a6:	24 81       	ldd	r18, Z+4	; 0x04
     4a8:	42 2f       	mov	r20, r18
     4aa:	4f 77       	andi	r20, 0x7F	; 127
     4ac:	29 81       	ldd	r18, Y+1	; 0x01
     4ae:	22 2f       	mov	r18, r18
     4b0:	30 e0       	ldi	r19, 0x00	; 0
     4b2:	28 70       	andi	r18, 0x08	; 8
     4b4:	33 27       	eor	r19, r19
     4b6:	22 95       	swap	r18
     4b8:	32 95       	swap	r19
     4ba:	30 7f       	andi	r19, 0xF0	; 240
     4bc:	32 27       	eor	r19, r18
     4be:	20 7f       	andi	r18, 0xF0	; 240
     4c0:	32 27       	eor	r19, r18
     4c2:	24 2b       	or	r18, r20
     4c4:	fc 01       	movw	r30, r24
     4c6:	24 83       	std	Z+4, r18	; 0x04
}
     4c8:	00 00       	nop
     4ca:	0f 90       	pop	r0
     4cc:	df 91       	pop	r29
     4ce:	cf 91       	pop	r28
     4d0:	08 95       	ret

000004d2 <__vector_2>:
// Without volatile, the compiler may cache values and miss interrupt-driven updates.
static volatile int16_t encoderPosA = 0; // Encoder pulse counter for motor A.
static volatile int16_t encoderPosB = 0; // Encoder pulse counter for motor B.

// Interrupt for encoder A, phase A (PC6).
ISR(PORTC_INT0_vect) {
     4d2:	1f 92       	push	r1
     4d4:	0f 92       	push	r0
     4d6:	00 90 3f 00 	lds	r0, 0x003F	; 0x80003f <__TEXT_REGION_LENGTH__+0x70003f>
     4da:	0f 92       	push	r0
     4dc:	11 24       	eor	r1, r1
     4de:	00 90 3b 00 	lds	r0, 0x003B	; 0x80003b <__TEXT_REGION_LENGTH__+0x70003b>
     4e2:	0f 92       	push	r0
     4e4:	2f 93       	push	r18
     4e6:	3f 93       	push	r19
     4e8:	8f 93       	push	r24
     4ea:	9f 93       	push	r25
     4ec:	ef 93       	push	r30
     4ee:	ff 93       	push	r31
     4f0:	cf 93       	push	r28
     4f2:	df 93       	push	r29
     4f4:	1f 92       	push	r1
     4f6:	cd b7       	in	r28, 0x3d	; 61
     4f8:	de b7       	in	r29, 0x3e	; 62
	uint8_t pins = PORTC.IN; 										// Read both encoder input levels once.
     4fa:	80 e4       	ldi	r24, 0x40	; 64
     4fc:	96 e0       	ldi	r25, 0x06	; 6
     4fe:	fc 01       	movw	r30, r24
     500:	80 85       	ldd	r24, Z+8	; 0x08
     502:	89 83       	std	Y+1, r24	; 0x01
	if (pins & PIN6_bm) encoderPosA += (pins & PIN7_bm) ? -1 : +1; 	// (If phase A is currently high) Direction depends on phase B.
     504:	89 81       	ldd	r24, Y+1	; 0x01
     506:	88 2f       	mov	r24, r24
     508:	90 e0       	ldi	r25, 0x00	; 0
     50a:	80 74       	andi	r24, 0x40	; 64
     50c:	99 27       	eor	r25, r25
     50e:	89 2b       	or	r24, r25
     510:	99 f0       	breq	.+38     	; 0x538 <__vector_2+0x66>
     512:	89 81       	ldd	r24, Y+1	; 0x01
     514:	88 23       	and	r24, r24
     516:	1c f4       	brge	.+6      	; 0x51e <__vector_2+0x4c>
     518:	8f ef       	ldi	r24, 0xFF	; 255
     51a:	9f ef       	ldi	r25, 0xFF	; 255
     51c:	02 c0       	rjmp	.+4      	; 0x522 <__vector_2+0x50>
     51e:	81 e0       	ldi	r24, 0x01	; 1
     520:	90 e0       	ldi	r25, 0x00	; 0
     522:	20 91 48 20 	lds	r18, 0x2048	; 0x802048 <__data_end>
     526:	30 91 49 20 	lds	r19, 0x2049	; 0x802049 <__data_end+0x1>
     52a:	82 0f       	add	r24, r18
     52c:	93 1f       	adc	r25, r19
     52e:	80 93 48 20 	sts	0x2048, r24	; 0x802048 <__data_end>
     532:	90 93 49 20 	sts	0x2049, r25	; 0x802049 <__data_end+0x1>
     536:	12 c0       	rjmp	.+36     	; 0x55c <__vector_2+0x8a>
	else encoderPosA += (pins & PIN7_bm) ? +1 : -1; 				// (If phase A is currently low) Direction depends on phase B.
     538:	89 81       	ldd	r24, Y+1	; 0x01
     53a:	88 23       	and	r24, r24
     53c:	1c f4       	brge	.+6      	; 0x544 <__vector_2+0x72>
     53e:	81 e0       	ldi	r24, 0x01	; 1
     540:	90 e0       	ldi	r25, 0x00	; 0
     542:	02 c0       	rjmp	.+4      	; 0x548 <__vector_2+0x76>
     544:	8f ef       	ldi	r24, 0xFF	; 255
     546:	9f ef       	ldi	r25, 0xFF	; 255
     548:	20 91 48 20 	lds	r18, 0x2048	; 0x802048 <__data_end>
     54c:	30 91 49 20 	lds	r19, 0x2049	; 0x802049 <__data_end+0x1>
     550:	82 0f       	add	r24, r18
     552:	93 1f       	adc	r25, r19
     554:	80 93 48 20 	sts	0x2048, r24	; 0x802048 <__data_end>
     558:	90 93 49 20 	sts	0x2049, r25	; 0x802049 <__data_end+0x1>
	PORTC.INTFLAGS = PORT_INT0IF_bm; 								// Clear INT0 interrupt flag on PORTC.
     55c:	80 e4       	ldi	r24, 0x40	; 64
     55e:	96 e0       	ldi	r25, 0x06	; 6
     560:	21 e0       	ldi	r18, 0x01	; 1
     562:	fc 01       	movw	r30, r24
     564:	24 87       	std	Z+12, r18	; 0x0c
}
     566:	00 00       	nop
     568:	0f 90       	pop	r0
     56a:	df 91       	pop	r29
     56c:	cf 91       	pop	r28
     56e:	ff 91       	pop	r31
     570:	ef 91       	pop	r30
     572:	9f 91       	pop	r25
     574:	8f 91       	pop	r24
     576:	3f 91       	pop	r19
     578:	2f 91       	pop	r18
     57a:	0f 90       	pop	r0
     57c:	00 92 3b 00 	sts	0x003B, r0	; 0x80003b <__TEXT_REGION_LENGTH__+0x70003b>
     580:	0f 90       	pop	r0
     582:	00 92 3f 00 	sts	0x003F, r0	; 0x80003f <__TEXT_REGION_LENGTH__+0x70003f>
     586:	0f 90       	pop	r0
     588:	1f 90       	pop	r1
     58a:	18 95       	reti

0000058c <__vector_3>:

// Interrupt for encoder A, phase B (PC7).
ISR(PORTC_INT1_vect) {
     58c:	1f 92       	push	r1
     58e:	0f 92       	push	r0
     590:	00 90 3f 00 	lds	r0, 0x003F	; 0x80003f <__TEXT_REGION_LENGTH__+0x70003f>
     594:	0f 92       	push	r0
     596:	11 24       	eor	r1, r1
     598:	00 90 3b 00 	lds	r0, 0x003B	; 0x80003b <__TEXT_REGION_LENGTH__+0x70003b>
     59c:	0f 92       	push	r0
     59e:	2f 93       	push	r18
     5a0:	3f 93       	push	r19
     5a2:	8f 93       	push	r24
     5a4:	9f 93       	push	r25
     5a6:	ef 93       	push	r30
     5a8:	ff 93       	push	r31
     5aa:	cf 93       	push	r28
     5ac:	df 93       	push	r29
     5ae:	1f 92       	push	r1
     5b0:	cd b7       	in	r28, 0x3d	; 61
     5b2:	de b7       	in	r29, 0x3e	; 62
	uint8_t pins = PORTC.IN;										// Read both encoder input levels once.
     5b4:	80 e4       	ldi	r24, 0x40	; 64
     5b6:	96 e0       	ldi	r25, 0x06	; 6
     5b8:	fc 01       	movw	r30, r24
     5ba:	80 85       	ldd	r24, Z+8	; 0x08
     5bc:	89 83       	std	Y+1, r24	; 0x01
	if (pins & PIN7_bm) encoderPosA += (pins & PIN6_bm) ? +1 : -1; 	// (If phase B is currently high) Direction depends on phase A.
     5be:	89 81       	ldd	r24, Y+1	; 0x01
     5c0:	88 23       	and	r24, r24
     5c2:	bc f4       	brge	.+46     	; 0x5f2 <__vector_3+0x66>
     5c4:	89 81       	ldd	r24, Y+1	; 0x01
     5c6:	88 2f       	mov	r24, r24
     5c8:	90 e0       	ldi	r25, 0x00	; 0
     5ca:	80 74       	andi	r24, 0x40	; 64
     5cc:	99 27       	eor	r25, r25
     5ce:	89 2b       	or	r24, r25
     5d0:	19 f0       	breq	.+6      	; 0x5d8 <__vector_3+0x4c>
     5d2:	81 e0       	ldi	r24, 0x01	; 1
     5d4:	90 e0       	ldi	r25, 0x00	; 0
     5d6:	02 c0       	rjmp	.+4      	; 0x5dc <__vector_3+0x50>
     5d8:	8f ef       	ldi	r24, 0xFF	; 255
     5da:	9f ef       	ldi	r25, 0xFF	; 255
     5dc:	20 91 48 20 	lds	r18, 0x2048	; 0x802048 <__data_end>
     5e0:	30 91 49 20 	lds	r19, 0x2049	; 0x802049 <__data_end+0x1>
     5e4:	82 0f       	add	r24, r18
     5e6:	93 1f       	adc	r25, r19
     5e8:	80 93 48 20 	sts	0x2048, r24	; 0x802048 <__data_end>
     5ec:	90 93 49 20 	sts	0x2049, r25	; 0x802049 <__data_end+0x1>
     5f0:	16 c0       	rjmp	.+44     	; 0x61e <__vector_3+0x92>
	else encoderPosA += (pins & PIN6_bm) ? -1 : +1;					// (If phase B is currently low) Direction depends on phase A.
     5f2:	89 81       	ldd	r24, Y+1	; 0x01
     5f4:	88 2f       	mov	r24, r24
     5f6:	90 e0       	ldi	r25, 0x00	; 0
     5f8:	80 74       	andi	r24, 0x40	; 64
     5fa:	99 27       	eor	r25, r25
     5fc:	89 2b       	or	r24, r25
     5fe:	19 f0       	breq	.+6      	; 0x606 <__vector_3+0x7a>
     600:	8f ef       	ldi	r24, 0xFF	; 255
     602:	9f ef       	ldi	r25, 0xFF	; 255
     604:	02 c0       	rjmp	.+4      	; 0x60a <__vector_3+0x7e>
     606:	81 e0       	ldi	r24, 0x01	; 1
     608:	90 e0       	ldi	r25, 0x00	; 0
     60a:	20 91 48 20 	lds	r18, 0x2048	; 0x802048 <__data_end>
     60e:	30 91 49 20 	lds	r19, 0x2049	; 0x802049 <__data_end+0x1>
     612:	82 0f       	add	r24, r18
     614:	93 1f       	adc	r25, r19
     616:	80 93 48 20 	sts	0x2048, r24	; 0x802048 <__data_end>
     61a:	90 93 49 20 	sts	0x2049, r25	; 0x802049 <__data_end+0x1>
	PORTC.INTFLAGS = PORT_INT1IF_bm;								// Clear INT1 interrupt flag on PORTC.
     61e:	80 e4       	ldi	r24, 0x40	; 64
     620:	96 e0       	ldi	r25, 0x06	; 6
     622:	22 e0       	ldi	r18, 0x02	; 2
     624:	fc 01       	movw	r30, r24
     626:	24 87       	std	Z+12, r18	; 0x0c
}
     628:	00 00       	nop
     62a:	0f 90       	pop	r0
     62c:	df 91       	pop	r29
     62e:	cf 91       	pop	r28
     630:	ff 91       	pop	r31
     632:	ef 91       	pop	r30
     634:	9f 91       	pop	r25
     636:	8f 91       	pop	r24
     638:	3f 91       	pop	r19
     63a:	2f 91       	pop	r18
     63c:	0f 90       	pop	r0
     63e:	00 92 3b 00 	sts	0x003B, r0	; 0x80003b <__TEXT_REGION_LENGTH__+0x70003b>
     642:	0f 90       	pop	r0
     644:	00 92 3f 00 	sts	0x003F, r0	; 0x80003f <__TEXT_REGION_LENGTH__+0x70003f>
     648:	0f 90       	pop	r0
     64a:	1f 90       	pop	r1
     64c:	18 95       	reti

0000064e <__vector_43>:

// Interrupt for encoder B, phase A (PE4).
ISR(PORTE_INT0_vect) {
     64e:	1f 92       	push	r1
     650:	0f 92       	push	r0
     652:	00 90 3f 00 	lds	r0, 0x003F	; 0x80003f <__TEXT_REGION_LENGTH__+0x70003f>
     656:	0f 92       	push	r0
     658:	11 24       	eor	r1, r1
     65a:	00 90 3b 00 	lds	r0, 0x003B	; 0x80003b <__TEXT_REGION_LENGTH__+0x70003b>
     65e:	0f 92       	push	r0
     660:	2f 93       	push	r18
     662:	3f 93       	push	r19
     664:	8f 93       	push	r24
     666:	9f 93       	push	r25
     668:	ef 93       	push	r30
     66a:	ff 93       	push	r31
     66c:	cf 93       	push	r28
     66e:	df 93       	push	r29
     670:	1f 92       	push	r1
     672:	cd b7       	in	r28, 0x3d	; 61
     674:	de b7       	in	r29, 0x3e	; 62
	uint8_t pins = PORTE.IN;										// Read both encoder input levels once.
     676:	80 e8       	ldi	r24, 0x80	; 128
     678:	96 e0       	ldi	r25, 0x06	; 6
     67a:	fc 01       	movw	r30, r24
     67c:	80 85       	ldd	r24, Z+8	; 0x08
     67e:	89 83       	std	Y+1, r24	; 0x01
	if (pins & PIN4_bm) encoderPosB += (pins & PIN5_bm) ? -1 : +1; 	// (If phase A is currently high) Direction depends on phase B.
     680:	89 81       	ldd	r24, Y+1	; 0x01
     682:	88 2f       	mov	r24, r24
     684:	90 e0       	ldi	r25, 0x00	; 0
     686:	80 71       	andi	r24, 0x10	; 16
     688:	99 27       	eor	r25, r25
     68a:	89 2b       	or	r24, r25
     68c:	b9 f0       	breq	.+46     	; 0x6bc <__vector_43+0x6e>
     68e:	89 81       	ldd	r24, Y+1	; 0x01
     690:	88 2f       	mov	r24, r24
     692:	90 e0       	ldi	r25, 0x00	; 0
     694:	80 72       	andi	r24, 0x20	; 32
     696:	99 27       	eor	r25, r25
     698:	89 2b       	or	r24, r25
     69a:	19 f0       	breq	.+6      	; 0x6a2 <__vector_43+0x54>
     69c:	8f ef       	ldi	r24, 0xFF	; 255
     69e:	9f ef       	ldi	r25, 0xFF	; 255
     6a0:	02 c0       	rjmp	.+4      	; 0x6a6 <__vector_43+0x58>
     6a2:	81 e0       	ldi	r24, 0x01	; 1
     6a4:	90 e0       	ldi	r25, 0x00	; 0
     6a6:	20 91 4a 20 	lds	r18, 0x204A	; 0x80204a <encoderPosB>
     6aa:	30 91 4b 20 	lds	r19, 0x204B	; 0x80204b <encoderPosB+0x1>
     6ae:	82 0f       	add	r24, r18
     6b0:	93 1f       	adc	r25, r19
     6b2:	80 93 4a 20 	sts	0x204A, r24	; 0x80204a <encoderPosB>
     6b6:	90 93 4b 20 	sts	0x204B, r25	; 0x80204b <encoderPosB+0x1>
     6ba:	16 c0       	rjmp	.+44     	; 0x6e8 <__vector_43+0x9a>
	else encoderPosB += (pins & PIN5_bm) ? +1 : -1;					// (If phase A is currently low) Direction depends on phase B.
     6bc:	89 81       	ldd	r24, Y+1	; 0x01
     6be:	88 2f       	mov	r24, r24
     6c0:	90 e0       	ldi	r25, 0x00	; 0
     6c2:	80 72       	andi	r24, 0x20	; 32
     6c4:	99 27       	eor	r25, r25
     6c6:	89 2b       	or	r24, r25
     6c8:	19 f0       	breq	.+6      	; 0x6d0 <__vector_43+0x82>
     6ca:	81 e0       	ldi	r24, 0x01	; 1
     6cc:	90 e0       	ldi	r25, 0x00	; 0
     6ce:	02 c0       	rjmp	.+4      	; 0x6d4 <__vector_43+0x86>
     6d0:	8f ef       	ldi	r24, 0xFF	; 255
     6d2:	9f ef       	ldi	r25, 0xFF	; 255
     6d4:	20 91 4a 20 	lds	r18, 0x204A	; 0x80204a <encoderPosB>
     6d8:	30 91 4b 20 	lds	r19, 0x204B	; 0x80204b <encoderPosB+0x1>
     6dc:	82 0f       	add	r24, r18
     6de:	93 1f       	adc	r25, r19
     6e0:	80 93 4a 20 	sts	0x204A, r24	; 0x80204a <encoderPosB>
     6e4:	90 93 4b 20 	sts	0x204B, r25	; 0x80204b <encoderPosB+0x1>
	PORTE.INTFLAGS = PORT_INT0IF_bm;								// Clear INT0 interrupt flag on PORTE.
     6e8:	80 e8       	ldi	r24, 0x80	; 128
     6ea:	96 e0       	ldi	r25, 0x06	; 6
     6ec:	21 e0       	ldi	r18, 0x01	; 1
     6ee:	fc 01       	movw	r30, r24
     6f0:	24 87       	std	Z+12, r18	; 0x0c
}
     6f2:	00 00       	nop
     6f4:	0f 90       	pop	r0
     6f6:	df 91       	pop	r29
     6f8:	cf 91       	pop	r28
     6fa:	ff 91       	pop	r31
     6fc:	ef 91       	pop	r30
     6fe:	9f 91       	pop	r25
     700:	8f 91       	pop	r24
     702:	3f 91       	pop	r19
     704:	2f 91       	pop	r18
     706:	0f 90       	pop	r0
     708:	00 92 3b 00 	sts	0x003B, r0	; 0x80003b <__TEXT_REGION_LENGTH__+0x70003b>
     70c:	0f 90       	pop	r0
     70e:	00 92 3f 00 	sts	0x003F, r0	; 0x80003f <__TEXT_REGION_LENGTH__+0x70003f>
     712:	0f 90       	pop	r0
     714:	1f 90       	pop	r1
     716:	18 95       	reti

00000718 <__vector_44>:

// Interrupt for encoder B, phase B (PE5).
ISR(PORTE_INT1_vect) {
     718:	1f 92       	push	r1
     71a:	0f 92       	push	r0
     71c:	00 90 3f 00 	lds	r0, 0x003F	; 0x80003f <__TEXT_REGION_LENGTH__+0x70003f>
     720:	0f 92       	push	r0
     722:	11 24       	eor	r1, r1
     724:	00 90 3b 00 	lds	r0, 0x003B	; 0x80003b <__TEXT_REGION_LENGTH__+0x70003b>
     728:	0f 92       	push	r0
     72a:	2f 93       	push	r18
     72c:	3f 93       	push	r19
     72e:	8f 93       	push	r24
     730:	9f 93       	push	r25
     732:	ef 93       	push	r30
     734:	ff 93       	push	r31
     736:	cf 93       	push	r28
     738:	df 93       	push	r29
     73a:	1f 92       	push	r1
     73c:	cd b7       	in	r28, 0x3d	; 61
     73e:	de b7       	in	r29, 0x3e	; 62
	uint8_t pins = PORTE.IN;										// Read both encoder input levels once.
     740:	80 e8       	ldi	r24, 0x80	; 128
     742:	96 e0       	ldi	r25, 0x06	; 6
     744:	fc 01       	movw	r30, r24
     746:	80 85       	ldd	r24, Z+8	; 0x08
     748:	89 83       	std	Y+1, r24	; 0x01
	if (pins & PIN5_bm) encoderPosB += (pins & PIN4_bm) ? +1 : -1; 	// (If phase B is currently high) Direction depends on phase A.
     74a:	89 81       	ldd	r24, Y+1	; 0x01
     74c:	88 2f       	mov	r24, r24
     74e:	90 e0       	ldi	r25, 0x00	; 0
     750:	80 72       	andi	r24, 0x20	; 32
     752:	99 27       	eor	r25, r25
     754:	89 2b       	or	r24, r25
     756:	b9 f0       	breq	.+46     	; 0x786 <__vector_44+0x6e>
     758:	89 81       	ldd	r24, Y+1	; 0x01
     75a:	88 2f       	mov	r24, r24
     75c:	90 e0       	ldi	r25, 0x00	; 0
     75e:	80 71       	andi	r24, 0x10	; 16
     760:	99 27       	eor	r25, r25
     762:	89 2b       	or	r24, r25
     764:	19 f0       	breq	.+6      	; 0x76c <__vector_44+0x54>
     766:	81 e0       	ldi	r24, 0x01	; 1
     768:	90 e0       	ldi	r25, 0x00	; 0
     76a:	02 c0       	rjmp	.+4      	; 0x770 <__vector_44+0x58>
     76c:	8f ef       	ldi	r24, 0xFF	; 255
     76e:	9f ef       	ldi	r25, 0xFF	; 255
     770:	20 91 4a 20 	lds	r18, 0x204A	; 0x80204a <encoderPosB>
     774:	30 91 4b 20 	lds	r19, 0x204B	; 0x80204b <encoderPosB+0x1>
     778:	82 0f       	add	r24, r18
     77a:	93 1f       	adc	r25, r19
     77c:	80 93 4a 20 	sts	0x204A, r24	; 0x80204a <encoderPosB>
     780:	90 93 4b 20 	sts	0x204B, r25	; 0x80204b <encoderPosB+0x1>
     784:	16 c0       	rjmp	.+44     	; 0x7b2 <__vector_44+0x9a>
	else encoderPosB += (pins & PIN4_bm) ? -1 : +1;					// (If phase B is currently low) Direction depends on phase A.
     786:	89 81       	ldd	r24, Y+1	; 0x01
     788:	88 2f       	mov	r24, r24
     78a:	90 e0       	ldi	r25, 0x00	; 0
     78c:	80 71       	andi	r24, 0x10	; 16
     78e:	99 27       	eor	r25, r25
     790:	89 2b       	or	r24, r25
     792:	19 f0       	breq	.+6      	; 0x79a <__vector_44+0x82>
     794:	8f ef       	ldi	r24, 0xFF	; 255
     796:	9f ef       	ldi	r25, 0xFF	; 255
     798:	02 c0       	rjmp	.+4      	; 0x79e <__vector_44+0x86>
     79a:	81 e0       	ldi	r24, 0x01	; 1
     79c:	90 e0       	ldi	r25, 0x00	; 0
     79e:	20 91 4a 20 	lds	r18, 0x204A	; 0x80204a <encoderPosB>
     7a2:	30 91 4b 20 	lds	r19, 0x204B	; 0x80204b <encoderPosB+0x1>
     7a6:	82 0f       	add	r24, r18
     7a8:	93 1f       	adc	r25, r19
     7aa:	80 93 4a 20 	sts	0x204A, r24	; 0x80204a <encoderPosB>
     7ae:	90 93 4b 20 	sts	0x204B, r25	; 0x80204b <encoderPosB+0x1>
	PORTE.INTFLAGS = PORT_INT1IF_bm;								// Clear INT1 interrupt flag on PORTE.
     7b2:	80 e8       	ldi	r24, 0x80	; 128
     7b4:	96 e0       	ldi	r25, 0x06	; 6
     7b6:	22 e0       	ldi	r18, 0x02	; 2
     7b8:	fc 01       	movw	r30, r24
     7ba:	24 87       	std	Z+12, r18	; 0x0c
}
     7bc:	00 00       	nop
     7be:	0f 90       	pop	r0
     7c0:	df 91       	pop	r29
     7c2:	cf 91       	pop	r28
     7c4:	ff 91       	pop	r31
     7c6:	ef 91       	pop	r30
     7c8:	9f 91       	pop	r25
     7ca:	8f 91       	pop	r24
     7cc:	3f 91       	pop	r19
     7ce:	2f 91       	pop	r18
     7d0:	0f 90       	pop	r0
     7d2:	00 92 3b 00 	sts	0x003B, r0	; 0x80003b <__TEXT_REGION_LENGTH__+0x70003b>
     7d6:	0f 90       	pop	r0
     7d8:	00 92 3f 00 	sts	0x003F, r0	; 0x80003f <__TEXT_REGION_LENGTH__+0x70003f>
     7dc:	0f 90       	pop	r0
     7de:	1f 90       	pop	r1
     7e0:	18 95       	reti

000007e2 <DriverMotorInit>:

void DriverMotorInit(void) {
     7e2:	cf 93       	push	r28
     7e4:	df 93       	push	r29
     7e6:	cd b7       	in	r28, 0x3d	; 61
     7e8:	de b7       	in	r29, 0x3e	; 62
	// Enable medium-level interrupts in PMIC.
	PMIC.CTRL |= 0x02;
     7ea:	80 ea       	ldi	r24, 0xA0	; 160
     7ec:	90 e0       	ldi	r25, 0x00	; 0
     7ee:	20 ea       	ldi	r18, 0xA0	; 160
     7f0:	30 e0       	ldi	r19, 0x00	; 0
     7f2:	f9 01       	movw	r30, r18
     7f4:	22 81       	ldd	r18, Z+2	; 0x02
     7f6:	22 60       	ori	r18, 0x02	; 2
     7f8:	fc 01       	movw	r30, r24
     7fa:	22 83       	std	Z+2, r18	; 0x02

	PORTF.DIR |= 0x1F;      // PF0..PF4 as outputs for motor driver control signals.
     7fc:	80 ea       	ldi	r24, 0xA0	; 160
     7fe:	96 e0       	ldi	r25, 0x06	; 6
     800:	20 ea       	ldi	r18, 0xA0	; 160
     802:	36 e0       	ldi	r19, 0x06	; 6
     804:	f9 01       	movw	r30, r18
     806:	20 81       	ld	r18, Z
     808:	2f 61       	ori	r18, 0x1F	; 31
     80a:	fc 01       	movw	r30, r24
     80c:	20 83       	st	Z, r18
	PORTF.PIN0CTRL = 0x00;  // Disable special input options on PF0.
     80e:	80 ea       	ldi	r24, 0xA0	; 160
     810:	96 e0       	ldi	r25, 0x06	; 6
     812:	fc 01       	movw	r30, r24
     814:	10 8a       	std	Z+16, r1	; 0x10
	PORTF.PIN1CTRL = 0x00;  // Disable special input options on PF1.
     816:	80 ea       	ldi	r24, 0xA0	; 160
     818:	96 e0       	ldi	r25, 0x06	; 6
     81a:	fc 01       	movw	r30, r24
     81c:	11 8a       	std	Z+17, r1	; 0x11
	PORTF.PIN2CTRL = 0x00;  // Disable special input options on PF2.
     81e:	80 ea       	ldi	r24, 0xA0	; 160
     820:	96 e0       	ldi	r25, 0x06	; 6
     822:	fc 01       	movw	r30, r24
     824:	12 8a       	std	Z+18, r1	; 0x12
	PORTF.PIN3CTRL = 0x00;  // Disable special input options on PF3.
     826:	80 ea       	ldi	r24, 0xA0	; 160
     828:	96 e0       	ldi	r25, 0x06	; 6
     82a:	fc 01       	movw	r30, r24
     82c:	13 8a       	std	Z+19, r1	; 0x13
	PORTF.PIN4CTRL = 0x18;  // Enable pull-up on PF4 (motor sleep control line).
     82e:	80 ea       	ldi	r24, 0xA0	; 160
     830:	96 e0       	ldi	r25, 0x06	; 6
     832:	28 e1       	ldi	r18, 0x18	; 24
     834:	fc 01       	movw	r30, r24
     836:	24 8b       	std	Z+20, r18	; 0x14

	PORTF.OUT |= 0x10;      // Drive sleep pin high to enable the motor driver.
     838:	80 ea       	ldi	r24, 0xA0	; 160
     83a:	96 e0       	ldi	r25, 0x06	; 6
     83c:	20 ea       	ldi	r18, 0xA0	; 160
     83e:	36 e0       	ldi	r19, 0x06	; 6
     840:	f9 01       	movw	r30, r18
     842:	24 81       	ldd	r18, Z+4	; 0x04
     844:	20 61       	ori	r18, 0x10	; 16
     846:	fc 01       	movw	r30, r24
     848:	24 83       	std	Z+4, r18	; 0x04
	TCF0.CTRLB = 0xF3;      // Single-slope PWM + enable compare channels A/B/C/D.
     84a:	80 e0       	ldi	r24, 0x00	; 0
     84c:	9b e0       	ldi	r25, 0x0B	; 11
     84e:	23 ef       	ldi	r18, 0xF3	; 243
     850:	fc 01       	movw	r30, r24
     852:	21 83       	std	Z+1, r18	; 0x01
	TCF0.CTRLD = 0x00;      // No event actions.
     854:	80 e0       	ldi	r24, 0x00	; 0
     856:	9b e0       	ldi	r25, 0x0B	; 11
     858:	fc 01       	movw	r30, r24
     85a:	13 82       	std	Z+3, r1	; 0x03
	TCF0.CTRLE = 0x00;      // Normal 16-bit mode.
     85c:	80 e0       	ldi	r24, 0x00	; 0
     85e:	9b e0       	ldi	r25, 0x0B	; 11
     860:	fc 01       	movw	r30, r24
     862:	14 82       	std	Z+4, r1	; 0x04
	TCF0.PER = PWM_TOP;     // Set PWM period.
     864:	80 e0       	ldi	r24, 0x00	; 0
     866:	9b e0       	ldi	r25, 0x0B	; 11
     868:	2f e7       	ldi	r18, 0x7F	; 127
     86a:	3c e0       	ldi	r19, 0x0C	; 12
     86c:	fc 01       	movw	r30, r24
     86e:	26 a3       	std	Z+38, r18	; 0x26
     870:	37 a3       	std	Z+39, r19	; 0x27
	TCF0.CTRLA = 0x01;      // Start timer with clk/1 (no prescaler).
     872:	80 e0       	ldi	r24, 0x00	; 0
     874:	9b e0       	ldi	r25, 0x0B	; 11
     876:	21 e0       	ldi	r18, 0x01	; 1
     878:	fc 01       	movw	r30, r24
     87a:	20 83       	st	Z, r18

	// Configure encoder A pins and route both lines to interrupts on any edge.
	PORTC.DIR &= ~0xC0;                         // PC6 and PC7 as inputs.
     87c:	80 e4       	ldi	r24, 0x40	; 64
     87e:	96 e0       	ldi	r25, 0x06	; 6
     880:	20 e4       	ldi	r18, 0x40	; 64
     882:	36 e0       	ldi	r19, 0x06	; 6
     884:	f9 01       	movw	r30, r18
     886:	20 81       	ld	r18, Z
     888:	2f 73       	andi	r18, 0x3F	; 63
     88a:	fc 01       	movw	r30, r24
     88c:	20 83       	st	Z, r18
	PORTC.PIN6CTRL = 0x00;                      // Default pin sense/control for PC6.
     88e:	80 e4       	ldi	r24, 0x40	; 64
     890:	96 e0       	ldi	r25, 0x06	; 6
     892:	fc 01       	movw	r30, r24
     894:	16 8a       	std	Z+22, r1	; 0x16
	PORTC.PIN7CTRL = 0x00;                      // Default pin sense/control for PC7.
     896:	80 e4       	ldi	r24, 0x40	; 64
     898:	96 e0       	ldi	r25, 0x06	; 6
     89a:	fc 01       	movw	r30, r24
     89c:	17 8a       	std	Z+23, r1	; 0x17
	PORTC.INTFLAGS = PORT_INT0IF_bm | PORT_INT1IF_bm; // Clear stale pending flags.
     89e:	80 e4       	ldi	r24, 0x40	; 64
     8a0:	96 e0       	ldi	r25, 0x06	; 6
     8a2:	23 e0       	ldi	r18, 0x03	; 3
     8a4:	fc 01       	movw	r30, r24
     8a6:	24 87       	std	Z+12, r18	; 0x0c
	PORTC.INT0MASK |= 0x40;                     // Connect PC6 to PORTC INT0 group.
     8a8:	80 e4       	ldi	r24, 0x40	; 64
     8aa:	96 e0       	ldi	r25, 0x06	; 6
     8ac:	20 e4       	ldi	r18, 0x40	; 64
     8ae:	36 e0       	ldi	r19, 0x06	; 6
     8b0:	f9 01       	movw	r30, r18
     8b2:	22 85       	ldd	r18, Z+10	; 0x0a
     8b4:	20 64       	ori	r18, 0x40	; 64
     8b6:	fc 01       	movw	r30, r24
     8b8:	22 87       	std	Z+10, r18	; 0x0a
	PORTC.INT1MASK |= 0x80;                     // Connect PC7 to PORTC INT1 group.
     8ba:	80 e4       	ldi	r24, 0x40	; 64
     8bc:	96 e0       	ldi	r25, 0x06	; 6
     8be:	20 e4       	ldi	r18, 0x40	; 64
     8c0:	36 e0       	ldi	r19, 0x06	; 6
     8c2:	f9 01       	movw	r30, r18
     8c4:	23 85       	ldd	r18, Z+11	; 0x0b
     8c6:	20 68       	ori	r18, 0x80	; 128
     8c8:	fc 01       	movw	r30, r24
     8ca:	23 87       	std	Z+11, r18	; 0x0b
	PORTC.INTCTRL = (PORTC.INTCTRL & ~0x0F) | 0x0A; // INT0 and INT1 at medium level.
     8cc:	80 e4       	ldi	r24, 0x40	; 64
     8ce:	96 e0       	ldi	r25, 0x06	; 6
     8d0:	20 e4       	ldi	r18, 0x40	; 64
     8d2:	36 e0       	ldi	r19, 0x06	; 6
     8d4:	f9 01       	movw	r30, r18
     8d6:	21 85       	ldd	r18, Z+9	; 0x09
     8d8:	20 7f       	andi	r18, 0xF0	; 240
     8da:	2a 60       	ori	r18, 0x0A	; 10
     8dc:	fc 01       	movw	r30, r24
     8de:	21 87       	std	Z+9, r18	; 0x09

	// Configure encoder B pins and route both lines to interrupts on any edge.
	PORTE.DIR &= ~0x30;                         // PE4 and PE5 as inputs.
     8e0:	80 e8       	ldi	r24, 0x80	; 128
     8e2:	96 e0       	ldi	r25, 0x06	; 6
     8e4:	20 e8       	ldi	r18, 0x80	; 128
     8e6:	36 e0       	ldi	r19, 0x06	; 6
     8e8:	f9 01       	movw	r30, r18
     8ea:	20 81       	ld	r18, Z
     8ec:	2f 7c       	andi	r18, 0xCF	; 207
     8ee:	fc 01       	movw	r30, r24
     8f0:	20 83       	st	Z, r18
	PORTE.PIN4CTRL = 0x00;                      // Default pin sense/control for PE4.
     8f2:	80 e8       	ldi	r24, 0x80	; 128
     8f4:	96 e0       	ldi	r25, 0x06	; 6
     8f6:	fc 01       	movw	r30, r24
     8f8:	14 8a       	std	Z+20, r1	; 0x14
	PORTE.PIN5CTRL = 0x00;                      // Default pin sense/control for PE5.
     8fa:	80 e8       	ldi	r24, 0x80	; 128
     8fc:	96 e0       	ldi	r25, 0x06	; 6
     8fe:	fc 01       	movw	r30, r24
     900:	15 8a       	std	Z+21, r1	; 0x15
	PORTE.INTFLAGS = PORT_INT0IF_bm | PORT_INT1IF_bm; // Clear stale pending flags.
     902:	80 e8       	ldi	r24, 0x80	; 128
     904:	96 e0       	ldi	r25, 0x06	; 6
     906:	23 e0       	ldi	r18, 0x03	; 3
     908:	fc 01       	movw	r30, r24
     90a:	24 87       	std	Z+12, r18	; 0x0c
	PORTE.INT0MASK |= 0x10;                     // Connect PE4 to PORTE INT0 group.
     90c:	80 e8       	ldi	r24, 0x80	; 128
     90e:	96 e0       	ldi	r25, 0x06	; 6
     910:	20 e8       	ldi	r18, 0x80	; 128
     912:	36 e0       	ldi	r19, 0x06	; 6
     914:	f9 01       	movw	r30, r18
     916:	22 85       	ldd	r18, Z+10	; 0x0a
     918:	20 61       	ori	r18, 0x10	; 16
     91a:	fc 01       	movw	r30, r24
     91c:	22 87       	std	Z+10, r18	; 0x0a
	PORTE.INT1MASK |= 0x20;                     // Connect PE5 to PORTE INT1 group.
     91e:	80 e8       	ldi	r24, 0x80	; 128
     920:	96 e0       	ldi	r25, 0x06	; 6
     922:	20 e8       	ldi	r18, 0x80	; 128
     924:	36 e0       	ldi	r19, 0x06	; 6
     926:	f9 01       	movw	r30, r18
     928:	23 85       	ldd	r18, Z+11	; 0x0b
     92a:	20 62       	ori	r18, 0x20	; 32
     92c:	fc 01       	movw	r30, r24
     92e:	23 87       	std	Z+11, r18	; 0x0b
	PORTE.INTCTRL = (PORTE.INTCTRL & ~0x0F) | 0x0A; // INT0 and INT1 at medium level.
     930:	80 e8       	ldi	r24, 0x80	; 128
     932:	96 e0       	ldi	r25, 0x06	; 6
     934:	20 e8       	ldi	r18, 0x80	; 128
     936:	36 e0       	ldi	r19, 0x06	; 6
     938:	f9 01       	movw	r30, r18
     93a:	21 85       	ldd	r18, Z+9	; 0x09
     93c:	20 7f       	andi	r18, 0xF0	; 240
     93e:	2a 60       	ori	r18, 0x0A	; 10
     940:	fc 01       	movw	r30, r24
     942:	21 87       	std	Z+9, r18	; 0x09

	// Enable global interrupts so encoder ISRs can run.
	sei();
     944:	78 94       	sei
}
     946:	00 00       	nop
     948:	df 91       	pop	r29
     94a:	cf 91       	pop	r28
     94c:	08 95       	ret

0000094e <DriverPowerInit>:
    * @see https://eliasdh.com
    * @since 10/03/2026
**/
#include "DriverPower.h"

void DriverPowerInit(void) {
     94e:	cf 93       	push	r28
     950:	df 93       	push	r29
     952:	cd b7       	in	r28, 0x3d	; 61
     954:	de b7       	in	r29, 0x3e	; 62
	PORTC.DIRSET=1<<5;
     956:	80 e4       	ldi	r24, 0x40	; 64
     958:	96 e0       	ldi	r25, 0x06	; 6
     95a:	20 e2       	ldi	r18, 0x20	; 32
     95c:	fc 01       	movw	r30, r24
     95e:	21 83       	std	Z+1, r18	; 0x01
}
     960:	00 00       	nop
     962:	df 91       	pop	r29
     964:	cf 91       	pop	r28
     966:	08 95       	ret

00000968 <DriverPowerVccAuxSet>:

void DriverPowerVccAuxSet(uint8_t State) {
     968:	cf 93       	push	r28
     96a:	df 93       	push	r29
     96c:	1f 92       	push	r1
     96e:	cd b7       	in	r28, 0x3d	; 61
     970:	de b7       	in	r29, 0x3e	; 62
     972:	89 83       	std	Y+1, r24	; 0x01
	if (State) PORTC.OUTSET=1<<5;
     974:	89 81       	ldd	r24, Y+1	; 0x01
     976:	88 23       	and	r24, r24
     978:	31 f0       	breq	.+12     	; 0x986 <DriverPowerVccAuxSet+0x1e>
     97a:	80 e4       	ldi	r24, 0x40	; 64
     97c:	96 e0       	ldi	r25, 0x06	; 6
     97e:	20 e2       	ldi	r18, 0x20	; 32
     980:	fc 01       	movw	r30, r24
     982:	25 83       	std	Z+5, r18	; 0x05
	else PORTC.OUTCLR=1<<5;
     984:	05 c0       	rjmp	.+10     	; 0x990 <DriverPowerVccAuxSet+0x28>
	PORTC.DIRSET=1<<5;
}

void DriverPowerVccAuxSet(uint8_t State) {
	if (State) PORTC.OUTSET=1<<5;
	else PORTC.OUTCLR=1<<5;
     986:	80 e4       	ldi	r24, 0x40	; 64
     988:	96 e0       	ldi	r25, 0x06	; 6
     98a:	20 e2       	ldi	r18, 0x20	; 32
     98c:	fc 01       	movw	r30, r24
     98e:	26 83       	std	Z+6, r18	; 0x06
     990:	00 00       	nop
     992:	0f 90       	pop	r0
     994:	df 91       	pop	r29
     996:	cf 91       	pop	r28
     998:	08 95       	ret

0000099a <DriverSysClkXtalInit>:
    uint8_t Mult;
    if (F_XTAL<400E3) return -1;
    if (F_XTAL<=2E6) OSC.XOSCCTRL=0b00001011;
    else if(F_XTAL<=9E6) OSC.XOSCCTRL=0b01001011;
    else if(F_XTAL<=12E6) OSC.XOSCCTRL=0b10001011;
    else if(F_XTAL<=16E6) OSC.XOSCCTRL=0b11001011;
     99a:	8b ec       	ldi	r24, 0xCB	; 203
     99c:	80 93 52 00 	sts	0x0052, r24	; 0x800052 <__TEXT_REGION_LENGTH__+0x700052>
    else return -1;
    OSC.CTRL=0b01000;
     9a0:	88 e0       	ldi	r24, 0x08	; 8
     9a2:	80 93 50 00 	sts	0x0050, r24	; 0x800050 <__TEXT_REGION_LENGTH__+0x700050>

    while (!(OSC.STATUS&0b1000)); 
     9a6:	80 91 51 00 	lds	r24, 0x0051	; 0x800051 <__TEXT_REGION_LENGTH__+0x700051>
     9aa:	83 ff       	sbrs	r24, 3
     9ac:	fc cf       	rjmp	.-8      	; 0x9a6 <DriverSysClkXtalInit+0xc>
	}	
	else if (F_CPU>F_XTAL) {
		Mult=F_CPU/F_XTAL;
		if (Mult>31) return -1;
		if (F_XTAL * (uint32_t) Mult !=F_CPU) return -1;
		OSC.PLLCTRL=0b11000000 | (Mult);
     9ae:	82 ec       	ldi	r24, 0xC2	; 194
     9b0:	80 93 55 00 	sts	0x0055, r24	; 0x800055 <__TEXT_REGION_LENGTH__+0x700055>
		OSC.CTRL=0b00011000;
     9b4:	88 e1       	ldi	r24, 0x18	; 24
     9b6:	80 93 50 00 	sts	0x0050, r24	; 0x800050 <__TEXT_REGION_LENGTH__+0x700050>

		while (!(OSC.STATUS & 0b00010000));
     9ba:	80 91 51 00 	lds	r24, 0x0051	; 0x800051 <__TEXT_REGION_LENGTH__+0x700051>
     9be:	84 ff       	sbrs	r24, 4
     9c0:	fc cf       	rjmp	.-8      	; 0x9ba <DriverSysClkXtalInit+0x20>

		CCP=0xd8;
     9c2:	88 ed       	ldi	r24, 0xD8	; 216
     9c4:	84 bf       	out	0x34, r24	; 52
		CLK.CTRL=0b100;
     9c6:	84 e0       	ldi	r24, 0x04	; 4
     9c8:	80 93 40 00 	sts	0x0040, r24	; 0x800040 <__TEXT_REGION_LENGTH__+0x700040>
	}
	return 0;
}
     9cc:	80 e0       	ldi	r24, 0x00	; 0
     9ce:	08 95       	ret

000009d0 <DriverTWIMInit>:
		}
	} 
	else {
		return false;
	}
}
     9d0:	cf 93       	push	r28
     9d2:	df 93       	push	r29
     9d4:	cd b7       	in	r28, 0x3d	; 61
     9d6:	de b7       	in	r29, 0x3e	; 62
     9d8:	10 92 55 20 	sts	0x2055, r1	; 0x802055 <Twim_status>
     9dc:	80 e8       	ldi	r24, 0x80	; 128
     9de:	96 e0       	ldi	r25, 0x06	; 6
     9e0:	28 e1       	ldi	r18, 0x18	; 24
     9e2:	fc 01       	movw	r30, r24
     9e4:	20 8b       	std	Z+16, r18	; 0x10
     9e6:	80 e8       	ldi	r24, 0x80	; 128
     9e8:	96 e0       	ldi	r25, 0x06	; 6
     9ea:	28 e1       	ldi	r18, 0x18	; 24
     9ec:	fc 01       	movw	r30, r24
     9ee:	21 8b       	std	Z+17, r18	; 0x11
     9f0:	80 ea       	ldi	r24, 0xA0	; 160
     9f2:	94 e0       	ldi	r25, 0x04	; 4
     9f4:	28 e7       	ldi	r18, 0x78	; 120
     9f6:	fc 01       	movw	r30, r24
     9f8:	21 83       	std	Z+1, r18	; 0x01
     9fa:	80 ea       	ldi	r24, 0xA0	; 160
     9fc:	94 e0       	ldi	r25, 0x04	; 4
     9fe:	23 e2       	ldi	r18, 0x23	; 35
     a00:	fc 01       	movw	r30, r24
     a02:	25 83       	std	Z+5, r18	; 0x05
     a04:	80 ea       	ldi	r24, 0xA0	; 160
     a06:	94 e0       	ldi	r25, 0x04	; 4
     a08:	21 e0       	ldi	r18, 0x01	; 1
     a0a:	fc 01       	movw	r30, r24
     a0c:	24 83       	std	Z+4, r18	; 0x04
     a0e:	00 00       	nop
     a10:	df 91       	pop	r29
     a12:	cf 91       	pop	r28
     a14:	08 95       	ret

00000a16 <TWIMArbitrationLostBusErrorHandler>:

void TWIMArbitrationLostBusErrorHandler() {
     a16:	cf 93       	push	r28
     a18:	df 93       	push	r29
     a1a:	1f 92       	push	r1
     a1c:	cd b7       	in	r28, 0x3d	; 61
     a1e:	de b7       	in	r29, 0x3e	; 62
	uint8_t currentStatus = TWIM_BUS.MASTER.STATUS;
     a20:	80 ea       	ldi	r24, 0xA0	; 160
     a22:	94 e0       	ldi	r25, 0x04	; 4
     a24:	fc 01       	movw	r30, r24
     a26:	84 81       	ldd	r24, Z+4	; 0x04
     a28:	89 83       	std	Y+1, r24	; 0x01

	if (currentStatus & TWI_MASTER_BUSERR_bm) {
     a2a:	89 81       	ldd	r24, Y+1	; 0x01
     a2c:	88 2f       	mov	r24, r24
     a2e:	90 e0       	ldi	r25, 0x00	; 0
     a30:	84 70       	andi	r24, 0x04	; 4
     a32:	99 27       	eor	r25, r25
     a34:	89 2b       	or	r24, r25
     a36:	21 f0       	breq	.+8      	; 0xa40 <TWIMArbitrationLostBusErrorHandler+0x2a>
		Twim_result = TWIM_RESULT_BUS_ERROR;
     a38:	84 e0       	ldi	r24, 0x04	; 4
     a3a:	80 93 56 20 	sts	0x2056, r24	; 0x802056 <Twim_result>
     a3e:	03 c0       	rjmp	.+6      	; 0xa46 <TWIMArbitrationLostBusErrorHandler+0x30>
	}

	else {
		Twim_result = TWIM_RESULT_ARBITRATION_LOST;
     a40:	83 e0       	ldi	r24, 0x03	; 3
     a42:	80 93 56 20 	sts	0x2056, r24	; 0x802056 <Twim_result>
	}

	TWIM_BUS.MASTER.STATUS = currentStatus | TWI_MASTER_ARBLOST_bm;
     a46:	80 ea       	ldi	r24, 0xA0	; 160
     a48:	94 e0       	ldi	r25, 0x04	; 4
     a4a:	29 81       	ldd	r18, Y+1	; 0x01
     a4c:	28 60       	ori	r18, 0x08	; 8
     a4e:	fc 01       	movw	r30, r24
     a50:	24 83       	std	Z+4, r18	; 0x04

	Twim_status = TWIM_STATUS_READY;
     a52:	10 92 55 20 	sts	0x2055, r1	; 0x802055 <Twim_status>
}
     a56:	00 00       	nop
     a58:	0f 90       	pop	r0
     a5a:	df 91       	pop	r29
     a5c:	cf 91       	pop	r28
     a5e:	08 95       	ret

00000a60 <TWIMWriteHandler>:

void TWIMWriteHandler() {
     a60:	cf 93       	push	r28
     a62:	df 93       	push	r29
     a64:	00 d0       	rcall	.+0      	; 0xa66 <TWIMWriteHandler+0x6>
     a66:	1f 92       	push	r1
     a68:	cd b7       	in	r28, 0x3d	; 61
     a6a:	de b7       	in	r29, 0x3e	; 62
	uint8_t bytesToWrite  = Twim_bytesToWrite;
     a6c:	80 91 51 20 	lds	r24, 0x2051	; 0x802051 <Twim_bytesToWrite>
     a70:	89 83       	std	Y+1, r24	; 0x01
	uint8_t bytesToRead   = Twim_bytesToRead;
     a72:	80 91 52 20 	lds	r24, 0x2052	; 0x802052 <Twim_bytesToRead>
     a76:	8a 83       	std	Y+2, r24	; 0x02

	if (TWIM_BUS.MASTER.STATUS & TWI_MASTER_RXACK_bm) {
     a78:	80 ea       	ldi	r24, 0xA0	; 160
     a7a:	94 e0       	ldi	r25, 0x04	; 4
     a7c:	fc 01       	movw	r30, r24
     a7e:	84 81       	ldd	r24, Z+4	; 0x04
     a80:	88 2f       	mov	r24, r24
     a82:	90 e0       	ldi	r25, 0x00	; 0
     a84:	80 71       	andi	r24, 0x10	; 16
     a86:	99 27       	eor	r25, r25
     a88:	89 2b       	or	r24, r25
     a8a:	59 f0       	breq	.+22     	; 0xaa2 <TWIMWriteHandler+0x42>
		TWIM_BUS.MASTER.CTRLC = TWI_MASTER_CMD_STOP_gc;
     a8c:	80 ea       	ldi	r24, 0xA0	; 160
     a8e:	94 e0       	ldi	r25, 0x04	; 4
     a90:	23 e0       	ldi	r18, 0x03	; 3
     a92:	fc 01       	movw	r30, r24
     a94:	23 83       	std	Z+3, r18	; 0x03
		Twim_result = TWIM_RESULT_NACK_RECEIVED;
     a96:	85 e0       	ldi	r24, 0x05	; 5
     a98:	80 93 56 20 	sts	0x2056, r24	; 0x802056 <Twim_result>
		Twim_status = TWIM_STATUS_READY;
     a9c:	10 92 55 20 	sts	0x2055, r1	; 0x802055 <Twim_status>

	else {
		TWIM_BUS.MASTER.CTRLC = TWI_MASTER_CMD_STOP_gc;
		TWIMTransactionFinished(TWIM_RESULT_OK);
	}
}
     aa0:	34 c0       	rjmp	.+104    	; 0xb0a <TWIMWriteHandler+0xaa>
		TWIM_BUS.MASTER.CTRLC = TWI_MASTER_CMD_STOP_gc;
		Twim_result = TWIM_RESULT_NACK_RECEIVED;
		Twim_status = TWIM_STATUS_READY;
	}

	else if (Twim_bytesWritten < bytesToWrite) {
     aa2:	90 91 53 20 	lds	r25, 0x2053	; 0x802053 <Twim_bytesWritten>
     aa6:	89 81       	ldd	r24, Y+1	; 0x01
     aa8:	98 17       	cp	r25, r24
     aaa:	c0 f4       	brcc	.+48     	; 0xadc <TWIMWriteHandler+0x7c>
		uint8_t data = Twim_writeData[Twim_bytesWritten];
     aac:	20 91 4d 20 	lds	r18, 0x204D	; 0x80204d <Twim_writeData>
     ab0:	30 91 4e 20 	lds	r19, 0x204E	; 0x80204e <Twim_writeData+0x1>
     ab4:	80 91 53 20 	lds	r24, 0x2053	; 0x802053 <Twim_bytesWritten>
     ab8:	88 2f       	mov	r24, r24
     aba:	90 e0       	ldi	r25, 0x00	; 0
     abc:	82 0f       	add	r24, r18
     abe:	93 1f       	adc	r25, r19
     ac0:	fc 01       	movw	r30, r24
     ac2:	80 81       	ld	r24, Z
     ac4:	8b 83       	std	Y+3, r24	; 0x03
		TWIM_BUS.MASTER.DATA = data;
     ac6:	80 ea       	ldi	r24, 0xA0	; 160
     ac8:	94 e0       	ldi	r25, 0x04	; 4
     aca:	2b 81       	ldd	r18, Y+3	; 0x03
     acc:	fc 01       	movw	r30, r24
     ace:	27 83       	std	Z+7, r18	; 0x07
		++Twim_bytesWritten;
     ad0:	80 91 53 20 	lds	r24, 0x2053	; 0x802053 <Twim_bytesWritten>
     ad4:	8f 5f       	subi	r24, 0xFF	; 255
     ad6:	80 93 53 20 	sts	0x2053, r24	; 0x802053 <Twim_bytesWritten>

	else {
		TWIM_BUS.MASTER.CTRLC = TWI_MASTER_CMD_STOP_gc;
		TWIMTransactionFinished(TWIM_RESULT_OK);
	}
}
     ada:	17 c0       	rjmp	.+46     	; 0xb0a <TWIMWriteHandler+0xaa>
		uint8_t data = Twim_writeData[Twim_bytesWritten];
		TWIM_BUS.MASTER.DATA = data;
		++Twim_bytesWritten;
	}

	else if (Twim_bytesRead < bytesToRead) {
     adc:	90 91 54 20 	lds	r25, 0x2054	; 0x802054 <Twim_bytesRead>
     ae0:	8a 81       	ldd	r24, Y+2	; 0x02
     ae2:	98 17       	cp	r25, r24
     ae4:	50 f4       	brcc	.+20     	; 0xafa <TWIMWriteHandler+0x9a>
		uint8_t readAddress = Twim_address | 0x01;
     ae6:	80 91 4c 20 	lds	r24, 0x204C	; 0x80204c <Twim_address>
     aea:	81 60       	ori	r24, 0x01	; 1
     aec:	8c 83       	std	Y+4, r24	; 0x04
		TWIM_BUS.MASTER.ADDR = readAddress;
     aee:	80 ea       	ldi	r24, 0xA0	; 160
     af0:	94 e0       	ldi	r25, 0x04	; 4
     af2:	2c 81       	ldd	r18, Y+4	; 0x04
     af4:	fc 01       	movw	r30, r24
     af6:	26 83       	std	Z+6, r18	; 0x06

	else {
		TWIM_BUS.MASTER.CTRLC = TWI_MASTER_CMD_STOP_gc;
		TWIMTransactionFinished(TWIM_RESULT_OK);
	}
}
     af8:	08 c0       	rjmp	.+16     	; 0xb0a <TWIMWriteHandler+0xaa>
		uint8_t readAddress = Twim_address | 0x01;
		TWIM_BUS.MASTER.ADDR = readAddress;
	}

	else {
		TWIM_BUS.MASTER.CTRLC = TWI_MASTER_CMD_STOP_gc;
     afa:	80 ea       	ldi	r24, 0xA0	; 160
     afc:	94 e0       	ldi	r25, 0x04	; 4
     afe:	23 e0       	ldi	r18, 0x03	; 3
     b00:	fc 01       	movw	r30, r24
     b02:	23 83       	std	Z+3, r18	; 0x03
		TWIMTransactionFinished(TWIM_RESULT_OK);
     b04:	81 e0       	ldi	r24, 0x01	; 1
     b06:	0e 94 d2 05 	call	0xba4	; 0xba4 <TWIMTransactionFinished>
	}
}
     b0a:	00 00       	nop
     b0c:	24 96       	adiw	r28, 0x04	; 4
     b0e:	cd bf       	out	0x3d, r28	; 61
     b10:	de bf       	out	0x3e, r29	; 62
     b12:	df 91       	pop	r29
     b14:	cf 91       	pop	r28
     b16:	08 95       	ret

00000b18 <TWIMReadHandler>:

void TWIMReadHandler() {
     b18:	cf 93       	push	r28
     b1a:	df 93       	push	r29
     b1c:	1f 92       	push	r1
     b1e:	1f 92       	push	r1
     b20:	cd b7       	in	r28, 0x3d	; 61
     b22:	de b7       	in	r29, 0x3e	; 62
	if (Twim_bytesRead < TWIM_READ_BUFFER_SIZE) {
     b24:	80 91 54 20 	lds	r24, 0x2054	; 0x802054 <Twim_bytesRead>
     b28:	80 32       	cpi	r24, 0x20	; 32
     b2a:	c0 f4       	brcc	.+48     	; 0xb5c <TWIMReadHandler+0x44>
		uint8_t data = TWIM_BUS.MASTER.DATA;
     b2c:	80 ea       	ldi	r24, 0xA0	; 160
     b2e:	94 e0       	ldi	r25, 0x04	; 4
     b30:	fc 01       	movw	r30, r24
     b32:	87 81       	ldd	r24, Z+7	; 0x07
     b34:	89 83       	std	Y+1, r24	; 0x01
		Twim_readData[Twim_bytesRead] = data;
     b36:	20 91 4f 20 	lds	r18, 0x204F	; 0x80204f <Twim_readData>
     b3a:	30 91 50 20 	lds	r19, 0x2050	; 0x802050 <Twim_readData+0x1>
     b3e:	80 91 54 20 	lds	r24, 0x2054	; 0x802054 <Twim_bytesRead>
     b42:	88 2f       	mov	r24, r24
     b44:	90 e0       	ldi	r25, 0x00	; 0
     b46:	82 0f       	add	r24, r18
     b48:	93 1f       	adc	r25, r19
     b4a:	29 81       	ldd	r18, Y+1	; 0x01
     b4c:	fc 01       	movw	r30, r24
     b4e:	20 83       	st	Z, r18
		Twim_bytesRead++;
     b50:	80 91 54 20 	lds	r24, 0x2054	; 0x802054 <Twim_bytesRead>
     b54:	8f 5f       	subi	r24, 0xFF	; 255
     b56:	80 93 54 20 	sts	0x2054, r24	; 0x802054 <Twim_bytesRead>
     b5a:	08 c0       	rjmp	.+16     	; 0xb6c <TWIMReadHandler+0x54>
	}

	else {
		TWIM_BUS.MASTER.CTRLC = TWI_MASTER_CMD_STOP_gc;
     b5c:	80 ea       	ldi	r24, 0xA0	; 160
     b5e:	94 e0       	ldi	r25, 0x04	; 4
     b60:	23 e0       	ldi	r18, 0x03	; 3
     b62:	fc 01       	movw	r30, r24
     b64:	23 83       	std	Z+3, r18	; 0x03
		TWIMTransactionFinished(TWIM_RESULT_BUFFER_OVERFLOW);
     b66:	82 e0       	ldi	r24, 0x02	; 2
     b68:	0e 94 d2 05 	call	0xba4	; 0xba4 <TWIMTransactionFinished>
	}

	uint8_t bytesToRead = Twim_bytesToRead;
     b6c:	80 91 52 20 	lds	r24, 0x2052	; 0x802052 <Twim_bytesToRead>
     b70:	8a 83       	std	Y+2, r24	; 0x02

	if (Twim_bytesRead < bytesToRead) {
     b72:	90 91 54 20 	lds	r25, 0x2054	; 0x802054 <Twim_bytesRead>
     b76:	8a 81       	ldd	r24, Y+2	; 0x02
     b78:	98 17       	cp	r25, r24
     b7a:	30 f4       	brcc	.+12     	; 0xb88 <TWIMReadHandler+0x70>
		TWIM_BUS.MASTER.CTRLC = TWI_MASTER_CMD_RECVTRANS_gc;
     b7c:	80 ea       	ldi	r24, 0xA0	; 160
     b7e:	94 e0       	ldi	r25, 0x04	; 4
     b80:	22 e0       	ldi	r18, 0x02	; 2
     b82:	fc 01       	movw	r30, r24
     b84:	23 83       	std	Z+3, r18	; 0x03

	else {
		TWIM_BUS.MASTER.CTRLC = TWI_MASTER_ACKACT_bm | TWI_MASTER_CMD_STOP_gc;
		TWIMTransactionFinished(TWIM_RESULT_OK);
	}
}
     b86:	08 c0       	rjmp	.+16     	; 0xb98 <TWIMReadHandler+0x80>
	if (Twim_bytesRead < bytesToRead) {
		TWIM_BUS.MASTER.CTRLC = TWI_MASTER_CMD_RECVTRANS_gc;
	}

	else {
		TWIM_BUS.MASTER.CTRLC = TWI_MASTER_ACKACT_bm | TWI_MASTER_CMD_STOP_gc;
     b88:	80 ea       	ldi	r24, 0xA0	; 160
     b8a:	94 e0       	ldi	r25, 0x04	; 4
     b8c:	27 e0       	ldi	r18, 0x07	; 7
     b8e:	fc 01       	movw	r30, r24
     b90:	23 83       	std	Z+3, r18	; 0x03
		TWIMTransactionFinished(TWIM_RESULT_OK);
     b92:	81 e0       	ldi	r24, 0x01	; 1
     b94:	0e 94 d2 05 	call	0xba4	; 0xba4 <TWIMTransactionFinished>
	}
}
     b98:	00 00       	nop
     b9a:	0f 90       	pop	r0
     b9c:	0f 90       	pop	r0
     b9e:	df 91       	pop	r29
     ba0:	cf 91       	pop	r28
     ba2:	08 95       	ret

00000ba4 <TWIMTransactionFinished>:

void TWIMTransactionFinished( uint8_t result) {
     ba4:	cf 93       	push	r28
     ba6:	df 93       	push	r29
     ba8:	1f 92       	push	r1
     baa:	cd b7       	in	r28, 0x3d	; 61
     bac:	de b7       	in	r29, 0x3e	; 62
     bae:	89 83       	std	Y+1, r24	; 0x01
	Twim_result = result;
     bb0:	89 81       	ldd	r24, Y+1	; 0x01
     bb2:	80 93 56 20 	sts	0x2056, r24	; 0x802056 <Twim_result>
	Twim_status = TWIM_STATUS_READY;
     bb6:	10 92 55 20 	sts	0x2055, r1	; 0x802055 <Twim_status>
}
     bba:	00 00       	nop
     bbc:	0f 90       	pop	r0
     bbe:	df 91       	pop	r29
     bc0:	cf 91       	pop	r28
     bc2:	08 95       	ret

00000bc4 <__vector_46>:

ISR (TWIM_BUS_vect) {
     bc4:	1f 92       	push	r1
     bc6:	0f 92       	push	r0
     bc8:	00 90 3f 00 	lds	r0, 0x003F	; 0x80003f <__TEXT_REGION_LENGTH__+0x70003f>
     bcc:	0f 92       	push	r0
     bce:	11 24       	eor	r1, r1
     bd0:	00 90 3b 00 	lds	r0, 0x003B	; 0x80003b <__TEXT_REGION_LENGTH__+0x70003b>
     bd4:	0f 92       	push	r0
     bd6:	2f 93       	push	r18
     bd8:	3f 93       	push	r19
     bda:	4f 93       	push	r20
     bdc:	5f 93       	push	r21
     bde:	6f 93       	push	r22
     be0:	7f 93       	push	r23
     be2:	8f 93       	push	r24
     be4:	9f 93       	push	r25
     be6:	af 93       	push	r26
     be8:	bf 93       	push	r27
     bea:	ef 93       	push	r30
     bec:	ff 93       	push	r31
     bee:	cf 93       	push	r28
     bf0:	df 93       	push	r29
     bf2:	1f 92       	push	r1
     bf4:	cd b7       	in	r28, 0x3d	; 61
     bf6:	de b7       	in	r29, 0x3e	; 62
	uint8_t currentStatus = TWIM_BUS.MASTER.STATUS;
     bf8:	80 ea       	ldi	r24, 0xA0	; 160
     bfa:	94 e0       	ldi	r25, 0x04	; 4
     bfc:	fc 01       	movw	r30, r24
     bfe:	84 81       	ldd	r24, Z+4	; 0x04
     c00:	89 83       	std	Y+1, r24	; 0x01

	if ((currentStatus & TWI_MASTER_ARBLOST_bm) || (currentStatus & TWI_MASTER_BUSERR_bm)) {
     c02:	89 81       	ldd	r24, Y+1	; 0x01
     c04:	88 2f       	mov	r24, r24
     c06:	90 e0       	ldi	r25, 0x00	; 0
     c08:	88 70       	andi	r24, 0x08	; 8
     c0a:	99 27       	eor	r25, r25
     c0c:	89 2b       	or	r24, r25
     c0e:	39 f4       	brne	.+14     	; 0xc1e <__vector_46+0x5a>
     c10:	89 81       	ldd	r24, Y+1	; 0x01
     c12:	88 2f       	mov	r24, r24
     c14:	90 e0       	ldi	r25, 0x00	; 0
     c16:	84 70       	andi	r24, 0x04	; 4
     c18:	99 27       	eor	r25, r25
     c1a:	89 2b       	or	r24, r25
     c1c:	19 f0       	breq	.+6      	; 0xc24 <__vector_46+0x60>
		TWIMArbitrationLostBusErrorHandler();
     c1e:	0e 94 0b 05 	call	0xa16	; 0xa16 <TWIMArbitrationLostBusErrorHandler>
     c22:	13 c0       	rjmp	.+38     	; 0xc4a <__vector_46+0x86>
	}

	else if (currentStatus & TWI_MASTER_WIF_bm) {
     c24:	89 81       	ldd	r24, Y+1	; 0x01
     c26:	88 2f       	mov	r24, r24
     c28:	90 e0       	ldi	r25, 0x00	; 0
     c2a:	80 74       	andi	r24, 0x40	; 64
     c2c:	99 27       	eor	r25, r25
     c2e:	89 2b       	or	r24, r25
     c30:	19 f0       	breq	.+6      	; 0xc38 <__vector_46+0x74>
		TWIMWriteHandler();
     c32:	0e 94 30 05 	call	0xa60	; 0xa60 <TWIMWriteHandler>
     c36:	09 c0       	rjmp	.+18     	; 0xc4a <__vector_46+0x86>
	}

	else if (currentStatus & TWI_MASTER_RIF_bm) {
     c38:	89 81       	ldd	r24, Y+1	; 0x01
     c3a:	88 23       	and	r24, r24
     c3c:	1c f4       	brge	.+6      	; 0xc44 <__vector_46+0x80>
		TWIMReadHandler();
     c3e:	0e 94 8c 05 	call	0xb18	; 0xb18 <TWIMReadHandler>
     c42:	03 c0       	rjmp	.+6      	; 0xc4a <__vector_46+0x86>
	}

	else {
		TWIMTransactionFinished(TWIM_RESULT_FAIL);
     c44:	86 e0       	ldi	r24, 0x06	; 6
     c46:	0e 94 d2 05 	call	0xba4	; 0xba4 <TWIMTransactionFinished>
	}
	
	if (Twim_status == TWIM_STATUS_READY) { //Transaction finished
     c4a:	80 91 55 20 	lds	r24, 0x2055	; 0x802055 <Twim_status>
	}
     c4e:	00 00       	nop
     c50:	0f 90       	pop	r0
     c52:	df 91       	pop	r29
     c54:	cf 91       	pop	r28
     c56:	ff 91       	pop	r31
     c58:	ef 91       	pop	r30
     c5a:	bf 91       	pop	r27
     c5c:	af 91       	pop	r26
     c5e:	9f 91       	pop	r25
     c60:	8f 91       	pop	r24
     c62:	7f 91       	pop	r23
     c64:	6f 91       	pop	r22
     c66:	5f 91       	pop	r21
     c68:	4f 91       	pop	r20
     c6a:	3f 91       	pop	r19
     c6c:	2f 91       	pop	r18
     c6e:	0f 90       	pop	r0
     c70:	00 92 3b 00 	sts	0x003B, r0	; 0x80003b <__TEXT_REGION_LENGTH__+0x70003b>
     c74:	0f 90       	pop	r0
     c76:	00 92 3f 00 	sts	0x003F, r0	; 0x80003f <__TEXT_REGION_LENGTH__+0x70003f>
     c7a:	0f 90       	pop	r0
     c7c:	1f 90       	pop	r1
     c7e:	18 95       	reti

00000c80 <DriverUSARTInit>:
	float rel_error;
} baud_result; // Result of baud search: register values + absolute/relative error.

baud_result calculate_baud(uint32_t baud);

void DriverUSARTInit(void) {
     c80:	cf 93       	push	r28
     c82:	df 93       	push	r29
     c84:	cd b7       	in	r28, 0x3d	; 61
     c86:	de b7       	in	r29, 0x3e	; 62
     c88:	2b 97       	sbiw	r28, 0x0b	; 11
     c8a:	cd bf       	out	0x3d, r28	; 61
     c8c:	de bf       	out	0x3e, r29	; 62
    USART_PORT.DIRSET = 0x08; // TX pin as output.
     c8e:	80 e8       	ldi	r24, 0x80	; 128
     c90:	96 e0       	ldi	r25, 0x06	; 6
     c92:	28 e0       	ldi	r18, 0x08	; 8
     c94:	fc 01       	movw	r30, r24
     c96:	21 83       	std	Z+1, r18	; 0x01
    USART_PORT.DIRCLR = 0x04; // RX pin as input.
     c98:	80 e8       	ldi	r24, 0x80	; 128
     c9a:	96 e0       	ldi	r25, 0x06	; 6
     c9c:	24 e0       	ldi	r18, 0x04	; 4
     c9e:	fc 01       	movw	r30, r24
     ca0:	22 83       	std	Z+2, r18	; 0x02

    USART.CTRLA = 0x00; // No USART interrupts.
     ca2:	80 ea       	ldi	r24, 0xA0	; 160
     ca4:	9a e0       	ldi	r25, 0x0A	; 10
     ca6:	fc 01       	movw	r30, r24
     ca8:	13 82       	std	Z+3, r1	; 0x03
    USART.CTRLB = 0x18; // Enable TX and RX.
     caa:	80 ea       	ldi	r24, 0xA0	; 160
     cac:	9a e0       	ldi	r25, 0x0A	; 10
     cae:	28 e1       	ldi	r18, 0x18	; 24
     cb0:	fc 01       	movw	r30, r24
     cb2:	24 83       	std	Z+4, r18	; 0x04
    USART.CTRLC = 0x03; // Asynchronous mode, 8 data bits, no parity, 1 stop bit.
     cb4:	80 ea       	ldi	r24, 0xA0	; 160
     cb6:	9a e0       	ldi	r25, 0x0A	; 10
     cb8:	23 e0       	ldi	r18, 0x03	; 3
     cba:	fc 01       	movw	r30, r24
     cbc:	25 83       	std	Z+5, r18	; 0x05

    // Compute best BSCALE/BSEL for target baud rate.
	baud_result result = calculate_baud(115200);
     cbe:	40 e0       	ldi	r20, 0x00	; 0
     cc0:	52 ec       	ldi	r21, 0xC2	; 194
     cc2:	61 e0       	ldi	r22, 0x01	; 1
     cc4:	70 e0       	ldi	r23, 0x00	; 0
     cc6:	ce 01       	movw	r24, r28
     cc8:	01 96       	adiw	r24, 0x01	; 1
     cca:	0e 94 8e 06 	call	0xd1c	; 0xd1c <calculate_baud>

    // Program BAUD registers from computed values.
    USART.BAUDCTRLA = (uint8_t)(result.bsel & 0xFF); // BSEL low byte [7:0].
     cce:	80 ea       	ldi	r24, 0xA0	; 160
     cd0:	9a e0       	ldi	r25, 0x0A	; 10
     cd2:	2a 81       	ldd	r18, Y+2	; 0x02
     cd4:	3b 81       	ldd	r19, Y+3	; 0x03
     cd6:	fc 01       	movw	r30, r24
     cd8:	26 83       	std	Z+6, r18	; 0x06
    USART.BAUDCTRLB = ((result.bscale << 4) & 0xF0) | ((result.bsel >> 8) & 0x0F); // BSCALE in [7:4], BSEL[11:8] in [3:0].
     cda:	80 ea       	ldi	r24, 0xA0	; 160
     cdc:	9a e0       	ldi	r25, 0x0A	; 10
     cde:	29 81       	ldd	r18, Y+1	; 0x01
     ce0:	42 2f       	mov	r20, r18
     ce2:	42 95       	swap	r20
     ce4:	40 7f       	andi	r20, 0xF0	; 240
     ce6:	2a 81       	ldd	r18, Y+2	; 0x02
     ce8:	3b 81       	ldd	r19, Y+3	; 0x03
     cea:	23 2f       	mov	r18, r19
     cec:	33 27       	eor	r19, r19
     cee:	2f 70       	andi	r18, 0x0F	; 15
     cf0:	24 2b       	or	r18, r20
     cf2:	fc 01       	movw	r30, r24
     cf4:	27 83       	std	Z+7, r18	; 0x07

    stdout = &UsartStdio; // Route printf/puts to USART.
     cf6:	80 e0       	ldi	r24, 0x00	; 0
     cf8:	90 e2       	ldi	r25, 0x20	; 32
     cfa:	80 93 7c 20 	sts	0x207C, r24	; 0x80207c <__iob+0x2>
     cfe:	90 93 7d 20 	sts	0x207D, r25	; 0x80207d <__iob+0x3>
    stdin = &UsartStdio;   // Route scanf/getchar to USART.
     d02:	80 e0       	ldi	r24, 0x00	; 0
     d04:	90 e2       	ldi	r25, 0x20	; 32
     d06:	80 93 7a 20 	sts	0x207A, r24	; 0x80207a <__iob>
     d0a:	90 93 7b 20 	sts	0x207B, r25	; 0x80207b <__iob+0x1>
}
     d0e:	00 00       	nop
     d10:	2b 96       	adiw	r28, 0x0b	; 11
     d12:	cd bf       	out	0x3d, r28	; 61
     d14:	de bf       	out	0x3e, r29	; 62
     d16:	df 91       	pop	r29
     d18:	cf 91       	pop	r28
     d1a:	08 95       	ret

00000d1c <calculate_baud>:
// Sweep all BSCALE values (-7..+7) and pick BSEL that minimizes absolute baud error.
// Formulas used:
// - BSCALE >= 0: f_baud = f_cpu / (16 * 2^bscale * (BSEL + 1))
// - BSCALE <  0: f_baud = f_cpu / (16 * (2^bscale * BSEL + 1))
// Input: target baud rate in bits/s.
baud_result calculate_baud(uint32_t baud) {
     d1c:	cf 92       	push	r12
     d1e:	df 92       	push	r13
     d20:	ef 92       	push	r14
     d22:	ff 92       	push	r15
     d24:	cf 93       	push	r28
     d26:	df 93       	push	r29
     d28:	cd b7       	in	r28, 0x3d	; 61
     d2a:	de b7       	in	r29, 0x3e	; 62
     d2c:	e0 97       	sbiw	r28, 0x30	; 48
     d2e:	cd bf       	out	0x3d, r28	; 61
     d30:	de bf       	out	0x3e, r29	; 62
     d32:	8b a7       	std	Y+43, r24	; 0x2b
     d34:	9c a7       	std	Y+44, r25	; 0x2c
     d36:	4d a7       	std	Y+45, r20	; 0x2d
     d38:	5e a7       	std	Y+46, r21	; 0x2e
     d3a:	6f a7       	std	Y+47, r22	; 0x2f
     d3c:	78 ab       	std	Y+48, r23	; 0x30
    baud_result best;
    best.rel_error = 1e9;
     d3e:	88 e2       	ldi	r24, 0x28	; 40
     d40:	9b e6       	ldi	r25, 0x6B	; 107
     d42:	ae e6       	ldi	r26, 0x6E	; 110
     d44:	be e4       	ldi	r27, 0x4E	; 78
     d46:	8f a3       	std	Y+39, r24	; 0x27
     d48:	98 a7       	std	Y+40, r25	; 0x28
     d4a:	a9 a7       	std	Y+41, r26	; 0x29
     d4c:	ba a7       	std	Y+42, r27	; 0x2a
    float best_error = 1e9;
     d4e:	88 e2       	ldi	r24, 0x28	; 40
     d50:	9b e6       	ldi	r25, 0x6B	; 107
     d52:	ae e6       	ldi	r26, 0x6E	; 110
     d54:	be e4       	ldi	r27, 0x4E	; 78
     d56:	89 83       	std	Y+1, r24	; 0x01
     d58:	9a 83       	std	Y+2, r25	; 0x02
     d5a:	ab 83       	std	Y+3, r26	; 0x03
     d5c:	bc 83       	std	Y+4, r27	; 0x04

    for (int8_t bscale = -7; bscale <= 7; bscale++) {
     d5e:	89 ef       	ldi	r24, 0xF9	; 249
     d60:	8d 83       	std	Y+5, r24	; 0x05
     d62:	a8 c1       	rjmp	.+848    	; 0x10b4 <calculate_baud+0x398>
        float factor = pow(2.0, bscale);
     d64:	8d 81       	ldd	r24, Y+5	; 0x05
     d66:	08 2e       	mov	r0, r24
     d68:	00 0c       	add	r0, r0
     d6a:	99 0b       	sbc	r25, r25
     d6c:	aa 0b       	sbc	r26, r26
     d6e:	bb 0b       	sbc	r27, r27
     d70:	bc 01       	movw	r22, r24
     d72:	cd 01       	movw	r24, r26
     d74:	0e 94 b3 0a 	call	0x1566	; 0x1566 <__floatsisf>
     d78:	dc 01       	movw	r26, r24
     d7a:	cb 01       	movw	r24, r22
     d7c:	9c 01       	movw	r18, r24
     d7e:	ad 01       	movw	r20, r26
     d80:	60 e0       	ldi	r22, 0x00	; 0
     d82:	70 e0       	ldi	r23, 0x00	; 0
     d84:	80 e0       	ldi	r24, 0x00	; 0
     d86:	90 e4       	ldi	r25, 0x40	; 64
     d88:	0e 94 d5 0b 	call	0x17aa	; 0x17aa <pow>
     d8c:	dc 01       	movw	r26, r24
     d8e:	cb 01       	movw	r24, r22
     d90:	8c 87       	std	Y+12, r24	; 0x0c
     d92:	9d 87       	std	Y+13, r25	; 0x0d
     d94:	ae 87       	std	Y+14, r26	; 0x0e
     d96:	bf 87       	std	Y+15, r27	; 0x0f
        uint16_t bsel;
        float real_baud;

        if (bscale >= 0) {
     d98:	8d 81       	ldd	r24, Y+5	; 0x05
     d9a:	88 23       	and	r24, r24
     d9c:	0c f4       	brge	.+2      	; 0xda0 <calculate_baud+0x84>
     d9e:	94 c0       	rjmp	.+296    	; 0xec8 <calculate_baud+0x1ac>
            float bsel_f = ((float)CPU_SPEED / (16.0 * factor * baud)) - 1.0;
     da0:	20 e0       	ldi	r18, 0x00	; 0
     da2:	30 e0       	ldi	r19, 0x00	; 0
     da4:	40 e8       	ldi	r20, 0x80	; 128
     da6:	51 e4       	ldi	r21, 0x41	; 65
     da8:	6c 85       	ldd	r22, Y+12	; 0x0c
     daa:	7d 85       	ldd	r23, Y+13	; 0x0d
     dac:	8e 85       	ldd	r24, Y+14	; 0x0e
     dae:	9f 85       	ldd	r25, Y+15	; 0x0f
     db0:	0e 94 68 0b 	call	0x16d0	; 0x16d0 <__mulsf3>
     db4:	dc 01       	movw	r26, r24
     db6:	cb 01       	movw	r24, r22
     db8:	6c 01       	movw	r12, r24
     dba:	7d 01       	movw	r14, r26
     dbc:	6d a5       	ldd	r22, Y+45	; 0x2d
     dbe:	7e a5       	ldd	r23, Y+46	; 0x2e
     dc0:	8f a5       	ldd	r24, Y+47	; 0x2f
     dc2:	98 a9       	ldd	r25, Y+48	; 0x30
     dc4:	0e 94 b1 0a 	call	0x1562	; 0x1562 <__floatunsisf>
     dc8:	dc 01       	movw	r26, r24
     dca:	cb 01       	movw	r24, r22
     dcc:	9c 01       	movw	r18, r24
     dce:	ad 01       	movw	r20, r26
     dd0:	c7 01       	movw	r24, r14
     dd2:	b6 01       	movw	r22, r12
     dd4:	0e 94 68 0b 	call	0x16d0	; 0x16d0 <__mulsf3>
     dd8:	dc 01       	movw	r26, r24
     dda:	cb 01       	movw	r24, r22
     ddc:	9c 01       	movw	r18, r24
     dde:	ad 01       	movw	r20, r26
     de0:	60 e0       	ldi	r22, 0x00	; 0
     de2:	74 e2       	ldi	r23, 0x24	; 36
     de4:	84 ef       	ldi	r24, 0xF4	; 244
     de6:	9b e4       	ldi	r25, 0x4B	; 75
     de8:	0e 94 10 0a 	call	0x1420	; 0x1420 <__divsf3>
     dec:	dc 01       	movw	r26, r24
     dee:	cb 01       	movw	r24, r22
     df0:	20 e0       	ldi	r18, 0x00	; 0
     df2:	30 e0       	ldi	r19, 0x00	; 0
     df4:	40 e8       	ldi	r20, 0x80	; 128
     df6:	5f e3       	ldi	r21, 0x3F	; 63
     df8:	bc 01       	movw	r22, r24
     dfa:	cd 01       	movw	r24, r26
     dfc:	0e 94 9e 09 	call	0x133c	; 0x133c <__subsf3>
     e00:	dc 01       	movw	r26, r24
     e02:	cb 01       	movw	r24, r22
     e04:	88 8b       	std	Y+16, r24	; 0x10
     e06:	99 8b       	std	Y+17, r25	; 0x11
     e08:	aa 8b       	std	Y+18, r26	; 0x12
     e0a:	bb 8b       	std	Y+19, r27	; 0x13
            if (bsel_f < 0 || bsel_f > 4095) continue;
     e0c:	20 e0       	ldi	r18, 0x00	; 0
     e0e:	30 e0       	ldi	r19, 0x00	; 0
     e10:	a9 01       	movw	r20, r18
     e12:	68 89       	ldd	r22, Y+16	; 0x10
     e14:	79 89       	ldd	r23, Y+17	; 0x11
     e16:	8a 89       	ldd	r24, Y+18	; 0x12
     e18:	9b 89       	ldd	r25, Y+19	; 0x13
     e1a:	0e 94 0b 0a 	call	0x1416	; 0x1416 <__cmpsf2>
     e1e:	88 23       	and	r24, r24
     e20:	0c f4       	brge	.+2      	; 0xe24 <calculate_baud+0x108>
     e22:	42 c1       	rjmp	.+644    	; 0x10a8 <calculate_baud+0x38c>
     e24:	20 e0       	ldi	r18, 0x00	; 0
     e26:	30 ef       	ldi	r19, 0xF0	; 240
     e28:	4f e7       	ldi	r20, 0x7F	; 127
     e2a:	55 e4       	ldi	r21, 0x45	; 69
     e2c:	68 89       	ldd	r22, Y+16	; 0x10
     e2e:	79 89       	ldd	r23, Y+17	; 0x11
     e30:	8a 89       	ldd	r24, Y+18	; 0x12
     e32:	9b 89       	ldd	r25, Y+19	; 0x13
     e34:	0e 94 63 0b 	call	0x16c6	; 0x16c6 <__gesf2>
     e38:	18 16       	cp	r1, r24
     e3a:	0c f4       	brge	.+2      	; 0xe3e <calculate_baud+0x122>
     e3c:	35 c1       	rjmp	.+618    	; 0x10a8 <calculate_baud+0x38c>
            bsel = (uint16_t)(bsel_f + 0.5);
     e3e:	20 e0       	ldi	r18, 0x00	; 0
     e40:	30 e0       	ldi	r19, 0x00	; 0
     e42:	40 e0       	ldi	r20, 0x00	; 0
     e44:	5f e3       	ldi	r21, 0x3F	; 63
     e46:	68 89       	ldd	r22, Y+16	; 0x10
     e48:	79 89       	ldd	r23, Y+17	; 0x11
     e4a:	8a 89       	ldd	r24, Y+18	; 0x12
     e4c:	9b 89       	ldd	r25, Y+19	; 0x13
     e4e:	0e 94 9f 09 	call	0x133e	; 0x133e <__addsf3>
     e52:	dc 01       	movw	r26, r24
     e54:	cb 01       	movw	r24, r22
     e56:	bc 01       	movw	r22, r24
     e58:	cd 01       	movw	r24, r26
     e5a:	0e 94 82 0a 	call	0x1504	; 0x1504 <__fixunssfsi>
     e5e:	dc 01       	movw	r26, r24
     e60:	cb 01       	movw	r24, r22
     e62:	8e 83       	std	Y+6, r24	; 0x06
     e64:	9f 83       	std	Y+7, r25	; 0x07
            real_baud = (float)CPU_SPEED / (16.0 * factor * (bsel + 1));
     e66:	20 e0       	ldi	r18, 0x00	; 0
     e68:	30 e0       	ldi	r19, 0x00	; 0
     e6a:	40 e8       	ldi	r20, 0x80	; 128
     e6c:	51 e4       	ldi	r21, 0x41	; 65
     e6e:	6c 85       	ldd	r22, Y+12	; 0x0c
     e70:	7d 85       	ldd	r23, Y+13	; 0x0d
     e72:	8e 85       	ldd	r24, Y+14	; 0x0e
     e74:	9f 85       	ldd	r25, Y+15	; 0x0f
     e76:	0e 94 68 0b 	call	0x16d0	; 0x16d0 <__mulsf3>
     e7a:	dc 01       	movw	r26, r24
     e7c:	cb 01       	movw	r24, r22
     e7e:	6c 01       	movw	r12, r24
     e80:	7d 01       	movw	r14, r26
     e82:	8e 81       	ldd	r24, Y+6	; 0x06
     e84:	9f 81       	ldd	r25, Y+7	; 0x07
     e86:	01 96       	adiw	r24, 0x01	; 1
     e88:	cc 01       	movw	r24, r24
     e8a:	a0 e0       	ldi	r26, 0x00	; 0
     e8c:	b0 e0       	ldi	r27, 0x00	; 0
     e8e:	bc 01       	movw	r22, r24
     e90:	cd 01       	movw	r24, r26
     e92:	0e 94 b1 0a 	call	0x1562	; 0x1562 <__floatunsisf>
     e96:	dc 01       	movw	r26, r24
     e98:	cb 01       	movw	r24, r22
     e9a:	9c 01       	movw	r18, r24
     e9c:	ad 01       	movw	r20, r26
     e9e:	c7 01       	movw	r24, r14
     ea0:	b6 01       	movw	r22, r12
     ea2:	0e 94 68 0b 	call	0x16d0	; 0x16d0 <__mulsf3>
     ea6:	dc 01       	movw	r26, r24
     ea8:	cb 01       	movw	r24, r22
     eaa:	9c 01       	movw	r18, r24
     eac:	ad 01       	movw	r20, r26
     eae:	60 e0       	ldi	r22, 0x00	; 0
     eb0:	74 e2       	ldi	r23, 0x24	; 36
     eb2:	84 ef       	ldi	r24, 0xF4	; 244
     eb4:	9b e4       	ldi	r25, 0x4B	; 75
     eb6:	0e 94 10 0a 	call	0x1420	; 0x1420 <__divsf3>
     eba:	dc 01       	movw	r26, r24
     ebc:	cb 01       	movw	r24, r22
     ebe:	88 87       	std	Y+8, r24	; 0x08
     ec0:	99 87       	std	Y+9, r25	; 0x09
     ec2:	aa 87       	std	Y+10, r26	; 0x0a
     ec4:	bb 87       	std	Y+11, r27	; 0x0b
     ec6:	98 c0       	rjmp	.+304    	; 0xff8 <calculate_baud+0x2dc>
        } else {
            float bsel_f = ((float)CPU_SPEED / (16.0 * baud) - 1.0) / factor;
     ec8:	6d a5       	ldd	r22, Y+45	; 0x2d
     eca:	7e a5       	ldd	r23, Y+46	; 0x2e
     ecc:	8f a5       	ldd	r24, Y+47	; 0x2f
     ece:	98 a9       	ldd	r25, Y+48	; 0x30
     ed0:	0e 94 b1 0a 	call	0x1562	; 0x1562 <__floatunsisf>
     ed4:	dc 01       	movw	r26, r24
     ed6:	cb 01       	movw	r24, r22
     ed8:	20 e0       	ldi	r18, 0x00	; 0
     eda:	30 e0       	ldi	r19, 0x00	; 0
     edc:	40 e8       	ldi	r20, 0x80	; 128
     ede:	51 e4       	ldi	r21, 0x41	; 65
     ee0:	bc 01       	movw	r22, r24
     ee2:	cd 01       	movw	r24, r26
     ee4:	0e 94 68 0b 	call	0x16d0	; 0x16d0 <__mulsf3>
     ee8:	dc 01       	movw	r26, r24
     eea:	cb 01       	movw	r24, r22
     eec:	9c 01       	movw	r18, r24
     eee:	ad 01       	movw	r20, r26
     ef0:	60 e0       	ldi	r22, 0x00	; 0
     ef2:	74 e2       	ldi	r23, 0x24	; 36
     ef4:	84 ef       	ldi	r24, 0xF4	; 244
     ef6:	9b e4       	ldi	r25, 0x4B	; 75
     ef8:	0e 94 10 0a 	call	0x1420	; 0x1420 <__divsf3>
     efc:	dc 01       	movw	r26, r24
     efe:	cb 01       	movw	r24, r22
     f00:	20 e0       	ldi	r18, 0x00	; 0
     f02:	30 e0       	ldi	r19, 0x00	; 0
     f04:	40 e8       	ldi	r20, 0x80	; 128
     f06:	5f e3       	ldi	r21, 0x3F	; 63
     f08:	bc 01       	movw	r22, r24
     f0a:	cd 01       	movw	r24, r26
     f0c:	0e 94 9e 09 	call	0x133c	; 0x133c <__subsf3>
     f10:	dc 01       	movw	r26, r24
     f12:	cb 01       	movw	r24, r22
     f14:	2c 85       	ldd	r18, Y+12	; 0x0c
     f16:	3d 85       	ldd	r19, Y+13	; 0x0d
     f18:	4e 85       	ldd	r20, Y+14	; 0x0e
     f1a:	5f 85       	ldd	r21, Y+15	; 0x0f
     f1c:	bc 01       	movw	r22, r24
     f1e:	cd 01       	movw	r24, r26
     f20:	0e 94 10 0a 	call	0x1420	; 0x1420 <__divsf3>
     f24:	dc 01       	movw	r26, r24
     f26:	cb 01       	movw	r24, r22
     f28:	8c 8b       	std	Y+20, r24	; 0x14
     f2a:	9d 8b       	std	Y+21, r25	; 0x15
     f2c:	ae 8b       	std	Y+22, r26	; 0x16
     f2e:	bf 8b       	std	Y+23, r27	; 0x17
            if (bsel_f < 0 || bsel_f > 4095) continue;
     f30:	20 e0       	ldi	r18, 0x00	; 0
     f32:	30 e0       	ldi	r19, 0x00	; 0
     f34:	a9 01       	movw	r20, r18
     f36:	6c 89       	ldd	r22, Y+20	; 0x14
     f38:	7d 89       	ldd	r23, Y+21	; 0x15
     f3a:	8e 89       	ldd	r24, Y+22	; 0x16
     f3c:	9f 89       	ldd	r25, Y+23	; 0x17
     f3e:	0e 94 0b 0a 	call	0x1416	; 0x1416 <__cmpsf2>
     f42:	88 23       	and	r24, r24
     f44:	0c f4       	brge	.+2      	; 0xf48 <calculate_baud+0x22c>
     f46:	b2 c0       	rjmp	.+356    	; 0x10ac <calculate_baud+0x390>
     f48:	20 e0       	ldi	r18, 0x00	; 0
     f4a:	30 ef       	ldi	r19, 0xF0	; 240
     f4c:	4f e7       	ldi	r20, 0x7F	; 127
     f4e:	55 e4       	ldi	r21, 0x45	; 69
     f50:	6c 89       	ldd	r22, Y+20	; 0x14
     f52:	7d 89       	ldd	r23, Y+21	; 0x15
     f54:	8e 89       	ldd	r24, Y+22	; 0x16
     f56:	9f 89       	ldd	r25, Y+23	; 0x17
     f58:	0e 94 63 0b 	call	0x16c6	; 0x16c6 <__gesf2>
     f5c:	18 16       	cp	r1, r24
     f5e:	0c f4       	brge	.+2      	; 0xf62 <calculate_baud+0x246>
     f60:	a5 c0       	rjmp	.+330    	; 0x10ac <calculate_baud+0x390>
            bsel = (uint16_t)(bsel_f + 0.5);
     f62:	20 e0       	ldi	r18, 0x00	; 0
     f64:	30 e0       	ldi	r19, 0x00	; 0
     f66:	40 e0       	ldi	r20, 0x00	; 0
     f68:	5f e3       	ldi	r21, 0x3F	; 63
     f6a:	6c 89       	ldd	r22, Y+20	; 0x14
     f6c:	7d 89       	ldd	r23, Y+21	; 0x15
     f6e:	8e 89       	ldd	r24, Y+22	; 0x16
     f70:	9f 89       	ldd	r25, Y+23	; 0x17
     f72:	0e 94 9f 09 	call	0x133e	; 0x133e <__addsf3>
     f76:	dc 01       	movw	r26, r24
     f78:	cb 01       	movw	r24, r22
     f7a:	bc 01       	movw	r22, r24
     f7c:	cd 01       	movw	r24, r26
     f7e:	0e 94 82 0a 	call	0x1504	; 0x1504 <__fixunssfsi>
     f82:	dc 01       	movw	r26, r24
     f84:	cb 01       	movw	r24, r22
     f86:	8e 83       	std	Y+6, r24	; 0x06
     f88:	9f 83       	std	Y+7, r25	; 0x07
            real_baud = (float)CPU_SPEED / (16.0 * (factor * bsel + 1.0));
     f8a:	8e 81       	ldd	r24, Y+6	; 0x06
     f8c:	9f 81       	ldd	r25, Y+7	; 0x07
     f8e:	cc 01       	movw	r24, r24
     f90:	a0 e0       	ldi	r26, 0x00	; 0
     f92:	b0 e0       	ldi	r27, 0x00	; 0
     f94:	bc 01       	movw	r22, r24
     f96:	cd 01       	movw	r24, r26
     f98:	0e 94 b1 0a 	call	0x1562	; 0x1562 <__floatunsisf>
     f9c:	dc 01       	movw	r26, r24
     f9e:	cb 01       	movw	r24, r22
     fa0:	2c 85       	ldd	r18, Y+12	; 0x0c
     fa2:	3d 85       	ldd	r19, Y+13	; 0x0d
     fa4:	4e 85       	ldd	r20, Y+14	; 0x0e
     fa6:	5f 85       	ldd	r21, Y+15	; 0x0f
     fa8:	bc 01       	movw	r22, r24
     faa:	cd 01       	movw	r24, r26
     fac:	0e 94 68 0b 	call	0x16d0	; 0x16d0 <__mulsf3>
     fb0:	dc 01       	movw	r26, r24
     fb2:	cb 01       	movw	r24, r22
     fb4:	20 e0       	ldi	r18, 0x00	; 0
     fb6:	30 e0       	ldi	r19, 0x00	; 0
     fb8:	40 e8       	ldi	r20, 0x80	; 128
     fba:	5f e3       	ldi	r21, 0x3F	; 63
     fbc:	bc 01       	movw	r22, r24
     fbe:	cd 01       	movw	r24, r26
     fc0:	0e 94 9f 09 	call	0x133e	; 0x133e <__addsf3>
     fc4:	dc 01       	movw	r26, r24
     fc6:	cb 01       	movw	r24, r22
     fc8:	20 e0       	ldi	r18, 0x00	; 0
     fca:	30 e0       	ldi	r19, 0x00	; 0
     fcc:	40 e8       	ldi	r20, 0x80	; 128
     fce:	51 e4       	ldi	r21, 0x41	; 65
     fd0:	bc 01       	movw	r22, r24
     fd2:	cd 01       	movw	r24, r26
     fd4:	0e 94 68 0b 	call	0x16d0	; 0x16d0 <__mulsf3>
     fd8:	dc 01       	movw	r26, r24
     fda:	cb 01       	movw	r24, r22
     fdc:	9c 01       	movw	r18, r24
     fde:	ad 01       	movw	r20, r26
     fe0:	60 e0       	ldi	r22, 0x00	; 0
     fe2:	74 e2       	ldi	r23, 0x24	; 36
     fe4:	84 ef       	ldi	r24, 0xF4	; 244
     fe6:	9b e4       	ldi	r25, 0x4B	; 75
     fe8:	0e 94 10 0a 	call	0x1420	; 0x1420 <__divsf3>
     fec:	dc 01       	movw	r26, r24
     fee:	cb 01       	movw	r24, r22
     ff0:	88 87       	std	Y+8, r24	; 0x08
     ff2:	99 87       	std	Y+9, r25	; 0x09
     ff4:	aa 87       	std	Y+10, r26	; 0x0a
     ff6:	bb 87       	std	Y+11, r27	; 0x0b
        }

        float abs_error = fabs(real_baud - baud);
     ff8:	6d a5       	ldd	r22, Y+45	; 0x2d
     ffa:	7e a5       	ldd	r23, Y+46	; 0x2e
     ffc:	8f a5       	ldd	r24, Y+47	; 0x2f
     ffe:	98 a9       	ldd	r25, Y+48	; 0x30
    1000:	0e 94 b1 0a 	call	0x1562	; 0x1562 <__floatunsisf>
    1004:	dc 01       	movw	r26, r24
    1006:	cb 01       	movw	r24, r22
    1008:	9c 01       	movw	r18, r24
    100a:	ad 01       	movw	r20, r26
    100c:	68 85       	ldd	r22, Y+8	; 0x08
    100e:	79 85       	ldd	r23, Y+9	; 0x09
    1010:	8a 85       	ldd	r24, Y+10	; 0x0a
    1012:	9b 85       	ldd	r25, Y+11	; 0x0b
    1014:	0e 94 9e 09 	call	0x133c	; 0x133c <__subsf3>
    1018:	dc 01       	movw	r26, r24
    101a:	cb 01       	movw	r24, r22
    101c:	bf 77       	andi	r27, 0x7F	; 127
    101e:	88 8f       	std	Y+24, r24	; 0x18
    1020:	99 8f       	std	Y+25, r25	; 0x19
    1022:	aa 8f       	std	Y+26, r26	; 0x1a
    1024:	bb 8f       	std	Y+27, r27	; 0x1b
        float rel_error = abs_error / baud;
    1026:	6d a5       	ldd	r22, Y+45	; 0x2d
    1028:	7e a5       	ldd	r23, Y+46	; 0x2e
    102a:	8f a5       	ldd	r24, Y+47	; 0x2f
    102c:	98 a9       	ldd	r25, Y+48	; 0x30
    102e:	0e 94 b1 0a 	call	0x1562	; 0x1562 <__floatunsisf>
    1032:	dc 01       	movw	r26, r24
    1034:	cb 01       	movw	r24, r22
    1036:	9c 01       	movw	r18, r24
    1038:	ad 01       	movw	r20, r26
    103a:	68 8d       	ldd	r22, Y+24	; 0x18
    103c:	79 8d       	ldd	r23, Y+25	; 0x19
    103e:	8a 8d       	ldd	r24, Y+26	; 0x1a
    1040:	9b 8d       	ldd	r25, Y+27	; 0x1b
    1042:	0e 94 10 0a 	call	0x1420	; 0x1420 <__divsf3>
    1046:	dc 01       	movw	r26, r24
    1048:	cb 01       	movw	r24, r22
    104a:	8c 8f       	std	Y+28, r24	; 0x1c
    104c:	9d 8f       	std	Y+29, r25	; 0x1d
    104e:	ae 8f       	std	Y+30, r26	; 0x1e
    1050:	bf 8f       	std	Y+31, r27	; 0x1f

        if (abs_error < best_error) {
    1052:	29 81       	ldd	r18, Y+1	; 0x01
    1054:	3a 81       	ldd	r19, Y+2	; 0x02
    1056:	4b 81       	ldd	r20, Y+3	; 0x03
    1058:	5c 81       	ldd	r21, Y+4	; 0x04
    105a:	68 8d       	ldd	r22, Y+24	; 0x18
    105c:	79 8d       	ldd	r23, Y+25	; 0x19
    105e:	8a 8d       	ldd	r24, Y+26	; 0x1a
    1060:	9b 8d       	ldd	r25, Y+27	; 0x1b
    1062:	0e 94 0b 0a 	call	0x1416	; 0x1416 <__cmpsf2>
    1066:	88 23       	and	r24, r24
    1068:	14 f5       	brge	.+68     	; 0x10ae <calculate_baud+0x392>
            best_error = abs_error;
    106a:	88 8d       	ldd	r24, Y+24	; 0x18
    106c:	99 8d       	ldd	r25, Y+25	; 0x19
    106e:	aa 8d       	ldd	r26, Y+26	; 0x1a
    1070:	bb 8d       	ldd	r27, Y+27	; 0x1b
    1072:	89 83       	std	Y+1, r24	; 0x01
    1074:	9a 83       	std	Y+2, r25	; 0x02
    1076:	ab 83       	std	Y+3, r26	; 0x03
    1078:	bc 83       	std	Y+4, r27	; 0x04
            best.bscale = bscale;
    107a:	8d 81       	ldd	r24, Y+5	; 0x05
    107c:	88 a3       	std	Y+32, r24	; 0x20
            best.bsel = bsel;
    107e:	8e 81       	ldd	r24, Y+6	; 0x06
    1080:	9f 81       	ldd	r25, Y+7	; 0x07
    1082:	89 a3       	std	Y+33, r24	; 0x21
    1084:	9a a3       	std	Y+34, r25	; 0x22
            best.abs_error = abs_error;
    1086:	88 8d       	ldd	r24, Y+24	; 0x18
    1088:	99 8d       	ldd	r25, Y+25	; 0x19
    108a:	aa 8d       	ldd	r26, Y+26	; 0x1a
    108c:	bb 8d       	ldd	r27, Y+27	; 0x1b
    108e:	8b a3       	std	Y+35, r24	; 0x23
    1090:	9c a3       	std	Y+36, r25	; 0x24
    1092:	ad a3       	std	Y+37, r26	; 0x25
    1094:	be a3       	std	Y+38, r27	; 0x26
            best.rel_error = rel_error;
    1096:	8c 8d       	ldd	r24, Y+28	; 0x1c
    1098:	9d 8d       	ldd	r25, Y+29	; 0x1d
    109a:	ae 8d       	ldd	r26, Y+30	; 0x1e
    109c:	bf 8d       	ldd	r27, Y+31	; 0x1f
    109e:	8f a3       	std	Y+39, r24	; 0x27
    10a0:	98 a7       	std	Y+40, r25	; 0x28
    10a2:	a9 a7       	std	Y+41, r26	; 0x29
    10a4:	ba a7       	std	Y+42, r27	; 0x2a
    10a6:	03 c0       	rjmp	.+6      	; 0x10ae <calculate_baud+0x392>
        uint16_t bsel;
        float real_baud;

        if (bscale >= 0) {
            float bsel_f = ((float)CPU_SPEED / (16.0 * factor * baud)) - 1.0;
            if (bsel_f < 0 || bsel_f > 4095) continue;
    10a8:	00 00       	nop
    10aa:	01 c0       	rjmp	.+2      	; 0x10ae <calculate_baud+0x392>
            bsel = (uint16_t)(bsel_f + 0.5);
            real_baud = (float)CPU_SPEED / (16.0 * factor * (bsel + 1));
        } else {
            float bsel_f = ((float)CPU_SPEED / (16.0 * baud) - 1.0) / factor;
            if (bsel_f < 0 || bsel_f > 4095) continue;
    10ac:	00 00       	nop
baud_result calculate_baud(uint32_t baud) {
    baud_result best;
    best.rel_error = 1e9;
    float best_error = 1e9;

    for (int8_t bscale = -7; bscale <= 7; bscale++) {
    10ae:	8d 81       	ldd	r24, Y+5	; 0x05
    10b0:	8f 5f       	subi	r24, 0xFF	; 255
    10b2:	8d 83       	std	Y+5, r24	; 0x05
    10b4:	8d 81       	ldd	r24, Y+5	; 0x05
    10b6:	88 30       	cpi	r24, 0x08	; 8
    10b8:	0c f4       	brge	.+2      	; 0x10bc <calculate_baud+0x3a0>
    10ba:	54 ce       	rjmp	.-856    	; 0xd64 <calculate_baud+0x48>
            best.bsel = bsel;
            best.abs_error = abs_error;
            best.rel_error = rel_error;
        }
    }
    return best;
    10bc:	8b a5       	ldd	r24, Y+43	; 0x2b
    10be:	9c a5       	ldd	r25, Y+44	; 0x2c
    10c0:	2b e0       	ldi	r18, 0x0B	; 11
    10c2:	fe 01       	movw	r30, r28
    10c4:	b0 96       	adiw	r30, 0x20	; 32
    10c6:	dc 01       	movw	r26, r24
    10c8:	01 90       	ld	r0, Z+
    10ca:	0d 92       	st	X+, r0
    10cc:	2a 95       	dec	r18
    10ce:	e1 f7       	brne	.-8      	; 0x10c8 <calculate_baud+0x3ac>
}
    10d0:	8b a5       	ldd	r24, Y+43	; 0x2b
    10d2:	9c a5       	ldd	r25, Y+44	; 0x2c
    10d4:	e0 96       	adiw	r28, 0x30	; 48
    10d6:	cd bf       	out	0x3d, r28	; 61
    10d8:	de bf       	out	0x3e, r29	; 62
    10da:	df 91       	pop	r29
    10dc:	cf 91       	pop	r28
    10de:	ff 90       	pop	r15
    10e0:	ef 90       	pop	r14
    10e2:	df 90       	pop	r13
    10e4:	cf 90       	pop	r12
    10e6:	08 95       	ret

000010e8 <stdio_putchar>:

static int stdio_putchar(char c, FILE * stream) {
    10e8:	cf 93       	push	r28
    10ea:	df 93       	push	r29
    10ec:	00 d0       	rcall	.+0      	; 0x10ee <stdio_putchar+0x6>
    10ee:	cd b7       	in	r28, 0x3d	; 61
    10f0:	de b7       	in	r29, 0x3e	; 62
    10f2:	89 83       	std	Y+1, r24	; 0x01
    10f4:	6a 83       	std	Y+2, r22	; 0x02
    10f6:	7b 83       	std	Y+3, r23	; 0x03
    (void)stream;
	USART.DATA = c;
    10f8:	80 ea       	ldi	r24, 0xA0	; 160
    10fa:	9a e0       	ldi	r25, 0x0A	; 10
    10fc:	29 81       	ldd	r18, Y+1	; 0x01
    10fe:	fc 01       	movw	r30, r24
    1100:	20 83       	st	Z, r18
    while (!(USART.STATUS & 0x40)); // Wait for TX complete flag.
    1102:	00 00       	nop
    1104:	80 ea       	ldi	r24, 0xA0	; 160
    1106:	9a e0       	ldi	r25, 0x0A	; 10
    1108:	fc 01       	movw	r30, r24
    110a:	81 81       	ldd	r24, Z+1	; 0x01
    110c:	88 2f       	mov	r24, r24
    110e:	90 e0       	ldi	r25, 0x00	; 0
    1110:	80 74       	andi	r24, 0x40	; 64
    1112:	99 27       	eor	r25, r25
    1114:	89 2b       	or	r24, r25
    1116:	b1 f3       	breq	.-20     	; 0x1104 <stdio_putchar+0x1c>
    USART.STATUS = 0x40;            // Clear TX complete flag.
    1118:	80 ea       	ldi	r24, 0xA0	; 160
    111a:	9a e0       	ldi	r25, 0x0A	; 10
    111c:	20 e4       	ldi	r18, 0x40	; 64
    111e:	fc 01       	movw	r30, r24
    1120:	21 83       	std	Z+1, r18	; 0x01
	return 0;
    1122:	80 e0       	ldi	r24, 0x00	; 0
    1124:	90 e0       	ldi	r25, 0x00	; 0
}
    1126:	23 96       	adiw	r28, 0x03	; 3
    1128:	cd bf       	out	0x3d, r28	; 61
    112a:	de bf       	out	0x3e, r29	; 62
    112c:	df 91       	pop	r29
    112e:	cf 91       	pop	r28
    1130:	08 95       	ret

00001132 <stdio_getchar>:
	
static int stdio_getchar(FILE *stream) {
    1132:	cf 93       	push	r28
    1134:	df 93       	push	r29
    1136:	1f 92       	push	r1
    1138:	1f 92       	push	r1
    113a:	cd b7       	in	r28, 0x3d	; 61
    113c:	de b7       	in	r29, 0x3e	; 62
    113e:	89 83       	std	Y+1, r24	; 0x01
    1140:	9a 83       	std	Y+2, r25	; 0x02
    (void)stream;
    while (!(USART.STATUS & 0x80)); // Wait for RX complete flag.
    1142:	00 00       	nop
    1144:	80 ea       	ldi	r24, 0xA0	; 160
    1146:	9a e0       	ldi	r25, 0x0A	; 10
    1148:	fc 01       	movw	r30, r24
    114a:	81 81       	ldd	r24, Z+1	; 0x01
    114c:	88 23       	and	r24, r24
    114e:	d4 f7       	brge	.-12     	; 0x1144 <stdio_getchar+0x12>
	return USART.DATA;
    1150:	80 ea       	ldi	r24, 0xA0	; 160
    1152:	9a e0       	ldi	r25, 0x0A	; 10
    1154:	fc 01       	movw	r30, r24
    1156:	80 81       	ld	r24, Z
    1158:	88 2f       	mov	r24, r24
    115a:	90 e0       	ldi	r25, 0x00	; 0
    115c:	0f 90       	pop	r0
    115e:	0f 90       	pop	r0
    1160:	df 91       	pop	r29
    1162:	cf 91       	pop	r28
    1164:	08 95       	ret

00001166 <Timer1Init>:
		led_position = led_position >> 1;
		if (led_position == 0) led_position = 0b1000;
	}
}

void Timer1Init(void) {
    1166:	cf 93       	push	r28
    1168:	df 93       	push	r29
    116a:	cd b7       	in	r28, 0x3d	; 61
    116c:	de b7       	in	r29, 0x3e	; 62
	TCC1.CTRLB   = TC_WGMODE_NORMAL_gc;       // Normal mode
    116e:	80 e4       	ldi	r24, 0x40	; 64
    1170:	98 e0       	ldi	r25, 0x08	; 8
    1172:	fc 01       	movw	r30, r24
    1174:	11 82       	std	Z+1, r1	; 0x01
	TCC1.PER     = 15624;                     // 500 ms bij 16 MHz, prescaler 1024
    1176:	80 e4       	ldi	r24, 0x40	; 64
    1178:	98 e0       	ldi	r25, 0x08	; 8
    117a:	28 e0       	ldi	r18, 0x08	; 8
    117c:	3d e3       	ldi	r19, 0x3D	; 61
    117e:	fc 01       	movw	r30, r24
    1180:	26 a3       	std	Z+38, r18	; 0x26
    1182:	37 a3       	std	Z+39, r19	; 0x27
	TCC1.INTCTRLA= TC_OVFINTLVL_LO_gc;        // Overflow interrupt, low level
    1184:	80 e4       	ldi	r24, 0x40	; 64
    1186:	98 e0       	ldi	r25, 0x08	; 8
    1188:	21 e0       	ldi	r18, 0x01	; 1
    118a:	fc 01       	movw	r30, r24
    118c:	26 83       	std	Z+6, r18	; 0x06
	TCC1.CTRLA   = TC_CLKSEL_DIV1024_gc;      // Prescaler 1024, start timer
    118e:	80 e4       	ldi	r24, 0x40	; 64
    1190:	98 e0       	ldi	r25, 0x08	; 8
    1192:	27 e0       	ldi	r18, 0x07	; 7
    1194:	fc 01       	movw	r30, r24
    1196:	20 83       	st	Z, r18
}
    1198:	00 00       	nop
    119a:	df 91       	pop	r29
    119c:	cf 91       	pop	r28
    119e:	08 95       	ret

000011a0 <main>:

int main(void) {
    11a0:	cf 93       	push	r28
    11a2:	df 93       	push	r29
    11a4:	cd b7       	in	r28, 0x3d	; 61
    11a6:	de b7       	in	r29, 0x3e	; 62
    11a8:	2f 97       	sbiw	r28, 0x0f	; 15
    11aa:	cd bf       	out	0x3d, r28	; 61
    11ac:	de bf       	out	0x3e, r29	; 62
	DriverSysClkXtalInit();	//Clock init
    11ae:	0e 94 cd 04 	call	0x99a	; 0x99a <DriverSysClkXtalInit>
	DriverUSARTInit();		//USART init and link to stdio
    11b2:	0e 94 40 06 	call	0xc80	; 0xc80 <DriverUSARTInit>
	DriverPowerInit();		//Initialize aux power driver
    11b6:	0e 94 a7 04 	call	0x94e	; 0x94e <DriverPowerInit>
	DriverPowerVccAuxSet(1);//Enable Auxillary power line
    11ba:	81 e0       	ldi	r24, 0x01	; 1
    11bc:	0e 94 b4 04 	call	0x968	; 0x968 <DriverPowerVccAuxSet>
	DriverTWIMInit();		//Initialize TWI in master mode
    11c0:	0e 94 e8 04 	call	0x9d0	; 0x9d0 <DriverTWIMInit>
	DriverCursorstickInit();//Initialize cursor stick
    11c4:	0e 94 ef 01 	call	0x3de	; 0x3de <DriverCursorstickInit>
	DriverLedInit();		//Initialize LED's
    11c8:	0e 94 15 02 	call	0x42a	; 0x42a <DriverLedInit>
	DriverAdcInit();		//Initialize ADC driver
    11cc:	0e 94 e7 01 	call	0x3ce	; 0x3ce <DriverAdcInit>
	DriverMotorInit();		//Initialize motor driver
    11d0:	0e 94 f1 03 	call	0x7e2	; 0x7e2 <DriverMotorInit>

	Timer1Init();
    11d4:	0e 94 b3 08 	call	0x1166	; 0x1166 <Timer1Init>
	PMIC.CTRL = 0b00000001;
    11d8:	80 ea       	ldi	r24, 0xA0	; 160
    11da:	90 e0       	ldi	r25, 0x00	; 0
    11dc:	21 e0       	ldi	r18, 0x01	; 1
    11de:	fc 01       	movw	r30, r24
    11e0:	22 83       	std	Z+2, r18	; 0x02
	sei(); // globale interrupts aanzetten
    11e2:	78 94       	sei

	char led = 0b1000;
    11e4:	88 e0       	ldi	r24, 0x08	; 8
    11e6:	89 83       	std	Y+1, r24	; 0x01

	while(1) {
		DriverLedWrite(led);
    11e8:	89 81       	ldd	r24, Y+1	; 0x01
    11ea:	0e 94 3b 02 	call	0x476	; 0x476 <DriverLedWrite>
    11ee:	80 e0       	ldi	r24, 0x00	; 0
    11f0:	90 e0       	ldi	r25, 0x00	; 0
    11f2:	aa ef       	ldi	r26, 0xFA	; 250
    11f4:	b3 e4       	ldi	r27, 0x43	; 67
    11f6:	8a 83       	std	Y+2, r24	; 0x02
    11f8:	9b 83       	std	Y+3, r25	; 0x03
    11fa:	ac 83       	std	Y+4, r26	; 0x04
    11fc:	bd 83       	std	Y+5, r27	; 0x05

	__builtin_avr_delay_cycles(__ticks_dc);

#else
	uint16_t __ticks;
	__tmp = ((F_CPU) / 4e3) * __ms;
    11fe:	20 e0       	ldi	r18, 0x00	; 0
    1200:	30 e0       	ldi	r19, 0x00	; 0
    1202:	4a ef       	ldi	r20, 0xFA	; 250
    1204:	55 e4       	ldi	r21, 0x45	; 69
    1206:	6a 81       	ldd	r22, Y+2	; 0x02
    1208:	7b 81       	ldd	r23, Y+3	; 0x03
    120a:	8c 81       	ldd	r24, Y+4	; 0x04
    120c:	9d 81       	ldd	r25, Y+5	; 0x05
    120e:	0e 94 68 0b 	call	0x16d0	; 0x16d0 <__mulsf3>
    1212:	dc 01       	movw	r26, r24
    1214:	cb 01       	movw	r24, r22
    1216:	8e 83       	std	Y+6, r24	; 0x06
    1218:	9f 83       	std	Y+7, r25	; 0x07
    121a:	a8 87       	std	Y+8, r26	; 0x08
    121c:	b9 87       	std	Y+9, r27	; 0x09
	if (__tmp < 1.0)
    121e:	20 e0       	ldi	r18, 0x00	; 0
    1220:	30 e0       	ldi	r19, 0x00	; 0
    1222:	40 e8       	ldi	r20, 0x80	; 128
    1224:	5f e3       	ldi	r21, 0x3F	; 63
    1226:	6e 81       	ldd	r22, Y+6	; 0x06
    1228:	7f 81       	ldd	r23, Y+7	; 0x07
    122a:	88 85       	ldd	r24, Y+8	; 0x08
    122c:	99 85       	ldd	r25, Y+9	; 0x09
    122e:	0e 94 0b 0a 	call	0x1416	; 0x1416 <__cmpsf2>
    1232:	88 23       	and	r24, r24
    1234:	2c f4       	brge	.+10     	; 0x1240 <main+0xa0>
		__ticks = 1;
    1236:	81 e0       	ldi	r24, 0x01	; 1
    1238:	90 e0       	ldi	r25, 0x00	; 0
    123a:	8a 87       	std	Y+10, r24	; 0x0a
    123c:	9b 87       	std	Y+11, r25	; 0x0b
    123e:	3f c0       	rjmp	.+126    	; 0x12be <main+0x11e>
	else if (__tmp > 65535)
    1240:	20 e0       	ldi	r18, 0x00	; 0
    1242:	3f ef       	ldi	r19, 0xFF	; 255
    1244:	4f e7       	ldi	r20, 0x7F	; 127
    1246:	57 e4       	ldi	r21, 0x47	; 71
    1248:	6e 81       	ldd	r22, Y+6	; 0x06
    124a:	7f 81       	ldd	r23, Y+7	; 0x07
    124c:	88 85       	ldd	r24, Y+8	; 0x08
    124e:	99 85       	ldd	r25, Y+9	; 0x09
    1250:	0e 94 63 0b 	call	0x16c6	; 0x16c6 <__gesf2>
    1254:	18 16       	cp	r1, r24
    1256:	4c f5       	brge	.+82     	; 0x12aa <main+0x10a>
	{
		//	__ticks = requested delay in 1/10 ms
		__ticks = (uint16_t) (__ms * 10.0);
    1258:	20 e0       	ldi	r18, 0x00	; 0
    125a:	30 e0       	ldi	r19, 0x00	; 0
    125c:	40 e2       	ldi	r20, 0x20	; 32
    125e:	51 e4       	ldi	r21, 0x41	; 65
    1260:	6a 81       	ldd	r22, Y+2	; 0x02
    1262:	7b 81       	ldd	r23, Y+3	; 0x03
    1264:	8c 81       	ldd	r24, Y+4	; 0x04
    1266:	9d 81       	ldd	r25, Y+5	; 0x05
    1268:	0e 94 68 0b 	call	0x16d0	; 0x16d0 <__mulsf3>
    126c:	dc 01       	movw	r26, r24
    126e:	cb 01       	movw	r24, r22
    1270:	bc 01       	movw	r22, r24
    1272:	cd 01       	movw	r24, r26
    1274:	0e 94 82 0a 	call	0x1504	; 0x1504 <__fixunssfsi>
    1278:	dc 01       	movw	r26, r24
    127a:	cb 01       	movw	r24, r22
    127c:	8a 87       	std	Y+10, r24	; 0x0a
    127e:	9b 87       	std	Y+11, r25	; 0x0b
    1280:	0f c0       	rjmp	.+30     	; 0x12a0 <main+0x100>
    1282:	80 e2       	ldi	r24, 0x20	; 32
    1284:	93 e0       	ldi	r25, 0x03	; 3
    1286:	8c 87       	std	Y+12, r24	; 0x0c
    1288:	9d 87       	std	Y+13, r25	; 0x0d
    milliseconds can be achieved.
 */
void
_delay_loop_2(uint16_t __count)
{
	__asm__ volatile (
    128a:	8c 85       	ldd	r24, Y+12	; 0x0c
    128c:	9d 85       	ldd	r25, Y+13	; 0x0d
    128e:	01 97       	sbiw	r24, 0x01	; 1
    1290:	f1 f7       	brne	.-4      	; 0x128e <main+0xee>
    1292:	8c 87       	std	Y+12, r24	; 0x0c
    1294:	9d 87       	std	Y+13, r25	; 0x0d
		while(__ticks)
		{
			// wait 1/10 ms
			_delay_loop_2(((F_CPU) / 4e3) / 10);
			__ticks --;
    1296:	8a 85       	ldd	r24, Y+10	; 0x0a
    1298:	9b 85       	ldd	r25, Y+11	; 0x0b
    129a:	01 97       	sbiw	r24, 0x01	; 1
    129c:	8a 87       	std	Y+10, r24	; 0x0a
    129e:	9b 87       	std	Y+11, r25	; 0x0b
		__ticks = 1;
	else if (__tmp > 65535)
	{
		//	__ticks = requested delay in 1/10 ms
		__ticks = (uint16_t) (__ms * 10.0);
		while(__ticks)
    12a0:	8a 85       	ldd	r24, Y+10	; 0x0a
    12a2:	9b 85       	ldd	r25, Y+11	; 0x0b
    12a4:	89 2b       	or	r24, r25
    12a6:	69 f7       	brne	.-38     	; 0x1282 <main+0xe2>
    12a8:	14 c0       	rjmp	.+40     	; 0x12d2 <main+0x132>
			__ticks --;
		}
		return;
	}
	else
		__ticks = (uint16_t)__tmp;
    12aa:	6e 81       	ldd	r22, Y+6	; 0x06
    12ac:	7f 81       	ldd	r23, Y+7	; 0x07
    12ae:	88 85       	ldd	r24, Y+8	; 0x08
    12b0:	99 85       	ldd	r25, Y+9	; 0x09
    12b2:	0e 94 82 0a 	call	0x1504	; 0x1504 <__fixunssfsi>
    12b6:	dc 01       	movw	r26, r24
    12b8:	cb 01       	movw	r24, r22
    12ba:	8a 87       	std	Y+10, r24	; 0x0a
    12bc:	9b 87       	std	Y+11, r25	; 0x0b
    12be:	8a 85       	ldd	r24, Y+10	; 0x0a
    12c0:	9b 85       	ldd	r25, Y+11	; 0x0b
    12c2:	8e 87       	std	Y+14, r24	; 0x0e
    12c4:	9f 87       	std	Y+15, r25	; 0x0f
    12c6:	8e 85       	ldd	r24, Y+14	; 0x0e
    12c8:	9f 85       	ldd	r25, Y+15	; 0x0f
    12ca:	01 97       	sbiw	r24, 0x01	; 1
    12cc:	f1 f7       	brne	.-4      	; 0x12ca <main+0x12a>
    12ce:	8e 87       	std	Y+14, r24	; 0x0e
    12d0:	9f 87       	std	Y+15, r25	; 0x0f
		_delay_ms(500);
		if(led == 0b1000) led = 0b0001;
    12d2:	89 81       	ldd	r24, Y+1	; 0x01
    12d4:	88 30       	cpi	r24, 0x08	; 8
    12d6:	19 f4       	brne	.+6      	; 0x12de <main+0x13e>
    12d8:	81 e0       	ldi	r24, 0x01	; 1
    12da:	89 83       	std	Y+1, r24	; 0x01
    12dc:	03 c0       	rjmp	.+6      	; 0x12e4 <main+0x144>
		else led = led << 1;
    12de:	89 81       	ldd	r24, Y+1	; 0x01
    12e0:	88 0f       	add	r24, r24
    12e2:	89 83       	std	Y+1, r24	; 0x01
		if (strcmp(leds_left_right, "looplicht_links") == 0) direction = 1;
    12e4:	6e e0       	ldi	r22, 0x0E	; 14
    12e6:	70 e2       	ldi	r23, 0x20	; 32
    12e8:	88 e5       	ldi	r24, 0x58	; 88
    12ea:	90 e2       	ldi	r25, 0x20	; 32
    12ec:	0e 94 dd 11 	call	0x23ba	; 0x23ba <strcmp>
    12f0:	89 2b       	or	r24, r25
    12f2:	21 f4       	brne	.+8      	; 0x12fc <main+0x15c>
    12f4:	81 e0       	ldi	r24, 0x01	; 1
    12f6:	80 93 57 20 	sts	0x2057, r24	; 0x802057 <direction>
    12fa:	76 cf       	rjmp	.-276    	; 0x11e8 <main+0x48>
		else if (strcmp(leds_left_right, "looplicht_rechts") == 0) direction = 0;
    12fc:	6e e1       	ldi	r22, 0x1E	; 30
    12fe:	70 e2       	ldi	r23, 0x20	; 32
    1300:	88 e5       	ldi	r24, 0x58	; 88
    1302:	90 e2       	ldi	r25, 0x20	; 32
    1304:	0e 94 dd 11 	call	0x23ba	; 0x23ba <strcmp>
    1308:	89 2b       	or	r24, r25
    130a:	19 f4       	brne	.+6      	; 0x1312 <main+0x172>
    130c:	10 92 57 20 	sts	0x2057, r1	; 0x802057 <direction>
    1310:	6b cf       	rjmp	.-298    	; 0x11e8 <main+0x48>
		else printf("Onbekend commando: %s\r\n", leds_left_right);
    1312:	88 e5       	ldi	r24, 0x58	; 88
    1314:	90 e2       	ldi	r25, 0x20	; 32
    1316:	89 2f       	mov	r24, r25
    1318:	8f 93       	push	r24
    131a:	88 e5       	ldi	r24, 0x58	; 88
    131c:	90 e2       	ldi	r25, 0x20	; 32
    131e:	8f 93       	push	r24
    1320:	8f e2       	ldi	r24, 0x2F	; 47
    1322:	90 e2       	ldi	r25, 0x20	; 32
    1324:	89 2f       	mov	r24, r25
    1326:	8f 93       	push	r24
    1328:	8f e2       	ldi	r24, 0x2F	; 47
    132a:	90 e2       	ldi	r25, 0x20	; 32
    132c:	8f 93       	push	r24
    132e:	0e 94 2d 12 	call	0x245a	; 0x245a <printf>
    1332:	0f 90       	pop	r0
    1334:	0f 90       	pop	r0
    1336:	0f 90       	pop	r0
    1338:	0f 90       	pop	r0
	}
    133a:	56 cf       	rjmp	.-340    	; 0x11e8 <main+0x48>

0000133c <__subsf3>:
    133c:	50 58       	subi	r21, 0x80	; 128

0000133e <__addsf3>:
    133e:	bb 27       	eor	r27, r27
    1340:	aa 27       	eor	r26, r26
    1342:	0e 94 b6 09 	call	0x136c	; 0x136c <__addsf3x>
    1346:	0c 94 29 0b 	jmp	0x1652	; 0x1652 <__fp_round>
    134a:	0e 94 1b 0b 	call	0x1636	; 0x1636 <__fp_pscA>
    134e:	38 f0       	brcs	.+14     	; 0x135e <__addsf3+0x20>
    1350:	0e 94 22 0b 	call	0x1644	; 0x1644 <__fp_pscB>
    1354:	20 f0       	brcs	.+8      	; 0x135e <__addsf3+0x20>
    1356:	39 f4       	brne	.+14     	; 0x1366 <__addsf3+0x28>
    1358:	9f 3f       	cpi	r25, 0xFF	; 255
    135a:	19 f4       	brne	.+6      	; 0x1362 <__addsf3+0x24>
    135c:	26 f4       	brtc	.+8      	; 0x1366 <__addsf3+0x28>
    135e:	0c 94 18 0b 	jmp	0x1630	; 0x1630 <__fp_nan>
    1362:	0e f4       	brtc	.+2      	; 0x1366 <__addsf3+0x28>
    1364:	e0 95       	com	r30
    1366:	e7 fb       	bst	r30, 7
    1368:	0c 94 12 0b 	jmp	0x1624	; 0x1624 <__fp_inf>

0000136c <__addsf3x>:
    136c:	e9 2f       	mov	r30, r25
    136e:	0e 94 3a 0b 	call	0x1674	; 0x1674 <__fp_split3>
    1372:	58 f3       	brcs	.-42     	; 0x134a <__addsf3+0xc>
    1374:	ba 17       	cp	r27, r26
    1376:	62 07       	cpc	r22, r18
    1378:	73 07       	cpc	r23, r19
    137a:	84 07       	cpc	r24, r20
    137c:	95 07       	cpc	r25, r21
    137e:	20 f0       	brcs	.+8      	; 0x1388 <__addsf3x+0x1c>
    1380:	79 f4       	brne	.+30     	; 0x13a0 <__addsf3x+0x34>
    1382:	a6 f5       	brtc	.+104    	; 0x13ec <__addsf3x+0x80>
    1384:	0c 94 5c 0b 	jmp	0x16b8	; 0x16b8 <__fp_zero>
    1388:	0e f4       	brtc	.+2      	; 0x138c <__addsf3x+0x20>
    138a:	e0 95       	com	r30
    138c:	0b 2e       	mov	r0, r27
    138e:	ba 2f       	mov	r27, r26
    1390:	a0 2d       	mov	r26, r0
    1392:	0b 01       	movw	r0, r22
    1394:	b9 01       	movw	r22, r18
    1396:	90 01       	movw	r18, r0
    1398:	0c 01       	movw	r0, r24
    139a:	ca 01       	movw	r24, r20
    139c:	a0 01       	movw	r20, r0
    139e:	11 24       	eor	r1, r1
    13a0:	ff 27       	eor	r31, r31
    13a2:	59 1b       	sub	r21, r25
    13a4:	99 f0       	breq	.+38     	; 0x13cc <__addsf3x+0x60>
    13a6:	59 3f       	cpi	r21, 0xF9	; 249
    13a8:	50 f4       	brcc	.+20     	; 0x13be <__addsf3x+0x52>
    13aa:	50 3e       	cpi	r21, 0xE0	; 224
    13ac:	68 f1       	brcs	.+90     	; 0x1408 <__addsf3x+0x9c>
    13ae:	1a 16       	cp	r1, r26
    13b0:	f0 40       	sbci	r31, 0x00	; 0
    13b2:	a2 2f       	mov	r26, r18
    13b4:	23 2f       	mov	r18, r19
    13b6:	34 2f       	mov	r19, r20
    13b8:	44 27       	eor	r20, r20
    13ba:	58 5f       	subi	r21, 0xF8	; 248
    13bc:	f3 cf       	rjmp	.-26     	; 0x13a4 <__addsf3x+0x38>
    13be:	46 95       	lsr	r20
    13c0:	37 95       	ror	r19
    13c2:	27 95       	ror	r18
    13c4:	a7 95       	ror	r26
    13c6:	f0 40       	sbci	r31, 0x00	; 0
    13c8:	53 95       	inc	r21
    13ca:	c9 f7       	brne	.-14     	; 0x13be <__addsf3x+0x52>
    13cc:	7e f4       	brtc	.+30     	; 0x13ec <__addsf3x+0x80>
    13ce:	1f 16       	cp	r1, r31
    13d0:	ba 0b       	sbc	r27, r26
    13d2:	62 0b       	sbc	r22, r18
    13d4:	73 0b       	sbc	r23, r19
    13d6:	84 0b       	sbc	r24, r20
    13d8:	ba f0       	brmi	.+46     	; 0x1408 <__addsf3x+0x9c>
    13da:	91 50       	subi	r25, 0x01	; 1
    13dc:	a1 f0       	breq	.+40     	; 0x1406 <__addsf3x+0x9a>
    13de:	ff 0f       	add	r31, r31
    13e0:	bb 1f       	adc	r27, r27
    13e2:	66 1f       	adc	r22, r22
    13e4:	77 1f       	adc	r23, r23
    13e6:	88 1f       	adc	r24, r24
    13e8:	c2 f7       	brpl	.-16     	; 0x13da <__addsf3x+0x6e>
    13ea:	0e c0       	rjmp	.+28     	; 0x1408 <__addsf3x+0x9c>
    13ec:	ba 0f       	add	r27, r26
    13ee:	62 1f       	adc	r22, r18
    13f0:	73 1f       	adc	r23, r19
    13f2:	84 1f       	adc	r24, r20
    13f4:	48 f4       	brcc	.+18     	; 0x1408 <__addsf3x+0x9c>
    13f6:	87 95       	ror	r24
    13f8:	77 95       	ror	r23
    13fa:	67 95       	ror	r22
    13fc:	b7 95       	ror	r27
    13fe:	f7 95       	ror	r31
    1400:	9e 3f       	cpi	r25, 0xFE	; 254
    1402:	08 f0       	brcs	.+2      	; 0x1406 <__addsf3x+0x9a>
    1404:	b0 cf       	rjmp	.-160    	; 0x1366 <__addsf3+0x28>
    1406:	93 95       	inc	r25
    1408:	88 0f       	add	r24, r24
    140a:	08 f0       	brcs	.+2      	; 0x140e <__addsf3x+0xa2>
    140c:	99 27       	eor	r25, r25
    140e:	ee 0f       	add	r30, r30
    1410:	97 95       	ror	r25
    1412:	87 95       	ror	r24
    1414:	08 95       	ret

00001416 <__cmpsf2>:
    1416:	0e 94 ee 0a 	call	0x15dc	; 0x15dc <__fp_cmp>
    141a:	08 f4       	brcc	.+2      	; 0x141e <__cmpsf2+0x8>
    141c:	81 e0       	ldi	r24, 0x01	; 1
    141e:	08 95       	ret

00001420 <__divsf3>:
    1420:	0e 94 24 0a 	call	0x1448	; 0x1448 <__divsf3x>
    1424:	0c 94 29 0b 	jmp	0x1652	; 0x1652 <__fp_round>
    1428:	0e 94 22 0b 	call	0x1644	; 0x1644 <__fp_pscB>
    142c:	58 f0       	brcs	.+22     	; 0x1444 <__divsf3+0x24>
    142e:	0e 94 1b 0b 	call	0x1636	; 0x1636 <__fp_pscA>
    1432:	40 f0       	brcs	.+16     	; 0x1444 <__divsf3+0x24>
    1434:	29 f4       	brne	.+10     	; 0x1440 <__divsf3+0x20>
    1436:	5f 3f       	cpi	r21, 0xFF	; 255
    1438:	29 f0       	breq	.+10     	; 0x1444 <__divsf3+0x24>
    143a:	0c 94 12 0b 	jmp	0x1624	; 0x1624 <__fp_inf>
    143e:	51 11       	cpse	r21, r1
    1440:	0c 94 5d 0b 	jmp	0x16ba	; 0x16ba <__fp_szero>
    1444:	0c 94 18 0b 	jmp	0x1630	; 0x1630 <__fp_nan>

00001448 <__divsf3x>:
    1448:	0e 94 3a 0b 	call	0x1674	; 0x1674 <__fp_split3>
    144c:	68 f3       	brcs	.-38     	; 0x1428 <__divsf3+0x8>

0000144e <__divsf3_pse>:
    144e:	99 23       	and	r25, r25
    1450:	b1 f3       	breq	.-20     	; 0x143e <__divsf3+0x1e>
    1452:	55 23       	and	r21, r21
    1454:	91 f3       	breq	.-28     	; 0x143a <__divsf3+0x1a>
    1456:	95 1b       	sub	r25, r21
    1458:	55 0b       	sbc	r21, r21
    145a:	bb 27       	eor	r27, r27
    145c:	aa 27       	eor	r26, r26
    145e:	62 17       	cp	r22, r18
    1460:	73 07       	cpc	r23, r19
    1462:	84 07       	cpc	r24, r20
    1464:	38 f0       	brcs	.+14     	; 0x1474 <__divsf3_pse+0x26>
    1466:	9f 5f       	subi	r25, 0xFF	; 255
    1468:	5f 4f       	sbci	r21, 0xFF	; 255
    146a:	22 0f       	add	r18, r18
    146c:	33 1f       	adc	r19, r19
    146e:	44 1f       	adc	r20, r20
    1470:	aa 1f       	adc	r26, r26
    1472:	a9 f3       	breq	.-22     	; 0x145e <__divsf3_pse+0x10>
    1474:	35 d0       	rcall	.+106    	; 0x14e0 <__divsf3_pse+0x92>
    1476:	0e 2e       	mov	r0, r30
    1478:	3a f0       	brmi	.+14     	; 0x1488 <__divsf3_pse+0x3a>
    147a:	e0 e8       	ldi	r30, 0x80	; 128
    147c:	32 d0       	rcall	.+100    	; 0x14e2 <__divsf3_pse+0x94>
    147e:	91 50       	subi	r25, 0x01	; 1
    1480:	50 40       	sbci	r21, 0x00	; 0
    1482:	e6 95       	lsr	r30
    1484:	00 1c       	adc	r0, r0
    1486:	ca f7       	brpl	.-14     	; 0x147a <__divsf3_pse+0x2c>
    1488:	2b d0       	rcall	.+86     	; 0x14e0 <__divsf3_pse+0x92>
    148a:	fe 2f       	mov	r31, r30
    148c:	29 d0       	rcall	.+82     	; 0x14e0 <__divsf3_pse+0x92>
    148e:	66 0f       	add	r22, r22
    1490:	77 1f       	adc	r23, r23
    1492:	88 1f       	adc	r24, r24
    1494:	bb 1f       	adc	r27, r27
    1496:	26 17       	cp	r18, r22
    1498:	37 07       	cpc	r19, r23
    149a:	48 07       	cpc	r20, r24
    149c:	ab 07       	cpc	r26, r27
    149e:	b0 e8       	ldi	r27, 0x80	; 128
    14a0:	09 f0       	breq	.+2      	; 0x14a4 <__divsf3_pse+0x56>
    14a2:	bb 0b       	sbc	r27, r27
    14a4:	80 2d       	mov	r24, r0
    14a6:	bf 01       	movw	r22, r30
    14a8:	ff 27       	eor	r31, r31
    14aa:	93 58       	subi	r25, 0x83	; 131
    14ac:	5f 4f       	sbci	r21, 0xFF	; 255
    14ae:	3a f0       	brmi	.+14     	; 0x14be <__divsf3_pse+0x70>
    14b0:	9e 3f       	cpi	r25, 0xFE	; 254
    14b2:	51 05       	cpc	r21, r1
    14b4:	78 f0       	brcs	.+30     	; 0x14d4 <__divsf3_pse+0x86>
    14b6:	0c 94 12 0b 	jmp	0x1624	; 0x1624 <__fp_inf>
    14ba:	0c 94 5d 0b 	jmp	0x16ba	; 0x16ba <__fp_szero>
    14be:	5f 3f       	cpi	r21, 0xFF	; 255
    14c0:	e4 f3       	brlt	.-8      	; 0x14ba <__divsf3_pse+0x6c>
    14c2:	98 3e       	cpi	r25, 0xE8	; 232
    14c4:	d4 f3       	brlt	.-12     	; 0x14ba <__divsf3_pse+0x6c>
    14c6:	86 95       	lsr	r24
    14c8:	77 95       	ror	r23
    14ca:	67 95       	ror	r22
    14cc:	b7 95       	ror	r27
    14ce:	f7 95       	ror	r31
    14d0:	9f 5f       	subi	r25, 0xFF	; 255
    14d2:	c9 f7       	brne	.-14     	; 0x14c6 <__divsf3_pse+0x78>
    14d4:	88 0f       	add	r24, r24
    14d6:	91 1d       	adc	r25, r1
    14d8:	96 95       	lsr	r25
    14da:	87 95       	ror	r24
    14dc:	97 f9       	bld	r25, 7
    14de:	08 95       	ret
    14e0:	e1 e0       	ldi	r30, 0x01	; 1
    14e2:	66 0f       	add	r22, r22
    14e4:	77 1f       	adc	r23, r23
    14e6:	88 1f       	adc	r24, r24
    14e8:	bb 1f       	adc	r27, r27
    14ea:	62 17       	cp	r22, r18
    14ec:	73 07       	cpc	r23, r19
    14ee:	84 07       	cpc	r24, r20
    14f0:	ba 07       	cpc	r27, r26
    14f2:	20 f0       	brcs	.+8      	; 0x14fc <__divsf3_pse+0xae>
    14f4:	62 1b       	sub	r22, r18
    14f6:	73 0b       	sbc	r23, r19
    14f8:	84 0b       	sbc	r24, r20
    14fa:	ba 0b       	sbc	r27, r26
    14fc:	ee 1f       	adc	r30, r30
    14fe:	88 f7       	brcc	.-30     	; 0x14e2 <__divsf3_pse+0x94>
    1500:	e0 95       	com	r30
    1502:	08 95       	ret

00001504 <__fixunssfsi>:
    1504:	0e 94 42 0b 	call	0x1684	; 0x1684 <__fp_splitA>
    1508:	88 f0       	brcs	.+34     	; 0x152c <__fixunssfsi+0x28>
    150a:	9f 57       	subi	r25, 0x7F	; 127
    150c:	98 f0       	brcs	.+38     	; 0x1534 <__fixunssfsi+0x30>
    150e:	b9 2f       	mov	r27, r25
    1510:	99 27       	eor	r25, r25
    1512:	b7 51       	subi	r27, 0x17	; 23
    1514:	b0 f0       	brcs	.+44     	; 0x1542 <__fixunssfsi+0x3e>
    1516:	e1 f0       	breq	.+56     	; 0x1550 <__fixunssfsi+0x4c>
    1518:	66 0f       	add	r22, r22
    151a:	77 1f       	adc	r23, r23
    151c:	88 1f       	adc	r24, r24
    151e:	99 1f       	adc	r25, r25
    1520:	1a f0       	brmi	.+6      	; 0x1528 <__fixunssfsi+0x24>
    1522:	ba 95       	dec	r27
    1524:	c9 f7       	brne	.-14     	; 0x1518 <__fixunssfsi+0x14>
    1526:	14 c0       	rjmp	.+40     	; 0x1550 <__fixunssfsi+0x4c>
    1528:	b1 30       	cpi	r27, 0x01	; 1
    152a:	91 f0       	breq	.+36     	; 0x1550 <__fixunssfsi+0x4c>
    152c:	0e 94 5c 0b 	call	0x16b8	; 0x16b8 <__fp_zero>
    1530:	b1 e0       	ldi	r27, 0x01	; 1
    1532:	08 95       	ret
    1534:	0c 94 5c 0b 	jmp	0x16b8	; 0x16b8 <__fp_zero>
    1538:	67 2f       	mov	r22, r23
    153a:	78 2f       	mov	r23, r24
    153c:	88 27       	eor	r24, r24
    153e:	b8 5f       	subi	r27, 0xF8	; 248
    1540:	39 f0       	breq	.+14     	; 0x1550 <__fixunssfsi+0x4c>
    1542:	b9 3f       	cpi	r27, 0xF9	; 249
    1544:	cc f3       	brlt	.-14     	; 0x1538 <__fixunssfsi+0x34>
    1546:	86 95       	lsr	r24
    1548:	77 95       	ror	r23
    154a:	67 95       	ror	r22
    154c:	b3 95       	inc	r27
    154e:	d9 f7       	brne	.-10     	; 0x1546 <__fixunssfsi+0x42>
    1550:	3e f4       	brtc	.+14     	; 0x1560 <__fixunssfsi+0x5c>
    1552:	90 95       	com	r25
    1554:	80 95       	com	r24
    1556:	70 95       	com	r23
    1558:	61 95       	neg	r22
    155a:	7f 4f       	sbci	r23, 0xFF	; 255
    155c:	8f 4f       	sbci	r24, 0xFF	; 255
    155e:	9f 4f       	sbci	r25, 0xFF	; 255
    1560:	08 95       	ret

00001562 <__floatunsisf>:
    1562:	e8 94       	clt
    1564:	09 c0       	rjmp	.+18     	; 0x1578 <__floatsisf+0x12>

00001566 <__floatsisf>:
    1566:	97 fb       	bst	r25, 7
    1568:	3e f4       	brtc	.+14     	; 0x1578 <__floatsisf+0x12>
    156a:	90 95       	com	r25
    156c:	80 95       	com	r24
    156e:	70 95       	com	r23
    1570:	61 95       	neg	r22
    1572:	7f 4f       	sbci	r23, 0xFF	; 255
    1574:	8f 4f       	sbci	r24, 0xFF	; 255
    1576:	9f 4f       	sbci	r25, 0xFF	; 255
    1578:	99 23       	and	r25, r25
    157a:	a9 f0       	breq	.+42     	; 0x15a6 <__floatsisf+0x40>
    157c:	f9 2f       	mov	r31, r25
    157e:	96 e9       	ldi	r25, 0x96	; 150
    1580:	bb 27       	eor	r27, r27
    1582:	93 95       	inc	r25
    1584:	f6 95       	lsr	r31
    1586:	87 95       	ror	r24
    1588:	77 95       	ror	r23
    158a:	67 95       	ror	r22
    158c:	b7 95       	ror	r27
    158e:	f1 11       	cpse	r31, r1
    1590:	f8 cf       	rjmp	.-16     	; 0x1582 <__floatsisf+0x1c>
    1592:	fa f4       	brpl	.+62     	; 0x15d2 <__floatsisf+0x6c>
    1594:	bb 0f       	add	r27, r27
    1596:	11 f4       	brne	.+4      	; 0x159c <__floatsisf+0x36>
    1598:	60 ff       	sbrs	r22, 0
    159a:	1b c0       	rjmp	.+54     	; 0x15d2 <__floatsisf+0x6c>
    159c:	6f 5f       	subi	r22, 0xFF	; 255
    159e:	7f 4f       	sbci	r23, 0xFF	; 255
    15a0:	8f 4f       	sbci	r24, 0xFF	; 255
    15a2:	9f 4f       	sbci	r25, 0xFF	; 255
    15a4:	16 c0       	rjmp	.+44     	; 0x15d2 <__floatsisf+0x6c>
    15a6:	88 23       	and	r24, r24
    15a8:	11 f0       	breq	.+4      	; 0x15ae <__floatsisf+0x48>
    15aa:	96 e9       	ldi	r25, 0x96	; 150
    15ac:	11 c0       	rjmp	.+34     	; 0x15d0 <__floatsisf+0x6a>
    15ae:	77 23       	and	r23, r23
    15b0:	21 f0       	breq	.+8      	; 0x15ba <__floatsisf+0x54>
    15b2:	9e e8       	ldi	r25, 0x8E	; 142
    15b4:	87 2f       	mov	r24, r23
    15b6:	76 2f       	mov	r23, r22
    15b8:	05 c0       	rjmp	.+10     	; 0x15c4 <__floatsisf+0x5e>
    15ba:	66 23       	and	r22, r22
    15bc:	71 f0       	breq	.+28     	; 0x15da <__floatsisf+0x74>
    15be:	96 e8       	ldi	r25, 0x86	; 134
    15c0:	86 2f       	mov	r24, r22
    15c2:	70 e0       	ldi	r23, 0x00	; 0
    15c4:	60 e0       	ldi	r22, 0x00	; 0
    15c6:	2a f0       	brmi	.+10     	; 0x15d2 <__floatsisf+0x6c>
    15c8:	9a 95       	dec	r25
    15ca:	66 0f       	add	r22, r22
    15cc:	77 1f       	adc	r23, r23
    15ce:	88 1f       	adc	r24, r24
    15d0:	da f7       	brpl	.-10     	; 0x15c8 <__floatsisf+0x62>
    15d2:	88 0f       	add	r24, r24
    15d4:	96 95       	lsr	r25
    15d6:	87 95       	ror	r24
    15d8:	97 f9       	bld	r25, 7
    15da:	08 95       	ret

000015dc <__fp_cmp>:
    15dc:	99 0f       	add	r25, r25
    15de:	00 08       	sbc	r0, r0
    15e0:	55 0f       	add	r21, r21
    15e2:	aa 0b       	sbc	r26, r26
    15e4:	e0 e8       	ldi	r30, 0x80	; 128
    15e6:	fe ef       	ldi	r31, 0xFE	; 254
    15e8:	16 16       	cp	r1, r22
    15ea:	17 06       	cpc	r1, r23
    15ec:	e8 07       	cpc	r30, r24
    15ee:	f9 07       	cpc	r31, r25
    15f0:	c0 f0       	brcs	.+48     	; 0x1622 <__fp_cmp+0x46>
    15f2:	12 16       	cp	r1, r18
    15f4:	13 06       	cpc	r1, r19
    15f6:	e4 07       	cpc	r30, r20
    15f8:	f5 07       	cpc	r31, r21
    15fa:	98 f0       	brcs	.+38     	; 0x1622 <__fp_cmp+0x46>
    15fc:	62 1b       	sub	r22, r18
    15fe:	73 0b       	sbc	r23, r19
    1600:	84 0b       	sbc	r24, r20
    1602:	95 0b       	sbc	r25, r21
    1604:	39 f4       	brne	.+14     	; 0x1614 <__fp_cmp+0x38>
    1606:	0a 26       	eor	r0, r26
    1608:	61 f0       	breq	.+24     	; 0x1622 <__fp_cmp+0x46>
    160a:	23 2b       	or	r18, r19
    160c:	24 2b       	or	r18, r20
    160e:	25 2b       	or	r18, r21
    1610:	21 f4       	brne	.+8      	; 0x161a <__fp_cmp+0x3e>
    1612:	08 95       	ret
    1614:	0a 26       	eor	r0, r26
    1616:	09 f4       	brne	.+2      	; 0x161a <__fp_cmp+0x3e>
    1618:	a1 40       	sbci	r26, 0x01	; 1
    161a:	a6 95       	lsr	r26
    161c:	8f ef       	ldi	r24, 0xFF	; 255
    161e:	81 1d       	adc	r24, r1
    1620:	81 1d       	adc	r24, r1
    1622:	08 95       	ret

00001624 <__fp_inf>:
    1624:	97 f9       	bld	r25, 7
    1626:	9f 67       	ori	r25, 0x7F	; 127
    1628:	80 e8       	ldi	r24, 0x80	; 128
    162a:	70 e0       	ldi	r23, 0x00	; 0
    162c:	60 e0       	ldi	r22, 0x00	; 0
    162e:	08 95       	ret

00001630 <__fp_nan>:
    1630:	9f ef       	ldi	r25, 0xFF	; 255
    1632:	80 ec       	ldi	r24, 0xC0	; 192
    1634:	08 95       	ret

00001636 <__fp_pscA>:
    1636:	00 24       	eor	r0, r0
    1638:	0a 94       	dec	r0
    163a:	16 16       	cp	r1, r22
    163c:	17 06       	cpc	r1, r23
    163e:	18 06       	cpc	r1, r24
    1640:	09 06       	cpc	r0, r25
    1642:	08 95       	ret

00001644 <__fp_pscB>:
    1644:	00 24       	eor	r0, r0
    1646:	0a 94       	dec	r0
    1648:	12 16       	cp	r1, r18
    164a:	13 06       	cpc	r1, r19
    164c:	14 06       	cpc	r1, r20
    164e:	05 06       	cpc	r0, r21
    1650:	08 95       	ret

00001652 <__fp_round>:
    1652:	09 2e       	mov	r0, r25
    1654:	03 94       	inc	r0
    1656:	00 0c       	add	r0, r0
    1658:	11 f4       	brne	.+4      	; 0x165e <__fp_round+0xc>
    165a:	88 23       	and	r24, r24
    165c:	52 f0       	brmi	.+20     	; 0x1672 <__fp_round+0x20>
    165e:	bb 0f       	add	r27, r27
    1660:	40 f4       	brcc	.+16     	; 0x1672 <__fp_round+0x20>
    1662:	bf 2b       	or	r27, r31
    1664:	11 f4       	brne	.+4      	; 0x166a <__fp_round+0x18>
    1666:	60 ff       	sbrs	r22, 0
    1668:	04 c0       	rjmp	.+8      	; 0x1672 <__fp_round+0x20>
    166a:	6f 5f       	subi	r22, 0xFF	; 255
    166c:	7f 4f       	sbci	r23, 0xFF	; 255
    166e:	8f 4f       	sbci	r24, 0xFF	; 255
    1670:	9f 4f       	sbci	r25, 0xFF	; 255
    1672:	08 95       	ret

00001674 <__fp_split3>:
    1674:	57 fd       	sbrc	r21, 7
    1676:	90 58       	subi	r25, 0x80	; 128
    1678:	44 0f       	add	r20, r20
    167a:	55 1f       	adc	r21, r21
    167c:	59 f0       	breq	.+22     	; 0x1694 <__fp_splitA+0x10>
    167e:	5f 3f       	cpi	r21, 0xFF	; 255
    1680:	71 f0       	breq	.+28     	; 0x169e <__fp_splitA+0x1a>
    1682:	47 95       	ror	r20

00001684 <__fp_splitA>:
    1684:	88 0f       	add	r24, r24
    1686:	97 fb       	bst	r25, 7
    1688:	99 1f       	adc	r25, r25
    168a:	61 f0       	breq	.+24     	; 0x16a4 <__fp_splitA+0x20>
    168c:	9f 3f       	cpi	r25, 0xFF	; 255
    168e:	79 f0       	breq	.+30     	; 0x16ae <__fp_splitA+0x2a>
    1690:	87 95       	ror	r24
    1692:	08 95       	ret
    1694:	12 16       	cp	r1, r18
    1696:	13 06       	cpc	r1, r19
    1698:	14 06       	cpc	r1, r20
    169a:	55 1f       	adc	r21, r21
    169c:	f2 cf       	rjmp	.-28     	; 0x1682 <__fp_split3+0xe>
    169e:	46 95       	lsr	r20
    16a0:	f1 df       	rcall	.-30     	; 0x1684 <__fp_splitA>
    16a2:	08 c0       	rjmp	.+16     	; 0x16b4 <__fp_splitA+0x30>
    16a4:	16 16       	cp	r1, r22
    16a6:	17 06       	cpc	r1, r23
    16a8:	18 06       	cpc	r1, r24
    16aa:	99 1f       	adc	r25, r25
    16ac:	f1 cf       	rjmp	.-30     	; 0x1690 <__fp_splitA+0xc>
    16ae:	86 95       	lsr	r24
    16b0:	71 05       	cpc	r23, r1
    16b2:	61 05       	cpc	r22, r1
    16b4:	08 94       	sec
    16b6:	08 95       	ret

000016b8 <__fp_zero>:
    16b8:	e8 94       	clt

000016ba <__fp_szero>:
    16ba:	bb 27       	eor	r27, r27
    16bc:	66 27       	eor	r22, r22
    16be:	77 27       	eor	r23, r23
    16c0:	cb 01       	movw	r24, r22
    16c2:	97 f9       	bld	r25, 7
    16c4:	08 95       	ret

000016c6 <__gesf2>:
    16c6:	0e 94 ee 0a 	call	0x15dc	; 0x15dc <__fp_cmp>
    16ca:	08 f4       	brcc	.+2      	; 0x16ce <__gesf2+0x8>
    16cc:	8f ef       	ldi	r24, 0xFF	; 255
    16ce:	08 95       	ret

000016d0 <__mulsf3>:
    16d0:	0e 94 7b 0b 	call	0x16f6	; 0x16f6 <__mulsf3x>
    16d4:	0c 94 29 0b 	jmp	0x1652	; 0x1652 <__fp_round>
    16d8:	0e 94 1b 0b 	call	0x1636	; 0x1636 <__fp_pscA>
    16dc:	38 f0       	brcs	.+14     	; 0x16ec <__mulsf3+0x1c>
    16de:	0e 94 22 0b 	call	0x1644	; 0x1644 <__fp_pscB>
    16e2:	20 f0       	brcs	.+8      	; 0x16ec <__mulsf3+0x1c>
    16e4:	95 23       	and	r25, r21
    16e6:	11 f0       	breq	.+4      	; 0x16ec <__mulsf3+0x1c>
    16e8:	0c 94 12 0b 	jmp	0x1624	; 0x1624 <__fp_inf>
    16ec:	0c 94 18 0b 	jmp	0x1630	; 0x1630 <__fp_nan>
    16f0:	11 24       	eor	r1, r1
    16f2:	0c 94 5d 0b 	jmp	0x16ba	; 0x16ba <__fp_szero>

000016f6 <__mulsf3x>:
    16f6:	0e 94 3a 0b 	call	0x1674	; 0x1674 <__fp_split3>
    16fa:	70 f3       	brcs	.-36     	; 0x16d8 <__mulsf3+0x8>

000016fc <__mulsf3_pse>:
    16fc:	95 9f       	mul	r25, r21
    16fe:	c1 f3       	breq	.-16     	; 0x16f0 <__mulsf3+0x20>
    1700:	95 0f       	add	r25, r21
    1702:	50 e0       	ldi	r21, 0x00	; 0
    1704:	55 1f       	adc	r21, r21
    1706:	62 9f       	mul	r22, r18
    1708:	f0 01       	movw	r30, r0
    170a:	72 9f       	mul	r23, r18
    170c:	bb 27       	eor	r27, r27
    170e:	f0 0d       	add	r31, r0
    1710:	b1 1d       	adc	r27, r1
    1712:	63 9f       	mul	r22, r19
    1714:	aa 27       	eor	r26, r26
    1716:	f0 0d       	add	r31, r0
    1718:	b1 1d       	adc	r27, r1
    171a:	aa 1f       	adc	r26, r26
    171c:	64 9f       	mul	r22, r20
    171e:	66 27       	eor	r22, r22
    1720:	b0 0d       	add	r27, r0
    1722:	a1 1d       	adc	r26, r1
    1724:	66 1f       	adc	r22, r22
    1726:	82 9f       	mul	r24, r18
    1728:	22 27       	eor	r18, r18
    172a:	b0 0d       	add	r27, r0
    172c:	a1 1d       	adc	r26, r1
    172e:	62 1f       	adc	r22, r18
    1730:	73 9f       	mul	r23, r19
    1732:	b0 0d       	add	r27, r0
    1734:	a1 1d       	adc	r26, r1
    1736:	62 1f       	adc	r22, r18
    1738:	83 9f       	mul	r24, r19
    173a:	a0 0d       	add	r26, r0
    173c:	61 1d       	adc	r22, r1
    173e:	22 1f       	adc	r18, r18
    1740:	74 9f       	mul	r23, r20
    1742:	33 27       	eor	r19, r19
    1744:	a0 0d       	add	r26, r0
    1746:	61 1d       	adc	r22, r1
    1748:	23 1f       	adc	r18, r19
    174a:	84 9f       	mul	r24, r20
    174c:	60 0d       	add	r22, r0
    174e:	21 1d       	adc	r18, r1
    1750:	82 2f       	mov	r24, r18
    1752:	76 2f       	mov	r23, r22
    1754:	6a 2f       	mov	r22, r26
    1756:	11 24       	eor	r1, r1
    1758:	9f 57       	subi	r25, 0x7F	; 127
    175a:	50 40       	sbci	r21, 0x00	; 0
    175c:	9a f0       	brmi	.+38     	; 0x1784 <__mulsf3_pse+0x88>
    175e:	f1 f0       	breq	.+60     	; 0x179c <__mulsf3_pse+0xa0>
    1760:	88 23       	and	r24, r24
    1762:	4a f0       	brmi	.+18     	; 0x1776 <__mulsf3_pse+0x7a>
    1764:	ee 0f       	add	r30, r30
    1766:	ff 1f       	adc	r31, r31
    1768:	bb 1f       	adc	r27, r27
    176a:	66 1f       	adc	r22, r22
    176c:	77 1f       	adc	r23, r23
    176e:	88 1f       	adc	r24, r24
    1770:	91 50       	subi	r25, 0x01	; 1
    1772:	50 40       	sbci	r21, 0x00	; 0
    1774:	a9 f7       	brne	.-22     	; 0x1760 <__mulsf3_pse+0x64>
    1776:	9e 3f       	cpi	r25, 0xFE	; 254
    1778:	51 05       	cpc	r21, r1
    177a:	80 f0       	brcs	.+32     	; 0x179c <__mulsf3_pse+0xa0>
    177c:	0c 94 12 0b 	jmp	0x1624	; 0x1624 <__fp_inf>
    1780:	0c 94 5d 0b 	jmp	0x16ba	; 0x16ba <__fp_szero>
    1784:	5f 3f       	cpi	r21, 0xFF	; 255
    1786:	e4 f3       	brlt	.-8      	; 0x1780 <__mulsf3_pse+0x84>
    1788:	98 3e       	cpi	r25, 0xE8	; 232
    178a:	d4 f3       	brlt	.-12     	; 0x1780 <__mulsf3_pse+0x84>
    178c:	86 95       	lsr	r24
    178e:	77 95       	ror	r23
    1790:	67 95       	ror	r22
    1792:	b7 95       	ror	r27
    1794:	f7 95       	ror	r31
    1796:	e7 95       	ror	r30
    1798:	9f 5f       	subi	r25, 0xFF	; 255
    179a:	c1 f7       	brne	.-16     	; 0x178c <__mulsf3_pse+0x90>
    179c:	fe 2b       	or	r31, r30
    179e:	88 0f       	add	r24, r24
    17a0:	91 1d       	adc	r25, r1
    17a2:	96 95       	lsr	r25
    17a4:	87 95       	ror	r24
    17a6:	97 f9       	bld	r25, 7
    17a8:	08 95       	ret

000017aa <pow>:
    17aa:	fa 01       	movw	r30, r20
    17ac:	ee 0f       	add	r30, r30
    17ae:	ff 1f       	adc	r31, r31
    17b0:	30 96       	adiw	r30, 0x00	; 0
    17b2:	21 05       	cpc	r18, r1
    17b4:	31 05       	cpc	r19, r1
    17b6:	a1 f1       	breq	.+104    	; 0x1820 <pow+0x76>
    17b8:	61 15       	cp	r22, r1
    17ba:	71 05       	cpc	r23, r1
    17bc:	61 f4       	brne	.+24     	; 0x17d6 <pow+0x2c>
    17be:	80 38       	cpi	r24, 0x80	; 128
    17c0:	bf e3       	ldi	r27, 0x3F	; 63
    17c2:	9b 07       	cpc	r25, r27
    17c4:	49 f1       	breq	.+82     	; 0x1818 <pow+0x6e>
    17c6:	68 94       	set
    17c8:	90 38       	cpi	r25, 0x80	; 128
    17ca:	81 05       	cpc	r24, r1
    17cc:	61 f0       	breq	.+24     	; 0x17e6 <pow+0x3c>
    17ce:	80 38       	cpi	r24, 0x80	; 128
    17d0:	bf ef       	ldi	r27, 0xFF	; 255
    17d2:	9b 07       	cpc	r25, r27
    17d4:	41 f0       	breq	.+16     	; 0x17e6 <pow+0x3c>
    17d6:	99 23       	and	r25, r25
    17d8:	4a f5       	brpl	.+82     	; 0x182c <pow+0x82>
    17da:	ff 3f       	cpi	r31, 0xFF	; 255
    17dc:	e1 05       	cpc	r30, r1
    17de:	31 05       	cpc	r19, r1
    17e0:	21 05       	cpc	r18, r1
    17e2:	19 f1       	breq	.+70     	; 0x182a <pow+0x80>
    17e4:	e8 94       	clt
    17e6:	08 94       	sec
    17e8:	e7 95       	ror	r30
    17ea:	d9 01       	movw	r26, r18
    17ec:	aa 23       	and	r26, r26
    17ee:	29 f4       	brne	.+10     	; 0x17fa <pow+0x50>
    17f0:	ab 2f       	mov	r26, r27
    17f2:	be 2f       	mov	r27, r30
    17f4:	f8 5f       	subi	r31, 0xF8	; 248
    17f6:	d0 f3       	brcs	.-12     	; 0x17ec <pow+0x42>
    17f8:	10 c0       	rjmp	.+32     	; 0x181a <pow+0x70>
    17fa:	ff 5f       	subi	r31, 0xFF	; 255
    17fc:	70 f4       	brcc	.+28     	; 0x181a <pow+0x70>
    17fe:	a6 95       	lsr	r26
    1800:	e0 f7       	brcc	.-8      	; 0x17fa <pow+0x50>
    1802:	f7 39       	cpi	r31, 0x97	; 151
    1804:	50 f0       	brcs	.+20     	; 0x181a <pow+0x70>
    1806:	19 f0       	breq	.+6      	; 0x180e <pow+0x64>
    1808:	ff 3a       	cpi	r31, 0xAF	; 175
    180a:	38 f4       	brcc	.+14     	; 0x181a <pow+0x70>
    180c:	9f 77       	andi	r25, 0x7F	; 127
    180e:	9f 93       	push	r25
    1810:	0d d0       	rcall	.+26     	; 0x182c <pow+0x82>
    1812:	0f 90       	pop	r0
    1814:	07 fc       	sbrc	r0, 7
    1816:	90 58       	subi	r25, 0x80	; 128
    1818:	08 95       	ret
    181a:	46 f0       	brts	.+16     	; 0x182c <pow+0x82>
    181c:	0c 94 18 0b 	jmp	0x1630	; 0x1630 <__fp_nan>
    1820:	60 e0       	ldi	r22, 0x00	; 0
    1822:	70 e0       	ldi	r23, 0x00	; 0
    1824:	80 e8       	ldi	r24, 0x80	; 128
    1826:	9f e3       	ldi	r25, 0x3F	; 63
    1828:	08 95       	ret
    182a:	4f e7       	ldi	r20, 0x7F	; 127
    182c:	9f 77       	andi	r25, 0x7F	; 127
    182e:	5f 93       	push	r21
    1830:	4f 93       	push	r20
    1832:	3f 93       	push	r19
    1834:	2f 93       	push	r18
    1836:	0e 94 d0 0c 	call	0x19a0	; 0x19a0 <log>
    183a:	2f 91       	pop	r18
    183c:	3f 91       	pop	r19
    183e:	4f 91       	pop	r20
    1840:	5f 91       	pop	r21
    1842:	0e 94 68 0b 	call	0x16d0	; 0x16d0 <__mulsf3>
    1846:	0c 94 2d 0c 	jmp	0x185a	; 0x185a <exp>
    184a:	29 f4       	brne	.+10     	; 0x1856 <pow+0xac>
    184c:	16 f0       	brts	.+4      	; 0x1852 <pow+0xa8>
    184e:	0c 94 12 0b 	jmp	0x1624	; 0x1624 <__fp_inf>
    1852:	0c 94 5c 0b 	jmp	0x16b8	; 0x16b8 <__fp_zero>
    1856:	0c 94 18 0b 	jmp	0x1630	; 0x1630 <__fp_nan>

0000185a <exp>:
    185a:	0e 94 42 0b 	call	0x1684	; 0x1684 <__fp_splitA>
    185e:	a8 f3       	brcs	.-22     	; 0x184a <pow+0xa0>
    1860:	96 38       	cpi	r25, 0x86	; 134
    1862:	a0 f7       	brcc	.-24     	; 0x184c <pow+0xa2>
    1864:	07 f8       	bld	r0, 7
    1866:	0f 92       	push	r0
    1868:	e8 94       	clt
    186a:	2b e3       	ldi	r18, 0x3B	; 59
    186c:	3a ea       	ldi	r19, 0xAA	; 170
    186e:	48 eb       	ldi	r20, 0xB8	; 184
    1870:	5f e7       	ldi	r21, 0x7F	; 127
    1872:	0e 94 7e 0b 	call	0x16fc	; 0x16fc <__mulsf3_pse>
    1876:	0f 92       	push	r0
    1878:	0f 92       	push	r0
    187a:	0f 92       	push	r0
    187c:	4d b7       	in	r20, 0x3d	; 61
    187e:	5e b7       	in	r21, 0x3e	; 62
    1880:	0f 92       	push	r0
    1882:	0e 94 18 0d 	call	0x1a30	; 0x1a30 <modf>
    1886:	ec ef       	ldi	r30, 0xFC	; 252
    1888:	f1 e0       	ldi	r31, 0x01	; 1
    188a:	0e 94 5f 0c 	call	0x18be	; 0x18be <__fp_powser>
    188e:	4f 91       	pop	r20
    1890:	5f 91       	pop	r21
    1892:	ef 91       	pop	r30
    1894:	ff 91       	pop	r31
    1896:	e5 95       	asr	r30
    1898:	ee 1f       	adc	r30, r30
    189a:	ff 1f       	adc	r31, r31
    189c:	49 f0       	breq	.+18     	; 0x18b0 <exp+0x56>
    189e:	fe 57       	subi	r31, 0x7E	; 126
    18a0:	e0 68       	ori	r30, 0x80	; 128
    18a2:	44 27       	eor	r20, r20
    18a4:	ee 0f       	add	r30, r30
    18a6:	44 1f       	adc	r20, r20
    18a8:	fa 95       	dec	r31
    18aa:	e1 f7       	brne	.-8      	; 0x18a4 <exp+0x4a>
    18ac:	41 95       	neg	r20
    18ae:	55 0b       	sbc	r21, r21
    18b0:	0e 94 92 0c 	call	0x1924	; 0x1924 <ldexp>
    18b4:	0f 90       	pop	r0
    18b6:	07 fe       	sbrs	r0, 7
    18b8:	0c 94 86 0c 	jmp	0x190c	; 0x190c <inverse>
    18bc:	08 95       	ret

000018be <__fp_powser>:
    18be:	df 93       	push	r29
    18c0:	cf 93       	push	r28
    18c2:	1f 93       	push	r17
    18c4:	0f 93       	push	r16
    18c6:	ff 92       	push	r15
    18c8:	ef 92       	push	r14
    18ca:	df 92       	push	r13
    18cc:	7b 01       	movw	r14, r22
    18ce:	8c 01       	movw	r16, r24
    18d0:	68 94       	set
    18d2:	06 c0       	rjmp	.+12     	; 0x18e0 <__fp_powser+0x22>
    18d4:	da 2e       	mov	r13, r26
    18d6:	ef 01       	movw	r28, r30
    18d8:	0e 94 7b 0b 	call	0x16f6	; 0x16f6 <__mulsf3x>
    18dc:	fe 01       	movw	r30, r28
    18de:	e8 94       	clt
    18e0:	a5 91       	lpm	r26, Z+
    18e2:	25 91       	lpm	r18, Z+
    18e4:	35 91       	lpm	r19, Z+
    18e6:	45 91       	lpm	r20, Z+
    18e8:	55 91       	lpm	r21, Z+
    18ea:	a6 f3       	brts	.-24     	; 0x18d4 <__fp_powser+0x16>
    18ec:	ef 01       	movw	r28, r30
    18ee:	0e 94 b6 09 	call	0x136c	; 0x136c <__addsf3x>
    18f2:	fe 01       	movw	r30, r28
    18f4:	97 01       	movw	r18, r14
    18f6:	a8 01       	movw	r20, r16
    18f8:	da 94       	dec	r13
    18fa:	69 f7       	brne	.-38     	; 0x18d6 <__fp_powser+0x18>
    18fc:	df 90       	pop	r13
    18fe:	ef 90       	pop	r14
    1900:	ff 90       	pop	r15
    1902:	0f 91       	pop	r16
    1904:	1f 91       	pop	r17
    1906:	cf 91       	pop	r28
    1908:	df 91       	pop	r29
    190a:	08 95       	ret

0000190c <inverse>:
    190c:	9b 01       	movw	r18, r22
    190e:	ac 01       	movw	r20, r24
    1910:	60 e0       	ldi	r22, 0x00	; 0
    1912:	70 e0       	ldi	r23, 0x00	; 0
    1914:	80 e8       	ldi	r24, 0x80	; 128
    1916:	9f e3       	ldi	r25, 0x3F	; 63
    1918:	0c 94 10 0a 	jmp	0x1420	; 0x1420 <__divsf3>
    191c:	0c 94 12 0b 	jmp	0x1624	; 0x1624 <__fp_inf>
    1920:	0c 94 4c 0d 	jmp	0x1a98	; 0x1a98 <__fp_mpack>

00001924 <ldexp>:
    1924:	0e 94 42 0b 	call	0x1684	; 0x1684 <__fp_splitA>
    1928:	d8 f3       	brcs	.-10     	; 0x1920 <inverse+0x14>
    192a:	99 23       	and	r25, r25
    192c:	c9 f3       	breq	.-14     	; 0x1920 <inverse+0x14>
    192e:	94 0f       	add	r25, r20
    1930:	51 1d       	adc	r21, r1
    1932:	a3 f3       	brvs	.-24     	; 0x191c <inverse+0x10>
    1934:	91 50       	subi	r25, 0x01	; 1
    1936:	50 40       	sbci	r21, 0x00	; 0
    1938:	94 f0       	brlt	.+36     	; 0x195e <ldexp+0x3a>
    193a:	59 f0       	breq	.+22     	; 0x1952 <ldexp+0x2e>
    193c:	88 23       	and	r24, r24
    193e:	32 f0       	brmi	.+12     	; 0x194c <ldexp+0x28>
    1940:	66 0f       	add	r22, r22
    1942:	77 1f       	adc	r23, r23
    1944:	88 1f       	adc	r24, r24
    1946:	91 50       	subi	r25, 0x01	; 1
    1948:	50 40       	sbci	r21, 0x00	; 0
    194a:	c1 f7       	brne	.-16     	; 0x193c <ldexp+0x18>
    194c:	9e 3f       	cpi	r25, 0xFE	; 254
    194e:	51 05       	cpc	r21, r1
    1950:	2c f7       	brge	.-54     	; 0x191c <inverse+0x10>
    1952:	88 0f       	add	r24, r24
    1954:	91 1d       	adc	r25, r1
    1956:	96 95       	lsr	r25
    1958:	87 95       	ror	r24
    195a:	97 f9       	bld	r25, 7
    195c:	08 95       	ret
    195e:	5f 3f       	cpi	r21, 0xFF	; 255
    1960:	ac f0       	brlt	.+42     	; 0x198c <ldexp+0x68>
    1962:	98 3e       	cpi	r25, 0xE8	; 232
    1964:	9c f0       	brlt	.+38     	; 0x198c <ldexp+0x68>
    1966:	bb 27       	eor	r27, r27
    1968:	86 95       	lsr	r24
    196a:	77 95       	ror	r23
    196c:	67 95       	ror	r22
    196e:	b7 95       	ror	r27
    1970:	08 f4       	brcc	.+2      	; 0x1974 <ldexp+0x50>
    1972:	b1 60       	ori	r27, 0x01	; 1
    1974:	93 95       	inc	r25
    1976:	c1 f7       	brne	.-16     	; 0x1968 <ldexp+0x44>
    1978:	bb 0f       	add	r27, r27
    197a:	58 f7       	brcc	.-42     	; 0x1952 <ldexp+0x2e>
    197c:	11 f4       	brne	.+4      	; 0x1982 <ldexp+0x5e>
    197e:	60 ff       	sbrs	r22, 0
    1980:	e8 cf       	rjmp	.-48     	; 0x1952 <ldexp+0x2e>
    1982:	6f 5f       	subi	r22, 0xFF	; 255
    1984:	7f 4f       	sbci	r23, 0xFF	; 255
    1986:	8f 4f       	sbci	r24, 0xFF	; 255
    1988:	9f 4f       	sbci	r25, 0xFF	; 255
    198a:	e3 cf       	rjmp	.-58     	; 0x1952 <ldexp+0x2e>
    198c:	0c 94 5d 0b 	jmp	0x16ba	; 0x16ba <__fp_szero>
    1990:	16 f0       	brts	.+4      	; 0x1996 <ldexp+0x72>
    1992:	0c 94 4c 0d 	jmp	0x1a98	; 0x1a98 <__fp_mpack>
    1996:	0c 94 18 0b 	jmp	0x1630	; 0x1630 <__fp_nan>
    199a:	68 94       	set
    199c:	0c 94 12 0b 	jmp	0x1624	; 0x1624 <__fp_inf>

000019a0 <log>:
    19a0:	0e 94 42 0b 	call	0x1684	; 0x1684 <__fp_splitA>
    19a4:	a8 f3       	brcs	.-22     	; 0x1990 <ldexp+0x6c>
    19a6:	99 23       	and	r25, r25
    19a8:	c1 f3       	breq	.-16     	; 0x199a <ldexp+0x76>
    19aa:	ae f3       	brts	.-22     	; 0x1996 <ldexp+0x72>
    19ac:	df 93       	push	r29
    19ae:	cf 93       	push	r28
    19b0:	1f 93       	push	r17
    19b2:	0f 93       	push	r16
    19b4:	ff 92       	push	r15
    19b6:	c9 2f       	mov	r28, r25
    19b8:	dd 27       	eor	r29, r29
    19ba:	88 23       	and	r24, r24
    19bc:	2a f0       	brmi	.+10     	; 0x19c8 <log+0x28>
    19be:	21 97       	sbiw	r28, 0x01	; 1
    19c0:	66 0f       	add	r22, r22
    19c2:	77 1f       	adc	r23, r23
    19c4:	88 1f       	adc	r24, r24
    19c6:	da f7       	brpl	.-10     	; 0x19be <log+0x1e>
    19c8:	20 e0       	ldi	r18, 0x00	; 0
    19ca:	30 e0       	ldi	r19, 0x00	; 0
    19cc:	40 e8       	ldi	r20, 0x80	; 128
    19ce:	5f eb       	ldi	r21, 0xBF	; 191
    19d0:	9f e3       	ldi	r25, 0x3F	; 63
    19d2:	88 39       	cpi	r24, 0x98	; 152
    19d4:	20 f0       	brcs	.+8      	; 0x19de <log+0x3e>
    19d6:	80 3e       	cpi	r24, 0xE0	; 224
    19d8:	38 f0       	brcs	.+14     	; 0x19e8 <log+0x48>
    19da:	21 96       	adiw	r28, 0x01	; 1
    19dc:	8f 77       	andi	r24, 0x7F	; 127
    19de:	0e 94 9f 09 	call	0x133e	; 0x133e <__addsf3>
    19e2:	e4 e2       	ldi	r30, 0x24	; 36
    19e4:	f2 e0       	ldi	r31, 0x02	; 2
    19e6:	04 c0       	rjmp	.+8      	; 0x19f0 <log+0x50>
    19e8:	0e 94 9f 09 	call	0x133e	; 0x133e <__addsf3>
    19ec:	e1 e5       	ldi	r30, 0x51	; 81
    19ee:	f2 e0       	ldi	r31, 0x02	; 2
    19f0:	0e 94 5f 0c 	call	0x18be	; 0x18be <__fp_powser>
    19f4:	8b 01       	movw	r16, r22
    19f6:	be 01       	movw	r22, r28
    19f8:	ec 01       	movw	r28, r24
    19fa:	fb 2e       	mov	r15, r27
    19fc:	6f 57       	subi	r22, 0x7F	; 127
    19fe:	71 09       	sbc	r23, r1
    1a00:	75 95       	asr	r23
    1a02:	77 1f       	adc	r23, r23
    1a04:	88 0b       	sbc	r24, r24
    1a06:	99 0b       	sbc	r25, r25
    1a08:	0e 94 b3 0a 	call	0x1566	; 0x1566 <__floatsisf>
    1a0c:	28 e1       	ldi	r18, 0x18	; 24
    1a0e:	32 e7       	ldi	r19, 0x72	; 114
    1a10:	41 e3       	ldi	r20, 0x31	; 49
    1a12:	5f e3       	ldi	r21, 0x3F	; 63
    1a14:	0e 94 7b 0b 	call	0x16f6	; 0x16f6 <__mulsf3x>
    1a18:	af 2d       	mov	r26, r15
    1a1a:	98 01       	movw	r18, r16
    1a1c:	ae 01       	movw	r20, r28
    1a1e:	ff 90       	pop	r15
    1a20:	0f 91       	pop	r16
    1a22:	1f 91       	pop	r17
    1a24:	cf 91       	pop	r28
    1a26:	df 91       	pop	r29
    1a28:	0e 94 b6 09 	call	0x136c	; 0x136c <__addsf3x>
    1a2c:	0c 94 29 0b 	jmp	0x1652	; 0x1652 <__fp_round>

00001a30 <modf>:
    1a30:	fa 01       	movw	r30, r20
    1a32:	dc 01       	movw	r26, r24
    1a34:	aa 0f       	add	r26, r26
    1a36:	bb 1f       	adc	r27, r27
    1a38:	9b 01       	movw	r18, r22
    1a3a:	ac 01       	movw	r20, r24
    1a3c:	bf 57       	subi	r27, 0x7F	; 127
    1a3e:	28 f4       	brcc	.+10     	; 0x1a4a <modf+0x1a>
    1a40:	22 27       	eor	r18, r18
    1a42:	33 27       	eor	r19, r19
    1a44:	44 27       	eor	r20, r20
    1a46:	50 78       	andi	r21, 0x80	; 128
    1a48:	20 c0       	rjmp	.+64     	; 0x1a8a <modf+0x5a>
    1a4a:	b7 51       	subi	r27, 0x17	; 23
    1a4c:	90 f4       	brcc	.+36     	; 0x1a72 <modf+0x42>
    1a4e:	ab 2f       	mov	r26, r27
    1a50:	00 24       	eor	r0, r0
    1a52:	46 95       	lsr	r20
    1a54:	37 95       	ror	r19
    1a56:	27 95       	ror	r18
    1a58:	01 1c       	adc	r0, r1
    1a5a:	a3 95       	inc	r26
    1a5c:	d2 f3       	brmi	.-12     	; 0x1a52 <modf+0x22>
    1a5e:	00 20       	and	r0, r0
    1a60:	71 f0       	breq	.+28     	; 0x1a7e <modf+0x4e>
    1a62:	22 0f       	add	r18, r18
    1a64:	33 1f       	adc	r19, r19
    1a66:	44 1f       	adc	r20, r20
    1a68:	b3 95       	inc	r27
    1a6a:	da f3       	brmi	.-10     	; 0x1a62 <modf+0x32>
    1a6c:	0e d0       	rcall	.+28     	; 0x1a8a <modf+0x5a>
    1a6e:	0c 94 9e 09 	jmp	0x133c	; 0x133c <__subsf3>
    1a72:	61 30       	cpi	r22, 0x01	; 1
    1a74:	71 05       	cpc	r23, r1
    1a76:	a0 e8       	ldi	r26, 0x80	; 128
    1a78:	8a 07       	cpc	r24, r26
    1a7a:	b9 46       	sbci	r27, 0x69	; 105
    1a7c:	30 f4       	brcc	.+12     	; 0x1a8a <modf+0x5a>
    1a7e:	9b 01       	movw	r18, r22
    1a80:	ac 01       	movw	r20, r24
    1a82:	66 27       	eor	r22, r22
    1a84:	77 27       	eor	r23, r23
    1a86:	88 27       	eor	r24, r24
    1a88:	90 78       	andi	r25, 0x80	; 128
    1a8a:	30 96       	adiw	r30, 0x00	; 0
    1a8c:	21 f0       	breq	.+8      	; 0x1a96 <modf+0x66>
    1a8e:	20 83       	st	Z, r18
    1a90:	31 83       	std	Z+1, r19	; 0x01
    1a92:	42 83       	std	Z+2, r20	; 0x02
    1a94:	53 83       	std	Z+3, r21	; 0x03
    1a96:	08 95       	ret

00001a98 <__fp_mpack>:
    1a98:	9f 3f       	cpi	r25, 0xFF	; 255
    1a9a:	31 f0       	breq	.+12     	; 0x1aa8 <__fp_mpack_finite+0xc>

00001a9c <__fp_mpack_finite>:
    1a9c:	91 50       	subi	r25, 0x01	; 1
    1a9e:	20 f4       	brcc	.+8      	; 0x1aa8 <__fp_mpack_finite+0xc>
    1aa0:	87 95       	ror	r24
    1aa2:	77 95       	ror	r23
    1aa4:	67 95       	ror	r22
    1aa6:	b7 95       	ror	r27
    1aa8:	88 0f       	add	r24, r24
    1aaa:	91 1d       	adc	r25, r1
    1aac:	96 95       	lsr	r25
    1aae:	87 95       	ror	r24
    1ab0:	97 f9       	bld	r25, 7
    1ab2:	08 95       	ret

00001ab4 <vfprintf>:
    1ab4:	2f 92       	push	r2
    1ab6:	3f 92       	push	r3
    1ab8:	4f 92       	push	r4
    1aba:	5f 92       	push	r5
    1abc:	6f 92       	push	r6
    1abe:	7f 92       	push	r7
    1ac0:	8f 92       	push	r8
    1ac2:	9f 92       	push	r9
    1ac4:	af 92       	push	r10
    1ac6:	bf 92       	push	r11
    1ac8:	cf 92       	push	r12
    1aca:	df 92       	push	r13
    1acc:	ef 92       	push	r14
    1ace:	ff 92       	push	r15
    1ad0:	0f 93       	push	r16
    1ad2:	1f 93       	push	r17
    1ad4:	cf 93       	push	r28
    1ad6:	df 93       	push	r29
    1ad8:	cd b7       	in	r28, 0x3d	; 61
    1ada:	de b7       	in	r29, 0x3e	; 62
    1adc:	60 97       	sbiw	r28, 0x10	; 16
    1ade:	cd bf       	out	0x3d, r28	; 61
    1ae0:	de bf       	out	0x3e, r29	; 62
    1ae2:	7c 01       	movw	r14, r24
    1ae4:	1b 01       	movw	r2, r22
    1ae6:	6a 01       	movw	r12, r20
    1ae8:	fc 01       	movw	r30, r24
    1aea:	16 82       	std	Z+6, r1	; 0x06
    1aec:	17 82       	std	Z+7, r1	; 0x07
    1aee:	83 81       	ldd	r24, Z+3	; 0x03
    1af0:	81 ff       	sbrs	r24, 1
    1af2:	44 c3       	rjmp	.+1672   	; 0x217c <vfprintf+0x6c8>
    1af4:	9e 01       	movw	r18, r28
    1af6:	2f 5f       	subi	r18, 0xFF	; 255
    1af8:	3f 4f       	sbci	r19, 0xFF	; 255
    1afa:	39 01       	movw	r6, r18
    1afc:	f7 01       	movw	r30, r14
    1afe:	93 81       	ldd	r25, Z+3	; 0x03
    1b00:	f1 01       	movw	r30, r2
    1b02:	93 fd       	sbrc	r25, 3
    1b04:	85 91       	lpm	r24, Z+
    1b06:	93 ff       	sbrs	r25, 3
    1b08:	81 91       	ld	r24, Z+
    1b0a:	1f 01       	movw	r2, r30
    1b0c:	88 23       	and	r24, r24
    1b0e:	09 f4       	brne	.+2      	; 0x1b12 <vfprintf+0x5e>
    1b10:	31 c3       	rjmp	.+1634   	; 0x2174 <vfprintf+0x6c0>
    1b12:	85 32       	cpi	r24, 0x25	; 37
    1b14:	39 f4       	brne	.+14     	; 0x1b24 <vfprintf+0x70>
    1b16:	93 fd       	sbrc	r25, 3
    1b18:	85 91       	lpm	r24, Z+
    1b1a:	93 ff       	sbrs	r25, 3
    1b1c:	81 91       	ld	r24, Z+
    1b1e:	1f 01       	movw	r2, r30
    1b20:	85 32       	cpi	r24, 0x25	; 37
    1b22:	39 f4       	brne	.+14     	; 0x1b32 <vfprintf+0x7e>
    1b24:	b7 01       	movw	r22, r14
    1b26:	90 e0       	ldi	r25, 0x00	; 0
    1b28:	0e 94 f1 11 	call	0x23e2	; 0x23e2 <fputc>
    1b2c:	56 01       	movw	r10, r12
    1b2e:	65 01       	movw	r12, r10
    1b30:	e5 cf       	rjmp	.-54     	; 0x1afc <vfprintf+0x48>
    1b32:	10 e0       	ldi	r17, 0x00	; 0
    1b34:	51 2c       	mov	r5, r1
    1b36:	91 2c       	mov	r9, r1
    1b38:	ff e1       	ldi	r31, 0x1F	; 31
    1b3a:	f9 15       	cp	r31, r9
    1b3c:	d8 f0       	brcs	.+54     	; 0x1b74 <vfprintf+0xc0>
    1b3e:	8b 32       	cpi	r24, 0x2B	; 43
    1b40:	79 f0       	breq	.+30     	; 0x1b60 <vfprintf+0xac>
    1b42:	38 f4       	brcc	.+14     	; 0x1b52 <vfprintf+0x9e>
    1b44:	80 32       	cpi	r24, 0x20	; 32
    1b46:	79 f0       	breq	.+30     	; 0x1b66 <vfprintf+0xb2>
    1b48:	83 32       	cpi	r24, 0x23	; 35
    1b4a:	a1 f4       	brne	.+40     	; 0x1b74 <vfprintf+0xc0>
    1b4c:	f9 2d       	mov	r31, r9
    1b4e:	f0 61       	ori	r31, 0x10	; 16
    1b50:	2e c0       	rjmp	.+92     	; 0x1bae <vfprintf+0xfa>
    1b52:	8d 32       	cpi	r24, 0x2D	; 45
    1b54:	61 f0       	breq	.+24     	; 0x1b6e <vfprintf+0xba>
    1b56:	80 33       	cpi	r24, 0x30	; 48
    1b58:	69 f4       	brne	.+26     	; 0x1b74 <vfprintf+0xc0>
    1b5a:	29 2d       	mov	r18, r9
    1b5c:	21 60       	ori	r18, 0x01	; 1
    1b5e:	2d c0       	rjmp	.+90     	; 0x1bba <vfprintf+0x106>
    1b60:	39 2d       	mov	r19, r9
    1b62:	32 60       	ori	r19, 0x02	; 2
    1b64:	93 2e       	mov	r9, r19
    1b66:	89 2d       	mov	r24, r9
    1b68:	84 60       	ori	r24, 0x04	; 4
    1b6a:	98 2e       	mov	r9, r24
    1b6c:	2a c0       	rjmp	.+84     	; 0x1bc2 <vfprintf+0x10e>
    1b6e:	e9 2d       	mov	r30, r9
    1b70:	e8 60       	ori	r30, 0x08	; 8
    1b72:	15 c0       	rjmp	.+42     	; 0x1b9e <vfprintf+0xea>
    1b74:	97 fc       	sbrc	r9, 7
    1b76:	2d c0       	rjmp	.+90     	; 0x1bd2 <vfprintf+0x11e>
    1b78:	20 ed       	ldi	r18, 0xD0	; 208
    1b7a:	28 0f       	add	r18, r24
    1b7c:	2a 30       	cpi	r18, 0x0A	; 10
    1b7e:	88 f4       	brcc	.+34     	; 0x1ba2 <vfprintf+0xee>
    1b80:	96 fe       	sbrs	r9, 6
    1b82:	06 c0       	rjmp	.+12     	; 0x1b90 <vfprintf+0xdc>
    1b84:	3a e0       	ldi	r19, 0x0A	; 10
    1b86:	13 9f       	mul	r17, r19
    1b88:	20 0d       	add	r18, r0
    1b8a:	11 24       	eor	r1, r1
    1b8c:	12 2f       	mov	r17, r18
    1b8e:	19 c0       	rjmp	.+50     	; 0x1bc2 <vfprintf+0x10e>
    1b90:	8a e0       	ldi	r24, 0x0A	; 10
    1b92:	58 9e       	mul	r5, r24
    1b94:	20 0d       	add	r18, r0
    1b96:	11 24       	eor	r1, r1
    1b98:	52 2e       	mov	r5, r18
    1b9a:	e9 2d       	mov	r30, r9
    1b9c:	e0 62       	ori	r30, 0x20	; 32
    1b9e:	9e 2e       	mov	r9, r30
    1ba0:	10 c0       	rjmp	.+32     	; 0x1bc2 <vfprintf+0x10e>
    1ba2:	8e 32       	cpi	r24, 0x2E	; 46
    1ba4:	31 f4       	brne	.+12     	; 0x1bb2 <vfprintf+0xfe>
    1ba6:	96 fc       	sbrc	r9, 6
    1ba8:	e5 c2       	rjmp	.+1482   	; 0x2174 <vfprintf+0x6c0>
    1baa:	f9 2d       	mov	r31, r9
    1bac:	f0 64       	ori	r31, 0x40	; 64
    1bae:	9f 2e       	mov	r9, r31
    1bb0:	08 c0       	rjmp	.+16     	; 0x1bc2 <vfprintf+0x10e>
    1bb2:	8c 36       	cpi	r24, 0x6C	; 108
    1bb4:	21 f4       	brne	.+8      	; 0x1bbe <vfprintf+0x10a>
    1bb6:	29 2d       	mov	r18, r9
    1bb8:	20 68       	ori	r18, 0x80	; 128
    1bba:	92 2e       	mov	r9, r18
    1bbc:	02 c0       	rjmp	.+4      	; 0x1bc2 <vfprintf+0x10e>
    1bbe:	88 36       	cpi	r24, 0x68	; 104
    1bc0:	41 f4       	brne	.+16     	; 0x1bd2 <vfprintf+0x11e>
    1bc2:	f1 01       	movw	r30, r2
    1bc4:	93 fd       	sbrc	r25, 3
    1bc6:	85 91       	lpm	r24, Z+
    1bc8:	93 ff       	sbrs	r25, 3
    1bca:	81 91       	ld	r24, Z+
    1bcc:	1f 01       	movw	r2, r30
    1bce:	81 11       	cpse	r24, r1
    1bd0:	b3 cf       	rjmp	.-154    	; 0x1b38 <vfprintf+0x84>
    1bd2:	9b eb       	ldi	r25, 0xBB	; 187
    1bd4:	98 0f       	add	r25, r24
    1bd6:	93 30       	cpi	r25, 0x03	; 3
    1bd8:	20 f4       	brcc	.+8      	; 0x1be2 <vfprintf+0x12e>
    1bda:	99 2d       	mov	r25, r9
    1bdc:	90 61       	ori	r25, 0x10	; 16
    1bde:	80 5e       	subi	r24, 0xE0	; 224
    1be0:	07 c0       	rjmp	.+14     	; 0x1bf0 <vfprintf+0x13c>
    1be2:	9b e9       	ldi	r25, 0x9B	; 155
    1be4:	98 0f       	add	r25, r24
    1be6:	93 30       	cpi	r25, 0x03	; 3
    1be8:	08 f0       	brcs	.+2      	; 0x1bec <vfprintf+0x138>
    1bea:	66 c1       	rjmp	.+716    	; 0x1eb8 <vfprintf+0x404>
    1bec:	99 2d       	mov	r25, r9
    1bee:	9f 7e       	andi	r25, 0xEF	; 239
    1bf0:	96 ff       	sbrs	r25, 6
    1bf2:	16 e0       	ldi	r17, 0x06	; 6
    1bf4:	9f 73       	andi	r25, 0x3F	; 63
    1bf6:	99 2e       	mov	r9, r25
    1bf8:	85 36       	cpi	r24, 0x65	; 101
    1bfa:	19 f4       	brne	.+6      	; 0x1c02 <vfprintf+0x14e>
    1bfc:	90 64       	ori	r25, 0x40	; 64
    1bfe:	99 2e       	mov	r9, r25
    1c00:	08 c0       	rjmp	.+16     	; 0x1c12 <vfprintf+0x15e>
    1c02:	86 36       	cpi	r24, 0x66	; 102
    1c04:	21 f4       	brne	.+8      	; 0x1c0e <vfprintf+0x15a>
    1c06:	39 2f       	mov	r19, r25
    1c08:	30 68       	ori	r19, 0x80	; 128
    1c0a:	93 2e       	mov	r9, r19
    1c0c:	02 c0       	rjmp	.+4      	; 0x1c12 <vfprintf+0x15e>
    1c0e:	11 11       	cpse	r17, r1
    1c10:	11 50       	subi	r17, 0x01	; 1
    1c12:	97 fe       	sbrs	r9, 7
    1c14:	07 c0       	rjmp	.+14     	; 0x1c24 <vfprintf+0x170>
    1c16:	1c 33       	cpi	r17, 0x3C	; 60
    1c18:	50 f4       	brcc	.+20     	; 0x1c2e <vfprintf+0x17a>
    1c1a:	44 24       	eor	r4, r4
    1c1c:	43 94       	inc	r4
    1c1e:	41 0e       	add	r4, r17
    1c20:	27 e0       	ldi	r18, 0x07	; 7
    1c22:	0b c0       	rjmp	.+22     	; 0x1c3a <vfprintf+0x186>
    1c24:	18 30       	cpi	r17, 0x08	; 8
    1c26:	38 f0       	brcs	.+14     	; 0x1c36 <vfprintf+0x182>
    1c28:	27 e0       	ldi	r18, 0x07	; 7
    1c2a:	17 e0       	ldi	r17, 0x07	; 7
    1c2c:	05 c0       	rjmp	.+10     	; 0x1c38 <vfprintf+0x184>
    1c2e:	27 e0       	ldi	r18, 0x07	; 7
    1c30:	9c e3       	ldi	r25, 0x3C	; 60
    1c32:	49 2e       	mov	r4, r25
    1c34:	02 c0       	rjmp	.+4      	; 0x1c3a <vfprintf+0x186>
    1c36:	21 2f       	mov	r18, r17
    1c38:	41 2c       	mov	r4, r1
    1c3a:	56 01       	movw	r10, r12
    1c3c:	84 e0       	ldi	r24, 0x04	; 4
    1c3e:	a8 0e       	add	r10, r24
    1c40:	b1 1c       	adc	r11, r1
    1c42:	f6 01       	movw	r30, r12
    1c44:	60 81       	ld	r22, Z
    1c46:	71 81       	ldd	r23, Z+1	; 0x01
    1c48:	82 81       	ldd	r24, Z+2	; 0x02
    1c4a:	93 81       	ldd	r25, Z+3	; 0x03
    1c4c:	04 2d       	mov	r16, r4
    1c4e:	a3 01       	movw	r20, r6
    1c50:	0e 94 fa 10 	call	0x21f4	; 0x21f4 <__ftoa_engine>
    1c54:	6c 01       	movw	r12, r24
    1c56:	f9 81       	ldd	r31, Y+1	; 0x01
    1c58:	fc 87       	std	Y+12, r31	; 0x0c
    1c5a:	f0 ff       	sbrs	r31, 0
    1c5c:	02 c0       	rjmp	.+4      	; 0x1c62 <vfprintf+0x1ae>
    1c5e:	f3 ff       	sbrs	r31, 3
    1c60:	06 c0       	rjmp	.+12     	; 0x1c6e <vfprintf+0x1ba>
    1c62:	91 fc       	sbrc	r9, 1
    1c64:	06 c0       	rjmp	.+12     	; 0x1c72 <vfprintf+0x1be>
    1c66:	92 fe       	sbrs	r9, 2
    1c68:	06 c0       	rjmp	.+12     	; 0x1c76 <vfprintf+0x1c2>
    1c6a:	00 e2       	ldi	r16, 0x20	; 32
    1c6c:	05 c0       	rjmp	.+10     	; 0x1c78 <vfprintf+0x1c4>
    1c6e:	0d e2       	ldi	r16, 0x2D	; 45
    1c70:	03 c0       	rjmp	.+6      	; 0x1c78 <vfprintf+0x1c4>
    1c72:	0b e2       	ldi	r16, 0x2B	; 43
    1c74:	01 c0       	rjmp	.+2      	; 0x1c78 <vfprintf+0x1c4>
    1c76:	00 e0       	ldi	r16, 0x00	; 0
    1c78:	8c 85       	ldd	r24, Y+12	; 0x0c
    1c7a:	8c 70       	andi	r24, 0x0C	; 12
    1c7c:	19 f0       	breq	.+6      	; 0x1c84 <vfprintf+0x1d0>
    1c7e:	01 11       	cpse	r16, r1
    1c80:	5a c2       	rjmp	.+1204   	; 0x2136 <vfprintf+0x682>
    1c82:	9b c2       	rjmp	.+1334   	; 0x21ba <vfprintf+0x706>
    1c84:	97 fe       	sbrs	r9, 7
    1c86:	10 c0       	rjmp	.+32     	; 0x1ca8 <vfprintf+0x1f4>
    1c88:	4c 0c       	add	r4, r12
    1c8a:	fc 85       	ldd	r31, Y+12	; 0x0c
    1c8c:	f4 ff       	sbrs	r31, 4
    1c8e:	04 c0       	rjmp	.+8      	; 0x1c98 <vfprintf+0x1e4>
    1c90:	8a 81       	ldd	r24, Y+2	; 0x02
    1c92:	81 33       	cpi	r24, 0x31	; 49
    1c94:	09 f4       	brne	.+2      	; 0x1c98 <vfprintf+0x1e4>
    1c96:	4a 94       	dec	r4
    1c98:	14 14       	cp	r1, r4
    1c9a:	74 f5       	brge	.+92     	; 0x1cf8 <vfprintf+0x244>
    1c9c:	28 e0       	ldi	r18, 0x08	; 8
    1c9e:	24 15       	cp	r18, r4
    1ca0:	78 f5       	brcc	.+94     	; 0x1d00 <vfprintf+0x24c>
    1ca2:	88 e0       	ldi	r24, 0x08	; 8
    1ca4:	48 2e       	mov	r4, r24
    1ca6:	2c c0       	rjmp	.+88     	; 0x1d00 <vfprintf+0x24c>
    1ca8:	96 fc       	sbrc	r9, 6
    1caa:	2a c0       	rjmp	.+84     	; 0x1d00 <vfprintf+0x24c>
    1cac:	81 2f       	mov	r24, r17
    1cae:	90 e0       	ldi	r25, 0x00	; 0
    1cb0:	8c 15       	cp	r24, r12
    1cb2:	9d 05       	cpc	r25, r13
    1cb4:	9c f0       	brlt	.+38     	; 0x1cdc <vfprintf+0x228>
    1cb6:	3c ef       	ldi	r19, 0xFC	; 252
    1cb8:	c3 16       	cp	r12, r19
    1cba:	3f ef       	ldi	r19, 0xFF	; 255
    1cbc:	d3 06       	cpc	r13, r19
    1cbe:	74 f0       	brlt	.+28     	; 0x1cdc <vfprintf+0x228>
    1cc0:	89 2d       	mov	r24, r9
    1cc2:	80 68       	ori	r24, 0x80	; 128
    1cc4:	98 2e       	mov	r9, r24
    1cc6:	0a c0       	rjmp	.+20     	; 0x1cdc <vfprintf+0x228>
    1cc8:	e2 e0       	ldi	r30, 0x02	; 2
    1cca:	f0 e0       	ldi	r31, 0x00	; 0
    1ccc:	ec 0f       	add	r30, r28
    1cce:	fd 1f       	adc	r31, r29
    1cd0:	e1 0f       	add	r30, r17
    1cd2:	f1 1d       	adc	r31, r1
    1cd4:	80 81       	ld	r24, Z
    1cd6:	80 33       	cpi	r24, 0x30	; 48
    1cd8:	19 f4       	brne	.+6      	; 0x1ce0 <vfprintf+0x22c>
    1cda:	11 50       	subi	r17, 0x01	; 1
    1cdc:	11 11       	cpse	r17, r1
    1cde:	f4 cf       	rjmp	.-24     	; 0x1cc8 <vfprintf+0x214>
    1ce0:	97 fe       	sbrs	r9, 7
    1ce2:	0e c0       	rjmp	.+28     	; 0x1d00 <vfprintf+0x24c>
    1ce4:	44 24       	eor	r4, r4
    1ce6:	43 94       	inc	r4
    1ce8:	41 0e       	add	r4, r17
    1cea:	81 2f       	mov	r24, r17
    1cec:	90 e0       	ldi	r25, 0x00	; 0
    1cee:	c8 16       	cp	r12, r24
    1cf0:	d9 06       	cpc	r13, r25
    1cf2:	2c f4       	brge	.+10     	; 0x1cfe <vfprintf+0x24a>
    1cf4:	1c 19       	sub	r17, r12
    1cf6:	04 c0       	rjmp	.+8      	; 0x1d00 <vfprintf+0x24c>
    1cf8:	44 24       	eor	r4, r4
    1cfa:	43 94       	inc	r4
    1cfc:	01 c0       	rjmp	.+2      	; 0x1d00 <vfprintf+0x24c>
    1cfe:	10 e0       	ldi	r17, 0x00	; 0
    1d00:	97 fe       	sbrs	r9, 7
    1d02:	06 c0       	rjmp	.+12     	; 0x1d10 <vfprintf+0x25c>
    1d04:	1c 14       	cp	r1, r12
    1d06:	1d 04       	cpc	r1, r13
    1d08:	34 f4       	brge	.+12     	; 0x1d16 <vfprintf+0x262>
    1d0a:	c6 01       	movw	r24, r12
    1d0c:	01 96       	adiw	r24, 0x01	; 1
    1d0e:	05 c0       	rjmp	.+10     	; 0x1d1a <vfprintf+0x266>
    1d10:	85 e0       	ldi	r24, 0x05	; 5
    1d12:	90 e0       	ldi	r25, 0x00	; 0
    1d14:	02 c0       	rjmp	.+4      	; 0x1d1a <vfprintf+0x266>
    1d16:	81 e0       	ldi	r24, 0x01	; 1
    1d18:	90 e0       	ldi	r25, 0x00	; 0
    1d1a:	01 11       	cpse	r16, r1
    1d1c:	01 96       	adiw	r24, 0x01	; 1
    1d1e:	11 23       	and	r17, r17
    1d20:	31 f0       	breq	.+12     	; 0x1d2e <vfprintf+0x27a>
    1d22:	21 2f       	mov	r18, r17
    1d24:	30 e0       	ldi	r19, 0x00	; 0
    1d26:	2f 5f       	subi	r18, 0xFF	; 255
    1d28:	3f 4f       	sbci	r19, 0xFF	; 255
    1d2a:	82 0f       	add	r24, r18
    1d2c:	93 1f       	adc	r25, r19
    1d2e:	25 2d       	mov	r18, r5
    1d30:	30 e0       	ldi	r19, 0x00	; 0
    1d32:	82 17       	cp	r24, r18
    1d34:	93 07       	cpc	r25, r19
    1d36:	14 f4       	brge	.+4      	; 0x1d3c <vfprintf+0x288>
    1d38:	58 1a       	sub	r5, r24
    1d3a:	01 c0       	rjmp	.+2      	; 0x1d3e <vfprintf+0x28a>
    1d3c:	51 2c       	mov	r5, r1
    1d3e:	89 2d       	mov	r24, r9
    1d40:	89 70       	andi	r24, 0x09	; 9
    1d42:	49 f4       	brne	.+18     	; 0x1d56 <vfprintf+0x2a2>
    1d44:	55 20       	and	r5, r5
    1d46:	39 f0       	breq	.+14     	; 0x1d56 <vfprintf+0x2a2>
    1d48:	b7 01       	movw	r22, r14
    1d4a:	80 e2       	ldi	r24, 0x20	; 32
    1d4c:	90 e0       	ldi	r25, 0x00	; 0
    1d4e:	0e 94 f1 11 	call	0x23e2	; 0x23e2 <fputc>
    1d52:	5a 94       	dec	r5
    1d54:	f7 cf       	rjmp	.-18     	; 0x1d44 <vfprintf+0x290>
    1d56:	00 23       	and	r16, r16
    1d58:	29 f0       	breq	.+10     	; 0x1d64 <vfprintf+0x2b0>
    1d5a:	b7 01       	movw	r22, r14
    1d5c:	80 2f       	mov	r24, r16
    1d5e:	90 e0       	ldi	r25, 0x00	; 0
    1d60:	0e 94 f1 11 	call	0x23e2	; 0x23e2 <fputc>
    1d64:	93 fc       	sbrc	r9, 3
    1d66:	09 c0       	rjmp	.+18     	; 0x1d7a <vfprintf+0x2c6>
    1d68:	55 20       	and	r5, r5
    1d6a:	39 f0       	breq	.+14     	; 0x1d7a <vfprintf+0x2c6>
    1d6c:	b7 01       	movw	r22, r14
    1d6e:	80 e3       	ldi	r24, 0x30	; 48
    1d70:	90 e0       	ldi	r25, 0x00	; 0
    1d72:	0e 94 f1 11 	call	0x23e2	; 0x23e2 <fputc>
    1d76:	5a 94       	dec	r5
    1d78:	f7 cf       	rjmp	.-18     	; 0x1d68 <vfprintf+0x2b4>
    1d7a:	97 fe       	sbrs	r9, 7
    1d7c:	4c c0       	rjmp	.+152    	; 0x1e16 <vfprintf+0x362>
    1d7e:	46 01       	movw	r8, r12
    1d80:	d7 fe       	sbrs	r13, 7
    1d82:	02 c0       	rjmp	.+4      	; 0x1d88 <vfprintf+0x2d4>
    1d84:	81 2c       	mov	r8, r1
    1d86:	91 2c       	mov	r9, r1
    1d88:	c6 01       	movw	r24, r12
    1d8a:	88 19       	sub	r24, r8
    1d8c:	99 09       	sbc	r25, r9
    1d8e:	f3 01       	movw	r30, r6
    1d90:	e8 0f       	add	r30, r24
    1d92:	f9 1f       	adc	r31, r25
    1d94:	ed 87       	std	Y+13, r30	; 0x0d
    1d96:	fe 87       	std	Y+14, r31	; 0x0e
    1d98:	96 01       	movw	r18, r12
    1d9a:	24 19       	sub	r18, r4
    1d9c:	31 09       	sbc	r19, r1
    1d9e:	2f 87       	std	Y+15, r18	; 0x0f
    1da0:	38 8b       	std	Y+16, r19	; 0x10
    1da2:	01 2f       	mov	r16, r17
    1da4:	10 e0       	ldi	r17, 0x00	; 0
    1da6:	11 95       	neg	r17
    1da8:	01 95       	neg	r16
    1daa:	11 09       	sbc	r17, r1
    1dac:	3f ef       	ldi	r19, 0xFF	; 255
    1dae:	83 16       	cp	r8, r19
    1db0:	93 06       	cpc	r9, r19
    1db2:	29 f4       	brne	.+10     	; 0x1dbe <vfprintf+0x30a>
    1db4:	b7 01       	movw	r22, r14
    1db6:	8e e2       	ldi	r24, 0x2E	; 46
    1db8:	90 e0       	ldi	r25, 0x00	; 0
    1dba:	0e 94 f1 11 	call	0x23e2	; 0x23e2 <fputc>
    1dbe:	c8 14       	cp	r12, r8
    1dc0:	d9 04       	cpc	r13, r9
    1dc2:	4c f0       	brlt	.+18     	; 0x1dd6 <vfprintf+0x322>
    1dc4:	8f 85       	ldd	r24, Y+15	; 0x0f
    1dc6:	98 89       	ldd	r25, Y+16	; 0x10
    1dc8:	88 15       	cp	r24, r8
    1dca:	99 05       	cpc	r25, r9
    1dcc:	24 f4       	brge	.+8      	; 0x1dd6 <vfprintf+0x322>
    1dce:	ed 85       	ldd	r30, Y+13	; 0x0d
    1dd0:	fe 85       	ldd	r31, Y+14	; 0x0e
    1dd2:	81 81       	ldd	r24, Z+1	; 0x01
    1dd4:	01 c0       	rjmp	.+2      	; 0x1dd8 <vfprintf+0x324>
    1dd6:	80 e3       	ldi	r24, 0x30	; 48
    1dd8:	f1 e0       	ldi	r31, 0x01	; 1
    1dda:	8f 1a       	sub	r8, r31
    1ddc:	91 08       	sbc	r9, r1
    1dde:	2d 85       	ldd	r18, Y+13	; 0x0d
    1de0:	3e 85       	ldd	r19, Y+14	; 0x0e
    1de2:	2f 5f       	subi	r18, 0xFF	; 255
    1de4:	3f 4f       	sbci	r19, 0xFF	; 255
    1de6:	2d 87       	std	Y+13, r18	; 0x0d
    1de8:	3e 87       	std	Y+14, r19	; 0x0e
    1dea:	80 16       	cp	r8, r16
    1dec:	91 06       	cpc	r9, r17
    1dee:	2c f0       	brlt	.+10     	; 0x1dfa <vfprintf+0x346>
    1df0:	b7 01       	movw	r22, r14
    1df2:	90 e0       	ldi	r25, 0x00	; 0
    1df4:	0e 94 f1 11 	call	0x23e2	; 0x23e2 <fputc>
    1df8:	d9 cf       	rjmp	.-78     	; 0x1dac <vfprintf+0x2f8>
    1dfa:	c8 14       	cp	r12, r8
    1dfc:	d9 04       	cpc	r13, r9
    1dfe:	41 f4       	brne	.+16     	; 0x1e10 <vfprintf+0x35c>
    1e00:	9a 81       	ldd	r25, Y+2	; 0x02
    1e02:	96 33       	cpi	r25, 0x36	; 54
    1e04:	20 f4       	brcc	.+8      	; 0x1e0e <vfprintf+0x35a>
    1e06:	95 33       	cpi	r25, 0x35	; 53
    1e08:	19 f4       	brne	.+6      	; 0x1e10 <vfprintf+0x35c>
    1e0a:	3c 85       	ldd	r19, Y+12	; 0x0c
    1e0c:	34 ff       	sbrs	r19, 4
    1e0e:	81 e3       	ldi	r24, 0x31	; 49
    1e10:	b7 01       	movw	r22, r14
    1e12:	90 e0       	ldi	r25, 0x00	; 0
    1e14:	4e c0       	rjmp	.+156    	; 0x1eb2 <vfprintf+0x3fe>
    1e16:	8a 81       	ldd	r24, Y+2	; 0x02
    1e18:	81 33       	cpi	r24, 0x31	; 49
    1e1a:	19 f0       	breq	.+6      	; 0x1e22 <vfprintf+0x36e>
    1e1c:	9c 85       	ldd	r25, Y+12	; 0x0c
    1e1e:	9f 7e       	andi	r25, 0xEF	; 239
    1e20:	9c 87       	std	Y+12, r25	; 0x0c
    1e22:	b7 01       	movw	r22, r14
    1e24:	90 e0       	ldi	r25, 0x00	; 0
    1e26:	0e 94 f1 11 	call	0x23e2	; 0x23e2 <fputc>
    1e2a:	11 11       	cpse	r17, r1
    1e2c:	05 c0       	rjmp	.+10     	; 0x1e38 <vfprintf+0x384>
    1e2e:	94 fc       	sbrc	r9, 4
    1e30:	18 c0       	rjmp	.+48     	; 0x1e62 <vfprintf+0x3ae>
    1e32:	85 e6       	ldi	r24, 0x65	; 101
    1e34:	90 e0       	ldi	r25, 0x00	; 0
    1e36:	17 c0       	rjmp	.+46     	; 0x1e66 <vfprintf+0x3b2>
    1e38:	b7 01       	movw	r22, r14
    1e3a:	8e e2       	ldi	r24, 0x2E	; 46
    1e3c:	90 e0       	ldi	r25, 0x00	; 0
    1e3e:	0e 94 f1 11 	call	0x23e2	; 0x23e2 <fputc>
    1e42:	1e 5f       	subi	r17, 0xFE	; 254
    1e44:	82 e0       	ldi	r24, 0x02	; 2
    1e46:	01 e0       	ldi	r16, 0x01	; 1
    1e48:	08 0f       	add	r16, r24
    1e4a:	f3 01       	movw	r30, r6
    1e4c:	e8 0f       	add	r30, r24
    1e4e:	f1 1d       	adc	r31, r1
    1e50:	80 81       	ld	r24, Z
    1e52:	b7 01       	movw	r22, r14
    1e54:	90 e0       	ldi	r25, 0x00	; 0
    1e56:	0e 94 f1 11 	call	0x23e2	; 0x23e2 <fputc>
    1e5a:	80 2f       	mov	r24, r16
    1e5c:	01 13       	cpse	r16, r17
    1e5e:	f3 cf       	rjmp	.-26     	; 0x1e46 <vfprintf+0x392>
    1e60:	e6 cf       	rjmp	.-52     	; 0x1e2e <vfprintf+0x37a>
    1e62:	85 e4       	ldi	r24, 0x45	; 69
    1e64:	90 e0       	ldi	r25, 0x00	; 0
    1e66:	b7 01       	movw	r22, r14
    1e68:	0e 94 f1 11 	call	0x23e2	; 0x23e2 <fputc>
    1e6c:	d7 fc       	sbrc	r13, 7
    1e6e:	06 c0       	rjmp	.+12     	; 0x1e7c <vfprintf+0x3c8>
    1e70:	c1 14       	cp	r12, r1
    1e72:	d1 04       	cpc	r13, r1
    1e74:	41 f4       	brne	.+16     	; 0x1e86 <vfprintf+0x3d2>
    1e76:	ec 85       	ldd	r30, Y+12	; 0x0c
    1e78:	e4 ff       	sbrs	r30, 4
    1e7a:	05 c0       	rjmp	.+10     	; 0x1e86 <vfprintf+0x3d2>
    1e7c:	d1 94       	neg	r13
    1e7e:	c1 94       	neg	r12
    1e80:	d1 08       	sbc	r13, r1
    1e82:	8d e2       	ldi	r24, 0x2D	; 45
    1e84:	01 c0       	rjmp	.+2      	; 0x1e88 <vfprintf+0x3d4>
    1e86:	8b e2       	ldi	r24, 0x2B	; 43
    1e88:	b7 01       	movw	r22, r14
    1e8a:	90 e0       	ldi	r25, 0x00	; 0
    1e8c:	0e 94 f1 11 	call	0x23e2	; 0x23e2 <fputc>
    1e90:	80 e3       	ldi	r24, 0x30	; 48
    1e92:	2a e0       	ldi	r18, 0x0A	; 10
    1e94:	c2 16       	cp	r12, r18
    1e96:	d1 04       	cpc	r13, r1
    1e98:	2c f0       	brlt	.+10     	; 0x1ea4 <vfprintf+0x3f0>
    1e9a:	8f 5f       	subi	r24, 0xFF	; 255
    1e9c:	fa e0       	ldi	r31, 0x0A	; 10
    1e9e:	cf 1a       	sub	r12, r31
    1ea0:	d1 08       	sbc	r13, r1
    1ea2:	f7 cf       	rjmp	.-18     	; 0x1e92 <vfprintf+0x3de>
    1ea4:	b7 01       	movw	r22, r14
    1ea6:	90 e0       	ldi	r25, 0x00	; 0
    1ea8:	0e 94 f1 11 	call	0x23e2	; 0x23e2 <fputc>
    1eac:	b7 01       	movw	r22, r14
    1eae:	c6 01       	movw	r24, r12
    1eb0:	c0 96       	adiw	r24, 0x30	; 48
    1eb2:	0e 94 f1 11 	call	0x23e2	; 0x23e2 <fputc>
    1eb6:	54 c1       	rjmp	.+680    	; 0x2160 <vfprintf+0x6ac>
    1eb8:	83 36       	cpi	r24, 0x63	; 99
    1eba:	31 f0       	breq	.+12     	; 0x1ec8 <vfprintf+0x414>
    1ebc:	83 37       	cpi	r24, 0x73	; 115
    1ebe:	79 f0       	breq	.+30     	; 0x1ede <vfprintf+0x42a>
    1ec0:	83 35       	cpi	r24, 0x53	; 83
    1ec2:	09 f0       	breq	.+2      	; 0x1ec6 <vfprintf+0x412>
    1ec4:	56 c0       	rjmp	.+172    	; 0x1f72 <vfprintf+0x4be>
    1ec6:	20 c0       	rjmp	.+64     	; 0x1f08 <vfprintf+0x454>
    1ec8:	56 01       	movw	r10, r12
    1eca:	32 e0       	ldi	r19, 0x02	; 2
    1ecc:	a3 0e       	add	r10, r19
    1ece:	b1 1c       	adc	r11, r1
    1ed0:	f6 01       	movw	r30, r12
    1ed2:	80 81       	ld	r24, Z
    1ed4:	89 83       	std	Y+1, r24	; 0x01
    1ed6:	01 e0       	ldi	r16, 0x01	; 1
    1ed8:	10 e0       	ldi	r17, 0x00	; 0
    1eda:	63 01       	movw	r12, r6
    1edc:	12 c0       	rjmp	.+36     	; 0x1f02 <vfprintf+0x44e>
    1ede:	56 01       	movw	r10, r12
    1ee0:	f2 e0       	ldi	r31, 0x02	; 2
    1ee2:	af 0e       	add	r10, r31
    1ee4:	b1 1c       	adc	r11, r1
    1ee6:	f6 01       	movw	r30, r12
    1ee8:	c0 80       	ld	r12, Z
    1eea:	d1 80       	ldd	r13, Z+1	; 0x01
    1eec:	96 fe       	sbrs	r9, 6
    1eee:	03 c0       	rjmp	.+6      	; 0x1ef6 <vfprintf+0x442>
    1ef0:	61 2f       	mov	r22, r17
    1ef2:	70 e0       	ldi	r23, 0x00	; 0
    1ef4:	02 c0       	rjmp	.+4      	; 0x1efa <vfprintf+0x446>
    1ef6:	6f ef       	ldi	r22, 0xFF	; 255
    1ef8:	7f ef       	ldi	r23, 0xFF	; 255
    1efa:	c6 01       	movw	r24, r12
    1efc:	0e 94 e6 11 	call	0x23cc	; 0x23cc <strnlen>
    1f00:	8c 01       	movw	r16, r24
    1f02:	f9 2d       	mov	r31, r9
    1f04:	ff 77       	andi	r31, 0x7F	; 127
    1f06:	14 c0       	rjmp	.+40     	; 0x1f30 <vfprintf+0x47c>
    1f08:	56 01       	movw	r10, r12
    1f0a:	22 e0       	ldi	r18, 0x02	; 2
    1f0c:	a2 0e       	add	r10, r18
    1f0e:	b1 1c       	adc	r11, r1
    1f10:	f6 01       	movw	r30, r12
    1f12:	c0 80       	ld	r12, Z
    1f14:	d1 80       	ldd	r13, Z+1	; 0x01
    1f16:	96 fe       	sbrs	r9, 6
    1f18:	03 c0       	rjmp	.+6      	; 0x1f20 <vfprintf+0x46c>
    1f1a:	61 2f       	mov	r22, r17
    1f1c:	70 e0       	ldi	r23, 0x00	; 0
    1f1e:	02 c0       	rjmp	.+4      	; 0x1f24 <vfprintf+0x470>
    1f20:	6f ef       	ldi	r22, 0xFF	; 255
    1f22:	7f ef       	ldi	r23, 0xFF	; 255
    1f24:	c6 01       	movw	r24, r12
    1f26:	0e 94 d2 11 	call	0x23a4	; 0x23a4 <strnlen_P>
    1f2a:	8c 01       	movw	r16, r24
    1f2c:	f9 2d       	mov	r31, r9
    1f2e:	f0 68       	ori	r31, 0x80	; 128
    1f30:	9f 2e       	mov	r9, r31
    1f32:	f3 fd       	sbrc	r31, 3
    1f34:	1a c0       	rjmp	.+52     	; 0x1f6a <vfprintf+0x4b6>
    1f36:	85 2d       	mov	r24, r5
    1f38:	90 e0       	ldi	r25, 0x00	; 0
    1f3a:	08 17       	cp	r16, r24
    1f3c:	19 07       	cpc	r17, r25
    1f3e:	a8 f4       	brcc	.+42     	; 0x1f6a <vfprintf+0x4b6>
    1f40:	b7 01       	movw	r22, r14
    1f42:	80 e2       	ldi	r24, 0x20	; 32
    1f44:	90 e0       	ldi	r25, 0x00	; 0
    1f46:	0e 94 f1 11 	call	0x23e2	; 0x23e2 <fputc>
    1f4a:	5a 94       	dec	r5
    1f4c:	f4 cf       	rjmp	.-24     	; 0x1f36 <vfprintf+0x482>
    1f4e:	f6 01       	movw	r30, r12
    1f50:	97 fc       	sbrc	r9, 7
    1f52:	85 91       	lpm	r24, Z+
    1f54:	97 fe       	sbrs	r9, 7
    1f56:	81 91       	ld	r24, Z+
    1f58:	6f 01       	movw	r12, r30
    1f5a:	b7 01       	movw	r22, r14
    1f5c:	90 e0       	ldi	r25, 0x00	; 0
    1f5e:	0e 94 f1 11 	call	0x23e2	; 0x23e2 <fputc>
    1f62:	51 10       	cpse	r5, r1
    1f64:	5a 94       	dec	r5
    1f66:	01 50       	subi	r16, 0x01	; 1
    1f68:	11 09       	sbc	r17, r1
    1f6a:	01 15       	cp	r16, r1
    1f6c:	11 05       	cpc	r17, r1
    1f6e:	79 f7       	brne	.-34     	; 0x1f4e <vfprintf+0x49a>
    1f70:	f7 c0       	rjmp	.+494    	; 0x2160 <vfprintf+0x6ac>
    1f72:	84 36       	cpi	r24, 0x64	; 100
    1f74:	11 f0       	breq	.+4      	; 0x1f7a <vfprintf+0x4c6>
    1f76:	89 36       	cpi	r24, 0x69	; 105
    1f78:	61 f5       	brne	.+88     	; 0x1fd2 <vfprintf+0x51e>
    1f7a:	56 01       	movw	r10, r12
    1f7c:	97 fe       	sbrs	r9, 7
    1f7e:	09 c0       	rjmp	.+18     	; 0x1f92 <vfprintf+0x4de>
    1f80:	24 e0       	ldi	r18, 0x04	; 4
    1f82:	a2 0e       	add	r10, r18
    1f84:	b1 1c       	adc	r11, r1
    1f86:	f6 01       	movw	r30, r12
    1f88:	60 81       	ld	r22, Z
    1f8a:	71 81       	ldd	r23, Z+1	; 0x01
    1f8c:	82 81       	ldd	r24, Z+2	; 0x02
    1f8e:	93 81       	ldd	r25, Z+3	; 0x03
    1f90:	0a c0       	rjmp	.+20     	; 0x1fa6 <vfprintf+0x4f2>
    1f92:	f2 e0       	ldi	r31, 0x02	; 2
    1f94:	af 0e       	add	r10, r31
    1f96:	b1 1c       	adc	r11, r1
    1f98:	f6 01       	movw	r30, r12
    1f9a:	60 81       	ld	r22, Z
    1f9c:	71 81       	ldd	r23, Z+1	; 0x01
    1f9e:	07 2e       	mov	r0, r23
    1fa0:	00 0c       	add	r0, r0
    1fa2:	88 0b       	sbc	r24, r24
    1fa4:	99 0b       	sbc	r25, r25
    1fa6:	f9 2d       	mov	r31, r9
    1fa8:	ff 76       	andi	r31, 0x6F	; 111
    1faa:	9f 2e       	mov	r9, r31
    1fac:	97 ff       	sbrs	r25, 7
    1fae:	09 c0       	rjmp	.+18     	; 0x1fc2 <vfprintf+0x50e>
    1fb0:	90 95       	com	r25
    1fb2:	80 95       	com	r24
    1fb4:	70 95       	com	r23
    1fb6:	61 95       	neg	r22
    1fb8:	7f 4f       	sbci	r23, 0xFF	; 255
    1fba:	8f 4f       	sbci	r24, 0xFF	; 255
    1fbc:	9f 4f       	sbci	r25, 0xFF	; 255
    1fbe:	f0 68       	ori	r31, 0x80	; 128
    1fc0:	9f 2e       	mov	r9, r31
    1fc2:	2a e0       	ldi	r18, 0x0A	; 10
    1fc4:	30 e0       	ldi	r19, 0x00	; 0
    1fc6:	a3 01       	movw	r20, r6
    1fc8:	0e 94 41 12 	call	0x2482	; 0x2482 <__ultoa_invert>
    1fcc:	c8 2e       	mov	r12, r24
    1fce:	c6 18       	sub	r12, r6
    1fd0:	3f c0       	rjmp	.+126    	; 0x2050 <vfprintf+0x59c>
    1fd2:	09 2d       	mov	r16, r9
    1fd4:	85 37       	cpi	r24, 0x75	; 117
    1fd6:	21 f4       	brne	.+8      	; 0x1fe0 <vfprintf+0x52c>
    1fd8:	0f 7e       	andi	r16, 0xEF	; 239
    1fda:	2a e0       	ldi	r18, 0x0A	; 10
    1fdc:	30 e0       	ldi	r19, 0x00	; 0
    1fde:	1d c0       	rjmp	.+58     	; 0x201a <vfprintf+0x566>
    1fe0:	09 7f       	andi	r16, 0xF9	; 249
    1fe2:	8f 36       	cpi	r24, 0x6F	; 111
    1fe4:	91 f0       	breq	.+36     	; 0x200a <vfprintf+0x556>
    1fe6:	18 f4       	brcc	.+6      	; 0x1fee <vfprintf+0x53a>
    1fe8:	88 35       	cpi	r24, 0x58	; 88
    1fea:	59 f0       	breq	.+22     	; 0x2002 <vfprintf+0x54e>
    1fec:	c3 c0       	rjmp	.+390    	; 0x2174 <vfprintf+0x6c0>
    1fee:	80 37       	cpi	r24, 0x70	; 112
    1ff0:	19 f0       	breq	.+6      	; 0x1ff8 <vfprintf+0x544>
    1ff2:	88 37       	cpi	r24, 0x78	; 120
    1ff4:	11 f0       	breq	.+4      	; 0x1ffa <vfprintf+0x546>
    1ff6:	be c0       	rjmp	.+380    	; 0x2174 <vfprintf+0x6c0>
    1ff8:	00 61       	ori	r16, 0x10	; 16
    1ffa:	04 ff       	sbrs	r16, 4
    1ffc:	09 c0       	rjmp	.+18     	; 0x2010 <vfprintf+0x55c>
    1ffe:	04 60       	ori	r16, 0x04	; 4
    2000:	07 c0       	rjmp	.+14     	; 0x2010 <vfprintf+0x55c>
    2002:	94 fe       	sbrs	r9, 4
    2004:	08 c0       	rjmp	.+16     	; 0x2016 <vfprintf+0x562>
    2006:	06 60       	ori	r16, 0x06	; 6
    2008:	06 c0       	rjmp	.+12     	; 0x2016 <vfprintf+0x562>
    200a:	28 e0       	ldi	r18, 0x08	; 8
    200c:	30 e0       	ldi	r19, 0x00	; 0
    200e:	05 c0       	rjmp	.+10     	; 0x201a <vfprintf+0x566>
    2010:	20 e1       	ldi	r18, 0x10	; 16
    2012:	30 e0       	ldi	r19, 0x00	; 0
    2014:	02 c0       	rjmp	.+4      	; 0x201a <vfprintf+0x566>
    2016:	20 e1       	ldi	r18, 0x10	; 16
    2018:	32 e0       	ldi	r19, 0x02	; 2
    201a:	56 01       	movw	r10, r12
    201c:	07 ff       	sbrs	r16, 7
    201e:	09 c0       	rjmp	.+18     	; 0x2032 <vfprintf+0x57e>
    2020:	84 e0       	ldi	r24, 0x04	; 4
    2022:	a8 0e       	add	r10, r24
    2024:	b1 1c       	adc	r11, r1
    2026:	f6 01       	movw	r30, r12
    2028:	60 81       	ld	r22, Z
    202a:	71 81       	ldd	r23, Z+1	; 0x01
    202c:	82 81       	ldd	r24, Z+2	; 0x02
    202e:	93 81       	ldd	r25, Z+3	; 0x03
    2030:	08 c0       	rjmp	.+16     	; 0x2042 <vfprintf+0x58e>
    2032:	f2 e0       	ldi	r31, 0x02	; 2
    2034:	af 0e       	add	r10, r31
    2036:	b1 1c       	adc	r11, r1
    2038:	f6 01       	movw	r30, r12
    203a:	60 81       	ld	r22, Z
    203c:	71 81       	ldd	r23, Z+1	; 0x01
    203e:	80 e0       	ldi	r24, 0x00	; 0
    2040:	90 e0       	ldi	r25, 0x00	; 0
    2042:	a3 01       	movw	r20, r6
    2044:	0e 94 41 12 	call	0x2482	; 0x2482 <__ultoa_invert>
    2048:	c8 2e       	mov	r12, r24
    204a:	c6 18       	sub	r12, r6
    204c:	0f 77       	andi	r16, 0x7F	; 127
    204e:	90 2e       	mov	r9, r16
    2050:	96 fe       	sbrs	r9, 6
    2052:	0b c0       	rjmp	.+22     	; 0x206a <vfprintf+0x5b6>
    2054:	09 2d       	mov	r16, r9
    2056:	0e 7f       	andi	r16, 0xFE	; 254
    2058:	c1 16       	cp	r12, r17
    205a:	50 f4       	brcc	.+20     	; 0x2070 <vfprintf+0x5bc>
    205c:	94 fe       	sbrs	r9, 4
    205e:	0a c0       	rjmp	.+20     	; 0x2074 <vfprintf+0x5c0>
    2060:	92 fc       	sbrc	r9, 2
    2062:	08 c0       	rjmp	.+16     	; 0x2074 <vfprintf+0x5c0>
    2064:	09 2d       	mov	r16, r9
    2066:	0e 7e       	andi	r16, 0xEE	; 238
    2068:	05 c0       	rjmp	.+10     	; 0x2074 <vfprintf+0x5c0>
    206a:	dc 2c       	mov	r13, r12
    206c:	09 2d       	mov	r16, r9
    206e:	03 c0       	rjmp	.+6      	; 0x2076 <vfprintf+0x5c2>
    2070:	dc 2c       	mov	r13, r12
    2072:	01 c0       	rjmp	.+2      	; 0x2076 <vfprintf+0x5c2>
    2074:	d1 2e       	mov	r13, r17
    2076:	04 ff       	sbrs	r16, 4
    2078:	0d c0       	rjmp	.+26     	; 0x2094 <vfprintf+0x5e0>
    207a:	fe 01       	movw	r30, r28
    207c:	ec 0d       	add	r30, r12
    207e:	f1 1d       	adc	r31, r1
    2080:	80 81       	ld	r24, Z
    2082:	80 33       	cpi	r24, 0x30	; 48
    2084:	11 f4       	brne	.+4      	; 0x208a <vfprintf+0x5d6>
    2086:	09 7e       	andi	r16, 0xE9	; 233
    2088:	09 c0       	rjmp	.+18     	; 0x209c <vfprintf+0x5e8>
    208a:	02 ff       	sbrs	r16, 2
    208c:	06 c0       	rjmp	.+12     	; 0x209a <vfprintf+0x5e6>
    208e:	d3 94       	inc	r13
    2090:	d3 94       	inc	r13
    2092:	04 c0       	rjmp	.+8      	; 0x209c <vfprintf+0x5e8>
    2094:	80 2f       	mov	r24, r16
    2096:	86 78       	andi	r24, 0x86	; 134
    2098:	09 f0       	breq	.+2      	; 0x209c <vfprintf+0x5e8>
    209a:	d3 94       	inc	r13
    209c:	03 fd       	sbrc	r16, 3
    209e:	11 c0       	rjmp	.+34     	; 0x20c2 <vfprintf+0x60e>
    20a0:	00 ff       	sbrs	r16, 0
    20a2:	06 c0       	rjmp	.+12     	; 0x20b0 <vfprintf+0x5fc>
    20a4:	1c 2d       	mov	r17, r12
    20a6:	d5 14       	cp	r13, r5
    20a8:	80 f4       	brcc	.+32     	; 0x20ca <vfprintf+0x616>
    20aa:	15 0d       	add	r17, r5
    20ac:	1d 19       	sub	r17, r13
    20ae:	0d c0       	rjmp	.+26     	; 0x20ca <vfprintf+0x616>
    20b0:	d5 14       	cp	r13, r5
    20b2:	58 f4       	brcc	.+22     	; 0x20ca <vfprintf+0x616>
    20b4:	b7 01       	movw	r22, r14
    20b6:	80 e2       	ldi	r24, 0x20	; 32
    20b8:	90 e0       	ldi	r25, 0x00	; 0
    20ba:	0e 94 f1 11 	call	0x23e2	; 0x23e2 <fputc>
    20be:	d3 94       	inc	r13
    20c0:	f7 cf       	rjmp	.-18     	; 0x20b0 <vfprintf+0x5fc>
    20c2:	d5 14       	cp	r13, r5
    20c4:	10 f4       	brcc	.+4      	; 0x20ca <vfprintf+0x616>
    20c6:	5d 18       	sub	r5, r13
    20c8:	01 c0       	rjmp	.+2      	; 0x20cc <vfprintf+0x618>
    20ca:	51 2c       	mov	r5, r1
    20cc:	04 ff       	sbrs	r16, 4
    20ce:	10 c0       	rjmp	.+32     	; 0x20f0 <vfprintf+0x63c>
    20d0:	b7 01       	movw	r22, r14
    20d2:	80 e3       	ldi	r24, 0x30	; 48
    20d4:	90 e0       	ldi	r25, 0x00	; 0
    20d6:	0e 94 f1 11 	call	0x23e2	; 0x23e2 <fputc>
    20da:	02 ff       	sbrs	r16, 2
    20dc:	17 c0       	rjmp	.+46     	; 0x210c <vfprintf+0x658>
    20de:	01 fd       	sbrc	r16, 1
    20e0:	03 c0       	rjmp	.+6      	; 0x20e8 <vfprintf+0x634>
    20e2:	88 e7       	ldi	r24, 0x78	; 120
    20e4:	90 e0       	ldi	r25, 0x00	; 0
    20e6:	02 c0       	rjmp	.+4      	; 0x20ec <vfprintf+0x638>
    20e8:	88 e5       	ldi	r24, 0x58	; 88
    20ea:	90 e0       	ldi	r25, 0x00	; 0
    20ec:	b7 01       	movw	r22, r14
    20ee:	0c c0       	rjmp	.+24     	; 0x2108 <vfprintf+0x654>
    20f0:	80 2f       	mov	r24, r16
    20f2:	86 78       	andi	r24, 0x86	; 134
    20f4:	59 f0       	breq	.+22     	; 0x210c <vfprintf+0x658>
    20f6:	01 ff       	sbrs	r16, 1
    20f8:	02 c0       	rjmp	.+4      	; 0x20fe <vfprintf+0x64a>
    20fa:	8b e2       	ldi	r24, 0x2B	; 43
    20fc:	01 c0       	rjmp	.+2      	; 0x2100 <vfprintf+0x64c>
    20fe:	80 e2       	ldi	r24, 0x20	; 32
    2100:	07 fd       	sbrc	r16, 7
    2102:	8d e2       	ldi	r24, 0x2D	; 45
    2104:	b7 01       	movw	r22, r14
    2106:	90 e0       	ldi	r25, 0x00	; 0
    2108:	0e 94 f1 11 	call	0x23e2	; 0x23e2 <fputc>
    210c:	c1 16       	cp	r12, r17
    210e:	38 f4       	brcc	.+14     	; 0x211e <vfprintf+0x66a>
    2110:	b7 01       	movw	r22, r14
    2112:	80 e3       	ldi	r24, 0x30	; 48
    2114:	90 e0       	ldi	r25, 0x00	; 0
    2116:	0e 94 f1 11 	call	0x23e2	; 0x23e2 <fputc>
    211a:	11 50       	subi	r17, 0x01	; 1
    211c:	f7 cf       	rjmp	.-18     	; 0x210c <vfprintf+0x658>
    211e:	ca 94       	dec	r12
    2120:	f3 01       	movw	r30, r6
    2122:	ec 0d       	add	r30, r12
    2124:	f1 1d       	adc	r31, r1
    2126:	80 81       	ld	r24, Z
    2128:	b7 01       	movw	r22, r14
    212a:	90 e0       	ldi	r25, 0x00	; 0
    212c:	0e 94 f1 11 	call	0x23e2	; 0x23e2 <fputc>
    2130:	c1 10       	cpse	r12, r1
    2132:	f5 cf       	rjmp	.-22     	; 0x211e <vfprintf+0x66a>
    2134:	15 c0       	rjmp	.+42     	; 0x2160 <vfprintf+0x6ac>
    2136:	f4 e0       	ldi	r31, 0x04	; 4
    2138:	f5 15       	cp	r31, r5
    213a:	60 f5       	brcc	.+88     	; 0x2194 <vfprintf+0x6e0>
    213c:	84 e0       	ldi	r24, 0x04	; 4
    213e:	58 1a       	sub	r5, r24
    2140:	93 fe       	sbrs	r9, 3
    2142:	1f c0       	rjmp	.+62     	; 0x2182 <vfprintf+0x6ce>
    2144:	01 11       	cpse	r16, r1
    2146:	27 c0       	rjmp	.+78     	; 0x2196 <vfprintf+0x6e2>
    2148:	2c 85       	ldd	r18, Y+12	; 0x0c
    214a:	23 ff       	sbrs	r18, 3
    214c:	2a c0       	rjmp	.+84     	; 0x21a2 <vfprintf+0x6ee>
    214e:	06 e8       	ldi	r16, 0x86	; 134
    2150:	12 e0       	ldi	r17, 0x02	; 2
    2152:	39 2d       	mov	r19, r9
    2154:	30 71       	andi	r19, 0x10	; 16
    2156:	93 2e       	mov	r9, r19
    2158:	f8 01       	movw	r30, r16
    215a:	84 91       	lpm	r24, Z
    215c:	81 11       	cpse	r24, r1
    215e:	24 c0       	rjmp	.+72     	; 0x21a8 <vfprintf+0x6f4>
    2160:	55 20       	and	r5, r5
    2162:	09 f4       	brne	.+2      	; 0x2166 <vfprintf+0x6b2>
    2164:	e4 cc       	rjmp	.-1592   	; 0x1b2e <vfprintf+0x7a>
    2166:	b7 01       	movw	r22, r14
    2168:	80 e2       	ldi	r24, 0x20	; 32
    216a:	90 e0       	ldi	r25, 0x00	; 0
    216c:	0e 94 f1 11 	call	0x23e2	; 0x23e2 <fputc>
    2170:	5a 94       	dec	r5
    2172:	f6 cf       	rjmp	.-20     	; 0x2160 <vfprintf+0x6ac>
    2174:	f7 01       	movw	r30, r14
    2176:	86 81       	ldd	r24, Z+6	; 0x06
    2178:	97 81       	ldd	r25, Z+7	; 0x07
    217a:	26 c0       	rjmp	.+76     	; 0x21c8 <vfprintf+0x714>
    217c:	8f ef       	ldi	r24, 0xFF	; 255
    217e:	9f ef       	ldi	r25, 0xFF	; 255
    2180:	23 c0       	rjmp	.+70     	; 0x21c8 <vfprintf+0x714>
    2182:	b7 01       	movw	r22, r14
    2184:	80 e2       	ldi	r24, 0x20	; 32
    2186:	90 e0       	ldi	r25, 0x00	; 0
    2188:	0e 94 f1 11 	call	0x23e2	; 0x23e2 <fputc>
    218c:	5a 94       	dec	r5
    218e:	51 10       	cpse	r5, r1
    2190:	f8 cf       	rjmp	.-16     	; 0x2182 <vfprintf+0x6ce>
    2192:	d8 cf       	rjmp	.-80     	; 0x2144 <vfprintf+0x690>
    2194:	51 2c       	mov	r5, r1
    2196:	b7 01       	movw	r22, r14
    2198:	80 2f       	mov	r24, r16
    219a:	90 e0       	ldi	r25, 0x00	; 0
    219c:	0e 94 f1 11 	call	0x23e2	; 0x23e2 <fputc>
    21a0:	d3 cf       	rjmp	.-90     	; 0x2148 <vfprintf+0x694>
    21a2:	0a e8       	ldi	r16, 0x8A	; 138
    21a4:	12 e0       	ldi	r17, 0x02	; 2
    21a6:	d5 cf       	rjmp	.-86     	; 0x2152 <vfprintf+0x69e>
    21a8:	91 10       	cpse	r9, r1
    21aa:	80 52       	subi	r24, 0x20	; 32
    21ac:	b7 01       	movw	r22, r14
    21ae:	90 e0       	ldi	r25, 0x00	; 0
    21b0:	0e 94 f1 11 	call	0x23e2	; 0x23e2 <fputc>
    21b4:	0f 5f       	subi	r16, 0xFF	; 255
    21b6:	1f 4f       	sbci	r17, 0xFF	; 255
    21b8:	cf cf       	rjmp	.-98     	; 0x2158 <vfprintf+0x6a4>
    21ba:	23 e0       	ldi	r18, 0x03	; 3
    21bc:	25 15       	cp	r18, r5
    21be:	10 f4       	brcc	.+4      	; 0x21c4 <vfprintf+0x710>
    21c0:	83 e0       	ldi	r24, 0x03	; 3
    21c2:	bd cf       	rjmp	.-134    	; 0x213e <vfprintf+0x68a>
    21c4:	51 2c       	mov	r5, r1
    21c6:	c0 cf       	rjmp	.-128    	; 0x2148 <vfprintf+0x694>
    21c8:	60 96       	adiw	r28, 0x10	; 16
    21ca:	cd bf       	out	0x3d, r28	; 61
    21cc:	de bf       	out	0x3e, r29	; 62
    21ce:	df 91       	pop	r29
    21d0:	cf 91       	pop	r28
    21d2:	1f 91       	pop	r17
    21d4:	0f 91       	pop	r16
    21d6:	ff 90       	pop	r15
    21d8:	ef 90       	pop	r14
    21da:	df 90       	pop	r13
    21dc:	cf 90       	pop	r12
    21de:	bf 90       	pop	r11
    21e0:	af 90       	pop	r10
    21e2:	9f 90       	pop	r9
    21e4:	8f 90       	pop	r8
    21e6:	7f 90       	pop	r7
    21e8:	6f 90       	pop	r6
    21ea:	5f 90       	pop	r5
    21ec:	4f 90       	pop	r4
    21ee:	3f 90       	pop	r3
    21f0:	2f 90       	pop	r2
    21f2:	08 95       	ret

000021f4 <__ftoa_engine>:
    21f4:	28 30       	cpi	r18, 0x08	; 8
    21f6:	08 f0       	brcs	.+2      	; 0x21fa <__ftoa_engine+0x6>
    21f8:	27 e0       	ldi	r18, 0x07	; 7
    21fa:	33 27       	eor	r19, r19
    21fc:	da 01       	movw	r26, r20
    21fe:	99 0f       	add	r25, r25
    2200:	31 1d       	adc	r19, r1
    2202:	87 fd       	sbrc	r24, 7
    2204:	91 60       	ori	r25, 0x01	; 1
    2206:	00 96       	adiw	r24, 0x00	; 0
    2208:	61 05       	cpc	r22, r1
    220a:	71 05       	cpc	r23, r1
    220c:	39 f4       	brne	.+14     	; 0x221c <__ftoa_engine+0x28>
    220e:	32 60       	ori	r19, 0x02	; 2
    2210:	2e 5f       	subi	r18, 0xFE	; 254
    2212:	3d 93       	st	X+, r19
    2214:	30 e3       	ldi	r19, 0x30	; 48
    2216:	2a 95       	dec	r18
    2218:	e1 f7       	brne	.-8      	; 0x2212 <__ftoa_engine+0x1e>
    221a:	08 95       	ret
    221c:	9f 3f       	cpi	r25, 0xFF	; 255
    221e:	30 f0       	brcs	.+12     	; 0x222c <__ftoa_engine+0x38>
    2220:	80 38       	cpi	r24, 0x80	; 128
    2222:	71 05       	cpc	r23, r1
    2224:	61 05       	cpc	r22, r1
    2226:	09 f0       	breq	.+2      	; 0x222a <__ftoa_engine+0x36>
    2228:	3c 5f       	subi	r19, 0xFC	; 252
    222a:	3c 5f       	subi	r19, 0xFC	; 252
    222c:	3d 93       	st	X+, r19
    222e:	91 30       	cpi	r25, 0x01	; 1
    2230:	08 f0       	brcs	.+2      	; 0x2234 <__ftoa_engine+0x40>
    2232:	80 68       	ori	r24, 0x80	; 128
    2234:	91 1d       	adc	r25, r1
    2236:	df 93       	push	r29
    2238:	cf 93       	push	r28
    223a:	1f 93       	push	r17
    223c:	0f 93       	push	r16
    223e:	ff 92       	push	r15
    2240:	ef 92       	push	r14
    2242:	19 2f       	mov	r17, r25
    2244:	98 7f       	andi	r25, 0xF8	; 248
    2246:	96 95       	lsr	r25
    2248:	e9 2f       	mov	r30, r25
    224a:	96 95       	lsr	r25
    224c:	96 95       	lsr	r25
    224e:	e9 0f       	add	r30, r25
    2250:	ff 27       	eor	r31, r31
    2252:	e8 51       	subi	r30, 0x18	; 24
    2254:	fd 4f       	sbci	r31, 0xFD	; 253
    2256:	99 27       	eor	r25, r25
    2258:	33 27       	eor	r19, r19
    225a:	ee 24       	eor	r14, r14
    225c:	ff 24       	eor	r15, r15
    225e:	a7 01       	movw	r20, r14
    2260:	e7 01       	movw	r28, r14
    2262:	05 90       	lpm	r0, Z+
    2264:	08 94       	sec
    2266:	07 94       	ror	r0
    2268:	28 f4       	brcc	.+10     	; 0x2274 <__ftoa_engine+0x80>
    226a:	36 0f       	add	r19, r22
    226c:	e7 1e       	adc	r14, r23
    226e:	f8 1e       	adc	r15, r24
    2270:	49 1f       	adc	r20, r25
    2272:	51 1d       	adc	r21, r1
    2274:	66 0f       	add	r22, r22
    2276:	77 1f       	adc	r23, r23
    2278:	88 1f       	adc	r24, r24
    227a:	99 1f       	adc	r25, r25
    227c:	06 94       	lsr	r0
    227e:	a1 f7       	brne	.-24     	; 0x2268 <__ftoa_engine+0x74>
    2280:	05 90       	lpm	r0, Z+
    2282:	07 94       	ror	r0
    2284:	28 f4       	brcc	.+10     	; 0x2290 <__ftoa_engine+0x9c>
    2286:	e7 0e       	add	r14, r23
    2288:	f8 1e       	adc	r15, r24
    228a:	49 1f       	adc	r20, r25
    228c:	56 1f       	adc	r21, r22
    228e:	c1 1d       	adc	r28, r1
    2290:	77 0f       	add	r23, r23
    2292:	88 1f       	adc	r24, r24
    2294:	99 1f       	adc	r25, r25
    2296:	66 1f       	adc	r22, r22
    2298:	06 94       	lsr	r0
    229a:	a1 f7       	brne	.-24     	; 0x2284 <__ftoa_engine+0x90>
    229c:	05 90       	lpm	r0, Z+
    229e:	07 94       	ror	r0
    22a0:	28 f4       	brcc	.+10     	; 0x22ac <__ftoa_engine+0xb8>
    22a2:	f8 0e       	add	r15, r24
    22a4:	49 1f       	adc	r20, r25
    22a6:	56 1f       	adc	r21, r22
    22a8:	c7 1f       	adc	r28, r23
    22aa:	d1 1d       	adc	r29, r1
    22ac:	88 0f       	add	r24, r24
    22ae:	99 1f       	adc	r25, r25
    22b0:	66 1f       	adc	r22, r22
    22b2:	77 1f       	adc	r23, r23
    22b4:	06 94       	lsr	r0
    22b6:	a1 f7       	brne	.-24     	; 0x22a0 <__ftoa_engine+0xac>
    22b8:	05 90       	lpm	r0, Z+
    22ba:	07 94       	ror	r0
    22bc:	20 f4       	brcc	.+8      	; 0x22c6 <__ftoa_engine+0xd2>
    22be:	49 0f       	add	r20, r25
    22c0:	56 1f       	adc	r21, r22
    22c2:	c7 1f       	adc	r28, r23
    22c4:	d8 1f       	adc	r29, r24
    22c6:	99 0f       	add	r25, r25
    22c8:	66 1f       	adc	r22, r22
    22ca:	77 1f       	adc	r23, r23
    22cc:	88 1f       	adc	r24, r24
    22ce:	06 94       	lsr	r0
    22d0:	a9 f7       	brne	.-22     	; 0x22bc <__ftoa_engine+0xc8>
    22d2:	84 91       	lpm	r24, Z
    22d4:	10 95       	com	r17
    22d6:	17 70       	andi	r17, 0x07	; 7
    22d8:	41 f0       	breq	.+16     	; 0x22ea <__ftoa_engine+0xf6>
    22da:	d6 95       	lsr	r29
    22dc:	c7 95       	ror	r28
    22de:	57 95       	ror	r21
    22e0:	47 95       	ror	r20
    22e2:	f7 94       	ror	r15
    22e4:	e7 94       	ror	r14
    22e6:	1a 95       	dec	r17
    22e8:	c1 f7       	brne	.-16     	; 0x22da <__ftoa_engine+0xe6>
    22ea:	ee e8       	ldi	r30, 0x8E	; 142
    22ec:	f2 e0       	ldi	r31, 0x02	; 2
    22ee:	68 94       	set
    22f0:	15 90       	lpm	r1, Z+
    22f2:	15 91       	lpm	r17, Z+
    22f4:	35 91       	lpm	r19, Z+
    22f6:	65 91       	lpm	r22, Z+
    22f8:	95 91       	lpm	r25, Z+
    22fa:	05 90       	lpm	r0, Z+
    22fc:	7f e2       	ldi	r23, 0x2F	; 47
    22fe:	73 95       	inc	r23
    2300:	e1 18       	sub	r14, r1
    2302:	f1 0a       	sbc	r15, r17
    2304:	43 0b       	sbc	r20, r19
    2306:	56 0b       	sbc	r21, r22
    2308:	c9 0b       	sbc	r28, r25
    230a:	d0 09       	sbc	r29, r0
    230c:	c0 f7       	brcc	.-16     	; 0x22fe <__ftoa_engine+0x10a>
    230e:	e1 0c       	add	r14, r1
    2310:	f1 1e       	adc	r15, r17
    2312:	43 1f       	adc	r20, r19
    2314:	56 1f       	adc	r21, r22
    2316:	c9 1f       	adc	r28, r25
    2318:	d0 1d       	adc	r29, r0
    231a:	7e f4       	brtc	.+30     	; 0x233a <__ftoa_engine+0x146>
    231c:	70 33       	cpi	r23, 0x30	; 48
    231e:	11 f4       	brne	.+4      	; 0x2324 <__ftoa_engine+0x130>
    2320:	8a 95       	dec	r24
    2322:	e6 cf       	rjmp	.-52     	; 0x22f0 <__ftoa_engine+0xfc>
    2324:	e8 94       	clt
    2326:	01 50       	subi	r16, 0x01	; 1
    2328:	30 f0       	brcs	.+12     	; 0x2336 <__ftoa_engine+0x142>
    232a:	08 0f       	add	r16, r24
    232c:	0a f4       	brpl	.+2      	; 0x2330 <__ftoa_engine+0x13c>
    232e:	00 27       	eor	r16, r16
    2330:	02 17       	cp	r16, r18
    2332:	08 f4       	brcc	.+2      	; 0x2336 <__ftoa_engine+0x142>
    2334:	20 2f       	mov	r18, r16
    2336:	23 95       	inc	r18
    2338:	02 2f       	mov	r16, r18
    233a:	7a 33       	cpi	r23, 0x3A	; 58
    233c:	28 f0       	brcs	.+10     	; 0x2348 <__ftoa_engine+0x154>
    233e:	79 e3       	ldi	r23, 0x39	; 57
    2340:	7d 93       	st	X+, r23
    2342:	2a 95       	dec	r18
    2344:	e9 f7       	brne	.-6      	; 0x2340 <__ftoa_engine+0x14c>
    2346:	10 c0       	rjmp	.+32     	; 0x2368 <__ftoa_engine+0x174>
    2348:	7d 93       	st	X+, r23
    234a:	2a 95       	dec	r18
    234c:	89 f6       	brne	.-94     	; 0x22f0 <__ftoa_engine+0xfc>
    234e:	06 94       	lsr	r0
    2350:	97 95       	ror	r25
    2352:	67 95       	ror	r22
    2354:	37 95       	ror	r19
    2356:	17 95       	ror	r17
    2358:	17 94       	ror	r1
    235a:	e1 18       	sub	r14, r1
    235c:	f1 0a       	sbc	r15, r17
    235e:	43 0b       	sbc	r20, r19
    2360:	56 0b       	sbc	r21, r22
    2362:	c9 0b       	sbc	r28, r25
    2364:	d0 09       	sbc	r29, r0
    2366:	98 f0       	brcs	.+38     	; 0x238e <__ftoa_engine+0x19a>
    2368:	23 95       	inc	r18
    236a:	7e 91       	ld	r23, -X
    236c:	73 95       	inc	r23
    236e:	7a 33       	cpi	r23, 0x3A	; 58
    2370:	08 f0       	brcs	.+2      	; 0x2374 <__ftoa_engine+0x180>
    2372:	70 e3       	ldi	r23, 0x30	; 48
    2374:	7c 93       	st	X, r23
    2376:	20 13       	cpse	r18, r16
    2378:	b8 f7       	brcc	.-18     	; 0x2368 <__ftoa_engine+0x174>
    237a:	7e 91       	ld	r23, -X
    237c:	70 61       	ori	r23, 0x10	; 16
    237e:	7d 93       	st	X+, r23
    2380:	30 f0       	brcs	.+12     	; 0x238e <__ftoa_engine+0x19a>
    2382:	83 95       	inc	r24
    2384:	71 e3       	ldi	r23, 0x31	; 49
    2386:	7d 93       	st	X+, r23
    2388:	70 e3       	ldi	r23, 0x30	; 48
    238a:	2a 95       	dec	r18
    238c:	e1 f7       	brne	.-8      	; 0x2386 <__ftoa_engine+0x192>
    238e:	11 24       	eor	r1, r1
    2390:	ef 90       	pop	r14
    2392:	ff 90       	pop	r15
    2394:	0f 91       	pop	r16
    2396:	1f 91       	pop	r17
    2398:	cf 91       	pop	r28
    239a:	df 91       	pop	r29
    239c:	99 27       	eor	r25, r25
    239e:	87 fd       	sbrc	r24, 7
    23a0:	90 95       	com	r25
    23a2:	08 95       	ret

000023a4 <strnlen_P>:
    23a4:	fc 01       	movw	r30, r24
    23a6:	05 90       	lpm	r0, Z+
    23a8:	61 50       	subi	r22, 0x01	; 1
    23aa:	70 40       	sbci	r23, 0x00	; 0
    23ac:	01 10       	cpse	r0, r1
    23ae:	d8 f7       	brcc	.-10     	; 0x23a6 <strnlen_P+0x2>
    23b0:	80 95       	com	r24
    23b2:	90 95       	com	r25
    23b4:	8e 0f       	add	r24, r30
    23b6:	9f 1f       	adc	r25, r31
    23b8:	08 95       	ret

000023ba <strcmp>:
    23ba:	fb 01       	movw	r30, r22
    23bc:	dc 01       	movw	r26, r24
    23be:	8d 91       	ld	r24, X+
    23c0:	01 90       	ld	r0, Z+
    23c2:	80 19       	sub	r24, r0
    23c4:	01 10       	cpse	r0, r1
    23c6:	d9 f3       	breq	.-10     	; 0x23be <strcmp+0x4>
    23c8:	99 0b       	sbc	r25, r25
    23ca:	08 95       	ret

000023cc <strnlen>:
    23cc:	fc 01       	movw	r30, r24
    23ce:	61 50       	subi	r22, 0x01	; 1
    23d0:	70 40       	sbci	r23, 0x00	; 0
    23d2:	01 90       	ld	r0, Z+
    23d4:	01 10       	cpse	r0, r1
    23d6:	d8 f7       	brcc	.-10     	; 0x23ce <strnlen+0x2>
    23d8:	80 95       	com	r24
    23da:	90 95       	com	r25
    23dc:	8e 0f       	add	r24, r30
    23de:	9f 1f       	adc	r25, r31
    23e0:	08 95       	ret

000023e2 <fputc>:
    23e2:	0f 93       	push	r16
    23e4:	1f 93       	push	r17
    23e6:	cf 93       	push	r28
    23e8:	df 93       	push	r29
    23ea:	fb 01       	movw	r30, r22
    23ec:	23 81       	ldd	r18, Z+3	; 0x03
    23ee:	21 fd       	sbrc	r18, 1
    23f0:	03 c0       	rjmp	.+6      	; 0x23f8 <fputc+0x16>
    23f2:	8f ef       	ldi	r24, 0xFF	; 255
    23f4:	9f ef       	ldi	r25, 0xFF	; 255
    23f6:	2c c0       	rjmp	.+88     	; 0x2450 <fputc+0x6e>
    23f8:	22 ff       	sbrs	r18, 2
    23fa:	16 c0       	rjmp	.+44     	; 0x2428 <fputc+0x46>
    23fc:	46 81       	ldd	r20, Z+6	; 0x06
    23fe:	57 81       	ldd	r21, Z+7	; 0x07
    2400:	24 81       	ldd	r18, Z+4	; 0x04
    2402:	35 81       	ldd	r19, Z+5	; 0x05
    2404:	42 17       	cp	r20, r18
    2406:	53 07       	cpc	r21, r19
    2408:	44 f4       	brge	.+16     	; 0x241a <fputc+0x38>
    240a:	a0 81       	ld	r26, Z
    240c:	b1 81       	ldd	r27, Z+1	; 0x01
    240e:	9d 01       	movw	r18, r26
    2410:	2f 5f       	subi	r18, 0xFF	; 255
    2412:	3f 4f       	sbci	r19, 0xFF	; 255
    2414:	20 83       	st	Z, r18
    2416:	31 83       	std	Z+1, r19	; 0x01
    2418:	8c 93       	st	X, r24
    241a:	26 81       	ldd	r18, Z+6	; 0x06
    241c:	37 81       	ldd	r19, Z+7	; 0x07
    241e:	2f 5f       	subi	r18, 0xFF	; 255
    2420:	3f 4f       	sbci	r19, 0xFF	; 255
    2422:	26 83       	std	Z+6, r18	; 0x06
    2424:	37 83       	std	Z+7, r19	; 0x07
    2426:	14 c0       	rjmp	.+40     	; 0x2450 <fputc+0x6e>
    2428:	8b 01       	movw	r16, r22
    242a:	ec 01       	movw	r28, r24
    242c:	fb 01       	movw	r30, r22
    242e:	00 84       	ldd	r0, Z+8	; 0x08
    2430:	f1 85       	ldd	r31, Z+9	; 0x09
    2432:	e0 2d       	mov	r30, r0
    2434:	19 95       	eicall
    2436:	89 2b       	or	r24, r25
    2438:	e1 f6       	brne	.-72     	; 0x23f2 <fputc+0x10>
    243a:	d8 01       	movw	r26, r16
    243c:	16 96       	adiw	r26, 0x06	; 6
    243e:	8d 91       	ld	r24, X+
    2440:	9c 91       	ld	r25, X
    2442:	17 97       	sbiw	r26, 0x07	; 7
    2444:	01 96       	adiw	r24, 0x01	; 1
    2446:	16 96       	adiw	r26, 0x06	; 6
    2448:	8d 93       	st	X+, r24
    244a:	9c 93       	st	X, r25
    244c:	17 97       	sbiw	r26, 0x07	; 7
    244e:	ce 01       	movw	r24, r28
    2450:	df 91       	pop	r29
    2452:	cf 91       	pop	r28
    2454:	1f 91       	pop	r17
    2456:	0f 91       	pop	r16
    2458:	08 95       	ret

0000245a <printf>:
    245a:	cf 93       	push	r28
    245c:	df 93       	push	r29
    245e:	cd b7       	in	r28, 0x3d	; 61
    2460:	de b7       	in	r29, 0x3e	; 62
    2462:	ae 01       	movw	r20, r28
    2464:	4a 5f       	subi	r20, 0xFA	; 250
    2466:	5f 4f       	sbci	r21, 0xFF	; 255
    2468:	fa 01       	movw	r30, r20
    246a:	61 91       	ld	r22, Z+
    246c:	71 91       	ld	r23, Z+
    246e:	af 01       	movw	r20, r30
    2470:	80 91 7c 20 	lds	r24, 0x207C	; 0x80207c <__iob+0x2>
    2474:	90 91 7d 20 	lds	r25, 0x207D	; 0x80207d <__iob+0x3>
    2478:	0e 94 5a 0d 	call	0x1ab4	; 0x1ab4 <vfprintf>
    247c:	df 91       	pop	r29
    247e:	cf 91       	pop	r28
    2480:	08 95       	ret

00002482 <__ultoa_invert>:
    2482:	fa 01       	movw	r30, r20
    2484:	aa 27       	eor	r26, r26
    2486:	28 30       	cpi	r18, 0x08	; 8
    2488:	51 f1       	breq	.+84     	; 0x24de <__ultoa_invert+0x5c>
    248a:	20 31       	cpi	r18, 0x10	; 16
    248c:	81 f1       	breq	.+96     	; 0x24ee <__ultoa_invert+0x6c>
    248e:	e8 94       	clt
    2490:	6f 93       	push	r22
    2492:	6e 7f       	andi	r22, 0xFE	; 254
    2494:	6e 5f       	subi	r22, 0xFE	; 254
    2496:	7f 4f       	sbci	r23, 0xFF	; 255
    2498:	8f 4f       	sbci	r24, 0xFF	; 255
    249a:	9f 4f       	sbci	r25, 0xFF	; 255
    249c:	af 4f       	sbci	r26, 0xFF	; 255
    249e:	b1 e0       	ldi	r27, 0x01	; 1
    24a0:	3e d0       	rcall	.+124    	; 0x251e <__ultoa_invert+0x9c>
    24a2:	b4 e0       	ldi	r27, 0x04	; 4
    24a4:	3c d0       	rcall	.+120    	; 0x251e <__ultoa_invert+0x9c>
    24a6:	67 0f       	add	r22, r23
    24a8:	78 1f       	adc	r23, r24
    24aa:	89 1f       	adc	r24, r25
    24ac:	9a 1f       	adc	r25, r26
    24ae:	a1 1d       	adc	r26, r1
    24b0:	68 0f       	add	r22, r24
    24b2:	79 1f       	adc	r23, r25
    24b4:	8a 1f       	adc	r24, r26
    24b6:	91 1d       	adc	r25, r1
    24b8:	a1 1d       	adc	r26, r1
    24ba:	6a 0f       	add	r22, r26
    24bc:	71 1d       	adc	r23, r1
    24be:	81 1d       	adc	r24, r1
    24c0:	91 1d       	adc	r25, r1
    24c2:	a1 1d       	adc	r26, r1
    24c4:	20 d0       	rcall	.+64     	; 0x2506 <__ultoa_invert+0x84>
    24c6:	09 f4       	brne	.+2      	; 0x24ca <__ultoa_invert+0x48>
    24c8:	68 94       	set
    24ca:	3f 91       	pop	r19
    24cc:	2a e0       	ldi	r18, 0x0A	; 10
    24ce:	26 9f       	mul	r18, r22
    24d0:	11 24       	eor	r1, r1
    24d2:	30 19       	sub	r19, r0
    24d4:	30 5d       	subi	r19, 0xD0	; 208
    24d6:	31 93       	st	Z+, r19
    24d8:	de f6       	brtc	.-74     	; 0x2490 <__ultoa_invert+0xe>
    24da:	cf 01       	movw	r24, r30
    24dc:	08 95       	ret
    24de:	46 2f       	mov	r20, r22
    24e0:	47 70       	andi	r20, 0x07	; 7
    24e2:	40 5d       	subi	r20, 0xD0	; 208
    24e4:	41 93       	st	Z+, r20
    24e6:	b3 e0       	ldi	r27, 0x03	; 3
    24e8:	0f d0       	rcall	.+30     	; 0x2508 <__ultoa_invert+0x86>
    24ea:	c9 f7       	brne	.-14     	; 0x24de <__ultoa_invert+0x5c>
    24ec:	f6 cf       	rjmp	.-20     	; 0x24da <__ultoa_invert+0x58>
    24ee:	46 2f       	mov	r20, r22
    24f0:	4f 70       	andi	r20, 0x0F	; 15
    24f2:	40 5d       	subi	r20, 0xD0	; 208
    24f4:	4a 33       	cpi	r20, 0x3A	; 58
    24f6:	18 f0       	brcs	.+6      	; 0x24fe <__ultoa_invert+0x7c>
    24f8:	49 5d       	subi	r20, 0xD9	; 217
    24fa:	31 fd       	sbrc	r19, 1
    24fc:	40 52       	subi	r20, 0x20	; 32
    24fe:	41 93       	st	Z+, r20
    2500:	02 d0       	rcall	.+4      	; 0x2506 <__ultoa_invert+0x84>
    2502:	a9 f7       	brne	.-22     	; 0x24ee <__ultoa_invert+0x6c>
    2504:	ea cf       	rjmp	.-44     	; 0x24da <__ultoa_invert+0x58>
    2506:	b4 e0       	ldi	r27, 0x04	; 4
    2508:	a6 95       	lsr	r26
    250a:	97 95       	ror	r25
    250c:	87 95       	ror	r24
    250e:	77 95       	ror	r23
    2510:	67 95       	ror	r22
    2512:	ba 95       	dec	r27
    2514:	c9 f7       	brne	.-14     	; 0x2508 <__ultoa_invert+0x86>
    2516:	00 97       	sbiw	r24, 0x00	; 0
    2518:	61 05       	cpc	r22, r1
    251a:	71 05       	cpc	r23, r1
    251c:	08 95       	ret
    251e:	9b 01       	movw	r18, r22
    2520:	ac 01       	movw	r20, r24
    2522:	0a 2e       	mov	r0, r26
    2524:	06 94       	lsr	r0
    2526:	57 95       	ror	r21
    2528:	47 95       	ror	r20
    252a:	37 95       	ror	r19
    252c:	27 95       	ror	r18
    252e:	ba 95       	dec	r27
    2530:	c9 f7       	brne	.-14     	; 0x2524 <__ultoa_invert+0xa2>
    2532:	62 0f       	add	r22, r18
    2534:	73 1f       	adc	r23, r19
    2536:	84 1f       	adc	r24, r20
    2538:	95 1f       	adc	r25, r21
    253a:	a0 1d       	adc	r26, r0
    253c:	08 95       	ret

0000253e <_exit>:
    253e:	f8 94       	cli

00002540 <__stop_program>:
    2540:	ff cf       	rjmp	.-2      	; 0x2540 <__stop_program>
