
LinebotTemplate1.elf:     file format elf32-avr

Sections:
Idx Name          Size      VMA       LMA       File off  Algn
  0 .text         00006b32  00000000  00000000  00000094  2**1
                  CONTENTS, ALLOC, LOAD, READONLY, CODE
  1 .data         0000015e  00802000  00006b32  00006bc6  2**0
                  CONTENTS, ALLOC, LOAD, DATA
  2 .bss          000002d1  0080215e  0080215e  00006d24  2**0
                  ALLOC
  3 .comment      0000005c  00000000  00000000  00006d24  2**0
                  CONTENTS, READONLY
  4 .note.gnu.avr.deviceinfo 00000040  00000000  00000000  00006d80  2**2
                  CONTENTS, READONLY
  5 .debug_aranges 000006a0  00000000  00000000  00006dc0  2**0
                  CONTENTS, READONLY, DEBUGGING
  6 .debug_info   000095ba  00000000  00000000  00007460  2**0
                  CONTENTS, READONLY, DEBUGGING
  7 .debug_abbrev 00003cfa  00000000  00000000  00010a1a  2**0
                  CONTENTS, READONLY, DEBUGGING
  8 .debug_line   00005800  00000000  00000000  00014714  2**0
                  CONTENTS, READONLY, DEBUGGING
  9 .debug_frame  00001784  00000000  00000000  00019f14  2**2
                  CONTENTS, READONLY, DEBUGGING
 10 .debug_str    000040ec  00000000  00000000  0001b698  2**0
                  CONTENTS, READONLY, DEBUGGING
 11 .debug_loc    00003069  00000000  00000000  0001f784  2**0
                  CONTENTS, READONLY, DEBUGGING
 12 .debug_ranges 000005b0  00000000  00000000  000227ed  2**0
                  CONTENTS, READONLY, DEBUGGING

Disassembly of section .text:

00000000 <__vectors>:
       0:	0c 94 d0 01 	jmp	0x3a0	; 0x3a0 <__ctors_end>
       4:	0c 94 f1 01 	jmp	0x3e2	; 0x3e2 <__bad_interrupt>
       8:	0c 94 75 03 	jmp	0x6ea	; 0x6ea <__vector_2>
       c:	0c 94 d2 03 	jmp	0x7a4	; 0x7a4 <__vector_3>
      10:	0c 94 f1 01 	jmp	0x3e2	; 0x3e2 <__bad_interrupt>
      14:	0c 94 f1 01 	jmp	0x3e2	; 0x3e2 <__bad_interrupt>
      18:	0c 94 f1 01 	jmp	0x3e2	; 0x3e2 <__bad_interrupt>
      1c:	0c 94 f1 01 	jmp	0x3e2	; 0x3e2 <__bad_interrupt>
      20:	0c 94 f1 01 	jmp	0x3e2	; 0x3e2 <__bad_interrupt>
      24:	0c 94 f1 01 	jmp	0x3e2	; 0x3e2 <__bad_interrupt>
      28:	0c 94 f1 01 	jmp	0x3e2	; 0x3e2 <__bad_interrupt>
      2c:	0c 94 f1 01 	jmp	0x3e2	; 0x3e2 <__bad_interrupt>
      30:	0c 94 f1 01 	jmp	0x3e2	; 0x3e2 <__bad_interrupt>
      34:	0c 94 f1 01 	jmp	0x3e2	; 0x3e2 <__bad_interrupt>
      38:	0c 94 69 0f 	jmp	0x1ed2	; 0x1ed2 <__vector_14>
      3c:	0c 94 f1 01 	jmp	0x3e2	; 0x3e2 <__bad_interrupt>
      40:	0c 94 e9 0f 	jmp	0x1fd2	; 0x1fd2 <__vector_16>
      44:	0c 94 f1 01 	jmp	0x3e2	; 0x3e2 <__bad_interrupt>
      48:	0c 94 f1 01 	jmp	0x3e2	; 0x3e2 <__bad_interrupt>
      4c:	0c 94 f1 01 	jmp	0x3e2	; 0x3e2 <__bad_interrupt>
      50:	0c 94 f1 01 	jmp	0x3e2	; 0x3e2 <__bad_interrupt>
      54:	0c 94 f1 01 	jmp	0x3e2	; 0x3e2 <__bad_interrupt>
      58:	0c 94 f1 01 	jmp	0x3e2	; 0x3e2 <__bad_interrupt>
      5c:	0c 94 f1 01 	jmp	0x3e2	; 0x3e2 <__bad_interrupt>
      60:	0c 94 f1 01 	jmp	0x3e2	; 0x3e2 <__bad_interrupt>
      64:	0c 94 f1 01 	jmp	0x3e2	; 0x3e2 <__bad_interrupt>
      68:	0c 94 f1 01 	jmp	0x3e2	; 0x3e2 <__bad_interrupt>
      6c:	0c 94 f1 01 	jmp	0x3e2	; 0x3e2 <__bad_interrupt>
      70:	0c 94 f1 01 	jmp	0x3e2	; 0x3e2 <__bad_interrupt>
      74:	0c 94 f1 01 	jmp	0x3e2	; 0x3e2 <__bad_interrupt>
      78:	0c 94 f1 01 	jmp	0x3e2	; 0x3e2 <__bad_interrupt>
      7c:	0c 94 f1 01 	jmp	0x3e2	; 0x3e2 <__bad_interrupt>
      80:	0c 94 f1 01 	jmp	0x3e2	; 0x3e2 <__bad_interrupt>
      84:	0c 94 f1 01 	jmp	0x3e2	; 0x3e2 <__bad_interrupt>
      88:	0c 94 f1 01 	jmp	0x3e2	; 0x3e2 <__bad_interrupt>
      8c:	0c 94 f1 01 	jmp	0x3e2	; 0x3e2 <__bad_interrupt>
      90:	0c 94 f1 01 	jmp	0x3e2	; 0x3e2 <__bad_interrupt>
      94:	0c 94 f1 01 	jmp	0x3e2	; 0x3e2 <__bad_interrupt>
      98:	0c 94 f1 01 	jmp	0x3e2	; 0x3e2 <__bad_interrupt>
      9c:	0c 94 f1 01 	jmp	0x3e2	; 0x3e2 <__bad_interrupt>
      a0:	0c 94 f1 01 	jmp	0x3e2	; 0x3e2 <__bad_interrupt>
      a4:	0c 94 f1 01 	jmp	0x3e2	; 0x3e2 <__bad_interrupt>
      a8:	0c 94 f1 01 	jmp	0x3e2	; 0x3e2 <__bad_interrupt>
      ac:	0c 94 33 04 	jmp	0x866	; 0x866 <__vector_43>
      b0:	0c 94 98 04 	jmp	0x930	; 0x930 <__vector_44>
      b4:	0c 94 f1 01 	jmp	0x3e2	; 0x3e2 <__bad_interrupt>
      b8:	0c 94 38 06 	jmp	0xc70	; 0xc70 <__vector_46>
      bc:	0c 94 f1 01 	jmp	0x3e2	; 0x3e2 <__bad_interrupt>
      c0:	0c 94 f1 01 	jmp	0x3e2	; 0x3e2 <__bad_interrupt>
      c4:	0c 94 f1 01 	jmp	0x3e2	; 0x3e2 <__bad_interrupt>
      c8:	0c 94 f1 01 	jmp	0x3e2	; 0x3e2 <__bad_interrupt>
      cc:	0c 94 f1 01 	jmp	0x3e2	; 0x3e2 <__bad_interrupt>
      d0:	0c 94 f1 01 	jmp	0x3e2	; 0x3e2 <__bad_interrupt>
      d4:	0c 94 f1 01 	jmp	0x3e2	; 0x3e2 <__bad_interrupt>
      d8:	0c 94 f1 01 	jmp	0x3e2	; 0x3e2 <__bad_interrupt>
      dc:	0c 94 f1 01 	jmp	0x3e2	; 0x3e2 <__bad_interrupt>
      e0:	0c 94 f1 01 	jmp	0x3e2	; 0x3e2 <__bad_interrupt>
      e4:	0c 94 f1 01 	jmp	0x3e2	; 0x3e2 <__bad_interrupt>
      e8:	0c 94 f7 06 	jmp	0xdee	; 0xdee <__vector_58>
      ec:	0c 94 f1 01 	jmp	0x3e2	; 0x3e2 <__bad_interrupt>
      f0:	0c 94 44 07 	jmp	0xe88	; 0xe88 <__vector_60>
      f4:	0c 94 f1 01 	jmp	0x3e2	; 0x3e2 <__bad_interrupt>
      f8:	0c 94 f1 01 	jmp	0x3e2	; 0x3e2 <__bad_interrupt>
      fc:	0c 94 f1 01 	jmp	0x3e2	; 0x3e2 <__bad_interrupt>
     100:	0c 94 f1 01 	jmp	0x3e2	; 0x3e2 <__bad_interrupt>
     104:	0c 94 f1 01 	jmp	0x3e2	; 0x3e2 <__bad_interrupt>
     108:	0c 94 f1 01 	jmp	0x3e2	; 0x3e2 <__bad_interrupt>
     10c:	0c 94 f1 01 	jmp	0x3e2	; 0x3e2 <__bad_interrupt>
     110:	0c 94 f1 01 	jmp	0x3e2	; 0x3e2 <__bad_interrupt>
     114:	0c 94 f1 01 	jmp	0x3e2	; 0x3e2 <__bad_interrupt>
     118:	0c 94 f1 01 	jmp	0x3e2	; 0x3e2 <__bad_interrupt>
     11c:	0c 94 f1 01 	jmp	0x3e2	; 0x3e2 <__bad_interrupt>
     120:	0c 94 f1 01 	jmp	0x3e2	; 0x3e2 <__bad_interrupt>
     124:	0c 94 f1 01 	jmp	0x3e2	; 0x3e2 <__bad_interrupt>
     128:	0c 94 f1 01 	jmp	0x3e2	; 0x3e2 <__bad_interrupt>
     12c:	0c 94 f1 01 	jmp	0x3e2	; 0x3e2 <__bad_interrupt>
     130:	0c 94 f1 01 	jmp	0x3e2	; 0x3e2 <__bad_interrupt>
     134:	0c 94 f1 01 	jmp	0x3e2	; 0x3e2 <__bad_interrupt>
     138:	0c 94 f1 01 	jmp	0x3e2	; 0x3e2 <__bad_interrupt>
     13c:	0c 94 f1 01 	jmp	0x3e2	; 0x3e2 <__bad_interrupt>
     140:	0c 94 f1 01 	jmp	0x3e2	; 0x3e2 <__bad_interrupt>
     144:	0c 94 f1 01 	jmp	0x3e2	; 0x3e2 <__bad_interrupt>
     148:	0c 94 f1 01 	jmp	0x3e2	; 0x3e2 <__bad_interrupt>
     14c:	0c 94 f1 01 	jmp	0x3e2	; 0x3e2 <__bad_interrupt>
     150:	0c 94 f1 01 	jmp	0x3e2	; 0x3e2 <__bad_interrupt>
     154:	0c 94 f1 01 	jmp	0x3e2	; 0x3e2 <__bad_interrupt>
     158:	0c 94 f1 01 	jmp	0x3e2	; 0x3e2 <__bad_interrupt>
     15c:	0c 94 f1 01 	jmp	0x3e2	; 0x3e2 <__bad_interrupt>
     160:	0c 94 f1 01 	jmp	0x3e2	; 0x3e2 <__bad_interrupt>
     164:	0c 94 f1 01 	jmp	0x3e2	; 0x3e2 <__bad_interrupt>
     168:	0c 94 f1 01 	jmp	0x3e2	; 0x3e2 <__bad_interrupt>
     16c:	0c 94 f1 01 	jmp	0x3e2	; 0x3e2 <__bad_interrupt>
     170:	0c 94 f1 01 	jmp	0x3e2	; 0x3e2 <__bad_interrupt>
     174:	0c 94 f1 01 	jmp	0x3e2	; 0x3e2 <__bad_interrupt>
     178:	0c 94 f1 01 	jmp	0x3e2	; 0x3e2 <__bad_interrupt>
     17c:	0c 94 f1 01 	jmp	0x3e2	; 0x3e2 <__bad_interrupt>
     180:	0c 94 f1 01 	jmp	0x3e2	; 0x3e2 <__bad_interrupt>
     184:	0c 94 f1 01 	jmp	0x3e2	; 0x3e2 <__bad_interrupt>
     188:	0c 94 f1 01 	jmp	0x3e2	; 0x3e2 <__bad_interrupt>
     18c:	0c 94 f1 01 	jmp	0x3e2	; 0x3e2 <__bad_interrupt>
     190:	0c 94 f1 01 	jmp	0x3e2	; 0x3e2 <__bad_interrupt>
     194:	0c 94 f1 01 	jmp	0x3e2	; 0x3e2 <__bad_interrupt>
     198:	0c 94 f1 01 	jmp	0x3e2	; 0x3e2 <__bad_interrupt>
     19c:	0c 94 f1 01 	jmp	0x3e2	; 0x3e2 <__bad_interrupt>
     1a0:	0c 94 f1 01 	jmp	0x3e2	; 0x3e2 <__bad_interrupt>
     1a4:	0c 94 f1 01 	jmp	0x3e2	; 0x3e2 <__bad_interrupt>
     1a8:	0c 94 f1 01 	jmp	0x3e2	; 0x3e2 <__bad_interrupt>
     1ac:	0c 94 f1 01 	jmp	0x3e2	; 0x3e2 <__bad_interrupt>
     1b0:	0c 94 f1 01 	jmp	0x3e2	; 0x3e2 <__bad_interrupt>
     1b4:	0c 94 f1 01 	jmp	0x3e2	; 0x3e2 <__bad_interrupt>
     1b8:	0c 94 f1 01 	jmp	0x3e2	; 0x3e2 <__bad_interrupt>
     1bc:	0c 94 f1 01 	jmp	0x3e2	; 0x3e2 <__bad_interrupt>
     1c0:	0c 94 f1 01 	jmp	0x3e2	; 0x3e2 <__bad_interrupt>
     1c4:	0c 94 f1 01 	jmp	0x3e2	; 0x3e2 <__bad_interrupt>
     1c8:	0c 94 f1 01 	jmp	0x3e2	; 0x3e2 <__bad_interrupt>
     1cc:	0c 94 f1 01 	jmp	0x3e2	; 0x3e2 <__bad_interrupt>
     1d0:	0c 94 f1 01 	jmp	0x3e2	; 0x3e2 <__bad_interrupt>
     1d4:	0c 94 f1 01 	jmp	0x3e2	; 0x3e2 <__bad_interrupt>
     1d8:	0c 94 f1 01 	jmp	0x3e2	; 0x3e2 <__bad_interrupt>
     1dc:	0c 94 f1 01 	jmp	0x3e2	; 0x3e2 <__bad_interrupt>
     1e0:	0c 94 f1 01 	jmp	0x3e2	; 0x3e2 <__bad_interrupt>
     1e4:	0c 94 f1 01 	jmp	0x3e2	; 0x3e2 <__bad_interrupt>
     1e8:	0c 94 f1 01 	jmp	0x3e2	; 0x3e2 <__bad_interrupt>
     1ec:	0c 94 f1 01 	jmp	0x3e2	; 0x3e2 <__bad_interrupt>
     1f0:	0c 94 f1 01 	jmp	0x3e2	; 0x3e2 <__bad_interrupt>
     1f4:	0c 94 f1 01 	jmp	0x3e2	; 0x3e2 <__bad_interrupt>
     1f8:	0c 94 f1 01 	jmp	0x3e2	; 0x3e2 <__bad_interrupt>
     1fc:	07 63       	ori	r16, 0x37	; 55
     1fe:	42 36       	cpi	r20, 0x62	; 98
     200:	b7 9b       	sbis	0x16, 7	; 22
     202:	d8 a7       	std	Y+40, r29	; 0x28
     204:	1a 39       	cpi	r17, 0x9A	; 154
     206:	68 56       	subi	r22, 0x68	; 104
     208:	18 ae       	std	Y+56, r1	; 0x38
     20a:	ba ab       	std	Y+50, r27	; 0x32
     20c:	55 8c       	ldd	r5, Z+29	; 0x1d
     20e:	1d 3c       	cpi	r17, 0xCD	; 205
     210:	b7 cc       	rjmp	.-1682   	; 0xfffffb80 <__eeprom_end+0xff7efb80>
     212:	57 63       	ori	r21, 0x37	; 55
     214:	bd 6d       	ori	r27, 0xDD	; 221
     216:	ed fd       	.word	0xfded	; ????
     218:	75 3e       	cpi	r23, 0xE5	; 229
     21a:	f6 17       	cp	r31, r22
     21c:	72 31       	cpi	r23, 0x12	; 18
     21e:	bf 00       	.word	0x00bf	; ????
     220:	00 00       	nop
     222:	80 3f       	cpi	r24, 0xF0	; 240
     224:	08 00       	.word	0x0008	; ????
     226:	00 00       	nop
     228:	be 92       	st	-X, r11
     22a:	24 49       	sbci	r18, 0x94	; 148
     22c:	12 3e       	cpi	r17, 0xE2	; 226
     22e:	ab aa       	std	Y+51, r10	; 0x33
     230:	aa 2a       	or	r10, r26
     232:	be cd       	rjmp	.-1156   	; 0xfffffdb0 <__eeprom_end+0xff7efdb0>
     234:	cc cc       	rjmp	.-1640   	; 0xfffffbce <__eeprom_end+0xff7efbce>
     236:	4c 3e       	cpi	r20, 0xEC	; 236
     238:	00 00       	nop
     23a:	00 80       	ld	r0, Z
     23c:	be ab       	std	Y+54, r27	; 0x36
     23e:	aa aa       	std	Y+50, r10	; 0x32
     240:	aa 3e       	cpi	r26, 0xEA	; 234
     242:	00 00       	nop
     244:	00 00       	nop
     246:	bf 00       	.word	0x00bf	; ????
     248:	00 00       	nop
     24a:	80 3f       	cpi	r24, 0xF0	; 240
     24c:	00 00       	nop
     24e:	00 00       	nop
     250:	00 08       	sbc	r0, r0
     252:	41 78       	andi	r20, 0x81	; 129
     254:	d3 bb       	out	0x13, r29	; 19
     256:	43 87       	std	Z+11, r20	; 0x0b
     258:	d1 13       	cpse	r29, r17
     25a:	3d 19       	sub	r19, r13
     25c:	0e 3c       	cpi	r16, 0xCE	; 206
     25e:	c3 bd       	out	0x23, r28	; 35
     260:	42 82       	std	Z+2, r4	; 0x02
     262:	ad 2b       	or	r26, r29
     264:	3e 68       	ori	r19, 0x8E	; 142
     266:	ec 82       	std	Y+4, r14	; 0x04
     268:	76 be       	out	0x36, r7	; 54
     26a:	d9 8f       	std	Y+25, r29	; 0x19
     26c:	e1 a9       	ldd	r30, Z+49	; 0x31
     26e:	3e 4c       	sbci	r19, 0xCE	; 206
     270:	80 ef       	ldi	r24, 0xF0	; 240
     272:	ff be       	out	0x3f, r15	; 63
     274:	01 c4       	rjmp	.+2050   	; 0xa78 <DriverSysClkXtalInit+0x32>
     276:	ff 7f       	andi	r31, 0xFF	; 255
     278:	3f 00       	.word	0x003f	; ????
     27a:	00 00       	nop
	...

0000027e <__trampolines_start>:
     27e:	0c 94 b2 26 	jmp	0x4d64	; 0x4d64 <LoopLichtTask>
     282:	0c 94 c1 09 	jmp	0x1382	; 0x1382 <stdio_getchar>
     286:	0c 94 1a 27 	jmp	0x4e34	; 0x4e34 <TerminalTask>
     28a:	0c 94 7f 09 	jmp	0x12fe	; 0x12fe <stdio_putchar>
     28e:	0c 94 1f 1e 	jmp	0x3c3e	; 0x3c3e <prvIdleTask>

00000292 <__trampolines_end>:
     292:	6e 61       	ori	r22, 0x1E	; 30
     294:	6e 00       	.word	0x006e	; ????

00000296 <__c.2332>:
     296:	69 6e 66 00 00 40 7a 10 f3 5a 00 a0 72 4e 18 09     inf..@z..Z..rN..
     2a6:	00 10 a5 d4 e8 00 00 e8 76 48 17 00 00 e4 0b 54     ........vH.....T
     2b6:	02 00 00 ca 9a 3b 00 00 00 e1 f5 05 00 00 80 96     .....;..........
     2c6:	98 00 00 00 40 42 0f 00 00 00 a0 86 01 00 00 00     ....@B..........
     2d6:	10 27 00 00 00 00 e8 03 00 00 00 00 64 00 00 00     .'..........d...
     2e6:	00 00 0a 00 00 00 00 00 01 00 00 00 00 00 2c 76     ..............,v
     2f6:	d8 88 dc 67 4f 08 23 df c1 df ae 59 e1 b1 b7 96     ...gO.#....Y....
     306:	e5 e3 e4 53 c6 3a e6 51 99 76 96 e8 e6 c2 84 26     ...S.:.Q.v.....&
     316:	eb 89 8c 9b 62 ed 40 7c 6f fc ef bc 9c 9f 40 f2     ....b.@|o.....@.
     326:	ba a5 6f a5 f4 90 05 5a 2a f7 5c 93 6b 6c f9 67     ..o....Z*.\.kl.g
     336:	6d c1 1b fc e0 e4 0d 47 fe f5 20 e6 b5 00 d0 ed     m......G.. .....
     346:	90 2e 03 00 94 35 77 05 00 80 84 1e 08 00 00 20     .....5w........ 
     356:	4e 0a 00 00 00 c8 0c 33 33 33 33 0f 98 6e 12 83     N......3333..n..
     366:	11 41 ef 8d 21 14 89 3b e6 55 16 cf fe e6 db 18     .A..!..;.U......
     376:	d1 84 4b 38 1b f7 7c 1d 90 1d a4 bb e4 24 20 32     ..K8..|......$ 2
     386:	84 72 5e 22 81 00 c9 f1 24 ec a1 e5 3d 27           .r^"....$...='

00000394 <__c.2474>:
     394:	63 64 69 6e 6f 70 73 75 78 58 5b 00                 cdinopsuxX[.

000003a0 <__ctors_end>:
     3a0:	11 24       	eor	r1, r1
     3a2:	1f be       	out	0x3f, r1	; 63
     3a4:	cf ef       	ldi	r28, 0xFF	; 255
     3a6:	cd bf       	out	0x3d, r28	; 61
     3a8:	df e9       	ldi	r29, 0x9F	; 159
     3aa:	de bf       	out	0x3e, r29	; 62
     3ac:	00 e0       	ldi	r16, 0x00	; 0
     3ae:	0c bf       	out	0x3c, r16	; 60

000003b0 <__do_copy_data>:
     3b0:	11 e2       	ldi	r17, 0x21	; 33
     3b2:	a0 e0       	ldi	r26, 0x00	; 0
     3b4:	b0 e2       	ldi	r27, 0x20	; 32
     3b6:	e2 e3       	ldi	r30, 0x32	; 50
     3b8:	fb e6       	ldi	r31, 0x6B	; 107
     3ba:	00 e0       	ldi	r16, 0x00	; 0
     3bc:	0b bf       	out	0x3b, r16	; 59
     3be:	02 c0       	rjmp	.+4      	; 0x3c4 <__do_copy_data+0x14>
     3c0:	07 90       	elpm	r0, Z+
     3c2:	0d 92       	st	X+, r0
     3c4:	ae 35       	cpi	r26, 0x5E	; 94
     3c6:	b1 07       	cpc	r27, r17
     3c8:	d9 f7       	brne	.-10     	; 0x3c0 <__do_copy_data+0x10>

000003ca <__do_clear_bss>:
     3ca:	24 e2       	ldi	r18, 0x24	; 36
     3cc:	ae e5       	ldi	r26, 0x5E	; 94
     3ce:	b1 e2       	ldi	r27, 0x21	; 33
     3d0:	01 c0       	rjmp	.+2      	; 0x3d4 <.do_clear_bss_start>

000003d2 <.do_clear_bss_loop>:
     3d2:	1d 92       	st	X+, r1

000003d4 <.do_clear_bss_start>:
     3d4:	af 32       	cpi	r26, 0x2F	; 47
     3d6:	b2 07       	cpc	r27, r18
     3d8:	e1 f7       	brne	.-8      	; 0x3d2 <.do_clear_bss_loop>
     3da:	0e 94 df 25 	call	0x4bbe	; 0x4bbe <main>
     3de:	0c 94 97 35 	jmp	0x6b2e	; 0x6b2e <_exit>

000003e2 <__bad_interrupt>:
     3e2:	0c 94 00 00 	jmp	0	; 0x0 <__vectors>

000003e6 <DriverAdcInit>:
#include "DriverAdc.h"
#include <avr/io.h>
#include <avr/interrupt.h>

void DriverAdcInit(void)
{
     3e6:	cf 93       	push	r28
     3e8:	df 93       	push	r29
     3ea:	cd b7       	in	r28, 0x3d	; 61
     3ec:	de b7       	in	r29, 0x3e	; 62
	//ADCA.CTRLA=
	//ADCA.CTRLB=
	//ADCA.REFCTRL=
	//ADCA.PRESCALER=
	//ADCA.CH0.INTCTRL=	
}
     3ee:	00 00       	nop
     3f0:	df 91       	pop	r29
     3f2:	cf 91       	pop	r28
     3f4:	08 95       	ret

000003f6 <DriverCursorstickInit>:
#include "DriverCursorstick.h"

void DriverCursorstickInit(void)
{
     3f6:	cf 93       	push	r28
     3f8:	df 93       	push	r29
     3fa:	cd b7       	in	r28, 0x3d	; 61
     3fc:	de b7       	in	r29, 0x3e	; 62
	PORTB.DIR = PORTB.DIR | 0b00000000; // pin 3-7 als input
     3fe:	80 e2       	ldi	r24, 0x20	; 32
     400:	96 e0       	ldi	r25, 0x06	; 6
     402:	20 e2       	ldi	r18, 0x20	; 32
     404:	36 e0       	ldi	r19, 0x06	; 6
     406:	f9 01       	movw	r30, r18
     408:	20 81       	ld	r18, Z
     40a:	fc 01       	movw	r30, r24
     40c:	20 83       	st	Z, r18
	// 0b01011000 = INVEN = 1 (invert input), OPC[2:0] = 011 (totem pole + pull up) (output config) 
	PORTB.PIN3CTRL = 0b01011000;
     40e:	80 e2       	ldi	r24, 0x20	; 32
     410:	96 e0       	ldi	r25, 0x06	; 6
     412:	28 e5       	ldi	r18, 0x58	; 88
     414:	fc 01       	movw	r30, r24
     416:	23 8b       	std	Z+19, r18	; 0x13
	PORTB.PIN4CTRL = 0b01011000;
     418:	80 e2       	ldi	r24, 0x20	; 32
     41a:	96 e0       	ldi	r25, 0x06	; 6
     41c:	28 e5       	ldi	r18, 0x58	; 88
     41e:	fc 01       	movw	r30, r24
     420:	24 8b       	std	Z+20, r18	; 0x14
	PORTB.PIN5CTRL = 0b01011000;
     422:	80 e2       	ldi	r24, 0x20	; 32
     424:	96 e0       	ldi	r25, 0x06	; 6
     426:	28 e5       	ldi	r18, 0x58	; 88
     428:	fc 01       	movw	r30, r24
     42a:	25 8b       	std	Z+21, r18	; 0x15
	PORTB.PIN6CTRL = 0b01011000;
     42c:	80 e2       	ldi	r24, 0x20	; 32
     42e:	96 e0       	ldi	r25, 0x06	; 6
     430:	28 e5       	ldi	r18, 0x58	; 88
     432:	fc 01       	movw	r30, r24
     434:	26 8b       	std	Z+22, r18	; 0x16
	PORTB.PIN7CTRL = 0b01011000;
     436:	80 e2       	ldi	r24, 0x20	; 32
     438:	96 e0       	ldi	r25, 0x06	; 6
     43a:	28 e5       	ldi	r18, 0x58	; 88
     43c:	fc 01       	movw	r30, r24
     43e:	27 8b       	std	Z+23, r18	; 0x17
}
     440:	00 00       	nop
     442:	df 91       	pop	r29
     444:	cf 91       	pop	r28
     446:	08 95       	ret

00000448 <DbgPrint>:
#include "DriverDbgUSART.h"


void DbgPrint(char *Text)
{
     448:	cf 93       	push	r28
     44a:	df 93       	push	r29
     44c:	1f 92       	push	r1
     44e:	1f 92       	push	r1
     450:	cd b7       	in	r28, 0x3d	; 61
     452:	de b7       	in	r29, 0x3e	; 62
     454:	89 83       	std	Y+1, r24	; 0x01
     456:	9a 83       	std	Y+2, r25	; 0x02
	DbgPrintn(Text,0);	
     458:	89 81       	ldd	r24, Y+1	; 0x01
     45a:	9a 81       	ldd	r25, Y+2	; 0x02
     45c:	60 e0       	ldi	r22, 0x00	; 0
     45e:	70 e0       	ldi	r23, 0x00	; 0
     460:	0e 94 38 02 	call	0x470	; 0x470 <DbgPrintn>
}
     464:	00 00       	nop
     466:	0f 90       	pop	r0
     468:	0f 90       	pop	r0
     46a:	df 91       	pop	r29
     46c:	cf 91       	pop	r28
     46e:	08 95       	ret

00000470 <DbgPrintn>:

void DbgPrintn(char *Text,int n)
{
     470:	cf 93       	push	r28
     472:	df 93       	push	r29
     474:	00 d0       	rcall	.+0      	; 0x476 <DbgPrintn+0x6>
     476:	1f 92       	push	r1
     478:	cd b7       	in	r28, 0x3d	; 61
     47a:	de b7       	in	r29, 0x3e	; 62
     47c:	89 83       	std	Y+1, r24	; 0x01
     47e:	9a 83       	std	Y+2, r25	; 0x02
     480:	6b 83       	std	Y+3, r22	; 0x03
     482:	7c 83       	std	Y+4, r23	; 0x04
	static int i;
	i=0;
     484:	10 92 5e 21 	sts	0x215E, r1	; 0x80215e <__data_end>
     488:	10 92 5f 21 	sts	0x215F, r1	; 0x80215f <__data_end+0x1>
	while (*Text!=0 && (i<n || n==0))
     48c:	26 c0       	rjmp	.+76     	; 0x4da <DbgPrintn+0x6a>
	{
		USART.DATA = *Text;
     48e:	80 ea       	ldi	r24, 0xA0	; 160
     490:	9a e0       	ldi	r25, 0x0A	; 10
     492:	29 81       	ldd	r18, Y+1	; 0x01
     494:	3a 81       	ldd	r19, Y+2	; 0x02
     496:	f9 01       	movw	r30, r18
     498:	20 81       	ld	r18, Z
     49a:	fc 01       	movw	r30, r24
     49c:	20 83       	st	Z, r18
		while (!(USART.STATUS & 0b01000000));
     49e:	00 00       	nop
     4a0:	80 ea       	ldi	r24, 0xA0	; 160
     4a2:	9a e0       	ldi	r25, 0x0A	; 10
     4a4:	fc 01       	movw	r30, r24
     4a6:	81 81       	ldd	r24, Z+1	; 0x01
     4a8:	88 2f       	mov	r24, r24
     4aa:	90 e0       	ldi	r25, 0x00	; 0
     4ac:	80 74       	andi	r24, 0x40	; 64
     4ae:	99 27       	eor	r25, r25
     4b0:	89 2b       	or	r24, r25
     4b2:	b1 f3       	breq	.-20     	; 0x4a0 <DbgPrintn+0x30>
		USART.STATUS=0b01000000;
     4b4:	80 ea       	ldi	r24, 0xA0	; 160
     4b6:	9a e0       	ldi	r25, 0x0A	; 10
     4b8:	20 e4       	ldi	r18, 0x40	; 64
     4ba:	fc 01       	movw	r30, r24
     4bc:	21 83       	std	Z+1, r18	; 0x01
		Text++;
     4be:	89 81       	ldd	r24, Y+1	; 0x01
     4c0:	9a 81       	ldd	r25, Y+2	; 0x02
     4c2:	01 96       	adiw	r24, 0x01	; 1
     4c4:	89 83       	std	Y+1, r24	; 0x01
     4c6:	9a 83       	std	Y+2, r25	; 0x02
		i++;
     4c8:	80 91 5e 21 	lds	r24, 0x215E	; 0x80215e <__data_end>
     4cc:	90 91 5f 21 	lds	r25, 0x215F	; 0x80215f <__data_end+0x1>
     4d0:	01 96       	adiw	r24, 0x01	; 1
     4d2:	80 93 5e 21 	sts	0x215E, r24	; 0x80215e <__data_end>
     4d6:	90 93 5f 21 	sts	0x215F, r25	; 0x80215f <__data_end+0x1>

void DbgPrintn(char *Text,int n)
{
	static int i;
	i=0;
	while (*Text!=0 && (i<n || n==0))
     4da:	89 81       	ldd	r24, Y+1	; 0x01
     4dc:	9a 81       	ldd	r25, Y+2	; 0x02
     4de:	fc 01       	movw	r30, r24
     4e0:	80 81       	ld	r24, Z
     4e2:	88 23       	and	r24, r24
     4e4:	69 f0       	breq	.+26     	; 0x500 <DbgPrintn+0x90>
     4e6:	20 91 5e 21 	lds	r18, 0x215E	; 0x80215e <__data_end>
     4ea:	30 91 5f 21 	lds	r19, 0x215F	; 0x80215f <__data_end+0x1>
     4ee:	8b 81       	ldd	r24, Y+3	; 0x03
     4f0:	9c 81       	ldd	r25, Y+4	; 0x04
     4f2:	28 17       	cp	r18, r24
     4f4:	39 07       	cpc	r19, r25
     4f6:	5c f2       	brlt	.-106    	; 0x48e <DbgPrintn+0x1e>
     4f8:	8b 81       	ldd	r24, Y+3	; 0x03
     4fa:	9c 81       	ldd	r25, Y+4	; 0x04
     4fc:	89 2b       	or	r24, r25
     4fe:	39 f2       	breq	.-114    	; 0x48e <DbgPrintn+0x1e>
		while (!(USART.STATUS & 0b01000000));
		USART.STATUS=0b01000000;
		Text++;
		i++;
	}
}
     500:	00 00       	nop
     502:	24 96       	adiw	r28, 0x04	; 4
     504:	cd bf       	out	0x3d, r28	; 61
     506:	de bf       	out	0x3e, r29	; 62
     508:	df 91       	pop	r29
     50a:	cf 91       	pop	r28
     50c:	08 95       	ret

0000050e <DbgPrintInt>:

void DbgPrintInt(uint16_t Data)
{
     50e:	cf 93       	push	r28
     510:	df 93       	push	r29
     512:	1f 92       	push	r1
     514:	1f 92       	push	r1
     516:	cd b7       	in	r28, 0x3d	; 61
     518:	de b7       	in	r29, 0x3e	; 62
     51a:	89 83       	std	Y+1, r24	; 0x01
     51c:	9a 83       	std	Y+2, r25	; 0x02
	//Use statics to minimize stack usage
	static int i;
	static uint8_t pf;
	
	i=10000;
     51e:	80 e1       	ldi	r24, 0x10	; 16
     520:	97 e2       	ldi	r25, 0x27	; 39
     522:	80 93 60 21 	sts	0x2160, r24	; 0x802160 <i.3634>
     526:	90 93 61 21 	sts	0x2161, r25	; 0x802161 <i.3634+0x1>
	pf=0;
     52a:	10 92 62 21 	sts	0x2162, r1	; 0x802162 <pf.3635>
	while (i>0)
     52e:	73 c0       	rjmp	.+230    	; 0x616 <DbgPrintInt+0x108>
	{
		if (((Data/i)%10)!=0 || pf) //Trim leading 0's
     530:	80 91 60 21 	lds	r24, 0x2160	; 0x802160 <i.3634>
     534:	90 91 61 21 	lds	r25, 0x2161	; 0x802161 <i.3634+0x1>
     538:	9c 01       	movw	r18, r24
     53a:	89 81       	ldd	r24, Y+1	; 0x01
     53c:	9a 81       	ldd	r25, Y+2	; 0x02
     53e:	b9 01       	movw	r22, r18
     540:	0e 94 cf 2e 	call	0x5d9e	; 0x5d9e <__udivmodhi4>
     544:	cb 01       	movw	r24, r22
     546:	ac 01       	movw	r20, r24
     548:	9a 01       	movw	r18, r20
     54a:	ad ec       	ldi	r26, 0xCD	; 205
     54c:	bc ec       	ldi	r27, 0xCC	; 204
     54e:	0e 94 19 2f 	call	0x5e32	; 0x5e32 <__umulhisi3>
     552:	96 95       	lsr	r25
     554:	87 95       	ror	r24
     556:	96 95       	lsr	r25
     558:	87 95       	ror	r24
     55a:	96 95       	lsr	r25
     55c:	87 95       	ror	r24
     55e:	88 0f       	add	r24, r24
     560:	99 1f       	adc	r25, r25
     562:	9c 01       	movw	r18, r24
     564:	22 0f       	add	r18, r18
     566:	33 1f       	adc	r19, r19
     568:	22 0f       	add	r18, r18
     56a:	33 1f       	adc	r19, r19
     56c:	82 0f       	add	r24, r18
     56e:	93 1f       	adc	r25, r19
     570:	9a 01       	movw	r18, r20
     572:	28 1b       	sub	r18, r24
     574:	39 0b       	sbc	r19, r25
     576:	c9 01       	movw	r24, r18
     578:	89 2b       	or	r24, r25
     57a:	21 f4       	brne	.+8      	; 0x584 <DbgPrintInt+0x76>
     57c:	80 91 62 21 	lds	r24, 0x2162	; 0x802162 <pf.3635>
     580:	88 23       	and	r24, r24
     582:	d9 f1       	breq	.+118    	; 0x5fa <DbgPrintInt+0xec>
		{
			USART.DATA = '0'+ ((Data/i)%10);
     584:	e0 ea       	ldi	r30, 0xA0	; 160
     586:	fa e0       	ldi	r31, 0x0A	; 10
     588:	80 91 60 21 	lds	r24, 0x2160	; 0x802160 <i.3634>
     58c:	90 91 61 21 	lds	r25, 0x2161	; 0x802161 <i.3634+0x1>
     590:	9c 01       	movw	r18, r24
     592:	89 81       	ldd	r24, Y+1	; 0x01
     594:	9a 81       	ldd	r25, Y+2	; 0x02
     596:	b9 01       	movw	r22, r18
     598:	0e 94 cf 2e 	call	0x5d9e	; 0x5d9e <__udivmodhi4>
     59c:	cb 01       	movw	r24, r22
     59e:	ac 01       	movw	r20, r24
     5a0:	9a 01       	movw	r18, r20
     5a2:	ad ec       	ldi	r26, 0xCD	; 205
     5a4:	bc ec       	ldi	r27, 0xCC	; 204
     5a6:	0e 94 19 2f 	call	0x5e32	; 0x5e32 <__umulhisi3>
     5aa:	96 95       	lsr	r25
     5ac:	87 95       	ror	r24
     5ae:	96 95       	lsr	r25
     5b0:	87 95       	ror	r24
     5b2:	96 95       	lsr	r25
     5b4:	87 95       	ror	r24
     5b6:	88 0f       	add	r24, r24
     5b8:	99 1f       	adc	r25, r25
     5ba:	9c 01       	movw	r18, r24
     5bc:	22 0f       	add	r18, r18
     5be:	33 1f       	adc	r19, r19
     5c0:	22 0f       	add	r18, r18
     5c2:	33 1f       	adc	r19, r19
     5c4:	82 0f       	add	r24, r18
     5c6:	93 1f       	adc	r25, r19
     5c8:	9a 01       	movw	r18, r20
     5ca:	28 1b       	sub	r18, r24
     5cc:	39 0b       	sbc	r19, r25
     5ce:	c9 01       	movw	r24, r18
     5d0:	80 5d       	subi	r24, 0xD0	; 208
     5d2:	80 83       	st	Z, r24
			while (!(USART.STATUS & 0b01000000));
     5d4:	00 00       	nop
     5d6:	80 ea       	ldi	r24, 0xA0	; 160
     5d8:	9a e0       	ldi	r25, 0x0A	; 10
     5da:	fc 01       	movw	r30, r24
     5dc:	81 81       	ldd	r24, Z+1	; 0x01
     5de:	88 2f       	mov	r24, r24
     5e0:	90 e0       	ldi	r25, 0x00	; 0
     5e2:	80 74       	andi	r24, 0x40	; 64
     5e4:	99 27       	eor	r25, r25
     5e6:	89 2b       	or	r24, r25
     5e8:	b1 f3       	breq	.-20     	; 0x5d6 <DbgPrintInt+0xc8>
			USART.STATUS=0b01000000;
     5ea:	80 ea       	ldi	r24, 0xA0	; 160
     5ec:	9a e0       	ldi	r25, 0x0A	; 10
     5ee:	20 e4       	ldi	r18, 0x40	; 64
     5f0:	fc 01       	movw	r30, r24
     5f2:	21 83       	std	Z+1, r18	; 0x01
			pf=1;		
     5f4:	81 e0       	ldi	r24, 0x01	; 1
     5f6:	80 93 62 21 	sts	0x2162, r24	; 0x802162 <pf.3635>
		}
		i/=10;
     5fa:	80 91 60 21 	lds	r24, 0x2160	; 0x802160 <i.3634>
     5fe:	90 91 61 21 	lds	r25, 0x2161	; 0x802161 <i.3634+0x1>
     602:	2a e0       	ldi	r18, 0x0A	; 10
     604:	30 e0       	ldi	r19, 0x00	; 0
     606:	b9 01       	movw	r22, r18
     608:	0e 94 e3 2e 	call	0x5dc6	; 0x5dc6 <__divmodhi4>
     60c:	cb 01       	movw	r24, r22
     60e:	80 93 60 21 	sts	0x2160, r24	; 0x802160 <i.3634>
     612:	90 93 61 21 	sts	0x2161, r25	; 0x802161 <i.3634+0x1>
	static int i;
	static uint8_t pf;
	
	i=10000;
	pf=0;
	while (i>0)
     616:	80 91 60 21 	lds	r24, 0x2160	; 0x802160 <i.3634>
     61a:	90 91 61 21 	lds	r25, 0x2161	; 0x802161 <i.3634+0x1>
     61e:	18 16       	cp	r1, r24
     620:	19 06       	cpc	r1, r25
     622:	0c f4       	brge	.+2      	; 0x626 <DbgPrintInt+0x118>
     624:	85 cf       	rjmp	.-246    	; 0x530 <DbgPrintInt+0x22>
			USART.STATUS=0b01000000;
			pf=1;		
		}
		i/=10;
	}
}
     626:	00 00       	nop
     628:	0f 90       	pop	r0
     62a:	0f 90       	pop	r0
     62c:	df 91       	pop	r29
     62e:	cf 91       	pop	r28
     630:	08 95       	ret

00000632 <DriverLedInit>:
#include "DriverLed.h"


void DriverLedInit(void)
{
     632:	cf 93       	push	r28
     634:	df 93       	push	r29
     636:	cd b7       	in	r28, 0x3d	; 61
     638:	de b7       	in	r29, 0x3e	; 62
	// pin 0 - 2 op output (1)
	PORTB.DIR |= 0b00000111;
     63a:	80 e2       	ldi	r24, 0x20	; 32
     63c:	96 e0       	ldi	r25, 0x06	; 6
     63e:	20 e2       	ldi	r18, 0x20	; 32
     640:	36 e0       	ldi	r19, 0x06	; 6
     642:	f9 01       	movw	r30, r18
     644:	20 81       	ld	r18, Z
     646:	27 60       	ori	r18, 0x07	; 7
     648:	fc 01       	movw	r30, r24
     64a:	20 83       	st	Z, r18
	// Leds zijn by default active low, inverteer dus om active high te maken
	// control bit 6 = INVEN flag = 1
	PORTB.PIN0CTRL=0b01000000;
     64c:	80 e2       	ldi	r24, 0x20	; 32
     64e:	96 e0       	ldi	r25, 0x06	; 6
     650:	20 e4       	ldi	r18, 0x40	; 64
     652:	fc 01       	movw	r30, r24
     654:	20 8b       	std	Z+16, r18	; 0x10
	PORTB.PIN1CTRL=0b01000000;
     656:	80 e2       	ldi	r24, 0x20	; 32
     658:	96 e0       	ldi	r25, 0x06	; 6
     65a:	20 e4       	ldi	r18, 0x40	; 64
     65c:	fc 01       	movw	r30, r24
     65e:	21 8b       	std	Z+17, r18	; 0x11
	PORTB.PIN2CTRL=0b01000000;
     660:	80 e2       	ldi	r24, 0x20	; 32
     662:	96 e0       	ldi	r25, 0x06	; 6
     664:	20 e4       	ldi	r18, 0x40	; 64
     666:	fc 01       	movw	r30, r24
     668:	22 8b       	std	Z+18, r18	; 0x12
	
	// pin 7 op output (1)
	PORTA.DIR |= 0b10000000; // Zelfde voor Port A maar enkel op PA7
     66a:	80 e0       	ldi	r24, 0x00	; 0
     66c:	96 e0       	ldi	r25, 0x06	; 6
     66e:	20 e0       	ldi	r18, 0x00	; 0
     670:	36 e0       	ldi	r19, 0x06	; 6
     672:	f9 01       	movw	r30, r18
     674:	20 81       	ld	r18, Z
     676:	20 68       	ori	r18, 0x80	; 128
     678:	fc 01       	movw	r30, r24
     67a:	20 83       	st	Z, r18
	// control bit 6 = INVEN flag = 1
	PORTA.PIN7CTRL=0b01000000;
     67c:	80 e0       	ldi	r24, 0x00	; 0
     67e:	96 e0       	ldi	r25, 0x06	; 6
     680:	20 e4       	ldi	r18, 0x40	; 64
     682:	fc 01       	movw	r30, r24
     684:	27 8b       	std	Z+23, r18	; 0x17
}
     686:	00 00       	nop
     688:	df 91       	pop	r29
     68a:	cf 91       	pop	r28
     68c:	08 95       	ret

0000068e <DriverLedWrite>:

void DriverLedWrite(uint8_t LedData)
{	
     68e:	cf 93       	push	r28
     690:	df 93       	push	r29
     692:	1f 92       	push	r1
     694:	cd b7       	in	r28, 0x3d	; 61
     696:	de b7       	in	r29, 0x3e	; 62
     698:	89 83       	std	Y+1, r24	; 0x01
	// Doormiddel van (originalValue & ~mask) | (newValue & mask) kunnen we bepaalde bits zetten de rest negeren
	// De eerste and filtert de bits die behouden moeten worden en de bits die we willen veranderen en de 2de extract deze bits uit de LedData
	PORTB.OUT = (PORTB.OUT & ~0b00000111) | (LedData & 0b00000111);
     69a:	80 e2       	ldi	r24, 0x20	; 32
     69c:	96 e0       	ldi	r25, 0x06	; 6
     69e:	20 e2       	ldi	r18, 0x20	; 32
     6a0:	36 e0       	ldi	r19, 0x06	; 6
     6a2:	f9 01       	movw	r30, r18
     6a4:	24 81       	ldd	r18, Z+4	; 0x04
     6a6:	32 2f       	mov	r19, r18
     6a8:	38 7f       	andi	r19, 0xF8	; 248
     6aa:	29 81       	ldd	r18, Y+1	; 0x01
     6ac:	27 70       	andi	r18, 0x07	; 7
     6ae:	23 2b       	or	r18, r19
     6b0:	fc 01       	movw	r30, r24
     6b2:	24 83       	std	Z+4, r18	; 0x04
	PORTA.OUT = (PORTA.OUT & ~0b10000000) | ((LedData & 0b00001000) << 4);
     6b4:	80 e0       	ldi	r24, 0x00	; 0
     6b6:	96 e0       	ldi	r25, 0x06	; 6
     6b8:	20 e0       	ldi	r18, 0x00	; 0
     6ba:	36 e0       	ldi	r19, 0x06	; 6
     6bc:	f9 01       	movw	r30, r18
     6be:	24 81       	ldd	r18, Z+4	; 0x04
     6c0:	42 2f       	mov	r20, r18
     6c2:	4f 77       	andi	r20, 0x7F	; 127
     6c4:	29 81       	ldd	r18, Y+1	; 0x01
     6c6:	22 2f       	mov	r18, r18
     6c8:	30 e0       	ldi	r19, 0x00	; 0
     6ca:	28 70       	andi	r18, 0x08	; 8
     6cc:	33 27       	eor	r19, r19
     6ce:	22 95       	swap	r18
     6d0:	32 95       	swap	r19
     6d2:	30 7f       	andi	r19, 0xF0	; 240
     6d4:	32 27       	eor	r19, r18
     6d6:	20 7f       	andi	r18, 0xF0	; 240
     6d8:	32 27       	eor	r19, r18
     6da:	24 2b       	or	r18, r20
     6dc:	fc 01       	movw	r30, r24
     6de:	24 83       	std	Z+4, r18	; 0x04
} 
     6e0:	00 00       	nop
     6e2:	0f 90       	pop	r0
     6e4:	df 91       	pop	r29
     6e6:	cf 91       	pop	r28
     6e8:	08 95       	ret

000006ea <__vector_2>:
     6ea:	1f 92       	push	r1
     6ec:	0f 92       	push	r0
     6ee:	00 90 3f 00 	lds	r0, 0x003F	; 0x80003f <__TEXT_REGION_LENGTH__+0x70003f>
     6f2:	0f 92       	push	r0
     6f4:	11 24       	eor	r1, r1
     6f6:	00 90 3b 00 	lds	r0, 0x003B	; 0x80003b <__TEXT_REGION_LENGTH__+0x70003b>
     6fa:	0f 92       	push	r0
     6fc:	2f 93       	push	r18
     6fe:	3f 93       	push	r19
     700:	8f 93       	push	r24
     702:	9f 93       	push	r25
     704:	ef 93       	push	r30
     706:	ff 93       	push	r31
     708:	cf 93       	push	r28
     70a:	df 93       	push	r29
     70c:	1f 92       	push	r1
     70e:	cd b7       	in	r28, 0x3d	; 61
     710:	de b7       	in	r29, 0x3e	; 62
     712:	80 e4       	ldi	r24, 0x40	; 64
     714:	96 e0       	ldi	r25, 0x06	; 6
     716:	fc 01       	movw	r30, r24
     718:	80 85       	ldd	r24, Z+8	; 0x08
     71a:	89 83       	std	Y+1, r24	; 0x01
     71c:	89 81       	ldd	r24, Y+1	; 0x01
     71e:	88 2f       	mov	r24, r24
     720:	90 e0       	ldi	r25, 0x00	; 0
     722:	80 74       	andi	r24, 0x40	; 64
     724:	99 27       	eor	r25, r25
     726:	89 2b       	or	r24, r25
     728:	99 f0       	breq	.+38     	; 0x750 <__vector_2+0x66>
     72a:	89 81       	ldd	r24, Y+1	; 0x01
     72c:	88 23       	and	r24, r24
     72e:	1c f4       	brge	.+6      	; 0x736 <__vector_2+0x4c>
     730:	8f ef       	ldi	r24, 0xFF	; 255
     732:	9f ef       	ldi	r25, 0xFF	; 255
     734:	02 c0       	rjmp	.+4      	; 0x73a <__vector_2+0x50>
     736:	81 e0       	ldi	r24, 0x01	; 1
     738:	90 e0       	ldi	r25, 0x00	; 0
     73a:	20 91 06 20 	lds	r18, 0x2006	; 0x802006 <encoderPosA>
     73e:	30 91 07 20 	lds	r19, 0x2007	; 0x802007 <encoderPosA+0x1>
     742:	82 0f       	add	r24, r18
     744:	93 1f       	adc	r25, r19
     746:	80 93 06 20 	sts	0x2006, r24	; 0x802006 <encoderPosA>
     74a:	90 93 07 20 	sts	0x2007, r25	; 0x802007 <encoderPosA+0x1>
     74e:	12 c0       	rjmp	.+36     	; 0x774 <__vector_2+0x8a>
     750:	89 81       	ldd	r24, Y+1	; 0x01
     752:	88 23       	and	r24, r24
     754:	1c f4       	brge	.+6      	; 0x75c <__vector_2+0x72>
     756:	81 e0       	ldi	r24, 0x01	; 1
     758:	90 e0       	ldi	r25, 0x00	; 0
     75a:	02 c0       	rjmp	.+4      	; 0x760 <__vector_2+0x76>
     75c:	8f ef       	ldi	r24, 0xFF	; 255
     75e:	9f ef       	ldi	r25, 0xFF	; 255
     760:	20 91 06 20 	lds	r18, 0x2006	; 0x802006 <encoderPosA>
     764:	30 91 07 20 	lds	r19, 0x2007	; 0x802007 <encoderPosA+0x1>
     768:	82 0f       	add	r24, r18
     76a:	93 1f       	adc	r25, r19
     76c:	80 93 06 20 	sts	0x2006, r24	; 0x802006 <encoderPosA>
     770:	90 93 07 20 	sts	0x2007, r25	; 0x802007 <encoderPosA+0x1>
     774:	80 e4       	ldi	r24, 0x40	; 64
     776:	96 e0       	ldi	r25, 0x06	; 6
     778:	21 e0       	ldi	r18, 0x01	; 1
     77a:	fc 01       	movw	r30, r24
     77c:	24 87       	std	Z+12, r18	; 0x0c
     77e:	00 00       	nop
     780:	0f 90       	pop	r0
     782:	df 91       	pop	r29
     784:	cf 91       	pop	r28
     786:	ff 91       	pop	r31
     788:	ef 91       	pop	r30
     78a:	9f 91       	pop	r25
     78c:	8f 91       	pop	r24
     78e:	3f 91       	pop	r19
     790:	2f 91       	pop	r18
     792:	0f 90       	pop	r0
     794:	00 92 3b 00 	sts	0x003B, r0	; 0x80003b <__TEXT_REGION_LENGTH__+0x70003b>
     798:	0f 90       	pop	r0
     79a:	00 92 3f 00 	sts	0x003F, r0	; 0x80003f <__TEXT_REGION_LENGTH__+0x70003f>
     79e:	0f 90       	pop	r0
     7a0:	1f 90       	pop	r1
     7a2:	18 95       	reti

000007a4 <__vector_3>:
     7a4:	1f 92       	push	r1
     7a6:	0f 92       	push	r0
     7a8:	00 90 3f 00 	lds	r0, 0x003F	; 0x80003f <__TEXT_REGION_LENGTH__+0x70003f>
     7ac:	0f 92       	push	r0
     7ae:	11 24       	eor	r1, r1
     7b0:	00 90 3b 00 	lds	r0, 0x003B	; 0x80003b <__TEXT_REGION_LENGTH__+0x70003b>
     7b4:	0f 92       	push	r0
     7b6:	2f 93       	push	r18
     7b8:	3f 93       	push	r19
     7ba:	8f 93       	push	r24
     7bc:	9f 93       	push	r25
     7be:	ef 93       	push	r30
     7c0:	ff 93       	push	r31
     7c2:	cf 93       	push	r28
     7c4:	df 93       	push	r29
     7c6:	1f 92       	push	r1
     7c8:	cd b7       	in	r28, 0x3d	; 61
     7ca:	de b7       	in	r29, 0x3e	; 62
     7cc:	80 e4       	ldi	r24, 0x40	; 64
     7ce:	96 e0       	ldi	r25, 0x06	; 6
     7d0:	fc 01       	movw	r30, r24
     7d2:	80 85       	ldd	r24, Z+8	; 0x08
     7d4:	89 83       	std	Y+1, r24	; 0x01
     7d6:	89 81       	ldd	r24, Y+1	; 0x01
     7d8:	88 23       	and	r24, r24
     7da:	bc f4       	brge	.+46     	; 0x80a <__vector_3+0x66>
     7dc:	89 81       	ldd	r24, Y+1	; 0x01
     7de:	88 2f       	mov	r24, r24
     7e0:	90 e0       	ldi	r25, 0x00	; 0
     7e2:	80 74       	andi	r24, 0x40	; 64
     7e4:	99 27       	eor	r25, r25
     7e6:	89 2b       	or	r24, r25
     7e8:	19 f0       	breq	.+6      	; 0x7f0 <__vector_3+0x4c>
     7ea:	81 e0       	ldi	r24, 0x01	; 1
     7ec:	90 e0       	ldi	r25, 0x00	; 0
     7ee:	02 c0       	rjmp	.+4      	; 0x7f4 <__vector_3+0x50>
     7f0:	8f ef       	ldi	r24, 0xFF	; 255
     7f2:	9f ef       	ldi	r25, 0xFF	; 255
     7f4:	20 91 06 20 	lds	r18, 0x2006	; 0x802006 <encoderPosA>
     7f8:	30 91 07 20 	lds	r19, 0x2007	; 0x802007 <encoderPosA+0x1>
     7fc:	82 0f       	add	r24, r18
     7fe:	93 1f       	adc	r25, r19
     800:	80 93 06 20 	sts	0x2006, r24	; 0x802006 <encoderPosA>
     804:	90 93 07 20 	sts	0x2007, r25	; 0x802007 <encoderPosA+0x1>
     808:	16 c0       	rjmp	.+44     	; 0x836 <__vector_3+0x92>
     80a:	89 81       	ldd	r24, Y+1	; 0x01
     80c:	88 2f       	mov	r24, r24
     80e:	90 e0       	ldi	r25, 0x00	; 0
     810:	80 74       	andi	r24, 0x40	; 64
     812:	99 27       	eor	r25, r25
     814:	89 2b       	or	r24, r25
     816:	19 f0       	breq	.+6      	; 0x81e <__vector_3+0x7a>
     818:	8f ef       	ldi	r24, 0xFF	; 255
     81a:	9f ef       	ldi	r25, 0xFF	; 255
     81c:	02 c0       	rjmp	.+4      	; 0x822 <__vector_3+0x7e>
     81e:	81 e0       	ldi	r24, 0x01	; 1
     820:	90 e0       	ldi	r25, 0x00	; 0
     822:	20 91 06 20 	lds	r18, 0x2006	; 0x802006 <encoderPosA>
     826:	30 91 07 20 	lds	r19, 0x2007	; 0x802007 <encoderPosA+0x1>
     82a:	82 0f       	add	r24, r18
     82c:	93 1f       	adc	r25, r19
     82e:	80 93 06 20 	sts	0x2006, r24	; 0x802006 <encoderPosA>
     832:	90 93 07 20 	sts	0x2007, r25	; 0x802007 <encoderPosA+0x1>
     836:	80 e4       	ldi	r24, 0x40	; 64
     838:	96 e0       	ldi	r25, 0x06	; 6
     83a:	22 e0       	ldi	r18, 0x02	; 2
     83c:	fc 01       	movw	r30, r24
     83e:	24 87       	std	Z+12, r18	; 0x0c
     840:	00 00       	nop
     842:	0f 90       	pop	r0
     844:	df 91       	pop	r29
     846:	cf 91       	pop	r28
     848:	ff 91       	pop	r31
     84a:	ef 91       	pop	r30
     84c:	9f 91       	pop	r25
     84e:	8f 91       	pop	r24
     850:	3f 91       	pop	r19
     852:	2f 91       	pop	r18
     854:	0f 90       	pop	r0
     856:	00 92 3b 00 	sts	0x003B, r0	; 0x80003b <__TEXT_REGION_LENGTH__+0x70003b>
     85a:	0f 90       	pop	r0
     85c:	00 92 3f 00 	sts	0x003F, r0	; 0x80003f <__TEXT_REGION_LENGTH__+0x70003f>
     860:	0f 90       	pop	r0
     862:	1f 90       	pop	r1
     864:	18 95       	reti

00000866 <__vector_43>:
     866:	1f 92       	push	r1
     868:	0f 92       	push	r0
     86a:	00 90 3f 00 	lds	r0, 0x003F	; 0x80003f <__TEXT_REGION_LENGTH__+0x70003f>
     86e:	0f 92       	push	r0
     870:	11 24       	eor	r1, r1
     872:	00 90 3b 00 	lds	r0, 0x003B	; 0x80003b <__TEXT_REGION_LENGTH__+0x70003b>
     876:	0f 92       	push	r0
     878:	2f 93       	push	r18
     87a:	3f 93       	push	r19
     87c:	8f 93       	push	r24
     87e:	9f 93       	push	r25
     880:	ef 93       	push	r30
     882:	ff 93       	push	r31
     884:	cf 93       	push	r28
     886:	df 93       	push	r29
     888:	1f 92       	push	r1
     88a:	cd b7       	in	r28, 0x3d	; 61
     88c:	de b7       	in	r29, 0x3e	; 62
     88e:	80 e8       	ldi	r24, 0x80	; 128
     890:	96 e0       	ldi	r25, 0x06	; 6
     892:	fc 01       	movw	r30, r24
     894:	80 85       	ldd	r24, Z+8	; 0x08
     896:	89 83       	std	Y+1, r24	; 0x01
     898:	89 81       	ldd	r24, Y+1	; 0x01
     89a:	88 2f       	mov	r24, r24
     89c:	90 e0       	ldi	r25, 0x00	; 0
     89e:	80 71       	andi	r24, 0x10	; 16
     8a0:	99 27       	eor	r25, r25
     8a2:	89 2b       	or	r24, r25
     8a4:	b9 f0       	breq	.+46     	; 0x8d4 <__vector_43+0x6e>
     8a6:	89 81       	ldd	r24, Y+1	; 0x01
     8a8:	88 2f       	mov	r24, r24
     8aa:	90 e0       	ldi	r25, 0x00	; 0
     8ac:	80 72       	andi	r24, 0x20	; 32
     8ae:	99 27       	eor	r25, r25
     8b0:	89 2b       	or	r24, r25
     8b2:	19 f0       	breq	.+6      	; 0x8ba <__vector_43+0x54>
     8b4:	8f ef       	ldi	r24, 0xFF	; 255
     8b6:	9f ef       	ldi	r25, 0xFF	; 255
     8b8:	02 c0       	rjmp	.+4      	; 0x8be <__vector_43+0x58>
     8ba:	81 e0       	ldi	r24, 0x01	; 1
     8bc:	90 e0       	ldi	r25, 0x00	; 0
     8be:	20 91 08 20 	lds	r18, 0x2008	; 0x802008 <encoderPosB>
     8c2:	30 91 09 20 	lds	r19, 0x2009	; 0x802009 <encoderPosB+0x1>
     8c6:	82 0f       	add	r24, r18
     8c8:	93 1f       	adc	r25, r19
     8ca:	80 93 08 20 	sts	0x2008, r24	; 0x802008 <encoderPosB>
     8ce:	90 93 09 20 	sts	0x2009, r25	; 0x802009 <encoderPosB+0x1>
     8d2:	16 c0       	rjmp	.+44     	; 0x900 <__vector_43+0x9a>
     8d4:	89 81       	ldd	r24, Y+1	; 0x01
     8d6:	88 2f       	mov	r24, r24
     8d8:	90 e0       	ldi	r25, 0x00	; 0
     8da:	80 72       	andi	r24, 0x20	; 32
     8dc:	99 27       	eor	r25, r25
     8de:	89 2b       	or	r24, r25
     8e0:	19 f0       	breq	.+6      	; 0x8e8 <__vector_43+0x82>
     8e2:	81 e0       	ldi	r24, 0x01	; 1
     8e4:	90 e0       	ldi	r25, 0x00	; 0
     8e6:	02 c0       	rjmp	.+4      	; 0x8ec <__vector_43+0x86>
     8e8:	8f ef       	ldi	r24, 0xFF	; 255
     8ea:	9f ef       	ldi	r25, 0xFF	; 255
     8ec:	20 91 08 20 	lds	r18, 0x2008	; 0x802008 <encoderPosB>
     8f0:	30 91 09 20 	lds	r19, 0x2009	; 0x802009 <encoderPosB+0x1>
     8f4:	82 0f       	add	r24, r18
     8f6:	93 1f       	adc	r25, r19
     8f8:	80 93 08 20 	sts	0x2008, r24	; 0x802008 <encoderPosB>
     8fc:	90 93 09 20 	sts	0x2009, r25	; 0x802009 <encoderPosB+0x1>
     900:	80 e8       	ldi	r24, 0x80	; 128
     902:	96 e0       	ldi	r25, 0x06	; 6
     904:	21 e0       	ldi	r18, 0x01	; 1
     906:	fc 01       	movw	r30, r24
     908:	24 87       	std	Z+12, r18	; 0x0c
     90a:	00 00       	nop
     90c:	0f 90       	pop	r0
     90e:	df 91       	pop	r29
     910:	cf 91       	pop	r28
     912:	ff 91       	pop	r31
     914:	ef 91       	pop	r30
     916:	9f 91       	pop	r25
     918:	8f 91       	pop	r24
     91a:	3f 91       	pop	r19
     91c:	2f 91       	pop	r18
     91e:	0f 90       	pop	r0
     920:	00 92 3b 00 	sts	0x003B, r0	; 0x80003b <__TEXT_REGION_LENGTH__+0x70003b>
     924:	0f 90       	pop	r0
     926:	00 92 3f 00 	sts	0x003F, r0	; 0x80003f <__TEXT_REGION_LENGTH__+0x70003f>
     92a:	0f 90       	pop	r0
     92c:	1f 90       	pop	r1
     92e:	18 95       	reti

00000930 <__vector_44>:
     930:	1f 92       	push	r1
     932:	0f 92       	push	r0
     934:	00 90 3f 00 	lds	r0, 0x003F	; 0x80003f <__TEXT_REGION_LENGTH__+0x70003f>
     938:	0f 92       	push	r0
     93a:	11 24       	eor	r1, r1
     93c:	00 90 3b 00 	lds	r0, 0x003B	; 0x80003b <__TEXT_REGION_LENGTH__+0x70003b>
     940:	0f 92       	push	r0
     942:	2f 93       	push	r18
     944:	3f 93       	push	r19
     946:	8f 93       	push	r24
     948:	9f 93       	push	r25
     94a:	ef 93       	push	r30
     94c:	ff 93       	push	r31
     94e:	cf 93       	push	r28
     950:	df 93       	push	r29
     952:	1f 92       	push	r1
     954:	cd b7       	in	r28, 0x3d	; 61
     956:	de b7       	in	r29, 0x3e	; 62
     958:	80 e8       	ldi	r24, 0x80	; 128
     95a:	96 e0       	ldi	r25, 0x06	; 6
     95c:	fc 01       	movw	r30, r24
     95e:	80 85       	ldd	r24, Z+8	; 0x08
     960:	89 83       	std	Y+1, r24	; 0x01
     962:	89 81       	ldd	r24, Y+1	; 0x01
     964:	88 2f       	mov	r24, r24
     966:	90 e0       	ldi	r25, 0x00	; 0
     968:	80 72       	andi	r24, 0x20	; 32
     96a:	99 27       	eor	r25, r25
     96c:	89 2b       	or	r24, r25
     96e:	b9 f0       	breq	.+46     	; 0x99e <__vector_44+0x6e>
     970:	89 81       	ldd	r24, Y+1	; 0x01
     972:	88 2f       	mov	r24, r24
     974:	90 e0       	ldi	r25, 0x00	; 0
     976:	80 71       	andi	r24, 0x10	; 16
     978:	99 27       	eor	r25, r25
     97a:	89 2b       	or	r24, r25
     97c:	19 f0       	breq	.+6      	; 0x984 <__vector_44+0x54>
     97e:	81 e0       	ldi	r24, 0x01	; 1
     980:	90 e0       	ldi	r25, 0x00	; 0
     982:	02 c0       	rjmp	.+4      	; 0x988 <__vector_44+0x58>
     984:	8f ef       	ldi	r24, 0xFF	; 255
     986:	9f ef       	ldi	r25, 0xFF	; 255
     988:	20 91 08 20 	lds	r18, 0x2008	; 0x802008 <encoderPosB>
     98c:	30 91 09 20 	lds	r19, 0x2009	; 0x802009 <encoderPosB+0x1>
     990:	82 0f       	add	r24, r18
     992:	93 1f       	adc	r25, r19
     994:	80 93 08 20 	sts	0x2008, r24	; 0x802008 <encoderPosB>
     998:	90 93 09 20 	sts	0x2009, r25	; 0x802009 <encoderPosB+0x1>
     99c:	16 c0       	rjmp	.+44     	; 0x9ca <__vector_44+0x9a>
     99e:	89 81       	ldd	r24, Y+1	; 0x01
     9a0:	88 2f       	mov	r24, r24
     9a2:	90 e0       	ldi	r25, 0x00	; 0
     9a4:	80 71       	andi	r24, 0x10	; 16
     9a6:	99 27       	eor	r25, r25
     9a8:	89 2b       	or	r24, r25
     9aa:	19 f0       	breq	.+6      	; 0x9b2 <__vector_44+0x82>
     9ac:	8f ef       	ldi	r24, 0xFF	; 255
     9ae:	9f ef       	ldi	r25, 0xFF	; 255
     9b0:	02 c0       	rjmp	.+4      	; 0x9b6 <__vector_44+0x86>
     9b2:	81 e0       	ldi	r24, 0x01	; 1
     9b4:	90 e0       	ldi	r25, 0x00	; 0
     9b6:	20 91 08 20 	lds	r18, 0x2008	; 0x802008 <encoderPosB>
     9ba:	30 91 09 20 	lds	r19, 0x2009	; 0x802009 <encoderPosB+0x1>
     9be:	82 0f       	add	r24, r18
     9c0:	93 1f       	adc	r25, r19
     9c2:	80 93 08 20 	sts	0x2008, r24	; 0x802008 <encoderPosB>
     9c6:	90 93 09 20 	sts	0x2009, r25	; 0x802009 <encoderPosB+0x1>
     9ca:	80 e8       	ldi	r24, 0x80	; 128
     9cc:	96 e0       	ldi	r25, 0x06	; 6
     9ce:	22 e0       	ldi	r18, 0x02	; 2
     9d0:	fc 01       	movw	r30, r24
     9d2:	24 87       	std	Z+12, r18	; 0x0c
     9d4:	00 00       	nop
     9d6:	0f 90       	pop	r0
     9d8:	df 91       	pop	r29
     9da:	cf 91       	pop	r28
     9dc:	ff 91       	pop	r31
     9de:	ef 91       	pop	r30
     9e0:	9f 91       	pop	r25
     9e2:	8f 91       	pop	r24
     9e4:	3f 91       	pop	r19
     9e6:	2f 91       	pop	r18
     9e8:	0f 90       	pop	r0
     9ea:	00 92 3b 00 	sts	0x003B, r0	; 0x80003b <__TEXT_REGION_LENGTH__+0x70003b>
     9ee:	0f 90       	pop	r0
     9f0:	00 92 3f 00 	sts	0x003F, r0	; 0x80003f <__TEXT_REGION_LENGTH__+0x70003f>
     9f4:	0f 90       	pop	r0
     9f6:	1f 90       	pop	r1
     9f8:	18 95       	reti

000009fa <DriverPowerInit>:
#include "DriverPower.h"

void DriverPowerInit(void)
{
     9fa:	cf 93       	push	r28
     9fc:	df 93       	push	r29
     9fe:	cd b7       	in	r28, 0x3d	; 61
     a00:	de b7       	in	r29, 0x3e	; 62
	//Aux Vcc GPIO setup
	PORTC.DIRSET=1<<5;
     a02:	80 e4       	ldi	r24, 0x40	; 64
     a04:	96 e0       	ldi	r25, 0x06	; 6
     a06:	20 e2       	ldi	r18, 0x20	; 32
     a08:	fc 01       	movw	r30, r24
     a0a:	21 83       	std	Z+1, r18	; 0x01
	
	
}
     a0c:	00 00       	nop
     a0e:	df 91       	pop	r29
     a10:	cf 91       	pop	r28
     a12:	08 95       	ret

00000a14 <DriverPowerVccAuxSet>:


void DriverPowerVccAuxSet(uint8_t State)
{
     a14:	cf 93       	push	r28
     a16:	df 93       	push	r29
     a18:	1f 92       	push	r1
     a1a:	cd b7       	in	r28, 0x3d	; 61
     a1c:	de b7       	in	r29, 0x3e	; 62
     a1e:	89 83       	std	Y+1, r24	; 0x01
	if (State)
     a20:	89 81       	ldd	r24, Y+1	; 0x01
     a22:	88 23       	and	r24, r24
     a24:	31 f0       	breq	.+12     	; 0xa32 <DriverPowerVccAuxSet+0x1e>
		PORTC.OUTSET=1<<5;
     a26:	80 e4       	ldi	r24, 0x40	; 64
     a28:	96 e0       	ldi	r25, 0x06	; 6
     a2a:	20 e2       	ldi	r18, 0x20	; 32
     a2c:	fc 01       	movw	r30, r24
     a2e:	25 83       	std	Z+5, r18	; 0x05
	else
		PORTC.OUTCLR=1<<5;
	
     a30:	05 c0       	rjmp	.+10     	; 0xa3c <DriverPowerVccAuxSet+0x28>
void DriverPowerVccAuxSet(uint8_t State)
{
	if (State)
		PORTC.OUTSET=1<<5;
	else
		PORTC.OUTCLR=1<<5;
     a32:	80 e4       	ldi	r24, 0x40	; 64
     a34:	96 e0       	ldi	r25, 0x06	; 6
     a36:	20 e2       	ldi	r18, 0x20	; 32
     a38:	fc 01       	movw	r30, r24
     a3a:	26 83       	std	Z+6, r18	; 0x06
	
     a3c:	00 00       	nop
     a3e:	0f 90       	pop	r0
     a40:	df 91       	pop	r29
     a42:	cf 91       	pop	r28
     a44:	08 95       	ret

00000a46 <DriverSysClkXtalInit>:
    // Clock setup          
    if (F_XTAL<400E3) return -1; //Invalid frequency
    if (F_XTAL<=2E6) OSC.XOSCCTRL=0b00001011; //Select <2 Mhz XTAL osc, max startup time
    else if(F_XTAL<=9E6) OSC.XOSCCTRL=0b01001011; //Select <2 Mhz XTAL osc, max startup time 
    else if(F_XTAL<=12E6) OSC.XOSCCTRL=0b10001011; //Select <2 Mhz XTAL osc, max startup time 
    else if(F_XTAL<=16E6) OSC.XOSCCTRL=0b11001011; //Select <2 Mhz XTAL osc, max startup time 
     a46:	8b ec       	ldi	r24, 0xCB	; 203
     a48:	80 93 52 00 	sts	0x0052, r24	; 0x800052 <__TEXT_REGION_LENGTH__+0x700052>
    else return -1; //Invalid frequency
    OSC.CTRL=0b01000; //Enable oscillator
     a4c:	88 e0       	ldi	r24, 0x08	; 8
     a4e:	80 93 50 00 	sts	0x0050, r24	; 0x800050 <__TEXT_REGION_LENGTH__+0x700050>
    
	//Wait until XTAL osc is ready
    while (!(OSC.STATUS&0b1000)); 
     a52:	80 91 51 00 	lds	r24, 0x0051	; 0x800051 <__TEXT_REGION_LENGTH__+0x700051>
     a56:	83 ff       	sbrs	r24, 3
     a58:	fc cf       	rjmp	.-8      	; 0xa52 <DriverSysClkXtalInit+0xc>
	{
		//Configure PLL
		Mult=F_CPU/F_XTAL;
		if (Mult>31) return -1; //Invalid frequency; too high
		if (F_XTAL * (uint32_t) Mult !=F_CPU) return -1; //Only supports whole dividers
		OSC.PLLCTRL=0b11000000 | (Mult);
     a5a:	82 ec       	ldi	r24, 0xC2	; 194
     a5c:	80 93 55 00 	sts	0x0055, r24	; 0x800055 <__TEXT_REGION_LENGTH__+0x700055>
		OSC.CTRL=0b00011000; //Enable PLL
     a60:	88 e1       	ldi	r24, 0x18	; 24
     a62:	80 93 50 00 	sts	0x0050, r24	; 0x800050 <__TEXT_REGION_LENGTH__+0x700050>
		
		//Wait until PLL is ready
		while (!(OSC.STATUS & 0b00010000));
     a66:	80 91 51 00 	lds	r24, 0x0051	; 0x800051 <__TEXT_REGION_LENGTH__+0x700051>
     a6a:	84 ff       	sbrs	r24, 4
     a6c:	fc cf       	rjmp	.-8      	; 0xa66 <DriverSysClkXtalInit+0x20>
		
		//Select PLL as system CLK source
		CCP=0xd8;
     a6e:	88 ed       	ldi	r24, 0xD8	; 216
     a70:	84 bf       	out	0x34, r24	; 52
		CLK.CTRL=0b100;
     a72:	84 e0       	ldi	r24, 0x04	; 4
     a74:	80 93 40 00 	sts	0x0040, r24	; 0x800040 <__TEXT_REGION_LENGTH__+0x700040>
	}
	return 0;
}
     a78:	80 e0       	ldi	r24, 0x00	; 0
     a7a:	08 95       	ret

00000a7c <DriverTWIMInit>:
	} 
	else 
	{
		return false;
	}
}
     a7c:	cf 93       	push	r28
     a7e:	df 93       	push	r29
     a80:	cd b7       	in	r28, 0x3d	; 61
     a82:	de b7       	in	r29, 0x3e	; 62
     a84:	10 92 6c 21 	sts	0x216C, r1	; 0x80216c <Twim_status>
     a88:	80 e8       	ldi	r24, 0x80	; 128
     a8a:	96 e0       	ldi	r25, 0x06	; 6
     a8c:	28 e1       	ldi	r18, 0x18	; 24
     a8e:	fc 01       	movw	r30, r24
     a90:	20 8b       	std	Z+16, r18	; 0x10
     a92:	80 e8       	ldi	r24, 0x80	; 128
     a94:	96 e0       	ldi	r25, 0x06	; 6
     a96:	28 e1       	ldi	r18, 0x18	; 24
     a98:	fc 01       	movw	r30, r24
     a9a:	21 8b       	std	Z+17, r18	; 0x11
     a9c:	80 ea       	ldi	r24, 0xA0	; 160
     a9e:	94 e0       	ldi	r25, 0x04	; 4
     aa0:	28 e7       	ldi	r18, 0x78	; 120
     aa2:	fc 01       	movw	r30, r24
     aa4:	21 83       	std	Z+1, r18	; 0x01
     aa6:	80 ea       	ldi	r24, 0xA0	; 160
     aa8:	94 e0       	ldi	r25, 0x04	; 4
     aaa:	23 e2       	ldi	r18, 0x23	; 35
     aac:	fc 01       	movw	r30, r24
     aae:	25 83       	std	Z+5, r18	; 0x05
     ab0:	80 ea       	ldi	r24, 0xA0	; 160
     ab2:	94 e0       	ldi	r25, 0x04	; 4
     ab4:	21 e0       	ldi	r18, 0x01	; 1
     ab6:	fc 01       	movw	r30, r24
     ab8:	24 83       	std	Z+4, r18	; 0x04
     aba:	00 00       	nop
     abc:	df 91       	pop	r29
     abe:	cf 91       	pop	r28
     ac0:	08 95       	ret

00000ac2 <TWIMArbitrationLostBusErrorHandler>:

void TWIMArbitrationLostBusErrorHandler()
{
     ac2:	cf 93       	push	r28
     ac4:	df 93       	push	r29
     ac6:	1f 92       	push	r1
     ac8:	cd b7       	in	r28, 0x3d	; 61
     aca:	de b7       	in	r29, 0x3e	; 62
	uint8_t currentStatus = TWIM_BUS.MASTER.STATUS;
     acc:	80 ea       	ldi	r24, 0xA0	; 160
     ace:	94 e0       	ldi	r25, 0x04	; 4
     ad0:	fc 01       	movw	r30, r24
     ad2:	84 81       	ldd	r24, Z+4	; 0x04
     ad4:	89 83       	std	Y+1, r24	; 0x01

	/* If bus error. */
	if (currentStatus & TWI_MASTER_BUSERR_bm) {
     ad6:	89 81       	ldd	r24, Y+1	; 0x01
     ad8:	88 2f       	mov	r24, r24
     ada:	90 e0       	ldi	r25, 0x00	; 0
     adc:	84 70       	andi	r24, 0x04	; 4
     ade:	99 27       	eor	r25, r25
     ae0:	89 2b       	or	r24, r25
     ae2:	21 f0       	breq	.+8      	; 0xaec <TWIMArbitrationLostBusErrorHandler+0x2a>
		Twim_result = TWIM_RESULT_BUS_ERROR;
     ae4:	84 e0       	ldi	r24, 0x04	; 4
     ae6:	80 93 6d 21 	sts	0x216D, r24	; 0x80216d <Twim_result>
     aea:	03 c0       	rjmp	.+6      	; 0xaf2 <TWIMArbitrationLostBusErrorHandler+0x30>
	}
	/* If arbitration lost. */
	else {
		Twim_result = TWIM_RESULT_ARBITRATION_LOST;
     aec:	83 e0       	ldi	r24, 0x03	; 3
     aee:	80 93 6d 21 	sts	0x216D, r24	; 0x80216d <Twim_result>
	}

	/* Clear interrupt flag. */
	TWIM_BUS.MASTER.STATUS = currentStatus | TWI_MASTER_ARBLOST_bm;
     af2:	80 ea       	ldi	r24, 0xA0	; 160
     af4:	94 e0       	ldi	r25, 0x04	; 4
     af6:	29 81       	ldd	r18, Y+1	; 0x01
     af8:	28 60       	ori	r18, 0x08	; 8
     afa:	fc 01       	movw	r30, r24
     afc:	24 83       	std	Z+4, r18	; 0x04

	Twim_status = TWIM_STATUS_READY;
     afe:	10 92 6c 21 	sts	0x216C, r1	; 0x80216c <Twim_status>
}
     b02:	00 00       	nop
     b04:	0f 90       	pop	r0
     b06:	df 91       	pop	r29
     b08:	cf 91       	pop	r28
     b0a:	08 95       	ret

00000b0c <TWIMWriteHandler>:

void TWIMWriteHandler()
{
     b0c:	cf 93       	push	r28
     b0e:	df 93       	push	r29
     b10:	00 d0       	rcall	.+0      	; 0xb12 <TWIMWriteHandler+0x6>
     b12:	1f 92       	push	r1
     b14:	cd b7       	in	r28, 0x3d	; 61
     b16:	de b7       	in	r29, 0x3e	; 62
	/* Local variables used in if tests to avoid compiler warning. */
	uint8_t bytesToWrite  = Twim_bytesToWrite;
     b18:	80 91 68 21 	lds	r24, 0x2168	; 0x802168 <Twim_bytesToWrite>
     b1c:	89 83       	std	Y+1, r24	; 0x01
	uint8_t bytesToRead   = Twim_bytesToRead;
     b1e:	80 91 69 21 	lds	r24, 0x2169	; 0x802169 <Twim_bytesToRead>
     b22:	8a 83       	std	Y+2, r24	; 0x02

	/* If NOT acknowledged (NACK) by slave cancel the transaction. */
	if (TWIM_BUS.MASTER.STATUS & TWI_MASTER_RXACK_bm) {
     b24:	80 ea       	ldi	r24, 0xA0	; 160
     b26:	94 e0       	ldi	r25, 0x04	; 4
     b28:	fc 01       	movw	r30, r24
     b2a:	84 81       	ldd	r24, Z+4	; 0x04
     b2c:	88 2f       	mov	r24, r24
     b2e:	90 e0       	ldi	r25, 0x00	; 0
     b30:	80 71       	andi	r24, 0x10	; 16
     b32:	99 27       	eor	r25, r25
     b34:	89 2b       	or	r24, r25
     b36:	59 f0       	breq	.+22     	; 0xb4e <TWIMWriteHandler+0x42>
		TWIM_BUS.MASTER.CTRLC = TWI_MASTER_CMD_STOP_gc;
     b38:	80 ea       	ldi	r24, 0xA0	; 160
     b3a:	94 e0       	ldi	r25, 0x04	; 4
     b3c:	23 e0       	ldi	r18, 0x03	; 3
     b3e:	fc 01       	movw	r30, r24
     b40:	23 83       	std	Z+3, r18	; 0x03
		Twim_result = TWIM_RESULT_NACK_RECEIVED;
     b42:	85 e0       	ldi	r24, 0x05	; 5
     b44:	80 93 6d 21 	sts	0x216D, r24	; 0x80216d <Twim_result>
		Twim_status = TWIM_STATUS_READY;
     b48:	10 92 6c 21 	sts	0x216C, r1	; 0x80216c <Twim_status>
	/* If transaction finished, send STOP condition and set RESULT OK. */
	else {
		TWIM_BUS.MASTER.CTRLC = TWI_MASTER_CMD_STOP_gc;
		TWIMTransactionFinished(TWIM_RESULT_OK);
	}
}
     b4c:	34 c0       	rjmp	.+104    	; 0xbb6 <TWIMWriteHandler+0xaa>
		Twim_result = TWIM_RESULT_NACK_RECEIVED;
		Twim_status = TWIM_STATUS_READY;
	}

	/* If more bytes to write, send data. */
	else if (Twim_bytesWritten < bytesToWrite) {
     b4e:	90 91 6a 21 	lds	r25, 0x216A	; 0x80216a <Twim_bytesWritten>
     b52:	89 81       	ldd	r24, Y+1	; 0x01
     b54:	98 17       	cp	r25, r24
     b56:	c0 f4       	brcc	.+48     	; 0xb88 <TWIMWriteHandler+0x7c>
		uint8_t data = Twim_writeData[Twim_bytesWritten];
     b58:	20 91 64 21 	lds	r18, 0x2164	; 0x802164 <Twim_writeData>
     b5c:	30 91 65 21 	lds	r19, 0x2165	; 0x802165 <Twim_writeData+0x1>
     b60:	80 91 6a 21 	lds	r24, 0x216A	; 0x80216a <Twim_bytesWritten>
     b64:	88 2f       	mov	r24, r24
     b66:	90 e0       	ldi	r25, 0x00	; 0
     b68:	82 0f       	add	r24, r18
     b6a:	93 1f       	adc	r25, r19
     b6c:	fc 01       	movw	r30, r24
     b6e:	80 81       	ld	r24, Z
     b70:	8b 83       	std	Y+3, r24	; 0x03
			TWIM_BUS.MASTER.DATA = data;
     b72:	80 ea       	ldi	r24, 0xA0	; 160
     b74:	94 e0       	ldi	r25, 0x04	; 4
     b76:	2b 81       	ldd	r18, Y+3	; 0x03
     b78:	fc 01       	movw	r30, r24
     b7a:	27 83       	std	Z+7, r18	; 0x07
		++Twim_bytesWritten;
     b7c:	80 91 6a 21 	lds	r24, 0x216A	; 0x80216a <Twim_bytesWritten>
     b80:	8f 5f       	subi	r24, 0xFF	; 255
     b82:	80 93 6a 21 	sts	0x216A, r24	; 0x80216a <Twim_bytesWritten>
	/* If transaction finished, send STOP condition and set RESULT OK. */
	else {
		TWIM_BUS.MASTER.CTRLC = TWI_MASTER_CMD_STOP_gc;
		TWIMTransactionFinished(TWIM_RESULT_OK);
	}
}
     b86:	17 c0       	rjmp	.+46     	; 0xbb6 <TWIMWriteHandler+0xaa>
	}

	/* If bytes to read, send repeated START condition + Address +
	 * 'R/_W = 1'
	 */
	else if (Twim_bytesRead < bytesToRead) {
     b88:	90 91 6b 21 	lds	r25, 0x216B	; 0x80216b <Twim_bytesRead>
     b8c:	8a 81       	ldd	r24, Y+2	; 0x02
     b8e:	98 17       	cp	r25, r24
     b90:	50 f4       	brcc	.+20     	; 0xba6 <TWIMWriteHandler+0x9a>
		uint8_t readAddress = Twim_address | 0x01;
     b92:	80 91 63 21 	lds	r24, 0x2163	; 0x802163 <Twim_address>
     b96:	81 60       	ori	r24, 0x01	; 1
     b98:	8c 83       	std	Y+4, r24	; 0x04
		TWIM_BUS.MASTER.ADDR = readAddress;
     b9a:	80 ea       	ldi	r24, 0xA0	; 160
     b9c:	94 e0       	ldi	r25, 0x04	; 4
     b9e:	2c 81       	ldd	r18, Y+4	; 0x04
     ba0:	fc 01       	movw	r30, r24
     ba2:	26 83       	std	Z+6, r18	; 0x06
	/* If transaction finished, send STOP condition and set RESULT OK. */
	else {
		TWIM_BUS.MASTER.CTRLC = TWI_MASTER_CMD_STOP_gc;
		TWIMTransactionFinished(TWIM_RESULT_OK);
	}
}
     ba4:	08 c0       	rjmp	.+16     	; 0xbb6 <TWIMWriteHandler+0xaa>
		TWIM_BUS.MASTER.ADDR = readAddress;
	}

	/* If transaction finished, send STOP condition and set RESULT OK. */
	else {
		TWIM_BUS.MASTER.CTRLC = TWI_MASTER_CMD_STOP_gc;
     ba6:	80 ea       	ldi	r24, 0xA0	; 160
     ba8:	94 e0       	ldi	r25, 0x04	; 4
     baa:	23 e0       	ldi	r18, 0x03	; 3
     bac:	fc 01       	movw	r30, r24
     bae:	23 83       	std	Z+3, r18	; 0x03
		TWIMTransactionFinished(TWIM_RESULT_OK);
     bb0:	81 e0       	ldi	r24, 0x01	; 1
     bb2:	0e 94 28 06 	call	0xc50	; 0xc50 <TWIMTransactionFinished>
	}
}
     bb6:	00 00       	nop
     bb8:	24 96       	adiw	r28, 0x04	; 4
     bba:	cd bf       	out	0x3d, r28	; 61
     bbc:	de bf       	out	0x3e, r29	; 62
     bbe:	df 91       	pop	r29
     bc0:	cf 91       	pop	r28
     bc2:	08 95       	ret

00000bc4 <TWIMReadHandler>:

void TWIMReadHandler()
{
     bc4:	cf 93       	push	r28
     bc6:	df 93       	push	r29
     bc8:	1f 92       	push	r1
     bca:	1f 92       	push	r1
     bcc:	cd b7       	in	r28, 0x3d	; 61
     bce:	de b7       	in	r29, 0x3e	; 62
	/* Fetch data if bytes to be read. */
	if (Twim_bytesRead < TWIM_READ_BUFFER_SIZE) {
     bd0:	80 91 6b 21 	lds	r24, 0x216B	; 0x80216b <Twim_bytesRead>
     bd4:	80 32       	cpi	r24, 0x20	; 32
     bd6:	c0 f4       	brcc	.+48     	; 0xc08 <TWIMReadHandler+0x44>
		uint8_t data = TWIM_BUS.MASTER.DATA;
     bd8:	80 ea       	ldi	r24, 0xA0	; 160
     bda:	94 e0       	ldi	r25, 0x04	; 4
     bdc:	fc 01       	movw	r30, r24
     bde:	87 81       	ldd	r24, Z+7	; 0x07
     be0:	89 83       	std	Y+1, r24	; 0x01
		Twim_readData[Twim_bytesRead] = data;
     be2:	20 91 66 21 	lds	r18, 0x2166	; 0x802166 <Twim_readData>
     be6:	30 91 67 21 	lds	r19, 0x2167	; 0x802167 <Twim_readData+0x1>
     bea:	80 91 6b 21 	lds	r24, 0x216B	; 0x80216b <Twim_bytesRead>
     bee:	88 2f       	mov	r24, r24
     bf0:	90 e0       	ldi	r25, 0x00	; 0
     bf2:	82 0f       	add	r24, r18
     bf4:	93 1f       	adc	r25, r19
     bf6:	29 81       	ldd	r18, Y+1	; 0x01
     bf8:	fc 01       	movw	r30, r24
     bfa:	20 83       	st	Z, r18
		Twim_bytesRead++;
     bfc:	80 91 6b 21 	lds	r24, 0x216B	; 0x80216b <Twim_bytesRead>
     c00:	8f 5f       	subi	r24, 0xFF	; 255
     c02:	80 93 6b 21 	sts	0x216B, r24	; 0x80216b <Twim_bytesRead>
     c06:	08 c0       	rjmp	.+16     	; 0xc18 <TWIMReadHandler+0x54>
	}

	/* If buffer overflow, issue STOP and BUFFER_OVERFLOW condition. */
	else {
		TWIM_BUS.MASTER.CTRLC = TWI_MASTER_CMD_STOP_gc;
     c08:	80 ea       	ldi	r24, 0xA0	; 160
     c0a:	94 e0       	ldi	r25, 0x04	; 4
     c0c:	23 e0       	ldi	r18, 0x03	; 3
     c0e:	fc 01       	movw	r30, r24
     c10:	23 83       	std	Z+3, r18	; 0x03
		TWIMTransactionFinished(TWIM_RESULT_BUFFER_OVERFLOW);
     c12:	82 e0       	ldi	r24, 0x02	; 2
     c14:	0e 94 28 06 	call	0xc50	; 0xc50 <TWIMTransactionFinished>
	}

	/* Local variable used in if test to avoid compiler warning. */
	uint8_t bytesToRead = Twim_bytesToRead;
     c18:	80 91 69 21 	lds	r24, 0x2169	; 0x802169 <Twim_bytesToRead>
     c1c:	8a 83       	std	Y+2, r24	; 0x02

	/* If more bytes to read, issue ACK and start a byte read. */
	if (Twim_bytesRead < bytesToRead) {
     c1e:	90 91 6b 21 	lds	r25, 0x216B	; 0x80216b <Twim_bytesRead>
     c22:	8a 81       	ldd	r24, Y+2	; 0x02
     c24:	98 17       	cp	r25, r24
     c26:	30 f4       	brcc	.+12     	; 0xc34 <TWIMReadHandler+0x70>
		TWIM_BUS.MASTER.CTRLC = TWI_MASTER_CMD_RECVTRANS_gc;
     c28:	80 ea       	ldi	r24, 0xA0	; 160
     c2a:	94 e0       	ldi	r25, 0x04	; 4
     c2c:	22 e0       	ldi	r18, 0x02	; 2
     c2e:	fc 01       	movw	r30, r24
     c30:	23 83       	std	Z+3, r18	; 0x03
	else {
		TWIM_BUS.MASTER.CTRLC = TWI_MASTER_ACKACT_bm |
		                               TWI_MASTER_CMD_STOP_gc;
		TWIMTransactionFinished(TWIM_RESULT_OK);
	}
}
     c32:	08 c0       	rjmp	.+16     	; 0xc44 <TWIMReadHandler+0x80>
		TWIM_BUS.MASTER.CTRLC = TWI_MASTER_CMD_RECVTRANS_gc;
	}

	/* If transaction finished, issue NACK and STOP condition. */
	else {
		TWIM_BUS.MASTER.CTRLC = TWI_MASTER_ACKACT_bm |
     c34:	80 ea       	ldi	r24, 0xA0	; 160
     c36:	94 e0       	ldi	r25, 0x04	; 4
     c38:	27 e0       	ldi	r18, 0x07	; 7
     c3a:	fc 01       	movw	r30, r24
     c3c:	23 83       	std	Z+3, r18	; 0x03
		                               TWI_MASTER_CMD_STOP_gc;
		TWIMTransactionFinished(TWIM_RESULT_OK);
     c3e:	81 e0       	ldi	r24, 0x01	; 1
     c40:	0e 94 28 06 	call	0xc50	; 0xc50 <TWIMTransactionFinished>
	}
}
     c44:	00 00       	nop
     c46:	0f 90       	pop	r0
     c48:	0f 90       	pop	r0
     c4a:	df 91       	pop	r29
     c4c:	cf 91       	pop	r28
     c4e:	08 95       	ret

00000c50 <TWIMTransactionFinished>:

void TWIMTransactionFinished( uint8_t result)
{
     c50:	cf 93       	push	r28
     c52:	df 93       	push	r29
     c54:	1f 92       	push	r1
     c56:	cd b7       	in	r28, 0x3d	; 61
     c58:	de b7       	in	r29, 0x3e	; 62
     c5a:	89 83       	std	Y+1, r24	; 0x01
	Twim_result = result;
     c5c:	89 81       	ldd	r24, Y+1	; 0x01
     c5e:	80 93 6d 21 	sts	0x216D, r24	; 0x80216d <Twim_result>
	Twim_status = TWIM_STATUS_READY;
     c62:	10 92 6c 21 	sts	0x216C, r1	; 0x80216c <Twim_status>
}
     c66:	00 00       	nop
     c68:	0f 90       	pop	r0
     c6a:	df 91       	pop	r29
     c6c:	cf 91       	pop	r28
     c6e:	08 95       	ret

00000c70 <__vector_46>:

ISR (TWIM_BUS_vect)
{
     c70:	1f 92       	push	r1
     c72:	0f 92       	push	r0
     c74:	00 90 3f 00 	lds	r0, 0x003F	; 0x80003f <__TEXT_REGION_LENGTH__+0x70003f>
     c78:	0f 92       	push	r0
     c7a:	11 24       	eor	r1, r1
     c7c:	00 90 3b 00 	lds	r0, 0x003B	; 0x80003b <__TEXT_REGION_LENGTH__+0x70003b>
     c80:	0f 92       	push	r0
     c82:	2f 93       	push	r18
     c84:	3f 93       	push	r19
     c86:	4f 93       	push	r20
     c88:	5f 93       	push	r21
     c8a:	6f 93       	push	r22
     c8c:	7f 93       	push	r23
     c8e:	8f 93       	push	r24
     c90:	9f 93       	push	r25
     c92:	af 93       	push	r26
     c94:	bf 93       	push	r27
     c96:	ef 93       	push	r30
     c98:	ff 93       	push	r31
     c9a:	cf 93       	push	r28
     c9c:	df 93       	push	r29
     c9e:	1f 92       	push	r1
     ca0:	cd b7       	in	r28, 0x3d	; 61
     ca2:	de b7       	in	r29, 0x3e	; 62
	uint8_t currentStatus = TWIM_BUS.MASTER.STATUS;
     ca4:	80 ea       	ldi	r24, 0xA0	; 160
     ca6:	94 e0       	ldi	r25, 0x04	; 4
     ca8:	fc 01       	movw	r30, r24
     caa:	84 81       	ldd	r24, Z+4	; 0x04
     cac:	89 83       	std	Y+1, r24	; 0x01

	/* If arbitration lost or bus error. */
	if ((currentStatus & TWI_MASTER_ARBLOST_bm) ||
     cae:	89 81       	ldd	r24, Y+1	; 0x01
     cb0:	88 2f       	mov	r24, r24
     cb2:	90 e0       	ldi	r25, 0x00	; 0
     cb4:	88 70       	andi	r24, 0x08	; 8
     cb6:	99 27       	eor	r25, r25
     cb8:	89 2b       	or	r24, r25
     cba:	39 f4       	brne	.+14     	; 0xcca <__vector_46+0x5a>
	(currentStatus & TWI_MASTER_BUSERR_bm)) {
     cbc:	89 81       	ldd	r24, Y+1	; 0x01
     cbe:	88 2f       	mov	r24, r24
     cc0:	90 e0       	ldi	r25, 0x00	; 0
     cc2:	84 70       	andi	r24, 0x04	; 4
     cc4:	99 27       	eor	r25, r25
ISR (TWIM_BUS_vect)
{
	uint8_t currentStatus = TWIM_BUS.MASTER.STATUS;

	/* If arbitration lost or bus error. */
	if ((currentStatus & TWI_MASTER_ARBLOST_bm) ||
     cc6:	89 2b       	or	r24, r25
     cc8:	19 f0       	breq	.+6      	; 0xcd0 <__vector_46+0x60>
	(currentStatus & TWI_MASTER_BUSERR_bm)) {

		TWIMArbitrationLostBusErrorHandler();
     cca:	0e 94 61 05 	call	0xac2	; 0xac2 <TWIMArbitrationLostBusErrorHandler>
     cce:	13 c0       	rjmp	.+38     	; 0xcf6 <__vector_46+0x86>
	}

	/* If master write interrupt. */
	else if (currentStatus & TWI_MASTER_WIF_bm) {
     cd0:	89 81       	ldd	r24, Y+1	; 0x01
     cd2:	88 2f       	mov	r24, r24
     cd4:	90 e0       	ldi	r25, 0x00	; 0
     cd6:	80 74       	andi	r24, 0x40	; 64
     cd8:	99 27       	eor	r25, r25
     cda:	89 2b       	or	r24, r25
     cdc:	19 f0       	breq	.+6      	; 0xce4 <__vector_46+0x74>
		TWIMWriteHandler();
     cde:	0e 94 86 05 	call	0xb0c	; 0xb0c <TWIMWriteHandler>
     ce2:	09 c0       	rjmp	.+18     	; 0xcf6 <__vector_46+0x86>
	}

	/* If master read interrupt. */
	else if (currentStatus & TWI_MASTER_RIF_bm) {
     ce4:	89 81       	ldd	r24, Y+1	; 0x01
     ce6:	88 23       	and	r24, r24
     ce8:	1c f4       	brge	.+6      	; 0xcf0 <__vector_46+0x80>
		TWIMReadHandler();
     cea:	0e 94 e2 05 	call	0xbc4	; 0xbc4 <TWIMReadHandler>
     cee:	03 c0       	rjmp	.+6      	; 0xcf6 <__vector_46+0x86>
	}

	/* If unexpected state. */
	else {
		TWIMTransactionFinished(TWIM_RESULT_FAIL);
     cf0:	86 e0       	ldi	r24, 0x06	; 6
     cf2:	0e 94 28 06 	call	0xc50	; 0xc50 <TWIMTransactionFinished>
	}
	
	if (Twim_status == TWIM_STATUS_READY) //Transaction finished
     cf6:	80 91 6c 21 	lds	r24, 0x216C	; 0x80216c <Twim_status>
	{	
	}
}
     cfa:	00 00       	nop
     cfc:	0f 90       	pop	r0
     cfe:	df 91       	pop	r29
     d00:	cf 91       	pop	r28
     d02:	ff 91       	pop	r31
     d04:	ef 91       	pop	r30
     d06:	bf 91       	pop	r27
     d08:	af 91       	pop	r26
     d0a:	9f 91       	pop	r25
     d0c:	8f 91       	pop	r24
     d0e:	7f 91       	pop	r23
     d10:	6f 91       	pop	r22
     d12:	5f 91       	pop	r21
     d14:	4f 91       	pop	r20
     d16:	3f 91       	pop	r19
     d18:	2f 91       	pop	r18
     d1a:	0f 90       	pop	r0
     d1c:	00 92 3b 00 	sts	0x003B, r0	; 0x80003b <__TEXT_REGION_LENGTH__+0x70003b>
     d20:	0f 90       	pop	r0
     d22:	00 92 3f 00 	sts	0x003F, r0	; 0x80003f <__TEXT_REGION_LENGTH__+0x70003f>
     d26:	0f 90       	pop	r0
     d28:	1f 90       	pop	r1
     d2a:	18 95       	reti

00000d2c <DriverUSARTInit>:
} baud_result;

baud_result calculate_baud(uint32_t baud);

void DriverUSARTInit(void)
{
     d2c:	cf 93       	push	r28
     d2e:	df 93       	push	r29
     d30:	cd b7       	in	r28, 0x3d	; 61
     d32:	de b7       	in	r29, 0x3e	; 62
     d34:	2b 97       	sbiw	r28, 0x0b	; 11
     d36:	cd bf       	out	0x3d, r28	; 61
     d38:	de bf       	out	0x3e, r29	; 62
	receiveQueue = xQueueCreate(RECEIVE_QUEUE_LENGTH, sizeof(uint8_t));
     d3a:	40 e0       	ldi	r20, 0x00	; 0
     d3c:	61 e0       	ldi	r22, 0x01	; 1
     d3e:	80 e2       	ldi	r24, 0x20	; 32
     d40:	0e 94 e5 10 	call	0x21ca	; 0x21ca <xQueueGenericCreate>
     d44:	80 93 6e 21 	sts	0x216E, r24	; 0x80216e <receiveQueue>
     d48:	90 93 6f 21 	sts	0x216F, r25	; 0x80216f <receiveQueue+0x1>
	sendQueue = xQueueCreate(SEND_QUEUE_LENGTH, sizeof(uint8_t));
     d4c:	40 e0       	ldi	r20, 0x00	; 0
     d4e:	61 e0       	ldi	r22, 0x01	; 1
     d50:	81 e0       	ldi	r24, 0x01	; 1
     d52:	0e 94 e5 10 	call	0x21ca	; 0x21ca <xQueueGenericCreate>
     d56:	80 93 70 21 	sts	0x2170, r24	; 0x802170 <sendQueue>
     d5a:	90 93 71 21 	sts	0x2171, r25	; 0x802171 <sendQueue+0x1>
	
	USART_PORT.DIRSET=0b00001000;	
     d5e:	80 e8       	ldi	r24, 0x80	; 128
     d60:	96 e0       	ldi	r25, 0x06	; 6
     d62:	28 e0       	ldi	r18, 0x08	; 8
     d64:	fc 01       	movw	r30, r24
     d66:	21 83       	std	Z+1, r18	; 0x01
	USART_PORT.DIRCLR=0b00000100;
     d68:	80 e8       	ldi	r24, 0x80	; 128
     d6a:	96 e0       	ldi	r25, 0x06	; 6
     d6c:	24 e0       	ldi	r18, 0x04	; 4
     d6e:	fc 01       	movw	r30, r24
     d70:	22 83       	std	Z+2, r18	; 0x02
	
	USART.CTRLA=0b00010100;
     d72:	80 ea       	ldi	r24, 0xA0	; 160
     d74:	9a e0       	ldi	r25, 0x0A	; 10
     d76:	24 e1       	ldi	r18, 0x14	; 20
     d78:	fc 01       	movw	r30, r24
     d7a:	23 83       	std	Z+3, r18	; 0x03
	USART.CTRLB=0b00011000;
     d7c:	80 ea       	ldi	r24, 0xA0	; 160
     d7e:	9a e0       	ldi	r25, 0x0A	; 10
     d80:	28 e1       	ldi	r18, 0x18	; 24
     d82:	fc 01       	movw	r30, r24
     d84:	24 83       	std	Z+4, r18	; 0x04
	USART.CTRLC=0b00000011;	
     d86:	80 ea       	ldi	r24, 0xA0	; 160
     d88:	9a e0       	ldi	r25, 0x0A	; 10
     d8a:	23 e0       	ldi	r18, 0x03	; 3
     d8c:	fc 01       	movw	r30, r24
     d8e:	25 83       	std	Z+5, r18	; 0x05
	
	baud_result result = calculate_baud(115200);
     d90:	40 e0       	ldi	r20, 0x00	; 0
     d92:	52 ec       	ldi	r21, 0xC2	; 194
     d94:	61 e0       	ldi	r22, 0x01	; 1
     d96:	70 e0       	ldi	r23, 0x00	; 0
     d98:	ce 01       	movw	r24, r28
     d9a:	01 96       	adiw	r24, 0x01	; 1
     d9c:	0e 94 99 07 	call	0xf32	; 0xf32 <calculate_baud>
	
	USART.BAUDCTRLA=(uint8_t)(result.bsel & 0xFF); // BSEL low byte //0xE5; //BSEL=3301, BSCALE=-5 19200 baud
     da0:	80 ea       	ldi	r24, 0xA0	; 160
     da2:	9a e0       	ldi	r25, 0x0A	; 10
     da4:	2a 81       	ldd	r18, Y+2	; 0x02
     da6:	3b 81       	ldd	r19, Y+3	; 0x03
     da8:	fc 01       	movw	r30, r24
     daa:	26 83       	std	Z+6, r18	; 0x06
	USART.BAUDCTRLB=((result.bscale << 4) & 0xF0) |((result.bsel >> 8) & 0x0F);//0xBC; // BSCALE + BSEL high nibble
     dac:	80 ea       	ldi	r24, 0xA0	; 160
     dae:	9a e0       	ldi	r25, 0x0A	; 10
     db0:	29 81       	ldd	r18, Y+1	; 0x01
     db2:	42 2f       	mov	r20, r18
     db4:	42 95       	swap	r20
     db6:	40 7f       	andi	r20, 0xF0	; 240
     db8:	2a 81       	ldd	r18, Y+2	; 0x02
     dba:	3b 81       	ldd	r19, Y+3	; 0x03
     dbc:	23 2f       	mov	r18, r19
     dbe:	33 27       	eor	r19, r19
     dc0:	2f 70       	andi	r18, 0x0F	; 15
     dc2:	24 2b       	or	r18, r20
     dc4:	fc 01       	movw	r30, r24
     dc6:	27 83       	std	Z+7, r18	; 0x07
	
	stdout=&UsartStdio;
     dc8:	8a e0       	ldi	r24, 0x0A	; 10
     dca:	90 e2       	ldi	r25, 0x20	; 32
     dcc:	80 93 2b 24 	sts	0x242B, r24	; 0x80242b <__iob+0x2>
     dd0:	90 93 2c 24 	sts	0x242C, r25	; 0x80242c <__iob+0x3>
	stdin=&UsartStdio;
     dd4:	8a e0       	ldi	r24, 0x0A	; 10
     dd6:	90 e2       	ldi	r25, 0x20	; 32
     dd8:	80 93 29 24 	sts	0x2429, r24	; 0x802429 <__iob>
     ddc:	90 93 2a 24 	sts	0x242A, r25	; 0x80242a <__iob+0x1>
}
     de0:	00 00       	nop
     de2:	2b 96       	adiw	r28, 0x0b	; 11
     de4:	cd bf       	out	0x3d, r28	; 61
     de6:	de bf       	out	0x3e, r29	; 62
     de8:	df 91       	pop	r29
     dea:	cf 91       	pop	r28
     dec:	08 95       	ret

00000dee <__vector_58>:

ISR(USART_RXC_vect)
{
     dee:	1f 92       	push	r1
     df0:	0f 92       	push	r0
     df2:	00 90 3f 00 	lds	r0, 0x003F	; 0x80003f <__TEXT_REGION_LENGTH__+0x70003f>
     df6:	0f 92       	push	r0
     df8:	11 24       	eor	r1, r1
     dfa:	00 90 3b 00 	lds	r0, 0x003B	; 0x80003b <__TEXT_REGION_LENGTH__+0x70003b>
     dfe:	0f 92       	push	r0
     e00:	2f 93       	push	r18
     e02:	3f 93       	push	r19
     e04:	4f 93       	push	r20
     e06:	5f 93       	push	r21
     e08:	6f 93       	push	r22
     e0a:	7f 93       	push	r23
     e0c:	8f 93       	push	r24
     e0e:	9f 93       	push	r25
     e10:	af 93       	push	r26
     e12:	bf 93       	push	r27
     e14:	ef 93       	push	r30
     e16:	ff 93       	push	r31
     e18:	cf 93       	push	r28
     e1a:	df 93       	push	r29
     e1c:	1f 92       	push	r1
     e1e:	1f 92       	push	r1
     e20:	cd b7       	in	r28, 0x3d	; 61
     e22:	de b7       	in	r29, 0x3e	; 62
	uint8_t data = USART.DATA;
     e24:	80 ea       	ldi	r24, 0xA0	; 160
     e26:	9a e0       	ldi	r25, 0x0A	; 10
     e28:	fc 01       	movw	r30, r24
     e2a:	80 81       	ld	r24, Z
     e2c:	89 83       	std	Y+1, r24	; 0x01

	BaseType_t higherPrioTaskActive = pdFALSE;
     e2e:	1a 82       	std	Y+2, r1	; 0x02
	xQueueSendFromISR(receiveQueue, &data, &higherPrioTaskActive);
     e30:	80 91 6e 21 	lds	r24, 0x216E	; 0x80216e <receiveQueue>
     e34:	90 91 6f 21 	lds	r25, 0x216F	; 0x80216f <receiveQueue+0x1>
     e38:	ae 01       	movw	r20, r28
     e3a:	4e 5f       	subi	r20, 0xFE	; 254
     e3c:	5f 4f       	sbci	r21, 0xFF	; 255
     e3e:	20 e0       	ldi	r18, 0x00	; 0
     e40:	be 01       	movw	r22, r28
     e42:	6f 5f       	subi	r22, 0xFF	; 255
     e44:	7f 4f       	sbci	r23, 0xFF	; 255
     e46:	0e 94 59 12 	call	0x24b2	; 0x24b2 <xQueueGenericSendFromISR>

    portYIELD_FROM_ISR(higherPrioTaskActive);
     e4a:	8a 81       	ldd	r24, Y+2	; 0x02
     e4c:	88 23       	and	r24, r24
     e4e:	11 f0       	breq	.+4      	; 0xe54 <__vector_58+0x66>
     e50:	0e 94 11 0f 	call	0x1e22	; 0x1e22 <vPortYieldISR>
}
     e54:	00 00       	nop
     e56:	0f 90       	pop	r0
     e58:	0f 90       	pop	r0
     e5a:	df 91       	pop	r29
     e5c:	cf 91       	pop	r28
     e5e:	ff 91       	pop	r31
     e60:	ef 91       	pop	r30
     e62:	bf 91       	pop	r27
     e64:	af 91       	pop	r26
     e66:	9f 91       	pop	r25
     e68:	8f 91       	pop	r24
     e6a:	7f 91       	pop	r23
     e6c:	6f 91       	pop	r22
     e6e:	5f 91       	pop	r21
     e70:	4f 91       	pop	r20
     e72:	3f 91       	pop	r19
     e74:	2f 91       	pop	r18
     e76:	0f 90       	pop	r0
     e78:	00 92 3b 00 	sts	0x003B, r0	; 0x80003b <__TEXT_REGION_LENGTH__+0x70003b>
     e7c:	0f 90       	pop	r0
     e7e:	00 92 3f 00 	sts	0x003F, r0	; 0x80003f <__TEXT_REGION_LENGTH__+0x70003f>
     e82:	0f 90       	pop	r0
     e84:	1f 90       	pop	r1
     e86:	18 95       	reti

00000e88 <__vector_60>:

ISR(USART_TXC_vect)
{
     e88:	1f 92       	push	r1
     e8a:	0f 92       	push	r0
     e8c:	00 90 3f 00 	lds	r0, 0x003F	; 0x80003f <__TEXT_REGION_LENGTH__+0x70003f>
     e90:	0f 92       	push	r0
     e92:	11 24       	eor	r1, r1
     e94:	00 90 3b 00 	lds	r0, 0x003B	; 0x80003b <__TEXT_REGION_LENGTH__+0x70003b>
     e98:	0f 92       	push	r0
     e9a:	2f 93       	push	r18
     e9c:	3f 93       	push	r19
     e9e:	4f 93       	push	r20
     ea0:	5f 93       	push	r21
     ea2:	6f 93       	push	r22
     ea4:	7f 93       	push	r23
     ea6:	8f 93       	push	r24
     ea8:	9f 93       	push	r25
     eaa:	af 93       	push	r26
     eac:	bf 93       	push	r27
     eae:	ef 93       	push	r30
     eb0:	ff 93       	push	r31
     eb2:	cf 93       	push	r28
     eb4:	df 93       	push	r29
     eb6:	1f 92       	push	r1
     eb8:	1f 92       	push	r1
     eba:	cd b7       	in	r28, 0x3d	; 61
     ebc:	de b7       	in	r29, 0x3e	; 62
	uint8_t data;
    BaseType_t higherPrioTaskActive = pdFALSE;
     ebe:	1a 82       	std	Y+2, r1	; 0x02

    USART.STATUS = 0b01000000;
     ec0:	80 ea       	ldi	r24, 0xA0	; 160
     ec2:	9a e0       	ldi	r25, 0x0A	; 10
     ec4:	20 e4       	ldi	r18, 0x40	; 64
     ec6:	fc 01       	movw	r30, r24
     ec8:	21 83       	std	Z+1, r18	; 0x01

    if (xQueueReceiveFromISR(sendQueue, &data, &higherPrioTaskActive) == pdTRUE) {
     eca:	80 91 70 21 	lds	r24, 0x2170	; 0x802170 <sendQueue>
     ece:	90 91 71 21 	lds	r25, 0x2171	; 0x802171 <sendQueue+0x1>
     ed2:	9e 01       	movw	r18, r28
     ed4:	2e 5f       	subi	r18, 0xFE	; 254
     ed6:	3f 4f       	sbci	r19, 0xFF	; 255
     ed8:	a9 01       	movw	r20, r18
     eda:	9e 01       	movw	r18, r28
     edc:	2f 5f       	subi	r18, 0xFF	; 255
     ede:	3f 4f       	sbci	r19, 0xFF	; 255
     ee0:	b9 01       	movw	r22, r18
     ee2:	0e 94 b5 13 	call	0x276a	; 0x276a <xQueueReceiveFromISR>
     ee6:	81 30       	cpi	r24, 0x01	; 1
     ee8:	29 f4       	brne	.+10     	; 0xef4 <__vector_60+0x6c>
        USART.DATA = data;
     eea:	80 ea       	ldi	r24, 0xA0	; 160
     eec:	9a e0       	ldi	r25, 0x0A	; 10
     eee:	29 81       	ldd	r18, Y+1	; 0x01
     ef0:	fc 01       	movw	r30, r24
     ef2:	20 83       	st	Z, r18
    }
	
    portYIELD_FROM_ISR(higherPrioTaskActive);
     ef4:	8a 81       	ldd	r24, Y+2	; 0x02
     ef6:	88 23       	and	r24, r24
     ef8:	11 f0       	breq	.+4      	; 0xefe <__vector_60+0x76>
     efa:	0e 94 11 0f 	call	0x1e22	; 0x1e22 <vPortYieldISR>
}
     efe:	00 00       	nop
     f00:	0f 90       	pop	r0
     f02:	0f 90       	pop	r0
     f04:	df 91       	pop	r29
     f06:	cf 91       	pop	r28
     f08:	ff 91       	pop	r31
     f0a:	ef 91       	pop	r30
     f0c:	bf 91       	pop	r27
     f0e:	af 91       	pop	r26
     f10:	9f 91       	pop	r25
     f12:	8f 91       	pop	r24
     f14:	7f 91       	pop	r23
     f16:	6f 91       	pop	r22
     f18:	5f 91       	pop	r21
     f1a:	4f 91       	pop	r20
     f1c:	3f 91       	pop	r19
     f1e:	2f 91       	pop	r18
     f20:	0f 90       	pop	r0
     f22:	00 92 3b 00 	sts	0x003B, r0	; 0x80003b <__TEXT_REGION_LENGTH__+0x70003b>
     f26:	0f 90       	pop	r0
     f28:	00 92 3f 00 	sts	0x003F, r0	; 0x80003f <__TEXT_REGION_LENGTH__+0x70003f>
     f2c:	0f 90       	pop	r0
     f2e:	1f 90       	pop	r1
     f30:	18 95       	reti

00000f32 <calculate_baud>:
// gaat over alle BSCALE waarden (-7 tot 7) en kiest de BSEL dat de absolute fout minimaliseert tussen de te behalen en en target baud rate
// De volgende formules worden gebruikt:
// - BSCALE >= 0: f_baud = f_cpu / (16 * 2^bscale * (BSEL + 1))
// - BSCALE <  0: f_baud = f_cpu / (16 * (2^bscale * BSEL + 1))
// Accepteert een target baud rate in bits/s
baud_result calculate_baud(uint32_t baud) {
     f32:	cf 92       	push	r12
     f34:	df 92       	push	r13
     f36:	ef 92       	push	r14
     f38:	ff 92       	push	r15
     f3a:	cf 93       	push	r28
     f3c:	df 93       	push	r29
     f3e:	cd b7       	in	r28, 0x3d	; 61
     f40:	de b7       	in	r29, 0x3e	; 62
     f42:	e0 97       	sbiw	r28, 0x30	; 48
     f44:	cd bf       	out	0x3d, r28	; 61
     f46:	de bf       	out	0x3e, r29	; 62
     f48:	8b a7       	std	Y+43, r24	; 0x2b
     f4a:	9c a7       	std	Y+44, r25	; 0x2c
     f4c:	4d a7       	std	Y+45, r20	; 0x2d
     f4e:	5e a7       	std	Y+46, r21	; 0x2e
     f50:	6f a7       	std	Y+47, r22	; 0x2f
     f52:	78 ab       	std	Y+48, r23	; 0x30
    baud_result best;
    best.rel_error = 1e9;
     f54:	88 e2       	ldi	r24, 0x28	; 40
     f56:	9b e6       	ldi	r25, 0x6B	; 107
     f58:	ae e6       	ldi	r26, 0x6E	; 110
     f5a:	be e4       	ldi	r27, 0x4E	; 78
     f5c:	8f a3       	std	Y+39, r24	; 0x27
     f5e:	98 a7       	std	Y+40, r25	; 0x28
     f60:	a9 a7       	std	Y+41, r26	; 0x29
     f62:	ba a7       	std	Y+42, r27	; 0x2a
    float best_error = 1e9;
     f64:	88 e2       	ldi	r24, 0x28	; 40
     f66:	9b e6       	ldi	r25, 0x6B	; 107
     f68:	ae e6       	ldi	r26, 0x6E	; 110
     f6a:	be e4       	ldi	r27, 0x4E	; 78
     f6c:	89 83       	std	Y+1, r24	; 0x01
     f6e:	9a 83       	std	Y+2, r25	; 0x02
     f70:	ab 83       	std	Y+3, r26	; 0x03
     f72:	bc 83       	std	Y+4, r27	; 0x04

    for (int8_t bscale = -7; bscale <= 7; bscale++) {
     f74:	89 ef       	ldi	r24, 0xF9	; 249
     f76:	8d 83       	std	Y+5, r24	; 0x05
     f78:	a8 c1       	rjmp	.+848    	; 0x12ca <calculate_baud+0x398>
        float factor = pow(2.0, bscale);
     f7a:	8d 81       	ldd	r24, Y+5	; 0x05
     f7c:	08 2e       	mov	r0, r24
     f7e:	00 0c       	add	r0, r0
     f80:	99 0b       	sbc	r25, r25
     f82:	aa 0b       	sbc	r26, r26
     f84:	bb 0b       	sbc	r27, r27
     f86:	bc 01       	movw	r22, r24
     f88:	cd 01       	movw	r24, r26
     f8a:	0e 94 88 28 	call	0x5110	; 0x5110 <__floatsisf>
     f8e:	dc 01       	movw	r26, r24
     f90:	cb 01       	movw	r24, r22
     f92:	9c 01       	movw	r18, r24
     f94:	ad 01       	movw	r20, r26
     f96:	60 e0       	ldi	r22, 0x00	; 0
     f98:	70 e0       	ldi	r23, 0x00	; 0
     f9a:	80 e0       	ldi	r24, 0x00	; 0
     f9c:	90 e4       	ldi	r25, 0x40	; 64
     f9e:	0e 94 aa 29 	call	0x5354	; 0x5354 <pow>
     fa2:	dc 01       	movw	r26, r24
     fa4:	cb 01       	movw	r24, r22
     fa6:	8c 87       	std	Y+12, r24	; 0x0c
     fa8:	9d 87       	std	Y+13, r25	; 0x0d
     faa:	ae 87       	std	Y+14, r26	; 0x0e
     fac:	bf 87       	std	Y+15, r27	; 0x0f
        uint16_t bsel;
        float real_baud;

        if (bscale >= 0) {
     fae:	8d 81       	ldd	r24, Y+5	; 0x05
     fb0:	88 23       	and	r24, r24
     fb2:	0c f4       	brge	.+2      	; 0xfb6 <calculate_baud+0x84>
     fb4:	94 c0       	rjmp	.+296    	; 0x10de <calculate_baud+0x1ac>
            float bsel_f = ((float)CPU_SPEED / (16.0 * factor * baud)) - 1.0;
     fb6:	20 e0       	ldi	r18, 0x00	; 0
     fb8:	30 e0       	ldi	r19, 0x00	; 0
     fba:	40 e8       	ldi	r20, 0x80	; 128
     fbc:	51 e4       	ldi	r21, 0x41	; 65
     fbe:	6c 85       	ldd	r22, Y+12	; 0x0c
     fc0:	7d 85       	ldd	r23, Y+13	; 0x0d
     fc2:	8e 85       	ldd	r24, Y+14	; 0x0e
     fc4:	9f 85       	ldd	r25, Y+15	; 0x0f
     fc6:	0e 94 3d 29 	call	0x527a	; 0x527a <__mulsf3>
     fca:	dc 01       	movw	r26, r24
     fcc:	cb 01       	movw	r24, r22
     fce:	6c 01       	movw	r12, r24
     fd0:	7d 01       	movw	r14, r26
     fd2:	6d a5       	ldd	r22, Y+45	; 0x2d
     fd4:	7e a5       	ldd	r23, Y+46	; 0x2e
     fd6:	8f a5       	ldd	r24, Y+47	; 0x2f
     fd8:	98 a9       	ldd	r25, Y+48	; 0x30
     fda:	0e 94 86 28 	call	0x510c	; 0x510c <__floatunsisf>
     fde:	dc 01       	movw	r26, r24
     fe0:	cb 01       	movw	r24, r22
     fe2:	9c 01       	movw	r18, r24
     fe4:	ad 01       	movw	r20, r26
     fe6:	c7 01       	movw	r24, r14
     fe8:	b6 01       	movw	r22, r12
     fea:	0e 94 3d 29 	call	0x527a	; 0x527a <__mulsf3>
     fee:	dc 01       	movw	r26, r24
     ff0:	cb 01       	movw	r24, r22
     ff2:	9c 01       	movw	r18, r24
     ff4:	ad 01       	movw	r20, r26
     ff6:	60 e0       	ldi	r22, 0x00	; 0
     ff8:	74 e2       	ldi	r23, 0x24	; 36
     ffa:	84 ef       	ldi	r24, 0xF4	; 244
     ffc:	9b e4       	ldi	r25, 0x4B	; 75
     ffe:	0e 94 e5 27 	call	0x4fca	; 0x4fca <__divsf3>
    1002:	dc 01       	movw	r26, r24
    1004:	cb 01       	movw	r24, r22
    1006:	20 e0       	ldi	r18, 0x00	; 0
    1008:	30 e0       	ldi	r19, 0x00	; 0
    100a:	40 e8       	ldi	r20, 0x80	; 128
    100c:	5f e3       	ldi	r21, 0x3F	; 63
    100e:	bc 01       	movw	r22, r24
    1010:	cd 01       	movw	r24, r26
    1012:	0e 94 73 27 	call	0x4ee6	; 0x4ee6 <__subsf3>
    1016:	dc 01       	movw	r26, r24
    1018:	cb 01       	movw	r24, r22
    101a:	88 8b       	std	Y+16, r24	; 0x10
    101c:	99 8b       	std	Y+17, r25	; 0x11
    101e:	aa 8b       	std	Y+18, r26	; 0x12
    1020:	bb 8b       	std	Y+19, r27	; 0x13
            if (bsel_f < 0 || bsel_f > 4095) continue;
    1022:	20 e0       	ldi	r18, 0x00	; 0
    1024:	30 e0       	ldi	r19, 0x00	; 0
    1026:	a9 01       	movw	r20, r18
    1028:	68 89       	ldd	r22, Y+16	; 0x10
    102a:	79 89       	ldd	r23, Y+17	; 0x11
    102c:	8a 89       	ldd	r24, Y+18	; 0x12
    102e:	9b 89       	ldd	r25, Y+19	; 0x13
    1030:	0e 94 e0 27 	call	0x4fc0	; 0x4fc0 <__cmpsf2>
    1034:	88 23       	and	r24, r24
    1036:	0c f4       	brge	.+2      	; 0x103a <calculate_baud+0x108>
    1038:	42 c1       	rjmp	.+644    	; 0x12be <calculate_baud+0x38c>
    103a:	20 e0       	ldi	r18, 0x00	; 0
    103c:	30 ef       	ldi	r19, 0xF0	; 240
    103e:	4f e7       	ldi	r20, 0x7F	; 127
    1040:	55 e4       	ldi	r21, 0x45	; 69
    1042:	68 89       	ldd	r22, Y+16	; 0x10
    1044:	79 89       	ldd	r23, Y+17	; 0x11
    1046:	8a 89       	ldd	r24, Y+18	; 0x12
    1048:	9b 89       	ldd	r25, Y+19	; 0x13
    104a:	0e 94 38 29 	call	0x5270	; 0x5270 <__gesf2>
    104e:	18 16       	cp	r1, r24
    1050:	0c f4       	brge	.+2      	; 0x1054 <calculate_baud+0x122>
    1052:	35 c1       	rjmp	.+618    	; 0x12be <calculate_baud+0x38c>
            bsel = (uint16_t)(bsel_f + 0.5);
    1054:	20 e0       	ldi	r18, 0x00	; 0
    1056:	30 e0       	ldi	r19, 0x00	; 0
    1058:	40 e0       	ldi	r20, 0x00	; 0
    105a:	5f e3       	ldi	r21, 0x3F	; 63
    105c:	68 89       	ldd	r22, Y+16	; 0x10
    105e:	79 89       	ldd	r23, Y+17	; 0x11
    1060:	8a 89       	ldd	r24, Y+18	; 0x12
    1062:	9b 89       	ldd	r25, Y+19	; 0x13
    1064:	0e 94 74 27 	call	0x4ee8	; 0x4ee8 <__addsf3>
    1068:	dc 01       	movw	r26, r24
    106a:	cb 01       	movw	r24, r22
    106c:	bc 01       	movw	r22, r24
    106e:	cd 01       	movw	r24, r26
    1070:	0e 94 57 28 	call	0x50ae	; 0x50ae <__fixunssfsi>
    1074:	dc 01       	movw	r26, r24
    1076:	cb 01       	movw	r24, r22
    1078:	8e 83       	std	Y+6, r24	; 0x06
    107a:	9f 83       	std	Y+7, r25	; 0x07
            real_baud = (float)CPU_SPEED / (16.0 * factor * (bsel + 1));
    107c:	20 e0       	ldi	r18, 0x00	; 0
    107e:	30 e0       	ldi	r19, 0x00	; 0
    1080:	40 e8       	ldi	r20, 0x80	; 128
    1082:	51 e4       	ldi	r21, 0x41	; 65
    1084:	6c 85       	ldd	r22, Y+12	; 0x0c
    1086:	7d 85       	ldd	r23, Y+13	; 0x0d
    1088:	8e 85       	ldd	r24, Y+14	; 0x0e
    108a:	9f 85       	ldd	r25, Y+15	; 0x0f
    108c:	0e 94 3d 29 	call	0x527a	; 0x527a <__mulsf3>
    1090:	dc 01       	movw	r26, r24
    1092:	cb 01       	movw	r24, r22
    1094:	6c 01       	movw	r12, r24
    1096:	7d 01       	movw	r14, r26
    1098:	8e 81       	ldd	r24, Y+6	; 0x06
    109a:	9f 81       	ldd	r25, Y+7	; 0x07
    109c:	01 96       	adiw	r24, 0x01	; 1
    109e:	cc 01       	movw	r24, r24
    10a0:	a0 e0       	ldi	r26, 0x00	; 0
    10a2:	b0 e0       	ldi	r27, 0x00	; 0
    10a4:	bc 01       	movw	r22, r24
    10a6:	cd 01       	movw	r24, r26
    10a8:	0e 94 86 28 	call	0x510c	; 0x510c <__floatunsisf>
    10ac:	dc 01       	movw	r26, r24
    10ae:	cb 01       	movw	r24, r22
    10b0:	9c 01       	movw	r18, r24
    10b2:	ad 01       	movw	r20, r26
    10b4:	c7 01       	movw	r24, r14
    10b6:	b6 01       	movw	r22, r12
    10b8:	0e 94 3d 29 	call	0x527a	; 0x527a <__mulsf3>
    10bc:	dc 01       	movw	r26, r24
    10be:	cb 01       	movw	r24, r22
    10c0:	9c 01       	movw	r18, r24
    10c2:	ad 01       	movw	r20, r26
    10c4:	60 e0       	ldi	r22, 0x00	; 0
    10c6:	74 e2       	ldi	r23, 0x24	; 36
    10c8:	84 ef       	ldi	r24, 0xF4	; 244
    10ca:	9b e4       	ldi	r25, 0x4B	; 75
    10cc:	0e 94 e5 27 	call	0x4fca	; 0x4fca <__divsf3>
    10d0:	dc 01       	movw	r26, r24
    10d2:	cb 01       	movw	r24, r22
    10d4:	88 87       	std	Y+8, r24	; 0x08
    10d6:	99 87       	std	Y+9, r25	; 0x09
    10d8:	aa 87       	std	Y+10, r26	; 0x0a
    10da:	bb 87       	std	Y+11, r27	; 0x0b
    10dc:	98 c0       	rjmp	.+304    	; 0x120e <calculate_baud+0x2dc>
        } else {
            float bsel_f = ((float)CPU_SPEED / (16.0 * baud) - 1.0) / factor;
    10de:	6d a5       	ldd	r22, Y+45	; 0x2d
    10e0:	7e a5       	ldd	r23, Y+46	; 0x2e
    10e2:	8f a5       	ldd	r24, Y+47	; 0x2f
    10e4:	98 a9       	ldd	r25, Y+48	; 0x30
    10e6:	0e 94 86 28 	call	0x510c	; 0x510c <__floatunsisf>
    10ea:	dc 01       	movw	r26, r24
    10ec:	cb 01       	movw	r24, r22
    10ee:	20 e0       	ldi	r18, 0x00	; 0
    10f0:	30 e0       	ldi	r19, 0x00	; 0
    10f2:	40 e8       	ldi	r20, 0x80	; 128
    10f4:	51 e4       	ldi	r21, 0x41	; 65
    10f6:	bc 01       	movw	r22, r24
    10f8:	cd 01       	movw	r24, r26
    10fa:	0e 94 3d 29 	call	0x527a	; 0x527a <__mulsf3>
    10fe:	dc 01       	movw	r26, r24
    1100:	cb 01       	movw	r24, r22
    1102:	9c 01       	movw	r18, r24
    1104:	ad 01       	movw	r20, r26
    1106:	60 e0       	ldi	r22, 0x00	; 0
    1108:	74 e2       	ldi	r23, 0x24	; 36
    110a:	84 ef       	ldi	r24, 0xF4	; 244
    110c:	9b e4       	ldi	r25, 0x4B	; 75
    110e:	0e 94 e5 27 	call	0x4fca	; 0x4fca <__divsf3>
    1112:	dc 01       	movw	r26, r24
    1114:	cb 01       	movw	r24, r22
    1116:	20 e0       	ldi	r18, 0x00	; 0
    1118:	30 e0       	ldi	r19, 0x00	; 0
    111a:	40 e8       	ldi	r20, 0x80	; 128
    111c:	5f e3       	ldi	r21, 0x3F	; 63
    111e:	bc 01       	movw	r22, r24
    1120:	cd 01       	movw	r24, r26
    1122:	0e 94 73 27 	call	0x4ee6	; 0x4ee6 <__subsf3>
    1126:	dc 01       	movw	r26, r24
    1128:	cb 01       	movw	r24, r22
    112a:	2c 85       	ldd	r18, Y+12	; 0x0c
    112c:	3d 85       	ldd	r19, Y+13	; 0x0d
    112e:	4e 85       	ldd	r20, Y+14	; 0x0e
    1130:	5f 85       	ldd	r21, Y+15	; 0x0f
    1132:	bc 01       	movw	r22, r24
    1134:	cd 01       	movw	r24, r26
    1136:	0e 94 e5 27 	call	0x4fca	; 0x4fca <__divsf3>
    113a:	dc 01       	movw	r26, r24
    113c:	cb 01       	movw	r24, r22
    113e:	8c 8b       	std	Y+20, r24	; 0x14
    1140:	9d 8b       	std	Y+21, r25	; 0x15
    1142:	ae 8b       	std	Y+22, r26	; 0x16
    1144:	bf 8b       	std	Y+23, r27	; 0x17
            if (bsel_f < 0 || bsel_f > 4095) continue;
    1146:	20 e0       	ldi	r18, 0x00	; 0
    1148:	30 e0       	ldi	r19, 0x00	; 0
    114a:	a9 01       	movw	r20, r18
    114c:	6c 89       	ldd	r22, Y+20	; 0x14
    114e:	7d 89       	ldd	r23, Y+21	; 0x15
    1150:	8e 89       	ldd	r24, Y+22	; 0x16
    1152:	9f 89       	ldd	r25, Y+23	; 0x17
    1154:	0e 94 e0 27 	call	0x4fc0	; 0x4fc0 <__cmpsf2>
    1158:	88 23       	and	r24, r24
    115a:	0c f4       	brge	.+2      	; 0x115e <calculate_baud+0x22c>
    115c:	b2 c0       	rjmp	.+356    	; 0x12c2 <calculate_baud+0x390>
    115e:	20 e0       	ldi	r18, 0x00	; 0
    1160:	30 ef       	ldi	r19, 0xF0	; 240
    1162:	4f e7       	ldi	r20, 0x7F	; 127
    1164:	55 e4       	ldi	r21, 0x45	; 69
    1166:	6c 89       	ldd	r22, Y+20	; 0x14
    1168:	7d 89       	ldd	r23, Y+21	; 0x15
    116a:	8e 89       	ldd	r24, Y+22	; 0x16
    116c:	9f 89       	ldd	r25, Y+23	; 0x17
    116e:	0e 94 38 29 	call	0x5270	; 0x5270 <__gesf2>
    1172:	18 16       	cp	r1, r24
    1174:	0c f4       	brge	.+2      	; 0x1178 <calculate_baud+0x246>
    1176:	a5 c0       	rjmp	.+330    	; 0x12c2 <calculate_baud+0x390>
            bsel = (uint16_t)(bsel_f + 0.5);
    1178:	20 e0       	ldi	r18, 0x00	; 0
    117a:	30 e0       	ldi	r19, 0x00	; 0
    117c:	40 e0       	ldi	r20, 0x00	; 0
    117e:	5f e3       	ldi	r21, 0x3F	; 63
    1180:	6c 89       	ldd	r22, Y+20	; 0x14
    1182:	7d 89       	ldd	r23, Y+21	; 0x15
    1184:	8e 89       	ldd	r24, Y+22	; 0x16
    1186:	9f 89       	ldd	r25, Y+23	; 0x17
    1188:	0e 94 74 27 	call	0x4ee8	; 0x4ee8 <__addsf3>
    118c:	dc 01       	movw	r26, r24
    118e:	cb 01       	movw	r24, r22
    1190:	bc 01       	movw	r22, r24
    1192:	cd 01       	movw	r24, r26
    1194:	0e 94 57 28 	call	0x50ae	; 0x50ae <__fixunssfsi>
    1198:	dc 01       	movw	r26, r24
    119a:	cb 01       	movw	r24, r22
    119c:	8e 83       	std	Y+6, r24	; 0x06
    119e:	9f 83       	std	Y+7, r25	; 0x07
            real_baud = (float)CPU_SPEED / (16.0 * (factor * bsel + 1.0));
    11a0:	8e 81       	ldd	r24, Y+6	; 0x06
    11a2:	9f 81       	ldd	r25, Y+7	; 0x07
    11a4:	cc 01       	movw	r24, r24
    11a6:	a0 e0       	ldi	r26, 0x00	; 0
    11a8:	b0 e0       	ldi	r27, 0x00	; 0
    11aa:	bc 01       	movw	r22, r24
    11ac:	cd 01       	movw	r24, r26
    11ae:	0e 94 86 28 	call	0x510c	; 0x510c <__floatunsisf>
    11b2:	dc 01       	movw	r26, r24
    11b4:	cb 01       	movw	r24, r22
    11b6:	2c 85       	ldd	r18, Y+12	; 0x0c
    11b8:	3d 85       	ldd	r19, Y+13	; 0x0d
    11ba:	4e 85       	ldd	r20, Y+14	; 0x0e
    11bc:	5f 85       	ldd	r21, Y+15	; 0x0f
    11be:	bc 01       	movw	r22, r24
    11c0:	cd 01       	movw	r24, r26
    11c2:	0e 94 3d 29 	call	0x527a	; 0x527a <__mulsf3>
    11c6:	dc 01       	movw	r26, r24
    11c8:	cb 01       	movw	r24, r22
    11ca:	20 e0       	ldi	r18, 0x00	; 0
    11cc:	30 e0       	ldi	r19, 0x00	; 0
    11ce:	40 e8       	ldi	r20, 0x80	; 128
    11d0:	5f e3       	ldi	r21, 0x3F	; 63
    11d2:	bc 01       	movw	r22, r24
    11d4:	cd 01       	movw	r24, r26
    11d6:	0e 94 74 27 	call	0x4ee8	; 0x4ee8 <__addsf3>
    11da:	dc 01       	movw	r26, r24
    11dc:	cb 01       	movw	r24, r22
    11de:	20 e0       	ldi	r18, 0x00	; 0
    11e0:	30 e0       	ldi	r19, 0x00	; 0
    11e2:	40 e8       	ldi	r20, 0x80	; 128
    11e4:	51 e4       	ldi	r21, 0x41	; 65
    11e6:	bc 01       	movw	r22, r24
    11e8:	cd 01       	movw	r24, r26
    11ea:	0e 94 3d 29 	call	0x527a	; 0x527a <__mulsf3>
    11ee:	dc 01       	movw	r26, r24
    11f0:	cb 01       	movw	r24, r22
    11f2:	9c 01       	movw	r18, r24
    11f4:	ad 01       	movw	r20, r26
    11f6:	60 e0       	ldi	r22, 0x00	; 0
    11f8:	74 e2       	ldi	r23, 0x24	; 36
    11fa:	84 ef       	ldi	r24, 0xF4	; 244
    11fc:	9b e4       	ldi	r25, 0x4B	; 75
    11fe:	0e 94 e5 27 	call	0x4fca	; 0x4fca <__divsf3>
    1202:	dc 01       	movw	r26, r24
    1204:	cb 01       	movw	r24, r22
    1206:	88 87       	std	Y+8, r24	; 0x08
    1208:	99 87       	std	Y+9, r25	; 0x09
    120a:	aa 87       	std	Y+10, r26	; 0x0a
    120c:	bb 87       	std	Y+11, r27	; 0x0b
        }

        float abs_error = fabs(real_baud - baud);
    120e:	6d a5       	ldd	r22, Y+45	; 0x2d
    1210:	7e a5       	ldd	r23, Y+46	; 0x2e
    1212:	8f a5       	ldd	r24, Y+47	; 0x2f
    1214:	98 a9       	ldd	r25, Y+48	; 0x30
    1216:	0e 94 86 28 	call	0x510c	; 0x510c <__floatunsisf>
    121a:	dc 01       	movw	r26, r24
    121c:	cb 01       	movw	r24, r22
    121e:	9c 01       	movw	r18, r24
    1220:	ad 01       	movw	r20, r26
    1222:	68 85       	ldd	r22, Y+8	; 0x08
    1224:	79 85       	ldd	r23, Y+9	; 0x09
    1226:	8a 85       	ldd	r24, Y+10	; 0x0a
    1228:	9b 85       	ldd	r25, Y+11	; 0x0b
    122a:	0e 94 73 27 	call	0x4ee6	; 0x4ee6 <__subsf3>
    122e:	dc 01       	movw	r26, r24
    1230:	cb 01       	movw	r24, r22
    1232:	bf 77       	andi	r27, 0x7F	; 127
    1234:	88 8f       	std	Y+24, r24	; 0x18
    1236:	99 8f       	std	Y+25, r25	; 0x19
    1238:	aa 8f       	std	Y+26, r26	; 0x1a
    123a:	bb 8f       	std	Y+27, r27	; 0x1b
        float rel_error = abs_error / baud;
    123c:	6d a5       	ldd	r22, Y+45	; 0x2d
    123e:	7e a5       	ldd	r23, Y+46	; 0x2e
    1240:	8f a5       	ldd	r24, Y+47	; 0x2f
    1242:	98 a9       	ldd	r25, Y+48	; 0x30
    1244:	0e 94 86 28 	call	0x510c	; 0x510c <__floatunsisf>
    1248:	dc 01       	movw	r26, r24
    124a:	cb 01       	movw	r24, r22
    124c:	9c 01       	movw	r18, r24
    124e:	ad 01       	movw	r20, r26
    1250:	68 8d       	ldd	r22, Y+24	; 0x18
    1252:	79 8d       	ldd	r23, Y+25	; 0x19
    1254:	8a 8d       	ldd	r24, Y+26	; 0x1a
    1256:	9b 8d       	ldd	r25, Y+27	; 0x1b
    1258:	0e 94 e5 27 	call	0x4fca	; 0x4fca <__divsf3>
    125c:	dc 01       	movw	r26, r24
    125e:	cb 01       	movw	r24, r22
    1260:	8c 8f       	std	Y+28, r24	; 0x1c
    1262:	9d 8f       	std	Y+29, r25	; 0x1d
    1264:	ae 8f       	std	Y+30, r26	; 0x1e
    1266:	bf 8f       	std	Y+31, r27	; 0x1f

        if (abs_error < best_error) {
    1268:	29 81       	ldd	r18, Y+1	; 0x01
    126a:	3a 81       	ldd	r19, Y+2	; 0x02
    126c:	4b 81       	ldd	r20, Y+3	; 0x03
    126e:	5c 81       	ldd	r21, Y+4	; 0x04
    1270:	68 8d       	ldd	r22, Y+24	; 0x18
    1272:	79 8d       	ldd	r23, Y+25	; 0x19
    1274:	8a 8d       	ldd	r24, Y+26	; 0x1a
    1276:	9b 8d       	ldd	r25, Y+27	; 0x1b
    1278:	0e 94 e0 27 	call	0x4fc0	; 0x4fc0 <__cmpsf2>
    127c:	88 23       	and	r24, r24
    127e:	14 f5       	brge	.+68     	; 0x12c4 <calculate_baud+0x392>
            best_error     = abs_error;
    1280:	88 8d       	ldd	r24, Y+24	; 0x18
    1282:	99 8d       	ldd	r25, Y+25	; 0x19
    1284:	aa 8d       	ldd	r26, Y+26	; 0x1a
    1286:	bb 8d       	ldd	r27, Y+27	; 0x1b
    1288:	89 83       	std	Y+1, r24	; 0x01
    128a:	9a 83       	std	Y+2, r25	; 0x02
    128c:	ab 83       	std	Y+3, r26	; 0x03
    128e:	bc 83       	std	Y+4, r27	; 0x04
            best.bscale    = bscale;
    1290:	8d 81       	ldd	r24, Y+5	; 0x05
    1292:	88 a3       	std	Y+32, r24	; 0x20
            best.bsel      = bsel;
    1294:	8e 81       	ldd	r24, Y+6	; 0x06
    1296:	9f 81       	ldd	r25, Y+7	; 0x07
    1298:	89 a3       	std	Y+33, r24	; 0x21
    129a:	9a a3       	std	Y+34, r25	; 0x22
            best.abs_error = abs_error;
    129c:	88 8d       	ldd	r24, Y+24	; 0x18
    129e:	99 8d       	ldd	r25, Y+25	; 0x19
    12a0:	aa 8d       	ldd	r26, Y+26	; 0x1a
    12a2:	bb 8d       	ldd	r27, Y+27	; 0x1b
    12a4:	8b a3       	std	Y+35, r24	; 0x23
    12a6:	9c a3       	std	Y+36, r25	; 0x24
    12a8:	ad a3       	std	Y+37, r26	; 0x25
    12aa:	be a3       	std	Y+38, r27	; 0x26
            best.rel_error = rel_error;
    12ac:	8c 8d       	ldd	r24, Y+28	; 0x1c
    12ae:	9d 8d       	ldd	r25, Y+29	; 0x1d
    12b0:	ae 8d       	ldd	r26, Y+30	; 0x1e
    12b2:	bf 8d       	ldd	r27, Y+31	; 0x1f
    12b4:	8f a3       	std	Y+39, r24	; 0x27
    12b6:	98 a7       	std	Y+40, r25	; 0x28
    12b8:	a9 a7       	std	Y+41, r26	; 0x29
    12ba:	ba a7       	std	Y+42, r27	; 0x2a
    12bc:	03 c0       	rjmp	.+6      	; 0x12c4 <calculate_baud+0x392>
        uint16_t bsel;
        float real_baud;

        if (bscale >= 0) {
            float bsel_f = ((float)CPU_SPEED / (16.0 * factor * baud)) - 1.0;
            if (bsel_f < 0 || bsel_f > 4095) continue;
    12be:	00 00       	nop
    12c0:	01 c0       	rjmp	.+2      	; 0x12c4 <calculate_baud+0x392>
            bsel = (uint16_t)(bsel_f + 0.5);
            real_baud = (float)CPU_SPEED / (16.0 * factor * (bsel + 1));
        } else {
            float bsel_f = ((float)CPU_SPEED / (16.0 * baud) - 1.0) / factor;
            if (bsel_f < 0 || bsel_f > 4095) continue;
    12c2:	00 00       	nop
baud_result calculate_baud(uint32_t baud) {
    baud_result best;
    best.rel_error = 1e9;
    float best_error = 1e9;

    for (int8_t bscale = -7; bscale <= 7; bscale++) {
    12c4:	8d 81       	ldd	r24, Y+5	; 0x05
    12c6:	8f 5f       	subi	r24, 0xFF	; 255
    12c8:	8d 83       	std	Y+5, r24	; 0x05
    12ca:	8d 81       	ldd	r24, Y+5	; 0x05
    12cc:	88 30       	cpi	r24, 0x08	; 8
    12ce:	0c f4       	brge	.+2      	; 0x12d2 <calculate_baud+0x3a0>
    12d0:	54 ce       	rjmp	.-856    	; 0xf7a <calculate_baud+0x48>
            best.bsel      = bsel;
            best.abs_error = abs_error;
            best.rel_error = rel_error;
        }
    }
    return best;
    12d2:	8b a5       	ldd	r24, Y+43	; 0x2b
    12d4:	9c a5       	ldd	r25, Y+44	; 0x2c
    12d6:	2b e0       	ldi	r18, 0x0B	; 11
    12d8:	fe 01       	movw	r30, r28
    12da:	b0 96       	adiw	r30, 0x20	; 32
    12dc:	dc 01       	movw	r26, r24
    12de:	01 90       	ld	r0, Z+
    12e0:	0d 92       	st	X+, r0
    12e2:	2a 95       	dec	r18
    12e4:	e1 f7       	brne	.-8      	; 0x12de <calculate_baud+0x3ac>
}
    12e6:	8b a5       	ldd	r24, Y+43	; 0x2b
    12e8:	9c a5       	ldd	r25, Y+44	; 0x2c
    12ea:	e0 96       	adiw	r28, 0x30	; 48
    12ec:	cd bf       	out	0x3d, r28	; 61
    12ee:	de bf       	out	0x3e, r29	; 62
    12f0:	df 91       	pop	r29
    12f2:	cf 91       	pop	r28
    12f4:	ff 90       	pop	r15
    12f6:	ef 90       	pop	r14
    12f8:	df 90       	pop	r13
    12fa:	cf 90       	pop	r12
    12fc:	08 95       	ret

000012fe <stdio_putchar>:

static int stdio_putchar(char c, FILE * stream)
{
    12fe:	cf 93       	push	r28
    1300:	df 93       	push	r29
    1302:	cd b7       	in	r28, 0x3d	; 61
    1304:	de b7       	in	r29, 0x3e	; 62
    1306:	25 97       	sbiw	r28, 0x05	; 5
    1308:	cd bf       	out	0x3d, r28	; 61
    130a:	de bf       	out	0x3e, r29	; 62
    130c:	8b 83       	std	Y+3, r24	; 0x03
    130e:	6c 83       	std	Y+4, r22	; 0x04
    1310:	7d 83       	std	Y+5, r23	; 0x05
	uint8_t data = (uint8_t)c;
    1312:	8b 81       	ldd	r24, Y+3	; 0x03
    1314:	89 83       	std	Y+1, r24	; 0x01

    xQueueSend(sendQueue, &data, portMAX_DELAY);
    1316:	80 91 70 21 	lds	r24, 0x2170	; 0x802170 <sendQueue>
    131a:	90 91 71 21 	lds	r25, 0x2171	; 0x802171 <sendQueue+0x1>
    131e:	20 e0       	ldi	r18, 0x00	; 0
    1320:	4f ef       	ldi	r20, 0xFF	; 255
    1322:	5f ef       	ldi	r21, 0xFF	; 255
    1324:	be 01       	movw	r22, r28
    1326:	6f 5f       	subi	r22, 0xFF	; 255
    1328:	7f 4f       	sbci	r23, 0xFF	; 255
    132a:	0e 94 77 11 	call	0x22ee	; 0x22ee <xQueueGenericSend>

    if (USART.STATUS & 0b00100000) {
    132e:	80 ea       	ldi	r24, 0xA0	; 160
    1330:	9a e0       	ldi	r25, 0x0A	; 10
    1332:	fc 01       	movw	r30, r24
    1334:	81 81       	ldd	r24, Z+1	; 0x01
    1336:	88 2f       	mov	r24, r24
    1338:	90 e0       	ldi	r25, 0x00	; 0
    133a:	80 72       	andi	r24, 0x20	; 32
    133c:	99 27       	eor	r25, r25
    133e:	89 2b       	or	r24, r25
    1340:	c1 f0       	breq	.+48     	; 0x1372 <stdio_putchar+0x74>
        uint8_t toSend;
        if (xQueueReceive(sendQueue, &toSend, 0) == pdTRUE) {
    1342:	80 91 70 21 	lds	r24, 0x2170	; 0x802170 <sendQueue>
    1346:	90 91 71 21 	lds	r25, 0x2171	; 0x802171 <sendQueue+0x1>
    134a:	9e 01       	movw	r18, r28
    134c:	2e 5f       	subi	r18, 0xFE	; 254
    134e:	3f 4f       	sbci	r19, 0xFF	; 255
    1350:	40 e0       	ldi	r20, 0x00	; 0
    1352:	50 e0       	ldi	r21, 0x00	; 0
    1354:	b9 01       	movw	r22, r18
    1356:	0e 94 e9 12 	call	0x25d2	; 0x25d2 <xQueueReceive>
    135a:	81 30       	cpi	r24, 0x01	; 1
    135c:	51 f4       	brne	.+20     	; 0x1372 <stdio_putchar+0x74>
            USART.STATUS = 0b01000000;
    135e:	80 ea       	ldi	r24, 0xA0	; 160
    1360:	9a e0       	ldi	r25, 0x0A	; 10
    1362:	20 e4       	ldi	r18, 0x40	; 64
    1364:	fc 01       	movw	r30, r24
    1366:	21 83       	std	Z+1, r18	; 0x01
            USART.DATA   = toSend;
    1368:	80 ea       	ldi	r24, 0xA0	; 160
    136a:	9a e0       	ldi	r25, 0x0A	; 10
    136c:	2a 81       	ldd	r18, Y+2	; 0x02
    136e:	fc 01       	movw	r30, r24
    1370:	20 83       	st	Z, r18
        }
    }

    return 0;
    1372:	80 e0       	ldi	r24, 0x00	; 0
    1374:	90 e0       	ldi	r25, 0x00	; 0
}
    1376:	25 96       	adiw	r28, 0x05	; 5
    1378:	cd bf       	out	0x3d, r28	; 61
    137a:	de bf       	out	0x3e, r29	; 62
    137c:	df 91       	pop	r29
    137e:	cf 91       	pop	r28
    1380:	08 95       	ret

00001382 <stdio_getchar>:
	
static int stdio_getchar(FILE *stream)
{
    1382:	cf 93       	push	r28
    1384:	df 93       	push	r29
    1386:	00 d0       	rcall	.+0      	; 0x1388 <stdio_getchar+0x6>
    1388:	cd b7       	in	r28, 0x3d	; 61
    138a:	de b7       	in	r29, 0x3e	; 62
    138c:	8a 83       	std	Y+2, r24	; 0x02
    138e:	9b 83       	std	Y+3, r25	; 0x03
	uint8_t data;
	xQueueReceive(receiveQueue, &data, portMAX_DELAY);
    1390:	80 91 6e 21 	lds	r24, 0x216E	; 0x80216e <receiveQueue>
    1394:	90 91 6f 21 	lds	r25, 0x216F	; 0x80216f <receiveQueue+0x1>
    1398:	4f ef       	ldi	r20, 0xFF	; 255
    139a:	5f ef       	ldi	r21, 0xFF	; 255
    139c:	9e 01       	movw	r18, r28
    139e:	2f 5f       	subi	r18, 0xFF	; 255
    13a0:	3f 4f       	sbci	r19, 0xFF	; 255
    13a2:	b9 01       	movw	r22, r18
    13a4:	0e 94 e9 12 	call	0x25d2	; 0x25d2 <xQueueReceive>
	return data;
    13a8:	89 81       	ldd	r24, Y+1	; 0x01
    13aa:	88 2f       	mov	r24, r24
    13ac:	90 e0       	ldi	r25, 0x00	; 0
}
    13ae:	23 96       	adiw	r28, 0x03	; 3
    13b0:	cd bf       	out	0x3d, r28	; 61
    13b2:	de bf       	out	0x3e, r29	; 62
    13b4:	df 91       	pop	r29
    13b6:	cf 91       	pop	r28
    13b8:	08 95       	ret

000013ba <pvPortMalloc>:
/*-----------------------------------------------------------*/

void vPortInitialiseBlocks( void )
{
	/* This just exists to keep the linker quiet. */
}
    13ba:	cf 93       	push	r28
    13bc:	df 93       	push	r29
    13be:	cd b7       	in	r28, 0x3d	; 61
    13c0:	de b7       	in	r29, 0x3e	; 62
    13c2:	2e 97       	sbiw	r28, 0x0e	; 14
    13c4:	cd bf       	out	0x3d, r28	; 61
    13c6:	de bf       	out	0x3e, r29	; 62
    13c8:	8d 87       	std	Y+13, r24	; 0x0d
    13ca:	9e 87       	std	Y+14, r25	; 0x0e
    13cc:	1d 82       	std	Y+5, r1	; 0x05
    13ce:	1e 82       	std	Y+6, r1	; 0x06
    13d0:	0e 94 15 19 	call	0x322a	; 0x322a <vTaskSuspendAll>
    13d4:	80 91 7a 21 	lds	r24, 0x217A	; 0x80217a <xHeapHasBeenInitialised.4125>
    13d8:	88 23       	and	r24, r24
    13da:	29 f4       	brne	.+10     	; 0x13e6 <pvPortMalloc+0x2c>
    13dc:	0e 94 38 0b 	call	0x1670	; 0x1670 <prvHeapInit>
    13e0:	81 e0       	ldi	r24, 0x01	; 1
    13e2:	80 93 7a 21 	sts	0x217A, r24	; 0x80217a <xHeapHasBeenInitialised.4125>
    13e6:	8d 85       	ldd	r24, Y+13	; 0x0d
    13e8:	9e 85       	ldd	r25, Y+14	; 0x0e
    13ea:	89 2b       	or	r24, r25
    13ec:	41 f0       	breq	.+16     	; 0x13fe <pvPortMalloc+0x44>
    13ee:	84 e0       	ldi	r24, 0x04	; 4
    13f0:	90 e0       	ldi	r25, 0x00	; 0
    13f2:	2d 85       	ldd	r18, Y+13	; 0x0d
    13f4:	3e 85       	ldd	r19, Y+14	; 0x0e
    13f6:	82 0f       	add	r24, r18
    13f8:	93 1f       	adc	r25, r19
    13fa:	8d 87       	std	Y+13, r24	; 0x0d
    13fc:	9e 87       	std	Y+14, r25	; 0x0e
    13fe:	8d 85       	ldd	r24, Y+13	; 0x0d
    1400:	9e 85       	ldd	r25, Y+14	; 0x0e
    1402:	89 2b       	or	r24, r25
    1404:	09 f4       	brne	.+2      	; 0x1408 <pvPortMalloc+0x4e>
    1406:	b8 c0       	rjmp	.+368    	; 0x1578 <pvPortMalloc+0x1be>
    1408:	8d 85       	ldd	r24, Y+13	; 0x0d
    140a:	9e 85       	ldd	r25, Y+14	; 0x0e
    140c:	8f 3f       	cpi	r24, 0xFF	; 255
    140e:	9f 43       	sbci	r25, 0x3F	; 63
    1410:	08 f0       	brcs	.+2      	; 0x1414 <pvPortMalloc+0x5a>
    1412:	b2 c0       	rjmp	.+356    	; 0x1578 <pvPortMalloc+0x1be>
    1414:	82 e7       	ldi	r24, 0x72	; 114
    1416:	91 e2       	ldi	r25, 0x21	; 33
    1418:	8b 83       	std	Y+3, r24	; 0x03
    141a:	9c 83       	std	Y+4, r25	; 0x04
    141c:	80 91 72 21 	lds	r24, 0x2172	; 0x802172 <xStart>
    1420:	90 91 73 21 	lds	r25, 0x2173	; 0x802173 <xStart+0x1>
    1424:	89 83       	std	Y+1, r24	; 0x01
    1426:	9a 83       	std	Y+2, r25	; 0x02
    1428:	0b c0       	rjmp	.+22     	; 0x1440 <pvPortMalloc+0x86>
    142a:	89 81       	ldd	r24, Y+1	; 0x01
    142c:	9a 81       	ldd	r25, Y+2	; 0x02
    142e:	8b 83       	std	Y+3, r24	; 0x03
    1430:	9c 83       	std	Y+4, r25	; 0x04
    1432:	89 81       	ldd	r24, Y+1	; 0x01
    1434:	9a 81       	ldd	r25, Y+2	; 0x02
    1436:	fc 01       	movw	r30, r24
    1438:	80 81       	ld	r24, Z
    143a:	91 81       	ldd	r25, Z+1	; 0x01
    143c:	89 83       	std	Y+1, r24	; 0x01
    143e:	9a 83       	std	Y+2, r25	; 0x02
    1440:	89 81       	ldd	r24, Y+1	; 0x01
    1442:	9a 81       	ldd	r25, Y+2	; 0x02
    1444:	fc 01       	movw	r30, r24
    1446:	22 81       	ldd	r18, Z+2	; 0x02
    1448:	33 81       	ldd	r19, Z+3	; 0x03
    144a:	8d 85       	ldd	r24, Y+13	; 0x0d
    144c:	9e 85       	ldd	r25, Y+14	; 0x0e
    144e:	28 17       	cp	r18, r24
    1450:	39 07       	cpc	r19, r25
    1452:	38 f4       	brcc	.+14     	; 0x1462 <pvPortMalloc+0xa8>
    1454:	89 81       	ldd	r24, Y+1	; 0x01
    1456:	9a 81       	ldd	r25, Y+2	; 0x02
    1458:	fc 01       	movw	r30, r24
    145a:	80 81       	ld	r24, Z
    145c:	91 81       	ldd	r25, Z+1	; 0x01
    145e:	89 2b       	or	r24, r25
    1460:	21 f7       	brne	.-56     	; 0x142a <pvPortMalloc+0x70>
    1462:	89 81       	ldd	r24, Y+1	; 0x01
    1464:	9a 81       	ldd	r25, Y+2	; 0x02
    1466:	86 57       	subi	r24, 0x76	; 118
    1468:	91 42       	sbci	r25, 0x21	; 33
    146a:	09 f4       	brne	.+2      	; 0x146e <pvPortMalloc+0xb4>
    146c:	85 c0       	rjmp	.+266    	; 0x1578 <pvPortMalloc+0x1be>
    146e:	8b 81       	ldd	r24, Y+3	; 0x03
    1470:	9c 81       	ldd	r25, Y+4	; 0x04
    1472:	fc 01       	movw	r30, r24
    1474:	20 81       	ld	r18, Z
    1476:	31 81       	ldd	r19, Z+1	; 0x01
    1478:	84 e0       	ldi	r24, 0x04	; 4
    147a:	90 e0       	ldi	r25, 0x00	; 0
    147c:	82 0f       	add	r24, r18
    147e:	93 1f       	adc	r25, r19
    1480:	8d 83       	std	Y+5, r24	; 0x05
    1482:	9e 83       	std	Y+6, r25	; 0x06
    1484:	89 81       	ldd	r24, Y+1	; 0x01
    1486:	9a 81       	ldd	r25, Y+2	; 0x02
    1488:	fc 01       	movw	r30, r24
    148a:	20 81       	ld	r18, Z
    148c:	31 81       	ldd	r19, Z+1	; 0x01
    148e:	8b 81       	ldd	r24, Y+3	; 0x03
    1490:	9c 81       	ldd	r25, Y+4	; 0x04
    1492:	fc 01       	movw	r30, r24
    1494:	20 83       	st	Z, r18
    1496:	31 83       	std	Z+1, r19	; 0x01
    1498:	89 81       	ldd	r24, Y+1	; 0x01
    149a:	9a 81       	ldd	r25, Y+2	; 0x02
    149c:	fc 01       	movw	r30, r24
    149e:	22 81       	ldd	r18, Z+2	; 0x02
    14a0:	33 81       	ldd	r19, Z+3	; 0x03
    14a2:	8d 85       	ldd	r24, Y+13	; 0x0d
    14a4:	9e 85       	ldd	r25, Y+14	; 0x0e
    14a6:	28 1b       	sub	r18, r24
    14a8:	39 0b       	sbc	r19, r25
    14aa:	84 e0       	ldi	r24, 0x04	; 4
    14ac:	90 e0       	ldi	r25, 0x00	; 0
    14ae:	88 0f       	add	r24, r24
    14b0:	99 1f       	adc	r25, r25
    14b2:	82 17       	cp	r24, r18
    14b4:	93 07       	cpc	r25, r19
    14b6:	08 f0       	brcs	.+2      	; 0x14ba <pvPortMalloc+0x100>
    14b8:	4e c0       	rjmp	.+156    	; 0x1556 <pvPortMalloc+0x19c>
    14ba:	29 81       	ldd	r18, Y+1	; 0x01
    14bc:	3a 81       	ldd	r19, Y+2	; 0x02
    14be:	8d 85       	ldd	r24, Y+13	; 0x0d
    14c0:	9e 85       	ldd	r25, Y+14	; 0x0e
    14c2:	82 0f       	add	r24, r18
    14c4:	93 1f       	adc	r25, r19
    14c6:	89 87       	std	Y+9, r24	; 0x09
    14c8:	9a 87       	std	Y+10, r25	; 0x0a
    14ca:	89 81       	ldd	r24, Y+1	; 0x01
    14cc:	9a 81       	ldd	r25, Y+2	; 0x02
    14ce:	fc 01       	movw	r30, r24
    14d0:	22 81       	ldd	r18, Z+2	; 0x02
    14d2:	33 81       	ldd	r19, Z+3	; 0x03
    14d4:	8d 85       	ldd	r24, Y+13	; 0x0d
    14d6:	9e 85       	ldd	r25, Y+14	; 0x0e
    14d8:	28 1b       	sub	r18, r24
    14da:	39 0b       	sbc	r19, r25
    14dc:	89 85       	ldd	r24, Y+9	; 0x09
    14de:	9a 85       	ldd	r25, Y+10	; 0x0a
    14e0:	fc 01       	movw	r30, r24
    14e2:	22 83       	std	Z+2, r18	; 0x02
    14e4:	33 83       	std	Z+3, r19	; 0x03
    14e6:	89 81       	ldd	r24, Y+1	; 0x01
    14e8:	9a 81       	ldd	r25, Y+2	; 0x02
    14ea:	2d 85       	ldd	r18, Y+13	; 0x0d
    14ec:	3e 85       	ldd	r19, Y+14	; 0x0e
    14ee:	fc 01       	movw	r30, r24
    14f0:	22 83       	std	Z+2, r18	; 0x02
    14f2:	33 83       	std	Z+3, r19	; 0x03
    14f4:	89 85       	ldd	r24, Y+9	; 0x09
    14f6:	9a 85       	ldd	r25, Y+10	; 0x0a
    14f8:	fc 01       	movw	r30, r24
    14fa:	82 81       	ldd	r24, Z+2	; 0x02
    14fc:	93 81       	ldd	r25, Z+3	; 0x03
    14fe:	8b 87       	std	Y+11, r24	; 0x0b
    1500:	9c 87       	std	Y+12, r25	; 0x0c
    1502:	82 e7       	ldi	r24, 0x72	; 114
    1504:	91 e2       	ldi	r25, 0x21	; 33
    1506:	8f 83       	std	Y+7, r24	; 0x07
    1508:	98 87       	std	Y+8, r25	; 0x08
    150a:	07 c0       	rjmp	.+14     	; 0x151a <pvPortMalloc+0x160>
    150c:	8f 81       	ldd	r24, Y+7	; 0x07
    150e:	98 85       	ldd	r25, Y+8	; 0x08
    1510:	fc 01       	movw	r30, r24
    1512:	80 81       	ld	r24, Z
    1514:	91 81       	ldd	r25, Z+1	; 0x01
    1516:	8f 83       	std	Y+7, r24	; 0x07
    1518:	98 87       	std	Y+8, r25	; 0x08
    151a:	8f 81       	ldd	r24, Y+7	; 0x07
    151c:	98 85       	ldd	r25, Y+8	; 0x08
    151e:	fc 01       	movw	r30, r24
    1520:	80 81       	ld	r24, Z
    1522:	91 81       	ldd	r25, Z+1	; 0x01
    1524:	fc 01       	movw	r30, r24
    1526:	22 81       	ldd	r18, Z+2	; 0x02
    1528:	33 81       	ldd	r19, Z+3	; 0x03
    152a:	8b 85       	ldd	r24, Y+11	; 0x0b
    152c:	9c 85       	ldd	r25, Y+12	; 0x0c
    152e:	28 17       	cp	r18, r24
    1530:	39 07       	cpc	r19, r25
    1532:	60 f3       	brcs	.-40     	; 0x150c <pvPortMalloc+0x152>
    1534:	8f 81       	ldd	r24, Y+7	; 0x07
    1536:	98 85       	ldd	r25, Y+8	; 0x08
    1538:	fc 01       	movw	r30, r24
    153a:	20 81       	ld	r18, Z
    153c:	31 81       	ldd	r19, Z+1	; 0x01
    153e:	89 85       	ldd	r24, Y+9	; 0x09
    1540:	9a 85       	ldd	r25, Y+10	; 0x0a
    1542:	fc 01       	movw	r30, r24
    1544:	20 83       	st	Z, r18
    1546:	31 83       	std	Z+1, r19	; 0x01
    1548:	8f 81       	ldd	r24, Y+7	; 0x07
    154a:	98 85       	ldd	r25, Y+8	; 0x08
    154c:	29 85       	ldd	r18, Y+9	; 0x09
    154e:	3a 85       	ldd	r19, Y+10	; 0x0a
    1550:	fc 01       	movw	r30, r24
    1552:	20 83       	st	Z, r18
    1554:	31 83       	std	Z+1, r19	; 0x01
    1556:	20 91 18 20 	lds	r18, 0x2018	; 0x802018 <xFreeBytesRemaining>
    155a:	30 91 19 20 	lds	r19, 0x2019	; 0x802019 <xFreeBytesRemaining+0x1>
    155e:	89 81       	ldd	r24, Y+1	; 0x01
    1560:	9a 81       	ldd	r25, Y+2	; 0x02
    1562:	fc 01       	movw	r30, r24
    1564:	82 81       	ldd	r24, Z+2	; 0x02
    1566:	93 81       	ldd	r25, Z+3	; 0x03
    1568:	a9 01       	movw	r20, r18
    156a:	48 1b       	sub	r20, r24
    156c:	59 0b       	sbc	r21, r25
    156e:	ca 01       	movw	r24, r20
    1570:	80 93 18 20 	sts	0x2018, r24	; 0x802018 <xFreeBytesRemaining>
    1574:	90 93 19 20 	sts	0x2019, r25	; 0x802019 <xFreeBytesRemaining+0x1>
    1578:	0e 94 22 19 	call	0x3244	; 0x3244 <xTaskResumeAll>
    157c:	8d 81       	ldd	r24, Y+5	; 0x05
    157e:	9e 81       	ldd	r25, Y+6	; 0x06
    1580:	89 2b       	or	r24, r25
    1582:	11 f4       	brne	.+4      	; 0x1588 <pvPortMalloc+0x1ce>
    1584:	0e 94 bb 22 	call	0x4576	; 0x4576 <vApplicationMallocFailedHook>
    1588:	8d 81       	ldd	r24, Y+5	; 0x05
    158a:	9e 81       	ldd	r25, Y+6	; 0x06
    158c:	2e 96       	adiw	r28, 0x0e	; 14
    158e:	cd bf       	out	0x3d, r28	; 61
    1590:	de bf       	out	0x3e, r29	; 62
    1592:	df 91       	pop	r29
    1594:	cf 91       	pop	r28
    1596:	08 95       	ret

00001598 <vPortFree>:
    1598:	cf 93       	push	r28
    159a:	df 93       	push	r29
    159c:	cd b7       	in	r28, 0x3d	; 61
    159e:	de b7       	in	r29, 0x3e	; 62
    15a0:	2a 97       	sbiw	r28, 0x0a	; 10
    15a2:	cd bf       	out	0x3d, r28	; 61
    15a4:	de bf       	out	0x3e, r29	; 62
    15a6:	89 87       	std	Y+9, r24	; 0x09
    15a8:	9a 87       	std	Y+10, r25	; 0x0a
    15aa:	89 85       	ldd	r24, Y+9	; 0x09
    15ac:	9a 85       	ldd	r25, Y+10	; 0x0a
    15ae:	8b 83       	std	Y+3, r24	; 0x03
    15b0:	9c 83       	std	Y+4, r25	; 0x04
    15b2:	89 85       	ldd	r24, Y+9	; 0x09
    15b4:	9a 85       	ldd	r25, Y+10	; 0x0a
    15b6:	89 2b       	or	r24, r25
    15b8:	09 f4       	brne	.+2      	; 0x15bc <vPortFree+0x24>
    15ba:	53 c0       	rjmp	.+166    	; 0x1662 <vPortFree+0xca>
    15bc:	84 e0       	ldi	r24, 0x04	; 4
    15be:	90 e0       	ldi	r25, 0x00	; 0
    15c0:	91 95       	neg	r25
    15c2:	81 95       	neg	r24
    15c4:	91 09       	sbc	r25, r1
    15c6:	2b 81       	ldd	r18, Y+3	; 0x03
    15c8:	3c 81       	ldd	r19, Y+4	; 0x04
    15ca:	82 0f       	add	r24, r18
    15cc:	93 1f       	adc	r25, r19
    15ce:	8b 83       	std	Y+3, r24	; 0x03
    15d0:	9c 83       	std	Y+4, r25	; 0x04
    15d2:	8b 81       	ldd	r24, Y+3	; 0x03
    15d4:	9c 81       	ldd	r25, Y+4	; 0x04
    15d6:	8d 83       	std	Y+5, r24	; 0x05
    15d8:	9e 83       	std	Y+6, r25	; 0x06
    15da:	0e 94 15 19 	call	0x322a	; 0x322a <vTaskSuspendAll>
    15de:	8d 81       	ldd	r24, Y+5	; 0x05
    15e0:	9e 81       	ldd	r25, Y+6	; 0x06
    15e2:	fc 01       	movw	r30, r24
    15e4:	82 81       	ldd	r24, Z+2	; 0x02
    15e6:	93 81       	ldd	r25, Z+3	; 0x03
    15e8:	8f 83       	std	Y+7, r24	; 0x07
    15ea:	98 87       	std	Y+8, r25	; 0x08
    15ec:	82 e7       	ldi	r24, 0x72	; 114
    15ee:	91 e2       	ldi	r25, 0x21	; 33
    15f0:	89 83       	std	Y+1, r24	; 0x01
    15f2:	9a 83       	std	Y+2, r25	; 0x02
    15f4:	07 c0       	rjmp	.+14     	; 0x1604 <vPortFree+0x6c>
    15f6:	89 81       	ldd	r24, Y+1	; 0x01
    15f8:	9a 81       	ldd	r25, Y+2	; 0x02
    15fa:	fc 01       	movw	r30, r24
    15fc:	80 81       	ld	r24, Z
    15fe:	91 81       	ldd	r25, Z+1	; 0x01
    1600:	89 83       	std	Y+1, r24	; 0x01
    1602:	9a 83       	std	Y+2, r25	; 0x02
    1604:	89 81       	ldd	r24, Y+1	; 0x01
    1606:	9a 81       	ldd	r25, Y+2	; 0x02
    1608:	fc 01       	movw	r30, r24
    160a:	80 81       	ld	r24, Z
    160c:	91 81       	ldd	r25, Z+1	; 0x01
    160e:	fc 01       	movw	r30, r24
    1610:	22 81       	ldd	r18, Z+2	; 0x02
    1612:	33 81       	ldd	r19, Z+3	; 0x03
    1614:	8f 81       	ldd	r24, Y+7	; 0x07
    1616:	98 85       	ldd	r25, Y+8	; 0x08
    1618:	28 17       	cp	r18, r24
    161a:	39 07       	cpc	r19, r25
    161c:	60 f3       	brcs	.-40     	; 0x15f6 <vPortFree+0x5e>
    161e:	89 81       	ldd	r24, Y+1	; 0x01
    1620:	9a 81       	ldd	r25, Y+2	; 0x02
    1622:	fc 01       	movw	r30, r24
    1624:	20 81       	ld	r18, Z
    1626:	31 81       	ldd	r19, Z+1	; 0x01
    1628:	8d 81       	ldd	r24, Y+5	; 0x05
    162a:	9e 81       	ldd	r25, Y+6	; 0x06
    162c:	fc 01       	movw	r30, r24
    162e:	20 83       	st	Z, r18
    1630:	31 83       	std	Z+1, r19	; 0x01
    1632:	89 81       	ldd	r24, Y+1	; 0x01
    1634:	9a 81       	ldd	r25, Y+2	; 0x02
    1636:	2d 81       	ldd	r18, Y+5	; 0x05
    1638:	3e 81       	ldd	r19, Y+6	; 0x06
    163a:	fc 01       	movw	r30, r24
    163c:	20 83       	st	Z, r18
    163e:	31 83       	std	Z+1, r19	; 0x01
    1640:	8d 81       	ldd	r24, Y+5	; 0x05
    1642:	9e 81       	ldd	r25, Y+6	; 0x06
    1644:	fc 01       	movw	r30, r24
    1646:	22 81       	ldd	r18, Z+2	; 0x02
    1648:	33 81       	ldd	r19, Z+3	; 0x03
    164a:	80 91 18 20 	lds	r24, 0x2018	; 0x802018 <xFreeBytesRemaining>
    164e:	90 91 19 20 	lds	r25, 0x2019	; 0x802019 <xFreeBytesRemaining+0x1>
    1652:	82 0f       	add	r24, r18
    1654:	93 1f       	adc	r25, r19
    1656:	80 93 18 20 	sts	0x2018, r24	; 0x802018 <xFreeBytesRemaining>
    165a:	90 93 19 20 	sts	0x2019, r25	; 0x802019 <xFreeBytesRemaining+0x1>
    165e:	0e 94 22 19 	call	0x3244	; 0x3244 <xTaskResumeAll>
    1662:	00 00       	nop
    1664:	2a 96       	adiw	r28, 0x0a	; 10
    1666:	cd bf       	out	0x3d, r28	; 61
    1668:	de bf       	out	0x3e, r29	; 62
    166a:	df 91       	pop	r29
    166c:	cf 91       	pop	r28
    166e:	08 95       	ret

00001670 <prvHeapInit>:
/*-----------------------------------------------------------*/

static void prvHeapInit( void )
{
    1670:	cf 93       	push	r28
    1672:	df 93       	push	r29
    1674:	00 d0       	rcall	.+0      	; 0x1676 <prvHeapInit+0x6>
    1676:	1f 92       	push	r1
    1678:	cd b7       	in	r28, 0x3d	; 61
    167a:	de b7       	in	r29, 0x3e	; 62
BlockLink_t *pxFirstFreeBlock;
uint8_t *pucAlignedHeap;

	/* Ensure the heap starts on a correctly aligned boundary. */
	pucAlignedHeap = ( uint8_t * ) ( ( ( portPOINTER_SIZE_TYPE ) &ucHeap[ portBYTE_ALIGNMENT ] ) & ( ~( ( portPOINTER_SIZE_TYPE ) portBYTE_ALIGNMENT_MASK ) ) );
    167c:	80 91 23 24 	lds	r24, 0x2423	; 0x802423 <ucHeap>
    1680:	90 91 24 24 	lds	r25, 0x2424	; 0x802424 <ucHeap+0x1>
    1684:	01 96       	adiw	r24, 0x01	; 1
    1686:	89 83       	std	Y+1, r24	; 0x01
    1688:	9a 83       	std	Y+2, r25	; 0x02

	/* xStart is used to hold a pointer to the first item in the list of free
	blocks.  The void cast is used to prevent compiler warnings. */
	xStart.pxNextFreeBlock = ( void * ) pucAlignedHeap;
    168a:	89 81       	ldd	r24, Y+1	; 0x01
    168c:	9a 81       	ldd	r25, Y+2	; 0x02
    168e:	80 93 72 21 	sts	0x2172, r24	; 0x802172 <xStart>
    1692:	90 93 73 21 	sts	0x2173, r25	; 0x802173 <xStart+0x1>
	xStart.xBlockSize = ( size_t ) 0;
    1696:	10 92 74 21 	sts	0x2174, r1	; 0x802174 <xStart+0x2>
    169a:	10 92 75 21 	sts	0x2175, r1	; 0x802175 <xStart+0x3>

	/* xEnd is used to mark the end of the list of free blocks. */
	xEnd.xBlockSize = configADJUSTED_HEAP_SIZE;
    169e:	8f ef       	ldi	r24, 0xFF	; 255
    16a0:	9f e3       	ldi	r25, 0x3F	; 63
    16a2:	80 93 78 21 	sts	0x2178, r24	; 0x802178 <xEnd+0x2>
    16a6:	90 93 79 21 	sts	0x2179, r25	; 0x802179 <xEnd+0x3>
	xEnd.pxNextFreeBlock = NULL;
    16aa:	10 92 76 21 	sts	0x2176, r1	; 0x802176 <xEnd>
    16ae:	10 92 77 21 	sts	0x2177, r1	; 0x802177 <xEnd+0x1>

	/* To start with there is a single free block that is sized to take up the
	entire heap space. */
	pxFirstFreeBlock = ( void * ) pucAlignedHeap;
    16b2:	89 81       	ldd	r24, Y+1	; 0x01
    16b4:	9a 81       	ldd	r25, Y+2	; 0x02
    16b6:	8b 83       	std	Y+3, r24	; 0x03
    16b8:	9c 83       	std	Y+4, r25	; 0x04
	pxFirstFreeBlock->xBlockSize = configADJUSTED_HEAP_SIZE;
    16ba:	8b 81       	ldd	r24, Y+3	; 0x03
    16bc:	9c 81       	ldd	r25, Y+4	; 0x04
    16be:	2f ef       	ldi	r18, 0xFF	; 255
    16c0:	3f e3       	ldi	r19, 0x3F	; 63
    16c2:	fc 01       	movw	r30, r24
    16c4:	22 83       	std	Z+2, r18	; 0x02
    16c6:	33 83       	std	Z+3, r19	; 0x03
	pxFirstFreeBlock->pxNextFreeBlock = &xEnd;
    16c8:	8b 81       	ldd	r24, Y+3	; 0x03
    16ca:	9c 81       	ldd	r25, Y+4	; 0x04
    16cc:	26 e7       	ldi	r18, 0x76	; 118
    16ce:	31 e2       	ldi	r19, 0x21	; 33
    16d0:	fc 01       	movw	r30, r24
    16d2:	20 83       	st	Z, r18
    16d4:	31 83       	std	Z+1, r19	; 0x01
}
    16d6:	00 00       	nop
    16d8:	24 96       	adiw	r28, 0x04	; 4
    16da:	cd bf       	out	0x3d, r28	; 61
    16dc:	de bf       	out	0x3e, r29	; 62
    16de:	df 91       	pop	r29
    16e0:	cf 91       	pop	r28
    16e2:	08 95       	ret

000016e4 <vListInitialise>:
/*-----------------------------------------------------------
 * PUBLIC LIST API documented in list.h
 *----------------------------------------------------------*/

void vListInitialise( List_t * const pxList )
{
    16e4:	cf 93       	push	r28
    16e6:	df 93       	push	r29
    16e8:	1f 92       	push	r1
    16ea:	1f 92       	push	r1
    16ec:	cd b7       	in	r28, 0x3d	; 61
    16ee:	de b7       	in	r29, 0x3e	; 62
    16f0:	89 83       	std	Y+1, r24	; 0x01
    16f2:	9a 83       	std	Y+2, r25	; 0x02
	/* The list structure contains a list item which is used to mark the
	end of the list.  To initialise the list the list end is inserted
	as the only list entry. */
	pxList->pxIndex = ( ListItem_t * ) &( pxList->xListEnd );			/*lint !e826 !e740 !e9087 The mini list structure is used as the list end to save RAM.  This is checked and valid. */
    16f4:	89 81       	ldd	r24, Y+1	; 0x01
    16f6:	9a 81       	ldd	r25, Y+2	; 0x02
    16f8:	9c 01       	movw	r18, r24
    16fa:	2d 5f       	subi	r18, 0xFD	; 253
    16fc:	3f 4f       	sbci	r19, 0xFF	; 255
    16fe:	89 81       	ldd	r24, Y+1	; 0x01
    1700:	9a 81       	ldd	r25, Y+2	; 0x02
    1702:	fc 01       	movw	r30, r24
    1704:	21 83       	std	Z+1, r18	; 0x01
    1706:	32 83       	std	Z+2, r19	; 0x02

	/* The list end value is the highest possible value in the list to
	ensure it remains at the end of the list. */
	pxList->xListEnd.xItemValue = portMAX_DELAY;
    1708:	89 81       	ldd	r24, Y+1	; 0x01
    170a:	9a 81       	ldd	r25, Y+2	; 0x02
    170c:	2f ef       	ldi	r18, 0xFF	; 255
    170e:	3f ef       	ldi	r19, 0xFF	; 255
    1710:	fc 01       	movw	r30, r24
    1712:	23 83       	std	Z+3, r18	; 0x03
    1714:	34 83       	std	Z+4, r19	; 0x04

	/* The list end next and previous pointers point to itself so we know
	when the list is empty. */
	pxList->xListEnd.pxNext = ( ListItem_t * ) &( pxList->xListEnd );	/*lint !e826 !e740 !e9087 The mini list structure is used as the list end to save RAM.  This is checked and valid. */
    1716:	89 81       	ldd	r24, Y+1	; 0x01
    1718:	9a 81       	ldd	r25, Y+2	; 0x02
    171a:	9c 01       	movw	r18, r24
    171c:	2d 5f       	subi	r18, 0xFD	; 253
    171e:	3f 4f       	sbci	r19, 0xFF	; 255
    1720:	89 81       	ldd	r24, Y+1	; 0x01
    1722:	9a 81       	ldd	r25, Y+2	; 0x02
    1724:	fc 01       	movw	r30, r24
    1726:	25 83       	std	Z+5, r18	; 0x05
    1728:	36 83       	std	Z+6, r19	; 0x06
	pxList->xListEnd.pxPrevious = ( ListItem_t * ) &( pxList->xListEnd );/*lint !e826 !e740 !e9087 The mini list structure is used as the list end to save RAM.  This is checked and valid. */
    172a:	89 81       	ldd	r24, Y+1	; 0x01
    172c:	9a 81       	ldd	r25, Y+2	; 0x02
    172e:	9c 01       	movw	r18, r24
    1730:	2d 5f       	subi	r18, 0xFD	; 253
    1732:	3f 4f       	sbci	r19, 0xFF	; 255
    1734:	89 81       	ldd	r24, Y+1	; 0x01
    1736:	9a 81       	ldd	r25, Y+2	; 0x02
    1738:	fc 01       	movw	r30, r24
    173a:	27 83       	std	Z+7, r18	; 0x07
    173c:	30 87       	std	Z+8, r19	; 0x08

	pxList->uxNumberOfItems = ( UBaseType_t ) 0U;
    173e:	89 81       	ldd	r24, Y+1	; 0x01
    1740:	9a 81       	ldd	r25, Y+2	; 0x02
    1742:	fc 01       	movw	r30, r24
    1744:	10 82       	st	Z, r1

	/* Write known values into the list if
	configUSE_LIST_DATA_INTEGRITY_CHECK_BYTES is set to 1. */
	listSET_LIST_INTEGRITY_CHECK_1_VALUE( pxList );
	listSET_LIST_INTEGRITY_CHECK_2_VALUE( pxList );
}
    1746:	00 00       	nop
    1748:	0f 90       	pop	r0
    174a:	0f 90       	pop	r0
    174c:	df 91       	pop	r29
    174e:	cf 91       	pop	r28
    1750:	08 95       	ret

00001752 <vListInitialiseItem>:
/*-----------------------------------------------------------*/

void vListInitialiseItem( ListItem_t * const pxItem )
{
    1752:	cf 93       	push	r28
    1754:	df 93       	push	r29
    1756:	1f 92       	push	r1
    1758:	1f 92       	push	r1
    175a:	cd b7       	in	r28, 0x3d	; 61
    175c:	de b7       	in	r29, 0x3e	; 62
    175e:	89 83       	std	Y+1, r24	; 0x01
    1760:	9a 83       	std	Y+2, r25	; 0x02
	/* Make sure the list item is not recorded as being on a list. */
	pxItem->pxContainer = NULL;
    1762:	89 81       	ldd	r24, Y+1	; 0x01
    1764:	9a 81       	ldd	r25, Y+2	; 0x02
    1766:	fc 01       	movw	r30, r24
    1768:	10 86       	std	Z+8, r1	; 0x08
    176a:	11 86       	std	Z+9, r1	; 0x09

	/* Write known values into the list item if
	configUSE_LIST_DATA_INTEGRITY_CHECK_BYTES is set to 1. */
	listSET_FIRST_LIST_ITEM_INTEGRITY_CHECK_VALUE( pxItem );
	listSET_SECOND_LIST_ITEM_INTEGRITY_CHECK_VALUE( pxItem );
}
    176c:	00 00       	nop
    176e:	0f 90       	pop	r0
    1770:	0f 90       	pop	r0
    1772:	df 91       	pop	r29
    1774:	cf 91       	pop	r28
    1776:	08 95       	ret

00001778 <vListInsertEnd>:
/*-----------------------------------------------------------*/

void vListInsertEnd( List_t * const pxList, ListItem_t * const pxNewListItem )
{
    1778:	cf 93       	push	r28
    177a:	df 93       	push	r29
    177c:	00 d0       	rcall	.+0      	; 0x177e <vListInsertEnd+0x6>
    177e:	00 d0       	rcall	.+0      	; 0x1780 <vListInsertEnd+0x8>
    1780:	cd b7       	in	r28, 0x3d	; 61
    1782:	de b7       	in	r29, 0x3e	; 62
    1784:	8b 83       	std	Y+3, r24	; 0x03
    1786:	9c 83       	std	Y+4, r25	; 0x04
    1788:	6d 83       	std	Y+5, r22	; 0x05
    178a:	7e 83       	std	Y+6, r23	; 0x06
ListItem_t * const pxIndex = pxList->pxIndex;
    178c:	8b 81       	ldd	r24, Y+3	; 0x03
    178e:	9c 81       	ldd	r25, Y+4	; 0x04
    1790:	fc 01       	movw	r30, r24
    1792:	81 81       	ldd	r24, Z+1	; 0x01
    1794:	92 81       	ldd	r25, Z+2	; 0x02
    1796:	89 83       	std	Y+1, r24	; 0x01
    1798:	9a 83       	std	Y+2, r25	; 0x02
	listTEST_LIST_ITEM_INTEGRITY( pxNewListItem );

	/* Insert a new list item into pxList, but rather than sort the list,
	makes the new list item the last item to be removed by a call to
	listGET_OWNER_OF_NEXT_ENTRY(). */
	pxNewListItem->pxNext = pxIndex;
    179a:	8d 81       	ldd	r24, Y+5	; 0x05
    179c:	9e 81       	ldd	r25, Y+6	; 0x06
    179e:	29 81       	ldd	r18, Y+1	; 0x01
    17a0:	3a 81       	ldd	r19, Y+2	; 0x02
    17a2:	fc 01       	movw	r30, r24
    17a4:	22 83       	std	Z+2, r18	; 0x02
    17a6:	33 83       	std	Z+3, r19	; 0x03
	pxNewListItem->pxPrevious = pxIndex->pxPrevious;
    17a8:	89 81       	ldd	r24, Y+1	; 0x01
    17aa:	9a 81       	ldd	r25, Y+2	; 0x02
    17ac:	fc 01       	movw	r30, r24
    17ae:	24 81       	ldd	r18, Z+4	; 0x04
    17b0:	35 81       	ldd	r19, Z+5	; 0x05
    17b2:	8d 81       	ldd	r24, Y+5	; 0x05
    17b4:	9e 81       	ldd	r25, Y+6	; 0x06
    17b6:	fc 01       	movw	r30, r24
    17b8:	24 83       	std	Z+4, r18	; 0x04
    17ba:	35 83       	std	Z+5, r19	; 0x05

	/* Only used during decision coverage testing. */
	mtCOVERAGE_TEST_DELAY();

	pxIndex->pxPrevious->pxNext = pxNewListItem;
    17bc:	89 81       	ldd	r24, Y+1	; 0x01
    17be:	9a 81       	ldd	r25, Y+2	; 0x02
    17c0:	fc 01       	movw	r30, r24
    17c2:	84 81       	ldd	r24, Z+4	; 0x04
    17c4:	95 81       	ldd	r25, Z+5	; 0x05
    17c6:	2d 81       	ldd	r18, Y+5	; 0x05
    17c8:	3e 81       	ldd	r19, Y+6	; 0x06
    17ca:	fc 01       	movw	r30, r24
    17cc:	22 83       	std	Z+2, r18	; 0x02
    17ce:	33 83       	std	Z+3, r19	; 0x03
	pxIndex->pxPrevious = pxNewListItem;
    17d0:	89 81       	ldd	r24, Y+1	; 0x01
    17d2:	9a 81       	ldd	r25, Y+2	; 0x02
    17d4:	2d 81       	ldd	r18, Y+5	; 0x05
    17d6:	3e 81       	ldd	r19, Y+6	; 0x06
    17d8:	fc 01       	movw	r30, r24
    17da:	24 83       	std	Z+4, r18	; 0x04
    17dc:	35 83       	std	Z+5, r19	; 0x05

	/* Remember which list the item is in. */
	pxNewListItem->pxContainer = pxList;
    17de:	8d 81       	ldd	r24, Y+5	; 0x05
    17e0:	9e 81       	ldd	r25, Y+6	; 0x06
    17e2:	2b 81       	ldd	r18, Y+3	; 0x03
    17e4:	3c 81       	ldd	r19, Y+4	; 0x04
    17e6:	fc 01       	movw	r30, r24
    17e8:	20 87       	std	Z+8, r18	; 0x08
    17ea:	31 87       	std	Z+9, r19	; 0x09

	( pxList->uxNumberOfItems )++;
    17ec:	8b 81       	ldd	r24, Y+3	; 0x03
    17ee:	9c 81       	ldd	r25, Y+4	; 0x04
    17f0:	fc 01       	movw	r30, r24
    17f2:	80 81       	ld	r24, Z
    17f4:	21 e0       	ldi	r18, 0x01	; 1
    17f6:	28 0f       	add	r18, r24
    17f8:	8b 81       	ldd	r24, Y+3	; 0x03
    17fa:	9c 81       	ldd	r25, Y+4	; 0x04
    17fc:	fc 01       	movw	r30, r24
    17fe:	20 83       	st	Z, r18
}
    1800:	00 00       	nop
    1802:	26 96       	adiw	r28, 0x06	; 6
    1804:	cd bf       	out	0x3d, r28	; 61
    1806:	de bf       	out	0x3e, r29	; 62
    1808:	df 91       	pop	r29
    180a:	cf 91       	pop	r28
    180c:	08 95       	ret

0000180e <vListInsert>:
/*-----------------------------------------------------------*/

void vListInsert( List_t * const pxList, ListItem_t * const pxNewListItem )
{
    180e:	cf 93       	push	r28
    1810:	df 93       	push	r29
    1812:	cd b7       	in	r28, 0x3d	; 61
    1814:	de b7       	in	r29, 0x3e	; 62
    1816:	28 97       	sbiw	r28, 0x08	; 8
    1818:	cd bf       	out	0x3d, r28	; 61
    181a:	de bf       	out	0x3e, r29	; 62
    181c:	8d 83       	std	Y+5, r24	; 0x05
    181e:	9e 83       	std	Y+6, r25	; 0x06
    1820:	6f 83       	std	Y+7, r22	; 0x07
    1822:	78 87       	std	Y+8, r23	; 0x08
ListItem_t *pxIterator;
const TickType_t xValueOfInsertion = pxNewListItem->xItemValue;
    1824:	8f 81       	ldd	r24, Y+7	; 0x07
    1826:	98 85       	ldd	r25, Y+8	; 0x08
    1828:	fc 01       	movw	r30, r24
    182a:	80 81       	ld	r24, Z
    182c:	91 81       	ldd	r25, Z+1	; 0x01
    182e:	8b 83       	std	Y+3, r24	; 0x03
    1830:	9c 83       	std	Y+4, r25	; 0x04
	new list item should be placed after it.  This ensures that TCBs which are
	stored in ready lists (all of which have the same xItemValue value) get a
	share of the CPU.  However, if the xItemValue is the same as the back marker
	the iteration loop below will not end.  Therefore the value is checked
	first, and the algorithm slightly modified if necessary. */
	if( xValueOfInsertion == portMAX_DELAY )
    1832:	8b 81       	ldd	r24, Y+3	; 0x03
    1834:	9c 81       	ldd	r25, Y+4	; 0x04
    1836:	01 96       	adiw	r24, 0x01	; 1
    1838:	41 f4       	brne	.+16     	; 0x184a <vListInsert+0x3c>
	{
		pxIterator = pxList->xListEnd.pxPrevious;
    183a:	8d 81       	ldd	r24, Y+5	; 0x05
    183c:	9e 81       	ldd	r25, Y+6	; 0x06
    183e:	fc 01       	movw	r30, r24
    1840:	87 81       	ldd	r24, Z+7	; 0x07
    1842:	90 85       	ldd	r25, Z+8	; 0x08
    1844:	89 83       	std	Y+1, r24	; 0x01
    1846:	9a 83       	std	Y+2, r25	; 0x02
    1848:	1a c0       	rjmp	.+52     	; 0x187e <vListInsert+0x70>
			4) Using a queue or semaphore before it has been initialised or
			   before the scheduler has been started (are interrupts firing
			   before vTaskStartScheduler() has been called?).
		**********************************************************************/

		for( pxIterator = ( ListItem_t * ) &( pxList->xListEnd ); pxIterator->pxNext->xItemValue <= xValueOfInsertion; pxIterator = pxIterator->pxNext ) /*lint !e826 !e740 !e9087 The mini list structure is used as the list end to save RAM.  This is checked and valid. *//*lint !e440 The iterator moves to a different value, not xValueOfInsertion. */
    184a:	8d 81       	ldd	r24, Y+5	; 0x05
    184c:	9e 81       	ldd	r25, Y+6	; 0x06
    184e:	03 96       	adiw	r24, 0x03	; 3
    1850:	89 83       	std	Y+1, r24	; 0x01
    1852:	9a 83       	std	Y+2, r25	; 0x02
    1854:	07 c0       	rjmp	.+14     	; 0x1864 <vListInsert+0x56>
    1856:	89 81       	ldd	r24, Y+1	; 0x01
    1858:	9a 81       	ldd	r25, Y+2	; 0x02
    185a:	fc 01       	movw	r30, r24
    185c:	82 81       	ldd	r24, Z+2	; 0x02
    185e:	93 81       	ldd	r25, Z+3	; 0x03
    1860:	89 83       	std	Y+1, r24	; 0x01
    1862:	9a 83       	std	Y+2, r25	; 0x02
    1864:	89 81       	ldd	r24, Y+1	; 0x01
    1866:	9a 81       	ldd	r25, Y+2	; 0x02
    1868:	fc 01       	movw	r30, r24
    186a:	82 81       	ldd	r24, Z+2	; 0x02
    186c:	93 81       	ldd	r25, Z+3	; 0x03
    186e:	fc 01       	movw	r30, r24
    1870:	20 81       	ld	r18, Z
    1872:	31 81       	ldd	r19, Z+1	; 0x01
    1874:	8b 81       	ldd	r24, Y+3	; 0x03
    1876:	9c 81       	ldd	r25, Y+4	; 0x04
    1878:	82 17       	cp	r24, r18
    187a:	93 07       	cpc	r25, r19
    187c:	60 f7       	brcc	.-40     	; 0x1856 <vListInsert+0x48>
			/* There is nothing to do here, just iterating to the wanted
			insertion position. */
		}
	}

	pxNewListItem->pxNext = pxIterator->pxNext;
    187e:	89 81       	ldd	r24, Y+1	; 0x01
    1880:	9a 81       	ldd	r25, Y+2	; 0x02
    1882:	fc 01       	movw	r30, r24
    1884:	22 81       	ldd	r18, Z+2	; 0x02
    1886:	33 81       	ldd	r19, Z+3	; 0x03
    1888:	8f 81       	ldd	r24, Y+7	; 0x07
    188a:	98 85       	ldd	r25, Y+8	; 0x08
    188c:	fc 01       	movw	r30, r24
    188e:	22 83       	std	Z+2, r18	; 0x02
    1890:	33 83       	std	Z+3, r19	; 0x03
	pxNewListItem->pxNext->pxPrevious = pxNewListItem;
    1892:	8f 81       	ldd	r24, Y+7	; 0x07
    1894:	98 85       	ldd	r25, Y+8	; 0x08
    1896:	fc 01       	movw	r30, r24
    1898:	82 81       	ldd	r24, Z+2	; 0x02
    189a:	93 81       	ldd	r25, Z+3	; 0x03
    189c:	2f 81       	ldd	r18, Y+7	; 0x07
    189e:	38 85       	ldd	r19, Y+8	; 0x08
    18a0:	fc 01       	movw	r30, r24
    18a2:	24 83       	std	Z+4, r18	; 0x04
    18a4:	35 83       	std	Z+5, r19	; 0x05
	pxNewListItem->pxPrevious = pxIterator;
    18a6:	8f 81       	ldd	r24, Y+7	; 0x07
    18a8:	98 85       	ldd	r25, Y+8	; 0x08
    18aa:	29 81       	ldd	r18, Y+1	; 0x01
    18ac:	3a 81       	ldd	r19, Y+2	; 0x02
    18ae:	fc 01       	movw	r30, r24
    18b0:	24 83       	std	Z+4, r18	; 0x04
    18b2:	35 83       	std	Z+5, r19	; 0x05
	pxIterator->pxNext = pxNewListItem;
    18b4:	89 81       	ldd	r24, Y+1	; 0x01
    18b6:	9a 81       	ldd	r25, Y+2	; 0x02
    18b8:	2f 81       	ldd	r18, Y+7	; 0x07
    18ba:	38 85       	ldd	r19, Y+8	; 0x08
    18bc:	fc 01       	movw	r30, r24
    18be:	22 83       	std	Z+2, r18	; 0x02
    18c0:	33 83       	std	Z+3, r19	; 0x03

	/* Remember which list the item is in.  This allows fast removal of the
	item later. */
	pxNewListItem->pxContainer = pxList;
    18c2:	8f 81       	ldd	r24, Y+7	; 0x07
    18c4:	98 85       	ldd	r25, Y+8	; 0x08
    18c6:	2d 81       	ldd	r18, Y+5	; 0x05
    18c8:	3e 81       	ldd	r19, Y+6	; 0x06
    18ca:	fc 01       	movw	r30, r24
    18cc:	20 87       	std	Z+8, r18	; 0x08
    18ce:	31 87       	std	Z+9, r19	; 0x09

	( pxList->uxNumberOfItems )++;
    18d0:	8d 81       	ldd	r24, Y+5	; 0x05
    18d2:	9e 81       	ldd	r25, Y+6	; 0x06
    18d4:	fc 01       	movw	r30, r24
    18d6:	80 81       	ld	r24, Z
    18d8:	21 e0       	ldi	r18, 0x01	; 1
    18da:	28 0f       	add	r18, r24
    18dc:	8d 81       	ldd	r24, Y+5	; 0x05
    18de:	9e 81       	ldd	r25, Y+6	; 0x06
    18e0:	fc 01       	movw	r30, r24
    18e2:	20 83       	st	Z, r18
}
    18e4:	00 00       	nop
    18e6:	28 96       	adiw	r28, 0x08	; 8
    18e8:	cd bf       	out	0x3d, r28	; 61
    18ea:	de bf       	out	0x3e, r29	; 62
    18ec:	df 91       	pop	r29
    18ee:	cf 91       	pop	r28
    18f0:	08 95       	ret

000018f2 <uxListRemove>:
/*-----------------------------------------------------------*/

UBaseType_t uxListRemove( ListItem_t * const pxItemToRemove )
{
    18f2:	cf 93       	push	r28
    18f4:	df 93       	push	r29
    18f6:	00 d0       	rcall	.+0      	; 0x18f8 <uxListRemove+0x6>
    18f8:	1f 92       	push	r1
    18fa:	cd b7       	in	r28, 0x3d	; 61
    18fc:	de b7       	in	r29, 0x3e	; 62
    18fe:	8b 83       	std	Y+3, r24	; 0x03
    1900:	9c 83       	std	Y+4, r25	; 0x04
/* The list item knows which list it is in.  Obtain the list from the list
item. */
List_t * const pxList = pxItemToRemove->pxContainer;
    1902:	8b 81       	ldd	r24, Y+3	; 0x03
    1904:	9c 81       	ldd	r25, Y+4	; 0x04
    1906:	fc 01       	movw	r30, r24
    1908:	80 85       	ldd	r24, Z+8	; 0x08
    190a:	91 85       	ldd	r25, Z+9	; 0x09
    190c:	89 83       	std	Y+1, r24	; 0x01
    190e:	9a 83       	std	Y+2, r25	; 0x02

	pxItemToRemove->pxNext->pxPrevious = pxItemToRemove->pxPrevious;
    1910:	8b 81       	ldd	r24, Y+3	; 0x03
    1912:	9c 81       	ldd	r25, Y+4	; 0x04
    1914:	fc 01       	movw	r30, r24
    1916:	82 81       	ldd	r24, Z+2	; 0x02
    1918:	93 81       	ldd	r25, Z+3	; 0x03
    191a:	2b 81       	ldd	r18, Y+3	; 0x03
    191c:	3c 81       	ldd	r19, Y+4	; 0x04
    191e:	f9 01       	movw	r30, r18
    1920:	24 81       	ldd	r18, Z+4	; 0x04
    1922:	35 81       	ldd	r19, Z+5	; 0x05
    1924:	fc 01       	movw	r30, r24
    1926:	24 83       	std	Z+4, r18	; 0x04
    1928:	35 83       	std	Z+5, r19	; 0x05
	pxItemToRemove->pxPrevious->pxNext = pxItemToRemove->pxNext;
    192a:	8b 81       	ldd	r24, Y+3	; 0x03
    192c:	9c 81       	ldd	r25, Y+4	; 0x04
    192e:	fc 01       	movw	r30, r24
    1930:	84 81       	ldd	r24, Z+4	; 0x04
    1932:	95 81       	ldd	r25, Z+5	; 0x05
    1934:	2b 81       	ldd	r18, Y+3	; 0x03
    1936:	3c 81       	ldd	r19, Y+4	; 0x04
    1938:	f9 01       	movw	r30, r18
    193a:	22 81       	ldd	r18, Z+2	; 0x02
    193c:	33 81       	ldd	r19, Z+3	; 0x03
    193e:	fc 01       	movw	r30, r24
    1940:	22 83       	std	Z+2, r18	; 0x02
    1942:	33 83       	std	Z+3, r19	; 0x03

	/* Only used during decision coverage testing. */
	mtCOVERAGE_TEST_DELAY();

	/* Make sure the index is left pointing to a valid item. */
	if( pxList->pxIndex == pxItemToRemove )
    1944:	89 81       	ldd	r24, Y+1	; 0x01
    1946:	9a 81       	ldd	r25, Y+2	; 0x02
    1948:	fc 01       	movw	r30, r24
    194a:	21 81       	ldd	r18, Z+1	; 0x01
    194c:	32 81       	ldd	r19, Z+2	; 0x02
    194e:	8b 81       	ldd	r24, Y+3	; 0x03
    1950:	9c 81       	ldd	r25, Y+4	; 0x04
    1952:	28 17       	cp	r18, r24
    1954:	39 07       	cpc	r19, r25
    1956:	51 f4       	brne	.+20     	; 0x196c <uxListRemove+0x7a>
	{
		pxList->pxIndex = pxItemToRemove->pxPrevious;
    1958:	8b 81       	ldd	r24, Y+3	; 0x03
    195a:	9c 81       	ldd	r25, Y+4	; 0x04
    195c:	fc 01       	movw	r30, r24
    195e:	24 81       	ldd	r18, Z+4	; 0x04
    1960:	35 81       	ldd	r19, Z+5	; 0x05
    1962:	89 81       	ldd	r24, Y+1	; 0x01
    1964:	9a 81       	ldd	r25, Y+2	; 0x02
    1966:	fc 01       	movw	r30, r24
    1968:	21 83       	std	Z+1, r18	; 0x01
    196a:	32 83       	std	Z+2, r19	; 0x02
	else
	{
		mtCOVERAGE_TEST_MARKER();
	}

	pxItemToRemove->pxContainer = NULL;
    196c:	8b 81       	ldd	r24, Y+3	; 0x03
    196e:	9c 81       	ldd	r25, Y+4	; 0x04
    1970:	fc 01       	movw	r30, r24
    1972:	10 86       	std	Z+8, r1	; 0x08
    1974:	11 86       	std	Z+9, r1	; 0x09
	( pxList->uxNumberOfItems )--;
    1976:	89 81       	ldd	r24, Y+1	; 0x01
    1978:	9a 81       	ldd	r25, Y+2	; 0x02
    197a:	fc 01       	movw	r30, r24
    197c:	80 81       	ld	r24, Z
    197e:	2f ef       	ldi	r18, 0xFF	; 255
    1980:	28 0f       	add	r18, r24
    1982:	89 81       	ldd	r24, Y+1	; 0x01
    1984:	9a 81       	ldd	r25, Y+2	; 0x02
    1986:	fc 01       	movw	r30, r24
    1988:	20 83       	st	Z, r18

	return pxList->uxNumberOfItems;
    198a:	89 81       	ldd	r24, Y+1	; 0x01
    198c:	9a 81       	ldd	r25, Y+2	; 0x02
    198e:	fc 01       	movw	r30, r24
    1990:	80 81       	ld	r24, Z
}
    1992:	24 96       	adiw	r28, 0x04	; 4
    1994:	cd bf       	out	0x3d, r28	; 61
    1996:	de bf       	out	0x3e, r29	; 62
    1998:	df 91       	pop	r29
    199a:	cf 91       	pop	r28
    199c:	08 95       	ret

0000199e <pxPortInitialiseStack>:

void vPortEndScheduler( void )
{
	/* It is unlikely that the AVR port will get stopped.  If required simply
	disable the tick interrupt here. */
}
    199e:	cf 93       	push	r28
    19a0:	df 93       	push	r29
    19a2:	cd b7       	in	r28, 0x3d	; 61
    19a4:	de b7       	in	r29, 0x3e	; 62
    19a6:	28 97       	sbiw	r28, 0x08	; 8
    19a8:	cd bf       	out	0x3d, r28	; 61
    19aa:	de bf       	out	0x3e, r29	; 62
    19ac:	8b 83       	std	Y+3, r24	; 0x03
    19ae:	9c 83       	std	Y+4, r25	; 0x04
    19b0:	6d 83       	std	Y+5, r22	; 0x05
    19b2:	7e 83       	std	Y+6, r23	; 0x06
    19b4:	4f 83       	std	Y+7, r20	; 0x07
    19b6:	58 87       	std	Y+8, r21	; 0x08
    19b8:	8b 81       	ldd	r24, Y+3	; 0x03
    19ba:	9c 81       	ldd	r25, Y+4	; 0x04
    19bc:	21 e1       	ldi	r18, 0x11	; 17
    19be:	fc 01       	movw	r30, r24
    19c0:	20 83       	st	Z, r18
    19c2:	8b 81       	ldd	r24, Y+3	; 0x03
    19c4:	9c 81       	ldd	r25, Y+4	; 0x04
    19c6:	01 97       	sbiw	r24, 0x01	; 1
    19c8:	8b 83       	std	Y+3, r24	; 0x03
    19ca:	9c 83       	std	Y+4, r25	; 0x04
    19cc:	8b 81       	ldd	r24, Y+3	; 0x03
    19ce:	9c 81       	ldd	r25, Y+4	; 0x04
    19d0:	22 e2       	ldi	r18, 0x22	; 34
    19d2:	fc 01       	movw	r30, r24
    19d4:	20 83       	st	Z, r18
    19d6:	8b 81       	ldd	r24, Y+3	; 0x03
    19d8:	9c 81       	ldd	r25, Y+4	; 0x04
    19da:	01 97       	sbiw	r24, 0x01	; 1
    19dc:	8b 83       	std	Y+3, r24	; 0x03
    19de:	9c 83       	std	Y+4, r25	; 0x04
    19e0:	8b 81       	ldd	r24, Y+3	; 0x03
    19e2:	9c 81       	ldd	r25, Y+4	; 0x04
    19e4:	23 e3       	ldi	r18, 0x33	; 51
    19e6:	fc 01       	movw	r30, r24
    19e8:	20 83       	st	Z, r18
    19ea:	8b 81       	ldd	r24, Y+3	; 0x03
    19ec:	9c 81       	ldd	r25, Y+4	; 0x04
    19ee:	01 97       	sbiw	r24, 0x01	; 1
    19f0:	8b 83       	std	Y+3, r24	; 0x03
    19f2:	9c 83       	std	Y+4, r25	; 0x04
    19f4:	8d 81       	ldd	r24, Y+5	; 0x05
    19f6:	9e 81       	ldd	r25, Y+6	; 0x06
    19f8:	89 83       	std	Y+1, r24	; 0x01
    19fa:	9a 83       	std	Y+2, r25	; 0x02
    19fc:	29 81       	ldd	r18, Y+1	; 0x01
    19fe:	8b 81       	ldd	r24, Y+3	; 0x03
    1a00:	9c 81       	ldd	r25, Y+4	; 0x04
    1a02:	fc 01       	movw	r30, r24
    1a04:	20 83       	st	Z, r18
    1a06:	8b 81       	ldd	r24, Y+3	; 0x03
    1a08:	9c 81       	ldd	r25, Y+4	; 0x04
    1a0a:	01 97       	sbiw	r24, 0x01	; 1
    1a0c:	8b 83       	std	Y+3, r24	; 0x03
    1a0e:	9c 83       	std	Y+4, r25	; 0x04
    1a10:	89 81       	ldd	r24, Y+1	; 0x01
    1a12:	9a 81       	ldd	r25, Y+2	; 0x02
    1a14:	89 2f       	mov	r24, r25
    1a16:	99 27       	eor	r25, r25
    1a18:	89 83       	std	Y+1, r24	; 0x01
    1a1a:	9a 83       	std	Y+2, r25	; 0x02
    1a1c:	29 81       	ldd	r18, Y+1	; 0x01
    1a1e:	8b 81       	ldd	r24, Y+3	; 0x03
    1a20:	9c 81       	ldd	r25, Y+4	; 0x04
    1a22:	fc 01       	movw	r30, r24
    1a24:	20 83       	st	Z, r18
    1a26:	8b 81       	ldd	r24, Y+3	; 0x03
    1a28:	9c 81       	ldd	r25, Y+4	; 0x04
    1a2a:	01 97       	sbiw	r24, 0x01	; 1
    1a2c:	8b 83       	std	Y+3, r24	; 0x03
    1a2e:	9c 83       	std	Y+4, r25	; 0x04
    1a30:	89 81       	ldd	r24, Y+1	; 0x01
    1a32:	9a 81       	ldd	r25, Y+2	; 0x02
    1a34:	89 2f       	mov	r24, r25
    1a36:	99 27       	eor	r25, r25
    1a38:	89 83       	std	Y+1, r24	; 0x01
    1a3a:	9a 83       	std	Y+2, r25	; 0x02
    1a3c:	29 81       	ldd	r18, Y+1	; 0x01
    1a3e:	8b 81       	ldd	r24, Y+3	; 0x03
    1a40:	9c 81       	ldd	r25, Y+4	; 0x04
    1a42:	fc 01       	movw	r30, r24
    1a44:	20 83       	st	Z, r18
    1a46:	8b 81       	ldd	r24, Y+3	; 0x03
    1a48:	9c 81       	ldd	r25, Y+4	; 0x04
    1a4a:	01 97       	sbiw	r24, 0x01	; 1
    1a4c:	8b 83       	std	Y+3, r24	; 0x03
    1a4e:	9c 83       	std	Y+4, r25	; 0x04
    1a50:	8b 81       	ldd	r24, Y+3	; 0x03
    1a52:	9c 81       	ldd	r25, Y+4	; 0x04
    1a54:	fc 01       	movw	r30, r24
    1a56:	10 82       	st	Z, r1
    1a58:	8b 81       	ldd	r24, Y+3	; 0x03
    1a5a:	9c 81       	ldd	r25, Y+4	; 0x04
    1a5c:	01 97       	sbiw	r24, 0x01	; 1
    1a5e:	8b 83       	std	Y+3, r24	; 0x03
    1a60:	9c 83       	std	Y+4, r25	; 0x04
    1a62:	8b 81       	ldd	r24, Y+3	; 0x03
    1a64:	9c 81       	ldd	r25, Y+4	; 0x04
    1a66:	20 e8       	ldi	r18, 0x80	; 128
    1a68:	fc 01       	movw	r30, r24
    1a6a:	20 83       	st	Z, r18
    1a6c:	8b 81       	ldd	r24, Y+3	; 0x03
    1a6e:	9c 81       	ldd	r25, Y+4	; 0x04
    1a70:	01 97       	sbiw	r24, 0x01	; 1
    1a72:	8b 83       	std	Y+3, r24	; 0x03
    1a74:	9c 83       	std	Y+4, r25	; 0x04
    1a76:	8b 81       	ldd	r24, Y+3	; 0x03
    1a78:	9c 81       	ldd	r25, Y+4	; 0x04
    1a7a:	fc 01       	movw	r30, r24
    1a7c:	10 82       	st	Z, r1
    1a7e:	8b 81       	ldd	r24, Y+3	; 0x03
    1a80:	9c 81       	ldd	r25, Y+4	; 0x04
    1a82:	01 97       	sbiw	r24, 0x01	; 1
    1a84:	8b 83       	std	Y+3, r24	; 0x03
    1a86:	9c 83       	std	Y+4, r25	; 0x04
    1a88:	8b 81       	ldd	r24, Y+3	; 0x03
    1a8a:	9c 81       	ldd	r25, Y+4	; 0x04
    1a8c:	22 e0       	ldi	r18, 0x02	; 2
    1a8e:	fc 01       	movw	r30, r24
    1a90:	20 83       	st	Z, r18
    1a92:	8b 81       	ldd	r24, Y+3	; 0x03
    1a94:	9c 81       	ldd	r25, Y+4	; 0x04
    1a96:	01 97       	sbiw	r24, 0x01	; 1
    1a98:	8b 83       	std	Y+3, r24	; 0x03
    1a9a:	9c 83       	std	Y+4, r25	; 0x04
    1a9c:	8b 81       	ldd	r24, Y+3	; 0x03
    1a9e:	9c 81       	ldd	r25, Y+4	; 0x04
    1aa0:	23 e0       	ldi	r18, 0x03	; 3
    1aa2:	fc 01       	movw	r30, r24
    1aa4:	20 83       	st	Z, r18
    1aa6:	8b 81       	ldd	r24, Y+3	; 0x03
    1aa8:	9c 81       	ldd	r25, Y+4	; 0x04
    1aaa:	01 97       	sbiw	r24, 0x01	; 1
    1aac:	8b 83       	std	Y+3, r24	; 0x03
    1aae:	9c 83       	std	Y+4, r25	; 0x04
    1ab0:	8b 81       	ldd	r24, Y+3	; 0x03
    1ab2:	9c 81       	ldd	r25, Y+4	; 0x04
    1ab4:	24 e0       	ldi	r18, 0x04	; 4
    1ab6:	fc 01       	movw	r30, r24
    1ab8:	20 83       	st	Z, r18
    1aba:	8b 81       	ldd	r24, Y+3	; 0x03
    1abc:	9c 81       	ldd	r25, Y+4	; 0x04
    1abe:	01 97       	sbiw	r24, 0x01	; 1
    1ac0:	8b 83       	std	Y+3, r24	; 0x03
    1ac2:	9c 83       	std	Y+4, r25	; 0x04
    1ac4:	8b 81       	ldd	r24, Y+3	; 0x03
    1ac6:	9c 81       	ldd	r25, Y+4	; 0x04
    1ac8:	25 e0       	ldi	r18, 0x05	; 5
    1aca:	fc 01       	movw	r30, r24
    1acc:	20 83       	st	Z, r18
    1ace:	8b 81       	ldd	r24, Y+3	; 0x03
    1ad0:	9c 81       	ldd	r25, Y+4	; 0x04
    1ad2:	01 97       	sbiw	r24, 0x01	; 1
    1ad4:	8b 83       	std	Y+3, r24	; 0x03
    1ad6:	9c 83       	std	Y+4, r25	; 0x04
    1ad8:	8b 81       	ldd	r24, Y+3	; 0x03
    1ada:	9c 81       	ldd	r25, Y+4	; 0x04
    1adc:	26 e0       	ldi	r18, 0x06	; 6
    1ade:	fc 01       	movw	r30, r24
    1ae0:	20 83       	st	Z, r18
    1ae2:	8b 81       	ldd	r24, Y+3	; 0x03
    1ae4:	9c 81       	ldd	r25, Y+4	; 0x04
    1ae6:	01 97       	sbiw	r24, 0x01	; 1
    1ae8:	8b 83       	std	Y+3, r24	; 0x03
    1aea:	9c 83       	std	Y+4, r25	; 0x04
    1aec:	8b 81       	ldd	r24, Y+3	; 0x03
    1aee:	9c 81       	ldd	r25, Y+4	; 0x04
    1af0:	27 e0       	ldi	r18, 0x07	; 7
    1af2:	fc 01       	movw	r30, r24
    1af4:	20 83       	st	Z, r18
    1af6:	8b 81       	ldd	r24, Y+3	; 0x03
    1af8:	9c 81       	ldd	r25, Y+4	; 0x04
    1afa:	01 97       	sbiw	r24, 0x01	; 1
    1afc:	8b 83       	std	Y+3, r24	; 0x03
    1afe:	9c 83       	std	Y+4, r25	; 0x04
    1b00:	8b 81       	ldd	r24, Y+3	; 0x03
    1b02:	9c 81       	ldd	r25, Y+4	; 0x04
    1b04:	28 e0       	ldi	r18, 0x08	; 8
    1b06:	fc 01       	movw	r30, r24
    1b08:	20 83       	st	Z, r18
    1b0a:	8b 81       	ldd	r24, Y+3	; 0x03
    1b0c:	9c 81       	ldd	r25, Y+4	; 0x04
    1b0e:	01 97       	sbiw	r24, 0x01	; 1
    1b10:	8b 83       	std	Y+3, r24	; 0x03
    1b12:	9c 83       	std	Y+4, r25	; 0x04
    1b14:	8b 81       	ldd	r24, Y+3	; 0x03
    1b16:	9c 81       	ldd	r25, Y+4	; 0x04
    1b18:	29 e0       	ldi	r18, 0x09	; 9
    1b1a:	fc 01       	movw	r30, r24
    1b1c:	20 83       	st	Z, r18
    1b1e:	8b 81       	ldd	r24, Y+3	; 0x03
    1b20:	9c 81       	ldd	r25, Y+4	; 0x04
    1b22:	01 97       	sbiw	r24, 0x01	; 1
    1b24:	8b 83       	std	Y+3, r24	; 0x03
    1b26:	9c 83       	std	Y+4, r25	; 0x04
    1b28:	8b 81       	ldd	r24, Y+3	; 0x03
    1b2a:	9c 81       	ldd	r25, Y+4	; 0x04
    1b2c:	20 e1       	ldi	r18, 0x10	; 16
    1b2e:	fc 01       	movw	r30, r24
    1b30:	20 83       	st	Z, r18
    1b32:	8b 81       	ldd	r24, Y+3	; 0x03
    1b34:	9c 81       	ldd	r25, Y+4	; 0x04
    1b36:	01 97       	sbiw	r24, 0x01	; 1
    1b38:	8b 83       	std	Y+3, r24	; 0x03
    1b3a:	9c 83       	std	Y+4, r25	; 0x04
    1b3c:	8b 81       	ldd	r24, Y+3	; 0x03
    1b3e:	9c 81       	ldd	r25, Y+4	; 0x04
    1b40:	21 e1       	ldi	r18, 0x11	; 17
    1b42:	fc 01       	movw	r30, r24
    1b44:	20 83       	st	Z, r18
    1b46:	8b 81       	ldd	r24, Y+3	; 0x03
    1b48:	9c 81       	ldd	r25, Y+4	; 0x04
    1b4a:	01 97       	sbiw	r24, 0x01	; 1
    1b4c:	8b 83       	std	Y+3, r24	; 0x03
    1b4e:	9c 83       	std	Y+4, r25	; 0x04
    1b50:	8b 81       	ldd	r24, Y+3	; 0x03
    1b52:	9c 81       	ldd	r25, Y+4	; 0x04
    1b54:	22 e1       	ldi	r18, 0x12	; 18
    1b56:	fc 01       	movw	r30, r24
    1b58:	20 83       	st	Z, r18
    1b5a:	8b 81       	ldd	r24, Y+3	; 0x03
    1b5c:	9c 81       	ldd	r25, Y+4	; 0x04
    1b5e:	01 97       	sbiw	r24, 0x01	; 1
    1b60:	8b 83       	std	Y+3, r24	; 0x03
    1b62:	9c 83       	std	Y+4, r25	; 0x04
    1b64:	8b 81       	ldd	r24, Y+3	; 0x03
    1b66:	9c 81       	ldd	r25, Y+4	; 0x04
    1b68:	23 e1       	ldi	r18, 0x13	; 19
    1b6a:	fc 01       	movw	r30, r24
    1b6c:	20 83       	st	Z, r18
    1b6e:	8b 81       	ldd	r24, Y+3	; 0x03
    1b70:	9c 81       	ldd	r25, Y+4	; 0x04
    1b72:	01 97       	sbiw	r24, 0x01	; 1
    1b74:	8b 83       	std	Y+3, r24	; 0x03
    1b76:	9c 83       	std	Y+4, r25	; 0x04
    1b78:	8b 81       	ldd	r24, Y+3	; 0x03
    1b7a:	9c 81       	ldd	r25, Y+4	; 0x04
    1b7c:	24 e1       	ldi	r18, 0x14	; 20
    1b7e:	fc 01       	movw	r30, r24
    1b80:	20 83       	st	Z, r18
    1b82:	8b 81       	ldd	r24, Y+3	; 0x03
    1b84:	9c 81       	ldd	r25, Y+4	; 0x04
    1b86:	01 97       	sbiw	r24, 0x01	; 1
    1b88:	8b 83       	std	Y+3, r24	; 0x03
    1b8a:	9c 83       	std	Y+4, r25	; 0x04
    1b8c:	8b 81       	ldd	r24, Y+3	; 0x03
    1b8e:	9c 81       	ldd	r25, Y+4	; 0x04
    1b90:	25 e1       	ldi	r18, 0x15	; 21
    1b92:	fc 01       	movw	r30, r24
    1b94:	20 83       	st	Z, r18
    1b96:	8b 81       	ldd	r24, Y+3	; 0x03
    1b98:	9c 81       	ldd	r25, Y+4	; 0x04
    1b9a:	01 97       	sbiw	r24, 0x01	; 1
    1b9c:	8b 83       	std	Y+3, r24	; 0x03
    1b9e:	9c 83       	std	Y+4, r25	; 0x04
    1ba0:	8b 81       	ldd	r24, Y+3	; 0x03
    1ba2:	9c 81       	ldd	r25, Y+4	; 0x04
    1ba4:	26 e1       	ldi	r18, 0x16	; 22
    1ba6:	fc 01       	movw	r30, r24
    1ba8:	20 83       	st	Z, r18
    1baa:	8b 81       	ldd	r24, Y+3	; 0x03
    1bac:	9c 81       	ldd	r25, Y+4	; 0x04
    1bae:	01 97       	sbiw	r24, 0x01	; 1
    1bb0:	8b 83       	std	Y+3, r24	; 0x03
    1bb2:	9c 83       	std	Y+4, r25	; 0x04
    1bb4:	8b 81       	ldd	r24, Y+3	; 0x03
    1bb6:	9c 81       	ldd	r25, Y+4	; 0x04
    1bb8:	27 e1       	ldi	r18, 0x17	; 23
    1bba:	fc 01       	movw	r30, r24
    1bbc:	20 83       	st	Z, r18
    1bbe:	8b 81       	ldd	r24, Y+3	; 0x03
    1bc0:	9c 81       	ldd	r25, Y+4	; 0x04
    1bc2:	01 97       	sbiw	r24, 0x01	; 1
    1bc4:	8b 83       	std	Y+3, r24	; 0x03
    1bc6:	9c 83       	std	Y+4, r25	; 0x04
    1bc8:	8b 81       	ldd	r24, Y+3	; 0x03
    1bca:	9c 81       	ldd	r25, Y+4	; 0x04
    1bcc:	28 e1       	ldi	r18, 0x18	; 24
    1bce:	fc 01       	movw	r30, r24
    1bd0:	20 83       	st	Z, r18
    1bd2:	8b 81       	ldd	r24, Y+3	; 0x03
    1bd4:	9c 81       	ldd	r25, Y+4	; 0x04
    1bd6:	01 97       	sbiw	r24, 0x01	; 1
    1bd8:	8b 83       	std	Y+3, r24	; 0x03
    1bda:	9c 83       	std	Y+4, r25	; 0x04
    1bdc:	8b 81       	ldd	r24, Y+3	; 0x03
    1bde:	9c 81       	ldd	r25, Y+4	; 0x04
    1be0:	29 e1       	ldi	r18, 0x19	; 25
    1be2:	fc 01       	movw	r30, r24
    1be4:	20 83       	st	Z, r18
    1be6:	8b 81       	ldd	r24, Y+3	; 0x03
    1be8:	9c 81       	ldd	r25, Y+4	; 0x04
    1bea:	01 97       	sbiw	r24, 0x01	; 1
    1bec:	8b 83       	std	Y+3, r24	; 0x03
    1bee:	9c 83       	std	Y+4, r25	; 0x04
    1bf0:	8b 81       	ldd	r24, Y+3	; 0x03
    1bf2:	9c 81       	ldd	r25, Y+4	; 0x04
    1bf4:	20 e2       	ldi	r18, 0x20	; 32
    1bf6:	fc 01       	movw	r30, r24
    1bf8:	20 83       	st	Z, r18
    1bfa:	8b 81       	ldd	r24, Y+3	; 0x03
    1bfc:	9c 81       	ldd	r25, Y+4	; 0x04
    1bfe:	01 97       	sbiw	r24, 0x01	; 1
    1c00:	8b 83       	std	Y+3, r24	; 0x03
    1c02:	9c 83       	std	Y+4, r25	; 0x04
    1c04:	8b 81       	ldd	r24, Y+3	; 0x03
    1c06:	9c 81       	ldd	r25, Y+4	; 0x04
    1c08:	21 e2       	ldi	r18, 0x21	; 33
    1c0a:	fc 01       	movw	r30, r24
    1c0c:	20 83       	st	Z, r18
    1c0e:	8b 81       	ldd	r24, Y+3	; 0x03
    1c10:	9c 81       	ldd	r25, Y+4	; 0x04
    1c12:	01 97       	sbiw	r24, 0x01	; 1
    1c14:	8b 83       	std	Y+3, r24	; 0x03
    1c16:	9c 83       	std	Y+4, r25	; 0x04
    1c18:	8b 81       	ldd	r24, Y+3	; 0x03
    1c1a:	9c 81       	ldd	r25, Y+4	; 0x04
    1c1c:	22 e2       	ldi	r18, 0x22	; 34
    1c1e:	fc 01       	movw	r30, r24
    1c20:	20 83       	st	Z, r18
    1c22:	8b 81       	ldd	r24, Y+3	; 0x03
    1c24:	9c 81       	ldd	r25, Y+4	; 0x04
    1c26:	01 97       	sbiw	r24, 0x01	; 1
    1c28:	8b 83       	std	Y+3, r24	; 0x03
    1c2a:	9c 83       	std	Y+4, r25	; 0x04
    1c2c:	8b 81       	ldd	r24, Y+3	; 0x03
    1c2e:	9c 81       	ldd	r25, Y+4	; 0x04
    1c30:	23 e2       	ldi	r18, 0x23	; 35
    1c32:	fc 01       	movw	r30, r24
    1c34:	20 83       	st	Z, r18
    1c36:	8b 81       	ldd	r24, Y+3	; 0x03
    1c38:	9c 81       	ldd	r25, Y+4	; 0x04
    1c3a:	01 97       	sbiw	r24, 0x01	; 1
    1c3c:	8b 83       	std	Y+3, r24	; 0x03
    1c3e:	9c 83       	std	Y+4, r25	; 0x04
    1c40:	8f 81       	ldd	r24, Y+7	; 0x07
    1c42:	98 85       	ldd	r25, Y+8	; 0x08
    1c44:	89 83       	std	Y+1, r24	; 0x01
    1c46:	9a 83       	std	Y+2, r25	; 0x02
    1c48:	29 81       	ldd	r18, Y+1	; 0x01
    1c4a:	8b 81       	ldd	r24, Y+3	; 0x03
    1c4c:	9c 81       	ldd	r25, Y+4	; 0x04
    1c4e:	fc 01       	movw	r30, r24
    1c50:	20 83       	st	Z, r18
    1c52:	8b 81       	ldd	r24, Y+3	; 0x03
    1c54:	9c 81       	ldd	r25, Y+4	; 0x04
    1c56:	01 97       	sbiw	r24, 0x01	; 1
    1c58:	8b 83       	std	Y+3, r24	; 0x03
    1c5a:	9c 83       	std	Y+4, r25	; 0x04
    1c5c:	89 81       	ldd	r24, Y+1	; 0x01
    1c5e:	9a 81       	ldd	r25, Y+2	; 0x02
    1c60:	89 2f       	mov	r24, r25
    1c62:	99 27       	eor	r25, r25
    1c64:	89 83       	std	Y+1, r24	; 0x01
    1c66:	9a 83       	std	Y+2, r25	; 0x02
    1c68:	29 81       	ldd	r18, Y+1	; 0x01
    1c6a:	8b 81       	ldd	r24, Y+3	; 0x03
    1c6c:	9c 81       	ldd	r25, Y+4	; 0x04
    1c6e:	fc 01       	movw	r30, r24
    1c70:	20 83       	st	Z, r18
    1c72:	8b 81       	ldd	r24, Y+3	; 0x03
    1c74:	9c 81       	ldd	r25, Y+4	; 0x04
    1c76:	01 97       	sbiw	r24, 0x01	; 1
    1c78:	8b 83       	std	Y+3, r24	; 0x03
    1c7a:	9c 83       	std	Y+4, r25	; 0x04
    1c7c:	8b 81       	ldd	r24, Y+3	; 0x03
    1c7e:	9c 81       	ldd	r25, Y+4	; 0x04
    1c80:	26 e2       	ldi	r18, 0x26	; 38
    1c82:	fc 01       	movw	r30, r24
    1c84:	20 83       	st	Z, r18
    1c86:	8b 81       	ldd	r24, Y+3	; 0x03
    1c88:	9c 81       	ldd	r25, Y+4	; 0x04
    1c8a:	01 97       	sbiw	r24, 0x01	; 1
    1c8c:	8b 83       	std	Y+3, r24	; 0x03
    1c8e:	9c 83       	std	Y+4, r25	; 0x04
    1c90:	8b 81       	ldd	r24, Y+3	; 0x03
    1c92:	9c 81       	ldd	r25, Y+4	; 0x04
    1c94:	27 e2       	ldi	r18, 0x27	; 39
    1c96:	fc 01       	movw	r30, r24
    1c98:	20 83       	st	Z, r18
    1c9a:	8b 81       	ldd	r24, Y+3	; 0x03
    1c9c:	9c 81       	ldd	r25, Y+4	; 0x04
    1c9e:	01 97       	sbiw	r24, 0x01	; 1
    1ca0:	8b 83       	std	Y+3, r24	; 0x03
    1ca2:	9c 83       	std	Y+4, r25	; 0x04
    1ca4:	8b 81       	ldd	r24, Y+3	; 0x03
    1ca6:	9c 81       	ldd	r25, Y+4	; 0x04
    1ca8:	28 e2       	ldi	r18, 0x28	; 40
    1caa:	fc 01       	movw	r30, r24
    1cac:	20 83       	st	Z, r18
    1cae:	8b 81       	ldd	r24, Y+3	; 0x03
    1cb0:	9c 81       	ldd	r25, Y+4	; 0x04
    1cb2:	01 97       	sbiw	r24, 0x01	; 1
    1cb4:	8b 83       	std	Y+3, r24	; 0x03
    1cb6:	9c 83       	std	Y+4, r25	; 0x04
    1cb8:	8b 81       	ldd	r24, Y+3	; 0x03
    1cba:	9c 81       	ldd	r25, Y+4	; 0x04
    1cbc:	29 e2       	ldi	r18, 0x29	; 41
    1cbe:	fc 01       	movw	r30, r24
    1cc0:	20 83       	st	Z, r18
    1cc2:	8b 81       	ldd	r24, Y+3	; 0x03
    1cc4:	9c 81       	ldd	r25, Y+4	; 0x04
    1cc6:	01 97       	sbiw	r24, 0x01	; 1
    1cc8:	8b 83       	std	Y+3, r24	; 0x03
    1cca:	9c 83       	std	Y+4, r25	; 0x04
    1ccc:	8b 81       	ldd	r24, Y+3	; 0x03
    1cce:	9c 81       	ldd	r25, Y+4	; 0x04
    1cd0:	20 e3       	ldi	r18, 0x30	; 48
    1cd2:	fc 01       	movw	r30, r24
    1cd4:	20 83       	st	Z, r18
    1cd6:	8b 81       	ldd	r24, Y+3	; 0x03
    1cd8:	9c 81       	ldd	r25, Y+4	; 0x04
    1cda:	01 97       	sbiw	r24, 0x01	; 1
    1cdc:	8b 83       	std	Y+3, r24	; 0x03
    1cde:	9c 83       	std	Y+4, r25	; 0x04
    1ce0:	8b 81       	ldd	r24, Y+3	; 0x03
    1ce2:	9c 81       	ldd	r25, Y+4	; 0x04
    1ce4:	21 e3       	ldi	r18, 0x31	; 49
    1ce6:	fc 01       	movw	r30, r24
    1ce8:	20 83       	st	Z, r18
    1cea:	8b 81       	ldd	r24, Y+3	; 0x03
    1cec:	9c 81       	ldd	r25, Y+4	; 0x04
    1cee:	01 97       	sbiw	r24, 0x01	; 1
    1cf0:	8b 83       	std	Y+3, r24	; 0x03
    1cf2:	9c 83       	std	Y+4, r25	; 0x04
    1cf4:	8b 81       	ldd	r24, Y+3	; 0x03
    1cf6:	9c 81       	ldd	r25, Y+4	; 0x04
    1cf8:	28 96       	adiw	r28, 0x08	; 8
    1cfa:	cd bf       	out	0x3d, r28	; 61
    1cfc:	de bf       	out	0x3e, r29	; 62
    1cfe:	df 91       	pop	r29
    1d00:	cf 91       	pop	r28
    1d02:	08 95       	ret

00001d04 <xPortStartScheduler>:
    1d04:	cf 93       	push	r28
    1d06:	df 93       	push	r29
    1d08:	cd b7       	in	r28, 0x3d	; 61
    1d0a:	de b7       	in	r29, 0x3e	; 62
    1d0c:	0e 94 3f 0f 	call	0x1e7e	; 0x1e7e <prvSetupTimerInterrupt>
    1d10:	a0 91 7b 21 	lds	r26, 0x217B	; 0x80217b <pxCurrentTCB>
    1d14:	b0 91 7c 21 	lds	r27, 0x217C	; 0x80217c <pxCurrentTCB+0x1>
    1d18:	cd 91       	ld	r28, X+
    1d1a:	cd bf       	out	0x3d, r28	; 61
    1d1c:	dd 91       	ld	r29, X+
    1d1e:	de bf       	out	0x3e, r29	; 62
    1d20:	ff 91       	pop	r31
    1d22:	ef 91       	pop	r30
    1d24:	df 91       	pop	r29
    1d26:	cf 91       	pop	r28
    1d28:	bf 91       	pop	r27
    1d2a:	af 91       	pop	r26
    1d2c:	9f 91       	pop	r25
    1d2e:	8f 91       	pop	r24
    1d30:	7f 91       	pop	r23
    1d32:	6f 91       	pop	r22
    1d34:	5f 91       	pop	r21
    1d36:	4f 91       	pop	r20
    1d38:	3f 91       	pop	r19
    1d3a:	2f 91       	pop	r18
    1d3c:	1f 91       	pop	r17
    1d3e:	0f 91       	pop	r16
    1d40:	ff 90       	pop	r15
    1d42:	ef 90       	pop	r14
    1d44:	df 90       	pop	r13
    1d46:	cf 90       	pop	r12
    1d48:	bf 90       	pop	r11
    1d4a:	af 90       	pop	r10
    1d4c:	9f 90       	pop	r9
    1d4e:	8f 90       	pop	r8
    1d50:	7f 90       	pop	r7
    1d52:	6f 90       	pop	r6
    1d54:	5f 90       	pop	r5
    1d56:	4f 90       	pop	r4
    1d58:	3f 90       	pop	r3
    1d5a:	2f 90       	pop	r2
    1d5c:	1f 90       	pop	r1
    1d5e:	0f 90       	pop	r0
    1d60:	0f be       	out	0x3f, r0	; 63
    1d62:	0f 90       	pop	r0
    1d64:	08 95       	ret
    1d66:	81 e0       	ldi	r24, 0x01	; 1
    1d68:	df 91       	pop	r29
    1d6a:	cf 91       	pop	r28
    1d6c:	08 95       	ret

00001d6e <vPortYield>:
 * can use a naked attribute.
 */
void vPortYield( void ) __attribute__ ( ( naked ) );
void vPortYield( void )
{
	portSAVE_CONTEXT();
    1d6e:	0f 92       	push	r0
    1d70:	0f b6       	in	r0, 0x3f	; 63
    1d72:	f8 94       	cli
    1d74:	0f 92       	push	r0
    1d76:	1f 92       	push	r1
    1d78:	11 24       	eor	r1, r1
    1d7a:	2f 92       	push	r2
    1d7c:	3f 92       	push	r3
    1d7e:	4f 92       	push	r4
    1d80:	5f 92       	push	r5
    1d82:	6f 92       	push	r6
    1d84:	7f 92       	push	r7
    1d86:	8f 92       	push	r8
    1d88:	9f 92       	push	r9
    1d8a:	af 92       	push	r10
    1d8c:	bf 92       	push	r11
    1d8e:	cf 92       	push	r12
    1d90:	df 92       	push	r13
    1d92:	ef 92       	push	r14
    1d94:	ff 92       	push	r15
    1d96:	0f 93       	push	r16
    1d98:	1f 93       	push	r17
    1d9a:	2f 93       	push	r18
    1d9c:	3f 93       	push	r19
    1d9e:	4f 93       	push	r20
    1da0:	5f 93       	push	r21
    1da2:	6f 93       	push	r22
    1da4:	7f 93       	push	r23
    1da6:	8f 93       	push	r24
    1da8:	9f 93       	push	r25
    1daa:	af 93       	push	r26
    1dac:	bf 93       	push	r27
    1dae:	cf 93       	push	r28
    1db0:	df 93       	push	r29
    1db2:	ef 93       	push	r30
    1db4:	ff 93       	push	r31
    1db6:	a0 91 7b 21 	lds	r26, 0x217B	; 0x80217b <pxCurrentTCB>
    1dba:	b0 91 7c 21 	lds	r27, 0x217C	; 0x80217c <pxCurrentTCB+0x1>
    1dbe:	0d b6       	in	r0, 0x3d	; 61
    1dc0:	0d 92       	st	X+, r0
    1dc2:	0e b6       	in	r0, 0x3e	; 62
    1dc4:	0d 92       	st	X+, r0
	vTaskSwitchContext();
    1dc6:	0e 94 7b 1b 	call	0x36f6	; 0x36f6 <vTaskSwitchContext>
	portRESTORE_CONTEXT();
    1dca:	a0 91 7b 21 	lds	r26, 0x217B	; 0x80217b <pxCurrentTCB>
    1dce:	b0 91 7c 21 	lds	r27, 0x217C	; 0x80217c <pxCurrentTCB+0x1>
    1dd2:	cd 91       	ld	r28, X+
    1dd4:	cd bf       	out	0x3d, r28	; 61
    1dd6:	dd 91       	ld	r29, X+
    1dd8:	de bf       	out	0x3e, r29	; 62
    1dda:	ff 91       	pop	r31
    1ddc:	ef 91       	pop	r30
    1dde:	df 91       	pop	r29
    1de0:	cf 91       	pop	r28
    1de2:	bf 91       	pop	r27
    1de4:	af 91       	pop	r26
    1de6:	9f 91       	pop	r25
    1de8:	8f 91       	pop	r24
    1dea:	7f 91       	pop	r23
    1dec:	6f 91       	pop	r22
    1dee:	5f 91       	pop	r21
    1df0:	4f 91       	pop	r20
    1df2:	3f 91       	pop	r19
    1df4:	2f 91       	pop	r18
    1df6:	1f 91       	pop	r17
    1df8:	0f 91       	pop	r16
    1dfa:	ff 90       	pop	r15
    1dfc:	ef 90       	pop	r14
    1dfe:	df 90       	pop	r13
    1e00:	cf 90       	pop	r12
    1e02:	bf 90       	pop	r11
    1e04:	af 90       	pop	r10
    1e06:	9f 90       	pop	r9
    1e08:	8f 90       	pop	r8
    1e0a:	7f 90       	pop	r7
    1e0c:	6f 90       	pop	r6
    1e0e:	5f 90       	pop	r5
    1e10:	4f 90       	pop	r4
    1e12:	3f 90       	pop	r3
    1e14:	2f 90       	pop	r2
    1e16:	1f 90       	pop	r1
    1e18:	0f 90       	pop	r0
    1e1a:	0f be       	out	0x3f, r0	; 63
    1e1c:	0f 90       	pop	r0
	asm volatile ( "ret" );
    1e1e:	08 95       	ret
	...

00001e22 <vPortYieldISR>:
}*/

//void vPortYieldISR( void ) __attribute__ ( ( naked ) );
void vPortYieldISR( void )
{
	TCC0.CCA=TCC0.CNT+100;
    1e22:	80 e0       	ldi	r24, 0x00	; 0
    1e24:	98 e0       	ldi	r25, 0x08	; 8
    1e26:	20 e0       	ldi	r18, 0x00	; 0
    1e28:	38 e0       	ldi	r19, 0x08	; 8
    1e2a:	f9 01       	movw	r30, r18
    1e2c:	20 a1       	ldd	r18, Z+32	; 0x20
    1e2e:	31 a1       	ldd	r19, Z+33	; 0x21
    1e30:	2c 59       	subi	r18, 0x9C	; 156
    1e32:	3f 4f       	sbci	r19, 0xFF	; 255
    1e34:	fc 01       	movw	r30, r24
    1e36:	20 a7       	std	Z+40, r18	; 0x28
    1e38:	31 a7       	std	Z+41, r19	; 0x29
	if (TCC0.CCA>=TCC0.PER) TCC0.CCA-= TCC0.PER;
    1e3a:	80 e0       	ldi	r24, 0x00	; 0
    1e3c:	98 e0       	ldi	r25, 0x08	; 8
    1e3e:	fc 01       	movw	r30, r24
    1e40:	20 a5       	ldd	r18, Z+40	; 0x28
    1e42:	31 a5       	ldd	r19, Z+41	; 0x29
    1e44:	80 e0       	ldi	r24, 0x00	; 0
    1e46:	98 e0       	ldi	r25, 0x08	; 8
    1e48:	fc 01       	movw	r30, r24
    1e4a:	86 a1       	ldd	r24, Z+38	; 0x26
    1e4c:	97 a1       	ldd	r25, Z+39	; 0x27
    1e4e:	28 17       	cp	r18, r24
    1e50:	39 07       	cpc	r19, r25
    1e52:	98 f0       	brcs	.+38     	; 0x1e7a <vPortYieldISR+0x58>
    1e54:	80 e0       	ldi	r24, 0x00	; 0
    1e56:	98 e0       	ldi	r25, 0x08	; 8
    1e58:	fc 01       	movw	r30, r24
    1e5a:	26 a1       	ldd	r18, Z+38	; 0x26
    1e5c:	37 a1       	ldd	r19, Z+39	; 0x27
    1e5e:	80 e0       	ldi	r24, 0x00	; 0
    1e60:	98 e0       	ldi	r25, 0x08	; 8
    1e62:	40 e0       	ldi	r20, 0x00	; 0
    1e64:	58 e0       	ldi	r21, 0x08	; 8
    1e66:	fa 01       	movw	r30, r20
    1e68:	40 a5       	ldd	r20, Z+40	; 0x28
    1e6a:	51 a5       	ldd	r21, Z+41	; 0x29
    1e6c:	ba 01       	movw	r22, r20
    1e6e:	62 1b       	sub	r22, r18
    1e70:	73 0b       	sbc	r23, r19
    1e72:	9b 01       	movw	r18, r22
    1e74:	fc 01       	movw	r30, r24
    1e76:	20 a7       	std	Z+40, r18	; 0x28
    1e78:	31 a7       	std	Z+41, r19	; 0x29
	asm volatile ( "ret" );
    1e7a:	08 95       	ret
	...

00001e7e <prvSetupTimerInterrupt>:
/*
 * Setup timer to generate a tick timer interrupt
 */

static void prvSetupTimerInterrupt( void )
{
    1e7e:	cf 93       	push	r28
    1e80:	df 93       	push	r29
    1e82:	cd b7       	in	r28, 0x3d	; 61
    1e84:	de b7       	in	r29, 0x3e	; 62
	//TCC0 is used as tick timer
	TCC0.CCA=65535;
    1e86:	80 e0       	ldi	r24, 0x00	; 0
    1e88:	98 e0       	ldi	r25, 0x08	; 8
    1e8a:	2f ef       	ldi	r18, 0xFF	; 255
    1e8c:	3f ef       	ldi	r19, 0xFF	; 255
    1e8e:	fc 01       	movw	r30, r24
    1e90:	20 a7       	std	Z+40, r18	; 0x28
    1e92:	31 a7       	std	Z+41, r19	; 0x29
	TCC0.CTRLA=0b00000001; //DIV1
    1e94:	80 e0       	ldi	r24, 0x00	; 0
    1e96:	98 e0       	ldi	r25, 0x08	; 8
    1e98:	21 e0       	ldi	r18, 0x01	; 1
    1e9a:	fc 01       	movw	r30, r24
    1e9c:	20 83       	st	Z, r18
	TCC0.CTRLB=1<<6;
    1e9e:	80 e0       	ldi	r24, 0x00	; 0
    1ea0:	98 e0       	ldi	r25, 0x08	; 8
    1ea2:	20 e4       	ldi	r18, 0x40	; 64
    1ea4:	fc 01       	movw	r30, r24
    1ea6:	21 83       	std	Z+1, r18	; 0x01
	TCC0.INTCTRLA=0b00000001; //OVF priority LOW
    1ea8:	80 e0       	ldi	r24, 0x00	; 0
    1eaa:	98 e0       	ldi	r25, 0x08	; 8
    1eac:	21 e0       	ldi	r18, 0x01	; 1
    1eae:	fc 01       	movw	r30, r24
    1eb0:	26 83       	std	Z+6, r18	; 0x06
	TCC0.INTCTRLB=0b00000001; //CCA priority LOW
    1eb2:	80 e0       	ldi	r24, 0x00	; 0
    1eb4:	98 e0       	ldi	r25, 0x08	; 8
    1eb6:	21 e0       	ldi	r18, 0x01	; 1
    1eb8:	fc 01       	movw	r30, r24
    1eba:	27 83       	std	Z+7, r18	; 0x07
	TCC0.PER=configCPU_CLOCK_HZ / configTICK_RATE_HZ;
    1ebc:	80 e0       	ldi	r24, 0x00	; 0
    1ebe:	98 e0       	ldi	r25, 0x08	; 8
    1ec0:	20 e0       	ldi	r18, 0x00	; 0
    1ec2:	3d e7       	ldi	r19, 0x7D	; 125
    1ec4:	fc 01       	movw	r30, r24
    1ec6:	26 a3       	std	Z+38, r18	; 0x26
    1ec8:	37 a3       	std	Z+39, r19	; 0x27
	//TCC0.PER=configCPU_CLOCK_HZ / 1000;

}
    1eca:	00 00       	nop
    1ecc:	df 91       	pop	r29
    1ece:	cf 91       	pop	r28
    1ed0:	08 95       	ret

00001ed2 <__vector_14>:
	 * the context is saved at the start of the ISR.  The tick
	 * count is incremented after the context is saved.
	 */	
	ISR(TCC0_OVF_vect,ISR_NAKED)
	{
		portSAVE_CONTEXT();
    1ed2:	0f 92       	push	r0
    1ed4:	0f b6       	in	r0, 0x3f	; 63
    1ed6:	f8 94       	cli
    1ed8:	0f 92       	push	r0
    1eda:	1f 92       	push	r1
    1edc:	11 24       	eor	r1, r1
    1ede:	2f 92       	push	r2
    1ee0:	3f 92       	push	r3
    1ee2:	4f 92       	push	r4
    1ee4:	5f 92       	push	r5
    1ee6:	6f 92       	push	r6
    1ee8:	7f 92       	push	r7
    1eea:	8f 92       	push	r8
    1eec:	9f 92       	push	r9
    1eee:	af 92       	push	r10
    1ef0:	bf 92       	push	r11
    1ef2:	cf 92       	push	r12
    1ef4:	df 92       	push	r13
    1ef6:	ef 92       	push	r14
    1ef8:	ff 92       	push	r15
    1efa:	0f 93       	push	r16
    1efc:	1f 93       	push	r17
    1efe:	2f 93       	push	r18
    1f00:	3f 93       	push	r19
    1f02:	4f 93       	push	r20
    1f04:	5f 93       	push	r21
    1f06:	6f 93       	push	r22
    1f08:	7f 93       	push	r23
    1f0a:	8f 93       	push	r24
    1f0c:	9f 93       	push	r25
    1f0e:	af 93       	push	r26
    1f10:	bf 93       	push	r27
    1f12:	cf 93       	push	r28
    1f14:	df 93       	push	r29
    1f16:	ef 93       	push	r30
    1f18:	ff 93       	push	r31
    1f1a:	a0 91 7b 21 	lds	r26, 0x217B	; 0x80217b <pxCurrentTCB>
    1f1e:	b0 91 7c 21 	lds	r27, 0x217C	; 0x80217c <pxCurrentTCB+0x1>
    1f22:	0d b6       	in	r0, 0x3d	; 61
    1f24:	0d 92       	st	X+, r0
    1f26:	0e b6       	in	r0, 0x3e	; 62
    1f28:	0d 92       	st	X+, r0
		StatsTimer+=TCC0.PER;
    1f2a:	80 e0       	ldi	r24, 0x00	; 0
    1f2c:	98 e0       	ldi	r25, 0x08	; 8
    1f2e:	fc 01       	movw	r30, r24
    1f30:	86 a1       	ldd	r24, Z+38	; 0x26
    1f32:	97 a1       	ldd	r25, Z+39	; 0x27
    1f34:	9c 01       	movw	r18, r24
    1f36:	40 e0       	ldi	r20, 0x00	; 0
    1f38:	50 e0       	ldi	r21, 0x00	; 0
    1f3a:	80 91 1f 24 	lds	r24, 0x241F	; 0x80241f <StatsTimer>
    1f3e:	90 91 20 24 	lds	r25, 0x2420	; 0x802420 <StatsTimer+0x1>
    1f42:	a0 91 21 24 	lds	r26, 0x2421	; 0x802421 <StatsTimer+0x2>
    1f46:	b0 91 22 24 	lds	r27, 0x2422	; 0x802422 <StatsTimer+0x3>
    1f4a:	82 0f       	add	r24, r18
    1f4c:	93 1f       	adc	r25, r19
    1f4e:	a4 1f       	adc	r26, r20
    1f50:	b5 1f       	adc	r27, r21
    1f52:	80 93 1f 24 	sts	0x241F, r24	; 0x80241f <StatsTimer>
    1f56:	90 93 20 24 	sts	0x2420, r25	; 0x802420 <StatsTimer+0x1>
    1f5a:	a0 93 21 24 	sts	0x2421, r26	; 0x802421 <StatsTimer+0x2>
    1f5e:	b0 93 22 24 	sts	0x2422, r27	; 0x802422 <StatsTimer+0x3>
		xTaskIncrementTick();
    1f62:	0e 94 86 1a 	call	0x350c	; 0x350c <xTaskIncrementTick>
		vTaskSwitchContext();
    1f66:	0e 94 7b 1b 	call	0x36f6	; 0x36f6 <vTaskSwitchContext>
		portRESTORE_CONTEXT();
    1f6a:	a0 91 7b 21 	lds	r26, 0x217B	; 0x80217b <pxCurrentTCB>
    1f6e:	b0 91 7c 21 	lds	r27, 0x217C	; 0x80217c <pxCurrentTCB+0x1>
    1f72:	cd 91       	ld	r28, X+
    1f74:	cd bf       	out	0x3d, r28	; 61
    1f76:	dd 91       	ld	r29, X+
    1f78:	de bf       	out	0x3e, r29	; 62
    1f7a:	ff 91       	pop	r31
    1f7c:	ef 91       	pop	r30
    1f7e:	df 91       	pop	r29
    1f80:	cf 91       	pop	r28
    1f82:	bf 91       	pop	r27
    1f84:	af 91       	pop	r26
    1f86:	9f 91       	pop	r25
    1f88:	8f 91       	pop	r24
    1f8a:	7f 91       	pop	r23
    1f8c:	6f 91       	pop	r22
    1f8e:	5f 91       	pop	r21
    1f90:	4f 91       	pop	r20
    1f92:	3f 91       	pop	r19
    1f94:	2f 91       	pop	r18
    1f96:	1f 91       	pop	r17
    1f98:	0f 91       	pop	r16
    1f9a:	ff 90       	pop	r15
    1f9c:	ef 90       	pop	r14
    1f9e:	df 90       	pop	r13
    1fa0:	cf 90       	pop	r12
    1fa2:	bf 90       	pop	r11
    1fa4:	af 90       	pop	r10
    1fa6:	9f 90       	pop	r9
    1fa8:	8f 90       	pop	r8
    1faa:	7f 90       	pop	r7
    1fac:	6f 90       	pop	r6
    1fae:	5f 90       	pop	r5
    1fb0:	4f 90       	pop	r4
    1fb2:	3f 90       	pop	r3
    1fb4:	2f 90       	pop	r2
    1fb6:	1f 90       	pop	r1
    1fb8:	0f 90       	pop	r0
    1fba:	0f be       	out	0x3f, r0	; 63
    1fbc:	0f 90       	pop	r0

		asm volatile ( "reti" );
    1fbe:	18 95       	reti
	...

00001fc2 <vConfigureTimerForRunTimeStats>:
 */

volatile uint32_t StatsTimer;

void vConfigureTimerForRunTimeStats(void)
{
    1fc2:	cf 93       	push	r28
    1fc4:	df 93       	push	r29
    1fc6:	cd b7       	in	r28, 0x3d	; 61
    1fc8:	de b7       	in	r29, 0x3e	; 62
	//TCC1 is used as stats timer
	//TCC1.CTRLA=0b0111; //DIV1024	
	//TCC1.INTCTRLA=0b00000001; //OVF priority LOW
}
    1fca:	00 00       	nop
    1fcc:	df 91       	pop	r29
    1fce:	cf 91       	pop	r28
    1fd0:	08 95       	ret

00001fd2 <__vector_16>:

ISR(TCC0_CCA_vect,ISR_NAKED)
	{
	portSAVE_CONTEXT();
    1fd2:	0f 92       	push	r0
    1fd4:	0f b6       	in	r0, 0x3f	; 63
    1fd6:	f8 94       	cli
    1fd8:	0f 92       	push	r0
    1fda:	1f 92       	push	r1
    1fdc:	11 24       	eor	r1, r1
    1fde:	2f 92       	push	r2
    1fe0:	3f 92       	push	r3
    1fe2:	4f 92       	push	r4
    1fe4:	5f 92       	push	r5
    1fe6:	6f 92       	push	r6
    1fe8:	7f 92       	push	r7
    1fea:	8f 92       	push	r8
    1fec:	9f 92       	push	r9
    1fee:	af 92       	push	r10
    1ff0:	bf 92       	push	r11
    1ff2:	cf 92       	push	r12
    1ff4:	df 92       	push	r13
    1ff6:	ef 92       	push	r14
    1ff8:	ff 92       	push	r15
    1ffa:	0f 93       	push	r16
    1ffc:	1f 93       	push	r17
    1ffe:	2f 93       	push	r18
    2000:	3f 93       	push	r19
    2002:	4f 93       	push	r20
    2004:	5f 93       	push	r21
    2006:	6f 93       	push	r22
    2008:	7f 93       	push	r23
    200a:	8f 93       	push	r24
    200c:	9f 93       	push	r25
    200e:	af 93       	push	r26
    2010:	bf 93       	push	r27
    2012:	cf 93       	push	r28
    2014:	df 93       	push	r29
    2016:	ef 93       	push	r30
    2018:	ff 93       	push	r31
    201a:	a0 91 7b 21 	lds	r26, 0x217B	; 0x80217b <pxCurrentTCB>
    201e:	b0 91 7c 21 	lds	r27, 0x217C	; 0x80217c <pxCurrentTCB+0x1>
    2022:	0d b6       	in	r0, 0x3d	; 61
    2024:	0d 92       	st	X+, r0
    2026:	0e b6       	in	r0, 0x3e	; 62
    2028:	0d 92       	st	X+, r0
	TCC0.CCA=65535;
    202a:	80 e0       	ldi	r24, 0x00	; 0
    202c:	98 e0       	ldi	r25, 0x08	; 8
    202e:	2f ef       	ldi	r18, 0xFF	; 255
    2030:	3f ef       	ldi	r19, 0xFF	; 255
    2032:	fc 01       	movw	r30, r24
    2034:	20 a7       	std	Z+40, r18	; 0x28
    2036:	31 a7       	std	Z+41, r19	; 0x29
	vTaskSwitchContext();
    2038:	0e 94 7b 1b 	call	0x36f6	; 0x36f6 <vTaskSwitchContext>
	portRESTORE_CONTEXT();
    203c:	a0 91 7b 21 	lds	r26, 0x217B	; 0x80217b <pxCurrentTCB>
    2040:	b0 91 7c 21 	lds	r27, 0x217C	; 0x80217c <pxCurrentTCB+0x1>
    2044:	cd 91       	ld	r28, X+
    2046:	cd bf       	out	0x3d, r28	; 61
    2048:	dd 91       	ld	r29, X+
    204a:	de bf       	out	0x3e, r29	; 62
    204c:	ff 91       	pop	r31
    204e:	ef 91       	pop	r30
    2050:	df 91       	pop	r29
    2052:	cf 91       	pop	r28
    2054:	bf 91       	pop	r27
    2056:	af 91       	pop	r26
    2058:	9f 91       	pop	r25
    205a:	8f 91       	pop	r24
    205c:	7f 91       	pop	r23
    205e:	6f 91       	pop	r22
    2060:	5f 91       	pop	r21
    2062:	4f 91       	pop	r20
    2064:	3f 91       	pop	r19
    2066:	2f 91       	pop	r18
    2068:	1f 91       	pop	r17
    206a:	0f 91       	pop	r16
    206c:	ff 90       	pop	r15
    206e:	ef 90       	pop	r14
    2070:	df 90       	pop	r13
    2072:	cf 90       	pop	r12
    2074:	bf 90       	pop	r11
    2076:	af 90       	pop	r10
    2078:	9f 90       	pop	r9
    207a:	8f 90       	pop	r8
    207c:	7f 90       	pop	r7
    207e:	6f 90       	pop	r6
    2080:	5f 90       	pop	r5
    2082:	4f 90       	pop	r4
    2084:	3f 90       	pop	r3
    2086:	2f 90       	pop	r2
    2088:	1f 90       	pop	r1
    208a:	0f 90       	pop	r0
    208c:	0f be       	out	0x3f, r0	; 63
    208e:	0f 90       	pop	r0
	asm volatile ( "reti" );
    2090:	18 95       	reti
	...

00002094 <xQueueGenericReset>:
	{
		xReturn = pdFALSE;
	}

	return xReturn;
} /*lint !e818 xQueue could not be pointer to const because it is a typedef. */
    2094:	cf 93       	push	r28
    2096:	df 93       	push	r29
    2098:	cd b7       	in	r28, 0x3d	; 61
    209a:	de b7       	in	r29, 0x3e	; 62
    209c:	25 97       	sbiw	r28, 0x05	; 5
    209e:	cd bf       	out	0x3d, r28	; 61
    20a0:	de bf       	out	0x3e, r29	; 62
    20a2:	8b 83       	std	Y+3, r24	; 0x03
    20a4:	9c 83       	std	Y+4, r25	; 0x04
    20a6:	6d 83       	std	Y+5, r22	; 0x05
    20a8:	8b 81       	ldd	r24, Y+3	; 0x03
    20aa:	9c 81       	ldd	r25, Y+4	; 0x04
    20ac:	89 83       	std	Y+1, r24	; 0x01
    20ae:	9a 83       	std	Y+2, r25	; 0x02
    20b0:	89 81       	ldd	r24, Y+1	; 0x01
    20b2:	9a 81       	ldd	r25, Y+2	; 0x02
    20b4:	89 2b       	or	r24, r25
    20b6:	31 f4       	brne	.+12     	; 0x20c4 <xQueueGenericReset+0x30>
    20b8:	63 e0       	ldi	r22, 0x03	; 3
    20ba:	71 e0       	ldi	r23, 0x01	; 1
    20bc:	8b e1       	ldi	r24, 0x1B	; 27
    20be:	90 e2       	ldi	r25, 0x20	; 32
    20c0:	0e 94 c9 24 	call	0x4992	; 0x4992 <vAssertCalled>
    20c4:	0f b6       	in	r0, 0x3f	; 63
    20c6:	f8 94       	cli
    20c8:	0f 92       	push	r0
    20ca:	89 81       	ldd	r24, Y+1	; 0x01
    20cc:	9a 81       	ldd	r25, Y+2	; 0x02
    20ce:	fc 01       	movw	r30, r24
    20d0:	80 81       	ld	r24, Z
    20d2:	91 81       	ldd	r25, Z+1	; 0x01
    20d4:	29 81       	ldd	r18, Y+1	; 0x01
    20d6:	3a 81       	ldd	r19, Y+2	; 0x02
    20d8:	f9 01       	movw	r30, r18
    20da:	23 8d       	ldd	r18, Z+27	; 0x1b
    20dc:	42 2f       	mov	r20, r18
    20de:	50 e0       	ldi	r21, 0x00	; 0
    20e0:	29 81       	ldd	r18, Y+1	; 0x01
    20e2:	3a 81       	ldd	r19, Y+2	; 0x02
    20e4:	f9 01       	movw	r30, r18
    20e6:	24 8d       	ldd	r18, Z+28	; 0x1c
    20e8:	22 2f       	mov	r18, r18
    20ea:	30 e0       	ldi	r19, 0x00	; 0
    20ec:	42 9f       	mul	r20, r18
    20ee:	b0 01       	movw	r22, r0
    20f0:	43 9f       	mul	r20, r19
    20f2:	70 0d       	add	r23, r0
    20f4:	52 9f       	mul	r21, r18
    20f6:	70 0d       	add	r23, r0
    20f8:	11 24       	eor	r1, r1
    20fa:	9b 01       	movw	r18, r22
    20fc:	28 0f       	add	r18, r24
    20fe:	39 1f       	adc	r19, r25
    2100:	89 81       	ldd	r24, Y+1	; 0x01
    2102:	9a 81       	ldd	r25, Y+2	; 0x02
    2104:	fc 01       	movw	r30, r24
    2106:	24 83       	std	Z+4, r18	; 0x04
    2108:	35 83       	std	Z+5, r19	; 0x05
    210a:	89 81       	ldd	r24, Y+1	; 0x01
    210c:	9a 81       	ldd	r25, Y+2	; 0x02
    210e:	fc 01       	movw	r30, r24
    2110:	12 8e       	std	Z+26, r1	; 0x1a
    2112:	89 81       	ldd	r24, Y+1	; 0x01
    2114:	9a 81       	ldd	r25, Y+2	; 0x02
    2116:	fc 01       	movw	r30, r24
    2118:	20 81       	ld	r18, Z
    211a:	31 81       	ldd	r19, Z+1	; 0x01
    211c:	89 81       	ldd	r24, Y+1	; 0x01
    211e:	9a 81       	ldd	r25, Y+2	; 0x02
    2120:	fc 01       	movw	r30, r24
    2122:	22 83       	std	Z+2, r18	; 0x02
    2124:	33 83       	std	Z+3, r19	; 0x03
    2126:	89 81       	ldd	r24, Y+1	; 0x01
    2128:	9a 81       	ldd	r25, Y+2	; 0x02
    212a:	fc 01       	movw	r30, r24
    212c:	20 81       	ld	r18, Z
    212e:	31 81       	ldd	r19, Z+1	; 0x01
    2130:	89 81       	ldd	r24, Y+1	; 0x01
    2132:	9a 81       	ldd	r25, Y+2	; 0x02
    2134:	fc 01       	movw	r30, r24
    2136:	83 8d       	ldd	r24, Z+27	; 0x1b
    2138:	88 2f       	mov	r24, r24
    213a:	90 e0       	ldi	r25, 0x00	; 0
    213c:	bc 01       	movw	r22, r24
    213e:	61 50       	subi	r22, 0x01	; 1
    2140:	71 09       	sbc	r23, r1
    2142:	89 81       	ldd	r24, Y+1	; 0x01
    2144:	9a 81       	ldd	r25, Y+2	; 0x02
    2146:	fc 01       	movw	r30, r24
    2148:	84 8d       	ldd	r24, Z+28	; 0x1c
    214a:	48 2f       	mov	r20, r24
    214c:	50 e0       	ldi	r21, 0x00	; 0
    214e:	64 9f       	mul	r22, r20
    2150:	c0 01       	movw	r24, r0
    2152:	65 9f       	mul	r22, r21
    2154:	90 0d       	add	r25, r0
    2156:	74 9f       	mul	r23, r20
    2158:	90 0d       	add	r25, r0
    215a:	11 24       	eor	r1, r1
    215c:	28 0f       	add	r18, r24
    215e:	39 1f       	adc	r19, r25
    2160:	89 81       	ldd	r24, Y+1	; 0x01
    2162:	9a 81       	ldd	r25, Y+2	; 0x02
    2164:	fc 01       	movw	r30, r24
    2166:	26 83       	std	Z+6, r18	; 0x06
    2168:	37 83       	std	Z+7, r19	; 0x07
    216a:	89 81       	ldd	r24, Y+1	; 0x01
    216c:	9a 81       	ldd	r25, Y+2	; 0x02
    216e:	2f ef       	ldi	r18, 0xFF	; 255
    2170:	fc 01       	movw	r30, r24
    2172:	25 8f       	std	Z+29, r18	; 0x1d
    2174:	89 81       	ldd	r24, Y+1	; 0x01
    2176:	9a 81       	ldd	r25, Y+2	; 0x02
    2178:	2f ef       	ldi	r18, 0xFF	; 255
    217a:	fc 01       	movw	r30, r24
    217c:	26 8f       	std	Z+30, r18	; 0x1e
    217e:	8d 81       	ldd	r24, Y+5	; 0x05
    2180:	88 23       	and	r24, r24
    2182:	81 f4       	brne	.+32     	; 0x21a4 <xQueueGenericReset+0x110>
    2184:	89 81       	ldd	r24, Y+1	; 0x01
    2186:	9a 81       	ldd	r25, Y+2	; 0x02
    2188:	fc 01       	movw	r30, r24
    218a:	80 85       	ldd	r24, Z+8	; 0x08
    218c:	88 23       	and	r24, r24
    218e:	a1 f0       	breq	.+40     	; 0x21b8 <xQueueGenericReset+0x124>
    2190:	89 81       	ldd	r24, Y+1	; 0x01
    2192:	9a 81       	ldd	r25, Y+2	; 0x02
    2194:	08 96       	adiw	r24, 0x08	; 8
    2196:	0e 94 01 1d 	call	0x3a02	; 0x3a02 <xTaskRemoveFromEventList>
    219a:	88 23       	and	r24, r24
    219c:	69 f0       	breq	.+26     	; 0x21b8 <xQueueGenericReset+0x124>
    219e:	0e 94 b7 0e 	call	0x1d6e	; 0x1d6e <vPortYield>
    21a2:	0a c0       	rjmp	.+20     	; 0x21b8 <xQueueGenericReset+0x124>
    21a4:	89 81       	ldd	r24, Y+1	; 0x01
    21a6:	9a 81       	ldd	r25, Y+2	; 0x02
    21a8:	08 96       	adiw	r24, 0x08	; 8
    21aa:	0e 94 72 0b 	call	0x16e4	; 0x16e4 <vListInitialise>
    21ae:	89 81       	ldd	r24, Y+1	; 0x01
    21b0:	9a 81       	ldd	r25, Y+2	; 0x02
    21b2:	41 96       	adiw	r24, 0x11	; 17
    21b4:	0e 94 72 0b 	call	0x16e4	; 0x16e4 <vListInitialise>
    21b8:	0f 90       	pop	r0
    21ba:	0f be       	out	0x3f, r0	; 63
    21bc:	81 e0       	ldi	r24, 0x01	; 1
    21be:	25 96       	adiw	r28, 0x05	; 5
    21c0:	cd bf       	out	0x3d, r28	; 61
    21c2:	de bf       	out	0x3e, r29	; 62
    21c4:	df 91       	pop	r29
    21c6:	cf 91       	pop	r28
    21c8:	08 95       	ret

000021ca <xQueueGenericCreate>:
    21ca:	0f 93       	push	r16
    21cc:	1f 93       	push	r17
    21ce:	cf 93       	push	r28
    21d0:	df 93       	push	r29
    21d2:	cd b7       	in	r28, 0x3d	; 61
    21d4:	de b7       	in	r29, 0x3e	; 62
    21d6:	29 97       	sbiw	r28, 0x09	; 9
    21d8:	cd bf       	out	0x3d, r28	; 61
    21da:	de bf       	out	0x3e, r29	; 62
    21dc:	8f 83       	std	Y+7, r24	; 0x07
    21de:	68 87       	std	Y+8, r22	; 0x08
    21e0:	49 87       	std	Y+9, r20	; 0x09
    21e2:	8f 81       	ldd	r24, Y+7	; 0x07
    21e4:	88 23       	and	r24, r24
    21e6:	31 f4       	brne	.+12     	; 0x21f4 <xQueueGenericCreate+0x2a>
    21e8:	66 e7       	ldi	r22, 0x76	; 118
    21ea:	71 e0       	ldi	r23, 0x01	; 1
    21ec:	8b e1       	ldi	r24, 0x1B	; 27
    21ee:	90 e2       	ldi	r25, 0x20	; 32
    21f0:	0e 94 c9 24 	call	0x4992	; 0x4992 <vAssertCalled>
    21f4:	88 85       	ldd	r24, Y+8	; 0x08
    21f6:	88 23       	and	r24, r24
    21f8:	19 f4       	brne	.+6      	; 0x2200 <xQueueGenericCreate+0x36>
    21fa:	19 82       	std	Y+1, r1	; 0x01
    21fc:	1a 82       	std	Y+2, r1	; 0x02
    21fe:	0f c0       	rjmp	.+30     	; 0x221e <xQueueGenericCreate+0x54>
    2200:	8f 81       	ldd	r24, Y+7	; 0x07
    2202:	48 2f       	mov	r20, r24
    2204:	50 e0       	ldi	r21, 0x00	; 0
    2206:	88 85       	ldd	r24, Y+8	; 0x08
    2208:	28 2f       	mov	r18, r24
    220a:	30 e0       	ldi	r19, 0x00	; 0
    220c:	42 9f       	mul	r20, r18
    220e:	c0 01       	movw	r24, r0
    2210:	43 9f       	mul	r20, r19
    2212:	90 0d       	add	r25, r0
    2214:	52 9f       	mul	r21, r18
    2216:	90 0d       	add	r25, r0
    2218:	11 24       	eor	r1, r1
    221a:	89 83       	std	Y+1, r24	; 0x01
    221c:	9a 83       	std	Y+2, r25	; 0x02
    221e:	89 81       	ldd	r24, Y+1	; 0x01
    2220:	9a 81       	ldd	r25, Y+2	; 0x02
    2222:	81 96       	adiw	r24, 0x21	; 33
    2224:	0e 94 dd 09 	call	0x13ba	; 0x13ba <pvPortMalloc>
    2228:	8b 83       	std	Y+3, r24	; 0x03
    222a:	9c 83       	std	Y+4, r25	; 0x04
    222c:	8b 81       	ldd	r24, Y+3	; 0x03
    222e:	9c 81       	ldd	r25, Y+4	; 0x04
    2230:	89 2b       	or	r24, r25
    2232:	a1 f0       	breq	.+40     	; 0x225c <xQueueGenericCreate+0x92>
    2234:	8b 81       	ldd	r24, Y+3	; 0x03
    2236:	9c 81       	ldd	r25, Y+4	; 0x04
    2238:	8d 83       	std	Y+5, r24	; 0x05
    223a:	9e 83       	std	Y+6, r25	; 0x06
    223c:	8d 81       	ldd	r24, Y+5	; 0x05
    223e:	9e 81       	ldd	r25, Y+6	; 0x06
    2240:	81 96       	adiw	r24, 0x21	; 33
    2242:	8d 83       	std	Y+5, r24	; 0x05
    2244:	9e 83       	std	Y+6, r25	; 0x06
    2246:	2b 81       	ldd	r18, Y+3	; 0x03
    2248:	3c 81       	ldd	r19, Y+4	; 0x04
    224a:	8d 81       	ldd	r24, Y+5	; 0x05
    224c:	9e 81       	ldd	r25, Y+6	; 0x06
    224e:	89 01       	movw	r16, r18
    2250:	29 85       	ldd	r18, Y+9	; 0x09
    2252:	ac 01       	movw	r20, r24
    2254:	68 85       	ldd	r22, Y+8	; 0x08
    2256:	8f 81       	ldd	r24, Y+7	; 0x07
    2258:	0e 94 38 11 	call	0x2270	; 0x2270 <prvInitialiseNewQueue>
    225c:	8b 81       	ldd	r24, Y+3	; 0x03
    225e:	9c 81       	ldd	r25, Y+4	; 0x04
    2260:	29 96       	adiw	r28, 0x09	; 9
    2262:	cd bf       	out	0x3d, r28	; 61
    2264:	de bf       	out	0x3e, r29	; 62
    2266:	df 91       	pop	r29
    2268:	cf 91       	pop	r28
    226a:	1f 91       	pop	r17
    226c:	0f 91       	pop	r16
    226e:	08 95       	ret

00002270 <prvInitialiseNewQueue>:
    2270:	0f 93       	push	r16
    2272:	1f 93       	push	r17
    2274:	cf 93       	push	r28
    2276:	df 93       	push	r29
    2278:	cd b7       	in	r28, 0x3d	; 61
    227a:	de b7       	in	r29, 0x3e	; 62
    227c:	27 97       	sbiw	r28, 0x07	; 7
    227e:	cd bf       	out	0x3d, r28	; 61
    2280:	de bf       	out	0x3e, r29	; 62
    2282:	89 83       	std	Y+1, r24	; 0x01
    2284:	6a 83       	std	Y+2, r22	; 0x02
    2286:	4b 83       	std	Y+3, r20	; 0x03
    2288:	5c 83       	std	Y+4, r21	; 0x04
    228a:	2d 83       	std	Y+5, r18	; 0x05
    228c:	0e 83       	std	Y+6, r16	; 0x06
    228e:	1f 83       	std	Y+7, r17	; 0x07
    2290:	8a 81       	ldd	r24, Y+2	; 0x02
    2292:	88 23       	and	r24, r24
    2294:	41 f4       	brne	.+16     	; 0x22a6 <prvInitialiseNewQueue+0x36>
    2296:	8e 81       	ldd	r24, Y+6	; 0x06
    2298:	9f 81       	ldd	r25, Y+7	; 0x07
    229a:	2e 81       	ldd	r18, Y+6	; 0x06
    229c:	3f 81       	ldd	r19, Y+7	; 0x07
    229e:	fc 01       	movw	r30, r24
    22a0:	20 83       	st	Z, r18
    22a2:	31 83       	std	Z+1, r19	; 0x01
    22a4:	07 c0       	rjmp	.+14     	; 0x22b4 <prvInitialiseNewQueue+0x44>
    22a6:	8e 81       	ldd	r24, Y+6	; 0x06
    22a8:	9f 81       	ldd	r25, Y+7	; 0x07
    22aa:	2b 81       	ldd	r18, Y+3	; 0x03
    22ac:	3c 81       	ldd	r19, Y+4	; 0x04
    22ae:	fc 01       	movw	r30, r24
    22b0:	20 83       	st	Z, r18
    22b2:	31 83       	std	Z+1, r19	; 0x01
    22b4:	8e 81       	ldd	r24, Y+6	; 0x06
    22b6:	9f 81       	ldd	r25, Y+7	; 0x07
    22b8:	29 81       	ldd	r18, Y+1	; 0x01
    22ba:	fc 01       	movw	r30, r24
    22bc:	23 8f       	std	Z+27, r18	; 0x1b
    22be:	8e 81       	ldd	r24, Y+6	; 0x06
    22c0:	9f 81       	ldd	r25, Y+7	; 0x07
    22c2:	2a 81       	ldd	r18, Y+2	; 0x02
    22c4:	fc 01       	movw	r30, r24
    22c6:	24 8f       	std	Z+28, r18	; 0x1c
    22c8:	8e 81       	ldd	r24, Y+6	; 0x06
    22ca:	9f 81       	ldd	r25, Y+7	; 0x07
    22cc:	61 e0       	ldi	r22, 0x01	; 1
    22ce:	0e 94 4a 10 	call	0x2094	; 0x2094 <xQueueGenericReset>
    22d2:	8e 81       	ldd	r24, Y+6	; 0x06
    22d4:	9f 81       	ldd	r25, Y+7	; 0x07
    22d6:	2d 81       	ldd	r18, Y+5	; 0x05
    22d8:	fc 01       	movw	r30, r24
    22da:	20 a3       	std	Z+32, r18	; 0x20
    22dc:	00 00       	nop
    22de:	27 96       	adiw	r28, 0x07	; 7
    22e0:	cd bf       	out	0x3d, r28	; 61
    22e2:	de bf       	out	0x3e, r29	; 62
    22e4:	df 91       	pop	r29
    22e6:	cf 91       	pop	r28
    22e8:	1f 91       	pop	r17
    22ea:	0f 91       	pop	r16
    22ec:	08 95       	ret

000022ee <xQueueGenericSend>:
    22ee:	cf 93       	push	r28
    22f0:	df 93       	push	r29
    22f2:	cd b7       	in	r28, 0x3d	; 61
    22f4:	de b7       	in	r29, 0x3e	; 62
    22f6:	2e 97       	sbiw	r28, 0x0e	; 14
    22f8:	cd bf       	out	0x3d, r28	; 61
    22fa:	de bf       	out	0x3e, r29	; 62
    22fc:	88 87       	std	Y+8, r24	; 0x08
    22fe:	99 87       	std	Y+9, r25	; 0x09
    2300:	6a 87       	std	Y+10, r22	; 0x0a
    2302:	7b 87       	std	Y+11, r23	; 0x0b
    2304:	4c 87       	std	Y+12, r20	; 0x0c
    2306:	5d 87       	std	Y+13, r21	; 0x0d
    2308:	2e 87       	std	Y+14, r18	; 0x0e
    230a:	19 82       	std	Y+1, r1	; 0x01
    230c:	88 85       	ldd	r24, Y+8	; 0x08
    230e:	99 85       	ldd	r25, Y+9	; 0x09
    2310:	8a 83       	std	Y+2, r24	; 0x02
    2312:	9b 83       	std	Y+3, r25	; 0x03
    2314:	8a 81       	ldd	r24, Y+2	; 0x02
    2316:	9b 81       	ldd	r25, Y+3	; 0x03
    2318:	89 2b       	or	r24, r25
    231a:	31 f4       	brne	.+12     	; 0x2328 <xQueueGenericSend+0x3a>
    231c:	61 ef       	ldi	r22, 0xF1	; 241
    231e:	72 e0       	ldi	r23, 0x02	; 2
    2320:	8b e1       	ldi	r24, 0x1B	; 27
    2322:	90 e2       	ldi	r25, 0x20	; 32
    2324:	0e 94 c9 24 	call	0x4992	; 0x4992 <vAssertCalled>
    2328:	8a 85       	ldd	r24, Y+10	; 0x0a
    232a:	9b 85       	ldd	r25, Y+11	; 0x0b
    232c:	89 2b       	or	r24, r25
    232e:	31 f4       	brne	.+12     	; 0x233c <xQueueGenericSend+0x4e>
    2330:	8a 81       	ldd	r24, Y+2	; 0x02
    2332:	9b 81       	ldd	r25, Y+3	; 0x03
    2334:	fc 01       	movw	r30, r24
    2336:	84 8d       	ldd	r24, Z+28	; 0x1c
    2338:	88 23       	and	r24, r24
    233a:	19 f4       	brne	.+6      	; 0x2342 <xQueueGenericSend+0x54>
    233c:	81 e0       	ldi	r24, 0x01	; 1
    233e:	90 e0       	ldi	r25, 0x00	; 0
    2340:	02 c0       	rjmp	.+4      	; 0x2346 <xQueueGenericSend+0x58>
    2342:	80 e0       	ldi	r24, 0x00	; 0
    2344:	90 e0       	ldi	r25, 0x00	; 0
    2346:	89 2b       	or	r24, r25
    2348:	31 f4       	brne	.+12     	; 0x2356 <xQueueGenericSend+0x68>
    234a:	62 ef       	ldi	r22, 0xF2	; 242
    234c:	72 e0       	ldi	r23, 0x02	; 2
    234e:	8b e1       	ldi	r24, 0x1B	; 27
    2350:	90 e2       	ldi	r25, 0x20	; 32
    2352:	0e 94 c9 24 	call	0x4992	; 0x4992 <vAssertCalled>
    2356:	8e 85       	ldd	r24, Y+14	; 0x0e
    2358:	82 30       	cpi	r24, 0x02	; 2
    235a:	31 f4       	brne	.+12     	; 0x2368 <xQueueGenericSend+0x7a>
    235c:	8a 81       	ldd	r24, Y+2	; 0x02
    235e:	9b 81       	ldd	r25, Y+3	; 0x03
    2360:	fc 01       	movw	r30, r24
    2362:	83 8d       	ldd	r24, Z+27	; 0x1b
    2364:	81 30       	cpi	r24, 0x01	; 1
    2366:	19 f4       	brne	.+6      	; 0x236e <xQueueGenericSend+0x80>
    2368:	81 e0       	ldi	r24, 0x01	; 1
    236a:	90 e0       	ldi	r25, 0x00	; 0
    236c:	02 c0       	rjmp	.+4      	; 0x2372 <xQueueGenericSend+0x84>
    236e:	80 e0       	ldi	r24, 0x00	; 0
    2370:	90 e0       	ldi	r25, 0x00	; 0
    2372:	89 2b       	or	r24, r25
    2374:	31 f4       	brne	.+12     	; 0x2382 <xQueueGenericSend+0x94>
    2376:	63 ef       	ldi	r22, 0xF3	; 243
    2378:	72 e0       	ldi	r23, 0x02	; 2
    237a:	8b e1       	ldi	r24, 0x1B	; 27
    237c:	90 e2       	ldi	r25, 0x20	; 32
    237e:	0e 94 c9 24 	call	0x4992	; 0x4992 <vAssertCalled>
    2382:	0f b6       	in	r0, 0x3f	; 63
    2384:	f8 94       	cli
    2386:	0f 92       	push	r0
    2388:	8a 81       	ldd	r24, Y+2	; 0x02
    238a:	9b 81       	ldd	r25, Y+3	; 0x03
    238c:	fc 01       	movw	r30, r24
    238e:	22 8d       	ldd	r18, Z+26	; 0x1a
    2390:	8a 81       	ldd	r24, Y+2	; 0x02
    2392:	9b 81       	ldd	r25, Y+3	; 0x03
    2394:	fc 01       	movw	r30, r24
    2396:	83 8d       	ldd	r24, Z+27	; 0x1b
    2398:	28 17       	cp	r18, r24
    239a:	18 f0       	brcs	.+6      	; 0x23a2 <xQueueGenericSend+0xb4>
    239c:	8e 85       	ldd	r24, Y+14	; 0x0e
    239e:	82 30       	cpi	r24, 0x02	; 2
    23a0:	11 f5       	brne	.+68     	; 0x23e6 <xQueueGenericSend+0xf8>
    23a2:	2a 85       	ldd	r18, Y+10	; 0x0a
    23a4:	3b 85       	ldd	r19, Y+11	; 0x0b
    23a6:	8a 81       	ldd	r24, Y+2	; 0x02
    23a8:	9b 81       	ldd	r25, Y+3	; 0x03
    23aa:	4e 85       	ldd	r20, Y+14	; 0x0e
    23ac:	b9 01       	movw	r22, r18
    23ae:	0e 94 2f 14 	call	0x285e	; 0x285e <prvCopyDataToQueue>
    23b2:	8c 83       	std	Y+4, r24	; 0x04
    23b4:	8a 81       	ldd	r24, Y+2	; 0x02
    23b6:	9b 81       	ldd	r25, Y+3	; 0x03
    23b8:	fc 01       	movw	r30, r24
    23ba:	81 89       	ldd	r24, Z+17	; 0x11
    23bc:	88 23       	and	r24, r24
    23be:	51 f0       	breq	.+20     	; 0x23d4 <xQueueGenericSend+0xe6>
    23c0:	8a 81       	ldd	r24, Y+2	; 0x02
    23c2:	9b 81       	ldd	r25, Y+3	; 0x03
    23c4:	41 96       	adiw	r24, 0x11	; 17
    23c6:	0e 94 01 1d 	call	0x3a02	; 0x3a02 <xTaskRemoveFromEventList>
    23ca:	88 23       	and	r24, r24
    23cc:	41 f0       	breq	.+16     	; 0x23de <xQueueGenericSend+0xf0>
    23ce:	0e 94 b7 0e 	call	0x1d6e	; 0x1d6e <vPortYield>
    23d2:	05 c0       	rjmp	.+10     	; 0x23de <xQueueGenericSend+0xf0>
    23d4:	8c 81       	ldd	r24, Y+4	; 0x04
    23d6:	88 23       	and	r24, r24
    23d8:	11 f0       	breq	.+4      	; 0x23de <xQueueGenericSend+0xf0>
    23da:	0e 94 b7 0e 	call	0x1d6e	; 0x1d6e <vPortYield>
    23de:	0f 90       	pop	r0
    23e0:	0f be       	out	0x3f, r0	; 63
    23e2:	81 e0       	ldi	r24, 0x01	; 1
    23e4:	60 c0       	rjmp	.+192    	; 0x24a6 <xQueueGenericSend+0x1b8>
    23e6:	8c 85       	ldd	r24, Y+12	; 0x0c
    23e8:	9d 85       	ldd	r25, Y+13	; 0x0d
    23ea:	89 2b       	or	r24, r25
    23ec:	21 f4       	brne	.+8      	; 0x23f6 <xQueueGenericSend+0x108>
    23ee:	0f 90       	pop	r0
    23f0:	0f be       	out	0x3f, r0	; 63
    23f2:	80 e0       	ldi	r24, 0x00	; 0
    23f4:	58 c0       	rjmp	.+176    	; 0x24a6 <xQueueGenericSend+0x1b8>
    23f6:	89 81       	ldd	r24, Y+1	; 0x01
    23f8:	88 23       	and	r24, r24
    23fa:	31 f4       	brne	.+12     	; 0x2408 <xQueueGenericSend+0x11a>
    23fc:	ce 01       	movw	r24, r28
    23fe:	05 96       	adiw	r24, 0x05	; 5
    2400:	0e 94 76 1d 	call	0x3aec	; 0x3aec <vTaskInternalSetTimeOutState>
    2404:	81 e0       	ldi	r24, 0x01	; 1
    2406:	89 83       	std	Y+1, r24	; 0x01
    2408:	0f 90       	pop	r0
    240a:	0f be       	out	0x3f, r0	; 63
    240c:	0e 94 15 19 	call	0x322a	; 0x322a <vTaskSuspendAll>
    2410:	0f b6       	in	r0, 0x3f	; 63
    2412:	f8 94       	cli
    2414:	0f 92       	push	r0
    2416:	8a 81       	ldd	r24, Y+2	; 0x02
    2418:	9b 81       	ldd	r25, Y+3	; 0x03
    241a:	fc 01       	movw	r30, r24
    241c:	85 8d       	ldd	r24, Z+29	; 0x1d
    241e:	8f 3f       	cpi	r24, 0xFF	; 255
    2420:	21 f4       	brne	.+8      	; 0x242a <xQueueGenericSend+0x13c>
    2422:	8a 81       	ldd	r24, Y+2	; 0x02
    2424:	9b 81       	ldd	r25, Y+3	; 0x03
    2426:	fc 01       	movw	r30, r24
    2428:	15 8e       	std	Z+29, r1	; 0x1d
    242a:	8a 81       	ldd	r24, Y+2	; 0x02
    242c:	9b 81       	ldd	r25, Y+3	; 0x03
    242e:	fc 01       	movw	r30, r24
    2430:	86 8d       	ldd	r24, Z+30	; 0x1e
    2432:	8f 3f       	cpi	r24, 0xFF	; 255
    2434:	21 f4       	brne	.+8      	; 0x243e <xQueueGenericSend+0x150>
    2436:	8a 81       	ldd	r24, Y+2	; 0x02
    2438:	9b 81       	ldd	r25, Y+3	; 0x03
    243a:	fc 01       	movw	r30, r24
    243c:	16 8e       	std	Z+30, r1	; 0x1e
    243e:	0f 90       	pop	r0
    2440:	0f be       	out	0x3f, r0	; 63
    2442:	9e 01       	movw	r18, r28
    2444:	24 5f       	subi	r18, 0xF4	; 244
    2446:	3f 4f       	sbci	r19, 0xFF	; 255
    2448:	ce 01       	movw	r24, r28
    244a:	05 96       	adiw	r24, 0x05	; 5
    244c:	b9 01       	movw	r22, r18
    244e:	0e 94 93 1d 	call	0x3b26	; 0x3b26 <xTaskCheckForTimeOut>
    2452:	88 23       	and	r24, r24
    2454:	09 f5       	brne	.+66     	; 0x2498 <xQueueGenericSend+0x1aa>
    2456:	8a 81       	ldd	r24, Y+2	; 0x02
    2458:	9b 81       	ldd	r25, Y+3	; 0x03
    245a:	0e 94 c3 15 	call	0x2b86	; 0x2b86 <prvIsQueueFull>
    245e:	88 23       	and	r24, r24
    2460:	a1 f0       	breq	.+40     	; 0x248a <xQueueGenericSend+0x19c>
    2462:	2c 85       	ldd	r18, Y+12	; 0x0c
    2464:	3d 85       	ldd	r19, Y+13	; 0x0d
    2466:	8a 81       	ldd	r24, Y+2	; 0x02
    2468:	9b 81       	ldd	r25, Y+3	; 0x03
    246a:	08 96       	adiw	r24, 0x08	; 8
    246c:	b9 01       	movw	r22, r18
    246e:	0e 94 d5 1c 	call	0x39aa	; 0x39aa <vTaskPlaceOnEventList>
    2472:	8a 81       	ldd	r24, Y+2	; 0x02
    2474:	9b 81       	ldd	r25, Y+3	; 0x03
    2476:	0e 94 49 15 	call	0x2a92	; 0x2a92 <prvUnlockQueue>
    247a:	0e 94 22 19 	call	0x3244	; 0x3244 <xTaskResumeAll>
    247e:	88 23       	and	r24, r24
    2480:	09 f0       	breq	.+2      	; 0x2484 <xQueueGenericSend+0x196>
    2482:	7f cf       	rjmp	.-258    	; 0x2382 <xQueueGenericSend+0x94>
    2484:	0e 94 b7 0e 	call	0x1d6e	; 0x1d6e <vPortYield>
    2488:	7c cf       	rjmp	.-264    	; 0x2382 <xQueueGenericSend+0x94>
    248a:	8a 81       	ldd	r24, Y+2	; 0x02
    248c:	9b 81       	ldd	r25, Y+3	; 0x03
    248e:	0e 94 49 15 	call	0x2a92	; 0x2a92 <prvUnlockQueue>
    2492:	0e 94 22 19 	call	0x3244	; 0x3244 <xTaskResumeAll>
    2496:	75 cf       	rjmp	.-278    	; 0x2382 <xQueueGenericSend+0x94>
    2498:	8a 81       	ldd	r24, Y+2	; 0x02
    249a:	9b 81       	ldd	r25, Y+3	; 0x03
    249c:	0e 94 49 15 	call	0x2a92	; 0x2a92 <prvUnlockQueue>
    24a0:	0e 94 22 19 	call	0x3244	; 0x3244 <xTaskResumeAll>
    24a4:	80 e0       	ldi	r24, 0x00	; 0
    24a6:	2e 96       	adiw	r28, 0x0e	; 14
    24a8:	cd bf       	out	0x3d, r28	; 61
    24aa:	de bf       	out	0x3e, r29	; 62
    24ac:	df 91       	pop	r29
    24ae:	cf 91       	pop	r28
    24b0:	08 95       	ret

000024b2 <xQueueGenericSendFromISR>:
    24b2:	cf 93       	push	r28
    24b4:	df 93       	push	r29
    24b6:	cd b7       	in	r28, 0x3d	; 61
    24b8:	de b7       	in	r29, 0x3e	; 62
    24ba:	2c 97       	sbiw	r28, 0x0c	; 12
    24bc:	cd bf       	out	0x3d, r28	; 61
    24be:	de bf       	out	0x3e, r29	; 62
    24c0:	8e 83       	std	Y+6, r24	; 0x06
    24c2:	9f 83       	std	Y+7, r25	; 0x07
    24c4:	68 87       	std	Y+8, r22	; 0x08
    24c6:	79 87       	std	Y+9, r23	; 0x09
    24c8:	4a 87       	std	Y+10, r20	; 0x0a
    24ca:	5b 87       	std	Y+11, r21	; 0x0b
    24cc:	2c 87       	std	Y+12, r18	; 0x0c
    24ce:	8e 81       	ldd	r24, Y+6	; 0x06
    24d0:	9f 81       	ldd	r25, Y+7	; 0x07
    24d2:	8a 83       	std	Y+2, r24	; 0x02
    24d4:	9b 83       	std	Y+3, r25	; 0x03
    24d6:	8a 81       	ldd	r24, Y+2	; 0x02
    24d8:	9b 81       	ldd	r25, Y+3	; 0x03
    24da:	89 2b       	or	r24, r25
    24dc:	31 f4       	brne	.+12     	; 0x24ea <xQueueGenericSendFromISR+0x38>
    24de:	63 ec       	ldi	r22, 0xC3	; 195
    24e0:	73 e0       	ldi	r23, 0x03	; 3
    24e2:	8b e1       	ldi	r24, 0x1B	; 27
    24e4:	90 e2       	ldi	r25, 0x20	; 32
    24e6:	0e 94 c9 24 	call	0x4992	; 0x4992 <vAssertCalled>
    24ea:	88 85       	ldd	r24, Y+8	; 0x08
    24ec:	99 85       	ldd	r25, Y+9	; 0x09
    24ee:	89 2b       	or	r24, r25
    24f0:	31 f4       	brne	.+12     	; 0x24fe <xQueueGenericSendFromISR+0x4c>
    24f2:	8a 81       	ldd	r24, Y+2	; 0x02
    24f4:	9b 81       	ldd	r25, Y+3	; 0x03
    24f6:	fc 01       	movw	r30, r24
    24f8:	84 8d       	ldd	r24, Z+28	; 0x1c
    24fa:	88 23       	and	r24, r24
    24fc:	19 f4       	brne	.+6      	; 0x2504 <xQueueGenericSendFromISR+0x52>
    24fe:	81 e0       	ldi	r24, 0x01	; 1
    2500:	90 e0       	ldi	r25, 0x00	; 0
    2502:	02 c0       	rjmp	.+4      	; 0x2508 <xQueueGenericSendFromISR+0x56>
    2504:	80 e0       	ldi	r24, 0x00	; 0
    2506:	90 e0       	ldi	r25, 0x00	; 0
    2508:	89 2b       	or	r24, r25
    250a:	31 f4       	brne	.+12     	; 0x2518 <xQueueGenericSendFromISR+0x66>
    250c:	64 ec       	ldi	r22, 0xC4	; 196
    250e:	73 e0       	ldi	r23, 0x03	; 3
    2510:	8b e1       	ldi	r24, 0x1B	; 27
    2512:	90 e2       	ldi	r25, 0x20	; 32
    2514:	0e 94 c9 24 	call	0x4992	; 0x4992 <vAssertCalled>
    2518:	8c 85       	ldd	r24, Y+12	; 0x0c
    251a:	82 30       	cpi	r24, 0x02	; 2
    251c:	31 f4       	brne	.+12     	; 0x252a <xQueueGenericSendFromISR+0x78>
    251e:	8a 81       	ldd	r24, Y+2	; 0x02
    2520:	9b 81       	ldd	r25, Y+3	; 0x03
    2522:	fc 01       	movw	r30, r24
    2524:	83 8d       	ldd	r24, Z+27	; 0x1b
    2526:	81 30       	cpi	r24, 0x01	; 1
    2528:	19 f4       	brne	.+6      	; 0x2530 <xQueueGenericSendFromISR+0x7e>
    252a:	81 e0       	ldi	r24, 0x01	; 1
    252c:	90 e0       	ldi	r25, 0x00	; 0
    252e:	02 c0       	rjmp	.+4      	; 0x2534 <xQueueGenericSendFromISR+0x82>
    2530:	80 e0       	ldi	r24, 0x00	; 0
    2532:	90 e0       	ldi	r25, 0x00	; 0
    2534:	89 2b       	or	r24, r25
    2536:	31 f4       	brne	.+12     	; 0x2544 <xQueueGenericSendFromISR+0x92>
    2538:	65 ec       	ldi	r22, 0xC5	; 197
    253a:	73 e0       	ldi	r23, 0x03	; 3
    253c:	8b e1       	ldi	r24, 0x1B	; 27
    253e:	90 e2       	ldi	r25, 0x20	; 32
    2540:	0e 94 c9 24 	call	0x4992	; 0x4992 <vAssertCalled>
    2544:	1c 82       	std	Y+4, r1	; 0x04
    2546:	8a 81       	ldd	r24, Y+2	; 0x02
    2548:	9b 81       	ldd	r25, Y+3	; 0x03
    254a:	fc 01       	movw	r30, r24
    254c:	22 8d       	ldd	r18, Z+26	; 0x1a
    254e:	8a 81       	ldd	r24, Y+2	; 0x02
    2550:	9b 81       	ldd	r25, Y+3	; 0x03
    2552:	fc 01       	movw	r30, r24
    2554:	83 8d       	ldd	r24, Z+27	; 0x1b
    2556:	28 17       	cp	r18, r24
    2558:	18 f0       	brcs	.+6      	; 0x2560 <xQueueGenericSendFromISR+0xae>
    255a:	8c 85       	ldd	r24, Y+12	; 0x0c
    255c:	82 30       	cpi	r24, 0x02	; 2
    255e:	89 f5       	brne	.+98     	; 0x25c2 <xQueueGenericSendFromISR+0x110>
    2560:	8a 81       	ldd	r24, Y+2	; 0x02
    2562:	9b 81       	ldd	r25, Y+3	; 0x03
    2564:	fc 01       	movw	r30, r24
    2566:	86 8d       	ldd	r24, Z+30	; 0x1e
    2568:	8d 83       	std	Y+5, r24	; 0x05
    256a:	28 85       	ldd	r18, Y+8	; 0x08
    256c:	39 85       	ldd	r19, Y+9	; 0x09
    256e:	8a 81       	ldd	r24, Y+2	; 0x02
    2570:	9b 81       	ldd	r25, Y+3	; 0x03
    2572:	4c 85       	ldd	r20, Y+12	; 0x0c
    2574:	b9 01       	movw	r22, r18
    2576:	0e 94 2f 14 	call	0x285e	; 0x285e <prvCopyDataToQueue>
    257a:	8d 81       	ldd	r24, Y+5	; 0x05
    257c:	8f 3f       	cpi	r24, 0xFF	; 255
    257e:	b9 f4       	brne	.+46     	; 0x25ae <xQueueGenericSendFromISR+0xfc>
    2580:	8a 81       	ldd	r24, Y+2	; 0x02
    2582:	9b 81       	ldd	r25, Y+3	; 0x03
    2584:	fc 01       	movw	r30, r24
    2586:	81 89       	ldd	r24, Z+17	; 0x11
    2588:	88 23       	and	r24, r24
    258a:	c1 f0       	breq	.+48     	; 0x25bc <xQueueGenericSendFromISR+0x10a>
    258c:	8a 81       	ldd	r24, Y+2	; 0x02
    258e:	9b 81       	ldd	r25, Y+3	; 0x03
    2590:	41 96       	adiw	r24, 0x11	; 17
    2592:	0e 94 01 1d 	call	0x3a02	; 0x3a02 <xTaskRemoveFromEventList>
    2596:	88 23       	and	r24, r24
    2598:	89 f0       	breq	.+34     	; 0x25bc <xQueueGenericSendFromISR+0x10a>
    259a:	8a 85       	ldd	r24, Y+10	; 0x0a
    259c:	9b 85       	ldd	r25, Y+11	; 0x0b
    259e:	89 2b       	or	r24, r25
    25a0:	69 f0       	breq	.+26     	; 0x25bc <xQueueGenericSendFromISR+0x10a>
    25a2:	8a 85       	ldd	r24, Y+10	; 0x0a
    25a4:	9b 85       	ldd	r25, Y+11	; 0x0b
    25a6:	21 e0       	ldi	r18, 0x01	; 1
    25a8:	fc 01       	movw	r30, r24
    25aa:	20 83       	st	Z, r18
    25ac:	07 c0       	rjmp	.+14     	; 0x25bc <xQueueGenericSendFromISR+0x10a>
    25ae:	8d 81       	ldd	r24, Y+5	; 0x05
    25b0:	8f 5f       	subi	r24, 0xFF	; 255
    25b2:	28 2f       	mov	r18, r24
    25b4:	8a 81       	ldd	r24, Y+2	; 0x02
    25b6:	9b 81       	ldd	r25, Y+3	; 0x03
    25b8:	fc 01       	movw	r30, r24
    25ba:	26 8f       	std	Z+30, r18	; 0x1e
    25bc:	81 e0       	ldi	r24, 0x01	; 1
    25be:	89 83       	std	Y+1, r24	; 0x01
    25c0:	01 c0       	rjmp	.+2      	; 0x25c4 <xQueueGenericSendFromISR+0x112>
    25c2:	19 82       	std	Y+1, r1	; 0x01
    25c4:	89 81       	ldd	r24, Y+1	; 0x01
    25c6:	2c 96       	adiw	r28, 0x0c	; 12
    25c8:	cd bf       	out	0x3d, r28	; 61
    25ca:	de bf       	out	0x3e, r29	; 62
    25cc:	df 91       	pop	r29
    25ce:	cf 91       	pop	r28
    25d0:	08 95       	ret

000025d2 <xQueueReceive>:
    25d2:	cf 93       	push	r28
    25d4:	df 93       	push	r29
    25d6:	cd b7       	in	r28, 0x3d	; 61
    25d8:	de b7       	in	r29, 0x3e	; 62
    25da:	2d 97       	sbiw	r28, 0x0d	; 13
    25dc:	cd bf       	out	0x3d, r28	; 61
    25de:	de bf       	out	0x3e, r29	; 62
    25e0:	88 87       	std	Y+8, r24	; 0x08
    25e2:	99 87       	std	Y+9, r25	; 0x09
    25e4:	6a 87       	std	Y+10, r22	; 0x0a
    25e6:	7b 87       	std	Y+11, r23	; 0x0b
    25e8:	4c 87       	std	Y+12, r20	; 0x0c
    25ea:	5d 87       	std	Y+13, r21	; 0x0d
    25ec:	19 82       	std	Y+1, r1	; 0x01
    25ee:	88 85       	ldd	r24, Y+8	; 0x08
    25f0:	99 85       	ldd	r25, Y+9	; 0x09
    25f2:	8a 83       	std	Y+2, r24	; 0x02
    25f4:	9b 83       	std	Y+3, r25	; 0x03
    25f6:	8a 81       	ldd	r24, Y+2	; 0x02
    25f8:	9b 81       	ldd	r25, Y+3	; 0x03
    25fa:	89 2b       	or	r24, r25
    25fc:	31 f4       	brne	.+12     	; 0x260a <xQueueReceive+0x38>
    25fe:	60 e0       	ldi	r22, 0x00	; 0
    2600:	75 e0       	ldi	r23, 0x05	; 5
    2602:	8b e1       	ldi	r24, 0x1B	; 27
    2604:	90 e2       	ldi	r25, 0x20	; 32
    2606:	0e 94 c9 24 	call	0x4992	; 0x4992 <vAssertCalled>
    260a:	8a 85       	ldd	r24, Y+10	; 0x0a
    260c:	9b 85       	ldd	r25, Y+11	; 0x0b
    260e:	89 2b       	or	r24, r25
    2610:	31 f4       	brne	.+12     	; 0x261e <xQueueReceive+0x4c>
    2612:	8a 81       	ldd	r24, Y+2	; 0x02
    2614:	9b 81       	ldd	r25, Y+3	; 0x03
    2616:	fc 01       	movw	r30, r24
    2618:	84 8d       	ldd	r24, Z+28	; 0x1c
    261a:	88 23       	and	r24, r24
    261c:	19 f4       	brne	.+6      	; 0x2624 <xQueueReceive+0x52>
    261e:	81 e0       	ldi	r24, 0x01	; 1
    2620:	90 e0       	ldi	r25, 0x00	; 0
    2622:	02 c0       	rjmp	.+4      	; 0x2628 <xQueueReceive+0x56>
    2624:	80 e0       	ldi	r24, 0x00	; 0
    2626:	90 e0       	ldi	r25, 0x00	; 0
    2628:	89 2b       	or	r24, r25
    262a:	31 f4       	brne	.+12     	; 0x2638 <xQueueReceive+0x66>
    262c:	64 e0       	ldi	r22, 0x04	; 4
    262e:	75 e0       	ldi	r23, 0x05	; 5
    2630:	8b e1       	ldi	r24, 0x1B	; 27
    2632:	90 e2       	ldi	r25, 0x20	; 32
    2634:	0e 94 c9 24 	call	0x4992	; 0x4992 <vAssertCalled>
    2638:	0f b6       	in	r0, 0x3f	; 63
    263a:	f8 94       	cli
    263c:	0f 92       	push	r0
    263e:	8a 81       	ldd	r24, Y+2	; 0x02
    2640:	9b 81       	ldd	r25, Y+3	; 0x03
    2642:	fc 01       	movw	r30, r24
    2644:	82 8d       	ldd	r24, Z+26	; 0x1a
    2646:	8c 83       	std	Y+4, r24	; 0x04
    2648:	8c 81       	ldd	r24, Y+4	; 0x04
    264a:	88 23       	and	r24, r24
    264c:	09 f1       	breq	.+66     	; 0x2690 <xQueueReceive+0xbe>
    264e:	2a 85       	ldd	r18, Y+10	; 0x0a
    2650:	3b 85       	ldd	r19, Y+11	; 0x0b
    2652:	8a 81       	ldd	r24, Y+2	; 0x02
    2654:	9b 81       	ldd	r25, Y+3	; 0x03
    2656:	b9 01       	movw	r22, r18
    2658:	0e 94 f9 14 	call	0x29f2	; 0x29f2 <prvCopyDataFromQueue>
    265c:	8c 81       	ldd	r24, Y+4	; 0x04
    265e:	2f ef       	ldi	r18, 0xFF	; 255
    2660:	28 0f       	add	r18, r24
    2662:	8a 81       	ldd	r24, Y+2	; 0x02
    2664:	9b 81       	ldd	r25, Y+3	; 0x03
    2666:	fc 01       	movw	r30, r24
    2668:	22 8f       	std	Z+26, r18	; 0x1a
    266a:	8a 81       	ldd	r24, Y+2	; 0x02
    266c:	9b 81       	ldd	r25, Y+3	; 0x03
    266e:	fc 01       	movw	r30, r24
    2670:	80 85       	ldd	r24, Z+8	; 0x08
    2672:	88 23       	and	r24, r24
    2674:	49 f0       	breq	.+18     	; 0x2688 <xQueueReceive+0xb6>
    2676:	8a 81       	ldd	r24, Y+2	; 0x02
    2678:	9b 81       	ldd	r25, Y+3	; 0x03
    267a:	08 96       	adiw	r24, 0x08	; 8
    267c:	0e 94 01 1d 	call	0x3a02	; 0x3a02 <xTaskRemoveFromEventList>
    2680:	88 23       	and	r24, r24
    2682:	11 f0       	breq	.+4      	; 0x2688 <xQueueReceive+0xb6>
    2684:	0e 94 b7 0e 	call	0x1d6e	; 0x1d6e <vPortYield>
    2688:	0f 90       	pop	r0
    268a:	0f be       	out	0x3f, r0	; 63
    268c:	81 e0       	ldi	r24, 0x01	; 1
    268e:	67 c0       	rjmp	.+206    	; 0x275e <xQueueReceive+0x18c>
    2690:	8c 85       	ldd	r24, Y+12	; 0x0c
    2692:	9d 85       	ldd	r25, Y+13	; 0x0d
    2694:	89 2b       	or	r24, r25
    2696:	21 f4       	brne	.+8      	; 0x26a0 <xQueueReceive+0xce>
    2698:	0f 90       	pop	r0
    269a:	0f be       	out	0x3f, r0	; 63
    269c:	80 e0       	ldi	r24, 0x00	; 0
    269e:	5f c0       	rjmp	.+190    	; 0x275e <xQueueReceive+0x18c>
    26a0:	89 81       	ldd	r24, Y+1	; 0x01
    26a2:	88 23       	and	r24, r24
    26a4:	31 f4       	brne	.+12     	; 0x26b2 <xQueueReceive+0xe0>
    26a6:	ce 01       	movw	r24, r28
    26a8:	05 96       	adiw	r24, 0x05	; 5
    26aa:	0e 94 76 1d 	call	0x3aec	; 0x3aec <vTaskInternalSetTimeOutState>
    26ae:	81 e0       	ldi	r24, 0x01	; 1
    26b0:	89 83       	std	Y+1, r24	; 0x01
    26b2:	0f 90       	pop	r0
    26b4:	0f be       	out	0x3f, r0	; 63
    26b6:	0e 94 15 19 	call	0x322a	; 0x322a <vTaskSuspendAll>
    26ba:	0f b6       	in	r0, 0x3f	; 63
    26bc:	f8 94       	cli
    26be:	0f 92       	push	r0
    26c0:	8a 81       	ldd	r24, Y+2	; 0x02
    26c2:	9b 81       	ldd	r25, Y+3	; 0x03
    26c4:	fc 01       	movw	r30, r24
    26c6:	85 8d       	ldd	r24, Z+29	; 0x1d
    26c8:	8f 3f       	cpi	r24, 0xFF	; 255
    26ca:	21 f4       	brne	.+8      	; 0x26d4 <xQueueReceive+0x102>
    26cc:	8a 81       	ldd	r24, Y+2	; 0x02
    26ce:	9b 81       	ldd	r25, Y+3	; 0x03
    26d0:	fc 01       	movw	r30, r24
    26d2:	15 8e       	std	Z+29, r1	; 0x1d
    26d4:	8a 81       	ldd	r24, Y+2	; 0x02
    26d6:	9b 81       	ldd	r25, Y+3	; 0x03
    26d8:	fc 01       	movw	r30, r24
    26da:	86 8d       	ldd	r24, Z+30	; 0x1e
    26dc:	8f 3f       	cpi	r24, 0xFF	; 255
    26de:	21 f4       	brne	.+8      	; 0x26e8 <xQueueReceive+0x116>
    26e0:	8a 81       	ldd	r24, Y+2	; 0x02
    26e2:	9b 81       	ldd	r25, Y+3	; 0x03
    26e4:	fc 01       	movw	r30, r24
    26e6:	16 8e       	std	Z+30, r1	; 0x1e
    26e8:	0f 90       	pop	r0
    26ea:	0f be       	out	0x3f, r0	; 63
    26ec:	9e 01       	movw	r18, r28
    26ee:	24 5f       	subi	r18, 0xF4	; 244
    26f0:	3f 4f       	sbci	r19, 0xFF	; 255
    26f2:	ce 01       	movw	r24, r28
    26f4:	05 96       	adiw	r24, 0x05	; 5
    26f6:	b9 01       	movw	r22, r18
    26f8:	0e 94 93 1d 	call	0x3b26	; 0x3b26 <xTaskCheckForTimeOut>
    26fc:	88 23       	and	r24, r24
    26fe:	09 f5       	brne	.+66     	; 0x2742 <xQueueReceive+0x170>
    2700:	8a 81       	ldd	r24, Y+2	; 0x02
    2702:	9b 81       	ldd	r25, Y+3	; 0x03
    2704:	0e 94 a6 15 	call	0x2b4c	; 0x2b4c <prvIsQueueEmpty>
    2708:	88 23       	and	r24, r24
    270a:	a1 f0       	breq	.+40     	; 0x2734 <xQueueReceive+0x162>
    270c:	2c 85       	ldd	r18, Y+12	; 0x0c
    270e:	3d 85       	ldd	r19, Y+13	; 0x0d
    2710:	8a 81       	ldd	r24, Y+2	; 0x02
    2712:	9b 81       	ldd	r25, Y+3	; 0x03
    2714:	41 96       	adiw	r24, 0x11	; 17
    2716:	b9 01       	movw	r22, r18
    2718:	0e 94 d5 1c 	call	0x39aa	; 0x39aa <vTaskPlaceOnEventList>
    271c:	8a 81       	ldd	r24, Y+2	; 0x02
    271e:	9b 81       	ldd	r25, Y+3	; 0x03
    2720:	0e 94 49 15 	call	0x2a92	; 0x2a92 <prvUnlockQueue>
    2724:	0e 94 22 19 	call	0x3244	; 0x3244 <xTaskResumeAll>
    2728:	88 23       	and	r24, r24
    272a:	09 f0       	breq	.+2      	; 0x272e <xQueueReceive+0x15c>
    272c:	85 cf       	rjmp	.-246    	; 0x2638 <xQueueReceive+0x66>
    272e:	0e 94 b7 0e 	call	0x1d6e	; 0x1d6e <vPortYield>
    2732:	82 cf       	rjmp	.-252    	; 0x2638 <xQueueReceive+0x66>
    2734:	8a 81       	ldd	r24, Y+2	; 0x02
    2736:	9b 81       	ldd	r25, Y+3	; 0x03
    2738:	0e 94 49 15 	call	0x2a92	; 0x2a92 <prvUnlockQueue>
    273c:	0e 94 22 19 	call	0x3244	; 0x3244 <xTaskResumeAll>
    2740:	7b cf       	rjmp	.-266    	; 0x2638 <xQueueReceive+0x66>
    2742:	8a 81       	ldd	r24, Y+2	; 0x02
    2744:	9b 81       	ldd	r25, Y+3	; 0x03
    2746:	0e 94 49 15 	call	0x2a92	; 0x2a92 <prvUnlockQueue>
    274a:	0e 94 22 19 	call	0x3244	; 0x3244 <xTaskResumeAll>
    274e:	8a 81       	ldd	r24, Y+2	; 0x02
    2750:	9b 81       	ldd	r25, Y+3	; 0x03
    2752:	0e 94 a6 15 	call	0x2b4c	; 0x2b4c <prvIsQueueEmpty>
    2756:	88 23       	and	r24, r24
    2758:	09 f4       	brne	.+2      	; 0x275c <xQueueReceive+0x18a>
    275a:	6e cf       	rjmp	.-292    	; 0x2638 <xQueueReceive+0x66>
    275c:	80 e0       	ldi	r24, 0x00	; 0
    275e:	2d 96       	adiw	r28, 0x0d	; 13
    2760:	cd bf       	out	0x3d, r28	; 61
    2762:	de bf       	out	0x3e, r29	; 62
    2764:	df 91       	pop	r29
    2766:	cf 91       	pop	r28
    2768:	08 95       	ret

0000276a <xQueueReceiveFromISR>:
    276a:	cf 93       	push	r28
    276c:	df 93       	push	r29
    276e:	cd b7       	in	r28, 0x3d	; 61
    2770:	de b7       	in	r29, 0x3e	; 62
    2772:	2c 97       	sbiw	r28, 0x0c	; 12
    2774:	cd bf       	out	0x3d, r28	; 61
    2776:	de bf       	out	0x3e, r29	; 62
    2778:	8f 83       	std	Y+7, r24	; 0x07
    277a:	98 87       	std	Y+8, r25	; 0x08
    277c:	69 87       	std	Y+9, r22	; 0x09
    277e:	7a 87       	std	Y+10, r23	; 0x0a
    2780:	4b 87       	std	Y+11, r20	; 0x0b
    2782:	5c 87       	std	Y+12, r21	; 0x0c
    2784:	8f 81       	ldd	r24, Y+7	; 0x07
    2786:	98 85       	ldd	r25, Y+8	; 0x08
    2788:	8a 83       	std	Y+2, r24	; 0x02
    278a:	9b 83       	std	Y+3, r25	; 0x03
    278c:	8a 81       	ldd	r24, Y+2	; 0x02
    278e:	9b 81       	ldd	r25, Y+3	; 0x03
    2790:	89 2b       	or	r24, r25
    2792:	31 f4       	brne	.+12     	; 0x27a0 <xQueueReceiveFromISR+0x36>
    2794:	6b ef       	ldi	r22, 0xFB	; 251
    2796:	76 e0       	ldi	r23, 0x06	; 6
    2798:	8b e1       	ldi	r24, 0x1B	; 27
    279a:	90 e2       	ldi	r25, 0x20	; 32
    279c:	0e 94 c9 24 	call	0x4992	; 0x4992 <vAssertCalled>
    27a0:	89 85       	ldd	r24, Y+9	; 0x09
    27a2:	9a 85       	ldd	r25, Y+10	; 0x0a
    27a4:	89 2b       	or	r24, r25
    27a6:	31 f4       	brne	.+12     	; 0x27b4 <xQueueReceiveFromISR+0x4a>
    27a8:	8a 81       	ldd	r24, Y+2	; 0x02
    27aa:	9b 81       	ldd	r25, Y+3	; 0x03
    27ac:	fc 01       	movw	r30, r24
    27ae:	84 8d       	ldd	r24, Z+28	; 0x1c
    27b0:	88 23       	and	r24, r24
    27b2:	19 f4       	brne	.+6      	; 0x27ba <xQueueReceiveFromISR+0x50>
    27b4:	81 e0       	ldi	r24, 0x01	; 1
    27b6:	90 e0       	ldi	r25, 0x00	; 0
    27b8:	02 c0       	rjmp	.+4      	; 0x27be <xQueueReceiveFromISR+0x54>
    27ba:	80 e0       	ldi	r24, 0x00	; 0
    27bc:	90 e0       	ldi	r25, 0x00	; 0
    27be:	89 2b       	or	r24, r25
    27c0:	31 f4       	brne	.+12     	; 0x27ce <xQueueReceiveFromISR+0x64>
    27c2:	6c ef       	ldi	r22, 0xFC	; 252
    27c4:	76 e0       	ldi	r23, 0x06	; 6
    27c6:	8b e1       	ldi	r24, 0x1B	; 27
    27c8:	90 e2       	ldi	r25, 0x20	; 32
    27ca:	0e 94 c9 24 	call	0x4992	; 0x4992 <vAssertCalled>
    27ce:	1c 82       	std	Y+4, r1	; 0x04
    27d0:	8a 81       	ldd	r24, Y+2	; 0x02
    27d2:	9b 81       	ldd	r25, Y+3	; 0x03
    27d4:	fc 01       	movw	r30, r24
    27d6:	82 8d       	ldd	r24, Z+26	; 0x1a
    27d8:	8d 83       	std	Y+5, r24	; 0x05
    27da:	8d 81       	ldd	r24, Y+5	; 0x05
    27dc:	88 23       	and	r24, r24
    27de:	b9 f1       	breq	.+110    	; 0x284e <xQueueReceiveFromISR+0xe4>
    27e0:	8a 81       	ldd	r24, Y+2	; 0x02
    27e2:	9b 81       	ldd	r25, Y+3	; 0x03
    27e4:	fc 01       	movw	r30, r24
    27e6:	85 8d       	ldd	r24, Z+29	; 0x1d
    27e8:	8e 83       	std	Y+6, r24	; 0x06
    27ea:	29 85       	ldd	r18, Y+9	; 0x09
    27ec:	3a 85       	ldd	r19, Y+10	; 0x0a
    27ee:	8a 81       	ldd	r24, Y+2	; 0x02
    27f0:	9b 81       	ldd	r25, Y+3	; 0x03
    27f2:	b9 01       	movw	r22, r18
    27f4:	0e 94 f9 14 	call	0x29f2	; 0x29f2 <prvCopyDataFromQueue>
    27f8:	8d 81       	ldd	r24, Y+5	; 0x05
    27fa:	2f ef       	ldi	r18, 0xFF	; 255
    27fc:	28 0f       	add	r18, r24
    27fe:	8a 81       	ldd	r24, Y+2	; 0x02
    2800:	9b 81       	ldd	r25, Y+3	; 0x03
    2802:	fc 01       	movw	r30, r24
    2804:	22 8f       	std	Z+26, r18	; 0x1a
    2806:	8e 81       	ldd	r24, Y+6	; 0x06
    2808:	8f 3f       	cpi	r24, 0xFF	; 255
    280a:	b9 f4       	brne	.+46     	; 0x283a <xQueueReceiveFromISR+0xd0>
    280c:	8a 81       	ldd	r24, Y+2	; 0x02
    280e:	9b 81       	ldd	r25, Y+3	; 0x03
    2810:	fc 01       	movw	r30, r24
    2812:	80 85       	ldd	r24, Z+8	; 0x08
    2814:	88 23       	and	r24, r24
    2816:	c1 f0       	breq	.+48     	; 0x2848 <xQueueReceiveFromISR+0xde>
    2818:	8a 81       	ldd	r24, Y+2	; 0x02
    281a:	9b 81       	ldd	r25, Y+3	; 0x03
    281c:	08 96       	adiw	r24, 0x08	; 8
    281e:	0e 94 01 1d 	call	0x3a02	; 0x3a02 <xTaskRemoveFromEventList>
    2822:	88 23       	and	r24, r24
    2824:	89 f0       	breq	.+34     	; 0x2848 <xQueueReceiveFromISR+0xde>
    2826:	8b 85       	ldd	r24, Y+11	; 0x0b
    2828:	9c 85       	ldd	r25, Y+12	; 0x0c
    282a:	89 2b       	or	r24, r25
    282c:	69 f0       	breq	.+26     	; 0x2848 <xQueueReceiveFromISR+0xde>
    282e:	8b 85       	ldd	r24, Y+11	; 0x0b
    2830:	9c 85       	ldd	r25, Y+12	; 0x0c
    2832:	21 e0       	ldi	r18, 0x01	; 1
    2834:	fc 01       	movw	r30, r24
    2836:	20 83       	st	Z, r18
    2838:	07 c0       	rjmp	.+14     	; 0x2848 <xQueueReceiveFromISR+0xde>
    283a:	8e 81       	ldd	r24, Y+6	; 0x06
    283c:	8f 5f       	subi	r24, 0xFF	; 255
    283e:	28 2f       	mov	r18, r24
    2840:	8a 81       	ldd	r24, Y+2	; 0x02
    2842:	9b 81       	ldd	r25, Y+3	; 0x03
    2844:	fc 01       	movw	r30, r24
    2846:	25 8f       	std	Z+29, r18	; 0x1d
    2848:	81 e0       	ldi	r24, 0x01	; 1
    284a:	89 83       	std	Y+1, r24	; 0x01
    284c:	01 c0       	rjmp	.+2      	; 0x2850 <xQueueReceiveFromISR+0xe6>
    284e:	19 82       	std	Y+1, r1	; 0x01
    2850:	89 81       	ldd	r24, Y+1	; 0x01
    2852:	2c 96       	adiw	r28, 0x0c	; 12
    2854:	cd bf       	out	0x3d, r28	; 61
    2856:	de bf       	out	0x3e, r29	; 62
    2858:	df 91       	pop	r29
    285a:	cf 91       	pop	r28
    285c:	08 95       	ret

0000285e <prvCopyDataToQueue>:
    285e:	cf 93       	push	r28
    2860:	df 93       	push	r29
    2862:	cd b7       	in	r28, 0x3d	; 61
    2864:	de b7       	in	r29, 0x3e	; 62
    2866:	27 97       	sbiw	r28, 0x07	; 7
    2868:	cd bf       	out	0x3d, r28	; 61
    286a:	de bf       	out	0x3e, r29	; 62
    286c:	8b 83       	std	Y+3, r24	; 0x03
    286e:	9c 83       	std	Y+4, r25	; 0x04
    2870:	6d 83       	std	Y+5, r22	; 0x05
    2872:	7e 83       	std	Y+6, r23	; 0x06
    2874:	4f 83       	std	Y+7, r20	; 0x07
    2876:	19 82       	std	Y+1, r1	; 0x01
    2878:	8b 81       	ldd	r24, Y+3	; 0x03
    287a:	9c 81       	ldd	r25, Y+4	; 0x04
    287c:	fc 01       	movw	r30, r24
    287e:	82 8d       	ldd	r24, Z+26	; 0x1a
    2880:	8a 83       	std	Y+2, r24	; 0x02
    2882:	8b 81       	ldd	r24, Y+3	; 0x03
    2884:	9c 81       	ldd	r25, Y+4	; 0x04
    2886:	fc 01       	movw	r30, r24
    2888:	84 8d       	ldd	r24, Z+28	; 0x1c
    288a:	88 23       	and	r24, r24
    288c:	b1 f4       	brne	.+44     	; 0x28ba <prvCopyDataToQueue+0x5c>
    288e:	8b 81       	ldd	r24, Y+3	; 0x03
    2890:	9c 81       	ldd	r25, Y+4	; 0x04
    2892:	fc 01       	movw	r30, r24
    2894:	80 81       	ld	r24, Z
    2896:	91 81       	ldd	r25, Z+1	; 0x01
    2898:	89 2b       	or	r24, r25
    289a:	09 f0       	breq	.+2      	; 0x289e <prvCopyDataToQueue+0x40>
    289c:	9c c0       	rjmp	.+312    	; 0x29d6 <prvCopyDataToQueue+0x178>
    289e:	8b 81       	ldd	r24, Y+3	; 0x03
    28a0:	9c 81       	ldd	r25, Y+4	; 0x04
    28a2:	fc 01       	movw	r30, r24
    28a4:	84 81       	ldd	r24, Z+4	; 0x04
    28a6:	95 81       	ldd	r25, Z+5	; 0x05
    28a8:	0e 94 65 20 	call	0x40ca	; 0x40ca <xTaskPriorityDisinherit>
    28ac:	89 83       	std	Y+1, r24	; 0x01
    28ae:	8b 81       	ldd	r24, Y+3	; 0x03
    28b0:	9c 81       	ldd	r25, Y+4	; 0x04
    28b2:	fc 01       	movw	r30, r24
    28b4:	14 82       	std	Z+4, r1	; 0x04
    28b6:	15 82       	std	Z+5, r1	; 0x05
    28b8:	8e c0       	rjmp	.+284    	; 0x29d6 <prvCopyDataToQueue+0x178>
    28ba:	8f 81       	ldd	r24, Y+7	; 0x07
    28bc:	88 23       	and	r24, r24
    28be:	d9 f5       	brne	.+118    	; 0x2936 <prvCopyDataToQueue+0xd8>
    28c0:	8b 81       	ldd	r24, Y+3	; 0x03
    28c2:	9c 81       	ldd	r25, Y+4	; 0x04
    28c4:	fc 01       	movw	r30, r24
    28c6:	84 8d       	ldd	r24, Z+28	; 0x1c
    28c8:	48 2f       	mov	r20, r24
    28ca:	50 e0       	ldi	r21, 0x00	; 0
    28cc:	8b 81       	ldd	r24, Y+3	; 0x03
    28ce:	9c 81       	ldd	r25, Y+4	; 0x04
    28d0:	fc 01       	movw	r30, r24
    28d2:	82 81       	ldd	r24, Z+2	; 0x02
    28d4:	93 81       	ldd	r25, Z+3	; 0x03
    28d6:	2d 81       	ldd	r18, Y+5	; 0x05
    28d8:	3e 81       	ldd	r19, Y+6	; 0x06
    28da:	b9 01       	movw	r22, r18
    28dc:	0e 94 2c 31 	call	0x6258	; 0x6258 <memcpy>
    28e0:	8b 81       	ldd	r24, Y+3	; 0x03
    28e2:	9c 81       	ldd	r25, Y+4	; 0x04
    28e4:	fc 01       	movw	r30, r24
    28e6:	22 81       	ldd	r18, Z+2	; 0x02
    28e8:	33 81       	ldd	r19, Z+3	; 0x03
    28ea:	8b 81       	ldd	r24, Y+3	; 0x03
    28ec:	9c 81       	ldd	r25, Y+4	; 0x04
    28ee:	fc 01       	movw	r30, r24
    28f0:	84 8d       	ldd	r24, Z+28	; 0x1c
    28f2:	88 2f       	mov	r24, r24
    28f4:	90 e0       	ldi	r25, 0x00	; 0
    28f6:	28 0f       	add	r18, r24
    28f8:	39 1f       	adc	r19, r25
    28fa:	8b 81       	ldd	r24, Y+3	; 0x03
    28fc:	9c 81       	ldd	r25, Y+4	; 0x04
    28fe:	fc 01       	movw	r30, r24
    2900:	22 83       	std	Z+2, r18	; 0x02
    2902:	33 83       	std	Z+3, r19	; 0x03
    2904:	8b 81       	ldd	r24, Y+3	; 0x03
    2906:	9c 81       	ldd	r25, Y+4	; 0x04
    2908:	fc 01       	movw	r30, r24
    290a:	22 81       	ldd	r18, Z+2	; 0x02
    290c:	33 81       	ldd	r19, Z+3	; 0x03
    290e:	8b 81       	ldd	r24, Y+3	; 0x03
    2910:	9c 81       	ldd	r25, Y+4	; 0x04
    2912:	fc 01       	movw	r30, r24
    2914:	84 81       	ldd	r24, Z+4	; 0x04
    2916:	95 81       	ldd	r25, Z+5	; 0x05
    2918:	28 17       	cp	r18, r24
    291a:	39 07       	cpc	r19, r25
    291c:	08 f4       	brcc	.+2      	; 0x2920 <prvCopyDataToQueue+0xc2>
    291e:	5b c0       	rjmp	.+182    	; 0x29d6 <prvCopyDataToQueue+0x178>
    2920:	8b 81       	ldd	r24, Y+3	; 0x03
    2922:	9c 81       	ldd	r25, Y+4	; 0x04
    2924:	fc 01       	movw	r30, r24
    2926:	20 81       	ld	r18, Z
    2928:	31 81       	ldd	r19, Z+1	; 0x01
    292a:	8b 81       	ldd	r24, Y+3	; 0x03
    292c:	9c 81       	ldd	r25, Y+4	; 0x04
    292e:	fc 01       	movw	r30, r24
    2930:	22 83       	std	Z+2, r18	; 0x02
    2932:	33 83       	std	Z+3, r19	; 0x03
    2934:	50 c0       	rjmp	.+160    	; 0x29d6 <prvCopyDataToQueue+0x178>
    2936:	8b 81       	ldd	r24, Y+3	; 0x03
    2938:	9c 81       	ldd	r25, Y+4	; 0x04
    293a:	fc 01       	movw	r30, r24
    293c:	84 8d       	ldd	r24, Z+28	; 0x1c
    293e:	48 2f       	mov	r20, r24
    2940:	50 e0       	ldi	r21, 0x00	; 0
    2942:	8b 81       	ldd	r24, Y+3	; 0x03
    2944:	9c 81       	ldd	r25, Y+4	; 0x04
    2946:	fc 01       	movw	r30, r24
    2948:	86 81       	ldd	r24, Z+6	; 0x06
    294a:	97 81       	ldd	r25, Z+7	; 0x07
    294c:	2d 81       	ldd	r18, Y+5	; 0x05
    294e:	3e 81       	ldd	r19, Y+6	; 0x06
    2950:	b9 01       	movw	r22, r18
    2952:	0e 94 2c 31 	call	0x6258	; 0x6258 <memcpy>
    2956:	8b 81       	ldd	r24, Y+3	; 0x03
    2958:	9c 81       	ldd	r25, Y+4	; 0x04
    295a:	fc 01       	movw	r30, r24
    295c:	26 81       	ldd	r18, Z+6	; 0x06
    295e:	37 81       	ldd	r19, Z+7	; 0x07
    2960:	8b 81       	ldd	r24, Y+3	; 0x03
    2962:	9c 81       	ldd	r25, Y+4	; 0x04
    2964:	fc 01       	movw	r30, r24
    2966:	84 8d       	ldd	r24, Z+28	; 0x1c
    2968:	88 2f       	mov	r24, r24
    296a:	90 e0       	ldi	r25, 0x00	; 0
    296c:	91 95       	neg	r25
    296e:	81 95       	neg	r24
    2970:	91 09       	sbc	r25, r1
    2972:	28 0f       	add	r18, r24
    2974:	39 1f       	adc	r19, r25
    2976:	8b 81       	ldd	r24, Y+3	; 0x03
    2978:	9c 81       	ldd	r25, Y+4	; 0x04
    297a:	fc 01       	movw	r30, r24
    297c:	26 83       	std	Z+6, r18	; 0x06
    297e:	37 83       	std	Z+7, r19	; 0x07
    2980:	8b 81       	ldd	r24, Y+3	; 0x03
    2982:	9c 81       	ldd	r25, Y+4	; 0x04
    2984:	fc 01       	movw	r30, r24
    2986:	26 81       	ldd	r18, Z+6	; 0x06
    2988:	37 81       	ldd	r19, Z+7	; 0x07
    298a:	8b 81       	ldd	r24, Y+3	; 0x03
    298c:	9c 81       	ldd	r25, Y+4	; 0x04
    298e:	fc 01       	movw	r30, r24
    2990:	80 81       	ld	r24, Z
    2992:	91 81       	ldd	r25, Z+1	; 0x01
    2994:	28 17       	cp	r18, r24
    2996:	39 07       	cpc	r19, r25
    2998:	a8 f4       	brcc	.+42     	; 0x29c4 <prvCopyDataToQueue+0x166>
    299a:	8b 81       	ldd	r24, Y+3	; 0x03
    299c:	9c 81       	ldd	r25, Y+4	; 0x04
    299e:	fc 01       	movw	r30, r24
    29a0:	24 81       	ldd	r18, Z+4	; 0x04
    29a2:	35 81       	ldd	r19, Z+5	; 0x05
    29a4:	8b 81       	ldd	r24, Y+3	; 0x03
    29a6:	9c 81       	ldd	r25, Y+4	; 0x04
    29a8:	fc 01       	movw	r30, r24
    29aa:	84 8d       	ldd	r24, Z+28	; 0x1c
    29ac:	88 2f       	mov	r24, r24
    29ae:	90 e0       	ldi	r25, 0x00	; 0
    29b0:	91 95       	neg	r25
    29b2:	81 95       	neg	r24
    29b4:	91 09       	sbc	r25, r1
    29b6:	28 0f       	add	r18, r24
    29b8:	39 1f       	adc	r19, r25
    29ba:	8b 81       	ldd	r24, Y+3	; 0x03
    29bc:	9c 81       	ldd	r25, Y+4	; 0x04
    29be:	fc 01       	movw	r30, r24
    29c0:	26 83       	std	Z+6, r18	; 0x06
    29c2:	37 83       	std	Z+7, r19	; 0x07
    29c4:	8f 81       	ldd	r24, Y+7	; 0x07
    29c6:	82 30       	cpi	r24, 0x02	; 2
    29c8:	31 f4       	brne	.+12     	; 0x29d6 <prvCopyDataToQueue+0x178>
    29ca:	8a 81       	ldd	r24, Y+2	; 0x02
    29cc:	88 23       	and	r24, r24
    29ce:	19 f0       	breq	.+6      	; 0x29d6 <prvCopyDataToQueue+0x178>
    29d0:	8a 81       	ldd	r24, Y+2	; 0x02
    29d2:	81 50       	subi	r24, 0x01	; 1
    29d4:	8a 83       	std	Y+2, r24	; 0x02
    29d6:	8a 81       	ldd	r24, Y+2	; 0x02
    29d8:	21 e0       	ldi	r18, 0x01	; 1
    29da:	28 0f       	add	r18, r24
    29dc:	8b 81       	ldd	r24, Y+3	; 0x03
    29de:	9c 81       	ldd	r25, Y+4	; 0x04
    29e0:	fc 01       	movw	r30, r24
    29e2:	22 8f       	std	Z+26, r18	; 0x1a
    29e4:	89 81       	ldd	r24, Y+1	; 0x01
    29e6:	27 96       	adiw	r28, 0x07	; 7
    29e8:	cd bf       	out	0x3d, r28	; 61
    29ea:	de bf       	out	0x3e, r29	; 62
    29ec:	df 91       	pop	r29
    29ee:	cf 91       	pop	r28
    29f0:	08 95       	ret

000029f2 <prvCopyDataFromQueue>:
    29f2:	cf 93       	push	r28
    29f4:	df 93       	push	r29
    29f6:	00 d0       	rcall	.+0      	; 0x29f8 <prvCopyDataFromQueue+0x6>
    29f8:	1f 92       	push	r1
    29fa:	cd b7       	in	r28, 0x3d	; 61
    29fc:	de b7       	in	r29, 0x3e	; 62
    29fe:	89 83       	std	Y+1, r24	; 0x01
    2a00:	9a 83       	std	Y+2, r25	; 0x02
    2a02:	6b 83       	std	Y+3, r22	; 0x03
    2a04:	7c 83       	std	Y+4, r23	; 0x04
    2a06:	89 81       	ldd	r24, Y+1	; 0x01
    2a08:	9a 81       	ldd	r25, Y+2	; 0x02
    2a0a:	fc 01       	movw	r30, r24
    2a0c:	84 8d       	ldd	r24, Z+28	; 0x1c
    2a0e:	88 23       	and	r24, r24
    2a10:	c9 f1       	breq	.+114    	; 0x2a84 <prvCopyDataFromQueue+0x92>
    2a12:	89 81       	ldd	r24, Y+1	; 0x01
    2a14:	9a 81       	ldd	r25, Y+2	; 0x02
    2a16:	fc 01       	movw	r30, r24
    2a18:	26 81       	ldd	r18, Z+6	; 0x06
    2a1a:	37 81       	ldd	r19, Z+7	; 0x07
    2a1c:	89 81       	ldd	r24, Y+1	; 0x01
    2a1e:	9a 81       	ldd	r25, Y+2	; 0x02
    2a20:	fc 01       	movw	r30, r24
    2a22:	84 8d       	ldd	r24, Z+28	; 0x1c
    2a24:	88 2f       	mov	r24, r24
    2a26:	90 e0       	ldi	r25, 0x00	; 0
    2a28:	28 0f       	add	r18, r24
    2a2a:	39 1f       	adc	r19, r25
    2a2c:	89 81       	ldd	r24, Y+1	; 0x01
    2a2e:	9a 81       	ldd	r25, Y+2	; 0x02
    2a30:	fc 01       	movw	r30, r24
    2a32:	26 83       	std	Z+6, r18	; 0x06
    2a34:	37 83       	std	Z+7, r19	; 0x07
    2a36:	89 81       	ldd	r24, Y+1	; 0x01
    2a38:	9a 81       	ldd	r25, Y+2	; 0x02
    2a3a:	fc 01       	movw	r30, r24
    2a3c:	26 81       	ldd	r18, Z+6	; 0x06
    2a3e:	37 81       	ldd	r19, Z+7	; 0x07
    2a40:	89 81       	ldd	r24, Y+1	; 0x01
    2a42:	9a 81       	ldd	r25, Y+2	; 0x02
    2a44:	fc 01       	movw	r30, r24
    2a46:	84 81       	ldd	r24, Z+4	; 0x04
    2a48:	95 81       	ldd	r25, Z+5	; 0x05
    2a4a:	28 17       	cp	r18, r24
    2a4c:	39 07       	cpc	r19, r25
    2a4e:	50 f0       	brcs	.+20     	; 0x2a64 <prvCopyDataFromQueue+0x72>
    2a50:	89 81       	ldd	r24, Y+1	; 0x01
    2a52:	9a 81       	ldd	r25, Y+2	; 0x02
    2a54:	fc 01       	movw	r30, r24
    2a56:	20 81       	ld	r18, Z
    2a58:	31 81       	ldd	r19, Z+1	; 0x01
    2a5a:	89 81       	ldd	r24, Y+1	; 0x01
    2a5c:	9a 81       	ldd	r25, Y+2	; 0x02
    2a5e:	fc 01       	movw	r30, r24
    2a60:	26 83       	std	Z+6, r18	; 0x06
    2a62:	37 83       	std	Z+7, r19	; 0x07
    2a64:	89 81       	ldd	r24, Y+1	; 0x01
    2a66:	9a 81       	ldd	r25, Y+2	; 0x02
    2a68:	fc 01       	movw	r30, r24
    2a6a:	84 8d       	ldd	r24, Z+28	; 0x1c
    2a6c:	48 2f       	mov	r20, r24
    2a6e:	50 e0       	ldi	r21, 0x00	; 0
    2a70:	89 81       	ldd	r24, Y+1	; 0x01
    2a72:	9a 81       	ldd	r25, Y+2	; 0x02
    2a74:	fc 01       	movw	r30, r24
    2a76:	26 81       	ldd	r18, Z+6	; 0x06
    2a78:	37 81       	ldd	r19, Z+7	; 0x07
    2a7a:	8b 81       	ldd	r24, Y+3	; 0x03
    2a7c:	9c 81       	ldd	r25, Y+4	; 0x04
    2a7e:	b9 01       	movw	r22, r18
    2a80:	0e 94 2c 31 	call	0x6258	; 0x6258 <memcpy>
    2a84:	00 00       	nop
    2a86:	24 96       	adiw	r28, 0x04	; 4
    2a88:	cd bf       	out	0x3d, r28	; 61
    2a8a:	de bf       	out	0x3e, r29	; 62
    2a8c:	df 91       	pop	r29
    2a8e:	cf 91       	pop	r28
    2a90:	08 95       	ret

00002a92 <prvUnlockQueue>:
    2a92:	cf 93       	push	r28
    2a94:	df 93       	push	r29
    2a96:	00 d0       	rcall	.+0      	; 0x2a98 <prvUnlockQueue+0x6>
    2a98:	1f 92       	push	r1
    2a9a:	cd b7       	in	r28, 0x3d	; 61
    2a9c:	de b7       	in	r29, 0x3e	; 62
    2a9e:	8b 83       	std	Y+3, r24	; 0x03
    2aa0:	9c 83       	std	Y+4, r25	; 0x04
    2aa2:	0f b6       	in	r0, 0x3f	; 63
    2aa4:	f8 94       	cli
    2aa6:	0f 92       	push	r0
    2aa8:	8b 81       	ldd	r24, Y+3	; 0x03
    2aaa:	9c 81       	ldd	r25, Y+4	; 0x04
    2aac:	fc 01       	movw	r30, r24
    2aae:	86 8d       	ldd	r24, Z+30	; 0x1e
    2ab0:	89 83       	std	Y+1, r24	; 0x01
    2ab2:	12 c0       	rjmp	.+36     	; 0x2ad8 <prvUnlockQueue+0x46>
    2ab4:	8b 81       	ldd	r24, Y+3	; 0x03
    2ab6:	9c 81       	ldd	r25, Y+4	; 0x04
    2ab8:	fc 01       	movw	r30, r24
    2aba:	81 89       	ldd	r24, Z+17	; 0x11
    2abc:	88 23       	and	r24, r24
    2abe:	81 f0       	breq	.+32     	; 0x2ae0 <prvUnlockQueue+0x4e>
    2ac0:	8b 81       	ldd	r24, Y+3	; 0x03
    2ac2:	9c 81       	ldd	r25, Y+4	; 0x04
    2ac4:	41 96       	adiw	r24, 0x11	; 17
    2ac6:	0e 94 01 1d 	call	0x3a02	; 0x3a02 <xTaskRemoveFromEventList>
    2aca:	88 23       	and	r24, r24
    2acc:	11 f0       	breq	.+4      	; 0x2ad2 <prvUnlockQueue+0x40>
    2ace:	0e 94 14 1e 	call	0x3c28	; 0x3c28 <vTaskMissedYield>
    2ad2:	89 81       	ldd	r24, Y+1	; 0x01
    2ad4:	81 50       	subi	r24, 0x01	; 1
    2ad6:	89 83       	std	Y+1, r24	; 0x01
    2ad8:	89 81       	ldd	r24, Y+1	; 0x01
    2ada:	18 16       	cp	r1, r24
    2adc:	5c f3       	brlt	.-42     	; 0x2ab4 <prvUnlockQueue+0x22>
    2ade:	01 c0       	rjmp	.+2      	; 0x2ae2 <prvUnlockQueue+0x50>
    2ae0:	00 00       	nop
    2ae2:	8b 81       	ldd	r24, Y+3	; 0x03
    2ae4:	9c 81       	ldd	r25, Y+4	; 0x04
    2ae6:	2f ef       	ldi	r18, 0xFF	; 255
    2ae8:	fc 01       	movw	r30, r24
    2aea:	26 8f       	std	Z+30, r18	; 0x1e
    2aec:	0f 90       	pop	r0
    2aee:	0f be       	out	0x3f, r0	; 63
    2af0:	0f b6       	in	r0, 0x3f	; 63
    2af2:	f8 94       	cli
    2af4:	0f 92       	push	r0
    2af6:	8b 81       	ldd	r24, Y+3	; 0x03
    2af8:	9c 81       	ldd	r25, Y+4	; 0x04
    2afa:	fc 01       	movw	r30, r24
    2afc:	85 8d       	ldd	r24, Z+29	; 0x1d
    2afe:	8a 83       	std	Y+2, r24	; 0x02
    2b00:	12 c0       	rjmp	.+36     	; 0x2b26 <prvUnlockQueue+0x94>
    2b02:	8b 81       	ldd	r24, Y+3	; 0x03
    2b04:	9c 81       	ldd	r25, Y+4	; 0x04
    2b06:	fc 01       	movw	r30, r24
    2b08:	80 85       	ldd	r24, Z+8	; 0x08
    2b0a:	88 23       	and	r24, r24
    2b0c:	81 f0       	breq	.+32     	; 0x2b2e <prvUnlockQueue+0x9c>
    2b0e:	8b 81       	ldd	r24, Y+3	; 0x03
    2b10:	9c 81       	ldd	r25, Y+4	; 0x04
    2b12:	08 96       	adiw	r24, 0x08	; 8
    2b14:	0e 94 01 1d 	call	0x3a02	; 0x3a02 <xTaskRemoveFromEventList>
    2b18:	88 23       	and	r24, r24
    2b1a:	11 f0       	breq	.+4      	; 0x2b20 <prvUnlockQueue+0x8e>
    2b1c:	0e 94 14 1e 	call	0x3c28	; 0x3c28 <vTaskMissedYield>
    2b20:	8a 81       	ldd	r24, Y+2	; 0x02
    2b22:	81 50       	subi	r24, 0x01	; 1
    2b24:	8a 83       	std	Y+2, r24	; 0x02
    2b26:	8a 81       	ldd	r24, Y+2	; 0x02
    2b28:	18 16       	cp	r1, r24
    2b2a:	5c f3       	brlt	.-42     	; 0x2b02 <prvUnlockQueue+0x70>
    2b2c:	01 c0       	rjmp	.+2      	; 0x2b30 <prvUnlockQueue+0x9e>
    2b2e:	00 00       	nop
    2b30:	8b 81       	ldd	r24, Y+3	; 0x03
    2b32:	9c 81       	ldd	r25, Y+4	; 0x04
    2b34:	2f ef       	ldi	r18, 0xFF	; 255
    2b36:	fc 01       	movw	r30, r24
    2b38:	25 8f       	std	Z+29, r18	; 0x1d
    2b3a:	0f 90       	pop	r0
    2b3c:	0f be       	out	0x3f, r0	; 63
    2b3e:	00 00       	nop
    2b40:	24 96       	adiw	r28, 0x04	; 4
    2b42:	cd bf       	out	0x3d, r28	; 61
    2b44:	de bf       	out	0x3e, r29	; 62
    2b46:	df 91       	pop	r29
    2b48:	cf 91       	pop	r28
    2b4a:	08 95       	ret

00002b4c <prvIsQueueEmpty>:
    2b4c:	cf 93       	push	r28
    2b4e:	df 93       	push	r29
    2b50:	00 d0       	rcall	.+0      	; 0x2b52 <prvIsQueueEmpty+0x6>
    2b52:	cd b7       	in	r28, 0x3d	; 61
    2b54:	de b7       	in	r29, 0x3e	; 62
    2b56:	8a 83       	std	Y+2, r24	; 0x02
    2b58:	9b 83       	std	Y+3, r25	; 0x03
    2b5a:	0f b6       	in	r0, 0x3f	; 63
    2b5c:	f8 94       	cli
    2b5e:	0f 92       	push	r0
    2b60:	8a 81       	ldd	r24, Y+2	; 0x02
    2b62:	9b 81       	ldd	r25, Y+3	; 0x03
    2b64:	fc 01       	movw	r30, r24
    2b66:	82 8d       	ldd	r24, Z+26	; 0x1a
    2b68:	88 23       	and	r24, r24
    2b6a:	19 f4       	brne	.+6      	; 0x2b72 <prvIsQueueEmpty+0x26>
    2b6c:	81 e0       	ldi	r24, 0x01	; 1
    2b6e:	89 83       	std	Y+1, r24	; 0x01
    2b70:	01 c0       	rjmp	.+2      	; 0x2b74 <prvIsQueueEmpty+0x28>
    2b72:	19 82       	std	Y+1, r1	; 0x01
    2b74:	0f 90       	pop	r0
    2b76:	0f be       	out	0x3f, r0	; 63
    2b78:	89 81       	ldd	r24, Y+1	; 0x01
    2b7a:	23 96       	adiw	r28, 0x03	; 3
    2b7c:	cd bf       	out	0x3d, r28	; 61
    2b7e:	de bf       	out	0x3e, r29	; 62
    2b80:	df 91       	pop	r29
    2b82:	cf 91       	pop	r28
    2b84:	08 95       	ret

00002b86 <prvIsQueueFull>:
/*-----------------------------------------------------------*/

static BaseType_t prvIsQueueFull( const Queue_t *pxQueue )
{
    2b86:	cf 93       	push	r28
    2b88:	df 93       	push	r29
    2b8a:	00 d0       	rcall	.+0      	; 0x2b8c <prvIsQueueFull+0x6>
    2b8c:	cd b7       	in	r28, 0x3d	; 61
    2b8e:	de b7       	in	r29, 0x3e	; 62
    2b90:	8a 83       	std	Y+2, r24	; 0x02
    2b92:	9b 83       	std	Y+3, r25	; 0x03
BaseType_t xReturn;

	taskENTER_CRITICAL();
    2b94:	0f b6       	in	r0, 0x3f	; 63
    2b96:	f8 94       	cli
    2b98:	0f 92       	push	r0
	{
		if( pxQueue->uxMessagesWaiting == pxQueue->uxLength )
    2b9a:	8a 81       	ldd	r24, Y+2	; 0x02
    2b9c:	9b 81       	ldd	r25, Y+3	; 0x03
    2b9e:	fc 01       	movw	r30, r24
    2ba0:	22 8d       	ldd	r18, Z+26	; 0x1a
    2ba2:	8a 81       	ldd	r24, Y+2	; 0x02
    2ba4:	9b 81       	ldd	r25, Y+3	; 0x03
    2ba6:	fc 01       	movw	r30, r24
    2ba8:	83 8d       	ldd	r24, Z+27	; 0x1b
    2baa:	28 17       	cp	r18, r24
    2bac:	19 f4       	brne	.+6      	; 0x2bb4 <prvIsQueueFull+0x2e>
		{
			xReturn = pdTRUE;
    2bae:	81 e0       	ldi	r24, 0x01	; 1
    2bb0:	89 83       	std	Y+1, r24	; 0x01
    2bb2:	01 c0       	rjmp	.+2      	; 0x2bb6 <prvIsQueueFull+0x30>
		}
		else
		{
			xReturn = pdFALSE;
    2bb4:	19 82       	std	Y+1, r1	; 0x01
		}
	}
	taskEXIT_CRITICAL();
    2bb6:	0f 90       	pop	r0
    2bb8:	0f be       	out	0x3f, r0	; 63

	return xReturn;
    2bba:	89 81       	ldd	r24, Y+1	; 0x01
}
    2bbc:	23 96       	adiw	r28, 0x03	; 3
    2bbe:	cd bf       	out	0x3d, r28	; 61
    2bc0:	de bf       	out	0x3e, r29	; 62
    2bc2:	df 91       	pop	r29
    2bc4:	cf 91       	pop	r28
    2bc6:	08 95       	ret

00002bc8 <xTaskCreate>:
			}
		}
		taskEXIT_CRITICAL();

		return xReturn;
	}
    2bc8:	8f 92       	push	r8
    2bca:	9f 92       	push	r9
    2bcc:	af 92       	push	r10
    2bce:	bf 92       	push	r11
    2bd0:	cf 92       	push	r12
    2bd2:	df 92       	push	r13
    2bd4:	ef 92       	push	r14
    2bd6:	ff 92       	push	r15
    2bd8:	0f 93       	push	r16
    2bda:	1f 93       	push	r17
    2bdc:	cf 93       	push	r28
    2bde:	df 93       	push	r29
    2be0:	cd b7       	in	r28, 0x3d	; 61
    2be2:	de b7       	in	r29, 0x3e	; 62
    2be4:	60 97       	sbiw	r28, 0x10	; 16
    2be6:	cd bf       	out	0x3d, r28	; 61
    2be8:	de bf       	out	0x3e, r29	; 62
    2bea:	8e 83       	std	Y+6, r24	; 0x06
    2bec:	9f 83       	std	Y+7, r25	; 0x07
    2bee:	68 87       	std	Y+8, r22	; 0x08
    2bf0:	79 87       	std	Y+9, r23	; 0x09
    2bf2:	4a 87       	std	Y+10, r20	; 0x0a
    2bf4:	5b 87       	std	Y+11, r21	; 0x0b
    2bf6:	2c 87       	std	Y+12, r18	; 0x0c
    2bf8:	3d 87       	std	Y+13, r19	; 0x0d
    2bfa:	0e 87       	std	Y+14, r16	; 0x0e
    2bfc:	ef 86       	std	Y+15, r14	; 0x0f
    2bfe:	f8 8a       	std	Y+16, r15	; 0x10
    2c00:	8a 85       	ldd	r24, Y+10	; 0x0a
    2c02:	9b 85       	ldd	r25, Y+11	; 0x0b
    2c04:	0e 94 dd 09 	call	0x13ba	; 0x13ba <pvPortMalloc>
    2c08:	8c 83       	std	Y+4, r24	; 0x04
    2c0a:	9d 83       	std	Y+5, r25	; 0x05
    2c0c:	8c 81       	ldd	r24, Y+4	; 0x04
    2c0e:	9d 81       	ldd	r25, Y+5	; 0x05
    2c10:	89 2b       	or	r24, r25
    2c12:	b9 f0       	breq	.+46     	; 0x2c42 <xTaskCreate+0x7a>
    2c14:	80 e3       	ldi	r24, 0x30	; 48
    2c16:	90 e0       	ldi	r25, 0x00	; 0
    2c18:	0e 94 dd 09 	call	0x13ba	; 0x13ba <pvPortMalloc>
    2c1c:	89 83       	std	Y+1, r24	; 0x01
    2c1e:	9a 83       	std	Y+2, r25	; 0x02
    2c20:	89 81       	ldd	r24, Y+1	; 0x01
    2c22:	9a 81       	ldd	r25, Y+2	; 0x02
    2c24:	89 2b       	or	r24, r25
    2c26:	41 f0       	breq	.+16     	; 0x2c38 <xTaskCreate+0x70>
    2c28:	89 81       	ldd	r24, Y+1	; 0x01
    2c2a:	9a 81       	ldd	r25, Y+2	; 0x02
    2c2c:	2c 81       	ldd	r18, Y+4	; 0x04
    2c2e:	3d 81       	ldd	r19, Y+5	; 0x05
    2c30:	fc 01       	movw	r30, r24
    2c32:	27 8b       	std	Z+23, r18	; 0x17
    2c34:	30 8f       	std	Z+24, r19	; 0x18
    2c36:	07 c0       	rjmp	.+14     	; 0x2c46 <xTaskCreate+0x7e>
    2c38:	8c 81       	ldd	r24, Y+4	; 0x04
    2c3a:	9d 81       	ldd	r25, Y+5	; 0x05
    2c3c:	0e 94 cc 0a 	call	0x1598	; 0x1598 <vPortFree>
    2c40:	02 c0       	rjmp	.+4      	; 0x2c46 <xTaskCreate+0x7e>
    2c42:	19 82       	std	Y+1, r1	; 0x01
    2c44:	1a 82       	std	Y+2, r1	; 0x02
    2c46:	89 81       	ldd	r24, Y+1	; 0x01
    2c48:	9a 81       	ldd	r25, Y+2	; 0x02
    2c4a:	89 2b       	or	r24, r25
    2c4c:	09 f1       	breq	.+66     	; 0x2c90 <xTaskCreate+0xc8>
    2c4e:	8a 85       	ldd	r24, Y+10	; 0x0a
    2c50:	9b 85       	ldd	r25, Y+11	; 0x0b
    2c52:	cc 01       	movw	r24, r24
    2c54:	a0 e0       	ldi	r26, 0x00	; 0
    2c56:	b0 e0       	ldi	r27, 0x00	; 0
    2c58:	09 81       	ldd	r16, Y+1	; 0x01
    2c5a:	1a 81       	ldd	r17, Y+2	; 0x02
    2c5c:	4f 85       	ldd	r20, Y+15	; 0x0f
    2c5e:	58 89       	ldd	r21, Y+16	; 0x10
    2c60:	2c 85       	ldd	r18, Y+12	; 0x0c
    2c62:	3d 85       	ldd	r19, Y+13	; 0x0d
    2c64:	68 85       	ldd	r22, Y+8	; 0x08
    2c66:	79 85       	ldd	r23, Y+9	; 0x09
    2c68:	ee 81       	ldd	r30, Y+6	; 0x06
    2c6a:	ff 81       	ldd	r31, Y+7	; 0x07
    2c6c:	81 2c       	mov	r8, r1
    2c6e:	91 2c       	mov	r9, r1
    2c70:	58 01       	movw	r10, r16
    2c72:	6a 01       	movw	r12, r20
    2c74:	ee 84       	ldd	r14, Y+14	; 0x0e
    2c76:	89 01       	movw	r16, r18
    2c78:	9c 01       	movw	r18, r24
    2c7a:	ad 01       	movw	r20, r26
    2c7c:	cf 01       	movw	r24, r30
    2c7e:	0e 94 5b 16 	call	0x2cb6	; 0x2cb6 <prvInitialiseNewTask>
    2c82:	89 81       	ldd	r24, Y+1	; 0x01
    2c84:	9a 81       	ldd	r25, Y+2	; 0x02
    2c86:	0e 94 42 17 	call	0x2e84	; 0x2e84 <prvAddNewTaskToReadyList>
    2c8a:	81 e0       	ldi	r24, 0x01	; 1
    2c8c:	8b 83       	std	Y+3, r24	; 0x03
    2c8e:	02 c0       	rjmp	.+4      	; 0x2c94 <xTaskCreate+0xcc>
    2c90:	8f ef       	ldi	r24, 0xFF	; 255
    2c92:	8b 83       	std	Y+3, r24	; 0x03
    2c94:	8b 81       	ldd	r24, Y+3	; 0x03
    2c96:	60 96       	adiw	r28, 0x10	; 16
    2c98:	cd bf       	out	0x3d, r28	; 61
    2c9a:	de bf       	out	0x3e, r29	; 62
    2c9c:	df 91       	pop	r29
    2c9e:	cf 91       	pop	r28
    2ca0:	1f 91       	pop	r17
    2ca2:	0f 91       	pop	r16
    2ca4:	ff 90       	pop	r15
    2ca6:	ef 90       	pop	r14
    2ca8:	df 90       	pop	r13
    2caa:	cf 90       	pop	r12
    2cac:	bf 90       	pop	r11
    2cae:	af 90       	pop	r10
    2cb0:	9f 90       	pop	r9
    2cb2:	8f 90       	pop	r8
    2cb4:	08 95       	ret

00002cb6 <prvInitialiseNewTask>:
    2cb6:	8f 92       	push	r8
    2cb8:	9f 92       	push	r9
    2cba:	af 92       	push	r10
    2cbc:	bf 92       	push	r11
    2cbe:	cf 92       	push	r12
    2cc0:	df 92       	push	r13
    2cc2:	ef 92       	push	r14
    2cc4:	0f 93       	push	r16
    2cc6:	1f 93       	push	r17
    2cc8:	cf 93       	push	r28
    2cca:	df 93       	push	r29
    2ccc:	cd b7       	in	r28, 0x3d	; 61
    2cce:	de b7       	in	r29, 0x3e	; 62
    2cd0:	64 97       	sbiw	r28, 0x14	; 20
    2cd2:	cd bf       	out	0x3d, r28	; 61
    2cd4:	de bf       	out	0x3e, r29	; 62
    2cd6:	8c 83       	std	Y+4, r24	; 0x04
    2cd8:	9d 83       	std	Y+5, r25	; 0x05
    2cda:	6e 83       	std	Y+6, r22	; 0x06
    2cdc:	7f 83       	std	Y+7, r23	; 0x07
    2cde:	28 87       	std	Y+8, r18	; 0x08
    2ce0:	39 87       	std	Y+9, r19	; 0x09
    2ce2:	4a 87       	std	Y+10, r20	; 0x0a
    2ce4:	5b 87       	std	Y+11, r21	; 0x0b
    2ce6:	0c 87       	std	Y+12, r16	; 0x0c
    2ce8:	1d 87       	std	Y+13, r17	; 0x0d
    2cea:	ee 86       	std	Y+14, r14	; 0x0e
    2cec:	cf 86       	std	Y+15, r12	; 0x0f
    2cee:	d8 8a       	std	Y+16, r13	; 0x10
    2cf0:	a9 8a       	std	Y+17, r10	; 0x11
    2cf2:	ba 8a       	std	Y+18, r11	; 0x12
    2cf4:	8b 8a       	std	Y+19, r8	; 0x13
    2cf6:	9c 8a       	std	Y+20, r9	; 0x14
    2cf8:	8e 81       	ldd	r24, Y+6	; 0x06
    2cfa:	9f 81       	ldd	r25, Y+7	; 0x07
    2cfc:	89 2b       	or	r24, r25
    2cfe:	31 f4       	brne	.+12     	; 0x2d0c <prvInitialiseNewTask+0x56>
    2d00:	60 e6       	ldi	r22, 0x60	; 96
    2d02:	73 e0       	ldi	r23, 0x03	; 3
    2d04:	8f e2       	ldi	r24, 0x2F	; 47
    2d06:	90 e2       	ldi	r25, 0x20	; 32
    2d08:	0e 94 c9 24 	call	0x4992	; 0x4992 <vAssertCalled>
    2d0c:	28 85       	ldd	r18, Y+8	; 0x08
    2d0e:	39 85       	ldd	r19, Y+9	; 0x09
    2d10:	89 89       	ldd	r24, Y+17	; 0x11
    2d12:	9a 89       	ldd	r25, Y+18	; 0x12
    2d14:	fc 01       	movw	r30, r24
    2d16:	87 89       	ldd	r24, Z+23	; 0x17
    2d18:	90 8d       	ldd	r25, Z+24	; 0x18
    2d1a:	a9 01       	movw	r20, r18
    2d1c:	65 ea       	ldi	r22, 0xA5	; 165
    2d1e:	70 e0       	ldi	r23, 0x00	; 0
    2d20:	0e 94 35 31 	call	0x626a	; 0x626a <memset>
    2d24:	89 89       	ldd	r24, Y+17	; 0x11
    2d26:	9a 89       	ldd	r25, Y+18	; 0x12
    2d28:	fc 01       	movw	r30, r24
    2d2a:	27 89       	ldd	r18, Z+23	; 0x17
    2d2c:	30 8d       	ldd	r19, Z+24	; 0x18
    2d2e:	88 85       	ldd	r24, Y+8	; 0x08
    2d30:	99 85       	ldd	r25, Y+9	; 0x09
    2d32:	01 97       	sbiw	r24, 0x01	; 1
    2d34:	82 0f       	add	r24, r18
    2d36:	93 1f       	adc	r25, r19
    2d38:	8a 83       	std	Y+2, r24	; 0x02
    2d3a:	9b 83       	std	Y+3, r25	; 0x03
    2d3c:	19 82       	std	Y+1, r1	; 0x01
    2d3e:	21 c0       	rjmp	.+66     	; 0x2d82 <prvInitialiseNewTask+0xcc>
    2d40:	89 81       	ldd	r24, Y+1	; 0x01
    2d42:	88 2f       	mov	r24, r24
    2d44:	90 e0       	ldi	r25, 0x00	; 0
    2d46:	29 81       	ldd	r18, Y+1	; 0x01
    2d48:	22 2f       	mov	r18, r18
    2d4a:	30 e0       	ldi	r19, 0x00	; 0
    2d4c:	4e 81       	ldd	r20, Y+6	; 0x06
    2d4e:	5f 81       	ldd	r21, Y+7	; 0x07
    2d50:	24 0f       	add	r18, r20
    2d52:	35 1f       	adc	r19, r21
    2d54:	f9 01       	movw	r30, r18
    2d56:	40 81       	ld	r20, Z
    2d58:	29 89       	ldd	r18, Y+17	; 0x11
    2d5a:	3a 89       	ldd	r19, Y+18	; 0x12
    2d5c:	82 0f       	add	r24, r18
    2d5e:	93 1f       	adc	r25, r19
    2d60:	49 96       	adiw	r24, 0x19	; 25
    2d62:	fc 01       	movw	r30, r24
    2d64:	40 83       	st	Z, r20
    2d66:	89 81       	ldd	r24, Y+1	; 0x01
    2d68:	88 2f       	mov	r24, r24
    2d6a:	90 e0       	ldi	r25, 0x00	; 0
    2d6c:	2e 81       	ldd	r18, Y+6	; 0x06
    2d6e:	3f 81       	ldd	r19, Y+7	; 0x07
    2d70:	82 0f       	add	r24, r18
    2d72:	93 1f       	adc	r25, r19
    2d74:	fc 01       	movw	r30, r24
    2d76:	80 81       	ld	r24, Z
    2d78:	88 23       	and	r24, r24
    2d7a:	39 f0       	breq	.+14     	; 0x2d8a <prvInitialiseNewTask+0xd4>
    2d7c:	89 81       	ldd	r24, Y+1	; 0x01
    2d7e:	8f 5f       	subi	r24, 0xFF	; 255
    2d80:	89 83       	std	Y+1, r24	; 0x01
    2d82:	89 81       	ldd	r24, Y+1	; 0x01
    2d84:	88 30       	cpi	r24, 0x08	; 8
    2d86:	e0 f2       	brcs	.-72     	; 0x2d40 <prvInitialiseNewTask+0x8a>
    2d88:	01 c0       	rjmp	.+2      	; 0x2d8c <prvInitialiseNewTask+0xd6>
    2d8a:	00 00       	nop
    2d8c:	89 89       	ldd	r24, Y+17	; 0x11
    2d8e:	9a 89       	ldd	r25, Y+18	; 0x12
    2d90:	fc 01       	movw	r30, r24
    2d92:	10 a2       	std	Z+32, r1	; 0x20
    2d94:	8e 85       	ldd	r24, Y+14	; 0x0e
    2d96:	8a 30       	cpi	r24, 0x0A	; 10
    2d98:	10 f0       	brcs	.+4      	; 0x2d9e <prvInitialiseNewTask+0xe8>
    2d9a:	89 e0       	ldi	r24, 0x09	; 9
    2d9c:	8e 87       	std	Y+14, r24	; 0x0e
    2d9e:	89 89       	ldd	r24, Y+17	; 0x11
    2da0:	9a 89       	ldd	r25, Y+18	; 0x12
    2da2:	2e 85       	ldd	r18, Y+14	; 0x0e
    2da4:	fc 01       	movw	r30, r24
    2da6:	26 8b       	std	Z+22, r18	; 0x16
    2da8:	89 89       	ldd	r24, Y+17	; 0x11
    2daa:	9a 89       	ldd	r25, Y+18	; 0x12
    2dac:	2e 85       	ldd	r18, Y+14	; 0x0e
    2dae:	fc 01       	movw	r30, r24
    2db0:	23 a3       	std	Z+35, r18	; 0x23
    2db2:	89 89       	ldd	r24, Y+17	; 0x11
    2db4:	9a 89       	ldd	r25, Y+18	; 0x12
    2db6:	fc 01       	movw	r30, r24
    2db8:	14 a2       	std	Z+36, r1	; 0x24
    2dba:	89 89       	ldd	r24, Y+17	; 0x11
    2dbc:	9a 89       	ldd	r25, Y+18	; 0x12
    2dbe:	02 96       	adiw	r24, 0x02	; 2
    2dc0:	0e 94 a9 0b 	call	0x1752	; 0x1752 <vListInitialiseItem>
    2dc4:	89 89       	ldd	r24, Y+17	; 0x11
    2dc6:	9a 89       	ldd	r25, Y+18	; 0x12
    2dc8:	0c 96       	adiw	r24, 0x0c	; 12
    2dca:	0e 94 a9 0b 	call	0x1752	; 0x1752 <vListInitialiseItem>
    2dce:	89 89       	ldd	r24, Y+17	; 0x11
    2dd0:	9a 89       	ldd	r25, Y+18	; 0x12
    2dd2:	29 89       	ldd	r18, Y+17	; 0x11
    2dd4:	3a 89       	ldd	r19, Y+18	; 0x12
    2dd6:	fc 01       	movw	r30, r24
    2dd8:	20 87       	std	Z+8, r18	; 0x08
    2dda:	31 87       	std	Z+9, r19	; 0x09
    2ddc:	8e 85       	ldd	r24, Y+14	; 0x0e
    2dde:	88 2f       	mov	r24, r24
    2de0:	90 e0       	ldi	r25, 0x00	; 0
    2de2:	2a e0       	ldi	r18, 0x0A	; 10
    2de4:	30 e0       	ldi	r19, 0x00	; 0
    2de6:	28 1b       	sub	r18, r24
    2de8:	39 0b       	sbc	r19, r25
    2dea:	89 89       	ldd	r24, Y+17	; 0x11
    2dec:	9a 89       	ldd	r25, Y+18	; 0x12
    2dee:	fc 01       	movw	r30, r24
    2df0:	24 87       	std	Z+12, r18	; 0x0c
    2df2:	35 87       	std	Z+13, r19	; 0x0d
    2df4:	89 89       	ldd	r24, Y+17	; 0x11
    2df6:	9a 89       	ldd	r25, Y+18	; 0x12
    2df8:	29 89       	ldd	r18, Y+17	; 0x11
    2dfa:	3a 89       	ldd	r19, Y+18	; 0x12
    2dfc:	fc 01       	movw	r30, r24
    2dfe:	22 8b       	std	Z+18, r18	; 0x12
    2e00:	33 8b       	std	Z+19, r19	; 0x13
    2e02:	89 89       	ldd	r24, Y+17	; 0x11
    2e04:	9a 89       	ldd	r25, Y+18	; 0x12
    2e06:	fc 01       	movw	r30, r24
    2e08:	15 a2       	std	Z+37, r1	; 0x25
    2e0a:	16 a2       	std	Z+38, r1	; 0x26
    2e0c:	89 89       	ldd	r24, Y+17	; 0x11
    2e0e:	9a 89       	ldd	r25, Y+18	; 0x12
    2e10:	fc 01       	movw	r30, r24
    2e12:	17 a2       	std	Z+39, r1	; 0x27
    2e14:	10 a6       	std	Z+40, r1	; 0x28
    2e16:	11 a6       	std	Z+41, r1	; 0x29
    2e18:	12 a6       	std	Z+42, r1	; 0x2a
    2e1a:	89 89       	ldd	r24, Y+17	; 0x11
    2e1c:	9a 89       	ldd	r25, Y+18	; 0x12
    2e1e:	fc 01       	movw	r30, r24
    2e20:	13 a6       	std	Z+43, r1	; 0x2b
    2e22:	14 a6       	std	Z+44, r1	; 0x2c
    2e24:	15 a6       	std	Z+45, r1	; 0x2d
    2e26:	16 a6       	std	Z+46, r1	; 0x2e
    2e28:	89 89       	ldd	r24, Y+17	; 0x11
    2e2a:	9a 89       	ldd	r25, Y+18	; 0x12
    2e2c:	fc 01       	movw	r30, r24
    2e2e:	17 a6       	std	Z+47, r1	; 0x2f
    2e30:	4c 85       	ldd	r20, Y+12	; 0x0c
    2e32:	5d 85       	ldd	r21, Y+13	; 0x0d
    2e34:	2c 81       	ldd	r18, Y+4	; 0x04
    2e36:	3d 81       	ldd	r19, Y+5	; 0x05
    2e38:	8a 81       	ldd	r24, Y+2	; 0x02
    2e3a:	9b 81       	ldd	r25, Y+3	; 0x03
    2e3c:	b9 01       	movw	r22, r18
    2e3e:	0e 94 cf 0c 	call	0x199e	; 0x199e <pxPortInitialiseStack>
    2e42:	9c 01       	movw	r18, r24
    2e44:	89 89       	ldd	r24, Y+17	; 0x11
    2e46:	9a 89       	ldd	r25, Y+18	; 0x12
    2e48:	fc 01       	movw	r30, r24
    2e4a:	20 83       	st	Z, r18
    2e4c:	31 83       	std	Z+1, r19	; 0x01
    2e4e:	8f 85       	ldd	r24, Y+15	; 0x0f
    2e50:	98 89       	ldd	r25, Y+16	; 0x10
    2e52:	89 2b       	or	r24, r25
    2e54:	39 f0       	breq	.+14     	; 0x2e64 <prvInitialiseNewTask+0x1ae>
    2e56:	8f 85       	ldd	r24, Y+15	; 0x0f
    2e58:	98 89       	ldd	r25, Y+16	; 0x10
    2e5a:	29 89       	ldd	r18, Y+17	; 0x11
    2e5c:	3a 89       	ldd	r19, Y+18	; 0x12
    2e5e:	fc 01       	movw	r30, r24
    2e60:	20 83       	st	Z, r18
    2e62:	31 83       	std	Z+1, r19	; 0x01
    2e64:	00 00       	nop
    2e66:	64 96       	adiw	r28, 0x14	; 20
    2e68:	cd bf       	out	0x3d, r28	; 61
    2e6a:	de bf       	out	0x3e, r29	; 62
    2e6c:	df 91       	pop	r29
    2e6e:	cf 91       	pop	r28
    2e70:	1f 91       	pop	r17
    2e72:	0f 91       	pop	r16
    2e74:	ef 90       	pop	r14
    2e76:	df 90       	pop	r13
    2e78:	cf 90       	pop	r12
    2e7a:	bf 90       	pop	r11
    2e7c:	af 90       	pop	r10
    2e7e:	9f 90       	pop	r9
    2e80:	8f 90       	pop	r8
    2e82:	08 95       	ret

00002e84 <prvAddNewTaskToReadyList>:
    2e84:	cf 93       	push	r28
    2e86:	df 93       	push	r29
    2e88:	1f 92       	push	r1
    2e8a:	1f 92       	push	r1
    2e8c:	cd b7       	in	r28, 0x3d	; 61
    2e8e:	de b7       	in	r29, 0x3e	; 62
    2e90:	89 83       	std	Y+1, r24	; 0x01
    2e92:	9a 83       	std	Y+2, r25	; 0x02
    2e94:	0f b6       	in	r0, 0x3f	; 63
    2e96:	f8 94       	cli
    2e98:	0f 92       	push	r0
    2e9a:	80 91 09 22 	lds	r24, 0x2209	; 0x802209 <uxCurrentNumberOfTasks>
    2e9e:	8f 5f       	subi	r24, 0xFF	; 255
    2ea0:	80 93 09 22 	sts	0x2209, r24	; 0x802209 <uxCurrentNumberOfTasks>
    2ea4:	80 91 7b 21 	lds	r24, 0x217B	; 0x80217b <pxCurrentTCB>
    2ea8:	90 91 7c 21 	lds	r25, 0x217C	; 0x80217c <pxCurrentTCB+0x1>
    2eac:	89 2b       	or	r24, r25
    2eae:	69 f4       	brne	.+26     	; 0x2eca <prvAddNewTaskToReadyList+0x46>
    2eb0:	89 81       	ldd	r24, Y+1	; 0x01
    2eb2:	9a 81       	ldd	r25, Y+2	; 0x02
    2eb4:	80 93 7b 21 	sts	0x217B, r24	; 0x80217b <pxCurrentTCB>
    2eb8:	90 93 7c 21 	sts	0x217C, r25	; 0x80217c <pxCurrentTCB+0x1>
    2ebc:	80 91 09 22 	lds	r24, 0x2209	; 0x802209 <uxCurrentNumberOfTasks>
    2ec0:	81 30       	cpi	r24, 0x01	; 1
    2ec2:	c9 f4       	brne	.+50     	; 0x2ef6 <prvAddNewTaskToReadyList+0x72>
    2ec4:	0e 94 32 1e 	call	0x3c64	; 0x3c64 <prvInitialiseTaskLists>
    2ec8:	16 c0       	rjmp	.+44     	; 0x2ef6 <prvAddNewTaskToReadyList+0x72>
    2eca:	80 91 0d 22 	lds	r24, 0x220D	; 0x80220d <xSchedulerRunning>
    2ece:	88 23       	and	r24, r24
    2ed0:	91 f4       	brne	.+36     	; 0x2ef6 <prvAddNewTaskToReadyList+0x72>
    2ed2:	80 91 7b 21 	lds	r24, 0x217B	; 0x80217b <pxCurrentTCB>
    2ed6:	90 91 7c 21 	lds	r25, 0x217C	; 0x80217c <pxCurrentTCB+0x1>
    2eda:	fc 01       	movw	r30, r24
    2edc:	26 89       	ldd	r18, Z+22	; 0x16
    2ede:	89 81       	ldd	r24, Y+1	; 0x01
    2ee0:	9a 81       	ldd	r25, Y+2	; 0x02
    2ee2:	fc 01       	movw	r30, r24
    2ee4:	86 89       	ldd	r24, Z+22	; 0x16
    2ee6:	82 17       	cp	r24, r18
    2ee8:	30 f0       	brcs	.+12     	; 0x2ef6 <prvAddNewTaskToReadyList+0x72>
    2eea:	89 81       	ldd	r24, Y+1	; 0x01
    2eec:	9a 81       	ldd	r25, Y+2	; 0x02
    2eee:	80 93 7b 21 	sts	0x217B, r24	; 0x80217b <pxCurrentTCB>
    2ef2:	90 93 7c 21 	sts	0x217C, r25	; 0x80217c <pxCurrentTCB+0x1>
    2ef6:	80 91 11 22 	lds	r24, 0x2211	; 0x802211 <uxTaskNumber>
    2efa:	8f 5f       	subi	r24, 0xFF	; 255
    2efc:	80 93 11 22 	sts	0x2211, r24	; 0x802211 <uxTaskNumber>
    2f00:	20 91 11 22 	lds	r18, 0x2211	; 0x802211 <uxTaskNumber>
    2f04:	89 81       	ldd	r24, Y+1	; 0x01
    2f06:	9a 81       	ldd	r25, Y+2	; 0x02
    2f08:	fc 01       	movw	r30, r24
    2f0a:	21 a3       	std	Z+33, r18	; 0x21
    2f0c:	89 81       	ldd	r24, Y+1	; 0x01
    2f0e:	9a 81       	ldd	r25, Y+2	; 0x02
    2f10:	fc 01       	movw	r30, r24
    2f12:	96 89       	ldd	r25, Z+22	; 0x16
    2f14:	80 91 0c 22 	lds	r24, 0x220C	; 0x80220c <uxTopReadyPriority>
    2f18:	89 17       	cp	r24, r25
    2f1a:	30 f4       	brcc	.+12     	; 0x2f28 <prvAddNewTaskToReadyList+0xa4>
    2f1c:	89 81       	ldd	r24, Y+1	; 0x01
    2f1e:	9a 81       	ldd	r25, Y+2	; 0x02
    2f20:	fc 01       	movw	r30, r24
    2f22:	86 89       	ldd	r24, Z+22	; 0x16
    2f24:	80 93 0c 22 	sts	0x220C, r24	; 0x80220c <uxTopReadyPriority>
    2f28:	89 81       	ldd	r24, Y+1	; 0x01
    2f2a:	9a 81       	ldd	r25, Y+2	; 0x02
    2f2c:	ac 01       	movw	r20, r24
    2f2e:	4e 5f       	subi	r20, 0xFE	; 254
    2f30:	5f 4f       	sbci	r21, 0xFF	; 255
    2f32:	89 81       	ldd	r24, Y+1	; 0x01
    2f34:	9a 81       	ldd	r25, Y+2	; 0x02
    2f36:	fc 01       	movw	r30, r24
    2f38:	86 89       	ldd	r24, Z+22	; 0x16
    2f3a:	28 2f       	mov	r18, r24
    2f3c:	30 e0       	ldi	r19, 0x00	; 0
    2f3e:	c9 01       	movw	r24, r18
    2f40:	88 0f       	add	r24, r24
    2f42:	99 1f       	adc	r25, r25
    2f44:	88 0f       	add	r24, r24
    2f46:	99 1f       	adc	r25, r25
    2f48:	88 0f       	add	r24, r24
    2f4a:	99 1f       	adc	r25, r25
    2f4c:	82 0f       	add	r24, r18
    2f4e:	93 1f       	adc	r25, r19
    2f50:	83 58       	subi	r24, 0x83	; 131
    2f52:	9e 4d       	sbci	r25, 0xDE	; 222
    2f54:	ba 01       	movw	r22, r20
    2f56:	0e 94 bc 0b 	call	0x1778	; 0x1778 <vListInsertEnd>
    2f5a:	0f 90       	pop	r0
    2f5c:	0f be       	out	0x3f, r0	; 63
    2f5e:	80 91 0d 22 	lds	r24, 0x220D	; 0x80220d <xSchedulerRunning>
    2f62:	88 23       	and	r24, r24
    2f64:	71 f0       	breq	.+28     	; 0x2f82 <prvAddNewTaskToReadyList+0xfe>
    2f66:	80 91 7b 21 	lds	r24, 0x217B	; 0x80217b <pxCurrentTCB>
    2f6a:	90 91 7c 21 	lds	r25, 0x217C	; 0x80217c <pxCurrentTCB+0x1>
    2f6e:	fc 01       	movw	r30, r24
    2f70:	26 89       	ldd	r18, Z+22	; 0x16
    2f72:	89 81       	ldd	r24, Y+1	; 0x01
    2f74:	9a 81       	ldd	r25, Y+2	; 0x02
    2f76:	fc 01       	movw	r30, r24
    2f78:	86 89       	ldd	r24, Z+22	; 0x16
    2f7a:	28 17       	cp	r18, r24
    2f7c:	10 f4       	brcc	.+4      	; 0x2f82 <prvAddNewTaskToReadyList+0xfe>
    2f7e:	0e 94 b7 0e 	call	0x1d6e	; 0x1d6e <vPortYield>
    2f82:	00 00       	nop
    2f84:	0f 90       	pop	r0
    2f86:	0f 90       	pop	r0
    2f88:	df 91       	pop	r29
    2f8a:	cf 91       	pop	r28
    2f8c:	08 95       	ret

00002f8e <vTaskDelayUntil>:
    2f8e:	cf 93       	push	r28
    2f90:	df 93       	push	r29
    2f92:	cd b7       	in	r28, 0x3d	; 61
    2f94:	de b7       	in	r29, 0x3e	; 62
    2f96:	2a 97       	sbiw	r28, 0x0a	; 10
    2f98:	cd bf       	out	0x3d, r28	; 61
    2f9a:	de bf       	out	0x3e, r29	; 62
    2f9c:	8f 83       	std	Y+7, r24	; 0x07
    2f9e:	98 87       	std	Y+8, r25	; 0x08
    2fa0:	69 87       	std	Y+9, r22	; 0x09
    2fa2:	7a 87       	std	Y+10, r23	; 0x0a
    2fa4:	19 82       	std	Y+1, r1	; 0x01
    2fa6:	8f 81       	ldd	r24, Y+7	; 0x07
    2fa8:	98 85       	ldd	r25, Y+8	; 0x08
    2faa:	89 2b       	or	r24, r25
    2fac:	31 f4       	brne	.+12     	; 0x2fba <vTaskDelayUntil+0x2c>
    2fae:	6a ec       	ldi	r22, 0xCA	; 202
    2fb0:	74 e0       	ldi	r23, 0x04	; 4
    2fb2:	8f e2       	ldi	r24, 0x2F	; 47
    2fb4:	90 e2       	ldi	r25, 0x20	; 32
    2fb6:	0e 94 c9 24 	call	0x4992	; 0x4992 <vAssertCalled>
    2fba:	89 85       	ldd	r24, Y+9	; 0x09
    2fbc:	9a 85       	ldd	r25, Y+10	; 0x0a
    2fbe:	89 2b       	or	r24, r25
    2fc0:	31 f4       	brne	.+12     	; 0x2fce <vTaskDelayUntil+0x40>
    2fc2:	6b ec       	ldi	r22, 0xCB	; 203
    2fc4:	74 e0       	ldi	r23, 0x04	; 4
    2fc6:	8f e2       	ldi	r24, 0x2F	; 47
    2fc8:	90 e2       	ldi	r25, 0x20	; 32
    2fca:	0e 94 c9 24 	call	0x4992	; 0x4992 <vAssertCalled>
    2fce:	80 91 16 22 	lds	r24, 0x2216	; 0x802216 <uxSchedulerSuspended>
    2fd2:	88 23       	and	r24, r24
    2fd4:	31 f0       	breq	.+12     	; 0x2fe2 <vTaskDelayUntil+0x54>
    2fd6:	6c ec       	ldi	r22, 0xCC	; 204
    2fd8:	74 e0       	ldi	r23, 0x04	; 4
    2fda:	8f e2       	ldi	r24, 0x2F	; 47
    2fdc:	90 e2       	ldi	r25, 0x20	; 32
    2fde:	0e 94 c9 24 	call	0x4992	; 0x4992 <vAssertCalled>
    2fe2:	0e 94 15 19 	call	0x322a	; 0x322a <vTaskSuspendAll>
    2fe6:	80 91 0a 22 	lds	r24, 0x220A	; 0x80220a <xTickCount>
    2fea:	90 91 0b 22 	lds	r25, 0x220B	; 0x80220b <xTickCount+0x1>
    2fee:	8a 83       	std	Y+2, r24	; 0x02
    2ff0:	9b 83       	std	Y+3, r25	; 0x03
    2ff2:	8f 81       	ldd	r24, Y+7	; 0x07
    2ff4:	98 85       	ldd	r25, Y+8	; 0x08
    2ff6:	fc 01       	movw	r30, r24
    2ff8:	20 81       	ld	r18, Z
    2ffa:	31 81       	ldd	r19, Z+1	; 0x01
    2ffc:	89 85       	ldd	r24, Y+9	; 0x09
    2ffe:	9a 85       	ldd	r25, Y+10	; 0x0a
    3000:	82 0f       	add	r24, r18
    3002:	93 1f       	adc	r25, r19
    3004:	8c 83       	std	Y+4, r24	; 0x04
    3006:	9d 83       	std	Y+5, r25	; 0x05
    3008:	8f 81       	ldd	r24, Y+7	; 0x07
    300a:	98 85       	ldd	r25, Y+8	; 0x08
    300c:	fc 01       	movw	r30, r24
    300e:	20 81       	ld	r18, Z
    3010:	31 81       	ldd	r19, Z+1	; 0x01
    3012:	8a 81       	ldd	r24, Y+2	; 0x02
    3014:	9b 81       	ldd	r25, Y+3	; 0x03
    3016:	82 17       	cp	r24, r18
    3018:	93 07       	cpc	r25, r19
    301a:	a0 f4       	brcc	.+40     	; 0x3044 <vTaskDelayUntil+0xb6>
    301c:	8f 81       	ldd	r24, Y+7	; 0x07
    301e:	98 85       	ldd	r25, Y+8	; 0x08
    3020:	fc 01       	movw	r30, r24
    3022:	20 81       	ld	r18, Z
    3024:	31 81       	ldd	r19, Z+1	; 0x01
    3026:	8c 81       	ldd	r24, Y+4	; 0x04
    3028:	9d 81       	ldd	r25, Y+5	; 0x05
    302a:	82 17       	cp	r24, r18
    302c:	93 07       	cpc	r25, r19
    302e:	e8 f4       	brcc	.+58     	; 0x306a <vTaskDelayUntil+0xdc>
    3030:	2c 81       	ldd	r18, Y+4	; 0x04
    3032:	3d 81       	ldd	r19, Y+5	; 0x05
    3034:	8a 81       	ldd	r24, Y+2	; 0x02
    3036:	9b 81       	ldd	r25, Y+3	; 0x03
    3038:	82 17       	cp	r24, r18
    303a:	93 07       	cpc	r25, r19
    303c:	b0 f4       	brcc	.+44     	; 0x306a <vTaskDelayUntil+0xdc>
    303e:	81 e0       	ldi	r24, 0x01	; 1
    3040:	89 83       	std	Y+1, r24	; 0x01
    3042:	13 c0       	rjmp	.+38     	; 0x306a <vTaskDelayUntil+0xdc>
    3044:	8f 81       	ldd	r24, Y+7	; 0x07
    3046:	98 85       	ldd	r25, Y+8	; 0x08
    3048:	fc 01       	movw	r30, r24
    304a:	20 81       	ld	r18, Z
    304c:	31 81       	ldd	r19, Z+1	; 0x01
    304e:	8c 81       	ldd	r24, Y+4	; 0x04
    3050:	9d 81       	ldd	r25, Y+5	; 0x05
    3052:	82 17       	cp	r24, r18
    3054:	93 07       	cpc	r25, r19
    3056:	38 f0       	brcs	.+14     	; 0x3066 <vTaskDelayUntil+0xd8>
    3058:	2c 81       	ldd	r18, Y+4	; 0x04
    305a:	3d 81       	ldd	r19, Y+5	; 0x05
    305c:	8a 81       	ldd	r24, Y+2	; 0x02
    305e:	9b 81       	ldd	r25, Y+3	; 0x03
    3060:	82 17       	cp	r24, r18
    3062:	93 07       	cpc	r25, r19
    3064:	10 f4       	brcc	.+4      	; 0x306a <vTaskDelayUntil+0xdc>
    3066:	81 e0       	ldi	r24, 0x01	; 1
    3068:	89 83       	std	Y+1, r24	; 0x01
    306a:	8f 81       	ldd	r24, Y+7	; 0x07
    306c:	98 85       	ldd	r25, Y+8	; 0x08
    306e:	2c 81       	ldd	r18, Y+4	; 0x04
    3070:	3d 81       	ldd	r19, Y+5	; 0x05
    3072:	fc 01       	movw	r30, r24
    3074:	20 83       	st	Z, r18
    3076:	31 83       	std	Z+1, r19	; 0x01
    3078:	89 81       	ldd	r24, Y+1	; 0x01
    307a:	88 23       	and	r24, r24
    307c:	59 f0       	breq	.+22     	; 0x3094 <vTaskDelayUntil+0x106>
    307e:	2c 81       	ldd	r18, Y+4	; 0x04
    3080:	3d 81       	ldd	r19, Y+5	; 0x05
    3082:	8a 81       	ldd	r24, Y+2	; 0x02
    3084:	9b 81       	ldd	r25, Y+3	; 0x03
    3086:	a9 01       	movw	r20, r18
    3088:	48 1b       	sub	r20, r24
    308a:	59 0b       	sbc	r21, r25
    308c:	ca 01       	movw	r24, r20
    308e:	60 e0       	ldi	r22, 0x00	; 0
    3090:	0e 94 3f 22 	call	0x447e	; 0x447e <prvAddCurrentTaskToDelayedList>
    3094:	0e 94 22 19 	call	0x3244	; 0x3244 <xTaskResumeAll>
    3098:	8e 83       	std	Y+6, r24	; 0x06
    309a:	8e 81       	ldd	r24, Y+6	; 0x06
    309c:	88 23       	and	r24, r24
    309e:	11 f4       	brne	.+4      	; 0x30a4 <vTaskDelayUntil+0x116>
    30a0:	0e 94 b7 0e 	call	0x1d6e	; 0x1d6e <vPortYield>
    30a4:	00 00       	nop
    30a6:	2a 96       	adiw	r28, 0x0a	; 10
    30a8:	cd bf       	out	0x3d, r28	; 61
    30aa:	de bf       	out	0x3e, r29	; 62
    30ac:	df 91       	pop	r29
    30ae:	cf 91       	pop	r28
    30b0:	08 95       	ret

000030b2 <eTaskGetState>:
    30b2:	cf 93       	push	r28
    30b4:	df 93       	push	r29
    30b6:	cd b7       	in	r28, 0x3d	; 61
    30b8:	de b7       	in	r29, 0x3e	; 62
    30ba:	2b 97       	sbiw	r28, 0x0b	; 11
    30bc:	cd bf       	out	0x3d, r28	; 61
    30be:	de bf       	out	0x3e, r29	; 62
    30c0:	8a 87       	std	Y+10, r24	; 0x0a
    30c2:	9b 87       	std	Y+11, r25	; 0x0b
    30c4:	8a 85       	ldd	r24, Y+10	; 0x0a
    30c6:	9b 85       	ldd	r25, Y+11	; 0x0b
    30c8:	8a 83       	std	Y+2, r24	; 0x02
    30ca:	9b 83       	std	Y+3, r25	; 0x03
    30cc:	8a 81       	ldd	r24, Y+2	; 0x02
    30ce:	9b 81       	ldd	r25, Y+3	; 0x03
    30d0:	89 2b       	or	r24, r25
    30d2:	31 f4       	brne	.+12     	; 0x30e0 <eTaskGetState+0x2e>
    30d4:	6c e4       	ldi	r22, 0x4C	; 76
    30d6:	75 e0       	ldi	r23, 0x05	; 5
    30d8:	8f e2       	ldi	r24, 0x2F	; 47
    30da:	90 e2       	ldi	r25, 0x20	; 32
    30dc:	0e 94 c9 24 	call	0x4992	; 0x4992 <vAssertCalled>
    30e0:	80 91 7b 21 	lds	r24, 0x217B	; 0x80217b <pxCurrentTCB>
    30e4:	90 91 7c 21 	lds	r25, 0x217C	; 0x80217c <pxCurrentTCB+0x1>
    30e8:	2a 81       	ldd	r18, Y+2	; 0x02
    30ea:	3b 81       	ldd	r19, Y+3	; 0x03
    30ec:	28 17       	cp	r18, r24
    30ee:	39 07       	cpc	r19, r25
    30f0:	11 f4       	brne	.+4      	; 0x30f6 <eTaskGetState+0x44>
    30f2:	19 82       	std	Y+1, r1	; 0x01
    30f4:	52 c0       	rjmp	.+164    	; 0x319a <eTaskGetState+0xe8>
    30f6:	0f b6       	in	r0, 0x3f	; 63
    30f8:	f8 94       	cli
    30fa:	0f 92       	push	r0
    30fc:	8a 81       	ldd	r24, Y+2	; 0x02
    30fe:	9b 81       	ldd	r25, Y+3	; 0x03
    3100:	fc 01       	movw	r30, r24
    3102:	82 85       	ldd	r24, Z+10	; 0x0a
    3104:	93 85       	ldd	r25, Z+11	; 0x0b
    3106:	8c 83       	std	Y+4, r24	; 0x04
    3108:	9d 83       	std	Y+5, r25	; 0x05
    310a:	80 91 e9 21 	lds	r24, 0x21E9	; 0x8021e9 <pxDelayedTaskList>
    310e:	90 91 ea 21 	lds	r25, 0x21EA	; 0x8021ea <pxDelayedTaskList+0x1>
    3112:	8e 83       	std	Y+6, r24	; 0x06
    3114:	9f 83       	std	Y+7, r25	; 0x07
    3116:	80 91 eb 21 	lds	r24, 0x21EB	; 0x8021eb <pxOverflowDelayedTaskList>
    311a:	90 91 ec 21 	lds	r25, 0x21EC	; 0x8021ec <pxOverflowDelayedTaskList+0x1>
    311e:	88 87       	std	Y+8, r24	; 0x08
    3120:	99 87       	std	Y+9, r25	; 0x09
    3122:	0f 90       	pop	r0
    3124:	0f be       	out	0x3f, r0	; 63
    3126:	2c 81       	ldd	r18, Y+4	; 0x04
    3128:	3d 81       	ldd	r19, Y+5	; 0x05
    312a:	8e 81       	ldd	r24, Y+6	; 0x06
    312c:	9f 81       	ldd	r25, Y+7	; 0x07
    312e:	28 17       	cp	r18, r24
    3130:	39 07       	cpc	r19, r25
    3132:	39 f0       	breq	.+14     	; 0x3142 <eTaskGetState+0x90>
    3134:	2c 81       	ldd	r18, Y+4	; 0x04
    3136:	3d 81       	ldd	r19, Y+5	; 0x05
    3138:	88 85       	ldd	r24, Y+8	; 0x08
    313a:	99 85       	ldd	r25, Y+9	; 0x09
    313c:	28 17       	cp	r18, r24
    313e:	39 07       	cpc	r19, r25
    3140:	19 f4       	brne	.+6      	; 0x3148 <eTaskGetState+0x96>
    3142:	82 e0       	ldi	r24, 0x02	; 2
    3144:	89 83       	std	Y+1, r24	; 0x01
    3146:	29 c0       	rjmp	.+82     	; 0x319a <eTaskGetState+0xe8>
    3148:	8c 81       	ldd	r24, Y+4	; 0x04
    314a:	9d 81       	ldd	r25, Y+5	; 0x05
    314c:	80 50       	subi	r24, 0x00	; 0
    314e:	92 42       	sbci	r25, 0x22	; 34
    3150:	b1 f4       	brne	.+44     	; 0x317e <eTaskGetState+0xcc>
    3152:	8a 81       	ldd	r24, Y+2	; 0x02
    3154:	9b 81       	ldd	r25, Y+3	; 0x03
    3156:	fc 01       	movw	r30, r24
    3158:	84 89       	ldd	r24, Z+20	; 0x14
    315a:	95 89       	ldd	r25, Z+21	; 0x15
    315c:	89 2b       	or	r24, r25
    315e:	61 f4       	brne	.+24     	; 0x3178 <eTaskGetState+0xc6>
    3160:	8a 81       	ldd	r24, Y+2	; 0x02
    3162:	9b 81       	ldd	r25, Y+3	; 0x03
    3164:	fc 01       	movw	r30, r24
    3166:	87 a5       	ldd	r24, Z+47	; 0x2f
    3168:	81 30       	cpi	r24, 0x01	; 1
    316a:	19 f4       	brne	.+6      	; 0x3172 <eTaskGetState+0xc0>
    316c:	82 e0       	ldi	r24, 0x02	; 2
    316e:	89 83       	std	Y+1, r24	; 0x01
    3170:	14 c0       	rjmp	.+40     	; 0x319a <eTaskGetState+0xe8>
    3172:	83 e0       	ldi	r24, 0x03	; 3
    3174:	89 83       	std	Y+1, r24	; 0x01
    3176:	11 c0       	rjmp	.+34     	; 0x319a <eTaskGetState+0xe8>
    3178:	82 e0       	ldi	r24, 0x02	; 2
    317a:	89 83       	std	Y+1, r24	; 0x01
    317c:	0e c0       	rjmp	.+28     	; 0x319a <eTaskGetState+0xe8>
    317e:	8c 81       	ldd	r24, Y+4	; 0x04
    3180:	9d 81       	ldd	r25, Y+5	; 0x05
    3182:	86 5f       	subi	r24, 0xF6	; 246
    3184:	91 42       	sbci	r25, 0x21	; 33
    3186:	21 f0       	breq	.+8      	; 0x3190 <eTaskGetState+0xde>
    3188:	8c 81       	ldd	r24, Y+4	; 0x04
    318a:	9d 81       	ldd	r25, Y+5	; 0x05
    318c:	89 2b       	or	r24, r25
    318e:	19 f4       	brne	.+6      	; 0x3196 <eTaskGetState+0xe4>
    3190:	84 e0       	ldi	r24, 0x04	; 4
    3192:	89 83       	std	Y+1, r24	; 0x01
    3194:	02 c0       	rjmp	.+4      	; 0x319a <eTaskGetState+0xe8>
    3196:	81 e0       	ldi	r24, 0x01	; 1
    3198:	89 83       	std	Y+1, r24	; 0x01
    319a:	89 81       	ldd	r24, Y+1	; 0x01
    319c:	2b 96       	adiw	r28, 0x0b	; 11
    319e:	cd bf       	out	0x3d, r28	; 61
    31a0:	de bf       	out	0x3e, r29	; 62
    31a2:	df 91       	pop	r29
    31a4:	cf 91       	pop	r28
    31a6:	08 95       	ret

000031a8 <vTaskStartScheduler>:
    31a8:	ef 92       	push	r14
    31aa:	ff 92       	push	r15
    31ac:	0f 93       	push	r16
    31ae:	cf 93       	push	r28
    31b0:	df 93       	push	r29
    31b2:	1f 92       	push	r1
    31b4:	cd b7       	in	r28, 0x3d	; 61
    31b6:	de b7       	in	r29, 0x3e	; 62
    31b8:	0f 2e       	mov	r0, r31
    31ba:	f4 e1       	ldi	r31, 0x14	; 20
    31bc:	ef 2e       	mov	r14, r31
    31be:	f2 e2       	ldi	r31, 0x22	; 34
    31c0:	ff 2e       	mov	r15, r31
    31c2:	f0 2d       	mov	r31, r0
    31c4:	00 e0       	ldi	r16, 0x00	; 0
    31c6:	20 e0       	ldi	r18, 0x00	; 0
    31c8:	30 e0       	ldi	r19, 0x00	; 0
    31ca:	40 e0       	ldi	r20, 0x00	; 0
    31cc:	51 e0       	ldi	r21, 0x01	; 1
    31ce:	63 e4       	ldi	r22, 0x43	; 67
    31d0:	70 e2       	ldi	r23, 0x20	; 32
    31d2:	8f e1       	ldi	r24, 0x1F	; 31
    31d4:	9e e1       	ldi	r25, 0x1E	; 30
    31d6:	0e 94 e4 15 	call	0x2bc8	; 0x2bc8 <xTaskCreate>
    31da:	89 83       	std	Y+1, r24	; 0x01
    31dc:	89 81       	ldd	r24, Y+1	; 0x01
    31de:	81 30       	cpi	r24, 0x01	; 1
    31e0:	99 f4       	brne	.+38     	; 0x3208 <vTaskStartScheduler+0x60>
    31e2:	f8 94       	cli
    31e4:	8f ef       	ldi	r24, 0xFF	; 255
    31e6:	9f ef       	ldi	r25, 0xFF	; 255
    31e8:	80 93 12 22 	sts	0x2212, r24	; 0x802212 <xNextTaskUnblockTime>
    31ec:	90 93 13 22 	sts	0x2213, r25	; 0x802213 <xNextTaskUnblockTime+0x1>
    31f0:	81 e0       	ldi	r24, 0x01	; 1
    31f2:	80 93 0d 22 	sts	0x220D, r24	; 0x80220d <xSchedulerRunning>
    31f6:	10 92 0a 22 	sts	0x220A, r1	; 0x80220a <xTickCount>
    31fa:	10 92 0b 22 	sts	0x220B, r1	; 0x80220b <xTickCount+0x1>
    31fe:	0e 94 e1 0f 	call	0x1fc2	; 0x1fc2 <vConfigureTimerForRunTimeStats>
    3202:	0e 94 82 0e 	call	0x1d04	; 0x1d04 <xPortStartScheduler>
    3206:	09 c0       	rjmp	.+18     	; 0x321a <vTaskStartScheduler+0x72>
    3208:	89 81       	ldd	r24, Y+1	; 0x01
    320a:	8f 3f       	cpi	r24, 0xFF	; 255
    320c:	31 f4       	brne	.+12     	; 0x321a <vTaskStartScheduler+0x72>
    320e:	67 e0       	ldi	r22, 0x07	; 7
    3210:	78 e0       	ldi	r23, 0x08	; 8
    3212:	8f e2       	ldi	r24, 0x2F	; 47
    3214:	90 e2       	ldi	r25, 0x20	; 32
    3216:	0e 94 c9 24 	call	0x4992	; 0x4992 <vAssertCalled>
    321a:	00 00       	nop
    321c:	0f 90       	pop	r0
    321e:	df 91       	pop	r29
    3220:	cf 91       	pop	r28
    3222:	0f 91       	pop	r16
    3224:	ff 90       	pop	r15
    3226:	ef 90       	pop	r14
    3228:	08 95       	ret

0000322a <vTaskSuspendAll>:
    322a:	cf 93       	push	r28
    322c:	df 93       	push	r29
    322e:	cd b7       	in	r28, 0x3d	; 61
    3230:	de b7       	in	r29, 0x3e	; 62
    3232:	80 91 16 22 	lds	r24, 0x2216	; 0x802216 <uxSchedulerSuspended>
    3236:	8f 5f       	subi	r24, 0xFF	; 255
    3238:	80 93 16 22 	sts	0x2216, r24	; 0x802216 <uxSchedulerSuspended>
    323c:	00 00       	nop
    323e:	df 91       	pop	r29
    3240:	cf 91       	pop	r28
    3242:	08 95       	ret

00003244 <xTaskResumeAll>:
    3244:	cf 93       	push	r28
    3246:	df 93       	push	r29
    3248:	00 d0       	rcall	.+0      	; 0x324a <xTaskResumeAll+0x6>
    324a:	1f 92       	push	r1
    324c:	cd b7       	in	r28, 0x3d	; 61
    324e:	de b7       	in	r29, 0x3e	; 62
    3250:	19 82       	std	Y+1, r1	; 0x01
    3252:	1a 82       	std	Y+2, r1	; 0x02
    3254:	1b 82       	std	Y+3, r1	; 0x03
    3256:	80 91 16 22 	lds	r24, 0x2216	; 0x802216 <uxSchedulerSuspended>
    325a:	88 23       	and	r24, r24
    325c:	31 f4       	brne	.+12     	; 0x326a <xTaskResumeAll+0x26>
    325e:	6c e6       	ldi	r22, 0x6C	; 108
    3260:	78 e0       	ldi	r23, 0x08	; 8
    3262:	8f e2       	ldi	r24, 0x2F	; 47
    3264:	90 e2       	ldi	r25, 0x20	; 32
    3266:	0e 94 c9 24 	call	0x4992	; 0x4992 <vAssertCalled>
    326a:	0f b6       	in	r0, 0x3f	; 63
    326c:	f8 94       	cli
    326e:	0f 92       	push	r0
    3270:	80 91 16 22 	lds	r24, 0x2216	; 0x802216 <uxSchedulerSuspended>
    3274:	81 50       	subi	r24, 0x01	; 1
    3276:	80 93 16 22 	sts	0x2216, r24	; 0x802216 <uxSchedulerSuspended>
    327a:	80 91 16 22 	lds	r24, 0x2216	; 0x802216 <uxSchedulerSuspended>
    327e:	88 23       	and	r24, r24
    3280:	09 f0       	breq	.+2      	; 0x3284 <xTaskResumeAll+0x40>
    3282:	77 c0       	rjmp	.+238    	; 0x3372 <xTaskResumeAll+0x12e>
    3284:	80 91 09 22 	lds	r24, 0x2209	; 0x802209 <uxCurrentNumberOfTasks>
    3288:	88 23       	and	r24, r24
    328a:	09 f4       	brne	.+2      	; 0x328e <xTaskResumeAll+0x4a>
    328c:	72 c0       	rjmp	.+228    	; 0x3372 <xTaskResumeAll+0x12e>
    328e:	49 c0       	rjmp	.+146    	; 0x3322 <xTaskResumeAll+0xde>
    3290:	80 91 f2 21 	lds	r24, 0x21F2	; 0x8021f2 <xPendingReadyList+0x5>
    3294:	90 91 f3 21 	lds	r25, 0x21F3	; 0x8021f3 <xPendingReadyList+0x6>
    3298:	fc 01       	movw	r30, r24
    329a:	86 81       	ldd	r24, Z+6	; 0x06
    329c:	97 81       	ldd	r25, Z+7	; 0x07
    329e:	89 83       	std	Y+1, r24	; 0x01
    32a0:	9a 83       	std	Y+2, r25	; 0x02
    32a2:	89 81       	ldd	r24, Y+1	; 0x01
    32a4:	9a 81       	ldd	r25, Y+2	; 0x02
    32a6:	0c 96       	adiw	r24, 0x0c	; 12
    32a8:	0e 94 79 0c 	call	0x18f2	; 0x18f2 <uxListRemove>
    32ac:	89 81       	ldd	r24, Y+1	; 0x01
    32ae:	9a 81       	ldd	r25, Y+2	; 0x02
    32b0:	02 96       	adiw	r24, 0x02	; 2
    32b2:	0e 94 79 0c 	call	0x18f2	; 0x18f2 <uxListRemove>
    32b6:	89 81       	ldd	r24, Y+1	; 0x01
    32b8:	9a 81       	ldd	r25, Y+2	; 0x02
    32ba:	fc 01       	movw	r30, r24
    32bc:	96 89       	ldd	r25, Z+22	; 0x16
    32be:	80 91 0c 22 	lds	r24, 0x220C	; 0x80220c <uxTopReadyPriority>
    32c2:	89 17       	cp	r24, r25
    32c4:	30 f4       	brcc	.+12     	; 0x32d2 <xTaskResumeAll+0x8e>
    32c6:	89 81       	ldd	r24, Y+1	; 0x01
    32c8:	9a 81       	ldd	r25, Y+2	; 0x02
    32ca:	fc 01       	movw	r30, r24
    32cc:	86 89       	ldd	r24, Z+22	; 0x16
    32ce:	80 93 0c 22 	sts	0x220C, r24	; 0x80220c <uxTopReadyPriority>
    32d2:	89 81       	ldd	r24, Y+1	; 0x01
    32d4:	9a 81       	ldd	r25, Y+2	; 0x02
    32d6:	ac 01       	movw	r20, r24
    32d8:	4e 5f       	subi	r20, 0xFE	; 254
    32da:	5f 4f       	sbci	r21, 0xFF	; 255
    32dc:	89 81       	ldd	r24, Y+1	; 0x01
    32de:	9a 81       	ldd	r25, Y+2	; 0x02
    32e0:	fc 01       	movw	r30, r24
    32e2:	86 89       	ldd	r24, Z+22	; 0x16
    32e4:	28 2f       	mov	r18, r24
    32e6:	30 e0       	ldi	r19, 0x00	; 0
    32e8:	c9 01       	movw	r24, r18
    32ea:	88 0f       	add	r24, r24
    32ec:	99 1f       	adc	r25, r25
    32ee:	88 0f       	add	r24, r24
    32f0:	99 1f       	adc	r25, r25
    32f2:	88 0f       	add	r24, r24
    32f4:	99 1f       	adc	r25, r25
    32f6:	82 0f       	add	r24, r18
    32f8:	93 1f       	adc	r25, r19
    32fa:	83 58       	subi	r24, 0x83	; 131
    32fc:	9e 4d       	sbci	r25, 0xDE	; 222
    32fe:	ba 01       	movw	r22, r20
    3300:	0e 94 bc 0b 	call	0x1778	; 0x1778 <vListInsertEnd>
    3304:	89 81       	ldd	r24, Y+1	; 0x01
    3306:	9a 81       	ldd	r25, Y+2	; 0x02
    3308:	fc 01       	movw	r30, r24
    330a:	26 89       	ldd	r18, Z+22	; 0x16
    330c:	80 91 7b 21 	lds	r24, 0x217B	; 0x80217b <pxCurrentTCB>
    3310:	90 91 7c 21 	lds	r25, 0x217C	; 0x80217c <pxCurrentTCB+0x1>
    3314:	fc 01       	movw	r30, r24
    3316:	86 89       	ldd	r24, Z+22	; 0x16
    3318:	28 17       	cp	r18, r24
    331a:	18 f0       	brcs	.+6      	; 0x3322 <xTaskResumeAll+0xde>
    331c:	81 e0       	ldi	r24, 0x01	; 1
    331e:	80 93 0f 22 	sts	0x220F, r24	; 0x80220f <xYieldPending>
    3322:	80 91 ed 21 	lds	r24, 0x21ED	; 0x8021ed <xPendingReadyList>
    3326:	88 23       	and	r24, r24
    3328:	09 f0       	breq	.+2      	; 0x332c <xTaskResumeAll+0xe8>
    332a:	b2 cf       	rjmp	.-156    	; 0x3290 <xTaskResumeAll+0x4c>
    332c:	89 81       	ldd	r24, Y+1	; 0x01
    332e:	9a 81       	ldd	r25, Y+2	; 0x02
    3330:	89 2b       	or	r24, r25
    3332:	11 f0       	breq	.+4      	; 0x3338 <xTaskResumeAll+0xf4>
    3334:	0e 94 35 20 	call	0x406a	; 0x406a <prvResetNextTaskUnblockTime>
    3338:	80 91 0e 22 	lds	r24, 0x220E	; 0x80220e <uxPendedTicks>
    333c:	8c 83       	std	Y+4, r24	; 0x04
    333e:	8c 81       	ldd	r24, Y+4	; 0x04
    3340:	88 23       	and	r24, r24
    3342:	79 f0       	breq	.+30     	; 0x3362 <xTaskResumeAll+0x11e>
    3344:	0e 94 86 1a 	call	0x350c	; 0x350c <xTaskIncrementTick>
    3348:	88 23       	and	r24, r24
    334a:	19 f0       	breq	.+6      	; 0x3352 <xTaskResumeAll+0x10e>
    334c:	81 e0       	ldi	r24, 0x01	; 1
    334e:	80 93 0f 22 	sts	0x220F, r24	; 0x80220f <xYieldPending>
    3352:	8c 81       	ldd	r24, Y+4	; 0x04
    3354:	81 50       	subi	r24, 0x01	; 1
    3356:	8c 83       	std	Y+4, r24	; 0x04
    3358:	8c 81       	ldd	r24, Y+4	; 0x04
    335a:	88 23       	and	r24, r24
    335c:	99 f7       	brne	.-26     	; 0x3344 <xTaskResumeAll+0x100>
    335e:	10 92 0e 22 	sts	0x220E, r1	; 0x80220e <uxPendedTicks>
    3362:	80 91 0f 22 	lds	r24, 0x220F	; 0x80220f <xYieldPending>
    3366:	88 23       	and	r24, r24
    3368:	21 f0       	breq	.+8      	; 0x3372 <xTaskResumeAll+0x12e>
    336a:	81 e0       	ldi	r24, 0x01	; 1
    336c:	8b 83       	std	Y+3, r24	; 0x03
    336e:	0e 94 b7 0e 	call	0x1d6e	; 0x1d6e <vPortYield>
    3372:	0f 90       	pop	r0
    3374:	0f be       	out	0x3f, r0	; 63
    3376:	8b 81       	ldd	r24, Y+3	; 0x03
    3378:	24 96       	adiw	r28, 0x04	; 4
    337a:	cd bf       	out	0x3d, r28	; 61
    337c:	de bf       	out	0x3e, r29	; 62
    337e:	df 91       	pop	r29
    3380:	cf 91       	pop	r28
    3382:	08 95       	ret

00003384 <uxTaskGetSystemState>:
    3384:	cf 93       	push	r28
    3386:	df 93       	push	r29
    3388:	cd b7       	in	r28, 0x3d	; 61
    338a:	de b7       	in	r29, 0x3e	; 62
    338c:	27 97       	sbiw	r28, 0x07	; 7
    338e:	cd bf       	out	0x3d, r28	; 61
    3390:	de bf       	out	0x3e, r29	; 62
    3392:	8b 83       	std	Y+3, r24	; 0x03
    3394:	9c 83       	std	Y+4, r25	; 0x04
    3396:	6d 83       	std	Y+5, r22	; 0x05
    3398:	4e 83       	std	Y+6, r20	; 0x06
    339a:	5f 83       	std	Y+7, r21	; 0x07
    339c:	19 82       	std	Y+1, r1	; 0x01
    339e:	8a e0       	ldi	r24, 0x0A	; 10
    33a0:	8a 83       	std	Y+2, r24	; 0x02
    33a2:	0e 94 15 19 	call	0x322a	; 0x322a <vTaskSuspendAll>
    33a6:	80 91 09 22 	lds	r24, 0x2209	; 0x802209 <uxCurrentNumberOfTasks>
    33aa:	9d 81       	ldd	r25, Y+5	; 0x05
    33ac:	98 17       	cp	r25, r24
    33ae:	08 f4       	brcc	.+2      	; 0x33b2 <uxTaskGetSystemState+0x2e>
    33b0:	a4 c0       	rjmp	.+328    	; 0x34fa <uxTaskGetSystemState+0x176>
    33b2:	8a 81       	ldd	r24, Y+2	; 0x02
    33b4:	81 50       	subi	r24, 0x01	; 1
    33b6:	8a 83       	std	Y+2, r24	; 0x02
    33b8:	8a 81       	ldd	r24, Y+2	; 0x02
    33ba:	28 2f       	mov	r18, r24
    33bc:	30 e0       	ldi	r19, 0x00	; 0
    33be:	c9 01       	movw	r24, r18
    33c0:	88 0f       	add	r24, r24
    33c2:	99 1f       	adc	r25, r25
    33c4:	88 0f       	add	r24, r24
    33c6:	99 1f       	adc	r25, r25
    33c8:	88 0f       	add	r24, r24
    33ca:	99 1f       	adc	r25, r25
    33cc:	82 0f       	add	r24, r18
    33ce:	93 1f       	adc	r25, r19
    33d0:	bc 01       	movw	r22, r24
    33d2:	63 58       	subi	r22, 0x83	; 131
    33d4:	7e 4d       	sbci	r23, 0xDE	; 222
    33d6:	89 81       	ldd	r24, Y+1	; 0x01
    33d8:	88 2f       	mov	r24, r24
    33da:	90 e0       	ldi	r25, 0x00	; 0
    33dc:	82 95       	swap	r24
    33de:	92 95       	swap	r25
    33e0:	90 7f       	andi	r25, 0xF0	; 240
    33e2:	98 27       	eor	r25, r24
    33e4:	80 7f       	andi	r24, 0xF0	; 240
    33e6:	98 27       	eor	r25, r24
    33e8:	2b 81       	ldd	r18, Y+3	; 0x03
    33ea:	3c 81       	ldd	r19, Y+4	; 0x04
    33ec:	82 0f       	add	r24, r18
    33ee:	93 1f       	adc	r25, r19
    33f0:	41 e0       	ldi	r20, 0x01	; 1
    33f2:	0e 94 51 1f 	call	0x3ea2	; 0x3ea2 <prvListTasksWithinSingleList>
    33f6:	98 2f       	mov	r25, r24
    33f8:	89 81       	ldd	r24, Y+1	; 0x01
    33fa:	89 0f       	add	r24, r25
    33fc:	89 83       	std	Y+1, r24	; 0x01
    33fe:	8a 81       	ldd	r24, Y+2	; 0x02
    3400:	88 23       	and	r24, r24
    3402:	b9 f6       	brne	.-82     	; 0x33b2 <uxTaskGetSystemState+0x2e>
    3404:	60 91 e9 21 	lds	r22, 0x21E9	; 0x8021e9 <pxDelayedTaskList>
    3408:	70 91 ea 21 	lds	r23, 0x21EA	; 0x8021ea <pxDelayedTaskList+0x1>
    340c:	89 81       	ldd	r24, Y+1	; 0x01
    340e:	88 2f       	mov	r24, r24
    3410:	90 e0       	ldi	r25, 0x00	; 0
    3412:	82 95       	swap	r24
    3414:	92 95       	swap	r25
    3416:	90 7f       	andi	r25, 0xF0	; 240
    3418:	98 27       	eor	r25, r24
    341a:	80 7f       	andi	r24, 0xF0	; 240
    341c:	98 27       	eor	r25, r24
    341e:	2b 81       	ldd	r18, Y+3	; 0x03
    3420:	3c 81       	ldd	r19, Y+4	; 0x04
    3422:	82 0f       	add	r24, r18
    3424:	93 1f       	adc	r25, r19
    3426:	42 e0       	ldi	r20, 0x02	; 2
    3428:	0e 94 51 1f 	call	0x3ea2	; 0x3ea2 <prvListTasksWithinSingleList>
    342c:	98 2f       	mov	r25, r24
    342e:	89 81       	ldd	r24, Y+1	; 0x01
    3430:	89 0f       	add	r24, r25
    3432:	89 83       	std	Y+1, r24	; 0x01
    3434:	60 91 eb 21 	lds	r22, 0x21EB	; 0x8021eb <pxOverflowDelayedTaskList>
    3438:	70 91 ec 21 	lds	r23, 0x21EC	; 0x8021ec <pxOverflowDelayedTaskList+0x1>
    343c:	89 81       	ldd	r24, Y+1	; 0x01
    343e:	88 2f       	mov	r24, r24
    3440:	90 e0       	ldi	r25, 0x00	; 0
    3442:	82 95       	swap	r24
    3444:	92 95       	swap	r25
    3446:	90 7f       	andi	r25, 0xF0	; 240
    3448:	98 27       	eor	r25, r24
    344a:	80 7f       	andi	r24, 0xF0	; 240
    344c:	98 27       	eor	r25, r24
    344e:	2b 81       	ldd	r18, Y+3	; 0x03
    3450:	3c 81       	ldd	r19, Y+4	; 0x04
    3452:	82 0f       	add	r24, r18
    3454:	93 1f       	adc	r25, r19
    3456:	42 e0       	ldi	r20, 0x02	; 2
    3458:	0e 94 51 1f 	call	0x3ea2	; 0x3ea2 <prvListTasksWithinSingleList>
    345c:	98 2f       	mov	r25, r24
    345e:	89 81       	ldd	r24, Y+1	; 0x01
    3460:	89 0f       	add	r24, r25
    3462:	89 83       	std	Y+1, r24	; 0x01
    3464:	89 81       	ldd	r24, Y+1	; 0x01
    3466:	88 2f       	mov	r24, r24
    3468:	90 e0       	ldi	r25, 0x00	; 0
    346a:	82 95       	swap	r24
    346c:	92 95       	swap	r25
    346e:	90 7f       	andi	r25, 0xF0	; 240
    3470:	98 27       	eor	r25, r24
    3472:	80 7f       	andi	r24, 0xF0	; 240
    3474:	98 27       	eor	r25, r24
    3476:	2b 81       	ldd	r18, Y+3	; 0x03
    3478:	3c 81       	ldd	r19, Y+4	; 0x04
    347a:	82 0f       	add	r24, r18
    347c:	93 1f       	adc	r25, r19
    347e:	44 e0       	ldi	r20, 0x04	; 4
    3480:	66 ef       	ldi	r22, 0xF6	; 246
    3482:	71 e2       	ldi	r23, 0x21	; 33
    3484:	0e 94 51 1f 	call	0x3ea2	; 0x3ea2 <prvListTasksWithinSingleList>
    3488:	98 2f       	mov	r25, r24
    348a:	89 81       	ldd	r24, Y+1	; 0x01
    348c:	89 0f       	add	r24, r25
    348e:	89 83       	std	Y+1, r24	; 0x01
    3490:	89 81       	ldd	r24, Y+1	; 0x01
    3492:	88 2f       	mov	r24, r24
    3494:	90 e0       	ldi	r25, 0x00	; 0
    3496:	82 95       	swap	r24
    3498:	92 95       	swap	r25
    349a:	90 7f       	andi	r25, 0xF0	; 240
    349c:	98 27       	eor	r25, r24
    349e:	80 7f       	andi	r24, 0xF0	; 240
    34a0:	98 27       	eor	r25, r24
    34a2:	2b 81       	ldd	r18, Y+3	; 0x03
    34a4:	3c 81       	ldd	r19, Y+4	; 0x04
    34a6:	82 0f       	add	r24, r18
    34a8:	93 1f       	adc	r25, r19
    34aa:	43 e0       	ldi	r20, 0x03	; 3
    34ac:	60 e0       	ldi	r22, 0x00	; 0
    34ae:	72 e2       	ldi	r23, 0x22	; 34
    34b0:	0e 94 51 1f 	call	0x3ea2	; 0x3ea2 <prvListTasksWithinSingleList>
    34b4:	98 2f       	mov	r25, r24
    34b6:	89 81       	ldd	r24, Y+1	; 0x01
    34b8:	89 0f       	add	r24, r25
    34ba:	89 83       	std	Y+1, r24	; 0x01
    34bc:	8e 81       	ldd	r24, Y+6	; 0x06
    34be:	9f 81       	ldd	r25, Y+7	; 0x07
    34c0:	89 2b       	or	r24, r25
    34c2:	d9 f0       	breq	.+54     	; 0x34fa <uxTaskGetSystemState+0x176>
    34c4:	80 e0       	ldi	r24, 0x00	; 0
    34c6:	98 e0       	ldi	r25, 0x08	; 8
    34c8:	fc 01       	movw	r30, r24
    34ca:	80 a1       	ldd	r24, Z+32	; 0x20
    34cc:	91 a1       	ldd	r25, Z+33	; 0x21
    34ce:	9c 01       	movw	r18, r24
    34d0:	40 e0       	ldi	r20, 0x00	; 0
    34d2:	50 e0       	ldi	r21, 0x00	; 0
    34d4:	80 91 1f 24 	lds	r24, 0x241F	; 0x80241f <StatsTimer>
    34d8:	90 91 20 24 	lds	r25, 0x2420	; 0x802420 <StatsTimer+0x1>
    34dc:	a0 91 21 24 	lds	r26, 0x2421	; 0x802421 <StatsTimer+0x2>
    34e0:	b0 91 22 24 	lds	r27, 0x2422	; 0x802422 <StatsTimer+0x3>
    34e4:	82 0f       	add	r24, r18
    34e6:	93 1f       	adc	r25, r19
    34e8:	a4 1f       	adc	r26, r20
    34ea:	b5 1f       	adc	r27, r21
    34ec:	2e 81       	ldd	r18, Y+6	; 0x06
    34ee:	3f 81       	ldd	r19, Y+7	; 0x07
    34f0:	f9 01       	movw	r30, r18
    34f2:	80 83       	st	Z, r24
    34f4:	91 83       	std	Z+1, r25	; 0x01
    34f6:	a2 83       	std	Z+2, r26	; 0x02
    34f8:	b3 83       	std	Z+3, r27	; 0x03
    34fa:	0e 94 22 19 	call	0x3244	; 0x3244 <xTaskResumeAll>
    34fe:	89 81       	ldd	r24, Y+1	; 0x01
    3500:	27 96       	adiw	r28, 0x07	; 7
    3502:	cd bf       	out	0x3d, r28	; 61
    3504:	de bf       	out	0x3e, r29	; 62
    3506:	df 91       	pop	r29
    3508:	cf 91       	pop	r28
    350a:	08 95       	ret

0000350c <xTaskIncrementTick>:
    350c:	cf 93       	push	r28
    350e:	df 93       	push	r29
    3510:	cd b7       	in	r28, 0x3d	; 61
    3512:	de b7       	in	r29, 0x3e	; 62
    3514:	29 97       	sbiw	r28, 0x09	; 9
    3516:	cd bf       	out	0x3d, r28	; 61
    3518:	de bf       	out	0x3e, r29	; 62
    351a:	19 82       	std	Y+1, r1	; 0x01
    351c:	80 91 16 22 	lds	r24, 0x2216	; 0x802216 <uxSchedulerSuspended>
    3520:	88 23       	and	r24, r24
    3522:	09 f0       	breq	.+2      	; 0x3526 <xTaskIncrementTick+0x1a>
    3524:	d6 c0       	rjmp	.+428    	; 0x36d2 <xTaskIncrementTick+0x1c6>
    3526:	80 91 0a 22 	lds	r24, 0x220A	; 0x80220a <xTickCount>
    352a:	90 91 0b 22 	lds	r25, 0x220B	; 0x80220b <xTickCount+0x1>
    352e:	01 96       	adiw	r24, 0x01	; 1
    3530:	8a 83       	std	Y+2, r24	; 0x02
    3532:	9b 83       	std	Y+3, r25	; 0x03
    3534:	8a 81       	ldd	r24, Y+2	; 0x02
    3536:	9b 81       	ldd	r25, Y+3	; 0x03
    3538:	80 93 0a 22 	sts	0x220A, r24	; 0x80220a <xTickCount>
    353c:	90 93 0b 22 	sts	0x220B, r25	; 0x80220b <xTickCount+0x1>
    3540:	8a 81       	ldd	r24, Y+2	; 0x02
    3542:	9b 81       	ldd	r25, Y+3	; 0x03
    3544:	89 2b       	or	r24, r25
    3546:	49 f5       	brne	.+82     	; 0x359a <xTaskIncrementTick+0x8e>
    3548:	80 91 e9 21 	lds	r24, 0x21E9	; 0x8021e9 <pxDelayedTaskList>
    354c:	90 91 ea 21 	lds	r25, 0x21EA	; 0x8021ea <pxDelayedTaskList+0x1>
    3550:	fc 01       	movw	r30, r24
    3552:	80 81       	ld	r24, Z
    3554:	88 23       	and	r24, r24
    3556:	31 f0       	breq	.+12     	; 0x3564 <xTaskIncrementTick+0x58>
    3558:	66 e6       	ldi	r22, 0x66	; 102
    355a:	7a e0       	ldi	r23, 0x0A	; 10
    355c:	8f e2       	ldi	r24, 0x2F	; 47
    355e:	90 e2       	ldi	r25, 0x20	; 32
    3560:	0e 94 c9 24 	call	0x4992	; 0x4992 <vAssertCalled>
    3564:	80 91 e9 21 	lds	r24, 0x21E9	; 0x8021e9 <pxDelayedTaskList>
    3568:	90 91 ea 21 	lds	r25, 0x21EA	; 0x8021ea <pxDelayedTaskList+0x1>
    356c:	8c 83       	std	Y+4, r24	; 0x04
    356e:	9d 83       	std	Y+5, r25	; 0x05
    3570:	80 91 eb 21 	lds	r24, 0x21EB	; 0x8021eb <pxOverflowDelayedTaskList>
    3574:	90 91 ec 21 	lds	r25, 0x21EC	; 0x8021ec <pxOverflowDelayedTaskList+0x1>
    3578:	80 93 e9 21 	sts	0x21E9, r24	; 0x8021e9 <pxDelayedTaskList>
    357c:	90 93 ea 21 	sts	0x21EA, r25	; 0x8021ea <pxDelayedTaskList+0x1>
    3580:	8c 81       	ldd	r24, Y+4	; 0x04
    3582:	9d 81       	ldd	r25, Y+5	; 0x05
    3584:	80 93 eb 21 	sts	0x21EB, r24	; 0x8021eb <pxOverflowDelayedTaskList>
    3588:	90 93 ec 21 	sts	0x21EC, r25	; 0x8021ec <pxOverflowDelayedTaskList+0x1>
    358c:	80 91 10 22 	lds	r24, 0x2210	; 0x802210 <xNumOfOverflows>
    3590:	8f 5f       	subi	r24, 0xFF	; 255
    3592:	80 93 10 22 	sts	0x2210, r24	; 0x802210 <xNumOfOverflows>
    3596:	0e 94 35 20 	call	0x406a	; 0x406a <prvResetNextTaskUnblockTime>
    359a:	80 91 12 22 	lds	r24, 0x2212	; 0x802212 <xNextTaskUnblockTime>
    359e:	90 91 13 22 	lds	r25, 0x2213	; 0x802213 <xNextTaskUnblockTime+0x1>
    35a2:	2a 81       	ldd	r18, Y+2	; 0x02
    35a4:	3b 81       	ldd	r19, Y+3	; 0x03
    35a6:	28 17       	cp	r18, r24
    35a8:	39 07       	cpc	r19, r25
    35aa:	08 f4       	brcc	.+2      	; 0x35ae <xTaskIncrementTick+0xa2>
    35ac:	78 c0       	rjmp	.+240    	; 0x369e <xTaskIncrementTick+0x192>
    35ae:	80 91 e9 21 	lds	r24, 0x21E9	; 0x8021e9 <pxDelayedTaskList>
    35b2:	90 91 ea 21 	lds	r25, 0x21EA	; 0x8021ea <pxDelayedTaskList+0x1>
    35b6:	fc 01       	movw	r30, r24
    35b8:	80 81       	ld	r24, Z
    35ba:	88 23       	and	r24, r24
    35bc:	39 f4       	brne	.+14     	; 0x35cc <xTaskIncrementTick+0xc0>
    35be:	8f ef       	ldi	r24, 0xFF	; 255
    35c0:	9f ef       	ldi	r25, 0xFF	; 255
    35c2:	80 93 12 22 	sts	0x2212, r24	; 0x802212 <xNextTaskUnblockTime>
    35c6:	90 93 13 22 	sts	0x2213, r25	; 0x802213 <xNextTaskUnblockTime+0x1>
    35ca:	69 c0       	rjmp	.+210    	; 0x369e <xTaskIncrementTick+0x192>
    35cc:	80 91 e9 21 	lds	r24, 0x21E9	; 0x8021e9 <pxDelayedTaskList>
    35d0:	90 91 ea 21 	lds	r25, 0x21EA	; 0x8021ea <pxDelayedTaskList+0x1>
    35d4:	fc 01       	movw	r30, r24
    35d6:	85 81       	ldd	r24, Z+5	; 0x05
    35d8:	96 81       	ldd	r25, Z+6	; 0x06
    35da:	fc 01       	movw	r30, r24
    35dc:	86 81       	ldd	r24, Z+6	; 0x06
    35de:	97 81       	ldd	r25, Z+7	; 0x07
    35e0:	8e 83       	std	Y+6, r24	; 0x06
    35e2:	9f 83       	std	Y+7, r25	; 0x07
    35e4:	8e 81       	ldd	r24, Y+6	; 0x06
    35e6:	9f 81       	ldd	r25, Y+7	; 0x07
    35e8:	fc 01       	movw	r30, r24
    35ea:	82 81       	ldd	r24, Z+2	; 0x02
    35ec:	93 81       	ldd	r25, Z+3	; 0x03
    35ee:	88 87       	std	Y+8, r24	; 0x08
    35f0:	99 87       	std	Y+9, r25	; 0x09
    35f2:	2a 81       	ldd	r18, Y+2	; 0x02
    35f4:	3b 81       	ldd	r19, Y+3	; 0x03
    35f6:	88 85       	ldd	r24, Y+8	; 0x08
    35f8:	99 85       	ldd	r25, Y+9	; 0x09
    35fa:	28 17       	cp	r18, r24
    35fc:	39 07       	cpc	r19, r25
    35fe:	38 f4       	brcc	.+14     	; 0x360e <xTaskIncrementTick+0x102>
    3600:	88 85       	ldd	r24, Y+8	; 0x08
    3602:	99 85       	ldd	r25, Y+9	; 0x09
    3604:	80 93 12 22 	sts	0x2212, r24	; 0x802212 <xNextTaskUnblockTime>
    3608:	90 93 13 22 	sts	0x2213, r25	; 0x802213 <xNextTaskUnblockTime+0x1>
    360c:	48 c0       	rjmp	.+144    	; 0x369e <xTaskIncrementTick+0x192>
    360e:	8e 81       	ldd	r24, Y+6	; 0x06
    3610:	9f 81       	ldd	r25, Y+7	; 0x07
    3612:	02 96       	adiw	r24, 0x02	; 2
    3614:	0e 94 79 0c 	call	0x18f2	; 0x18f2 <uxListRemove>
    3618:	8e 81       	ldd	r24, Y+6	; 0x06
    361a:	9f 81       	ldd	r25, Y+7	; 0x07
    361c:	fc 01       	movw	r30, r24
    361e:	84 89       	ldd	r24, Z+20	; 0x14
    3620:	95 89       	ldd	r25, Z+21	; 0x15
    3622:	89 2b       	or	r24, r25
    3624:	29 f0       	breq	.+10     	; 0x3630 <xTaskIncrementTick+0x124>
    3626:	8e 81       	ldd	r24, Y+6	; 0x06
    3628:	9f 81       	ldd	r25, Y+7	; 0x07
    362a:	0c 96       	adiw	r24, 0x0c	; 12
    362c:	0e 94 79 0c 	call	0x18f2	; 0x18f2 <uxListRemove>
    3630:	8e 81       	ldd	r24, Y+6	; 0x06
    3632:	9f 81       	ldd	r25, Y+7	; 0x07
    3634:	fc 01       	movw	r30, r24
    3636:	96 89       	ldd	r25, Z+22	; 0x16
    3638:	80 91 0c 22 	lds	r24, 0x220C	; 0x80220c <uxTopReadyPriority>
    363c:	89 17       	cp	r24, r25
    363e:	30 f4       	brcc	.+12     	; 0x364c <xTaskIncrementTick+0x140>
    3640:	8e 81       	ldd	r24, Y+6	; 0x06
    3642:	9f 81       	ldd	r25, Y+7	; 0x07
    3644:	fc 01       	movw	r30, r24
    3646:	86 89       	ldd	r24, Z+22	; 0x16
    3648:	80 93 0c 22 	sts	0x220C, r24	; 0x80220c <uxTopReadyPriority>
    364c:	8e 81       	ldd	r24, Y+6	; 0x06
    364e:	9f 81       	ldd	r25, Y+7	; 0x07
    3650:	ac 01       	movw	r20, r24
    3652:	4e 5f       	subi	r20, 0xFE	; 254
    3654:	5f 4f       	sbci	r21, 0xFF	; 255
    3656:	8e 81       	ldd	r24, Y+6	; 0x06
    3658:	9f 81       	ldd	r25, Y+7	; 0x07
    365a:	fc 01       	movw	r30, r24
    365c:	86 89       	ldd	r24, Z+22	; 0x16
    365e:	28 2f       	mov	r18, r24
    3660:	30 e0       	ldi	r19, 0x00	; 0
    3662:	c9 01       	movw	r24, r18
    3664:	88 0f       	add	r24, r24
    3666:	99 1f       	adc	r25, r25
    3668:	88 0f       	add	r24, r24
    366a:	99 1f       	adc	r25, r25
    366c:	88 0f       	add	r24, r24
    366e:	99 1f       	adc	r25, r25
    3670:	82 0f       	add	r24, r18
    3672:	93 1f       	adc	r25, r19
    3674:	83 58       	subi	r24, 0x83	; 131
    3676:	9e 4d       	sbci	r25, 0xDE	; 222
    3678:	ba 01       	movw	r22, r20
    367a:	0e 94 bc 0b 	call	0x1778	; 0x1778 <vListInsertEnd>
    367e:	8e 81       	ldd	r24, Y+6	; 0x06
    3680:	9f 81       	ldd	r25, Y+7	; 0x07
    3682:	fc 01       	movw	r30, r24
    3684:	26 89       	ldd	r18, Z+22	; 0x16
    3686:	80 91 7b 21 	lds	r24, 0x217B	; 0x80217b <pxCurrentTCB>
    368a:	90 91 7c 21 	lds	r25, 0x217C	; 0x80217c <pxCurrentTCB+0x1>
    368e:	fc 01       	movw	r30, r24
    3690:	86 89       	ldd	r24, Z+22	; 0x16
    3692:	28 17       	cp	r18, r24
    3694:	08 f4       	brcc	.+2      	; 0x3698 <xTaskIncrementTick+0x18c>
    3696:	8b cf       	rjmp	.-234    	; 0x35ae <xTaskIncrementTick+0xa2>
    3698:	81 e0       	ldi	r24, 0x01	; 1
    369a:	89 83       	std	Y+1, r24	; 0x01
    369c:	88 cf       	rjmp	.-240    	; 0x35ae <xTaskIncrementTick+0xa2>
    369e:	80 91 7b 21 	lds	r24, 0x217B	; 0x80217b <pxCurrentTCB>
    36a2:	90 91 7c 21 	lds	r25, 0x217C	; 0x80217c <pxCurrentTCB+0x1>
    36a6:	fc 01       	movw	r30, r24
    36a8:	86 89       	ldd	r24, Z+22	; 0x16
    36aa:	28 2f       	mov	r18, r24
    36ac:	30 e0       	ldi	r19, 0x00	; 0
    36ae:	c9 01       	movw	r24, r18
    36b0:	88 0f       	add	r24, r24
    36b2:	99 1f       	adc	r25, r25
    36b4:	88 0f       	add	r24, r24
    36b6:	99 1f       	adc	r25, r25
    36b8:	88 0f       	add	r24, r24
    36ba:	99 1f       	adc	r25, r25
    36bc:	82 0f       	add	r24, r18
    36be:	93 1f       	adc	r25, r19
    36c0:	83 58       	subi	r24, 0x83	; 131
    36c2:	9e 4d       	sbci	r25, 0xDE	; 222
    36c4:	fc 01       	movw	r30, r24
    36c6:	80 81       	ld	r24, Z
    36c8:	82 30       	cpi	r24, 0x02	; 2
    36ca:	40 f0       	brcs	.+16     	; 0x36dc <xTaskIncrementTick+0x1d0>
    36cc:	81 e0       	ldi	r24, 0x01	; 1
    36ce:	89 83       	std	Y+1, r24	; 0x01
    36d0:	05 c0       	rjmp	.+10     	; 0x36dc <xTaskIncrementTick+0x1d0>
    36d2:	80 91 0e 22 	lds	r24, 0x220E	; 0x80220e <uxPendedTicks>
    36d6:	8f 5f       	subi	r24, 0xFF	; 255
    36d8:	80 93 0e 22 	sts	0x220E, r24	; 0x80220e <uxPendedTicks>
    36dc:	80 91 0f 22 	lds	r24, 0x220F	; 0x80220f <xYieldPending>
    36e0:	88 23       	and	r24, r24
    36e2:	11 f0       	breq	.+4      	; 0x36e8 <xTaskIncrementTick+0x1dc>
    36e4:	81 e0       	ldi	r24, 0x01	; 1
    36e6:	89 83       	std	Y+1, r24	; 0x01
    36e8:	89 81       	ldd	r24, Y+1	; 0x01
    36ea:	29 96       	adiw	r28, 0x09	; 9
    36ec:	cd bf       	out	0x3d, r28	; 61
    36ee:	de bf       	out	0x3e, r29	; 62
    36f0:	df 91       	pop	r29
    36f2:	cf 91       	pop	r28
    36f4:	08 95       	ret

000036f6 <vTaskSwitchContext>:
    36f6:	af 92       	push	r10
    36f8:	bf 92       	push	r11
    36fa:	cf 92       	push	r12
    36fc:	df 92       	push	r13
    36fe:	ef 92       	push	r14
    3700:	ff 92       	push	r15
    3702:	0f 93       	push	r16
    3704:	1f 93       	push	r17
    3706:	cf 93       	push	r28
    3708:	df 93       	push	r29
    370a:	cd b7       	in	r28, 0x3d	; 61
    370c:	de b7       	in	r29, 0x3e	; 62
    370e:	29 97       	sbiw	r28, 0x09	; 9
    3710:	cd bf       	out	0x3d, r28	; 61
    3712:	de bf       	out	0x3e, r29	; 62
    3714:	80 91 16 22 	lds	r24, 0x2216	; 0x802216 <uxSchedulerSuspended>
    3718:	88 23       	and	r24, r24
    371a:	21 f0       	breq	.+8      	; 0x3724 <vTaskSwitchContext+0x2e>
    371c:	81 e0       	ldi	r24, 0x01	; 1
    371e:	80 93 0f 22 	sts	0x220F, r24	; 0x80220f <xYieldPending>
    3722:	34 c1       	rjmp	.+616    	; 0x398c <vTaskSwitchContext+0x296>
    3724:	10 92 0f 22 	sts	0x220F, r1	; 0x80220f <xYieldPending>
    3728:	80 e0       	ldi	r24, 0x00	; 0
    372a:	98 e0       	ldi	r25, 0x08	; 8
    372c:	fc 01       	movw	r30, r24
    372e:	80 a1       	ldd	r24, Z+32	; 0x20
    3730:	91 a1       	ldd	r25, Z+33	; 0x21
    3732:	9c 01       	movw	r18, r24
    3734:	40 e0       	ldi	r20, 0x00	; 0
    3736:	50 e0       	ldi	r21, 0x00	; 0
    3738:	80 91 1f 24 	lds	r24, 0x241F	; 0x80241f <StatsTimer>
    373c:	90 91 20 24 	lds	r25, 0x2420	; 0x802420 <StatsTimer+0x1>
    3740:	a0 91 21 24 	lds	r26, 0x2421	; 0x802421 <StatsTimer+0x2>
    3744:	b0 91 22 24 	lds	r27, 0x2422	; 0x802422 <StatsTimer+0x3>
    3748:	82 0f       	add	r24, r18
    374a:	93 1f       	adc	r25, r19
    374c:	a4 1f       	adc	r26, r20
    374e:	b5 1f       	adc	r27, r21
    3750:	80 93 1b 22 	sts	0x221B, r24	; 0x80221b <ulTotalRunTime>
    3754:	90 93 1c 22 	sts	0x221C, r25	; 0x80221c <ulTotalRunTime+0x1>
    3758:	a0 93 1d 22 	sts	0x221D, r26	; 0x80221d <ulTotalRunTime+0x2>
    375c:	b0 93 1e 22 	sts	0x221E, r27	; 0x80221e <ulTotalRunTime+0x3>
    3760:	20 91 1b 22 	lds	r18, 0x221B	; 0x80221b <ulTotalRunTime>
    3764:	30 91 1c 22 	lds	r19, 0x221C	; 0x80221c <ulTotalRunTime+0x1>
    3768:	40 91 1d 22 	lds	r20, 0x221D	; 0x80221d <ulTotalRunTime+0x2>
    376c:	50 91 1e 22 	lds	r21, 0x221E	; 0x80221e <ulTotalRunTime+0x3>
    3770:	80 91 17 22 	lds	r24, 0x2217	; 0x802217 <ulTaskSwitchedInTime>
    3774:	90 91 18 22 	lds	r25, 0x2218	; 0x802218 <ulTaskSwitchedInTime+0x1>
    3778:	a0 91 19 22 	lds	r26, 0x2219	; 0x802219 <ulTaskSwitchedInTime+0x2>
    377c:	b0 91 1a 22 	lds	r27, 0x221A	; 0x80221a <ulTaskSwitchedInTime+0x3>
    3780:	82 17       	cp	r24, r18
    3782:	93 07       	cpc	r25, r19
    3784:	a4 07       	cpc	r26, r20
    3786:	b5 07       	cpc	r27, r21
    3788:	50 f5       	brcc	.+84     	; 0x37de <vTaskSwitchContext+0xe8>
    378a:	60 91 7b 21 	lds	r22, 0x217B	; 0x80217b <pxCurrentTCB>
    378e:	70 91 7c 21 	lds	r23, 0x217C	; 0x80217c <pxCurrentTCB+0x1>
    3792:	fb 01       	movw	r30, r22
    3794:	27 a1       	ldd	r18, Z+39	; 0x27
    3796:	30 a5       	ldd	r19, Z+40	; 0x28
    3798:	41 a5       	ldd	r20, Z+41	; 0x29
    379a:	52 a5       	ldd	r21, Z+42	; 0x2a
    379c:	e0 90 1b 22 	lds	r14, 0x221B	; 0x80221b <ulTotalRunTime>
    37a0:	f0 90 1c 22 	lds	r15, 0x221C	; 0x80221c <ulTotalRunTime+0x1>
    37a4:	00 91 1d 22 	lds	r16, 0x221D	; 0x80221d <ulTotalRunTime+0x2>
    37a8:	10 91 1e 22 	lds	r17, 0x221E	; 0x80221e <ulTotalRunTime+0x3>
    37ac:	80 91 17 22 	lds	r24, 0x2217	; 0x802217 <ulTaskSwitchedInTime>
    37b0:	90 91 18 22 	lds	r25, 0x2218	; 0x802218 <ulTaskSwitchedInTime+0x1>
    37b4:	a0 91 19 22 	lds	r26, 0x2219	; 0x802219 <ulTaskSwitchedInTime+0x2>
    37b8:	b0 91 1a 22 	lds	r27, 0x221A	; 0x80221a <ulTaskSwitchedInTime+0x3>
    37bc:	57 01       	movw	r10, r14
    37be:	68 01       	movw	r12, r16
    37c0:	a8 1a       	sub	r10, r24
    37c2:	b9 0a       	sbc	r11, r25
    37c4:	ca 0a       	sbc	r12, r26
    37c6:	db 0a       	sbc	r13, r27
    37c8:	d6 01       	movw	r26, r12
    37ca:	c5 01       	movw	r24, r10
    37cc:	82 0f       	add	r24, r18
    37ce:	93 1f       	adc	r25, r19
    37d0:	a4 1f       	adc	r26, r20
    37d2:	b5 1f       	adc	r27, r21
    37d4:	fb 01       	movw	r30, r22
    37d6:	87 a3       	std	Z+39, r24	; 0x27
    37d8:	90 a7       	std	Z+40, r25	; 0x28
    37da:	a1 a7       	std	Z+41, r26	; 0x29
    37dc:	b2 a7       	std	Z+42, r27	; 0x2a
    37de:	80 91 1b 22 	lds	r24, 0x221B	; 0x80221b <ulTotalRunTime>
    37e2:	90 91 1c 22 	lds	r25, 0x221C	; 0x80221c <ulTotalRunTime+0x1>
    37e6:	a0 91 1d 22 	lds	r26, 0x221D	; 0x80221d <ulTotalRunTime+0x2>
    37ea:	b0 91 1e 22 	lds	r27, 0x221E	; 0x80221e <ulTotalRunTime+0x3>
    37ee:	80 93 17 22 	sts	0x2217, r24	; 0x802217 <ulTaskSwitchedInTime>
    37f2:	90 93 18 22 	sts	0x2218, r25	; 0x802218 <ulTaskSwitchedInTime+0x1>
    37f6:	a0 93 19 22 	sts	0x2219, r26	; 0x802219 <ulTaskSwitchedInTime+0x2>
    37fa:	b0 93 1a 22 	sts	0x221A, r27	; 0x80221a <ulTaskSwitchedInTime+0x3>
    37fe:	80 91 7b 21 	lds	r24, 0x217B	; 0x80217b <pxCurrentTCB>
    3802:	90 91 7c 21 	lds	r25, 0x217C	; 0x80217c <pxCurrentTCB+0x1>
    3806:	fc 01       	movw	r30, r24
    3808:	87 89       	ldd	r24, Z+23	; 0x17
    380a:	90 8d       	ldd	r25, Z+24	; 0x18
    380c:	8a 83       	std	Y+2, r24	; 0x02
    380e:	9b 83       	std	Y+3, r25	; 0x03
    3810:	85 ea       	ldi	r24, 0xA5	; 165
    3812:	95 ea       	ldi	r25, 0xA5	; 165
    3814:	dc 01       	movw	r26, r24
    3816:	8c 83       	std	Y+4, r24	; 0x04
    3818:	9d 83       	std	Y+5, r25	; 0x05
    381a:	ae 83       	std	Y+6, r26	; 0x06
    381c:	bf 83       	std	Y+7, r27	; 0x07
    381e:	8a 81       	ldd	r24, Y+2	; 0x02
    3820:	9b 81       	ldd	r25, Y+3	; 0x03
    3822:	fc 01       	movw	r30, r24
    3824:	20 81       	ld	r18, Z
    3826:	31 81       	ldd	r19, Z+1	; 0x01
    3828:	42 81       	ldd	r20, Z+2	; 0x02
    382a:	53 81       	ldd	r21, Z+3	; 0x03
    382c:	8c 81       	ldd	r24, Y+4	; 0x04
    382e:	9d 81       	ldd	r25, Y+5	; 0x05
    3830:	ae 81       	ldd	r26, Y+6	; 0x06
    3832:	bf 81       	ldd	r27, Y+7	; 0x07
    3834:	28 17       	cp	r18, r24
    3836:	39 07       	cpc	r19, r25
    3838:	4a 07       	cpc	r20, r26
    383a:	5b 07       	cpc	r21, r27
    383c:	99 f5       	brne	.+102    	; 0x38a4 <vTaskSwitchContext+0x1ae>
    383e:	8a 81       	ldd	r24, Y+2	; 0x02
    3840:	9b 81       	ldd	r25, Y+3	; 0x03
    3842:	04 96       	adiw	r24, 0x04	; 4
    3844:	fc 01       	movw	r30, r24
    3846:	20 81       	ld	r18, Z
    3848:	31 81       	ldd	r19, Z+1	; 0x01
    384a:	42 81       	ldd	r20, Z+2	; 0x02
    384c:	53 81       	ldd	r21, Z+3	; 0x03
    384e:	8c 81       	ldd	r24, Y+4	; 0x04
    3850:	9d 81       	ldd	r25, Y+5	; 0x05
    3852:	ae 81       	ldd	r26, Y+6	; 0x06
    3854:	bf 81       	ldd	r27, Y+7	; 0x07
    3856:	28 17       	cp	r18, r24
    3858:	39 07       	cpc	r19, r25
    385a:	4a 07       	cpc	r20, r26
    385c:	5b 07       	cpc	r21, r27
    385e:	11 f5       	brne	.+68     	; 0x38a4 <vTaskSwitchContext+0x1ae>
    3860:	8a 81       	ldd	r24, Y+2	; 0x02
    3862:	9b 81       	ldd	r25, Y+3	; 0x03
    3864:	08 96       	adiw	r24, 0x08	; 8
    3866:	fc 01       	movw	r30, r24
    3868:	20 81       	ld	r18, Z
    386a:	31 81       	ldd	r19, Z+1	; 0x01
    386c:	42 81       	ldd	r20, Z+2	; 0x02
    386e:	53 81       	ldd	r21, Z+3	; 0x03
    3870:	8c 81       	ldd	r24, Y+4	; 0x04
    3872:	9d 81       	ldd	r25, Y+5	; 0x05
    3874:	ae 81       	ldd	r26, Y+6	; 0x06
    3876:	bf 81       	ldd	r27, Y+7	; 0x07
    3878:	28 17       	cp	r18, r24
    387a:	39 07       	cpc	r19, r25
    387c:	4a 07       	cpc	r20, r26
    387e:	5b 07       	cpc	r21, r27
    3880:	89 f4       	brne	.+34     	; 0x38a4 <vTaskSwitchContext+0x1ae>
    3882:	8a 81       	ldd	r24, Y+2	; 0x02
    3884:	9b 81       	ldd	r25, Y+3	; 0x03
    3886:	0c 96       	adiw	r24, 0x0c	; 12
    3888:	fc 01       	movw	r30, r24
    388a:	20 81       	ld	r18, Z
    388c:	31 81       	ldd	r19, Z+1	; 0x01
    388e:	42 81       	ldd	r20, Z+2	; 0x02
    3890:	53 81       	ldd	r21, Z+3	; 0x03
    3892:	8c 81       	ldd	r24, Y+4	; 0x04
    3894:	9d 81       	ldd	r25, Y+5	; 0x05
    3896:	ae 81       	ldd	r26, Y+6	; 0x06
    3898:	bf 81       	ldd	r27, Y+7	; 0x07
    389a:	28 17       	cp	r18, r24
    389c:	39 07       	cpc	r19, r25
    389e:	4a 07       	cpc	r20, r26
    38a0:	5b 07       	cpc	r21, r27
    38a2:	71 f0       	breq	.+28     	; 0x38c0 <vTaskSwitchContext+0x1ca>
    38a4:	80 91 7b 21 	lds	r24, 0x217B	; 0x80217b <pxCurrentTCB>
    38a8:	90 91 7c 21 	lds	r25, 0x217C	; 0x80217c <pxCurrentTCB+0x1>
    38ac:	9c 01       	movw	r18, r24
    38ae:	27 5e       	subi	r18, 0xE7	; 231
    38b0:	3f 4f       	sbci	r19, 0xFF	; 255
    38b2:	80 91 7b 21 	lds	r24, 0x217B	; 0x80217b <pxCurrentTCB>
    38b6:	90 91 7c 21 	lds	r25, 0x217C	; 0x80217c <pxCurrentTCB+0x1>
    38ba:	b9 01       	movw	r22, r18
    38bc:	0e 94 bb 23 	call	0x4776	; 0x4776 <vApplicationStackOverflowHook>
    38c0:	80 91 0c 22 	lds	r24, 0x220C	; 0x80220c <uxTopReadyPriority>
    38c4:	89 83       	std	Y+1, r24	; 0x01
    38c6:	0c c0       	rjmp	.+24     	; 0x38e0 <vTaskSwitchContext+0x1ea>
    38c8:	89 81       	ldd	r24, Y+1	; 0x01
    38ca:	88 23       	and	r24, r24
    38cc:	31 f4       	brne	.+12     	; 0x38da <vTaskSwitchContext+0x1e4>
    38ce:	6c e8       	ldi	r22, 0x8C	; 140
    38d0:	7b e0       	ldi	r23, 0x0B	; 11
    38d2:	8f e2       	ldi	r24, 0x2F	; 47
    38d4:	90 e2       	ldi	r25, 0x20	; 32
    38d6:	0e 94 c9 24 	call	0x4992	; 0x4992 <vAssertCalled>
    38da:	89 81       	ldd	r24, Y+1	; 0x01
    38dc:	81 50       	subi	r24, 0x01	; 1
    38de:	89 83       	std	Y+1, r24	; 0x01
    38e0:	89 81       	ldd	r24, Y+1	; 0x01
    38e2:	28 2f       	mov	r18, r24
    38e4:	30 e0       	ldi	r19, 0x00	; 0
    38e6:	c9 01       	movw	r24, r18
    38e8:	88 0f       	add	r24, r24
    38ea:	99 1f       	adc	r25, r25
    38ec:	88 0f       	add	r24, r24
    38ee:	99 1f       	adc	r25, r25
    38f0:	88 0f       	add	r24, r24
    38f2:	99 1f       	adc	r25, r25
    38f4:	82 0f       	add	r24, r18
    38f6:	93 1f       	adc	r25, r19
    38f8:	83 58       	subi	r24, 0x83	; 131
    38fa:	9e 4d       	sbci	r25, 0xDE	; 222
    38fc:	fc 01       	movw	r30, r24
    38fe:	80 81       	ld	r24, Z
    3900:	88 23       	and	r24, r24
    3902:	11 f3       	breq	.-60     	; 0x38c8 <vTaskSwitchContext+0x1d2>
    3904:	89 81       	ldd	r24, Y+1	; 0x01
    3906:	28 2f       	mov	r18, r24
    3908:	30 e0       	ldi	r19, 0x00	; 0
    390a:	c9 01       	movw	r24, r18
    390c:	88 0f       	add	r24, r24
    390e:	99 1f       	adc	r25, r25
    3910:	88 0f       	add	r24, r24
    3912:	99 1f       	adc	r25, r25
    3914:	88 0f       	add	r24, r24
    3916:	99 1f       	adc	r25, r25
    3918:	82 0f       	add	r24, r18
    391a:	93 1f       	adc	r25, r19
    391c:	83 58       	subi	r24, 0x83	; 131
    391e:	9e 4d       	sbci	r25, 0xDE	; 222
    3920:	88 87       	std	Y+8, r24	; 0x08
    3922:	99 87       	std	Y+9, r25	; 0x09
    3924:	88 85       	ldd	r24, Y+8	; 0x08
    3926:	99 85       	ldd	r25, Y+9	; 0x09
    3928:	fc 01       	movw	r30, r24
    392a:	81 81       	ldd	r24, Z+1	; 0x01
    392c:	92 81       	ldd	r25, Z+2	; 0x02
    392e:	fc 01       	movw	r30, r24
    3930:	22 81       	ldd	r18, Z+2	; 0x02
    3932:	33 81       	ldd	r19, Z+3	; 0x03
    3934:	88 85       	ldd	r24, Y+8	; 0x08
    3936:	99 85       	ldd	r25, Y+9	; 0x09
    3938:	fc 01       	movw	r30, r24
    393a:	21 83       	std	Z+1, r18	; 0x01
    393c:	32 83       	std	Z+2, r19	; 0x02
    393e:	88 85       	ldd	r24, Y+8	; 0x08
    3940:	99 85       	ldd	r25, Y+9	; 0x09
    3942:	fc 01       	movw	r30, r24
    3944:	21 81       	ldd	r18, Z+1	; 0x01
    3946:	32 81       	ldd	r19, Z+2	; 0x02
    3948:	88 85       	ldd	r24, Y+8	; 0x08
    394a:	99 85       	ldd	r25, Y+9	; 0x09
    394c:	03 96       	adiw	r24, 0x03	; 3
    394e:	28 17       	cp	r18, r24
    3950:	39 07       	cpc	r19, r25
    3952:	69 f4       	brne	.+26     	; 0x396e <vTaskSwitchContext+0x278>
    3954:	88 85       	ldd	r24, Y+8	; 0x08
    3956:	99 85       	ldd	r25, Y+9	; 0x09
    3958:	fc 01       	movw	r30, r24
    395a:	81 81       	ldd	r24, Z+1	; 0x01
    395c:	92 81       	ldd	r25, Z+2	; 0x02
    395e:	fc 01       	movw	r30, r24
    3960:	22 81       	ldd	r18, Z+2	; 0x02
    3962:	33 81       	ldd	r19, Z+3	; 0x03
    3964:	88 85       	ldd	r24, Y+8	; 0x08
    3966:	99 85       	ldd	r25, Y+9	; 0x09
    3968:	fc 01       	movw	r30, r24
    396a:	21 83       	std	Z+1, r18	; 0x01
    396c:	32 83       	std	Z+2, r19	; 0x02
    396e:	88 85       	ldd	r24, Y+8	; 0x08
    3970:	99 85       	ldd	r25, Y+9	; 0x09
    3972:	fc 01       	movw	r30, r24
    3974:	81 81       	ldd	r24, Z+1	; 0x01
    3976:	92 81       	ldd	r25, Z+2	; 0x02
    3978:	fc 01       	movw	r30, r24
    397a:	86 81       	ldd	r24, Z+6	; 0x06
    397c:	97 81       	ldd	r25, Z+7	; 0x07
    397e:	80 93 7b 21 	sts	0x217B, r24	; 0x80217b <pxCurrentTCB>
    3982:	90 93 7c 21 	sts	0x217C, r25	; 0x80217c <pxCurrentTCB+0x1>
    3986:	89 81       	ldd	r24, Y+1	; 0x01
    3988:	80 93 0c 22 	sts	0x220C, r24	; 0x80220c <uxTopReadyPriority>
    398c:	00 00       	nop
    398e:	29 96       	adiw	r28, 0x09	; 9
    3990:	cd bf       	out	0x3d, r28	; 61
    3992:	de bf       	out	0x3e, r29	; 62
    3994:	df 91       	pop	r29
    3996:	cf 91       	pop	r28
    3998:	1f 91       	pop	r17
    399a:	0f 91       	pop	r16
    399c:	ff 90       	pop	r15
    399e:	ef 90       	pop	r14
    39a0:	df 90       	pop	r13
    39a2:	cf 90       	pop	r12
    39a4:	bf 90       	pop	r11
    39a6:	af 90       	pop	r10
    39a8:	08 95       	ret

000039aa <vTaskPlaceOnEventList>:
    39aa:	cf 93       	push	r28
    39ac:	df 93       	push	r29
    39ae:	00 d0       	rcall	.+0      	; 0x39b0 <vTaskPlaceOnEventList+0x6>
    39b0:	1f 92       	push	r1
    39b2:	cd b7       	in	r28, 0x3d	; 61
    39b4:	de b7       	in	r29, 0x3e	; 62
    39b6:	89 83       	std	Y+1, r24	; 0x01
    39b8:	9a 83       	std	Y+2, r25	; 0x02
    39ba:	6b 83       	std	Y+3, r22	; 0x03
    39bc:	7c 83       	std	Y+4, r23	; 0x04
    39be:	89 81       	ldd	r24, Y+1	; 0x01
    39c0:	9a 81       	ldd	r25, Y+2	; 0x02
    39c2:	89 2b       	or	r24, r25
    39c4:	31 f4       	brne	.+12     	; 0x39d2 <vTaskPlaceOnEventList+0x28>
    39c6:	63 ea       	ldi	r22, 0xA3	; 163
    39c8:	7b e0       	ldi	r23, 0x0B	; 11
    39ca:	8f e2       	ldi	r24, 0x2F	; 47
    39cc:	90 e2       	ldi	r25, 0x20	; 32
    39ce:	0e 94 c9 24 	call	0x4992	; 0x4992 <vAssertCalled>
    39d2:	80 91 7b 21 	lds	r24, 0x217B	; 0x80217b <pxCurrentTCB>
    39d6:	90 91 7c 21 	lds	r25, 0x217C	; 0x80217c <pxCurrentTCB+0x1>
    39da:	9c 01       	movw	r18, r24
    39dc:	24 5f       	subi	r18, 0xF4	; 244
    39de:	3f 4f       	sbci	r19, 0xFF	; 255
    39e0:	89 81       	ldd	r24, Y+1	; 0x01
    39e2:	9a 81       	ldd	r25, Y+2	; 0x02
    39e4:	b9 01       	movw	r22, r18
    39e6:	0e 94 07 0c 	call	0x180e	; 0x180e <vListInsert>
    39ea:	8b 81       	ldd	r24, Y+3	; 0x03
    39ec:	9c 81       	ldd	r25, Y+4	; 0x04
    39ee:	61 e0       	ldi	r22, 0x01	; 1
    39f0:	0e 94 3f 22 	call	0x447e	; 0x447e <prvAddCurrentTaskToDelayedList>
    39f4:	00 00       	nop
    39f6:	24 96       	adiw	r28, 0x04	; 4
    39f8:	cd bf       	out	0x3d, r28	; 61
    39fa:	de bf       	out	0x3e, r29	; 62
    39fc:	df 91       	pop	r29
    39fe:	cf 91       	pop	r28
    3a00:	08 95       	ret

00003a02 <xTaskRemoveFromEventList>:
    3a02:	cf 93       	push	r28
    3a04:	df 93       	push	r29
    3a06:	cd b7       	in	r28, 0x3d	; 61
    3a08:	de b7       	in	r29, 0x3e	; 62
    3a0a:	25 97       	sbiw	r28, 0x05	; 5
    3a0c:	cd bf       	out	0x3d, r28	; 61
    3a0e:	de bf       	out	0x3e, r29	; 62
    3a10:	8c 83       	std	Y+4, r24	; 0x04
    3a12:	9d 83       	std	Y+5, r25	; 0x05
    3a14:	8c 81       	ldd	r24, Y+4	; 0x04
    3a16:	9d 81       	ldd	r25, Y+5	; 0x05
    3a18:	fc 01       	movw	r30, r24
    3a1a:	85 81       	ldd	r24, Z+5	; 0x05
    3a1c:	96 81       	ldd	r25, Z+6	; 0x06
    3a1e:	fc 01       	movw	r30, r24
    3a20:	86 81       	ldd	r24, Z+6	; 0x06
    3a22:	97 81       	ldd	r25, Z+7	; 0x07
    3a24:	8a 83       	std	Y+2, r24	; 0x02
    3a26:	9b 83       	std	Y+3, r25	; 0x03
    3a28:	8a 81       	ldd	r24, Y+2	; 0x02
    3a2a:	9b 81       	ldd	r25, Y+3	; 0x03
    3a2c:	89 2b       	or	r24, r25
    3a2e:	31 f4       	brne	.+12     	; 0x3a3c <xTaskRemoveFromEventList+0x3a>
    3a30:	6e ef       	ldi	r22, 0xFE	; 254
    3a32:	7b e0       	ldi	r23, 0x0B	; 11
    3a34:	8f e2       	ldi	r24, 0x2F	; 47
    3a36:	90 e2       	ldi	r25, 0x20	; 32
    3a38:	0e 94 c9 24 	call	0x4992	; 0x4992 <vAssertCalled>
    3a3c:	8a 81       	ldd	r24, Y+2	; 0x02
    3a3e:	9b 81       	ldd	r25, Y+3	; 0x03
    3a40:	0c 96       	adiw	r24, 0x0c	; 12
    3a42:	0e 94 79 0c 	call	0x18f2	; 0x18f2 <uxListRemove>
    3a46:	80 91 16 22 	lds	r24, 0x2216	; 0x802216 <uxSchedulerSuspended>
    3a4a:	88 23       	and	r24, r24
    3a4c:	69 f5       	brne	.+90     	; 0x3aa8 <xTaskRemoveFromEventList+0xa6>
    3a4e:	8a 81       	ldd	r24, Y+2	; 0x02
    3a50:	9b 81       	ldd	r25, Y+3	; 0x03
    3a52:	02 96       	adiw	r24, 0x02	; 2
    3a54:	0e 94 79 0c 	call	0x18f2	; 0x18f2 <uxListRemove>
    3a58:	8a 81       	ldd	r24, Y+2	; 0x02
    3a5a:	9b 81       	ldd	r25, Y+3	; 0x03
    3a5c:	fc 01       	movw	r30, r24
    3a5e:	96 89       	ldd	r25, Z+22	; 0x16
    3a60:	80 91 0c 22 	lds	r24, 0x220C	; 0x80220c <uxTopReadyPriority>
    3a64:	89 17       	cp	r24, r25
    3a66:	30 f4       	brcc	.+12     	; 0x3a74 <xTaskRemoveFromEventList+0x72>
    3a68:	8a 81       	ldd	r24, Y+2	; 0x02
    3a6a:	9b 81       	ldd	r25, Y+3	; 0x03
    3a6c:	fc 01       	movw	r30, r24
    3a6e:	86 89       	ldd	r24, Z+22	; 0x16
    3a70:	80 93 0c 22 	sts	0x220C, r24	; 0x80220c <uxTopReadyPriority>
    3a74:	8a 81       	ldd	r24, Y+2	; 0x02
    3a76:	9b 81       	ldd	r25, Y+3	; 0x03
    3a78:	ac 01       	movw	r20, r24
    3a7a:	4e 5f       	subi	r20, 0xFE	; 254
    3a7c:	5f 4f       	sbci	r21, 0xFF	; 255
    3a7e:	8a 81       	ldd	r24, Y+2	; 0x02
    3a80:	9b 81       	ldd	r25, Y+3	; 0x03
    3a82:	fc 01       	movw	r30, r24
    3a84:	86 89       	ldd	r24, Z+22	; 0x16
    3a86:	28 2f       	mov	r18, r24
    3a88:	30 e0       	ldi	r19, 0x00	; 0
    3a8a:	c9 01       	movw	r24, r18
    3a8c:	88 0f       	add	r24, r24
    3a8e:	99 1f       	adc	r25, r25
    3a90:	88 0f       	add	r24, r24
    3a92:	99 1f       	adc	r25, r25
    3a94:	88 0f       	add	r24, r24
    3a96:	99 1f       	adc	r25, r25
    3a98:	82 0f       	add	r24, r18
    3a9a:	93 1f       	adc	r25, r19
    3a9c:	83 58       	subi	r24, 0x83	; 131
    3a9e:	9e 4d       	sbci	r25, 0xDE	; 222
    3aa0:	ba 01       	movw	r22, r20
    3aa2:	0e 94 bc 0b 	call	0x1778	; 0x1778 <vListInsertEnd>
    3aa6:	08 c0       	rjmp	.+16     	; 0x3ab8 <xTaskRemoveFromEventList+0xb6>
    3aa8:	8a 81       	ldd	r24, Y+2	; 0x02
    3aaa:	9b 81       	ldd	r25, Y+3	; 0x03
    3aac:	0c 96       	adiw	r24, 0x0c	; 12
    3aae:	bc 01       	movw	r22, r24
    3ab0:	8d ee       	ldi	r24, 0xED	; 237
    3ab2:	91 e2       	ldi	r25, 0x21	; 33
    3ab4:	0e 94 bc 0b 	call	0x1778	; 0x1778 <vListInsertEnd>
    3ab8:	8a 81       	ldd	r24, Y+2	; 0x02
    3aba:	9b 81       	ldd	r25, Y+3	; 0x03
    3abc:	fc 01       	movw	r30, r24
    3abe:	26 89       	ldd	r18, Z+22	; 0x16
    3ac0:	80 91 7b 21 	lds	r24, 0x217B	; 0x80217b <pxCurrentTCB>
    3ac4:	90 91 7c 21 	lds	r25, 0x217C	; 0x80217c <pxCurrentTCB+0x1>
    3ac8:	fc 01       	movw	r30, r24
    3aca:	86 89       	ldd	r24, Z+22	; 0x16
    3acc:	82 17       	cp	r24, r18
    3ace:	30 f4       	brcc	.+12     	; 0x3adc <xTaskRemoveFromEventList+0xda>
    3ad0:	81 e0       	ldi	r24, 0x01	; 1
    3ad2:	89 83       	std	Y+1, r24	; 0x01
    3ad4:	81 e0       	ldi	r24, 0x01	; 1
    3ad6:	80 93 0f 22 	sts	0x220F, r24	; 0x80220f <xYieldPending>
    3ada:	01 c0       	rjmp	.+2      	; 0x3ade <xTaskRemoveFromEventList+0xdc>
    3adc:	19 82       	std	Y+1, r1	; 0x01
    3ade:	89 81       	ldd	r24, Y+1	; 0x01
    3ae0:	25 96       	adiw	r28, 0x05	; 5
    3ae2:	cd bf       	out	0x3d, r28	; 61
    3ae4:	de bf       	out	0x3e, r29	; 62
    3ae6:	df 91       	pop	r29
    3ae8:	cf 91       	pop	r28
    3aea:	08 95       	ret

00003aec <vTaskInternalSetTimeOutState>:
    3aec:	cf 93       	push	r28
    3aee:	df 93       	push	r29
    3af0:	1f 92       	push	r1
    3af2:	1f 92       	push	r1
    3af4:	cd b7       	in	r28, 0x3d	; 61
    3af6:	de b7       	in	r29, 0x3e	; 62
    3af8:	89 83       	std	Y+1, r24	; 0x01
    3afa:	9a 83       	std	Y+2, r25	; 0x02
    3afc:	20 91 10 22 	lds	r18, 0x2210	; 0x802210 <xNumOfOverflows>
    3b00:	89 81       	ldd	r24, Y+1	; 0x01
    3b02:	9a 81       	ldd	r25, Y+2	; 0x02
    3b04:	fc 01       	movw	r30, r24
    3b06:	20 83       	st	Z, r18
    3b08:	20 91 0a 22 	lds	r18, 0x220A	; 0x80220a <xTickCount>
    3b0c:	30 91 0b 22 	lds	r19, 0x220B	; 0x80220b <xTickCount+0x1>
    3b10:	89 81       	ldd	r24, Y+1	; 0x01
    3b12:	9a 81       	ldd	r25, Y+2	; 0x02
    3b14:	fc 01       	movw	r30, r24
    3b16:	21 83       	std	Z+1, r18	; 0x01
    3b18:	32 83       	std	Z+2, r19	; 0x02
    3b1a:	00 00       	nop
    3b1c:	0f 90       	pop	r0
    3b1e:	0f 90       	pop	r0
    3b20:	df 91       	pop	r29
    3b22:	cf 91       	pop	r28
    3b24:	08 95       	ret

00003b26 <xTaskCheckForTimeOut>:
    3b26:	cf 93       	push	r28
    3b28:	df 93       	push	r29
    3b2a:	cd b7       	in	r28, 0x3d	; 61
    3b2c:	de b7       	in	r29, 0x3e	; 62
    3b2e:	29 97       	sbiw	r28, 0x09	; 9
    3b30:	cd bf       	out	0x3d, r28	; 61
    3b32:	de bf       	out	0x3e, r29	; 62
    3b34:	8e 83       	std	Y+6, r24	; 0x06
    3b36:	9f 83       	std	Y+7, r25	; 0x07
    3b38:	68 87       	std	Y+8, r22	; 0x08
    3b3a:	79 87       	std	Y+9, r23	; 0x09
    3b3c:	8e 81       	ldd	r24, Y+6	; 0x06
    3b3e:	9f 81       	ldd	r25, Y+7	; 0x07
    3b40:	89 2b       	or	r24, r25
    3b42:	31 f4       	brne	.+12     	; 0x3b50 <xTaskCheckForTimeOut+0x2a>
    3b44:	69 e6       	ldi	r22, 0x69	; 105
    3b46:	7c e0       	ldi	r23, 0x0C	; 12
    3b48:	8f e2       	ldi	r24, 0x2F	; 47
    3b4a:	90 e2       	ldi	r25, 0x20	; 32
    3b4c:	0e 94 c9 24 	call	0x4992	; 0x4992 <vAssertCalled>
    3b50:	88 85       	ldd	r24, Y+8	; 0x08
    3b52:	99 85       	ldd	r25, Y+9	; 0x09
    3b54:	89 2b       	or	r24, r25
    3b56:	31 f4       	brne	.+12     	; 0x3b64 <xTaskCheckForTimeOut+0x3e>
    3b58:	6a e6       	ldi	r22, 0x6A	; 106
    3b5a:	7c e0       	ldi	r23, 0x0C	; 12
    3b5c:	8f e2       	ldi	r24, 0x2F	; 47
    3b5e:	90 e2       	ldi	r25, 0x20	; 32
    3b60:	0e 94 c9 24 	call	0x4992	; 0x4992 <vAssertCalled>
    3b64:	0f b6       	in	r0, 0x3f	; 63
    3b66:	f8 94       	cli
    3b68:	0f 92       	push	r0
    3b6a:	80 91 0a 22 	lds	r24, 0x220A	; 0x80220a <xTickCount>
    3b6e:	90 91 0b 22 	lds	r25, 0x220B	; 0x80220b <xTickCount+0x1>
    3b72:	8a 83       	std	Y+2, r24	; 0x02
    3b74:	9b 83       	std	Y+3, r25	; 0x03
    3b76:	8e 81       	ldd	r24, Y+6	; 0x06
    3b78:	9f 81       	ldd	r25, Y+7	; 0x07
    3b7a:	fc 01       	movw	r30, r24
    3b7c:	81 81       	ldd	r24, Z+1	; 0x01
    3b7e:	92 81       	ldd	r25, Z+2	; 0x02
    3b80:	2a 81       	ldd	r18, Y+2	; 0x02
    3b82:	3b 81       	ldd	r19, Y+3	; 0x03
    3b84:	a9 01       	movw	r20, r18
    3b86:	48 1b       	sub	r20, r24
    3b88:	59 0b       	sbc	r21, r25
    3b8a:	ca 01       	movw	r24, r20
    3b8c:	8c 83       	std	Y+4, r24	; 0x04
    3b8e:	9d 83       	std	Y+5, r25	; 0x05
    3b90:	88 85       	ldd	r24, Y+8	; 0x08
    3b92:	99 85       	ldd	r25, Y+9	; 0x09
    3b94:	fc 01       	movw	r30, r24
    3b96:	80 81       	ld	r24, Z
    3b98:	91 81       	ldd	r25, Z+1	; 0x01
    3b9a:	01 96       	adiw	r24, 0x01	; 1
    3b9c:	11 f4       	brne	.+4      	; 0x3ba2 <xTaskCheckForTimeOut+0x7c>
    3b9e:	19 82       	std	Y+1, r1	; 0x01
    3ba0:	3a c0       	rjmp	.+116    	; 0x3c16 <xTaskCheckForTimeOut+0xf0>
    3ba2:	8e 81       	ldd	r24, Y+6	; 0x06
    3ba4:	9f 81       	ldd	r25, Y+7	; 0x07
    3ba6:	fc 01       	movw	r30, r24
    3ba8:	90 81       	ld	r25, Z
    3baa:	80 91 10 22 	lds	r24, 0x2210	; 0x802210 <xNumOfOverflows>
    3bae:	98 17       	cp	r25, r24
    3bb0:	69 f0       	breq	.+26     	; 0x3bcc <xTaskCheckForTimeOut+0xa6>
    3bb2:	8e 81       	ldd	r24, Y+6	; 0x06
    3bb4:	9f 81       	ldd	r25, Y+7	; 0x07
    3bb6:	fc 01       	movw	r30, r24
    3bb8:	21 81       	ldd	r18, Z+1	; 0x01
    3bba:	32 81       	ldd	r19, Z+2	; 0x02
    3bbc:	8a 81       	ldd	r24, Y+2	; 0x02
    3bbe:	9b 81       	ldd	r25, Y+3	; 0x03
    3bc0:	82 17       	cp	r24, r18
    3bc2:	93 07       	cpc	r25, r19
    3bc4:	18 f0       	brcs	.+6      	; 0x3bcc <xTaskCheckForTimeOut+0xa6>
    3bc6:	81 e0       	ldi	r24, 0x01	; 1
    3bc8:	89 83       	std	Y+1, r24	; 0x01
    3bca:	25 c0       	rjmp	.+74     	; 0x3c16 <xTaskCheckForTimeOut+0xf0>
    3bcc:	88 85       	ldd	r24, Y+8	; 0x08
    3bce:	99 85       	ldd	r25, Y+9	; 0x09
    3bd0:	fc 01       	movw	r30, r24
    3bd2:	20 81       	ld	r18, Z
    3bd4:	31 81       	ldd	r19, Z+1	; 0x01
    3bd6:	8c 81       	ldd	r24, Y+4	; 0x04
    3bd8:	9d 81       	ldd	r25, Y+5	; 0x05
    3bda:	82 17       	cp	r24, r18
    3bdc:	93 07       	cpc	r25, r19
    3bde:	a0 f4       	brcc	.+40     	; 0x3c08 <xTaskCheckForTimeOut+0xe2>
    3be0:	88 85       	ldd	r24, Y+8	; 0x08
    3be2:	99 85       	ldd	r25, Y+9	; 0x09
    3be4:	fc 01       	movw	r30, r24
    3be6:	20 81       	ld	r18, Z
    3be8:	31 81       	ldd	r19, Z+1	; 0x01
    3bea:	8c 81       	ldd	r24, Y+4	; 0x04
    3bec:	9d 81       	ldd	r25, Y+5	; 0x05
    3bee:	28 1b       	sub	r18, r24
    3bf0:	39 0b       	sbc	r19, r25
    3bf2:	88 85       	ldd	r24, Y+8	; 0x08
    3bf4:	99 85       	ldd	r25, Y+9	; 0x09
    3bf6:	fc 01       	movw	r30, r24
    3bf8:	20 83       	st	Z, r18
    3bfa:	31 83       	std	Z+1, r19	; 0x01
    3bfc:	8e 81       	ldd	r24, Y+6	; 0x06
    3bfe:	9f 81       	ldd	r25, Y+7	; 0x07
    3c00:	0e 94 76 1d 	call	0x3aec	; 0x3aec <vTaskInternalSetTimeOutState>
    3c04:	19 82       	std	Y+1, r1	; 0x01
    3c06:	07 c0       	rjmp	.+14     	; 0x3c16 <xTaskCheckForTimeOut+0xf0>
    3c08:	88 85       	ldd	r24, Y+8	; 0x08
    3c0a:	99 85       	ldd	r25, Y+9	; 0x09
    3c0c:	fc 01       	movw	r30, r24
    3c0e:	10 82       	st	Z, r1
    3c10:	11 82       	std	Z+1, r1	; 0x01
    3c12:	81 e0       	ldi	r24, 0x01	; 1
    3c14:	89 83       	std	Y+1, r24	; 0x01
    3c16:	0f 90       	pop	r0
    3c18:	0f be       	out	0x3f, r0	; 63
    3c1a:	89 81       	ldd	r24, Y+1	; 0x01
    3c1c:	29 96       	adiw	r28, 0x09	; 9
    3c1e:	cd bf       	out	0x3d, r28	; 61
    3c20:	de bf       	out	0x3e, r29	; 62
    3c22:	df 91       	pop	r29
    3c24:	cf 91       	pop	r28
    3c26:	08 95       	ret

00003c28 <vTaskMissedYield>:
    3c28:	cf 93       	push	r28
    3c2a:	df 93       	push	r29
    3c2c:	cd b7       	in	r28, 0x3d	; 61
    3c2e:	de b7       	in	r29, 0x3e	; 62
    3c30:	81 e0       	ldi	r24, 0x01	; 1
    3c32:	80 93 0f 22 	sts	0x220F, r24	; 0x80220f <xYieldPending>
    3c36:	00 00       	nop
    3c38:	df 91       	pop	r29
    3c3a:	cf 91       	pop	r28
    3c3c:	08 95       	ret

00003c3e <prvIdleTask>:
    3c3e:	cf 93       	push	r28
    3c40:	df 93       	push	r29
    3c42:	1f 92       	push	r1
    3c44:	1f 92       	push	r1
    3c46:	cd b7       	in	r28, 0x3d	; 61
    3c48:	de b7       	in	r29, 0x3e	; 62
    3c4a:	89 83       	std	Y+1, r24	; 0x01
    3c4c:	9a 83       	std	Y+2, r25	; 0x02
    3c4e:	0e 94 74 1e 	call	0x3ce8	; 0x3ce8 <prvCheckTasksWaitingTermination>
    3c52:	80 91 7d 21 	lds	r24, 0x217D	; 0x80217d <pxReadyTasksLists>
    3c56:	82 30       	cpi	r24, 0x02	; 2
    3c58:	10 f0       	brcs	.+4      	; 0x3c5e <prvIdleTask+0x20>
    3c5a:	0e 94 b7 0e 	call	0x1d6e	; 0x1d6e <vPortYield>
    3c5e:	0e 94 b3 22 	call	0x4566	; 0x4566 <vApplicationIdleHook>
    3c62:	f5 cf       	rjmp	.-22     	; 0x3c4e <prvIdleTask+0x10>

00003c64 <prvInitialiseTaskLists>:
    3c64:	cf 93       	push	r28
    3c66:	df 93       	push	r29
    3c68:	1f 92       	push	r1
    3c6a:	cd b7       	in	r28, 0x3d	; 61
    3c6c:	de b7       	in	r29, 0x3e	; 62
    3c6e:	19 82       	std	Y+1, r1	; 0x01
    3c70:	13 c0       	rjmp	.+38     	; 0x3c98 <prvInitialiseTaskLists+0x34>
    3c72:	89 81       	ldd	r24, Y+1	; 0x01
    3c74:	28 2f       	mov	r18, r24
    3c76:	30 e0       	ldi	r19, 0x00	; 0
    3c78:	c9 01       	movw	r24, r18
    3c7a:	88 0f       	add	r24, r24
    3c7c:	99 1f       	adc	r25, r25
    3c7e:	88 0f       	add	r24, r24
    3c80:	99 1f       	adc	r25, r25
    3c82:	88 0f       	add	r24, r24
    3c84:	99 1f       	adc	r25, r25
    3c86:	82 0f       	add	r24, r18
    3c88:	93 1f       	adc	r25, r19
    3c8a:	83 58       	subi	r24, 0x83	; 131
    3c8c:	9e 4d       	sbci	r25, 0xDE	; 222
    3c8e:	0e 94 72 0b 	call	0x16e4	; 0x16e4 <vListInitialise>
    3c92:	89 81       	ldd	r24, Y+1	; 0x01
    3c94:	8f 5f       	subi	r24, 0xFF	; 255
    3c96:	89 83       	std	Y+1, r24	; 0x01
    3c98:	89 81       	ldd	r24, Y+1	; 0x01
    3c9a:	8a 30       	cpi	r24, 0x0A	; 10
    3c9c:	50 f3       	brcs	.-44     	; 0x3c72 <prvInitialiseTaskLists+0xe>
    3c9e:	87 ed       	ldi	r24, 0xD7	; 215
    3ca0:	91 e2       	ldi	r25, 0x21	; 33
    3ca2:	0e 94 72 0b 	call	0x16e4	; 0x16e4 <vListInitialise>
    3ca6:	80 ee       	ldi	r24, 0xE0	; 224
    3ca8:	91 e2       	ldi	r25, 0x21	; 33
    3caa:	0e 94 72 0b 	call	0x16e4	; 0x16e4 <vListInitialise>
    3cae:	8d ee       	ldi	r24, 0xED	; 237
    3cb0:	91 e2       	ldi	r25, 0x21	; 33
    3cb2:	0e 94 72 0b 	call	0x16e4	; 0x16e4 <vListInitialise>
    3cb6:	86 ef       	ldi	r24, 0xF6	; 246
    3cb8:	91 e2       	ldi	r25, 0x21	; 33
    3cba:	0e 94 72 0b 	call	0x16e4	; 0x16e4 <vListInitialise>
    3cbe:	80 e0       	ldi	r24, 0x00	; 0
    3cc0:	92 e2       	ldi	r25, 0x22	; 34
    3cc2:	0e 94 72 0b 	call	0x16e4	; 0x16e4 <vListInitialise>
    3cc6:	87 ed       	ldi	r24, 0xD7	; 215
    3cc8:	91 e2       	ldi	r25, 0x21	; 33
    3cca:	80 93 e9 21 	sts	0x21E9, r24	; 0x8021e9 <pxDelayedTaskList>
    3cce:	90 93 ea 21 	sts	0x21EA, r25	; 0x8021ea <pxDelayedTaskList+0x1>
    3cd2:	80 ee       	ldi	r24, 0xE0	; 224
    3cd4:	91 e2       	ldi	r25, 0x21	; 33
    3cd6:	80 93 eb 21 	sts	0x21EB, r24	; 0x8021eb <pxOverflowDelayedTaskList>
    3cda:	90 93 ec 21 	sts	0x21EC, r25	; 0x8021ec <pxOverflowDelayedTaskList+0x1>
    3cde:	00 00       	nop
    3ce0:	0f 90       	pop	r0
    3ce2:	df 91       	pop	r29
    3ce4:	cf 91       	pop	r28
    3ce6:	08 95       	ret

00003ce8 <prvCheckTasksWaitingTermination>:
    3ce8:	cf 93       	push	r28
    3cea:	df 93       	push	r29
    3cec:	1f 92       	push	r1
    3cee:	1f 92       	push	r1
    3cf0:	cd b7       	in	r28, 0x3d	; 61
    3cf2:	de b7       	in	r29, 0x3e	; 62
    3cf4:	21 c0       	rjmp	.+66     	; 0x3d38 <prvCheckTasksWaitingTermination+0x50>
    3cf6:	0f b6       	in	r0, 0x3f	; 63
    3cf8:	f8 94       	cli
    3cfa:	0f 92       	push	r0
    3cfc:	80 91 fb 21 	lds	r24, 0x21FB	; 0x8021fb <xTasksWaitingTermination+0x5>
    3d00:	90 91 fc 21 	lds	r25, 0x21FC	; 0x8021fc <xTasksWaitingTermination+0x6>
    3d04:	fc 01       	movw	r30, r24
    3d06:	86 81       	ldd	r24, Z+6	; 0x06
    3d08:	97 81       	ldd	r25, Z+7	; 0x07
    3d0a:	89 83       	std	Y+1, r24	; 0x01
    3d0c:	9a 83       	std	Y+2, r25	; 0x02
    3d0e:	89 81       	ldd	r24, Y+1	; 0x01
    3d10:	9a 81       	ldd	r25, Y+2	; 0x02
    3d12:	02 96       	adiw	r24, 0x02	; 2
    3d14:	0e 94 79 0c 	call	0x18f2	; 0x18f2 <uxListRemove>
    3d18:	80 91 09 22 	lds	r24, 0x2209	; 0x802209 <uxCurrentNumberOfTasks>
    3d1c:	81 50       	subi	r24, 0x01	; 1
    3d1e:	80 93 09 22 	sts	0x2209, r24	; 0x802209 <uxCurrentNumberOfTasks>
    3d22:	80 91 ff 21 	lds	r24, 0x21FF	; 0x8021ff <uxDeletedTasksWaitingCleanUp>
    3d26:	81 50       	subi	r24, 0x01	; 1
    3d28:	80 93 ff 21 	sts	0x21FF, r24	; 0x8021ff <uxDeletedTasksWaitingCleanUp>
    3d2c:	0f 90       	pop	r0
    3d2e:	0f be       	out	0x3f, r0	; 63
    3d30:	89 81       	ldd	r24, Y+1	; 0x01
    3d32:	9a 81       	ldd	r25, Y+2	; 0x02
    3d34:	0e 94 1c 20 	call	0x4038	; 0x4038 <prvDeleteTCB>
    3d38:	80 91 ff 21 	lds	r24, 0x21FF	; 0x8021ff <uxDeletedTasksWaitingCleanUp>
    3d3c:	88 23       	and	r24, r24
    3d3e:	d9 f6       	brne	.-74     	; 0x3cf6 <prvCheckTasksWaitingTermination+0xe>
    3d40:	00 00       	nop
    3d42:	0f 90       	pop	r0
    3d44:	0f 90       	pop	r0
    3d46:	df 91       	pop	r29
    3d48:	cf 91       	pop	r28
    3d4a:	08 95       	ret

00003d4c <vTaskGetInfo>:
    3d4c:	cf 93       	push	r28
    3d4e:	df 93       	push	r29
    3d50:	cd b7       	in	r28, 0x3d	; 61
    3d52:	de b7       	in	r29, 0x3e	; 62
    3d54:	28 97       	sbiw	r28, 0x08	; 8
    3d56:	cd bf       	out	0x3d, r28	; 61
    3d58:	de bf       	out	0x3e, r29	; 62
    3d5a:	8b 83       	std	Y+3, r24	; 0x03
    3d5c:	9c 83       	std	Y+4, r25	; 0x04
    3d5e:	6d 83       	std	Y+5, r22	; 0x05
    3d60:	7e 83       	std	Y+6, r23	; 0x06
    3d62:	4f 83       	std	Y+7, r20	; 0x07
    3d64:	28 87       	std	Y+8, r18	; 0x08
    3d66:	8b 81       	ldd	r24, Y+3	; 0x03
    3d68:	9c 81       	ldd	r25, Y+4	; 0x04
    3d6a:	89 2b       	or	r24, r25
    3d6c:	29 f4       	brne	.+10     	; 0x3d78 <vTaskGetInfo+0x2c>
    3d6e:	80 91 7b 21 	lds	r24, 0x217B	; 0x80217b <pxCurrentTCB>
    3d72:	90 91 7c 21 	lds	r25, 0x217C	; 0x80217c <pxCurrentTCB+0x1>
    3d76:	02 c0       	rjmp	.+4      	; 0x3d7c <vTaskGetInfo+0x30>
    3d78:	8b 81       	ldd	r24, Y+3	; 0x03
    3d7a:	9c 81       	ldd	r25, Y+4	; 0x04
    3d7c:	89 83       	std	Y+1, r24	; 0x01
    3d7e:	9a 83       	std	Y+2, r25	; 0x02
    3d80:	8d 81       	ldd	r24, Y+5	; 0x05
    3d82:	9e 81       	ldd	r25, Y+6	; 0x06
    3d84:	29 81       	ldd	r18, Y+1	; 0x01
    3d86:	3a 81       	ldd	r19, Y+2	; 0x02
    3d88:	fc 01       	movw	r30, r24
    3d8a:	20 83       	st	Z, r18
    3d8c:	31 83       	std	Z+1, r19	; 0x01
    3d8e:	89 81       	ldd	r24, Y+1	; 0x01
    3d90:	9a 81       	ldd	r25, Y+2	; 0x02
    3d92:	9c 01       	movw	r18, r24
    3d94:	27 5e       	subi	r18, 0xE7	; 231
    3d96:	3f 4f       	sbci	r19, 0xFF	; 255
    3d98:	8d 81       	ldd	r24, Y+5	; 0x05
    3d9a:	9e 81       	ldd	r25, Y+6	; 0x06
    3d9c:	fc 01       	movw	r30, r24
    3d9e:	22 83       	std	Z+2, r18	; 0x02
    3da0:	33 83       	std	Z+3, r19	; 0x03
    3da2:	89 81       	ldd	r24, Y+1	; 0x01
    3da4:	9a 81       	ldd	r25, Y+2	; 0x02
    3da6:	fc 01       	movw	r30, r24
    3da8:	26 89       	ldd	r18, Z+22	; 0x16
    3daa:	8d 81       	ldd	r24, Y+5	; 0x05
    3dac:	9e 81       	ldd	r25, Y+6	; 0x06
    3dae:	fc 01       	movw	r30, r24
    3db0:	26 83       	std	Z+6, r18	; 0x06
    3db2:	89 81       	ldd	r24, Y+1	; 0x01
    3db4:	9a 81       	ldd	r25, Y+2	; 0x02
    3db6:	fc 01       	movw	r30, r24
    3db8:	27 89       	ldd	r18, Z+23	; 0x17
    3dba:	30 8d       	ldd	r19, Z+24	; 0x18
    3dbc:	8d 81       	ldd	r24, Y+5	; 0x05
    3dbe:	9e 81       	ldd	r25, Y+6	; 0x06
    3dc0:	fc 01       	movw	r30, r24
    3dc2:	24 87       	std	Z+12, r18	; 0x0c
    3dc4:	35 87       	std	Z+13, r19	; 0x0d
    3dc6:	89 81       	ldd	r24, Y+1	; 0x01
    3dc8:	9a 81       	ldd	r25, Y+2	; 0x02
    3dca:	fc 01       	movw	r30, r24
    3dcc:	21 a1       	ldd	r18, Z+33	; 0x21
    3dce:	8d 81       	ldd	r24, Y+5	; 0x05
    3dd0:	9e 81       	ldd	r25, Y+6	; 0x06
    3dd2:	fc 01       	movw	r30, r24
    3dd4:	24 83       	std	Z+4, r18	; 0x04
    3dd6:	89 81       	ldd	r24, Y+1	; 0x01
    3dd8:	9a 81       	ldd	r25, Y+2	; 0x02
    3dda:	fc 01       	movw	r30, r24
    3ddc:	23 a1       	ldd	r18, Z+35	; 0x23
    3dde:	8d 81       	ldd	r24, Y+5	; 0x05
    3de0:	9e 81       	ldd	r25, Y+6	; 0x06
    3de2:	fc 01       	movw	r30, r24
    3de4:	27 83       	std	Z+7, r18	; 0x07
    3de6:	89 81       	ldd	r24, Y+1	; 0x01
    3de8:	9a 81       	ldd	r25, Y+2	; 0x02
    3dea:	fc 01       	movw	r30, r24
    3dec:	87 a1       	ldd	r24, Z+39	; 0x27
    3dee:	90 a5       	ldd	r25, Z+40	; 0x28
    3df0:	a1 a5       	ldd	r26, Z+41	; 0x29
    3df2:	b2 a5       	ldd	r27, Z+42	; 0x2a
    3df4:	2d 81       	ldd	r18, Y+5	; 0x05
    3df6:	3e 81       	ldd	r19, Y+6	; 0x06
    3df8:	f9 01       	movw	r30, r18
    3dfa:	80 87       	std	Z+8, r24	; 0x08
    3dfc:	91 87       	std	Z+9, r25	; 0x09
    3dfe:	a2 87       	std	Z+10, r26	; 0x0a
    3e00:	b3 87       	std	Z+11, r27	; 0x0b
    3e02:	88 85       	ldd	r24, Y+8	; 0x08
    3e04:	85 30       	cpi	r24, 0x05	; 5
    3e06:	39 f1       	breq	.+78     	; 0x3e56 <vTaskGetInfo+0x10a>
    3e08:	80 91 7b 21 	lds	r24, 0x217B	; 0x80217b <pxCurrentTCB>
    3e0c:	90 91 7c 21 	lds	r25, 0x217C	; 0x80217c <pxCurrentTCB+0x1>
    3e10:	29 81       	ldd	r18, Y+1	; 0x01
    3e12:	3a 81       	ldd	r19, Y+2	; 0x02
    3e14:	28 17       	cp	r18, r24
    3e16:	39 07       	cpc	r19, r25
    3e18:	29 f4       	brne	.+10     	; 0x3e24 <vTaskGetInfo+0xd8>
    3e1a:	8d 81       	ldd	r24, Y+5	; 0x05
    3e1c:	9e 81       	ldd	r25, Y+6	; 0x06
    3e1e:	fc 01       	movw	r30, r24
    3e20:	15 82       	std	Z+5, r1	; 0x05
    3e22:	22 c0       	rjmp	.+68     	; 0x3e68 <vTaskGetInfo+0x11c>
    3e24:	8d 81       	ldd	r24, Y+5	; 0x05
    3e26:	9e 81       	ldd	r25, Y+6	; 0x06
    3e28:	28 85       	ldd	r18, Y+8	; 0x08
    3e2a:	fc 01       	movw	r30, r24
    3e2c:	25 83       	std	Z+5, r18	; 0x05
    3e2e:	88 85       	ldd	r24, Y+8	; 0x08
    3e30:	83 30       	cpi	r24, 0x03	; 3
    3e32:	d1 f4       	brne	.+52     	; 0x3e68 <vTaskGetInfo+0x11c>
    3e34:	0e 94 15 19 	call	0x322a	; 0x322a <vTaskSuspendAll>
    3e38:	89 81       	ldd	r24, Y+1	; 0x01
    3e3a:	9a 81       	ldd	r25, Y+2	; 0x02
    3e3c:	fc 01       	movw	r30, r24
    3e3e:	84 89       	ldd	r24, Z+20	; 0x14
    3e40:	95 89       	ldd	r25, Z+21	; 0x15
    3e42:	89 2b       	or	r24, r25
    3e44:	29 f0       	breq	.+10     	; 0x3e50 <vTaskGetInfo+0x104>
    3e46:	8d 81       	ldd	r24, Y+5	; 0x05
    3e48:	9e 81       	ldd	r25, Y+6	; 0x06
    3e4a:	22 e0       	ldi	r18, 0x02	; 2
    3e4c:	fc 01       	movw	r30, r24
    3e4e:	25 83       	std	Z+5, r18	; 0x05
    3e50:	0e 94 22 19 	call	0x3244	; 0x3244 <xTaskResumeAll>
    3e54:	09 c0       	rjmp	.+18     	; 0x3e68 <vTaskGetInfo+0x11c>
    3e56:	89 81       	ldd	r24, Y+1	; 0x01
    3e58:	9a 81       	ldd	r25, Y+2	; 0x02
    3e5a:	0e 94 59 18 	call	0x30b2	; 0x30b2 <eTaskGetState>
    3e5e:	28 2f       	mov	r18, r24
    3e60:	8d 81       	ldd	r24, Y+5	; 0x05
    3e62:	9e 81       	ldd	r25, Y+6	; 0x06
    3e64:	fc 01       	movw	r30, r24
    3e66:	25 83       	std	Z+5, r18	; 0x05
    3e68:	8f 81       	ldd	r24, Y+7	; 0x07
    3e6a:	88 23       	and	r24, r24
    3e6c:	71 f0       	breq	.+28     	; 0x3e8a <vTaskGetInfo+0x13e>
    3e6e:	89 81       	ldd	r24, Y+1	; 0x01
    3e70:	9a 81       	ldd	r25, Y+2	; 0x02
    3e72:	fc 01       	movw	r30, r24
    3e74:	87 89       	ldd	r24, Z+23	; 0x17
    3e76:	90 8d       	ldd	r25, Z+24	; 0x18
    3e78:	0e 94 f1 1f 	call	0x3fe2	; 0x3fe2 <prvTaskCheckFreeStackSpace>
    3e7c:	9c 01       	movw	r18, r24
    3e7e:	8d 81       	ldd	r24, Y+5	; 0x05
    3e80:	9e 81       	ldd	r25, Y+6	; 0x06
    3e82:	fc 01       	movw	r30, r24
    3e84:	26 87       	std	Z+14, r18	; 0x0e
    3e86:	37 87       	std	Z+15, r19	; 0x0f
    3e88:	05 c0       	rjmp	.+10     	; 0x3e94 <vTaskGetInfo+0x148>
    3e8a:	8d 81       	ldd	r24, Y+5	; 0x05
    3e8c:	9e 81       	ldd	r25, Y+6	; 0x06
    3e8e:	fc 01       	movw	r30, r24
    3e90:	16 86       	std	Z+14, r1	; 0x0e
    3e92:	17 86       	std	Z+15, r1	; 0x0f
    3e94:	00 00       	nop
    3e96:	28 96       	adiw	r28, 0x08	; 8
    3e98:	cd bf       	out	0x3d, r28	; 61
    3e9a:	de bf       	out	0x3e, r29	; 62
    3e9c:	df 91       	pop	r29
    3e9e:	cf 91       	pop	r28
    3ea0:	08 95       	ret

00003ea2 <prvListTasksWithinSingleList>:
    3ea2:	cf 93       	push	r28
    3ea4:	df 93       	push	r29
    3ea6:	cd b7       	in	r28, 0x3d	; 61
    3ea8:	de b7       	in	r29, 0x3e	; 62
    3eaa:	2e 97       	sbiw	r28, 0x0e	; 14
    3eac:	cd bf       	out	0x3d, r28	; 61
    3eae:	de bf       	out	0x3e, r29	; 62
    3eb0:	8a 87       	std	Y+10, r24	; 0x0a
    3eb2:	9b 87       	std	Y+11, r25	; 0x0b
    3eb4:	6c 87       	std	Y+12, r22	; 0x0c
    3eb6:	7d 87       	std	Y+13, r23	; 0x0d
    3eb8:	4e 87       	std	Y+14, r20	; 0x0e
    3eba:	19 82       	std	Y+1, r1	; 0x01
    3ebc:	8c 85       	ldd	r24, Y+12	; 0x0c
    3ebe:	9d 85       	ldd	r25, Y+13	; 0x0d
    3ec0:	fc 01       	movw	r30, r24
    3ec2:	80 81       	ld	r24, Z
    3ec4:	88 23       	and	r24, r24
    3ec6:	09 f4       	brne	.+2      	; 0x3eca <prvListTasksWithinSingleList+0x28>
    3ec8:	85 c0       	rjmp	.+266    	; 0x3fd4 <prvListTasksWithinSingleList+0x132>
    3eca:	8c 85       	ldd	r24, Y+12	; 0x0c
    3ecc:	9d 85       	ldd	r25, Y+13	; 0x0d
    3ece:	8a 83       	std	Y+2, r24	; 0x02
    3ed0:	9b 83       	std	Y+3, r25	; 0x03
    3ed2:	8a 81       	ldd	r24, Y+2	; 0x02
    3ed4:	9b 81       	ldd	r25, Y+3	; 0x03
    3ed6:	fc 01       	movw	r30, r24
    3ed8:	81 81       	ldd	r24, Z+1	; 0x01
    3eda:	92 81       	ldd	r25, Z+2	; 0x02
    3edc:	fc 01       	movw	r30, r24
    3ede:	22 81       	ldd	r18, Z+2	; 0x02
    3ee0:	33 81       	ldd	r19, Z+3	; 0x03
    3ee2:	8a 81       	ldd	r24, Y+2	; 0x02
    3ee4:	9b 81       	ldd	r25, Y+3	; 0x03
    3ee6:	fc 01       	movw	r30, r24
    3ee8:	21 83       	std	Z+1, r18	; 0x01
    3eea:	32 83       	std	Z+2, r19	; 0x02
    3eec:	8a 81       	ldd	r24, Y+2	; 0x02
    3eee:	9b 81       	ldd	r25, Y+3	; 0x03
    3ef0:	fc 01       	movw	r30, r24
    3ef2:	21 81       	ldd	r18, Z+1	; 0x01
    3ef4:	32 81       	ldd	r19, Z+2	; 0x02
    3ef6:	8a 81       	ldd	r24, Y+2	; 0x02
    3ef8:	9b 81       	ldd	r25, Y+3	; 0x03
    3efa:	03 96       	adiw	r24, 0x03	; 3
    3efc:	28 17       	cp	r18, r24
    3efe:	39 07       	cpc	r19, r25
    3f00:	69 f4       	brne	.+26     	; 0x3f1c <prvListTasksWithinSingleList+0x7a>
    3f02:	8a 81       	ldd	r24, Y+2	; 0x02
    3f04:	9b 81       	ldd	r25, Y+3	; 0x03
    3f06:	fc 01       	movw	r30, r24
    3f08:	81 81       	ldd	r24, Z+1	; 0x01
    3f0a:	92 81       	ldd	r25, Z+2	; 0x02
    3f0c:	fc 01       	movw	r30, r24
    3f0e:	22 81       	ldd	r18, Z+2	; 0x02
    3f10:	33 81       	ldd	r19, Z+3	; 0x03
    3f12:	8a 81       	ldd	r24, Y+2	; 0x02
    3f14:	9b 81       	ldd	r25, Y+3	; 0x03
    3f16:	fc 01       	movw	r30, r24
    3f18:	21 83       	std	Z+1, r18	; 0x01
    3f1a:	32 83       	std	Z+2, r19	; 0x02
    3f1c:	8a 81       	ldd	r24, Y+2	; 0x02
    3f1e:	9b 81       	ldd	r25, Y+3	; 0x03
    3f20:	fc 01       	movw	r30, r24
    3f22:	81 81       	ldd	r24, Z+1	; 0x01
    3f24:	92 81       	ldd	r25, Z+2	; 0x02
    3f26:	fc 01       	movw	r30, r24
    3f28:	86 81       	ldd	r24, Z+6	; 0x06
    3f2a:	97 81       	ldd	r25, Z+7	; 0x07
    3f2c:	8c 83       	std	Y+4, r24	; 0x04
    3f2e:	9d 83       	std	Y+5, r25	; 0x05
    3f30:	8c 85       	ldd	r24, Y+12	; 0x0c
    3f32:	9d 85       	ldd	r25, Y+13	; 0x0d
    3f34:	8e 83       	std	Y+6, r24	; 0x06
    3f36:	9f 83       	std	Y+7, r25	; 0x07
    3f38:	8e 81       	ldd	r24, Y+6	; 0x06
    3f3a:	9f 81       	ldd	r25, Y+7	; 0x07
    3f3c:	fc 01       	movw	r30, r24
    3f3e:	81 81       	ldd	r24, Z+1	; 0x01
    3f40:	92 81       	ldd	r25, Z+2	; 0x02
    3f42:	fc 01       	movw	r30, r24
    3f44:	22 81       	ldd	r18, Z+2	; 0x02
    3f46:	33 81       	ldd	r19, Z+3	; 0x03
    3f48:	8e 81       	ldd	r24, Y+6	; 0x06
    3f4a:	9f 81       	ldd	r25, Y+7	; 0x07
    3f4c:	fc 01       	movw	r30, r24
    3f4e:	21 83       	std	Z+1, r18	; 0x01
    3f50:	32 83       	std	Z+2, r19	; 0x02
    3f52:	8e 81       	ldd	r24, Y+6	; 0x06
    3f54:	9f 81       	ldd	r25, Y+7	; 0x07
    3f56:	fc 01       	movw	r30, r24
    3f58:	21 81       	ldd	r18, Z+1	; 0x01
    3f5a:	32 81       	ldd	r19, Z+2	; 0x02
    3f5c:	8e 81       	ldd	r24, Y+6	; 0x06
    3f5e:	9f 81       	ldd	r25, Y+7	; 0x07
    3f60:	03 96       	adiw	r24, 0x03	; 3
    3f62:	28 17       	cp	r18, r24
    3f64:	39 07       	cpc	r19, r25
    3f66:	69 f4       	brne	.+26     	; 0x3f82 <prvListTasksWithinSingleList+0xe0>
    3f68:	8e 81       	ldd	r24, Y+6	; 0x06
    3f6a:	9f 81       	ldd	r25, Y+7	; 0x07
    3f6c:	fc 01       	movw	r30, r24
    3f6e:	81 81       	ldd	r24, Z+1	; 0x01
    3f70:	92 81       	ldd	r25, Z+2	; 0x02
    3f72:	fc 01       	movw	r30, r24
    3f74:	22 81       	ldd	r18, Z+2	; 0x02
    3f76:	33 81       	ldd	r19, Z+3	; 0x03
    3f78:	8e 81       	ldd	r24, Y+6	; 0x06
    3f7a:	9f 81       	ldd	r25, Y+7	; 0x07
    3f7c:	fc 01       	movw	r30, r24
    3f7e:	21 83       	std	Z+1, r18	; 0x01
    3f80:	32 83       	std	Z+2, r19	; 0x02
    3f82:	8e 81       	ldd	r24, Y+6	; 0x06
    3f84:	9f 81       	ldd	r25, Y+7	; 0x07
    3f86:	fc 01       	movw	r30, r24
    3f88:	81 81       	ldd	r24, Z+1	; 0x01
    3f8a:	92 81       	ldd	r25, Z+2	; 0x02
    3f8c:	fc 01       	movw	r30, r24
    3f8e:	86 81       	ldd	r24, Z+6	; 0x06
    3f90:	97 81       	ldd	r25, Z+7	; 0x07
    3f92:	88 87       	std	Y+8, r24	; 0x08
    3f94:	99 87       	std	Y+9, r25	; 0x09
    3f96:	89 81       	ldd	r24, Y+1	; 0x01
    3f98:	88 2f       	mov	r24, r24
    3f9a:	90 e0       	ldi	r25, 0x00	; 0
    3f9c:	82 95       	swap	r24
    3f9e:	92 95       	swap	r25
    3fa0:	90 7f       	andi	r25, 0xF0	; 240
    3fa2:	98 27       	eor	r25, r24
    3fa4:	80 7f       	andi	r24, 0xF0	; 240
    3fa6:	98 27       	eor	r25, r24
    3fa8:	2a 85       	ldd	r18, Y+10	; 0x0a
    3faa:	3b 85       	ldd	r19, Y+11	; 0x0b
    3fac:	b9 01       	movw	r22, r18
    3fae:	68 0f       	add	r22, r24
    3fb0:	79 1f       	adc	r23, r25
    3fb2:	88 85       	ldd	r24, Y+8	; 0x08
    3fb4:	99 85       	ldd	r25, Y+9	; 0x09
    3fb6:	2e 85       	ldd	r18, Y+14	; 0x0e
    3fb8:	41 e0       	ldi	r20, 0x01	; 1
    3fba:	0e 94 a6 1e 	call	0x3d4c	; 0x3d4c <vTaskGetInfo>
    3fbe:	89 81       	ldd	r24, Y+1	; 0x01
    3fc0:	8f 5f       	subi	r24, 0xFF	; 255
    3fc2:	89 83       	std	Y+1, r24	; 0x01
    3fc4:	28 85       	ldd	r18, Y+8	; 0x08
    3fc6:	39 85       	ldd	r19, Y+9	; 0x09
    3fc8:	8c 81       	ldd	r24, Y+4	; 0x04
    3fca:	9d 81       	ldd	r25, Y+5	; 0x05
    3fcc:	28 17       	cp	r18, r24
    3fce:	39 07       	cpc	r19, r25
    3fd0:	09 f0       	breq	.+2      	; 0x3fd4 <prvListTasksWithinSingleList+0x132>
    3fd2:	ae cf       	rjmp	.-164    	; 0x3f30 <prvListTasksWithinSingleList+0x8e>
    3fd4:	89 81       	ldd	r24, Y+1	; 0x01
    3fd6:	2e 96       	adiw	r28, 0x0e	; 14
    3fd8:	cd bf       	out	0x3d, r28	; 61
    3fda:	de bf       	out	0x3e, r29	; 62
    3fdc:	df 91       	pop	r29
    3fde:	cf 91       	pop	r28
    3fe0:	08 95       	ret

00003fe2 <prvTaskCheckFreeStackSpace>:
    3fe2:	cf 93       	push	r28
    3fe4:	df 93       	push	r29
    3fe6:	00 d0       	rcall	.+0      	; 0x3fe8 <prvTaskCheckFreeStackSpace+0x6>
    3fe8:	00 d0       	rcall	.+0      	; 0x3fea <prvTaskCheckFreeStackSpace+0x8>
    3fea:	cd b7       	in	r28, 0x3d	; 61
    3fec:	de b7       	in	r29, 0x3e	; 62
    3fee:	8d 83       	std	Y+5, r24	; 0x05
    3ff0:	9e 83       	std	Y+6, r25	; 0x06
    3ff2:	19 82       	std	Y+1, r1	; 0x01
    3ff4:	1a 82       	std	Y+2, r1	; 0x02
    3ff6:	1b 82       	std	Y+3, r1	; 0x03
    3ff8:	1c 82       	std	Y+4, r1	; 0x04
    3ffa:	10 c0       	rjmp	.+32     	; 0x401c <prvTaskCheckFreeStackSpace+0x3a>
    3ffc:	8d 81       	ldd	r24, Y+5	; 0x05
    3ffe:	9e 81       	ldd	r25, Y+6	; 0x06
    4000:	01 96       	adiw	r24, 0x01	; 1
    4002:	8d 83       	std	Y+5, r24	; 0x05
    4004:	9e 83       	std	Y+6, r25	; 0x06
    4006:	89 81       	ldd	r24, Y+1	; 0x01
    4008:	9a 81       	ldd	r25, Y+2	; 0x02
    400a:	ab 81       	ldd	r26, Y+3	; 0x03
    400c:	bc 81       	ldd	r27, Y+4	; 0x04
    400e:	01 96       	adiw	r24, 0x01	; 1
    4010:	a1 1d       	adc	r26, r1
    4012:	b1 1d       	adc	r27, r1
    4014:	89 83       	std	Y+1, r24	; 0x01
    4016:	9a 83       	std	Y+2, r25	; 0x02
    4018:	ab 83       	std	Y+3, r26	; 0x03
    401a:	bc 83       	std	Y+4, r27	; 0x04
    401c:	8d 81       	ldd	r24, Y+5	; 0x05
    401e:	9e 81       	ldd	r25, Y+6	; 0x06
    4020:	fc 01       	movw	r30, r24
    4022:	80 81       	ld	r24, Z
    4024:	85 3a       	cpi	r24, 0xA5	; 165
    4026:	51 f3       	breq	.-44     	; 0x3ffc <prvTaskCheckFreeStackSpace+0x1a>
    4028:	89 81       	ldd	r24, Y+1	; 0x01
    402a:	9a 81       	ldd	r25, Y+2	; 0x02
    402c:	26 96       	adiw	r28, 0x06	; 6
    402e:	cd bf       	out	0x3d, r28	; 61
    4030:	de bf       	out	0x3e, r29	; 62
    4032:	df 91       	pop	r29
    4034:	cf 91       	pop	r28
    4036:	08 95       	ret

00004038 <prvDeleteTCB>:
    4038:	cf 93       	push	r28
    403a:	df 93       	push	r29
    403c:	1f 92       	push	r1
    403e:	1f 92       	push	r1
    4040:	cd b7       	in	r28, 0x3d	; 61
    4042:	de b7       	in	r29, 0x3e	; 62
    4044:	89 83       	std	Y+1, r24	; 0x01
    4046:	9a 83       	std	Y+2, r25	; 0x02
    4048:	89 81       	ldd	r24, Y+1	; 0x01
    404a:	9a 81       	ldd	r25, Y+2	; 0x02
    404c:	fc 01       	movw	r30, r24
    404e:	87 89       	ldd	r24, Z+23	; 0x17
    4050:	90 8d       	ldd	r25, Z+24	; 0x18
    4052:	0e 94 cc 0a 	call	0x1598	; 0x1598 <vPortFree>
    4056:	89 81       	ldd	r24, Y+1	; 0x01
    4058:	9a 81       	ldd	r25, Y+2	; 0x02
    405a:	0e 94 cc 0a 	call	0x1598	; 0x1598 <vPortFree>
    405e:	00 00       	nop
    4060:	0f 90       	pop	r0
    4062:	0f 90       	pop	r0
    4064:	df 91       	pop	r29
    4066:	cf 91       	pop	r28
    4068:	08 95       	ret

0000406a <prvResetNextTaskUnblockTime>:
    406a:	cf 93       	push	r28
    406c:	df 93       	push	r29
    406e:	1f 92       	push	r1
    4070:	1f 92       	push	r1
    4072:	cd b7       	in	r28, 0x3d	; 61
    4074:	de b7       	in	r29, 0x3e	; 62
    4076:	80 91 e9 21 	lds	r24, 0x21E9	; 0x8021e9 <pxDelayedTaskList>
    407a:	90 91 ea 21 	lds	r25, 0x21EA	; 0x8021ea <pxDelayedTaskList+0x1>
    407e:	fc 01       	movw	r30, r24
    4080:	80 81       	ld	r24, Z
    4082:	88 23       	and	r24, r24
    4084:	39 f4       	brne	.+14     	; 0x4094 <prvResetNextTaskUnblockTime+0x2a>
    4086:	8f ef       	ldi	r24, 0xFF	; 255
    4088:	9f ef       	ldi	r25, 0xFF	; 255
    408a:	80 93 12 22 	sts	0x2212, r24	; 0x802212 <xNextTaskUnblockTime>
    408e:	90 93 13 22 	sts	0x2213, r25	; 0x802213 <xNextTaskUnblockTime+0x1>
    4092:	15 c0       	rjmp	.+42     	; 0x40be <prvResetNextTaskUnblockTime+0x54>
    4094:	80 91 e9 21 	lds	r24, 0x21E9	; 0x8021e9 <pxDelayedTaskList>
    4098:	90 91 ea 21 	lds	r25, 0x21EA	; 0x8021ea <pxDelayedTaskList+0x1>
    409c:	fc 01       	movw	r30, r24
    409e:	85 81       	ldd	r24, Z+5	; 0x05
    40a0:	96 81       	ldd	r25, Z+6	; 0x06
    40a2:	fc 01       	movw	r30, r24
    40a4:	86 81       	ldd	r24, Z+6	; 0x06
    40a6:	97 81       	ldd	r25, Z+7	; 0x07
    40a8:	89 83       	std	Y+1, r24	; 0x01
    40aa:	9a 83       	std	Y+2, r25	; 0x02
    40ac:	89 81       	ldd	r24, Y+1	; 0x01
    40ae:	9a 81       	ldd	r25, Y+2	; 0x02
    40b0:	fc 01       	movw	r30, r24
    40b2:	82 81       	ldd	r24, Z+2	; 0x02
    40b4:	93 81       	ldd	r25, Z+3	; 0x03
    40b6:	80 93 12 22 	sts	0x2212, r24	; 0x802212 <xNextTaskUnblockTime>
    40ba:	90 93 13 22 	sts	0x2213, r25	; 0x802213 <xNextTaskUnblockTime+0x1>
    40be:	00 00       	nop
    40c0:	0f 90       	pop	r0
    40c2:	0f 90       	pop	r0
    40c4:	df 91       	pop	r29
    40c6:	cf 91       	pop	r28
    40c8:	08 95       	ret

000040ca <xTaskPriorityDisinherit>:
    40ca:	cf 93       	push	r28
    40cc:	df 93       	push	r29
    40ce:	cd b7       	in	r28, 0x3d	; 61
    40d0:	de b7       	in	r29, 0x3e	; 62
    40d2:	25 97       	sbiw	r28, 0x05	; 5
    40d4:	cd bf       	out	0x3d, r28	; 61
    40d6:	de bf       	out	0x3e, r29	; 62
    40d8:	8c 83       	std	Y+4, r24	; 0x04
    40da:	9d 83       	std	Y+5, r25	; 0x05
    40dc:	8c 81       	ldd	r24, Y+4	; 0x04
    40de:	9d 81       	ldd	r25, Y+5	; 0x05
    40e0:	8a 83       	std	Y+2, r24	; 0x02
    40e2:	9b 83       	std	Y+3, r25	; 0x03
    40e4:	19 82       	std	Y+1, r1	; 0x01
    40e6:	8c 81       	ldd	r24, Y+4	; 0x04
    40e8:	9d 81       	ldd	r25, Y+5	; 0x05
    40ea:	89 2b       	or	r24, r25
    40ec:	09 f4       	brne	.+2      	; 0x40f0 <xTaskPriorityDisinherit+0x26>
    40ee:	7c c0       	rjmp	.+248    	; 0x41e8 <xTaskPriorityDisinherit+0x11e>
    40f0:	80 91 7b 21 	lds	r24, 0x217B	; 0x80217b <pxCurrentTCB>
    40f4:	90 91 7c 21 	lds	r25, 0x217C	; 0x80217c <pxCurrentTCB+0x1>
    40f8:	2a 81       	ldd	r18, Y+2	; 0x02
    40fa:	3b 81       	ldd	r19, Y+3	; 0x03
    40fc:	28 17       	cp	r18, r24
    40fe:	39 07       	cpc	r19, r25
    4100:	31 f0       	breq	.+12     	; 0x410e <xTaskPriorityDisinherit+0x44>
    4102:	6e e7       	ldi	r22, 0x7E	; 126
    4104:	7f e0       	ldi	r23, 0x0F	; 15
    4106:	8f e2       	ldi	r24, 0x2F	; 47
    4108:	90 e2       	ldi	r25, 0x20	; 32
    410a:	0e 94 c9 24 	call	0x4992	; 0x4992 <vAssertCalled>
    410e:	8a 81       	ldd	r24, Y+2	; 0x02
    4110:	9b 81       	ldd	r25, Y+3	; 0x03
    4112:	fc 01       	movw	r30, r24
    4114:	84 a1       	ldd	r24, Z+36	; 0x24
    4116:	88 23       	and	r24, r24
    4118:	31 f4       	brne	.+12     	; 0x4126 <xTaskPriorityDisinherit+0x5c>
    411a:	6f e7       	ldi	r22, 0x7F	; 127
    411c:	7f e0       	ldi	r23, 0x0F	; 15
    411e:	8f e2       	ldi	r24, 0x2F	; 47
    4120:	90 e2       	ldi	r25, 0x20	; 32
    4122:	0e 94 c9 24 	call	0x4992	; 0x4992 <vAssertCalled>
    4126:	8a 81       	ldd	r24, Y+2	; 0x02
    4128:	9b 81       	ldd	r25, Y+3	; 0x03
    412a:	fc 01       	movw	r30, r24
    412c:	84 a1       	ldd	r24, Z+36	; 0x24
    412e:	2f ef       	ldi	r18, 0xFF	; 255
    4130:	28 0f       	add	r18, r24
    4132:	8a 81       	ldd	r24, Y+2	; 0x02
    4134:	9b 81       	ldd	r25, Y+3	; 0x03
    4136:	fc 01       	movw	r30, r24
    4138:	24 a3       	std	Z+36, r18	; 0x24
    413a:	8a 81       	ldd	r24, Y+2	; 0x02
    413c:	9b 81       	ldd	r25, Y+3	; 0x03
    413e:	fc 01       	movw	r30, r24
    4140:	26 89       	ldd	r18, Z+22	; 0x16
    4142:	8a 81       	ldd	r24, Y+2	; 0x02
    4144:	9b 81       	ldd	r25, Y+3	; 0x03
    4146:	fc 01       	movw	r30, r24
    4148:	83 a1       	ldd	r24, Z+35	; 0x23
    414a:	28 17       	cp	r18, r24
    414c:	09 f4       	brne	.+2      	; 0x4150 <xTaskPriorityDisinherit+0x86>
    414e:	4c c0       	rjmp	.+152    	; 0x41e8 <xTaskPriorityDisinherit+0x11e>
    4150:	8a 81       	ldd	r24, Y+2	; 0x02
    4152:	9b 81       	ldd	r25, Y+3	; 0x03
    4154:	fc 01       	movw	r30, r24
    4156:	84 a1       	ldd	r24, Z+36	; 0x24
    4158:	88 23       	and	r24, r24
    415a:	09 f0       	breq	.+2      	; 0x415e <xTaskPriorityDisinherit+0x94>
    415c:	45 c0       	rjmp	.+138    	; 0x41e8 <xTaskPriorityDisinherit+0x11e>
    415e:	8a 81       	ldd	r24, Y+2	; 0x02
    4160:	9b 81       	ldd	r25, Y+3	; 0x03
    4162:	02 96       	adiw	r24, 0x02	; 2
    4164:	0e 94 79 0c 	call	0x18f2	; 0x18f2 <uxListRemove>
    4168:	8a 81       	ldd	r24, Y+2	; 0x02
    416a:	9b 81       	ldd	r25, Y+3	; 0x03
    416c:	fc 01       	movw	r30, r24
    416e:	23 a1       	ldd	r18, Z+35	; 0x23
    4170:	8a 81       	ldd	r24, Y+2	; 0x02
    4172:	9b 81       	ldd	r25, Y+3	; 0x03
    4174:	fc 01       	movw	r30, r24
    4176:	26 8b       	std	Z+22, r18	; 0x16
    4178:	8a 81       	ldd	r24, Y+2	; 0x02
    417a:	9b 81       	ldd	r25, Y+3	; 0x03
    417c:	fc 01       	movw	r30, r24
    417e:	86 89       	ldd	r24, Z+22	; 0x16
    4180:	88 2f       	mov	r24, r24
    4182:	90 e0       	ldi	r25, 0x00	; 0
    4184:	2a e0       	ldi	r18, 0x0A	; 10
    4186:	30 e0       	ldi	r19, 0x00	; 0
    4188:	28 1b       	sub	r18, r24
    418a:	39 0b       	sbc	r19, r25
    418c:	8a 81       	ldd	r24, Y+2	; 0x02
    418e:	9b 81       	ldd	r25, Y+3	; 0x03
    4190:	fc 01       	movw	r30, r24
    4192:	24 87       	std	Z+12, r18	; 0x0c
    4194:	35 87       	std	Z+13, r19	; 0x0d
    4196:	8a 81       	ldd	r24, Y+2	; 0x02
    4198:	9b 81       	ldd	r25, Y+3	; 0x03
    419a:	fc 01       	movw	r30, r24
    419c:	96 89       	ldd	r25, Z+22	; 0x16
    419e:	80 91 0c 22 	lds	r24, 0x220C	; 0x80220c <uxTopReadyPriority>
    41a2:	89 17       	cp	r24, r25
    41a4:	30 f4       	brcc	.+12     	; 0x41b2 <xTaskPriorityDisinherit+0xe8>
    41a6:	8a 81       	ldd	r24, Y+2	; 0x02
    41a8:	9b 81       	ldd	r25, Y+3	; 0x03
    41aa:	fc 01       	movw	r30, r24
    41ac:	86 89       	ldd	r24, Z+22	; 0x16
    41ae:	80 93 0c 22 	sts	0x220C, r24	; 0x80220c <uxTopReadyPriority>
    41b2:	8a 81       	ldd	r24, Y+2	; 0x02
    41b4:	9b 81       	ldd	r25, Y+3	; 0x03
    41b6:	ac 01       	movw	r20, r24
    41b8:	4e 5f       	subi	r20, 0xFE	; 254
    41ba:	5f 4f       	sbci	r21, 0xFF	; 255
    41bc:	8a 81       	ldd	r24, Y+2	; 0x02
    41be:	9b 81       	ldd	r25, Y+3	; 0x03
    41c0:	fc 01       	movw	r30, r24
    41c2:	86 89       	ldd	r24, Z+22	; 0x16
    41c4:	28 2f       	mov	r18, r24
    41c6:	30 e0       	ldi	r19, 0x00	; 0
    41c8:	c9 01       	movw	r24, r18
    41ca:	88 0f       	add	r24, r24
    41cc:	99 1f       	adc	r25, r25
    41ce:	88 0f       	add	r24, r24
    41d0:	99 1f       	adc	r25, r25
    41d2:	88 0f       	add	r24, r24
    41d4:	99 1f       	adc	r25, r25
    41d6:	82 0f       	add	r24, r18
    41d8:	93 1f       	adc	r25, r19
    41da:	83 58       	subi	r24, 0x83	; 131
    41dc:	9e 4d       	sbci	r25, 0xDE	; 222
    41de:	ba 01       	movw	r22, r20
    41e0:	0e 94 bc 0b 	call	0x1778	; 0x1778 <vListInsertEnd>
    41e4:	81 e0       	ldi	r24, 0x01	; 1
    41e6:	89 83       	std	Y+1, r24	; 0x01
    41e8:	89 81       	ldd	r24, Y+1	; 0x01
    41ea:	25 96       	adiw	r28, 0x05	; 5
    41ec:	cd bf       	out	0x3d, r28	; 61
    41ee:	de bf       	out	0x3e, r29	; 62
    41f0:	df 91       	pop	r29
    41f2:	cf 91       	pop	r28
    41f4:	08 95       	ret

000041f6 <prvWriteNameToBuffer>:
    41f6:	cf 93       	push	r28
    41f8:	df 93       	push	r29
    41fa:	00 d0       	rcall	.+0      	; 0x41fc <prvWriteNameToBuffer+0x6>
    41fc:	00 d0       	rcall	.+0      	; 0x41fe <prvWriteNameToBuffer+0x8>
    41fe:	cd b7       	in	r28, 0x3d	; 61
    4200:	de b7       	in	r29, 0x3e	; 62
    4202:	8b 83       	std	Y+3, r24	; 0x03
    4204:	9c 83       	std	Y+4, r25	; 0x04
    4206:	6d 83       	std	Y+5, r22	; 0x05
    4208:	7e 83       	std	Y+6, r23	; 0x06
    420a:	2d 81       	ldd	r18, Y+5	; 0x05
    420c:	3e 81       	ldd	r19, Y+6	; 0x06
    420e:	8b 81       	ldd	r24, Y+3	; 0x03
    4210:	9c 81       	ldd	r25, Y+4	; 0x04
    4212:	b9 01       	movw	r22, r18
    4214:	0e 94 45 31 	call	0x628a	; 0x628a <strcpy>
    4218:	8b 81       	ldd	r24, Y+3	; 0x03
    421a:	9c 81       	ldd	r25, Y+4	; 0x04
    421c:	0e 94 4c 31 	call	0x6298	; 0x6298 <strlen>
    4220:	89 83       	std	Y+1, r24	; 0x01
    4222:	9a 83       	std	Y+2, r25	; 0x02
    4224:	0e c0       	rjmp	.+28     	; 0x4242 <prvWriteNameToBuffer+0x4c>
    4226:	2b 81       	ldd	r18, Y+3	; 0x03
    4228:	3c 81       	ldd	r19, Y+4	; 0x04
    422a:	89 81       	ldd	r24, Y+1	; 0x01
    422c:	9a 81       	ldd	r25, Y+2	; 0x02
    422e:	82 0f       	add	r24, r18
    4230:	93 1f       	adc	r25, r19
    4232:	20 e2       	ldi	r18, 0x20	; 32
    4234:	fc 01       	movw	r30, r24
    4236:	20 83       	st	Z, r18
    4238:	89 81       	ldd	r24, Y+1	; 0x01
    423a:	9a 81       	ldd	r25, Y+2	; 0x02
    423c:	01 96       	adiw	r24, 0x01	; 1
    423e:	89 83       	std	Y+1, r24	; 0x01
    4240:	9a 83       	std	Y+2, r25	; 0x02
    4242:	89 81       	ldd	r24, Y+1	; 0x01
    4244:	9a 81       	ldd	r25, Y+2	; 0x02
    4246:	07 97       	sbiw	r24, 0x07	; 7
    4248:	70 f3       	brcs	.-36     	; 0x4226 <prvWriteNameToBuffer+0x30>
    424a:	2b 81       	ldd	r18, Y+3	; 0x03
    424c:	3c 81       	ldd	r19, Y+4	; 0x04
    424e:	89 81       	ldd	r24, Y+1	; 0x01
    4250:	9a 81       	ldd	r25, Y+2	; 0x02
    4252:	82 0f       	add	r24, r18
    4254:	93 1f       	adc	r25, r19
    4256:	fc 01       	movw	r30, r24
    4258:	10 82       	st	Z, r1
    425a:	2b 81       	ldd	r18, Y+3	; 0x03
    425c:	3c 81       	ldd	r19, Y+4	; 0x04
    425e:	89 81       	ldd	r24, Y+1	; 0x01
    4260:	9a 81       	ldd	r25, Y+2	; 0x02
    4262:	82 0f       	add	r24, r18
    4264:	93 1f       	adc	r25, r19
    4266:	26 96       	adiw	r28, 0x06	; 6
    4268:	cd bf       	out	0x3d, r28	; 61
    426a:	de bf       	out	0x3e, r29	; 62
    426c:	df 91       	pop	r29
    426e:	cf 91       	pop	r28
    4270:	08 95       	ret

00004272 <vTaskGetRunTimeStats>:
    4272:	cf 93       	push	r28
    4274:	df 93       	push	r29
    4276:	cd b7       	in	r28, 0x3d	; 61
    4278:	de b7       	in	r29, 0x3e	; 62
    427a:	2e 97       	sbiw	r28, 0x0e	; 14
    427c:	cd bf       	out	0x3d, r28	; 61
    427e:	de bf       	out	0x3e, r29	; 62
    4280:	8d 87       	std	Y+13, r24	; 0x0d
    4282:	9e 87       	std	Y+14, r25	; 0x0e
    4284:	8d 85       	ldd	r24, Y+13	; 0x0d
    4286:	9e 85       	ldd	r25, Y+14	; 0x0e
    4288:	fc 01       	movw	r30, r24
    428a:	10 82       	st	Z, r1
    428c:	80 91 09 22 	lds	r24, 0x2209	; 0x802209 <uxCurrentNumberOfTasks>
    4290:	8a 83       	std	Y+2, r24	; 0x02
    4292:	80 91 09 22 	lds	r24, 0x2209	; 0x802209 <uxCurrentNumberOfTasks>
    4296:	88 2f       	mov	r24, r24
    4298:	90 e0       	ldi	r25, 0x00	; 0
    429a:	82 95       	swap	r24
    429c:	92 95       	swap	r25
    429e:	90 7f       	andi	r25, 0xF0	; 240
    42a0:	98 27       	eor	r25, r24
    42a2:	80 7f       	andi	r24, 0xF0	; 240
    42a4:	98 27       	eor	r25, r24
    42a6:	0e 94 dd 09 	call	0x13ba	; 0x13ba <pvPortMalloc>
    42aa:	8b 83       	std	Y+3, r24	; 0x03
    42ac:	9c 83       	std	Y+4, r25	; 0x04
    42ae:	8b 81       	ldd	r24, Y+3	; 0x03
    42b0:	9c 81       	ldd	r25, Y+4	; 0x04
    42b2:	89 2b       	or	r24, r25
    42b4:	09 f4       	brne	.+2      	; 0x42b8 <vTaskGetRunTimeStats+0x46>
    42b6:	dc c0       	rjmp	.+440    	; 0x4470 <vTaskGetRunTimeStats+0x1fe>
    42b8:	9e 01       	movw	r18, r28
    42ba:	27 5f       	subi	r18, 0xF7	; 247
    42bc:	3f 4f       	sbci	r19, 0xFF	; 255
    42be:	8b 81       	ldd	r24, Y+3	; 0x03
    42c0:	9c 81       	ldd	r25, Y+4	; 0x04
    42c2:	a9 01       	movw	r20, r18
    42c4:	6a 81       	ldd	r22, Y+2	; 0x02
    42c6:	0e 94 c2 19 	call	0x3384	; 0x3384 <uxTaskGetSystemState>
    42ca:	8a 83       	std	Y+2, r24	; 0x02
    42cc:	89 85       	ldd	r24, Y+9	; 0x09
    42ce:	9a 85       	ldd	r25, Y+10	; 0x0a
    42d0:	ab 85       	ldd	r26, Y+11	; 0x0b
    42d2:	bc 85       	ldd	r27, Y+12	; 0x0c
    42d4:	24 e6       	ldi	r18, 0x64	; 100
    42d6:	30 e0       	ldi	r19, 0x00	; 0
    42d8:	40 e0       	ldi	r20, 0x00	; 0
    42da:	50 e0       	ldi	r21, 0x00	; 0
    42dc:	bc 01       	movw	r22, r24
    42de:	cd 01       	movw	r24, r26
    42e0:	0e 94 f7 2e 	call	0x5dee	; 0x5dee <__udivmodsi4>
    42e4:	da 01       	movw	r26, r20
    42e6:	c9 01       	movw	r24, r18
    42e8:	89 87       	std	Y+9, r24	; 0x09
    42ea:	9a 87       	std	Y+10, r25	; 0x0a
    42ec:	ab 87       	std	Y+11, r26	; 0x0b
    42ee:	bc 87       	std	Y+12, r27	; 0x0c
    42f0:	89 85       	ldd	r24, Y+9	; 0x09
    42f2:	9a 85       	ldd	r25, Y+10	; 0x0a
    42f4:	ab 85       	ldd	r26, Y+11	; 0x0b
    42f6:	bc 85       	ldd	r27, Y+12	; 0x0c
    42f8:	89 2b       	or	r24, r25
    42fa:	8a 2b       	or	r24, r26
    42fc:	8b 2b       	or	r24, r27
    42fe:	09 f4       	brne	.+2      	; 0x4302 <vTaskGetRunTimeStats+0x90>
    4300:	b3 c0       	rjmp	.+358    	; 0x4468 <vTaskGetRunTimeStats+0x1f6>
    4302:	19 82       	std	Y+1, r1	; 0x01
    4304:	ac c0       	rjmp	.+344    	; 0x445e <vTaskGetRunTimeStats+0x1ec>
    4306:	89 81       	ldd	r24, Y+1	; 0x01
    4308:	88 2f       	mov	r24, r24
    430a:	90 e0       	ldi	r25, 0x00	; 0
    430c:	82 95       	swap	r24
    430e:	92 95       	swap	r25
    4310:	90 7f       	andi	r25, 0xF0	; 240
    4312:	98 27       	eor	r25, r24
    4314:	80 7f       	andi	r24, 0xF0	; 240
    4316:	98 27       	eor	r25, r24
    4318:	2b 81       	ldd	r18, Y+3	; 0x03
    431a:	3c 81       	ldd	r19, Y+4	; 0x04
    431c:	82 0f       	add	r24, r18
    431e:	93 1f       	adc	r25, r19
    4320:	fc 01       	movw	r30, r24
    4322:	80 85       	ldd	r24, Z+8	; 0x08
    4324:	91 85       	ldd	r25, Z+9	; 0x09
    4326:	a2 85       	ldd	r26, Z+10	; 0x0a
    4328:	b3 85       	ldd	r27, Z+11	; 0x0b
    432a:	29 85       	ldd	r18, Y+9	; 0x09
    432c:	3a 85       	ldd	r19, Y+10	; 0x0a
    432e:	4b 85       	ldd	r20, Y+11	; 0x0b
    4330:	5c 85       	ldd	r21, Y+12	; 0x0c
    4332:	bc 01       	movw	r22, r24
    4334:	cd 01       	movw	r24, r26
    4336:	0e 94 f7 2e 	call	0x5dee	; 0x5dee <__udivmodsi4>
    433a:	da 01       	movw	r26, r20
    433c:	c9 01       	movw	r24, r18
    433e:	8d 83       	std	Y+5, r24	; 0x05
    4340:	9e 83       	std	Y+6, r25	; 0x06
    4342:	af 83       	std	Y+7, r26	; 0x07
    4344:	b8 87       	std	Y+8, r27	; 0x08
    4346:	89 81       	ldd	r24, Y+1	; 0x01
    4348:	88 2f       	mov	r24, r24
    434a:	90 e0       	ldi	r25, 0x00	; 0
    434c:	82 95       	swap	r24
    434e:	92 95       	swap	r25
    4350:	90 7f       	andi	r25, 0xF0	; 240
    4352:	98 27       	eor	r25, r24
    4354:	80 7f       	andi	r24, 0xF0	; 240
    4356:	98 27       	eor	r25, r24
    4358:	2b 81       	ldd	r18, Y+3	; 0x03
    435a:	3c 81       	ldd	r19, Y+4	; 0x04
    435c:	82 0f       	add	r24, r18
    435e:	93 1f       	adc	r25, r19
    4360:	fc 01       	movw	r30, r24
    4362:	22 81       	ldd	r18, Z+2	; 0x02
    4364:	33 81       	ldd	r19, Z+3	; 0x03
    4366:	8d 85       	ldd	r24, Y+13	; 0x0d
    4368:	9e 85       	ldd	r25, Y+14	; 0x0e
    436a:	b9 01       	movw	r22, r18
    436c:	0e 94 fb 20 	call	0x41f6	; 0x41f6 <prvWriteNameToBuffer>
    4370:	8d 87       	std	Y+13, r24	; 0x0d
    4372:	9e 87       	std	Y+14, r25	; 0x0e
    4374:	8d 81       	ldd	r24, Y+5	; 0x05
    4376:	9e 81       	ldd	r25, Y+6	; 0x06
    4378:	af 81       	ldd	r26, Y+7	; 0x07
    437a:	b8 85       	ldd	r27, Y+8	; 0x08
    437c:	89 2b       	or	r24, r25
    437e:	8a 2b       	or	r24, r26
    4380:	8b 2b       	or	r24, r27
    4382:	a1 f1       	breq	.+104    	; 0x43ec <vTaskGetRunTimeStats+0x17a>
    4384:	89 81       	ldd	r24, Y+1	; 0x01
    4386:	88 2f       	mov	r24, r24
    4388:	90 e0       	ldi	r25, 0x00	; 0
    438a:	82 95       	swap	r24
    438c:	92 95       	swap	r25
    438e:	90 7f       	andi	r25, 0xF0	; 240
    4390:	98 27       	eor	r25, r24
    4392:	80 7f       	andi	r24, 0xF0	; 240
    4394:	98 27       	eor	r25, r24
    4396:	2b 81       	ldd	r18, Y+3	; 0x03
    4398:	3c 81       	ldd	r19, Y+4	; 0x04
    439a:	82 0f       	add	r24, r18
    439c:	93 1f       	adc	r25, r19
    439e:	fc 01       	movw	r30, r24
    43a0:	80 85       	ldd	r24, Z+8	; 0x08
    43a2:	91 85       	ldd	r25, Z+9	; 0x09
    43a4:	a2 85       	ldd	r26, Z+10	; 0x0a
    43a6:	b3 85       	ldd	r27, Z+11	; 0x0b
    43a8:	28 85       	ldd	r18, Y+8	; 0x08
    43aa:	2f 93       	push	r18
    43ac:	2f 81       	ldd	r18, Y+7	; 0x07
    43ae:	2f 93       	push	r18
    43b0:	2e 81       	ldd	r18, Y+6	; 0x06
    43b2:	2f 93       	push	r18
    43b4:	2d 81       	ldd	r18, Y+5	; 0x05
    43b6:	2f 93       	push	r18
    43b8:	2b 2f       	mov	r18, r27
    43ba:	2f 93       	push	r18
    43bc:	2a 2f       	mov	r18, r26
    43be:	2f 93       	push	r18
    43c0:	29 2f       	mov	r18, r25
    43c2:	2f 93       	push	r18
    43c4:	8f 93       	push	r24
    43c6:	87 e5       	ldi	r24, 0x57	; 87
    43c8:	90 e2       	ldi	r25, 0x20	; 32
    43ca:	89 2f       	mov	r24, r25
    43cc:	8f 93       	push	r24
    43ce:	87 e5       	ldi	r24, 0x57	; 87
    43d0:	90 e2       	ldi	r25, 0x20	; 32
    43d2:	8f 93       	push	r24
    43d4:	8e 85       	ldd	r24, Y+14	; 0x0e
    43d6:	8f 93       	push	r24
    43d8:	8d 85       	ldd	r24, Y+13	; 0x0d
    43da:	8f 93       	push	r24
    43dc:	0e 94 c4 31 	call	0x6388	; 0x6388 <sprintf>
    43e0:	8d b7       	in	r24, 0x3d	; 61
    43e2:	9e b7       	in	r25, 0x3e	; 62
    43e4:	0c 96       	adiw	r24, 0x0c	; 12
    43e6:	cd bf       	out	0x3d, r28	; 61
    43e8:	de bf       	out	0x3e, r29	; 62
    43ea:	2b c0       	rjmp	.+86     	; 0x4442 <vTaskGetRunTimeStats+0x1d0>
    43ec:	89 81       	ldd	r24, Y+1	; 0x01
    43ee:	88 2f       	mov	r24, r24
    43f0:	90 e0       	ldi	r25, 0x00	; 0
    43f2:	82 95       	swap	r24
    43f4:	92 95       	swap	r25
    43f6:	90 7f       	andi	r25, 0xF0	; 240
    43f8:	98 27       	eor	r25, r24
    43fa:	80 7f       	andi	r24, 0xF0	; 240
    43fc:	98 27       	eor	r25, r24
    43fe:	2b 81       	ldd	r18, Y+3	; 0x03
    4400:	3c 81       	ldd	r19, Y+4	; 0x04
    4402:	82 0f       	add	r24, r18
    4404:	93 1f       	adc	r25, r19
    4406:	fc 01       	movw	r30, r24
    4408:	80 85       	ldd	r24, Z+8	; 0x08
    440a:	91 85       	ldd	r25, Z+9	; 0x09
    440c:	a2 85       	ldd	r26, Z+10	; 0x0a
    440e:	b3 85       	ldd	r27, Z+11	; 0x0b
    4410:	2b 2f       	mov	r18, r27
    4412:	2f 93       	push	r18
    4414:	2a 2f       	mov	r18, r26
    4416:	2f 93       	push	r18
    4418:	29 2f       	mov	r18, r25
    441a:	2f 93       	push	r18
    441c:	8f 93       	push	r24
    441e:	85 e6       	ldi	r24, 0x65	; 101
    4420:	90 e2       	ldi	r25, 0x20	; 32
    4422:	89 2f       	mov	r24, r25
    4424:	8f 93       	push	r24
    4426:	85 e6       	ldi	r24, 0x65	; 101
    4428:	90 e2       	ldi	r25, 0x20	; 32
    442a:	8f 93       	push	r24
    442c:	8e 85       	ldd	r24, Y+14	; 0x0e
    442e:	8f 93       	push	r24
    4430:	8d 85       	ldd	r24, Y+13	; 0x0d
    4432:	8f 93       	push	r24
    4434:	0e 94 c4 31 	call	0x6388	; 0x6388 <sprintf>
    4438:	8d b7       	in	r24, 0x3d	; 61
    443a:	9e b7       	in	r25, 0x3e	; 62
    443c:	08 96       	adiw	r24, 0x08	; 8
    443e:	cd bf       	out	0x3d, r28	; 61
    4440:	de bf       	out	0x3e, r29	; 62
    4442:	8d 85       	ldd	r24, Y+13	; 0x0d
    4444:	9e 85       	ldd	r25, Y+14	; 0x0e
    4446:	0e 94 4c 31 	call	0x6298	; 0x6298 <strlen>
    444a:	9c 01       	movw	r18, r24
    444c:	8d 85       	ldd	r24, Y+13	; 0x0d
    444e:	9e 85       	ldd	r25, Y+14	; 0x0e
    4450:	82 0f       	add	r24, r18
    4452:	93 1f       	adc	r25, r19
    4454:	8d 87       	std	Y+13, r24	; 0x0d
    4456:	9e 87       	std	Y+14, r25	; 0x0e
    4458:	89 81       	ldd	r24, Y+1	; 0x01
    445a:	8f 5f       	subi	r24, 0xFF	; 255
    445c:	89 83       	std	Y+1, r24	; 0x01
    445e:	99 81       	ldd	r25, Y+1	; 0x01
    4460:	8a 81       	ldd	r24, Y+2	; 0x02
    4462:	98 17       	cp	r25, r24
    4464:	08 f4       	brcc	.+2      	; 0x4468 <vTaskGetRunTimeStats+0x1f6>
    4466:	4f cf       	rjmp	.-354    	; 0x4306 <vTaskGetRunTimeStats+0x94>
    4468:	8b 81       	ldd	r24, Y+3	; 0x03
    446a:	9c 81       	ldd	r25, Y+4	; 0x04
    446c:	0e 94 cc 0a 	call	0x1598	; 0x1598 <vPortFree>
    4470:	00 00       	nop
    4472:	2e 96       	adiw	r28, 0x0e	; 14
    4474:	cd bf       	out	0x3d, r28	; 61
    4476:	de bf       	out	0x3e, r29	; 62
    4478:	df 91       	pop	r29
    447a:	cf 91       	pop	r28
    447c:	08 95       	ret

0000447e <prvAddCurrentTaskToDelayedList>:
#endif /* configUSE_TASK_NOTIFICATIONS */
/*-----------------------------------------------------------*/


static void prvAddCurrentTaskToDelayedList( TickType_t xTicksToWait, const BaseType_t xCanBlockIndefinitely )
{
    447e:	cf 93       	push	r28
    4480:	df 93       	push	r29
    4482:	cd b7       	in	r28, 0x3d	; 61
    4484:	de b7       	in	r29, 0x3e	; 62
    4486:	27 97       	sbiw	r28, 0x07	; 7
    4488:	cd bf       	out	0x3d, r28	; 61
    448a:	de bf       	out	0x3e, r29	; 62
    448c:	8d 83       	std	Y+5, r24	; 0x05
    448e:	9e 83       	std	Y+6, r25	; 0x06
    4490:	6f 83       	std	Y+7, r22	; 0x07
TickType_t xTimeToWake;
const TickType_t xConstTickCount = xTickCount;
    4492:	80 91 0a 22 	lds	r24, 0x220A	; 0x80220a <xTickCount>
    4496:	90 91 0b 22 	lds	r25, 0x220B	; 0x80220b <xTickCount+0x1>
    449a:	89 83       	std	Y+1, r24	; 0x01
    449c:	9a 83       	std	Y+2, r25	; 0x02
	}
	#endif

	/* Remove the task from the ready list before adding it to the blocked list
	as the same list item is used for both lists. */
	if( uxListRemove( &( pxCurrentTCB->xStateListItem ) ) == ( UBaseType_t ) 0 )
    449e:	80 91 7b 21 	lds	r24, 0x217B	; 0x80217b <pxCurrentTCB>
    44a2:	90 91 7c 21 	lds	r25, 0x217C	; 0x80217c <pxCurrentTCB+0x1>
    44a6:	02 96       	adiw	r24, 0x02	; 2
    44a8:	0e 94 79 0c 	call	0x18f2	; 0x18f2 <uxListRemove>
		mtCOVERAGE_TEST_MARKER();
	}

	#if ( INCLUDE_vTaskSuspend == 1 )
	{
		if( ( xTicksToWait == portMAX_DELAY ) && ( xCanBlockIndefinitely != pdFALSE ) )
    44ac:	8d 81       	ldd	r24, Y+5	; 0x05
    44ae:	9e 81       	ldd	r25, Y+6	; 0x06
    44b0:	01 96       	adiw	r24, 0x01	; 1
    44b2:	71 f4       	brne	.+28     	; 0x44d0 <prvAddCurrentTaskToDelayedList+0x52>
    44b4:	8f 81       	ldd	r24, Y+7	; 0x07
    44b6:	88 23       	and	r24, r24
    44b8:	59 f0       	breq	.+22     	; 0x44d0 <prvAddCurrentTaskToDelayedList+0x52>
		{
			/* Add the task to the suspended task list instead of a delayed task
			list to ensure it is not woken by a timing event.  It will block
			indefinitely. */
			vListInsertEnd( &xSuspendedTaskList, &( pxCurrentTCB->xStateListItem ) );
    44ba:	80 91 7b 21 	lds	r24, 0x217B	; 0x80217b <pxCurrentTCB>
    44be:	90 91 7c 21 	lds	r25, 0x217C	; 0x80217c <pxCurrentTCB+0x1>
    44c2:	02 96       	adiw	r24, 0x02	; 2
    44c4:	bc 01       	movw	r22, r24
    44c6:	80 e0       	ldi	r24, 0x00	; 0
    44c8:	92 e2       	ldi	r25, 0x22	; 34
    44ca:	0e 94 bc 0b 	call	0x1778	; 0x1778 <vListInsertEnd>

		/* Avoid compiler warning when INCLUDE_vTaskSuspend is not 1. */
		( void ) xCanBlockIndefinitely;
	}
	#endif /* INCLUDE_vTaskSuspend */
}
    44ce:	44 c0       	rjmp	.+136    	; 0x4558 <prvAddCurrentTaskToDelayedList+0xda>
		else
		{
			/* Calculate the time at which the task should be woken if the event
			does not occur.  This may overflow but this doesn't matter, the
			kernel will manage it correctly. */
			xTimeToWake = xConstTickCount + xTicksToWait;
    44d0:	29 81       	ldd	r18, Y+1	; 0x01
    44d2:	3a 81       	ldd	r19, Y+2	; 0x02
    44d4:	8d 81       	ldd	r24, Y+5	; 0x05
    44d6:	9e 81       	ldd	r25, Y+6	; 0x06
    44d8:	82 0f       	add	r24, r18
    44da:	93 1f       	adc	r25, r19
    44dc:	8b 83       	std	Y+3, r24	; 0x03
    44de:	9c 83       	std	Y+4, r25	; 0x04

			/* The list item will be inserted in wake time order. */
			listSET_LIST_ITEM_VALUE( &( pxCurrentTCB->xStateListItem ), xTimeToWake );
    44e0:	80 91 7b 21 	lds	r24, 0x217B	; 0x80217b <pxCurrentTCB>
    44e4:	90 91 7c 21 	lds	r25, 0x217C	; 0x80217c <pxCurrentTCB+0x1>
    44e8:	2b 81       	ldd	r18, Y+3	; 0x03
    44ea:	3c 81       	ldd	r19, Y+4	; 0x04
    44ec:	fc 01       	movw	r30, r24
    44ee:	22 83       	std	Z+2, r18	; 0x02
    44f0:	33 83       	std	Z+3, r19	; 0x03

			if( xTimeToWake < xConstTickCount )
    44f2:	2b 81       	ldd	r18, Y+3	; 0x03
    44f4:	3c 81       	ldd	r19, Y+4	; 0x04
    44f6:	89 81       	ldd	r24, Y+1	; 0x01
    44f8:	9a 81       	ldd	r25, Y+2	; 0x02
    44fa:	28 17       	cp	r18, r24
    44fc:	39 07       	cpc	r19, r25
    44fe:	78 f4       	brcc	.+30     	; 0x451e <prvAddCurrentTaskToDelayedList+0xa0>
			{
				/* Wake time has overflowed.  Place this item in the overflow
				list. */
				vListInsert( pxOverflowDelayedTaskList, &( pxCurrentTCB->xStateListItem ) );
    4500:	80 91 7b 21 	lds	r24, 0x217B	; 0x80217b <pxCurrentTCB>
    4504:	90 91 7c 21 	lds	r25, 0x217C	; 0x80217c <pxCurrentTCB+0x1>
    4508:	9c 01       	movw	r18, r24
    450a:	2e 5f       	subi	r18, 0xFE	; 254
    450c:	3f 4f       	sbci	r19, 0xFF	; 255
    450e:	80 91 eb 21 	lds	r24, 0x21EB	; 0x8021eb <pxOverflowDelayedTaskList>
    4512:	90 91 ec 21 	lds	r25, 0x21EC	; 0x8021ec <pxOverflowDelayedTaskList+0x1>
    4516:	b9 01       	movw	r22, r18
    4518:	0e 94 07 0c 	call	0x180e	; 0x180e <vListInsert>

		/* Avoid compiler warning when INCLUDE_vTaskSuspend is not 1. */
		( void ) xCanBlockIndefinitely;
	}
	#endif /* INCLUDE_vTaskSuspend */
}
    451c:	1d c0       	rjmp	.+58     	; 0x4558 <prvAddCurrentTaskToDelayedList+0xda>
			}
			else
			{
				/* The wake time has not overflowed, so the current block list
				is used. */
				vListInsert( pxDelayedTaskList, &( pxCurrentTCB->xStateListItem ) );
    451e:	80 91 7b 21 	lds	r24, 0x217B	; 0x80217b <pxCurrentTCB>
    4522:	90 91 7c 21 	lds	r25, 0x217C	; 0x80217c <pxCurrentTCB+0x1>
    4526:	9c 01       	movw	r18, r24
    4528:	2e 5f       	subi	r18, 0xFE	; 254
    452a:	3f 4f       	sbci	r19, 0xFF	; 255
    452c:	80 91 e9 21 	lds	r24, 0x21E9	; 0x8021e9 <pxDelayedTaskList>
    4530:	90 91 ea 21 	lds	r25, 0x21EA	; 0x8021ea <pxDelayedTaskList+0x1>
    4534:	b9 01       	movw	r22, r18
    4536:	0e 94 07 0c 	call	0x180e	; 0x180e <vListInsert>

				/* If the task entering the blocked state was placed at the
				head of the list of blocked tasks then xNextTaskUnblockTime
				needs to be updated too. */
				if( xTimeToWake < xNextTaskUnblockTime )
    453a:	80 91 12 22 	lds	r24, 0x2212	; 0x802212 <xNextTaskUnblockTime>
    453e:	90 91 13 22 	lds	r25, 0x2213	; 0x802213 <xNextTaskUnblockTime+0x1>
    4542:	2b 81       	ldd	r18, Y+3	; 0x03
    4544:	3c 81       	ldd	r19, Y+4	; 0x04
    4546:	28 17       	cp	r18, r24
    4548:	39 07       	cpc	r19, r25
    454a:	30 f4       	brcc	.+12     	; 0x4558 <prvAddCurrentTaskToDelayedList+0xda>
				{
					xNextTaskUnblockTime = xTimeToWake;
    454c:	8b 81       	ldd	r24, Y+3	; 0x03
    454e:	9c 81       	ldd	r25, Y+4	; 0x04
    4550:	80 93 12 22 	sts	0x2212, r24	; 0x802212 <xNextTaskUnblockTime>
    4554:	90 93 13 22 	sts	0x2213, r25	; 0x802213 <xNextTaskUnblockTime+0x1>

		/* Avoid compiler warning when INCLUDE_vTaskSuspend is not 1. */
		( void ) xCanBlockIndefinitely;
	}
	#endif /* INCLUDE_vTaskSuspend */
}
    4558:	00 00       	nop
    455a:	27 96       	adiw	r28, 0x07	; 7
    455c:	cd bf       	out	0x3d, r28	; 61
    455e:	de bf       	out	0x3e, r29	; 62
    4560:	df 91       	pop	r29
    4562:	cf 91       	pop	r28
    4564:	08 95       	ret

00004566 <vApplicationIdleHook>:
#define SET_ERR_LED() PORTA.OUTSET=1<<7
#define CLR_ERR_LED() PORTA.OUTCLR=1<<7


void vApplicationIdleHook( void )
{
    4566:	cf 93       	push	r28
    4568:	df 93       	push	r29
    456a:	cd b7       	in	r28, 0x3d	; 61
    456c:	de b7       	in	r29, 0x3e	; 62
	
}
    456e:	00 00       	nop
    4570:	df 91       	pop	r29
    4572:	cf 91       	pop	r28
    4574:	08 95       	ret

00004576 <vApplicationMallocFailedHook>:

void vApplicationMallocFailedHook(void)
{
    4576:	cf 93       	push	r28
    4578:	df 93       	push	r29
    457a:	cd b7       	in	r28, 0x3d	; 61
    457c:	de b7       	in	r29, 0x3e	; 62
    457e:	6c 97       	sbiw	r28, 0x1c	; 28
    4580:	cd bf       	out	0x3d, r28	; 61
    4582:	de bf       	out	0x3e, r29	; 62
	taskDISABLE_INTERRUPTS();
    4584:	f8 94       	cli
	DbgPrint ("ERROR: memory allocation failed\r\n");
    4586:	82 e7       	ldi	r24, 0x72	; 114
    4588:	90 e2       	ldi	r25, 0x20	; 32
    458a:	0e 94 24 02 	call	0x448	; 0x448 <DbgPrint>
	CFG_ERR_LED();
    458e:	80 e0       	ldi	r24, 0x00	; 0
    4590:	96 e0       	ldi	r25, 0x06	; 6
    4592:	20 e8       	ldi	r18, 0x80	; 128
    4594:	fc 01       	movw	r30, r24
    4596:	21 83       	std	Z+1, r18	; 0x01
	while (1)
	{
		SET_ERR_LED();
    4598:	80 e0       	ldi	r24, 0x00	; 0
    459a:	96 e0       	ldi	r25, 0x06	; 6
    459c:	20 e8       	ldi	r18, 0x80	; 128
    459e:	fc 01       	movw	r30, r24
    45a0:	25 83       	std	Z+5, r18	; 0x05
    45a2:	80 e0       	ldi	r24, 0x00	; 0
    45a4:	90 e0       	ldi	r25, 0x00	; 0
    45a6:	a8 ec       	ldi	r26, 0xC8	; 200
    45a8:	b2 e4       	ldi	r27, 0x42	; 66
    45aa:	89 83       	std	Y+1, r24	; 0x01
    45ac:	9a 83       	std	Y+2, r25	; 0x02
    45ae:	ab 83       	std	Y+3, r26	; 0x03
    45b0:	bc 83       	std	Y+4, r27	; 0x04

	__builtin_avr_delay_cycles(__ticks_dc);

#else
	uint16_t __ticks;
	__tmp = ((F_CPU) / 4e3) * __ms;
    45b2:	20 e0       	ldi	r18, 0x00	; 0
    45b4:	30 e0       	ldi	r19, 0x00	; 0
    45b6:	4a ef       	ldi	r20, 0xFA	; 250
    45b8:	55 e4       	ldi	r21, 0x45	; 69
    45ba:	69 81       	ldd	r22, Y+1	; 0x01
    45bc:	7a 81       	ldd	r23, Y+2	; 0x02
    45be:	8b 81       	ldd	r24, Y+3	; 0x03
    45c0:	9c 81       	ldd	r25, Y+4	; 0x04
    45c2:	0e 94 3d 29 	call	0x527a	; 0x527a <__mulsf3>
    45c6:	dc 01       	movw	r26, r24
    45c8:	cb 01       	movw	r24, r22
    45ca:	8b 8b       	std	Y+19, r24	; 0x13
    45cc:	9c 8b       	std	Y+20, r25	; 0x14
    45ce:	ad 8b       	std	Y+21, r26	; 0x15
    45d0:	be 8b       	std	Y+22, r27	; 0x16
	if (__tmp < 1.0)
    45d2:	20 e0       	ldi	r18, 0x00	; 0
    45d4:	30 e0       	ldi	r19, 0x00	; 0
    45d6:	40 e8       	ldi	r20, 0x80	; 128
    45d8:	5f e3       	ldi	r21, 0x3F	; 63
    45da:	6b 89       	ldd	r22, Y+19	; 0x13
    45dc:	7c 89       	ldd	r23, Y+20	; 0x14
    45de:	8d 89       	ldd	r24, Y+21	; 0x15
    45e0:	9e 89       	ldd	r25, Y+22	; 0x16
    45e2:	0e 94 e0 27 	call	0x4fc0	; 0x4fc0 <__cmpsf2>
    45e6:	88 23       	and	r24, r24
    45e8:	2c f4       	brge	.+10     	; 0x45f4 <vApplicationMallocFailedHook+0x7e>
		__ticks = 1;
    45ea:	81 e0       	ldi	r24, 0x01	; 1
    45ec:	90 e0       	ldi	r25, 0x00	; 0
    45ee:	8f 8b       	std	Y+23, r24	; 0x17
    45f0:	98 8f       	std	Y+24, r25	; 0x18
    45f2:	3f c0       	rjmp	.+126    	; 0x4672 <vApplicationMallocFailedHook+0xfc>
	else if (__tmp > 65535)
    45f4:	20 e0       	ldi	r18, 0x00	; 0
    45f6:	3f ef       	ldi	r19, 0xFF	; 255
    45f8:	4f e7       	ldi	r20, 0x7F	; 127
    45fa:	57 e4       	ldi	r21, 0x47	; 71
    45fc:	6b 89       	ldd	r22, Y+19	; 0x13
    45fe:	7c 89       	ldd	r23, Y+20	; 0x14
    4600:	8d 89       	ldd	r24, Y+21	; 0x15
    4602:	9e 89       	ldd	r25, Y+22	; 0x16
    4604:	0e 94 38 29 	call	0x5270	; 0x5270 <__gesf2>
    4608:	18 16       	cp	r1, r24
    460a:	4c f5       	brge	.+82     	; 0x465e <vApplicationMallocFailedHook+0xe8>
	{
		//	__ticks = requested delay in 1/10 ms
		__ticks = (uint16_t) (__ms * 10.0);
    460c:	20 e0       	ldi	r18, 0x00	; 0
    460e:	30 e0       	ldi	r19, 0x00	; 0
    4610:	40 e2       	ldi	r20, 0x20	; 32
    4612:	51 e4       	ldi	r21, 0x41	; 65
    4614:	69 81       	ldd	r22, Y+1	; 0x01
    4616:	7a 81       	ldd	r23, Y+2	; 0x02
    4618:	8b 81       	ldd	r24, Y+3	; 0x03
    461a:	9c 81       	ldd	r25, Y+4	; 0x04
    461c:	0e 94 3d 29 	call	0x527a	; 0x527a <__mulsf3>
    4620:	dc 01       	movw	r26, r24
    4622:	cb 01       	movw	r24, r22
    4624:	bc 01       	movw	r22, r24
    4626:	cd 01       	movw	r24, r26
    4628:	0e 94 57 28 	call	0x50ae	; 0x50ae <__fixunssfsi>
    462c:	dc 01       	movw	r26, r24
    462e:	cb 01       	movw	r24, r22
    4630:	8f 8b       	std	Y+23, r24	; 0x17
    4632:	98 8f       	std	Y+24, r25	; 0x18
    4634:	0f c0       	rjmp	.+30     	; 0x4654 <vApplicationMallocFailedHook+0xde>
    4636:	80 e2       	ldi	r24, 0x20	; 32
    4638:	93 e0       	ldi	r25, 0x03	; 3
    463a:	89 8f       	std	Y+25, r24	; 0x19
    463c:	9a 8f       	std	Y+26, r25	; 0x1a
    milliseconds can be achieved.
 */
void
_delay_loop_2(uint16_t __count)
{
	__asm__ volatile (
    463e:	89 8d       	ldd	r24, Y+25	; 0x19
    4640:	9a 8d       	ldd	r25, Y+26	; 0x1a
    4642:	01 97       	sbiw	r24, 0x01	; 1
    4644:	f1 f7       	brne	.-4      	; 0x4642 <vApplicationMallocFailedHook+0xcc>
    4646:	89 8f       	std	Y+25, r24	; 0x19
    4648:	9a 8f       	std	Y+26, r25	; 0x1a
		while(__ticks)
		{
			// wait 1/10 ms
			_delay_loop_2(((F_CPU) / 4e3) / 10);
			__ticks --;
    464a:	8f 89       	ldd	r24, Y+23	; 0x17
    464c:	98 8d       	ldd	r25, Y+24	; 0x18
    464e:	01 97       	sbiw	r24, 0x01	; 1
    4650:	8f 8b       	std	Y+23, r24	; 0x17
    4652:	98 8f       	std	Y+24, r25	; 0x18
		__ticks = 1;
	else if (__tmp > 65535)
	{
		//	__ticks = requested delay in 1/10 ms
		__ticks = (uint16_t) (__ms * 10.0);
		while(__ticks)
    4654:	8f 89       	ldd	r24, Y+23	; 0x17
    4656:	98 8d       	ldd	r25, Y+24	; 0x18
    4658:	89 2b       	or	r24, r25
    465a:	69 f7       	brne	.-38     	; 0x4636 <vApplicationMallocFailedHook+0xc0>
    465c:	14 c0       	rjmp	.+40     	; 0x4686 <vApplicationMallocFailedHook+0x110>
			__ticks --;
		}
		return;
	}
	else
		__ticks = (uint16_t)__tmp;
    465e:	6b 89       	ldd	r22, Y+19	; 0x13
    4660:	7c 89       	ldd	r23, Y+20	; 0x14
    4662:	8d 89       	ldd	r24, Y+21	; 0x15
    4664:	9e 89       	ldd	r25, Y+22	; 0x16
    4666:	0e 94 57 28 	call	0x50ae	; 0x50ae <__fixunssfsi>
    466a:	dc 01       	movw	r26, r24
    466c:	cb 01       	movw	r24, r22
    466e:	8f 8b       	std	Y+23, r24	; 0x17
    4670:	98 8f       	std	Y+24, r25	; 0x18
    4672:	8f 89       	ldd	r24, Y+23	; 0x17
    4674:	98 8d       	ldd	r25, Y+24	; 0x18
    4676:	8b 8f       	std	Y+27, r24	; 0x1b
    4678:	9c 8f       	std	Y+28, r25	; 0x1c
    467a:	8b 8d       	ldd	r24, Y+27	; 0x1b
    467c:	9c 8d       	ldd	r25, Y+28	; 0x1c
    467e:	01 97       	sbiw	r24, 0x01	; 1
    4680:	f1 f7       	brne	.-4      	; 0x467e <vApplicationMallocFailedHook+0x108>
    4682:	8b 8f       	std	Y+27, r24	; 0x1b
    4684:	9c 8f       	std	Y+28, r25	; 0x1c
		_delay_ms(100);
		CLR_ERR_LED();
    4686:	80 e0       	ldi	r24, 0x00	; 0
    4688:	96 e0       	ldi	r25, 0x06	; 6
    468a:	20 e8       	ldi	r18, 0x80	; 128
    468c:	fc 01       	movw	r30, r24
    468e:	26 83       	std	Z+6, r18	; 0x06
    4690:	80 e0       	ldi	r24, 0x00	; 0
    4692:	90 e0       	ldi	r25, 0x00	; 0
    4694:	a8 ec       	ldi	r26, 0xC8	; 200
    4696:	b2 e4       	ldi	r27, 0x42	; 66
    4698:	8d 83       	std	Y+5, r24	; 0x05
    469a:	9e 83       	std	Y+6, r25	; 0x06
    469c:	af 83       	std	Y+7, r26	; 0x07
    469e:	b8 87       	std	Y+8, r27	; 0x08

	__builtin_avr_delay_cycles(__ticks_dc);

#else
	uint16_t __ticks;
	__tmp = ((F_CPU) / 4e3) * __ms;
    46a0:	20 e0       	ldi	r18, 0x00	; 0
    46a2:	30 e0       	ldi	r19, 0x00	; 0
    46a4:	4a ef       	ldi	r20, 0xFA	; 250
    46a6:	55 e4       	ldi	r21, 0x45	; 69
    46a8:	6d 81       	ldd	r22, Y+5	; 0x05
    46aa:	7e 81       	ldd	r23, Y+6	; 0x06
    46ac:	8f 81       	ldd	r24, Y+7	; 0x07
    46ae:	98 85       	ldd	r25, Y+8	; 0x08
    46b0:	0e 94 3d 29 	call	0x527a	; 0x527a <__mulsf3>
    46b4:	dc 01       	movw	r26, r24
    46b6:	cb 01       	movw	r24, r22
    46b8:	89 87       	std	Y+9, r24	; 0x09
    46ba:	9a 87       	std	Y+10, r25	; 0x0a
    46bc:	ab 87       	std	Y+11, r26	; 0x0b
    46be:	bc 87       	std	Y+12, r27	; 0x0c
	if (__tmp < 1.0)
    46c0:	20 e0       	ldi	r18, 0x00	; 0
    46c2:	30 e0       	ldi	r19, 0x00	; 0
    46c4:	40 e8       	ldi	r20, 0x80	; 128
    46c6:	5f e3       	ldi	r21, 0x3F	; 63
    46c8:	69 85       	ldd	r22, Y+9	; 0x09
    46ca:	7a 85       	ldd	r23, Y+10	; 0x0a
    46cc:	8b 85       	ldd	r24, Y+11	; 0x0b
    46ce:	9c 85       	ldd	r25, Y+12	; 0x0c
    46d0:	0e 94 e0 27 	call	0x4fc0	; 0x4fc0 <__cmpsf2>
    46d4:	88 23       	and	r24, r24
    46d6:	2c f4       	brge	.+10     	; 0x46e2 <vApplicationMallocFailedHook+0x16c>
		__ticks = 1;
    46d8:	81 e0       	ldi	r24, 0x01	; 1
    46da:	90 e0       	ldi	r25, 0x00	; 0
    46dc:	8d 87       	std	Y+13, r24	; 0x0d
    46de:	9e 87       	std	Y+14, r25	; 0x0e
    46e0:	3f c0       	rjmp	.+126    	; 0x4760 <vApplicationMallocFailedHook+0x1ea>
	else if (__tmp > 65535)
    46e2:	20 e0       	ldi	r18, 0x00	; 0
    46e4:	3f ef       	ldi	r19, 0xFF	; 255
    46e6:	4f e7       	ldi	r20, 0x7F	; 127
    46e8:	57 e4       	ldi	r21, 0x47	; 71
    46ea:	69 85       	ldd	r22, Y+9	; 0x09
    46ec:	7a 85       	ldd	r23, Y+10	; 0x0a
    46ee:	8b 85       	ldd	r24, Y+11	; 0x0b
    46f0:	9c 85       	ldd	r25, Y+12	; 0x0c
    46f2:	0e 94 38 29 	call	0x5270	; 0x5270 <__gesf2>
    46f6:	18 16       	cp	r1, r24
    46f8:	4c f5       	brge	.+82     	; 0x474c <vApplicationMallocFailedHook+0x1d6>
	{
		//	__ticks = requested delay in 1/10 ms
		__ticks = (uint16_t) (__ms * 10.0);
    46fa:	20 e0       	ldi	r18, 0x00	; 0
    46fc:	30 e0       	ldi	r19, 0x00	; 0
    46fe:	40 e2       	ldi	r20, 0x20	; 32
    4700:	51 e4       	ldi	r21, 0x41	; 65
    4702:	6d 81       	ldd	r22, Y+5	; 0x05
    4704:	7e 81       	ldd	r23, Y+6	; 0x06
    4706:	8f 81       	ldd	r24, Y+7	; 0x07
    4708:	98 85       	ldd	r25, Y+8	; 0x08
    470a:	0e 94 3d 29 	call	0x527a	; 0x527a <__mulsf3>
    470e:	dc 01       	movw	r26, r24
    4710:	cb 01       	movw	r24, r22
    4712:	bc 01       	movw	r22, r24
    4714:	cd 01       	movw	r24, r26
    4716:	0e 94 57 28 	call	0x50ae	; 0x50ae <__fixunssfsi>
    471a:	dc 01       	movw	r26, r24
    471c:	cb 01       	movw	r24, r22
    471e:	8d 87       	std	Y+13, r24	; 0x0d
    4720:	9e 87       	std	Y+14, r25	; 0x0e
    4722:	0f c0       	rjmp	.+30     	; 0x4742 <vApplicationMallocFailedHook+0x1cc>
    4724:	80 e2       	ldi	r24, 0x20	; 32
    4726:	93 e0       	ldi	r25, 0x03	; 3
    4728:	8f 87       	std	Y+15, r24	; 0x0f
    472a:	98 8b       	std	Y+16, r25	; 0x10
    472c:	8f 85       	ldd	r24, Y+15	; 0x0f
    472e:	98 89       	ldd	r25, Y+16	; 0x10
    4730:	01 97       	sbiw	r24, 0x01	; 1
    4732:	f1 f7       	brne	.-4      	; 0x4730 <vApplicationMallocFailedHook+0x1ba>
    4734:	8f 87       	std	Y+15, r24	; 0x0f
    4736:	98 8b       	std	Y+16, r25	; 0x10
		while(__ticks)
		{
			// wait 1/10 ms
			_delay_loop_2(((F_CPU) / 4e3) / 10);
			__ticks --;
    4738:	8d 85       	ldd	r24, Y+13	; 0x0d
    473a:	9e 85       	ldd	r25, Y+14	; 0x0e
    473c:	01 97       	sbiw	r24, 0x01	; 1
    473e:	8d 87       	std	Y+13, r24	; 0x0d
    4740:	9e 87       	std	Y+14, r25	; 0x0e
		__ticks = 1;
	else if (__tmp > 65535)
	{
		//	__ticks = requested delay in 1/10 ms
		__ticks = (uint16_t) (__ms * 10.0);
		while(__ticks)
    4742:	8d 85       	ldd	r24, Y+13	; 0x0d
    4744:	9e 85       	ldd	r25, Y+14	; 0x0e
    4746:	89 2b       	or	r24, r25
    4748:	69 f7       	brne	.-38     	; 0x4724 <vApplicationMallocFailedHook+0x1ae>
    474a:	14 c0       	rjmp	.+40     	; 0x4774 <vApplicationMallocFailedHook+0x1fe>
			__ticks --;
		}
		return;
	}
	else
		__ticks = (uint16_t)__tmp;
    474c:	69 85       	ldd	r22, Y+9	; 0x09
    474e:	7a 85       	ldd	r23, Y+10	; 0x0a
    4750:	8b 85       	ldd	r24, Y+11	; 0x0b
    4752:	9c 85       	ldd	r25, Y+12	; 0x0c
    4754:	0e 94 57 28 	call	0x50ae	; 0x50ae <__fixunssfsi>
    4758:	dc 01       	movw	r26, r24
    475a:	cb 01       	movw	r24, r22
    475c:	8d 87       	std	Y+13, r24	; 0x0d
    475e:	9e 87       	std	Y+14, r25	; 0x0e
    4760:	8d 85       	ldd	r24, Y+13	; 0x0d
    4762:	9e 85       	ldd	r25, Y+14	; 0x0e
    4764:	89 8b       	std	Y+17, r24	; 0x11
    4766:	9a 8b       	std	Y+18, r25	; 0x12
    4768:	89 89       	ldd	r24, Y+17	; 0x11
    476a:	9a 89       	ldd	r25, Y+18	; 0x12
    476c:	01 97       	sbiw	r24, 0x01	; 1
    476e:	f1 f7       	brne	.-4      	; 0x476c <vApplicationMallocFailedHook+0x1f6>
    4770:	89 8b       	std	Y+17, r24	; 0x11
    4772:	9a 8b       	std	Y+18, r25	; 0x12
		_delay_ms(100);
	}
    4774:	11 cf       	rjmp	.-478    	; 0x4598 <vApplicationMallocFailedHook+0x22>

00004776 <vApplicationStackOverflowHook>:
}



void vApplicationStackOverflowHook( TaskHandle_t xTask,signed char *pcTaskName )
{
    4776:	cf 93       	push	r28
    4778:	df 93       	push	r29
    477a:	cd b7       	in	r28, 0x3d	; 61
    477c:	de b7       	in	r29, 0x3e	; 62
    477e:	a0 97       	sbiw	r28, 0x20	; 32
    4780:	cd bf       	out	0x3d, r28	; 61
    4782:	de bf       	out	0x3e, r29	; 62
    4784:	8d 8f       	std	Y+29, r24	; 0x1d
    4786:	9e 8f       	std	Y+30, r25	; 0x1e
    4788:	6f 8f       	std	Y+31, r22	; 0x1f
    478a:	78 a3       	std	Y+32, r23	; 0x20
	taskDISABLE_INTERRUPTS();
    478c:	f8 94       	cli
	CFG_ERR_LED();
    478e:	80 e0       	ldi	r24, 0x00	; 0
    4790:	96 e0       	ldi	r25, 0x06	; 6
    4792:	20 e8       	ldi	r18, 0x80	; 128
    4794:	fc 01       	movw	r30, r24
    4796:	21 83       	std	Z+1, r18	; 0x01
	DbgPrint("STACK overflow in task ");
    4798:	84 e9       	ldi	r24, 0x94	; 148
    479a:	90 e2       	ldi	r25, 0x20	; 32
    479c:	0e 94 24 02 	call	0x448	; 0x448 <DbgPrint>
	DbgPrintn(pcTaskName,10);
    47a0:	8f 8d       	ldd	r24, Y+31	; 0x1f
    47a2:	98 a1       	ldd	r25, Y+32	; 0x20
    47a4:	6a e0       	ldi	r22, 0x0A	; 10
    47a6:	70 e0       	ldi	r23, 0x00	; 0
    47a8:	0e 94 38 02 	call	0x470	; 0x470 <DbgPrintn>
	DbgPrint("\r\n");
    47ac:	8c ea       	ldi	r24, 0xAC	; 172
    47ae:	90 e2       	ldi	r25, 0x20	; 32
    47b0:	0e 94 24 02 	call	0x448	; 0x448 <DbgPrint>
	while (1)
	{
		SET_ERR_LED();
    47b4:	80 e0       	ldi	r24, 0x00	; 0
    47b6:	96 e0       	ldi	r25, 0x06	; 6
    47b8:	20 e8       	ldi	r18, 0x80	; 128
    47ba:	fc 01       	movw	r30, r24
    47bc:	25 83       	std	Z+5, r18	; 0x05
    47be:	80 e0       	ldi	r24, 0x00	; 0
    47c0:	90 e0       	ldi	r25, 0x00	; 0
    47c2:	aa ef       	ldi	r26, 0xFA	; 250
    47c4:	b3 e4       	ldi	r27, 0x43	; 67
    47c6:	89 83       	std	Y+1, r24	; 0x01
    47c8:	9a 83       	std	Y+2, r25	; 0x02
    47ca:	ab 83       	std	Y+3, r26	; 0x03
    47cc:	bc 83       	std	Y+4, r27	; 0x04

	__builtin_avr_delay_cycles(__ticks_dc);

#else
	uint16_t __ticks;
	__tmp = ((F_CPU) / 4e3) * __ms;
    47ce:	20 e0       	ldi	r18, 0x00	; 0
    47d0:	30 e0       	ldi	r19, 0x00	; 0
    47d2:	4a ef       	ldi	r20, 0xFA	; 250
    47d4:	55 e4       	ldi	r21, 0x45	; 69
    47d6:	69 81       	ldd	r22, Y+1	; 0x01
    47d8:	7a 81       	ldd	r23, Y+2	; 0x02
    47da:	8b 81       	ldd	r24, Y+3	; 0x03
    47dc:	9c 81       	ldd	r25, Y+4	; 0x04
    47de:	0e 94 3d 29 	call	0x527a	; 0x527a <__mulsf3>
    47e2:	dc 01       	movw	r26, r24
    47e4:	cb 01       	movw	r24, r22
    47e6:	8b 8b       	std	Y+19, r24	; 0x13
    47e8:	9c 8b       	std	Y+20, r25	; 0x14
    47ea:	ad 8b       	std	Y+21, r26	; 0x15
    47ec:	be 8b       	std	Y+22, r27	; 0x16
	if (__tmp < 1.0)
    47ee:	20 e0       	ldi	r18, 0x00	; 0
    47f0:	30 e0       	ldi	r19, 0x00	; 0
    47f2:	40 e8       	ldi	r20, 0x80	; 128
    47f4:	5f e3       	ldi	r21, 0x3F	; 63
    47f6:	6b 89       	ldd	r22, Y+19	; 0x13
    47f8:	7c 89       	ldd	r23, Y+20	; 0x14
    47fa:	8d 89       	ldd	r24, Y+21	; 0x15
    47fc:	9e 89       	ldd	r25, Y+22	; 0x16
    47fe:	0e 94 e0 27 	call	0x4fc0	; 0x4fc0 <__cmpsf2>
    4802:	88 23       	and	r24, r24
    4804:	2c f4       	brge	.+10     	; 0x4810 <vApplicationStackOverflowHook+0x9a>
		__ticks = 1;
    4806:	81 e0       	ldi	r24, 0x01	; 1
    4808:	90 e0       	ldi	r25, 0x00	; 0
    480a:	8f 8b       	std	Y+23, r24	; 0x17
    480c:	98 8f       	std	Y+24, r25	; 0x18
    480e:	3f c0       	rjmp	.+126    	; 0x488e <vApplicationStackOverflowHook+0x118>
	else if (__tmp > 65535)
    4810:	20 e0       	ldi	r18, 0x00	; 0
    4812:	3f ef       	ldi	r19, 0xFF	; 255
    4814:	4f e7       	ldi	r20, 0x7F	; 127
    4816:	57 e4       	ldi	r21, 0x47	; 71
    4818:	6b 89       	ldd	r22, Y+19	; 0x13
    481a:	7c 89       	ldd	r23, Y+20	; 0x14
    481c:	8d 89       	ldd	r24, Y+21	; 0x15
    481e:	9e 89       	ldd	r25, Y+22	; 0x16
    4820:	0e 94 38 29 	call	0x5270	; 0x5270 <__gesf2>
    4824:	18 16       	cp	r1, r24
    4826:	4c f5       	brge	.+82     	; 0x487a <vApplicationStackOverflowHook+0x104>
	{
		//	__ticks = requested delay in 1/10 ms
		__ticks = (uint16_t) (__ms * 10.0);
    4828:	20 e0       	ldi	r18, 0x00	; 0
    482a:	30 e0       	ldi	r19, 0x00	; 0
    482c:	40 e2       	ldi	r20, 0x20	; 32
    482e:	51 e4       	ldi	r21, 0x41	; 65
    4830:	69 81       	ldd	r22, Y+1	; 0x01
    4832:	7a 81       	ldd	r23, Y+2	; 0x02
    4834:	8b 81       	ldd	r24, Y+3	; 0x03
    4836:	9c 81       	ldd	r25, Y+4	; 0x04
    4838:	0e 94 3d 29 	call	0x527a	; 0x527a <__mulsf3>
    483c:	dc 01       	movw	r26, r24
    483e:	cb 01       	movw	r24, r22
    4840:	bc 01       	movw	r22, r24
    4842:	cd 01       	movw	r24, r26
    4844:	0e 94 57 28 	call	0x50ae	; 0x50ae <__fixunssfsi>
    4848:	dc 01       	movw	r26, r24
    484a:	cb 01       	movw	r24, r22
    484c:	8f 8b       	std	Y+23, r24	; 0x17
    484e:	98 8f       	std	Y+24, r25	; 0x18
    4850:	0f c0       	rjmp	.+30     	; 0x4870 <vApplicationStackOverflowHook+0xfa>
    4852:	80 e2       	ldi	r24, 0x20	; 32
    4854:	93 e0       	ldi	r25, 0x03	; 3
    4856:	89 8f       	std	Y+25, r24	; 0x19
    4858:	9a 8f       	std	Y+26, r25	; 0x1a
    485a:	89 8d       	ldd	r24, Y+25	; 0x19
    485c:	9a 8d       	ldd	r25, Y+26	; 0x1a
    485e:	01 97       	sbiw	r24, 0x01	; 1
    4860:	f1 f7       	brne	.-4      	; 0x485e <vApplicationStackOverflowHook+0xe8>
    4862:	89 8f       	std	Y+25, r24	; 0x19
    4864:	9a 8f       	std	Y+26, r25	; 0x1a
		while(__ticks)
		{
			// wait 1/10 ms
			_delay_loop_2(((F_CPU) / 4e3) / 10);
			__ticks --;
    4866:	8f 89       	ldd	r24, Y+23	; 0x17
    4868:	98 8d       	ldd	r25, Y+24	; 0x18
    486a:	01 97       	sbiw	r24, 0x01	; 1
    486c:	8f 8b       	std	Y+23, r24	; 0x17
    486e:	98 8f       	std	Y+24, r25	; 0x18
		__ticks = 1;
	else if (__tmp > 65535)
	{
		//	__ticks = requested delay in 1/10 ms
		__ticks = (uint16_t) (__ms * 10.0);
		while(__ticks)
    4870:	8f 89       	ldd	r24, Y+23	; 0x17
    4872:	98 8d       	ldd	r25, Y+24	; 0x18
    4874:	89 2b       	or	r24, r25
    4876:	69 f7       	brne	.-38     	; 0x4852 <vApplicationStackOverflowHook+0xdc>
    4878:	14 c0       	rjmp	.+40     	; 0x48a2 <vApplicationStackOverflowHook+0x12c>
			__ticks --;
		}
		return;
	}
	else
		__ticks = (uint16_t)__tmp;
    487a:	6b 89       	ldd	r22, Y+19	; 0x13
    487c:	7c 89       	ldd	r23, Y+20	; 0x14
    487e:	8d 89       	ldd	r24, Y+21	; 0x15
    4880:	9e 89       	ldd	r25, Y+22	; 0x16
    4882:	0e 94 57 28 	call	0x50ae	; 0x50ae <__fixunssfsi>
    4886:	dc 01       	movw	r26, r24
    4888:	cb 01       	movw	r24, r22
    488a:	8f 8b       	std	Y+23, r24	; 0x17
    488c:	98 8f       	std	Y+24, r25	; 0x18
    488e:	8f 89       	ldd	r24, Y+23	; 0x17
    4890:	98 8d       	ldd	r25, Y+24	; 0x18
    4892:	8b 8f       	std	Y+27, r24	; 0x1b
    4894:	9c 8f       	std	Y+28, r25	; 0x1c
    4896:	8b 8d       	ldd	r24, Y+27	; 0x1b
    4898:	9c 8d       	ldd	r25, Y+28	; 0x1c
    489a:	01 97       	sbiw	r24, 0x01	; 1
    489c:	f1 f7       	brne	.-4      	; 0x489a <vApplicationStackOverflowHook+0x124>
    489e:	8b 8f       	std	Y+27, r24	; 0x1b
    48a0:	9c 8f       	std	Y+28, r25	; 0x1c
		_delay_ms(500);
		CLR_ERR_LED();
    48a2:	80 e0       	ldi	r24, 0x00	; 0
    48a4:	96 e0       	ldi	r25, 0x06	; 6
    48a6:	20 e8       	ldi	r18, 0x80	; 128
    48a8:	fc 01       	movw	r30, r24
    48aa:	26 83       	std	Z+6, r18	; 0x06
    48ac:	80 e0       	ldi	r24, 0x00	; 0
    48ae:	90 e0       	ldi	r25, 0x00	; 0
    48b0:	aa ef       	ldi	r26, 0xFA	; 250
    48b2:	b3 e4       	ldi	r27, 0x43	; 67
    48b4:	8d 83       	std	Y+5, r24	; 0x05
    48b6:	9e 83       	std	Y+6, r25	; 0x06
    48b8:	af 83       	std	Y+7, r26	; 0x07
    48ba:	b8 87       	std	Y+8, r27	; 0x08

	__builtin_avr_delay_cycles(__ticks_dc);

#else
	uint16_t __ticks;
	__tmp = ((F_CPU) / 4e3) * __ms;
    48bc:	20 e0       	ldi	r18, 0x00	; 0
    48be:	30 e0       	ldi	r19, 0x00	; 0
    48c0:	4a ef       	ldi	r20, 0xFA	; 250
    48c2:	55 e4       	ldi	r21, 0x45	; 69
    48c4:	6d 81       	ldd	r22, Y+5	; 0x05
    48c6:	7e 81       	ldd	r23, Y+6	; 0x06
    48c8:	8f 81       	ldd	r24, Y+7	; 0x07
    48ca:	98 85       	ldd	r25, Y+8	; 0x08
    48cc:	0e 94 3d 29 	call	0x527a	; 0x527a <__mulsf3>
    48d0:	dc 01       	movw	r26, r24
    48d2:	cb 01       	movw	r24, r22
    48d4:	89 87       	std	Y+9, r24	; 0x09
    48d6:	9a 87       	std	Y+10, r25	; 0x0a
    48d8:	ab 87       	std	Y+11, r26	; 0x0b
    48da:	bc 87       	std	Y+12, r27	; 0x0c
	if (__tmp < 1.0)
    48dc:	20 e0       	ldi	r18, 0x00	; 0
    48de:	30 e0       	ldi	r19, 0x00	; 0
    48e0:	40 e8       	ldi	r20, 0x80	; 128
    48e2:	5f e3       	ldi	r21, 0x3F	; 63
    48e4:	69 85       	ldd	r22, Y+9	; 0x09
    48e6:	7a 85       	ldd	r23, Y+10	; 0x0a
    48e8:	8b 85       	ldd	r24, Y+11	; 0x0b
    48ea:	9c 85       	ldd	r25, Y+12	; 0x0c
    48ec:	0e 94 e0 27 	call	0x4fc0	; 0x4fc0 <__cmpsf2>
    48f0:	88 23       	and	r24, r24
    48f2:	2c f4       	brge	.+10     	; 0x48fe <vApplicationStackOverflowHook+0x188>
		__ticks = 1;
    48f4:	81 e0       	ldi	r24, 0x01	; 1
    48f6:	90 e0       	ldi	r25, 0x00	; 0
    48f8:	8d 87       	std	Y+13, r24	; 0x0d
    48fa:	9e 87       	std	Y+14, r25	; 0x0e
    48fc:	3f c0       	rjmp	.+126    	; 0x497c <vApplicationStackOverflowHook+0x206>
	else if (__tmp > 65535)
    48fe:	20 e0       	ldi	r18, 0x00	; 0
    4900:	3f ef       	ldi	r19, 0xFF	; 255
    4902:	4f e7       	ldi	r20, 0x7F	; 127
    4904:	57 e4       	ldi	r21, 0x47	; 71
    4906:	69 85       	ldd	r22, Y+9	; 0x09
    4908:	7a 85       	ldd	r23, Y+10	; 0x0a
    490a:	8b 85       	ldd	r24, Y+11	; 0x0b
    490c:	9c 85       	ldd	r25, Y+12	; 0x0c
    490e:	0e 94 38 29 	call	0x5270	; 0x5270 <__gesf2>
    4912:	18 16       	cp	r1, r24
    4914:	4c f5       	brge	.+82     	; 0x4968 <vApplicationStackOverflowHook+0x1f2>
	{
		//	__ticks = requested delay in 1/10 ms
		__ticks = (uint16_t) (__ms * 10.0);
    4916:	20 e0       	ldi	r18, 0x00	; 0
    4918:	30 e0       	ldi	r19, 0x00	; 0
    491a:	40 e2       	ldi	r20, 0x20	; 32
    491c:	51 e4       	ldi	r21, 0x41	; 65
    491e:	6d 81       	ldd	r22, Y+5	; 0x05
    4920:	7e 81       	ldd	r23, Y+6	; 0x06
    4922:	8f 81       	ldd	r24, Y+7	; 0x07
    4924:	98 85       	ldd	r25, Y+8	; 0x08
    4926:	0e 94 3d 29 	call	0x527a	; 0x527a <__mulsf3>
    492a:	dc 01       	movw	r26, r24
    492c:	cb 01       	movw	r24, r22
    492e:	bc 01       	movw	r22, r24
    4930:	cd 01       	movw	r24, r26
    4932:	0e 94 57 28 	call	0x50ae	; 0x50ae <__fixunssfsi>
    4936:	dc 01       	movw	r26, r24
    4938:	cb 01       	movw	r24, r22
    493a:	8d 87       	std	Y+13, r24	; 0x0d
    493c:	9e 87       	std	Y+14, r25	; 0x0e
    493e:	0f c0       	rjmp	.+30     	; 0x495e <vApplicationStackOverflowHook+0x1e8>
    4940:	80 e2       	ldi	r24, 0x20	; 32
    4942:	93 e0       	ldi	r25, 0x03	; 3
    4944:	8f 87       	std	Y+15, r24	; 0x0f
    4946:	98 8b       	std	Y+16, r25	; 0x10
    4948:	8f 85       	ldd	r24, Y+15	; 0x0f
    494a:	98 89       	ldd	r25, Y+16	; 0x10
    494c:	01 97       	sbiw	r24, 0x01	; 1
    494e:	f1 f7       	brne	.-4      	; 0x494c <vApplicationStackOverflowHook+0x1d6>
    4950:	8f 87       	std	Y+15, r24	; 0x0f
    4952:	98 8b       	std	Y+16, r25	; 0x10
		while(__ticks)
		{
			// wait 1/10 ms
			_delay_loop_2(((F_CPU) / 4e3) / 10);
			__ticks --;
    4954:	8d 85       	ldd	r24, Y+13	; 0x0d
    4956:	9e 85       	ldd	r25, Y+14	; 0x0e
    4958:	01 97       	sbiw	r24, 0x01	; 1
    495a:	8d 87       	std	Y+13, r24	; 0x0d
    495c:	9e 87       	std	Y+14, r25	; 0x0e
		__ticks = 1;
	else if (__tmp > 65535)
	{
		//	__ticks = requested delay in 1/10 ms
		__ticks = (uint16_t) (__ms * 10.0);
		while(__ticks)
    495e:	8d 85       	ldd	r24, Y+13	; 0x0d
    4960:	9e 85       	ldd	r25, Y+14	; 0x0e
    4962:	89 2b       	or	r24, r25
    4964:	69 f7       	brne	.-38     	; 0x4940 <vApplicationStackOverflowHook+0x1ca>
    4966:	14 c0       	rjmp	.+40     	; 0x4990 <vApplicationStackOverflowHook+0x21a>
			__ticks --;
		}
		return;
	}
	else
		__ticks = (uint16_t)__tmp;
    4968:	69 85       	ldd	r22, Y+9	; 0x09
    496a:	7a 85       	ldd	r23, Y+10	; 0x0a
    496c:	8b 85       	ldd	r24, Y+11	; 0x0b
    496e:	9c 85       	ldd	r25, Y+12	; 0x0c
    4970:	0e 94 57 28 	call	0x50ae	; 0x50ae <__fixunssfsi>
    4974:	dc 01       	movw	r26, r24
    4976:	cb 01       	movw	r24, r22
    4978:	8d 87       	std	Y+13, r24	; 0x0d
    497a:	9e 87       	std	Y+14, r25	; 0x0e
    497c:	8d 85       	ldd	r24, Y+13	; 0x0d
    497e:	9e 85       	ldd	r25, Y+14	; 0x0e
    4980:	89 8b       	std	Y+17, r24	; 0x11
    4982:	9a 8b       	std	Y+18, r25	; 0x12
    4984:	89 89       	ldd	r24, Y+17	; 0x11
    4986:	9a 89       	ldd	r25, Y+18	; 0x12
    4988:	01 97       	sbiw	r24, 0x01	; 1
    498a:	f1 f7       	brne	.-4      	; 0x4988 <vApplicationStackOverflowHook+0x212>
    498c:	89 8b       	std	Y+17, r24	; 0x11
    498e:	9a 8b       	std	Y+18, r25	; 0x12
		_delay_ms(500);
	}
    4990:	11 cf       	rjmp	.-478    	; 0x47b4 <vApplicationStackOverflowHook+0x3e>

00004992 <vAssertCalled>:
}

void vAssertCalled( char *File, int Line)
{
    4992:	cf 93       	push	r28
    4994:	df 93       	push	r29
    4996:	cd b7       	in	r28, 0x3d	; 61
    4998:	de b7       	in	r29, 0x3e	; 62
    499a:	a0 97       	sbiw	r28, 0x20	; 32
    499c:	cd bf       	out	0x3d, r28	; 61
    499e:	de bf       	out	0x3e, r29	; 62
    49a0:	8d 8f       	std	Y+29, r24	; 0x1d
    49a2:	9e 8f       	std	Y+30, r25	; 0x1e
    49a4:	6f 8f       	std	Y+31, r22	; 0x1f
    49a6:	78 a3       	std	Y+32, r23	; 0x20
	taskDISABLE_INTERRUPTS();	
    49a8:	f8 94       	cli
	CFG_ERR_LED();
    49aa:	80 e0       	ldi	r24, 0x00	; 0
    49ac:	96 e0       	ldi	r25, 0x06	; 6
    49ae:	20 e8       	ldi	r18, 0x80	; 128
    49b0:	fc 01       	movw	r30, r24
    49b2:	21 83       	std	Z+1, r18	; 0x01
	DbgPrint("Assert in file ");
    49b4:	8f ea       	ldi	r24, 0xAF	; 175
    49b6:	90 e2       	ldi	r25, 0x20	; 32
    49b8:	0e 94 24 02 	call	0x448	; 0x448 <DbgPrint>
	DbgPrintn(File,100);
    49bc:	8d 8d       	ldd	r24, Y+29	; 0x1d
    49be:	9e 8d       	ldd	r25, Y+30	; 0x1e
    49c0:	64 e6       	ldi	r22, 0x64	; 100
    49c2:	70 e0       	ldi	r23, 0x00	; 0
    49c4:	0e 94 38 02 	call	0x470	; 0x470 <DbgPrintn>
	DbgPrint(", line nr ");
    49c8:	8f eb       	ldi	r24, 0xBF	; 191
    49ca:	90 e2       	ldi	r25, 0x20	; 32
    49cc:	0e 94 24 02 	call	0x448	; 0x448 <DbgPrint>
	DbgPrintInt(Line);
    49d0:	8f 8d       	ldd	r24, Y+31	; 0x1f
    49d2:	98 a1       	ldd	r25, Y+32	; 0x20
    49d4:	0e 94 87 02 	call	0x50e	; 0x50e <DbgPrintInt>
	DbgPrint("\r\n");
    49d8:	8c ea       	ldi	r24, 0xAC	; 172
    49da:	90 e2       	ldi	r25, 0x20	; 32
    49dc:	0e 94 24 02 	call	0x448	; 0x448 <DbgPrint>

	while (1)
	{
		SET_ERR_LED();
    49e0:	80 e0       	ldi	r24, 0x00	; 0
    49e2:	96 e0       	ldi	r25, 0x06	; 6
    49e4:	20 e8       	ldi	r18, 0x80	; 128
    49e6:	fc 01       	movw	r30, r24
    49e8:	25 83       	std	Z+5, r18	; 0x05
    49ea:	80 e0       	ldi	r24, 0x00	; 0
    49ec:	90 e0       	ldi	r25, 0x00	; 0
    49ee:	a8 ec       	ldi	r26, 0xC8	; 200
    49f0:	b2 e4       	ldi	r27, 0x42	; 66
    49f2:	89 83       	std	Y+1, r24	; 0x01
    49f4:	9a 83       	std	Y+2, r25	; 0x02
    49f6:	ab 83       	std	Y+3, r26	; 0x03
    49f8:	bc 83       	std	Y+4, r27	; 0x04

	__builtin_avr_delay_cycles(__ticks_dc);

#else
	uint16_t __ticks;
	__tmp = ((F_CPU) / 4e3) * __ms;
    49fa:	20 e0       	ldi	r18, 0x00	; 0
    49fc:	30 e0       	ldi	r19, 0x00	; 0
    49fe:	4a ef       	ldi	r20, 0xFA	; 250
    4a00:	55 e4       	ldi	r21, 0x45	; 69
    4a02:	69 81       	ldd	r22, Y+1	; 0x01
    4a04:	7a 81       	ldd	r23, Y+2	; 0x02
    4a06:	8b 81       	ldd	r24, Y+3	; 0x03
    4a08:	9c 81       	ldd	r25, Y+4	; 0x04
    4a0a:	0e 94 3d 29 	call	0x527a	; 0x527a <__mulsf3>
    4a0e:	dc 01       	movw	r26, r24
    4a10:	cb 01       	movw	r24, r22
    4a12:	8b 8b       	std	Y+19, r24	; 0x13
    4a14:	9c 8b       	std	Y+20, r25	; 0x14
    4a16:	ad 8b       	std	Y+21, r26	; 0x15
    4a18:	be 8b       	std	Y+22, r27	; 0x16
	if (__tmp < 1.0)
    4a1a:	20 e0       	ldi	r18, 0x00	; 0
    4a1c:	30 e0       	ldi	r19, 0x00	; 0
    4a1e:	40 e8       	ldi	r20, 0x80	; 128
    4a20:	5f e3       	ldi	r21, 0x3F	; 63
    4a22:	6b 89       	ldd	r22, Y+19	; 0x13
    4a24:	7c 89       	ldd	r23, Y+20	; 0x14
    4a26:	8d 89       	ldd	r24, Y+21	; 0x15
    4a28:	9e 89       	ldd	r25, Y+22	; 0x16
    4a2a:	0e 94 e0 27 	call	0x4fc0	; 0x4fc0 <__cmpsf2>
    4a2e:	88 23       	and	r24, r24
    4a30:	2c f4       	brge	.+10     	; 0x4a3c <vAssertCalled+0xaa>
		__ticks = 1;
    4a32:	81 e0       	ldi	r24, 0x01	; 1
    4a34:	90 e0       	ldi	r25, 0x00	; 0
    4a36:	8f 8b       	std	Y+23, r24	; 0x17
    4a38:	98 8f       	std	Y+24, r25	; 0x18
    4a3a:	3f c0       	rjmp	.+126    	; 0x4aba <vAssertCalled+0x128>
	else if (__tmp > 65535)
    4a3c:	20 e0       	ldi	r18, 0x00	; 0
    4a3e:	3f ef       	ldi	r19, 0xFF	; 255
    4a40:	4f e7       	ldi	r20, 0x7F	; 127
    4a42:	57 e4       	ldi	r21, 0x47	; 71
    4a44:	6b 89       	ldd	r22, Y+19	; 0x13
    4a46:	7c 89       	ldd	r23, Y+20	; 0x14
    4a48:	8d 89       	ldd	r24, Y+21	; 0x15
    4a4a:	9e 89       	ldd	r25, Y+22	; 0x16
    4a4c:	0e 94 38 29 	call	0x5270	; 0x5270 <__gesf2>
    4a50:	18 16       	cp	r1, r24
    4a52:	4c f5       	brge	.+82     	; 0x4aa6 <vAssertCalled+0x114>
	{
		//	__ticks = requested delay in 1/10 ms
		__ticks = (uint16_t) (__ms * 10.0);
    4a54:	20 e0       	ldi	r18, 0x00	; 0
    4a56:	30 e0       	ldi	r19, 0x00	; 0
    4a58:	40 e2       	ldi	r20, 0x20	; 32
    4a5a:	51 e4       	ldi	r21, 0x41	; 65
    4a5c:	69 81       	ldd	r22, Y+1	; 0x01
    4a5e:	7a 81       	ldd	r23, Y+2	; 0x02
    4a60:	8b 81       	ldd	r24, Y+3	; 0x03
    4a62:	9c 81       	ldd	r25, Y+4	; 0x04
    4a64:	0e 94 3d 29 	call	0x527a	; 0x527a <__mulsf3>
    4a68:	dc 01       	movw	r26, r24
    4a6a:	cb 01       	movw	r24, r22
    4a6c:	bc 01       	movw	r22, r24
    4a6e:	cd 01       	movw	r24, r26
    4a70:	0e 94 57 28 	call	0x50ae	; 0x50ae <__fixunssfsi>
    4a74:	dc 01       	movw	r26, r24
    4a76:	cb 01       	movw	r24, r22
    4a78:	8f 8b       	std	Y+23, r24	; 0x17
    4a7a:	98 8f       	std	Y+24, r25	; 0x18
    4a7c:	0f c0       	rjmp	.+30     	; 0x4a9c <vAssertCalled+0x10a>
    4a7e:	80 e2       	ldi	r24, 0x20	; 32
    4a80:	93 e0       	ldi	r25, 0x03	; 3
    4a82:	89 8f       	std	Y+25, r24	; 0x19
    4a84:	9a 8f       	std	Y+26, r25	; 0x1a
    4a86:	89 8d       	ldd	r24, Y+25	; 0x19
    4a88:	9a 8d       	ldd	r25, Y+26	; 0x1a
    4a8a:	01 97       	sbiw	r24, 0x01	; 1
    4a8c:	f1 f7       	brne	.-4      	; 0x4a8a <vAssertCalled+0xf8>
    4a8e:	89 8f       	std	Y+25, r24	; 0x19
    4a90:	9a 8f       	std	Y+26, r25	; 0x1a
		while(__ticks)
		{
			// wait 1/10 ms
			_delay_loop_2(((F_CPU) / 4e3) / 10);
			__ticks --;
    4a92:	8f 89       	ldd	r24, Y+23	; 0x17
    4a94:	98 8d       	ldd	r25, Y+24	; 0x18
    4a96:	01 97       	sbiw	r24, 0x01	; 1
    4a98:	8f 8b       	std	Y+23, r24	; 0x17
    4a9a:	98 8f       	std	Y+24, r25	; 0x18
		__ticks = 1;
	else if (__tmp > 65535)
	{
		//	__ticks = requested delay in 1/10 ms
		__ticks = (uint16_t) (__ms * 10.0);
		while(__ticks)
    4a9c:	8f 89       	ldd	r24, Y+23	; 0x17
    4a9e:	98 8d       	ldd	r25, Y+24	; 0x18
    4aa0:	89 2b       	or	r24, r25
    4aa2:	69 f7       	brne	.-38     	; 0x4a7e <vAssertCalled+0xec>
    4aa4:	14 c0       	rjmp	.+40     	; 0x4ace <vAssertCalled+0x13c>
			__ticks --;
		}
		return;
	}
	else
		__ticks = (uint16_t)__tmp;
    4aa6:	6b 89       	ldd	r22, Y+19	; 0x13
    4aa8:	7c 89       	ldd	r23, Y+20	; 0x14
    4aaa:	8d 89       	ldd	r24, Y+21	; 0x15
    4aac:	9e 89       	ldd	r25, Y+22	; 0x16
    4aae:	0e 94 57 28 	call	0x50ae	; 0x50ae <__fixunssfsi>
    4ab2:	dc 01       	movw	r26, r24
    4ab4:	cb 01       	movw	r24, r22
    4ab6:	8f 8b       	std	Y+23, r24	; 0x17
    4ab8:	98 8f       	std	Y+24, r25	; 0x18
    4aba:	8f 89       	ldd	r24, Y+23	; 0x17
    4abc:	98 8d       	ldd	r25, Y+24	; 0x18
    4abe:	8b 8f       	std	Y+27, r24	; 0x1b
    4ac0:	9c 8f       	std	Y+28, r25	; 0x1c
    4ac2:	8b 8d       	ldd	r24, Y+27	; 0x1b
    4ac4:	9c 8d       	ldd	r25, Y+28	; 0x1c
    4ac6:	01 97       	sbiw	r24, 0x01	; 1
    4ac8:	f1 f7       	brne	.-4      	; 0x4ac6 <vAssertCalled+0x134>
    4aca:	8b 8f       	std	Y+27, r24	; 0x1b
    4acc:	9c 8f       	std	Y+28, r25	; 0x1c
		_delay_ms(100);
		CLR_ERR_LED();
    4ace:	80 e0       	ldi	r24, 0x00	; 0
    4ad0:	96 e0       	ldi	r25, 0x06	; 6
    4ad2:	20 e8       	ldi	r18, 0x80	; 128
    4ad4:	fc 01       	movw	r30, r24
    4ad6:	26 83       	std	Z+6, r18	; 0x06
    4ad8:	80 e0       	ldi	r24, 0x00	; 0
    4ada:	90 e0       	ldi	r25, 0x00	; 0
    4adc:	aa ef       	ldi	r26, 0xFA	; 250
    4ade:	b3 e4       	ldi	r27, 0x43	; 67
    4ae0:	8d 83       	std	Y+5, r24	; 0x05
    4ae2:	9e 83       	std	Y+6, r25	; 0x06
    4ae4:	af 83       	std	Y+7, r26	; 0x07
    4ae6:	b8 87       	std	Y+8, r27	; 0x08

	__builtin_avr_delay_cycles(__ticks_dc);

#else
	uint16_t __ticks;
	__tmp = ((F_CPU) / 4e3) * __ms;
    4ae8:	20 e0       	ldi	r18, 0x00	; 0
    4aea:	30 e0       	ldi	r19, 0x00	; 0
    4aec:	4a ef       	ldi	r20, 0xFA	; 250
    4aee:	55 e4       	ldi	r21, 0x45	; 69
    4af0:	6d 81       	ldd	r22, Y+5	; 0x05
    4af2:	7e 81       	ldd	r23, Y+6	; 0x06
    4af4:	8f 81       	ldd	r24, Y+7	; 0x07
    4af6:	98 85       	ldd	r25, Y+8	; 0x08
    4af8:	0e 94 3d 29 	call	0x527a	; 0x527a <__mulsf3>
    4afc:	dc 01       	movw	r26, r24
    4afe:	cb 01       	movw	r24, r22
    4b00:	89 87       	std	Y+9, r24	; 0x09
    4b02:	9a 87       	std	Y+10, r25	; 0x0a
    4b04:	ab 87       	std	Y+11, r26	; 0x0b
    4b06:	bc 87       	std	Y+12, r27	; 0x0c
	if (__tmp < 1.0)
    4b08:	20 e0       	ldi	r18, 0x00	; 0
    4b0a:	30 e0       	ldi	r19, 0x00	; 0
    4b0c:	40 e8       	ldi	r20, 0x80	; 128
    4b0e:	5f e3       	ldi	r21, 0x3F	; 63
    4b10:	69 85       	ldd	r22, Y+9	; 0x09
    4b12:	7a 85       	ldd	r23, Y+10	; 0x0a
    4b14:	8b 85       	ldd	r24, Y+11	; 0x0b
    4b16:	9c 85       	ldd	r25, Y+12	; 0x0c
    4b18:	0e 94 e0 27 	call	0x4fc0	; 0x4fc0 <__cmpsf2>
    4b1c:	88 23       	and	r24, r24
    4b1e:	2c f4       	brge	.+10     	; 0x4b2a <vAssertCalled+0x198>
		__ticks = 1;
    4b20:	81 e0       	ldi	r24, 0x01	; 1
    4b22:	90 e0       	ldi	r25, 0x00	; 0
    4b24:	8d 87       	std	Y+13, r24	; 0x0d
    4b26:	9e 87       	std	Y+14, r25	; 0x0e
    4b28:	3f c0       	rjmp	.+126    	; 0x4ba8 <vAssertCalled+0x216>
	else if (__tmp > 65535)
    4b2a:	20 e0       	ldi	r18, 0x00	; 0
    4b2c:	3f ef       	ldi	r19, 0xFF	; 255
    4b2e:	4f e7       	ldi	r20, 0x7F	; 127
    4b30:	57 e4       	ldi	r21, 0x47	; 71
    4b32:	69 85       	ldd	r22, Y+9	; 0x09
    4b34:	7a 85       	ldd	r23, Y+10	; 0x0a
    4b36:	8b 85       	ldd	r24, Y+11	; 0x0b
    4b38:	9c 85       	ldd	r25, Y+12	; 0x0c
    4b3a:	0e 94 38 29 	call	0x5270	; 0x5270 <__gesf2>
    4b3e:	18 16       	cp	r1, r24
    4b40:	4c f5       	brge	.+82     	; 0x4b94 <vAssertCalled+0x202>
	{
		//	__ticks = requested delay in 1/10 ms
		__ticks = (uint16_t) (__ms * 10.0);
    4b42:	20 e0       	ldi	r18, 0x00	; 0
    4b44:	30 e0       	ldi	r19, 0x00	; 0
    4b46:	40 e2       	ldi	r20, 0x20	; 32
    4b48:	51 e4       	ldi	r21, 0x41	; 65
    4b4a:	6d 81       	ldd	r22, Y+5	; 0x05
    4b4c:	7e 81       	ldd	r23, Y+6	; 0x06
    4b4e:	8f 81       	ldd	r24, Y+7	; 0x07
    4b50:	98 85       	ldd	r25, Y+8	; 0x08
    4b52:	0e 94 3d 29 	call	0x527a	; 0x527a <__mulsf3>
    4b56:	dc 01       	movw	r26, r24
    4b58:	cb 01       	movw	r24, r22
    4b5a:	bc 01       	movw	r22, r24
    4b5c:	cd 01       	movw	r24, r26
    4b5e:	0e 94 57 28 	call	0x50ae	; 0x50ae <__fixunssfsi>
    4b62:	dc 01       	movw	r26, r24
    4b64:	cb 01       	movw	r24, r22
    4b66:	8d 87       	std	Y+13, r24	; 0x0d
    4b68:	9e 87       	std	Y+14, r25	; 0x0e
    4b6a:	0f c0       	rjmp	.+30     	; 0x4b8a <vAssertCalled+0x1f8>
    4b6c:	80 e2       	ldi	r24, 0x20	; 32
    4b6e:	93 e0       	ldi	r25, 0x03	; 3
    4b70:	8f 87       	std	Y+15, r24	; 0x0f
    4b72:	98 8b       	std	Y+16, r25	; 0x10
    4b74:	8f 85       	ldd	r24, Y+15	; 0x0f
    4b76:	98 89       	ldd	r25, Y+16	; 0x10
    4b78:	01 97       	sbiw	r24, 0x01	; 1
    4b7a:	f1 f7       	brne	.-4      	; 0x4b78 <vAssertCalled+0x1e6>
    4b7c:	8f 87       	std	Y+15, r24	; 0x0f
    4b7e:	98 8b       	std	Y+16, r25	; 0x10
		while(__ticks)
		{
			// wait 1/10 ms
			_delay_loop_2(((F_CPU) / 4e3) / 10);
			__ticks --;
    4b80:	8d 85       	ldd	r24, Y+13	; 0x0d
    4b82:	9e 85       	ldd	r25, Y+14	; 0x0e
    4b84:	01 97       	sbiw	r24, 0x01	; 1
    4b86:	8d 87       	std	Y+13, r24	; 0x0d
    4b88:	9e 87       	std	Y+14, r25	; 0x0e
		__ticks = 1;
	else if (__tmp > 65535)
	{
		//	__ticks = requested delay in 1/10 ms
		__ticks = (uint16_t) (__ms * 10.0);
		while(__ticks)
    4b8a:	8d 85       	ldd	r24, Y+13	; 0x0d
    4b8c:	9e 85       	ldd	r25, Y+14	; 0x0e
    4b8e:	89 2b       	or	r24, r25
    4b90:	69 f7       	brne	.-38     	; 0x4b6c <vAssertCalled+0x1da>
    4b92:	14 c0       	rjmp	.+40     	; 0x4bbc <vAssertCalled+0x22a>
			__ticks --;
		}
		return;
	}
	else
		__ticks = (uint16_t)__tmp;
    4b94:	69 85       	ldd	r22, Y+9	; 0x09
    4b96:	7a 85       	ldd	r23, Y+10	; 0x0a
    4b98:	8b 85       	ldd	r24, Y+11	; 0x0b
    4b9a:	9c 85       	ldd	r25, Y+12	; 0x0c
    4b9c:	0e 94 57 28 	call	0x50ae	; 0x50ae <__fixunssfsi>
    4ba0:	dc 01       	movw	r26, r24
    4ba2:	cb 01       	movw	r24, r22
    4ba4:	8d 87       	std	Y+13, r24	; 0x0d
    4ba6:	9e 87       	std	Y+14, r25	; 0x0e
    4ba8:	8d 85       	ldd	r24, Y+13	; 0x0d
    4baa:	9e 85       	ldd	r25, Y+14	; 0x0e
    4bac:	89 8b       	std	Y+17, r24	; 0x11
    4bae:	9a 8b       	std	Y+18, r25	; 0x12
    4bb0:	89 89       	ldd	r24, Y+17	; 0x11
    4bb2:	9a 89       	ldd	r25, Y+18	; 0x12
    4bb4:	01 97       	sbiw	r24, 0x01	; 1
    4bb6:	f1 f7       	brne	.-4      	; 0x4bb4 <vAssertCalled+0x222>
    4bb8:	89 8b       	std	Y+17, r24	; 0x11
    4bba:	9a 8b       	std	Y+18, r25	; 0x12
		_delay_ms(500);
	}
    4bbc:	11 cf       	rjmp	.-478    	; 0x49e0 <vAssertCalled+0x4e>

00004bbe <main>:

uint8_t *ucHeap;
static volatile uint8_t isDirectionRight = 1;

int main(void)
{
    4bbe:	cf 93       	push	r28
    4bc0:	df 93       	push	r29
    4bc2:	cd b7       	in	r28, 0x3d	; 61
    4bc4:	de b7       	in	r29, 0x3e	; 62
    4bc6:	2e 97       	sbiw	r28, 0x0e	; 14
    4bc8:	cd bf       	out	0x3d, r28	; 61
    4bca:	de bf       	out	0x3e, r29	; 62
	//Allocate FreeRTOS heap
	ucHeap=malloc(configTOTAL_HEAP_SIZE);
    4bcc:	80 e0       	ldi	r24, 0x00	; 0
    4bce:	90 e4       	ldi	r25, 0x40	; 64
    4bd0:	0e 94 28 2f 	call	0x5e50	; 0x5e50 <malloc>
    4bd4:	80 93 23 24 	sts	0x2423, r24	; 0x802423 <ucHeap>
    4bd8:	90 93 24 24 	sts	0x2424, r25	; 0x802424 <ucHeap+0x1>
	if (ucHeap==NULL) while(1);
    4bdc:	80 91 23 24 	lds	r24, 0x2423	; 0x802423 <ucHeap>
    4be0:	90 91 24 24 	lds	r25, 0x2424	; 0x802424 <ucHeap+0x1>
    4be4:	89 2b       	or	r24, r25
    4be6:	09 f4       	brne	.+2      	; 0x4bea <main+0x2c>
    4be8:	ff cf       	rjmp	.-2      	; 0x4be8 <main+0x2a>
	
	DriverSysClkXtalInit();	//Clock init
    4bea:	0e 94 23 05 	call	0xa46	; 0xa46 <DriverSysClkXtalInit>
	DriverUSARTInit();		//USART init and link to stdio
    4bee:	0e 94 96 06 	call	0xd2c	; 0xd2c <DriverUSARTInit>
	DriverTWIMInit();		//Initialize TWI in master mode
    4bf2:	0e 94 3e 05 	call	0xa7c	; 0xa7c <DriverTWIMInit>
	DriverCursorstickInit();//Initialize cursor stick
    4bf6:	0e 94 fb 01 	call	0x3f6	; 0x3f6 <DriverCursorstickInit>
	DriverLedInit();		//Initialize LED's
    4bfa:	0e 94 19 03 	call	0x632	; 0x632 <DriverLedInit>
	DriverPowerInit();		//Initialize aux power driver
    4bfe:	0e 94 fd 04 	call	0x9fa	; 0x9fa <DriverPowerInit>
	DriverAdcInit();		//Initialize ADC driver
    4c02:	0e 94 f3 01 	call	0x3e6	; 0x3e6 <DriverAdcInit>
	DriverPowerVccAuxSet(1);//Enable Auxillary power line
    4c06:	81 e0       	ldi	r24, 0x01	; 1
    4c08:	0e 94 0a 05 	call	0xa14	; 0xa14 <DriverPowerVccAuxSet>

	//Enable interrupts
	PMIC.CTRL=0b111;
    4c0c:	80 ea       	ldi	r24, 0xA0	; 160
    4c0e:	90 e0       	ldi	r25, 0x00	; 0
    4c10:	27 e0       	ldi	r18, 0x07	; 7
    4c12:	fc 01       	movw	r30, r24
    4c14:	22 83       	std	Z+2, r18	; 0x02
	sei();
    4c16:	78 94       	sei
    4c18:	80 e0       	ldi	r24, 0x00	; 0
    4c1a:	90 e0       	ldi	r25, 0x00	; 0
    4c1c:	a0 e2       	ldi	r26, 0x20	; 32
    4c1e:	b1 e4       	ldi	r27, 0x41	; 65
    4c20:	89 83       	std	Y+1, r24	; 0x01
    4c22:	9a 83       	std	Y+2, r25	; 0x02
    4c24:	ab 83       	std	Y+3, r26	; 0x03
    4c26:	bc 83       	std	Y+4, r27	; 0x04

	__builtin_avr_delay_cycles(__ticks_dc);

#else
	uint16_t __ticks;
	__tmp = ((F_CPU) / 4e3) * __ms;
    4c28:	20 e0       	ldi	r18, 0x00	; 0
    4c2a:	30 e0       	ldi	r19, 0x00	; 0
    4c2c:	4a ef       	ldi	r20, 0xFA	; 250
    4c2e:	55 e4       	ldi	r21, 0x45	; 69
    4c30:	69 81       	ldd	r22, Y+1	; 0x01
    4c32:	7a 81       	ldd	r23, Y+2	; 0x02
    4c34:	8b 81       	ldd	r24, Y+3	; 0x03
    4c36:	9c 81       	ldd	r25, Y+4	; 0x04
    4c38:	0e 94 3d 29 	call	0x527a	; 0x527a <__mulsf3>
    4c3c:	dc 01       	movw	r26, r24
    4c3e:	cb 01       	movw	r24, r22
    4c40:	8d 83       	std	Y+5, r24	; 0x05
    4c42:	9e 83       	std	Y+6, r25	; 0x06
    4c44:	af 83       	std	Y+7, r26	; 0x07
    4c46:	b8 87       	std	Y+8, r27	; 0x08
	if (__tmp < 1.0)
    4c48:	20 e0       	ldi	r18, 0x00	; 0
    4c4a:	30 e0       	ldi	r19, 0x00	; 0
    4c4c:	40 e8       	ldi	r20, 0x80	; 128
    4c4e:	5f e3       	ldi	r21, 0x3F	; 63
    4c50:	6d 81       	ldd	r22, Y+5	; 0x05
    4c52:	7e 81       	ldd	r23, Y+6	; 0x06
    4c54:	8f 81       	ldd	r24, Y+7	; 0x07
    4c56:	98 85       	ldd	r25, Y+8	; 0x08
    4c58:	0e 94 e0 27 	call	0x4fc0	; 0x4fc0 <__cmpsf2>
    4c5c:	88 23       	and	r24, r24
    4c5e:	2c f4       	brge	.+10     	; 0x4c6a <main+0xac>
		__ticks = 1;
    4c60:	81 e0       	ldi	r24, 0x01	; 1
    4c62:	90 e0       	ldi	r25, 0x00	; 0
    4c64:	89 87       	std	Y+9, r24	; 0x09
    4c66:	9a 87       	std	Y+10, r25	; 0x0a
    4c68:	3f c0       	rjmp	.+126    	; 0x4ce8 <main+0x12a>
	else if (__tmp > 65535)
    4c6a:	20 e0       	ldi	r18, 0x00	; 0
    4c6c:	3f ef       	ldi	r19, 0xFF	; 255
    4c6e:	4f e7       	ldi	r20, 0x7F	; 127
    4c70:	57 e4       	ldi	r21, 0x47	; 71
    4c72:	6d 81       	ldd	r22, Y+5	; 0x05
    4c74:	7e 81       	ldd	r23, Y+6	; 0x06
    4c76:	8f 81       	ldd	r24, Y+7	; 0x07
    4c78:	98 85       	ldd	r25, Y+8	; 0x08
    4c7a:	0e 94 38 29 	call	0x5270	; 0x5270 <__gesf2>
    4c7e:	18 16       	cp	r1, r24
    4c80:	4c f5       	brge	.+82     	; 0x4cd4 <main+0x116>
	{
		//	__ticks = requested delay in 1/10 ms
		__ticks = (uint16_t) (__ms * 10.0);
    4c82:	20 e0       	ldi	r18, 0x00	; 0
    4c84:	30 e0       	ldi	r19, 0x00	; 0
    4c86:	40 e2       	ldi	r20, 0x20	; 32
    4c88:	51 e4       	ldi	r21, 0x41	; 65
    4c8a:	69 81       	ldd	r22, Y+1	; 0x01
    4c8c:	7a 81       	ldd	r23, Y+2	; 0x02
    4c8e:	8b 81       	ldd	r24, Y+3	; 0x03
    4c90:	9c 81       	ldd	r25, Y+4	; 0x04
    4c92:	0e 94 3d 29 	call	0x527a	; 0x527a <__mulsf3>
    4c96:	dc 01       	movw	r26, r24
    4c98:	cb 01       	movw	r24, r22
    4c9a:	bc 01       	movw	r22, r24
    4c9c:	cd 01       	movw	r24, r26
    4c9e:	0e 94 57 28 	call	0x50ae	; 0x50ae <__fixunssfsi>
    4ca2:	dc 01       	movw	r26, r24
    4ca4:	cb 01       	movw	r24, r22
    4ca6:	89 87       	std	Y+9, r24	; 0x09
    4ca8:	9a 87       	std	Y+10, r25	; 0x0a
    4caa:	0f c0       	rjmp	.+30     	; 0x4cca <main+0x10c>
    4cac:	80 e2       	ldi	r24, 0x20	; 32
    4cae:	93 e0       	ldi	r25, 0x03	; 3
    4cb0:	8b 87       	std	Y+11, r24	; 0x0b
    4cb2:	9c 87       	std	Y+12, r25	; 0x0c
    4cb4:	8b 85       	ldd	r24, Y+11	; 0x0b
    4cb6:	9c 85       	ldd	r25, Y+12	; 0x0c
    4cb8:	01 97       	sbiw	r24, 0x01	; 1
    4cba:	f1 f7       	brne	.-4      	; 0x4cb8 <main+0xfa>
    4cbc:	8b 87       	std	Y+11, r24	; 0x0b
    4cbe:	9c 87       	std	Y+12, r25	; 0x0c
		while(__ticks)
		{
			// wait 1/10 ms
			_delay_loop_2(((F_CPU) / 4e3) / 10);
			__ticks --;
    4cc0:	89 85       	ldd	r24, Y+9	; 0x09
    4cc2:	9a 85       	ldd	r25, Y+10	; 0x0a
    4cc4:	01 97       	sbiw	r24, 0x01	; 1
    4cc6:	89 87       	std	Y+9, r24	; 0x09
    4cc8:	9a 87       	std	Y+10, r25	; 0x0a
		__ticks = 1;
	else if (__tmp > 65535)
	{
		//	__ticks = requested delay in 1/10 ms
		__ticks = (uint16_t) (__ms * 10.0);
		while(__ticks)
    4cca:	89 85       	ldd	r24, Y+9	; 0x09
    4ccc:	9a 85       	ldd	r25, Y+10	; 0x0a
    4cce:	89 2b       	or	r24, r25
    4cd0:	69 f7       	brne	.-38     	; 0x4cac <main+0xee>
    4cd2:	14 c0       	rjmp	.+40     	; 0x4cfc <main+0x13e>
			__ticks --;
		}
		return;
	}
	else
		__ticks = (uint16_t)__tmp;
    4cd4:	6d 81       	ldd	r22, Y+5	; 0x05
    4cd6:	7e 81       	ldd	r23, Y+6	; 0x06
    4cd8:	8f 81       	ldd	r24, Y+7	; 0x07
    4cda:	98 85       	ldd	r25, Y+8	; 0x08
    4cdc:	0e 94 57 28 	call	0x50ae	; 0x50ae <__fixunssfsi>
    4ce0:	dc 01       	movw	r26, r24
    4ce2:	cb 01       	movw	r24, r22
    4ce4:	89 87       	std	Y+9, r24	; 0x09
    4ce6:	9a 87       	std	Y+10, r25	; 0x0a
    4ce8:	89 85       	ldd	r24, Y+9	; 0x09
    4cea:	9a 85       	ldd	r25, Y+10	; 0x0a
    4cec:	8d 87       	std	Y+13, r24	; 0x0d
    4cee:	9e 87       	std	Y+14, r25	; 0x0e
    4cf0:	8d 85       	ldd	r24, Y+13	; 0x0d
    4cf2:	9e 85       	ldd	r25, Y+14	; 0x0e
    4cf4:	01 97       	sbiw	r24, 0x01	; 1
    4cf6:	f1 f7       	brne	.-4      	; 0x4cf4 <main+0x136>
    4cf8:	8d 87       	std	Y+13, r24	; 0x0d
    4cfa:	9e 87       	std	Y+14, r25	; 0x0e

	_delay_ms(10);

	//Init tasks
	InitLoopLichtTask(&isDirectionRight);
    4cfc:	8a e1       	ldi	r24, 0x1A	; 26
    4cfe:	90 e2       	ldi	r25, 0x20	; 32
    4d00:	0e 94 90 26 	call	0x4d20	; 0x4d20 <InitLoopLichtTask>
	InitTerminalTask(&isDirectionRight);
    4d04:	8a e1       	ldi	r24, 0x1A	; 26
    4d06:	90 e2       	ldi	r25, 0x20	; 32
    4d08:	0e 94 f8 26 	call	0x4df0	; 0x4df0 <InitTerminalTask>

	vTaskStartScheduler();	//Start scheduler loop
    4d0c:	0e 94 d4 18 	call	0x31a8	; 0x31a8 <vTaskStartScheduler>

	return 0;
    4d10:	80 e0       	ldi	r24, 0x00	; 0
    4d12:	90 e0       	ldi	r25, 0x00	; 0
}
    4d14:	2e 96       	adiw	r28, 0x0e	; 14
    4d16:	cd bf       	out	0x3d, r28	; 61
    4d18:	de bf       	out	0x3e, r29	; 62
    4d1a:	df 91       	pop	r29
    4d1c:	cf 91       	pop	r28
    4d1e:	08 95       	ret

00004d20 <InitLoopLichtTask>:
//Private function prototypes
static void LoopLichtTask(void *pvParameters);

//Function definitions
void InitLoopLichtTask(void *pvParameters)
{
    4d20:	ef 92       	push	r14
    4d22:	ff 92       	push	r15
    4d24:	0f 93       	push	r16
    4d26:	cf 93       	push	r28
    4d28:	df 93       	push	r29
    4d2a:	1f 92       	push	r1
    4d2c:	1f 92       	push	r1
    4d2e:	cd b7       	in	r28, 0x3d	; 61
    4d30:	de b7       	in	r29, 0x3e	; 62
    4d32:	89 83       	std	Y+1, r24	; 0x01
    4d34:	9a 83       	std	Y+2, r25	; 0x02
	xTaskCreate( LoopLichtTask, "Leds", configMINIMAL_STACK_SIZE, pvParameters, tskIDLE_PRIORITY+4, NULL );
    4d36:	89 81       	ldd	r24, Y+1	; 0x01
    4d38:	9a 81       	ldd	r25, Y+2	; 0x02
    4d3a:	e1 2c       	mov	r14, r1
    4d3c:	f1 2c       	mov	r15, r1
    4d3e:	04 e0       	ldi	r16, 0x04	; 4
    4d40:	9c 01       	movw	r18, r24
    4d42:	40 e0       	ldi	r20, 0x00	; 0
    4d44:	51 e0       	ldi	r21, 0x01	; 1
    4d46:	6a ec       	ldi	r22, 0xCA	; 202
    4d48:	70 e2       	ldi	r23, 0x20	; 32
    4d4a:	82 eb       	ldi	r24, 0xB2	; 178
    4d4c:	96 e2       	ldi	r25, 0x26	; 38
    4d4e:	0e 94 e4 15 	call	0x2bc8	; 0x2bc8 <xTaskCreate>
}
    4d52:	00 00       	nop
    4d54:	0f 90       	pop	r0
    4d56:	0f 90       	pop	r0
    4d58:	df 91       	pop	r29
    4d5a:	cf 91       	pop	r28
    4d5c:	0f 91       	pop	r16
    4d5e:	ff 90       	pop	r15
    4d60:	ef 90       	pop	r14
    4d62:	08 95       	ret

00004d64 <LoopLichtTask>:

static void LoopLichtTask(void *pvParameters)
{
    4d64:	cf 93       	push	r28
    4d66:	df 93       	push	r29
    4d68:	cd b7       	in	r28, 0x3d	; 61
    4d6a:	de b7       	in	r29, 0x3e	; 62
    4d6c:	28 97       	sbiw	r28, 0x08	; 8
    4d6e:	cd bf       	out	0x3d, r28	; 61
    4d70:	de bf       	out	0x3e, r29	; 62
    4d72:	8f 83       	std	Y+7, r24	; 0x07
    4d74:	98 87       	std	Y+8, r25	; 0x08
	uint8_t leds = 1;
    4d76:	81 e0       	ldi	r24, 0x01	; 1
    4d78:	89 83       	std	Y+1, r24	; 0x01
	TickType_t xLastWakeTime;
	const TickType_t xPeriod = pdMS_TO_TICKS(500);
    4d7a:	84 ef       	ldi	r24, 0xF4	; 244
    4d7c:	91 e0       	ldi	r25, 0x01	; 1
    4d7e:	8a 83       	std	Y+2, r24	; 0x02
    4d80:	9b 83       	std	Y+3, r25	; 0x03
	
	while (1)
	{
		uint8_t isDirectionRight = *(uint8_t *)pvParameters;
    4d82:	8f 81       	ldd	r24, Y+7	; 0x07
    4d84:	98 85       	ldd	r25, Y+8	; 0x08
    4d86:	fc 01       	movw	r30, r24
    4d88:	80 81       	ld	r24, Z
    4d8a:	8c 83       	std	Y+4, r24	; 0x04
		DriverLedWrite(leds);
    4d8c:	89 81       	ldd	r24, Y+1	; 0x01
    4d8e:	0e 94 47 03 	call	0x68e	; 0x68e <DriverLedWrite>
		if (leds == 1 && isDirectionRight == 0){
    4d92:	89 81       	ldd	r24, Y+1	; 0x01
    4d94:	81 30       	cpi	r24, 0x01	; 1
    4d96:	31 f4       	brne	.+12     	; 0x4da4 <LoopLichtTask+0x40>
    4d98:	8c 81       	ldd	r24, Y+4	; 0x04
    4d9a:	88 23       	and	r24, r24
    4d9c:	19 f4       	brne	.+6      	; 0x4da4 <LoopLichtTask+0x40>
			leds = 8;
    4d9e:	88 e0       	ldi	r24, 0x08	; 8
    4da0:	89 83       	std	Y+1, r24	; 0x01
    4da2:	13 c0       	rjmp	.+38     	; 0x4dca <LoopLichtTask+0x66>
		} else if(isDirectionRight == 0){
    4da4:	8c 81       	ldd	r24, Y+4	; 0x04
    4da6:	88 23       	and	r24, r24
    4da8:	21 f4       	brne	.+8      	; 0x4db2 <LoopLichtTask+0x4e>
			leds = leds >> 1;
    4daa:	89 81       	ldd	r24, Y+1	; 0x01
    4dac:	86 95       	lsr	r24
    4dae:	89 83       	std	Y+1, r24	; 0x01
    4db0:	0c c0       	rjmp	.+24     	; 0x4dca <LoopLichtTask+0x66>
		} else if (leds == 8 && isDirectionRight == 1){
    4db2:	89 81       	ldd	r24, Y+1	; 0x01
    4db4:	88 30       	cpi	r24, 0x08	; 8
    4db6:	31 f4       	brne	.+12     	; 0x4dc4 <LoopLichtTask+0x60>
    4db8:	8c 81       	ldd	r24, Y+4	; 0x04
    4dba:	81 30       	cpi	r24, 0x01	; 1
    4dbc:	19 f4       	brne	.+6      	; 0x4dc4 <LoopLichtTask+0x60>
			leds = 1;
    4dbe:	81 e0       	ldi	r24, 0x01	; 1
    4dc0:	89 83       	std	Y+1, r24	; 0x01
    4dc2:	03 c0       	rjmp	.+6      	; 0x4dca <LoopLichtTask+0x66>
		} else {
			leds = leds << 1;
    4dc4:	89 81       	ldd	r24, Y+1	; 0x01
    4dc6:	88 0f       	add	r24, r24
    4dc8:	89 83       	std	Y+1, r24	; 0x01
		}
		printf("Dit is een super lange string bedoelt voor een meting uit te voeren\n\r");
    4dca:	8f ec       	ldi	r24, 0xCF	; 207
    4dcc:	90 e2       	ldi	r25, 0x20	; 32
    4dce:	89 2f       	mov	r24, r25
    4dd0:	8f 93       	push	r24
    4dd2:	8f ec       	ldi	r24, 0xCF	; 207
    4dd4:	90 e2       	ldi	r25, 0x20	; 32
    4dd6:	8f 93       	push	r24
    4dd8:	0e 94 9c 31 	call	0x6338	; 0x6338 <printf>
    4ddc:	0f 90       	pop	r0
    4dde:	0f 90       	pop	r0
		vTaskDelayUntil(&xLastWakeTime, xPeriod);
    4de0:	2a 81       	ldd	r18, Y+2	; 0x02
    4de2:	3b 81       	ldd	r19, Y+3	; 0x03
    4de4:	ce 01       	movw	r24, r28
    4de6:	05 96       	adiw	r24, 0x05	; 5
    4de8:	b9 01       	movw	r22, r18
    4dea:	0e 94 c7 17 	call	0x2f8e	; 0x2f8e <vTaskDelayUntil>
	}
    4dee:	c9 cf       	rjmp	.-110    	; 0x4d82 <LoopLichtTask+0x1e>

00004df0 <InitTerminalTask>:
//Private function prototypes
static void TerminalTask(void *pvParameters);

//Function definitions
void InitTerminalTask(void *pvParameters)
{
    4df0:	ef 92       	push	r14
    4df2:	ff 92       	push	r15
    4df4:	0f 93       	push	r16
    4df6:	cf 93       	push	r28
    4df8:	df 93       	push	r29
    4dfa:	1f 92       	push	r1
    4dfc:	1f 92       	push	r1
    4dfe:	cd b7       	in	r28, 0x3d	; 61
    4e00:	de b7       	in	r29, 0x3e	; 62
    4e02:	89 83       	std	Y+1, r24	; 0x01
    4e04:	9a 83       	std	Y+2, r25	; 0x02
	xTaskCreate( TerminalTask, "Terminal", configMINIMAL_STACK_SIZE, pvParameters, tskIDLE_PRIORITY+3, NULL );
    4e06:	89 81       	ldd	r24, Y+1	; 0x01
    4e08:	9a 81       	ldd	r25, Y+2	; 0x02
    4e0a:	e1 2c       	mov	r14, r1
    4e0c:	f1 2c       	mov	r15, r1
    4e0e:	03 e0       	ldi	r16, 0x03	; 3
    4e10:	9c 01       	movw	r18, r24
    4e12:	40 e0       	ldi	r20, 0x00	; 0
    4e14:	51 e0       	ldi	r21, 0x01	; 1
    4e16:	65 e1       	ldi	r22, 0x15	; 21
    4e18:	71 e2       	ldi	r23, 0x21	; 33
    4e1a:	8a e1       	ldi	r24, 0x1A	; 26
    4e1c:	97 e2       	ldi	r25, 0x27	; 39
    4e1e:	0e 94 e4 15 	call	0x2bc8	; 0x2bc8 <xTaskCreate>
}
    4e22:	00 00       	nop
    4e24:	0f 90       	pop	r0
    4e26:	0f 90       	pop	r0
    4e28:	df 91       	pop	r29
    4e2a:	cf 91       	pop	r28
    4e2c:	0f 91       	pop	r16
    4e2e:	ff 90       	pop	r15
    4e30:	ef 90       	pop	r14
    4e32:	08 95       	ret

00004e34 <TerminalTask>:

static void TerminalTask(void *pvParameters)
{
    4e34:	cf 93       	push	r28
    4e36:	df 93       	push	r29
    4e38:	cd b7       	in	r28, 0x3d	; 61
    4e3a:	de b7       	in	r29, 0x3e	; 62
    4e3c:	63 97       	sbiw	r28, 0x13	; 19
    4e3e:	cd bf       	out	0x3d, r28	; 61
    4e40:	de bf       	out	0x3e, r29	; 62
    4e42:	8a 8b       	std	Y+18, r24	; 0x12
    4e44:	9b 8b       	std	Y+19, r25	; 0x13
	char input[17];
	static char buffer[512];

	while (1)
	{
		vTaskGetRunTimeStats(&buffer);
    4e46:	8f e1       	ldi	r24, 0x1F	; 31
    4e48:	92 e2       	ldi	r25, 0x22	; 34
    4e4a:	0e 94 39 21 	call	0x4272	; 0x4272 <vTaskGetRunTimeStats>
		printf("%s", buffer);
    4e4e:	8f e1       	ldi	r24, 0x1F	; 31
    4e50:	92 e2       	ldi	r25, 0x22	; 34
    4e52:	89 2f       	mov	r24, r25
    4e54:	8f 93       	push	r24
    4e56:	8f e1       	ldi	r24, 0x1F	; 31
    4e58:	92 e2       	ldi	r25, 0x22	; 34
    4e5a:	8f 93       	push	r24
    4e5c:	8e e1       	ldi	r24, 0x1E	; 30
    4e5e:	91 e2       	ldi	r25, 0x21	; 33
    4e60:	89 2f       	mov	r24, r25
    4e62:	8f 93       	push	r24
    4e64:	8e e1       	ldi	r24, 0x1E	; 30
    4e66:	91 e2       	ldi	r25, 0x21	; 33
    4e68:	8f 93       	push	r24
    4e6a:	0e 94 9c 31 	call	0x6338	; 0x6338 <printf>
    4e6e:	0f 90       	pop	r0
    4e70:	0f 90       	pop	r0
    4e72:	0f 90       	pop	r0
    4e74:	0f 90       	pop	r0
		printf("Waiting on input...\n\r");
    4e76:	81 e2       	ldi	r24, 0x21	; 33
    4e78:	91 e2       	ldi	r25, 0x21	; 33
    4e7a:	89 2f       	mov	r24, r25
    4e7c:	8f 93       	push	r24
    4e7e:	81 e2       	ldi	r24, 0x21	; 33
    4e80:	91 e2       	ldi	r25, 0x21	; 33
    4e82:	8f 93       	push	r24
    4e84:	0e 94 9c 31 	call	0x6338	; 0x6338 <printf>
    4e88:	0f 90       	pop	r0
    4e8a:	0f 90       	pop	r0
		scanf("%16s", input);
    4e8c:	ce 01       	movw	r24, r28
    4e8e:	01 96       	adiw	r24, 0x01	; 1
    4e90:	9f 93       	push	r25
    4e92:	8f 93       	push	r24
    4e94:	87 e3       	ldi	r24, 0x37	; 55
    4e96:	91 e2       	ldi	r25, 0x21	; 33
    4e98:	89 2f       	mov	r24, r25
    4e9a:	8f 93       	push	r24
    4e9c:	87 e3       	ldi	r24, 0x37	; 55
    4e9e:	91 e2       	ldi	r25, 0x21	; 33
    4ea0:	8f 93       	push	r24
    4ea2:	0e 94 b0 31 	call	0x6360	; 0x6360 <scanf>
    4ea6:	0f 90       	pop	r0
    4ea8:	0f 90       	pop	r0
    4eaa:	0f 90       	pop	r0
    4eac:	0f 90       	pop	r0
		if(strcmp(input, "looplicht_links") == 0){
    4eae:	6c e3       	ldi	r22, 0x3C	; 60
    4eb0:	71 e2       	ldi	r23, 0x21	; 33
    4eb2:	ce 01       	movw	r24, r28
    4eb4:	01 96       	adiw	r24, 0x01	; 1
    4eb6:	0e 94 3c 31 	call	0x6278	; 0x6278 <strcmp>
    4eba:	89 2b       	or	r24, r25
    4ebc:	29 f4       	brne	.+10     	; 0x4ec8 <TerminalTask+0x94>
			*(uint8_t *)pvParameters = 0;
    4ebe:	8a 89       	ldd	r24, Y+18	; 0x12
    4ec0:	9b 89       	ldd	r25, Y+19	; 0x13
    4ec2:	fc 01       	movw	r30, r24
    4ec4:	10 82       	st	Z, r1
    4ec6:	bf cf       	rjmp	.-130    	; 0x4e46 <TerminalTask+0x12>
			} else if (strcmp(input, "looplicht_rechts") == 0){
    4ec8:	6c e4       	ldi	r22, 0x4C	; 76
    4eca:	71 e2       	ldi	r23, 0x21	; 33
    4ecc:	ce 01       	movw	r24, r28
    4ece:	01 96       	adiw	r24, 0x01	; 1
    4ed0:	0e 94 3c 31 	call	0x6278	; 0x6278 <strcmp>
    4ed4:	89 2b       	or	r24, r25
    4ed6:	09 f0       	breq	.+2      	; 0x4eda <TerminalTask+0xa6>
    4ed8:	b6 cf       	rjmp	.-148    	; 0x4e46 <TerminalTask+0x12>
			*(uint8_t *)pvParameters = 1;
    4eda:	8a 89       	ldd	r24, Y+18	; 0x12
    4edc:	9b 89       	ldd	r25, Y+19	; 0x13
    4ede:	21 e0       	ldi	r18, 0x01	; 1
    4ee0:	fc 01       	movw	r30, r24
    4ee2:	20 83       	st	Z, r18
		}
	}
    4ee4:	b0 cf       	rjmp	.-160    	; 0x4e46 <TerminalTask+0x12>

00004ee6 <__subsf3>:
    4ee6:	50 58       	subi	r21, 0x80	; 128

00004ee8 <__addsf3>:
    4ee8:	bb 27       	eor	r27, r27
    4eea:	aa 27       	eor	r26, r26
    4eec:	0e 94 8b 27 	call	0x4f16	; 0x4f16 <__addsf3x>
    4ef0:	0c 94 fe 28 	jmp	0x51fc	; 0x51fc <__fp_round>
    4ef4:	0e 94 f0 28 	call	0x51e0	; 0x51e0 <__fp_pscA>
    4ef8:	38 f0       	brcs	.+14     	; 0x4f08 <__addsf3+0x20>
    4efa:	0e 94 f7 28 	call	0x51ee	; 0x51ee <__fp_pscB>
    4efe:	20 f0       	brcs	.+8      	; 0x4f08 <__addsf3+0x20>
    4f00:	39 f4       	brne	.+14     	; 0x4f10 <__addsf3+0x28>
    4f02:	9f 3f       	cpi	r25, 0xFF	; 255
    4f04:	19 f4       	brne	.+6      	; 0x4f0c <__addsf3+0x24>
    4f06:	26 f4       	brtc	.+8      	; 0x4f10 <__addsf3+0x28>
    4f08:	0c 94 ed 28 	jmp	0x51da	; 0x51da <__fp_nan>
    4f0c:	0e f4       	brtc	.+2      	; 0x4f10 <__addsf3+0x28>
    4f0e:	e0 95       	com	r30
    4f10:	e7 fb       	bst	r30, 7
    4f12:	0c 94 e7 28 	jmp	0x51ce	; 0x51ce <__fp_inf>

00004f16 <__addsf3x>:
    4f16:	e9 2f       	mov	r30, r25
    4f18:	0e 94 0f 29 	call	0x521e	; 0x521e <__fp_split3>
    4f1c:	58 f3       	brcs	.-42     	; 0x4ef4 <__addsf3+0xc>
    4f1e:	ba 17       	cp	r27, r26
    4f20:	62 07       	cpc	r22, r18
    4f22:	73 07       	cpc	r23, r19
    4f24:	84 07       	cpc	r24, r20
    4f26:	95 07       	cpc	r25, r21
    4f28:	20 f0       	brcs	.+8      	; 0x4f32 <__addsf3x+0x1c>
    4f2a:	79 f4       	brne	.+30     	; 0x4f4a <__addsf3x+0x34>
    4f2c:	a6 f5       	brtc	.+104    	; 0x4f96 <__addsf3x+0x80>
    4f2e:	0c 94 31 29 	jmp	0x5262	; 0x5262 <__fp_zero>
    4f32:	0e f4       	brtc	.+2      	; 0x4f36 <__addsf3x+0x20>
    4f34:	e0 95       	com	r30
    4f36:	0b 2e       	mov	r0, r27
    4f38:	ba 2f       	mov	r27, r26
    4f3a:	a0 2d       	mov	r26, r0
    4f3c:	0b 01       	movw	r0, r22
    4f3e:	b9 01       	movw	r22, r18
    4f40:	90 01       	movw	r18, r0
    4f42:	0c 01       	movw	r0, r24
    4f44:	ca 01       	movw	r24, r20
    4f46:	a0 01       	movw	r20, r0
    4f48:	11 24       	eor	r1, r1
    4f4a:	ff 27       	eor	r31, r31
    4f4c:	59 1b       	sub	r21, r25
    4f4e:	99 f0       	breq	.+38     	; 0x4f76 <__addsf3x+0x60>
    4f50:	59 3f       	cpi	r21, 0xF9	; 249
    4f52:	50 f4       	brcc	.+20     	; 0x4f68 <__addsf3x+0x52>
    4f54:	50 3e       	cpi	r21, 0xE0	; 224
    4f56:	68 f1       	brcs	.+90     	; 0x4fb2 <__addsf3x+0x9c>
    4f58:	1a 16       	cp	r1, r26
    4f5a:	f0 40       	sbci	r31, 0x00	; 0
    4f5c:	a2 2f       	mov	r26, r18
    4f5e:	23 2f       	mov	r18, r19
    4f60:	34 2f       	mov	r19, r20
    4f62:	44 27       	eor	r20, r20
    4f64:	58 5f       	subi	r21, 0xF8	; 248
    4f66:	f3 cf       	rjmp	.-26     	; 0x4f4e <__addsf3x+0x38>
    4f68:	46 95       	lsr	r20
    4f6a:	37 95       	ror	r19
    4f6c:	27 95       	ror	r18
    4f6e:	a7 95       	ror	r26
    4f70:	f0 40       	sbci	r31, 0x00	; 0
    4f72:	53 95       	inc	r21
    4f74:	c9 f7       	brne	.-14     	; 0x4f68 <__addsf3x+0x52>
    4f76:	7e f4       	brtc	.+30     	; 0x4f96 <__addsf3x+0x80>
    4f78:	1f 16       	cp	r1, r31
    4f7a:	ba 0b       	sbc	r27, r26
    4f7c:	62 0b       	sbc	r22, r18
    4f7e:	73 0b       	sbc	r23, r19
    4f80:	84 0b       	sbc	r24, r20
    4f82:	ba f0       	brmi	.+46     	; 0x4fb2 <__addsf3x+0x9c>
    4f84:	91 50       	subi	r25, 0x01	; 1
    4f86:	a1 f0       	breq	.+40     	; 0x4fb0 <__addsf3x+0x9a>
    4f88:	ff 0f       	add	r31, r31
    4f8a:	bb 1f       	adc	r27, r27
    4f8c:	66 1f       	adc	r22, r22
    4f8e:	77 1f       	adc	r23, r23
    4f90:	88 1f       	adc	r24, r24
    4f92:	c2 f7       	brpl	.-16     	; 0x4f84 <__addsf3x+0x6e>
    4f94:	0e c0       	rjmp	.+28     	; 0x4fb2 <__addsf3x+0x9c>
    4f96:	ba 0f       	add	r27, r26
    4f98:	62 1f       	adc	r22, r18
    4f9a:	73 1f       	adc	r23, r19
    4f9c:	84 1f       	adc	r24, r20
    4f9e:	48 f4       	brcc	.+18     	; 0x4fb2 <__addsf3x+0x9c>
    4fa0:	87 95       	ror	r24
    4fa2:	77 95       	ror	r23
    4fa4:	67 95       	ror	r22
    4fa6:	b7 95       	ror	r27
    4fa8:	f7 95       	ror	r31
    4faa:	9e 3f       	cpi	r25, 0xFE	; 254
    4fac:	08 f0       	brcs	.+2      	; 0x4fb0 <__addsf3x+0x9a>
    4fae:	b0 cf       	rjmp	.-160    	; 0x4f10 <__addsf3+0x28>
    4fb0:	93 95       	inc	r25
    4fb2:	88 0f       	add	r24, r24
    4fb4:	08 f0       	brcs	.+2      	; 0x4fb8 <__addsf3x+0xa2>
    4fb6:	99 27       	eor	r25, r25
    4fb8:	ee 0f       	add	r30, r30
    4fba:	97 95       	ror	r25
    4fbc:	87 95       	ror	r24
    4fbe:	08 95       	ret

00004fc0 <__cmpsf2>:
    4fc0:	0e 94 c3 28 	call	0x5186	; 0x5186 <__fp_cmp>
    4fc4:	08 f4       	brcc	.+2      	; 0x4fc8 <__cmpsf2+0x8>
    4fc6:	81 e0       	ldi	r24, 0x01	; 1
    4fc8:	08 95       	ret

00004fca <__divsf3>:
    4fca:	0e 94 f9 27 	call	0x4ff2	; 0x4ff2 <__divsf3x>
    4fce:	0c 94 fe 28 	jmp	0x51fc	; 0x51fc <__fp_round>
    4fd2:	0e 94 f7 28 	call	0x51ee	; 0x51ee <__fp_pscB>
    4fd6:	58 f0       	brcs	.+22     	; 0x4fee <__divsf3+0x24>
    4fd8:	0e 94 f0 28 	call	0x51e0	; 0x51e0 <__fp_pscA>
    4fdc:	40 f0       	brcs	.+16     	; 0x4fee <__divsf3+0x24>
    4fde:	29 f4       	brne	.+10     	; 0x4fea <__divsf3+0x20>
    4fe0:	5f 3f       	cpi	r21, 0xFF	; 255
    4fe2:	29 f0       	breq	.+10     	; 0x4fee <__divsf3+0x24>
    4fe4:	0c 94 e7 28 	jmp	0x51ce	; 0x51ce <__fp_inf>
    4fe8:	51 11       	cpse	r21, r1
    4fea:	0c 94 32 29 	jmp	0x5264	; 0x5264 <__fp_szero>
    4fee:	0c 94 ed 28 	jmp	0x51da	; 0x51da <__fp_nan>

00004ff2 <__divsf3x>:
    4ff2:	0e 94 0f 29 	call	0x521e	; 0x521e <__fp_split3>
    4ff6:	68 f3       	brcs	.-38     	; 0x4fd2 <__divsf3+0x8>

00004ff8 <__divsf3_pse>:
    4ff8:	99 23       	and	r25, r25
    4ffa:	b1 f3       	breq	.-20     	; 0x4fe8 <__divsf3+0x1e>
    4ffc:	55 23       	and	r21, r21
    4ffe:	91 f3       	breq	.-28     	; 0x4fe4 <__divsf3+0x1a>
    5000:	95 1b       	sub	r25, r21
    5002:	55 0b       	sbc	r21, r21
    5004:	bb 27       	eor	r27, r27
    5006:	aa 27       	eor	r26, r26
    5008:	62 17       	cp	r22, r18
    500a:	73 07       	cpc	r23, r19
    500c:	84 07       	cpc	r24, r20
    500e:	38 f0       	brcs	.+14     	; 0x501e <__divsf3_pse+0x26>
    5010:	9f 5f       	subi	r25, 0xFF	; 255
    5012:	5f 4f       	sbci	r21, 0xFF	; 255
    5014:	22 0f       	add	r18, r18
    5016:	33 1f       	adc	r19, r19
    5018:	44 1f       	adc	r20, r20
    501a:	aa 1f       	adc	r26, r26
    501c:	a9 f3       	breq	.-22     	; 0x5008 <__divsf3_pse+0x10>
    501e:	35 d0       	rcall	.+106    	; 0x508a <__divsf3_pse+0x92>
    5020:	0e 2e       	mov	r0, r30
    5022:	3a f0       	brmi	.+14     	; 0x5032 <__divsf3_pse+0x3a>
    5024:	e0 e8       	ldi	r30, 0x80	; 128
    5026:	32 d0       	rcall	.+100    	; 0x508c <__divsf3_pse+0x94>
    5028:	91 50       	subi	r25, 0x01	; 1
    502a:	50 40       	sbci	r21, 0x00	; 0
    502c:	e6 95       	lsr	r30
    502e:	00 1c       	adc	r0, r0
    5030:	ca f7       	brpl	.-14     	; 0x5024 <__divsf3_pse+0x2c>
    5032:	2b d0       	rcall	.+86     	; 0x508a <__divsf3_pse+0x92>
    5034:	fe 2f       	mov	r31, r30
    5036:	29 d0       	rcall	.+82     	; 0x508a <__divsf3_pse+0x92>
    5038:	66 0f       	add	r22, r22
    503a:	77 1f       	adc	r23, r23
    503c:	88 1f       	adc	r24, r24
    503e:	bb 1f       	adc	r27, r27
    5040:	26 17       	cp	r18, r22
    5042:	37 07       	cpc	r19, r23
    5044:	48 07       	cpc	r20, r24
    5046:	ab 07       	cpc	r26, r27
    5048:	b0 e8       	ldi	r27, 0x80	; 128
    504a:	09 f0       	breq	.+2      	; 0x504e <__divsf3_pse+0x56>
    504c:	bb 0b       	sbc	r27, r27
    504e:	80 2d       	mov	r24, r0
    5050:	bf 01       	movw	r22, r30
    5052:	ff 27       	eor	r31, r31
    5054:	93 58       	subi	r25, 0x83	; 131
    5056:	5f 4f       	sbci	r21, 0xFF	; 255
    5058:	3a f0       	brmi	.+14     	; 0x5068 <__divsf3_pse+0x70>
    505a:	9e 3f       	cpi	r25, 0xFE	; 254
    505c:	51 05       	cpc	r21, r1
    505e:	78 f0       	brcs	.+30     	; 0x507e <__divsf3_pse+0x86>
    5060:	0c 94 e7 28 	jmp	0x51ce	; 0x51ce <__fp_inf>
    5064:	0c 94 32 29 	jmp	0x5264	; 0x5264 <__fp_szero>
    5068:	5f 3f       	cpi	r21, 0xFF	; 255
    506a:	e4 f3       	brlt	.-8      	; 0x5064 <__divsf3_pse+0x6c>
    506c:	98 3e       	cpi	r25, 0xE8	; 232
    506e:	d4 f3       	brlt	.-12     	; 0x5064 <__divsf3_pse+0x6c>
    5070:	86 95       	lsr	r24
    5072:	77 95       	ror	r23
    5074:	67 95       	ror	r22
    5076:	b7 95       	ror	r27
    5078:	f7 95       	ror	r31
    507a:	9f 5f       	subi	r25, 0xFF	; 255
    507c:	c9 f7       	brne	.-14     	; 0x5070 <__divsf3_pse+0x78>
    507e:	88 0f       	add	r24, r24
    5080:	91 1d       	adc	r25, r1
    5082:	96 95       	lsr	r25
    5084:	87 95       	ror	r24
    5086:	97 f9       	bld	r25, 7
    5088:	08 95       	ret
    508a:	e1 e0       	ldi	r30, 0x01	; 1
    508c:	66 0f       	add	r22, r22
    508e:	77 1f       	adc	r23, r23
    5090:	88 1f       	adc	r24, r24
    5092:	bb 1f       	adc	r27, r27
    5094:	62 17       	cp	r22, r18
    5096:	73 07       	cpc	r23, r19
    5098:	84 07       	cpc	r24, r20
    509a:	ba 07       	cpc	r27, r26
    509c:	20 f0       	brcs	.+8      	; 0x50a6 <__divsf3_pse+0xae>
    509e:	62 1b       	sub	r22, r18
    50a0:	73 0b       	sbc	r23, r19
    50a2:	84 0b       	sbc	r24, r20
    50a4:	ba 0b       	sbc	r27, r26
    50a6:	ee 1f       	adc	r30, r30
    50a8:	88 f7       	brcc	.-30     	; 0x508c <__divsf3_pse+0x94>
    50aa:	e0 95       	com	r30
    50ac:	08 95       	ret

000050ae <__fixunssfsi>:
    50ae:	0e 94 17 29 	call	0x522e	; 0x522e <__fp_splitA>
    50b2:	88 f0       	brcs	.+34     	; 0x50d6 <__fixunssfsi+0x28>
    50b4:	9f 57       	subi	r25, 0x7F	; 127
    50b6:	98 f0       	brcs	.+38     	; 0x50de <__fixunssfsi+0x30>
    50b8:	b9 2f       	mov	r27, r25
    50ba:	99 27       	eor	r25, r25
    50bc:	b7 51       	subi	r27, 0x17	; 23
    50be:	b0 f0       	brcs	.+44     	; 0x50ec <__fixunssfsi+0x3e>
    50c0:	e1 f0       	breq	.+56     	; 0x50fa <__fixunssfsi+0x4c>
    50c2:	66 0f       	add	r22, r22
    50c4:	77 1f       	adc	r23, r23
    50c6:	88 1f       	adc	r24, r24
    50c8:	99 1f       	adc	r25, r25
    50ca:	1a f0       	brmi	.+6      	; 0x50d2 <__fixunssfsi+0x24>
    50cc:	ba 95       	dec	r27
    50ce:	c9 f7       	brne	.-14     	; 0x50c2 <__fixunssfsi+0x14>
    50d0:	14 c0       	rjmp	.+40     	; 0x50fa <__fixunssfsi+0x4c>
    50d2:	b1 30       	cpi	r27, 0x01	; 1
    50d4:	91 f0       	breq	.+36     	; 0x50fa <__fixunssfsi+0x4c>
    50d6:	0e 94 31 29 	call	0x5262	; 0x5262 <__fp_zero>
    50da:	b1 e0       	ldi	r27, 0x01	; 1
    50dc:	08 95       	ret
    50de:	0c 94 31 29 	jmp	0x5262	; 0x5262 <__fp_zero>
    50e2:	67 2f       	mov	r22, r23
    50e4:	78 2f       	mov	r23, r24
    50e6:	88 27       	eor	r24, r24
    50e8:	b8 5f       	subi	r27, 0xF8	; 248
    50ea:	39 f0       	breq	.+14     	; 0x50fa <__fixunssfsi+0x4c>
    50ec:	b9 3f       	cpi	r27, 0xF9	; 249
    50ee:	cc f3       	brlt	.-14     	; 0x50e2 <__fixunssfsi+0x34>
    50f0:	86 95       	lsr	r24
    50f2:	77 95       	ror	r23
    50f4:	67 95       	ror	r22
    50f6:	b3 95       	inc	r27
    50f8:	d9 f7       	brne	.-10     	; 0x50f0 <__fixunssfsi+0x42>
    50fa:	3e f4       	brtc	.+14     	; 0x510a <__fixunssfsi+0x5c>
    50fc:	90 95       	com	r25
    50fe:	80 95       	com	r24
    5100:	70 95       	com	r23
    5102:	61 95       	neg	r22
    5104:	7f 4f       	sbci	r23, 0xFF	; 255
    5106:	8f 4f       	sbci	r24, 0xFF	; 255
    5108:	9f 4f       	sbci	r25, 0xFF	; 255
    510a:	08 95       	ret

0000510c <__floatunsisf>:
    510c:	e8 94       	clt
    510e:	09 c0       	rjmp	.+18     	; 0x5122 <__floatsisf+0x12>

00005110 <__floatsisf>:
    5110:	97 fb       	bst	r25, 7
    5112:	3e f4       	brtc	.+14     	; 0x5122 <__floatsisf+0x12>
    5114:	90 95       	com	r25
    5116:	80 95       	com	r24
    5118:	70 95       	com	r23
    511a:	61 95       	neg	r22
    511c:	7f 4f       	sbci	r23, 0xFF	; 255
    511e:	8f 4f       	sbci	r24, 0xFF	; 255
    5120:	9f 4f       	sbci	r25, 0xFF	; 255
    5122:	99 23       	and	r25, r25
    5124:	a9 f0       	breq	.+42     	; 0x5150 <__floatsisf+0x40>
    5126:	f9 2f       	mov	r31, r25
    5128:	96 e9       	ldi	r25, 0x96	; 150
    512a:	bb 27       	eor	r27, r27
    512c:	93 95       	inc	r25
    512e:	f6 95       	lsr	r31
    5130:	87 95       	ror	r24
    5132:	77 95       	ror	r23
    5134:	67 95       	ror	r22
    5136:	b7 95       	ror	r27
    5138:	f1 11       	cpse	r31, r1
    513a:	f8 cf       	rjmp	.-16     	; 0x512c <__floatsisf+0x1c>
    513c:	fa f4       	brpl	.+62     	; 0x517c <__floatsisf+0x6c>
    513e:	bb 0f       	add	r27, r27
    5140:	11 f4       	brne	.+4      	; 0x5146 <__floatsisf+0x36>
    5142:	60 ff       	sbrs	r22, 0
    5144:	1b c0       	rjmp	.+54     	; 0x517c <__floatsisf+0x6c>
    5146:	6f 5f       	subi	r22, 0xFF	; 255
    5148:	7f 4f       	sbci	r23, 0xFF	; 255
    514a:	8f 4f       	sbci	r24, 0xFF	; 255
    514c:	9f 4f       	sbci	r25, 0xFF	; 255
    514e:	16 c0       	rjmp	.+44     	; 0x517c <__floatsisf+0x6c>
    5150:	88 23       	and	r24, r24
    5152:	11 f0       	breq	.+4      	; 0x5158 <__floatsisf+0x48>
    5154:	96 e9       	ldi	r25, 0x96	; 150
    5156:	11 c0       	rjmp	.+34     	; 0x517a <__floatsisf+0x6a>
    5158:	77 23       	and	r23, r23
    515a:	21 f0       	breq	.+8      	; 0x5164 <__floatsisf+0x54>
    515c:	9e e8       	ldi	r25, 0x8E	; 142
    515e:	87 2f       	mov	r24, r23
    5160:	76 2f       	mov	r23, r22
    5162:	05 c0       	rjmp	.+10     	; 0x516e <__floatsisf+0x5e>
    5164:	66 23       	and	r22, r22
    5166:	71 f0       	breq	.+28     	; 0x5184 <__floatsisf+0x74>
    5168:	96 e8       	ldi	r25, 0x86	; 134
    516a:	86 2f       	mov	r24, r22
    516c:	70 e0       	ldi	r23, 0x00	; 0
    516e:	60 e0       	ldi	r22, 0x00	; 0
    5170:	2a f0       	brmi	.+10     	; 0x517c <__floatsisf+0x6c>
    5172:	9a 95       	dec	r25
    5174:	66 0f       	add	r22, r22
    5176:	77 1f       	adc	r23, r23
    5178:	88 1f       	adc	r24, r24
    517a:	da f7       	brpl	.-10     	; 0x5172 <__floatsisf+0x62>
    517c:	88 0f       	add	r24, r24
    517e:	96 95       	lsr	r25
    5180:	87 95       	ror	r24
    5182:	97 f9       	bld	r25, 7
    5184:	08 95       	ret

00005186 <__fp_cmp>:
    5186:	99 0f       	add	r25, r25
    5188:	00 08       	sbc	r0, r0
    518a:	55 0f       	add	r21, r21
    518c:	aa 0b       	sbc	r26, r26
    518e:	e0 e8       	ldi	r30, 0x80	; 128
    5190:	fe ef       	ldi	r31, 0xFE	; 254
    5192:	16 16       	cp	r1, r22
    5194:	17 06       	cpc	r1, r23
    5196:	e8 07       	cpc	r30, r24
    5198:	f9 07       	cpc	r31, r25
    519a:	c0 f0       	brcs	.+48     	; 0x51cc <__fp_cmp+0x46>
    519c:	12 16       	cp	r1, r18
    519e:	13 06       	cpc	r1, r19
    51a0:	e4 07       	cpc	r30, r20
    51a2:	f5 07       	cpc	r31, r21
    51a4:	98 f0       	brcs	.+38     	; 0x51cc <__fp_cmp+0x46>
    51a6:	62 1b       	sub	r22, r18
    51a8:	73 0b       	sbc	r23, r19
    51aa:	84 0b       	sbc	r24, r20
    51ac:	95 0b       	sbc	r25, r21
    51ae:	39 f4       	brne	.+14     	; 0x51be <__fp_cmp+0x38>
    51b0:	0a 26       	eor	r0, r26
    51b2:	61 f0       	breq	.+24     	; 0x51cc <__fp_cmp+0x46>
    51b4:	23 2b       	or	r18, r19
    51b6:	24 2b       	or	r18, r20
    51b8:	25 2b       	or	r18, r21
    51ba:	21 f4       	brne	.+8      	; 0x51c4 <__fp_cmp+0x3e>
    51bc:	08 95       	ret
    51be:	0a 26       	eor	r0, r26
    51c0:	09 f4       	brne	.+2      	; 0x51c4 <__fp_cmp+0x3e>
    51c2:	a1 40       	sbci	r26, 0x01	; 1
    51c4:	a6 95       	lsr	r26
    51c6:	8f ef       	ldi	r24, 0xFF	; 255
    51c8:	81 1d       	adc	r24, r1
    51ca:	81 1d       	adc	r24, r1
    51cc:	08 95       	ret

000051ce <__fp_inf>:
    51ce:	97 f9       	bld	r25, 7
    51d0:	9f 67       	ori	r25, 0x7F	; 127
    51d2:	80 e8       	ldi	r24, 0x80	; 128
    51d4:	70 e0       	ldi	r23, 0x00	; 0
    51d6:	60 e0       	ldi	r22, 0x00	; 0
    51d8:	08 95       	ret

000051da <__fp_nan>:
    51da:	9f ef       	ldi	r25, 0xFF	; 255
    51dc:	80 ec       	ldi	r24, 0xC0	; 192
    51de:	08 95       	ret

000051e0 <__fp_pscA>:
    51e0:	00 24       	eor	r0, r0
    51e2:	0a 94       	dec	r0
    51e4:	16 16       	cp	r1, r22
    51e6:	17 06       	cpc	r1, r23
    51e8:	18 06       	cpc	r1, r24
    51ea:	09 06       	cpc	r0, r25
    51ec:	08 95       	ret

000051ee <__fp_pscB>:
    51ee:	00 24       	eor	r0, r0
    51f0:	0a 94       	dec	r0
    51f2:	12 16       	cp	r1, r18
    51f4:	13 06       	cpc	r1, r19
    51f6:	14 06       	cpc	r1, r20
    51f8:	05 06       	cpc	r0, r21
    51fa:	08 95       	ret

000051fc <__fp_round>:
    51fc:	09 2e       	mov	r0, r25
    51fe:	03 94       	inc	r0
    5200:	00 0c       	add	r0, r0
    5202:	11 f4       	brne	.+4      	; 0x5208 <__fp_round+0xc>
    5204:	88 23       	and	r24, r24
    5206:	52 f0       	brmi	.+20     	; 0x521c <__fp_round+0x20>
    5208:	bb 0f       	add	r27, r27
    520a:	40 f4       	brcc	.+16     	; 0x521c <__fp_round+0x20>
    520c:	bf 2b       	or	r27, r31
    520e:	11 f4       	brne	.+4      	; 0x5214 <__fp_round+0x18>
    5210:	60 ff       	sbrs	r22, 0
    5212:	04 c0       	rjmp	.+8      	; 0x521c <__fp_round+0x20>
    5214:	6f 5f       	subi	r22, 0xFF	; 255
    5216:	7f 4f       	sbci	r23, 0xFF	; 255
    5218:	8f 4f       	sbci	r24, 0xFF	; 255
    521a:	9f 4f       	sbci	r25, 0xFF	; 255
    521c:	08 95       	ret

0000521e <__fp_split3>:
    521e:	57 fd       	sbrc	r21, 7
    5220:	90 58       	subi	r25, 0x80	; 128
    5222:	44 0f       	add	r20, r20
    5224:	55 1f       	adc	r21, r21
    5226:	59 f0       	breq	.+22     	; 0x523e <__fp_splitA+0x10>
    5228:	5f 3f       	cpi	r21, 0xFF	; 255
    522a:	71 f0       	breq	.+28     	; 0x5248 <__fp_splitA+0x1a>
    522c:	47 95       	ror	r20

0000522e <__fp_splitA>:
    522e:	88 0f       	add	r24, r24
    5230:	97 fb       	bst	r25, 7
    5232:	99 1f       	adc	r25, r25
    5234:	61 f0       	breq	.+24     	; 0x524e <__fp_splitA+0x20>
    5236:	9f 3f       	cpi	r25, 0xFF	; 255
    5238:	79 f0       	breq	.+30     	; 0x5258 <__fp_splitA+0x2a>
    523a:	87 95       	ror	r24
    523c:	08 95       	ret
    523e:	12 16       	cp	r1, r18
    5240:	13 06       	cpc	r1, r19
    5242:	14 06       	cpc	r1, r20
    5244:	55 1f       	adc	r21, r21
    5246:	f2 cf       	rjmp	.-28     	; 0x522c <__fp_split3+0xe>
    5248:	46 95       	lsr	r20
    524a:	f1 df       	rcall	.-30     	; 0x522e <__fp_splitA>
    524c:	08 c0       	rjmp	.+16     	; 0x525e <__fp_splitA+0x30>
    524e:	16 16       	cp	r1, r22
    5250:	17 06       	cpc	r1, r23
    5252:	18 06       	cpc	r1, r24
    5254:	99 1f       	adc	r25, r25
    5256:	f1 cf       	rjmp	.-30     	; 0x523a <__fp_splitA+0xc>
    5258:	86 95       	lsr	r24
    525a:	71 05       	cpc	r23, r1
    525c:	61 05       	cpc	r22, r1
    525e:	08 94       	sec
    5260:	08 95       	ret

00005262 <__fp_zero>:
    5262:	e8 94       	clt

00005264 <__fp_szero>:
    5264:	bb 27       	eor	r27, r27
    5266:	66 27       	eor	r22, r22
    5268:	77 27       	eor	r23, r23
    526a:	cb 01       	movw	r24, r22
    526c:	97 f9       	bld	r25, 7
    526e:	08 95       	ret

00005270 <__gesf2>:
    5270:	0e 94 c3 28 	call	0x5186	; 0x5186 <__fp_cmp>
    5274:	08 f4       	brcc	.+2      	; 0x5278 <__gesf2+0x8>
    5276:	8f ef       	ldi	r24, 0xFF	; 255
    5278:	08 95       	ret

0000527a <__mulsf3>:
    527a:	0e 94 50 29 	call	0x52a0	; 0x52a0 <__mulsf3x>
    527e:	0c 94 fe 28 	jmp	0x51fc	; 0x51fc <__fp_round>
    5282:	0e 94 f0 28 	call	0x51e0	; 0x51e0 <__fp_pscA>
    5286:	38 f0       	brcs	.+14     	; 0x5296 <__mulsf3+0x1c>
    5288:	0e 94 f7 28 	call	0x51ee	; 0x51ee <__fp_pscB>
    528c:	20 f0       	brcs	.+8      	; 0x5296 <__mulsf3+0x1c>
    528e:	95 23       	and	r25, r21
    5290:	11 f0       	breq	.+4      	; 0x5296 <__mulsf3+0x1c>
    5292:	0c 94 e7 28 	jmp	0x51ce	; 0x51ce <__fp_inf>
    5296:	0c 94 ed 28 	jmp	0x51da	; 0x51da <__fp_nan>
    529a:	11 24       	eor	r1, r1
    529c:	0c 94 32 29 	jmp	0x5264	; 0x5264 <__fp_szero>

000052a0 <__mulsf3x>:
    52a0:	0e 94 0f 29 	call	0x521e	; 0x521e <__fp_split3>
    52a4:	70 f3       	brcs	.-36     	; 0x5282 <__mulsf3+0x8>

000052a6 <__mulsf3_pse>:
    52a6:	95 9f       	mul	r25, r21
    52a8:	c1 f3       	breq	.-16     	; 0x529a <__mulsf3+0x20>
    52aa:	95 0f       	add	r25, r21
    52ac:	50 e0       	ldi	r21, 0x00	; 0
    52ae:	55 1f       	adc	r21, r21
    52b0:	62 9f       	mul	r22, r18
    52b2:	f0 01       	movw	r30, r0
    52b4:	72 9f       	mul	r23, r18
    52b6:	bb 27       	eor	r27, r27
    52b8:	f0 0d       	add	r31, r0
    52ba:	b1 1d       	adc	r27, r1
    52bc:	63 9f       	mul	r22, r19
    52be:	aa 27       	eor	r26, r26
    52c0:	f0 0d       	add	r31, r0
    52c2:	b1 1d       	adc	r27, r1
    52c4:	aa 1f       	adc	r26, r26
    52c6:	64 9f       	mul	r22, r20
    52c8:	66 27       	eor	r22, r22
    52ca:	b0 0d       	add	r27, r0
    52cc:	a1 1d       	adc	r26, r1
    52ce:	66 1f       	adc	r22, r22
    52d0:	82 9f       	mul	r24, r18
    52d2:	22 27       	eor	r18, r18
    52d4:	b0 0d       	add	r27, r0
    52d6:	a1 1d       	adc	r26, r1
    52d8:	62 1f       	adc	r22, r18
    52da:	73 9f       	mul	r23, r19
    52dc:	b0 0d       	add	r27, r0
    52de:	a1 1d       	adc	r26, r1
    52e0:	62 1f       	adc	r22, r18
    52e2:	83 9f       	mul	r24, r19
    52e4:	a0 0d       	add	r26, r0
    52e6:	61 1d       	adc	r22, r1
    52e8:	22 1f       	adc	r18, r18
    52ea:	74 9f       	mul	r23, r20
    52ec:	33 27       	eor	r19, r19
    52ee:	a0 0d       	add	r26, r0
    52f0:	61 1d       	adc	r22, r1
    52f2:	23 1f       	adc	r18, r19
    52f4:	84 9f       	mul	r24, r20
    52f6:	60 0d       	add	r22, r0
    52f8:	21 1d       	adc	r18, r1
    52fa:	82 2f       	mov	r24, r18
    52fc:	76 2f       	mov	r23, r22
    52fe:	6a 2f       	mov	r22, r26
    5300:	11 24       	eor	r1, r1
    5302:	9f 57       	subi	r25, 0x7F	; 127
    5304:	50 40       	sbci	r21, 0x00	; 0
    5306:	9a f0       	brmi	.+38     	; 0x532e <__mulsf3_pse+0x88>
    5308:	f1 f0       	breq	.+60     	; 0x5346 <__mulsf3_pse+0xa0>
    530a:	88 23       	and	r24, r24
    530c:	4a f0       	brmi	.+18     	; 0x5320 <__mulsf3_pse+0x7a>
    530e:	ee 0f       	add	r30, r30
    5310:	ff 1f       	adc	r31, r31
    5312:	bb 1f       	adc	r27, r27
    5314:	66 1f       	adc	r22, r22
    5316:	77 1f       	adc	r23, r23
    5318:	88 1f       	adc	r24, r24
    531a:	91 50       	subi	r25, 0x01	; 1
    531c:	50 40       	sbci	r21, 0x00	; 0
    531e:	a9 f7       	brne	.-22     	; 0x530a <__mulsf3_pse+0x64>
    5320:	9e 3f       	cpi	r25, 0xFE	; 254
    5322:	51 05       	cpc	r21, r1
    5324:	80 f0       	brcs	.+32     	; 0x5346 <__mulsf3_pse+0xa0>
    5326:	0c 94 e7 28 	jmp	0x51ce	; 0x51ce <__fp_inf>
    532a:	0c 94 32 29 	jmp	0x5264	; 0x5264 <__fp_szero>
    532e:	5f 3f       	cpi	r21, 0xFF	; 255
    5330:	e4 f3       	brlt	.-8      	; 0x532a <__mulsf3_pse+0x84>
    5332:	98 3e       	cpi	r25, 0xE8	; 232
    5334:	d4 f3       	brlt	.-12     	; 0x532a <__mulsf3_pse+0x84>
    5336:	86 95       	lsr	r24
    5338:	77 95       	ror	r23
    533a:	67 95       	ror	r22
    533c:	b7 95       	ror	r27
    533e:	f7 95       	ror	r31
    5340:	e7 95       	ror	r30
    5342:	9f 5f       	subi	r25, 0xFF	; 255
    5344:	c1 f7       	brne	.-16     	; 0x5336 <__mulsf3_pse+0x90>
    5346:	fe 2b       	or	r31, r30
    5348:	88 0f       	add	r24, r24
    534a:	91 1d       	adc	r25, r1
    534c:	96 95       	lsr	r25
    534e:	87 95       	ror	r24
    5350:	97 f9       	bld	r25, 7
    5352:	08 95       	ret

00005354 <pow>:
    5354:	fa 01       	movw	r30, r20
    5356:	ee 0f       	add	r30, r30
    5358:	ff 1f       	adc	r31, r31
    535a:	30 96       	adiw	r30, 0x00	; 0
    535c:	21 05       	cpc	r18, r1
    535e:	31 05       	cpc	r19, r1
    5360:	a1 f1       	breq	.+104    	; 0x53ca <pow+0x76>
    5362:	61 15       	cp	r22, r1
    5364:	71 05       	cpc	r23, r1
    5366:	61 f4       	brne	.+24     	; 0x5380 <pow+0x2c>
    5368:	80 38       	cpi	r24, 0x80	; 128
    536a:	bf e3       	ldi	r27, 0x3F	; 63
    536c:	9b 07       	cpc	r25, r27
    536e:	49 f1       	breq	.+82     	; 0x53c2 <pow+0x6e>
    5370:	68 94       	set
    5372:	90 38       	cpi	r25, 0x80	; 128
    5374:	81 05       	cpc	r24, r1
    5376:	61 f0       	breq	.+24     	; 0x5390 <pow+0x3c>
    5378:	80 38       	cpi	r24, 0x80	; 128
    537a:	bf ef       	ldi	r27, 0xFF	; 255
    537c:	9b 07       	cpc	r25, r27
    537e:	41 f0       	breq	.+16     	; 0x5390 <pow+0x3c>
    5380:	99 23       	and	r25, r25
    5382:	4a f5       	brpl	.+82     	; 0x53d6 <pow+0x82>
    5384:	ff 3f       	cpi	r31, 0xFF	; 255
    5386:	e1 05       	cpc	r30, r1
    5388:	31 05       	cpc	r19, r1
    538a:	21 05       	cpc	r18, r1
    538c:	19 f1       	breq	.+70     	; 0x53d4 <pow+0x80>
    538e:	e8 94       	clt
    5390:	08 94       	sec
    5392:	e7 95       	ror	r30
    5394:	d9 01       	movw	r26, r18
    5396:	aa 23       	and	r26, r26
    5398:	29 f4       	brne	.+10     	; 0x53a4 <pow+0x50>
    539a:	ab 2f       	mov	r26, r27
    539c:	be 2f       	mov	r27, r30
    539e:	f8 5f       	subi	r31, 0xF8	; 248
    53a0:	d0 f3       	brcs	.-12     	; 0x5396 <pow+0x42>
    53a2:	10 c0       	rjmp	.+32     	; 0x53c4 <pow+0x70>
    53a4:	ff 5f       	subi	r31, 0xFF	; 255
    53a6:	70 f4       	brcc	.+28     	; 0x53c4 <pow+0x70>
    53a8:	a6 95       	lsr	r26
    53aa:	e0 f7       	brcc	.-8      	; 0x53a4 <pow+0x50>
    53ac:	f7 39       	cpi	r31, 0x97	; 151
    53ae:	50 f0       	brcs	.+20     	; 0x53c4 <pow+0x70>
    53b0:	19 f0       	breq	.+6      	; 0x53b8 <pow+0x64>
    53b2:	ff 3a       	cpi	r31, 0xAF	; 175
    53b4:	38 f4       	brcc	.+14     	; 0x53c4 <pow+0x70>
    53b6:	9f 77       	andi	r25, 0x7F	; 127
    53b8:	9f 93       	push	r25
    53ba:	0d d0       	rcall	.+26     	; 0x53d6 <pow+0x82>
    53bc:	0f 90       	pop	r0
    53be:	07 fc       	sbrc	r0, 7
    53c0:	90 58       	subi	r25, 0x80	; 128
    53c2:	08 95       	ret
    53c4:	46 f0       	brts	.+16     	; 0x53d6 <pow+0x82>
    53c6:	0c 94 ed 28 	jmp	0x51da	; 0x51da <__fp_nan>
    53ca:	60 e0       	ldi	r22, 0x00	; 0
    53cc:	70 e0       	ldi	r23, 0x00	; 0
    53ce:	80 e8       	ldi	r24, 0x80	; 128
    53d0:	9f e3       	ldi	r25, 0x3F	; 63
    53d2:	08 95       	ret
    53d4:	4f e7       	ldi	r20, 0x7F	; 127
    53d6:	9f 77       	andi	r25, 0x7F	; 127
    53d8:	5f 93       	push	r21
    53da:	4f 93       	push	r20
    53dc:	3f 93       	push	r19
    53de:	2f 93       	push	r18
    53e0:	0e 94 a5 2a 	call	0x554a	; 0x554a <log>
    53e4:	2f 91       	pop	r18
    53e6:	3f 91       	pop	r19
    53e8:	4f 91       	pop	r20
    53ea:	5f 91       	pop	r21
    53ec:	0e 94 3d 29 	call	0x527a	; 0x527a <__mulsf3>
    53f0:	0c 94 02 2a 	jmp	0x5404	; 0x5404 <exp>
    53f4:	29 f4       	brne	.+10     	; 0x5400 <pow+0xac>
    53f6:	16 f0       	brts	.+4      	; 0x53fc <pow+0xa8>
    53f8:	0c 94 e7 28 	jmp	0x51ce	; 0x51ce <__fp_inf>
    53fc:	0c 94 31 29 	jmp	0x5262	; 0x5262 <__fp_zero>
    5400:	0c 94 ed 28 	jmp	0x51da	; 0x51da <__fp_nan>

00005404 <exp>:
    5404:	0e 94 17 29 	call	0x522e	; 0x522e <__fp_splitA>
    5408:	a8 f3       	brcs	.-22     	; 0x53f4 <pow+0xa0>
    540a:	96 38       	cpi	r25, 0x86	; 134
    540c:	a0 f7       	brcc	.-24     	; 0x53f6 <pow+0xa2>
    540e:	07 f8       	bld	r0, 7
    5410:	0f 92       	push	r0
    5412:	e8 94       	clt
    5414:	2b e3       	ldi	r18, 0x3B	; 59
    5416:	3a ea       	ldi	r19, 0xAA	; 170
    5418:	48 eb       	ldi	r20, 0xB8	; 184
    541a:	5f e7       	ldi	r21, 0x7F	; 127
    541c:	0e 94 53 29 	call	0x52a6	; 0x52a6 <__mulsf3_pse>
    5420:	0f 92       	push	r0
    5422:	0f 92       	push	r0
    5424:	0f 92       	push	r0
    5426:	4d b7       	in	r20, 0x3d	; 61
    5428:	5e b7       	in	r21, 0x3e	; 62
    542a:	0f 92       	push	r0
    542c:	0e 94 ed 2a 	call	0x55da	; 0x55da <modf>
    5430:	ec ef       	ldi	r30, 0xFC	; 252
    5432:	f1 e0       	ldi	r31, 0x01	; 1
    5434:	0e 94 34 2a 	call	0x5468	; 0x5468 <__fp_powser>
    5438:	4f 91       	pop	r20
    543a:	5f 91       	pop	r21
    543c:	ef 91       	pop	r30
    543e:	ff 91       	pop	r31
    5440:	e5 95       	asr	r30
    5442:	ee 1f       	adc	r30, r30
    5444:	ff 1f       	adc	r31, r31
    5446:	49 f0       	breq	.+18     	; 0x545a <exp+0x56>
    5448:	fe 57       	subi	r31, 0x7E	; 126
    544a:	e0 68       	ori	r30, 0x80	; 128
    544c:	44 27       	eor	r20, r20
    544e:	ee 0f       	add	r30, r30
    5450:	44 1f       	adc	r20, r20
    5452:	fa 95       	dec	r31
    5454:	e1 f7       	brne	.-8      	; 0x544e <exp+0x4a>
    5456:	41 95       	neg	r20
    5458:	55 0b       	sbc	r21, r21
    545a:	0e 94 67 2a 	call	0x54ce	; 0x54ce <ldexp>
    545e:	0f 90       	pop	r0
    5460:	07 fe       	sbrs	r0, 7
    5462:	0c 94 5b 2a 	jmp	0x54b6	; 0x54b6 <inverse>
    5466:	08 95       	ret

00005468 <__fp_powser>:
    5468:	df 93       	push	r29
    546a:	cf 93       	push	r28
    546c:	1f 93       	push	r17
    546e:	0f 93       	push	r16
    5470:	ff 92       	push	r15
    5472:	ef 92       	push	r14
    5474:	df 92       	push	r13
    5476:	7b 01       	movw	r14, r22
    5478:	8c 01       	movw	r16, r24
    547a:	68 94       	set
    547c:	06 c0       	rjmp	.+12     	; 0x548a <__fp_powser+0x22>
    547e:	da 2e       	mov	r13, r26
    5480:	ef 01       	movw	r28, r30
    5482:	0e 94 50 29 	call	0x52a0	; 0x52a0 <__mulsf3x>
    5486:	fe 01       	movw	r30, r28
    5488:	e8 94       	clt
    548a:	a5 91       	lpm	r26, Z+
    548c:	25 91       	lpm	r18, Z+
    548e:	35 91       	lpm	r19, Z+
    5490:	45 91       	lpm	r20, Z+
    5492:	55 91       	lpm	r21, Z+
    5494:	a6 f3       	brts	.-24     	; 0x547e <__fp_powser+0x16>
    5496:	ef 01       	movw	r28, r30
    5498:	0e 94 8b 27 	call	0x4f16	; 0x4f16 <__addsf3x>
    549c:	fe 01       	movw	r30, r28
    549e:	97 01       	movw	r18, r14
    54a0:	a8 01       	movw	r20, r16
    54a2:	da 94       	dec	r13
    54a4:	69 f7       	brne	.-38     	; 0x5480 <__fp_powser+0x18>
    54a6:	df 90       	pop	r13
    54a8:	ef 90       	pop	r14
    54aa:	ff 90       	pop	r15
    54ac:	0f 91       	pop	r16
    54ae:	1f 91       	pop	r17
    54b0:	cf 91       	pop	r28
    54b2:	df 91       	pop	r29
    54b4:	08 95       	ret

000054b6 <inverse>:
    54b6:	9b 01       	movw	r18, r22
    54b8:	ac 01       	movw	r20, r24
    54ba:	60 e0       	ldi	r22, 0x00	; 0
    54bc:	70 e0       	ldi	r23, 0x00	; 0
    54be:	80 e8       	ldi	r24, 0x80	; 128
    54c0:	9f e3       	ldi	r25, 0x3F	; 63
    54c2:	0c 94 e5 27 	jmp	0x4fca	; 0x4fca <__divsf3>
    54c6:	0c 94 e7 28 	jmp	0x51ce	; 0x51ce <__fp_inf>
    54ca:	0c 94 21 2b 	jmp	0x5642	; 0x5642 <__fp_mpack>

000054ce <ldexp>:
    54ce:	0e 94 17 29 	call	0x522e	; 0x522e <__fp_splitA>
    54d2:	d8 f3       	brcs	.-10     	; 0x54ca <inverse+0x14>
    54d4:	99 23       	and	r25, r25
    54d6:	c9 f3       	breq	.-14     	; 0x54ca <inverse+0x14>
    54d8:	94 0f       	add	r25, r20
    54da:	51 1d       	adc	r21, r1
    54dc:	a3 f3       	brvs	.-24     	; 0x54c6 <inverse+0x10>
    54de:	91 50       	subi	r25, 0x01	; 1
    54e0:	50 40       	sbci	r21, 0x00	; 0
    54e2:	94 f0       	brlt	.+36     	; 0x5508 <ldexp+0x3a>
    54e4:	59 f0       	breq	.+22     	; 0x54fc <ldexp+0x2e>
    54e6:	88 23       	and	r24, r24
    54e8:	32 f0       	brmi	.+12     	; 0x54f6 <ldexp+0x28>
    54ea:	66 0f       	add	r22, r22
    54ec:	77 1f       	adc	r23, r23
    54ee:	88 1f       	adc	r24, r24
    54f0:	91 50       	subi	r25, 0x01	; 1
    54f2:	50 40       	sbci	r21, 0x00	; 0
    54f4:	c1 f7       	brne	.-16     	; 0x54e6 <ldexp+0x18>
    54f6:	9e 3f       	cpi	r25, 0xFE	; 254
    54f8:	51 05       	cpc	r21, r1
    54fa:	2c f7       	brge	.-54     	; 0x54c6 <inverse+0x10>
    54fc:	88 0f       	add	r24, r24
    54fe:	91 1d       	adc	r25, r1
    5500:	96 95       	lsr	r25
    5502:	87 95       	ror	r24
    5504:	97 f9       	bld	r25, 7
    5506:	08 95       	ret
    5508:	5f 3f       	cpi	r21, 0xFF	; 255
    550a:	ac f0       	brlt	.+42     	; 0x5536 <ldexp+0x68>
    550c:	98 3e       	cpi	r25, 0xE8	; 232
    550e:	9c f0       	brlt	.+38     	; 0x5536 <ldexp+0x68>
    5510:	bb 27       	eor	r27, r27
    5512:	86 95       	lsr	r24
    5514:	77 95       	ror	r23
    5516:	67 95       	ror	r22
    5518:	b7 95       	ror	r27
    551a:	08 f4       	brcc	.+2      	; 0x551e <ldexp+0x50>
    551c:	b1 60       	ori	r27, 0x01	; 1
    551e:	93 95       	inc	r25
    5520:	c1 f7       	brne	.-16     	; 0x5512 <ldexp+0x44>
    5522:	bb 0f       	add	r27, r27
    5524:	58 f7       	brcc	.-42     	; 0x54fc <ldexp+0x2e>
    5526:	11 f4       	brne	.+4      	; 0x552c <ldexp+0x5e>
    5528:	60 ff       	sbrs	r22, 0
    552a:	e8 cf       	rjmp	.-48     	; 0x54fc <ldexp+0x2e>
    552c:	6f 5f       	subi	r22, 0xFF	; 255
    552e:	7f 4f       	sbci	r23, 0xFF	; 255
    5530:	8f 4f       	sbci	r24, 0xFF	; 255
    5532:	9f 4f       	sbci	r25, 0xFF	; 255
    5534:	e3 cf       	rjmp	.-58     	; 0x54fc <ldexp+0x2e>
    5536:	0c 94 32 29 	jmp	0x5264	; 0x5264 <__fp_szero>
    553a:	16 f0       	brts	.+4      	; 0x5540 <ldexp+0x72>
    553c:	0c 94 21 2b 	jmp	0x5642	; 0x5642 <__fp_mpack>
    5540:	0c 94 ed 28 	jmp	0x51da	; 0x51da <__fp_nan>
    5544:	68 94       	set
    5546:	0c 94 e7 28 	jmp	0x51ce	; 0x51ce <__fp_inf>

0000554a <log>:
    554a:	0e 94 17 29 	call	0x522e	; 0x522e <__fp_splitA>
    554e:	a8 f3       	brcs	.-22     	; 0x553a <ldexp+0x6c>
    5550:	99 23       	and	r25, r25
    5552:	c1 f3       	breq	.-16     	; 0x5544 <ldexp+0x76>
    5554:	ae f3       	brts	.-22     	; 0x5540 <ldexp+0x72>
    5556:	df 93       	push	r29
    5558:	cf 93       	push	r28
    555a:	1f 93       	push	r17
    555c:	0f 93       	push	r16
    555e:	ff 92       	push	r15
    5560:	c9 2f       	mov	r28, r25
    5562:	dd 27       	eor	r29, r29
    5564:	88 23       	and	r24, r24
    5566:	2a f0       	brmi	.+10     	; 0x5572 <log+0x28>
    5568:	21 97       	sbiw	r28, 0x01	; 1
    556a:	66 0f       	add	r22, r22
    556c:	77 1f       	adc	r23, r23
    556e:	88 1f       	adc	r24, r24
    5570:	da f7       	brpl	.-10     	; 0x5568 <log+0x1e>
    5572:	20 e0       	ldi	r18, 0x00	; 0
    5574:	30 e0       	ldi	r19, 0x00	; 0
    5576:	40 e8       	ldi	r20, 0x80	; 128
    5578:	5f eb       	ldi	r21, 0xBF	; 191
    557a:	9f e3       	ldi	r25, 0x3F	; 63
    557c:	88 39       	cpi	r24, 0x98	; 152
    557e:	20 f0       	brcs	.+8      	; 0x5588 <log+0x3e>
    5580:	80 3e       	cpi	r24, 0xE0	; 224
    5582:	38 f0       	brcs	.+14     	; 0x5592 <log+0x48>
    5584:	21 96       	adiw	r28, 0x01	; 1
    5586:	8f 77       	andi	r24, 0x7F	; 127
    5588:	0e 94 74 27 	call	0x4ee8	; 0x4ee8 <__addsf3>
    558c:	e4 e2       	ldi	r30, 0x24	; 36
    558e:	f2 e0       	ldi	r31, 0x02	; 2
    5590:	04 c0       	rjmp	.+8      	; 0x559a <log+0x50>
    5592:	0e 94 74 27 	call	0x4ee8	; 0x4ee8 <__addsf3>
    5596:	e1 e5       	ldi	r30, 0x51	; 81
    5598:	f2 e0       	ldi	r31, 0x02	; 2
    559a:	0e 94 34 2a 	call	0x5468	; 0x5468 <__fp_powser>
    559e:	8b 01       	movw	r16, r22
    55a0:	be 01       	movw	r22, r28
    55a2:	ec 01       	movw	r28, r24
    55a4:	fb 2e       	mov	r15, r27
    55a6:	6f 57       	subi	r22, 0x7F	; 127
    55a8:	71 09       	sbc	r23, r1
    55aa:	75 95       	asr	r23
    55ac:	77 1f       	adc	r23, r23
    55ae:	88 0b       	sbc	r24, r24
    55b0:	99 0b       	sbc	r25, r25
    55b2:	0e 94 88 28 	call	0x5110	; 0x5110 <__floatsisf>
    55b6:	28 e1       	ldi	r18, 0x18	; 24
    55b8:	32 e7       	ldi	r19, 0x72	; 114
    55ba:	41 e3       	ldi	r20, 0x31	; 49
    55bc:	5f e3       	ldi	r21, 0x3F	; 63
    55be:	0e 94 50 29 	call	0x52a0	; 0x52a0 <__mulsf3x>
    55c2:	af 2d       	mov	r26, r15
    55c4:	98 01       	movw	r18, r16
    55c6:	ae 01       	movw	r20, r28
    55c8:	ff 90       	pop	r15
    55ca:	0f 91       	pop	r16
    55cc:	1f 91       	pop	r17
    55ce:	cf 91       	pop	r28
    55d0:	df 91       	pop	r29
    55d2:	0e 94 8b 27 	call	0x4f16	; 0x4f16 <__addsf3x>
    55d6:	0c 94 fe 28 	jmp	0x51fc	; 0x51fc <__fp_round>

000055da <modf>:
    55da:	fa 01       	movw	r30, r20
    55dc:	dc 01       	movw	r26, r24
    55de:	aa 0f       	add	r26, r26
    55e0:	bb 1f       	adc	r27, r27
    55e2:	9b 01       	movw	r18, r22
    55e4:	ac 01       	movw	r20, r24
    55e6:	bf 57       	subi	r27, 0x7F	; 127
    55e8:	28 f4       	brcc	.+10     	; 0x55f4 <modf+0x1a>
    55ea:	22 27       	eor	r18, r18
    55ec:	33 27       	eor	r19, r19
    55ee:	44 27       	eor	r20, r20
    55f0:	50 78       	andi	r21, 0x80	; 128
    55f2:	20 c0       	rjmp	.+64     	; 0x5634 <modf+0x5a>
    55f4:	b7 51       	subi	r27, 0x17	; 23
    55f6:	90 f4       	brcc	.+36     	; 0x561c <modf+0x42>
    55f8:	ab 2f       	mov	r26, r27
    55fa:	00 24       	eor	r0, r0
    55fc:	46 95       	lsr	r20
    55fe:	37 95       	ror	r19
    5600:	27 95       	ror	r18
    5602:	01 1c       	adc	r0, r1
    5604:	a3 95       	inc	r26
    5606:	d2 f3       	brmi	.-12     	; 0x55fc <modf+0x22>
    5608:	00 20       	and	r0, r0
    560a:	71 f0       	breq	.+28     	; 0x5628 <modf+0x4e>
    560c:	22 0f       	add	r18, r18
    560e:	33 1f       	adc	r19, r19
    5610:	44 1f       	adc	r20, r20
    5612:	b3 95       	inc	r27
    5614:	da f3       	brmi	.-10     	; 0x560c <modf+0x32>
    5616:	0e d0       	rcall	.+28     	; 0x5634 <modf+0x5a>
    5618:	0c 94 73 27 	jmp	0x4ee6	; 0x4ee6 <__subsf3>
    561c:	61 30       	cpi	r22, 0x01	; 1
    561e:	71 05       	cpc	r23, r1
    5620:	a0 e8       	ldi	r26, 0x80	; 128
    5622:	8a 07       	cpc	r24, r26
    5624:	b9 46       	sbci	r27, 0x69	; 105
    5626:	30 f4       	brcc	.+12     	; 0x5634 <modf+0x5a>
    5628:	9b 01       	movw	r18, r22
    562a:	ac 01       	movw	r20, r24
    562c:	66 27       	eor	r22, r22
    562e:	77 27       	eor	r23, r23
    5630:	88 27       	eor	r24, r24
    5632:	90 78       	andi	r25, 0x80	; 128
    5634:	30 96       	adiw	r30, 0x00	; 0
    5636:	21 f0       	breq	.+8      	; 0x5640 <modf+0x66>
    5638:	20 83       	st	Z, r18
    563a:	31 83       	std	Z+1, r19	; 0x01
    563c:	42 83       	std	Z+2, r20	; 0x02
    563e:	53 83       	std	Z+3, r21	; 0x03
    5640:	08 95       	ret

00005642 <__fp_mpack>:
    5642:	9f 3f       	cpi	r25, 0xFF	; 255
    5644:	31 f0       	breq	.+12     	; 0x5652 <__fp_mpack_finite+0xc>

00005646 <__fp_mpack_finite>:
    5646:	91 50       	subi	r25, 0x01	; 1
    5648:	20 f4       	brcc	.+8      	; 0x5652 <__fp_mpack_finite+0xc>
    564a:	87 95       	ror	r24
    564c:	77 95       	ror	r23
    564e:	67 95       	ror	r22
    5650:	b7 95       	ror	r27
    5652:	88 0f       	add	r24, r24
    5654:	91 1d       	adc	r25, r1
    5656:	96 95       	lsr	r25
    5658:	87 95       	ror	r24
    565a:	97 f9       	bld	r25, 7
    565c:	08 95       	ret

0000565e <vfprintf>:
    565e:	2f 92       	push	r2
    5660:	3f 92       	push	r3
    5662:	4f 92       	push	r4
    5664:	5f 92       	push	r5
    5666:	6f 92       	push	r6
    5668:	7f 92       	push	r7
    566a:	8f 92       	push	r8
    566c:	9f 92       	push	r9
    566e:	af 92       	push	r10
    5670:	bf 92       	push	r11
    5672:	cf 92       	push	r12
    5674:	df 92       	push	r13
    5676:	ef 92       	push	r14
    5678:	ff 92       	push	r15
    567a:	0f 93       	push	r16
    567c:	1f 93       	push	r17
    567e:	cf 93       	push	r28
    5680:	df 93       	push	r29
    5682:	cd b7       	in	r28, 0x3d	; 61
    5684:	de b7       	in	r29, 0x3e	; 62
    5686:	60 97       	sbiw	r28, 0x10	; 16
    5688:	cd bf       	out	0x3d, r28	; 61
    568a:	de bf       	out	0x3e, r29	; 62
    568c:	7c 01       	movw	r14, r24
    568e:	1b 01       	movw	r2, r22
    5690:	6a 01       	movw	r12, r20
    5692:	fc 01       	movw	r30, r24
    5694:	16 82       	std	Z+6, r1	; 0x06
    5696:	17 82       	std	Z+7, r1	; 0x07
    5698:	83 81       	ldd	r24, Z+3	; 0x03
    569a:	81 ff       	sbrs	r24, 1
    569c:	44 c3       	rjmp	.+1672   	; 0x5d26 <vfprintf+0x6c8>
    569e:	9e 01       	movw	r18, r28
    56a0:	2f 5f       	subi	r18, 0xFF	; 255
    56a2:	3f 4f       	sbci	r19, 0xFF	; 255
    56a4:	39 01       	movw	r6, r18
    56a6:	f7 01       	movw	r30, r14
    56a8:	93 81       	ldd	r25, Z+3	; 0x03
    56aa:	f1 01       	movw	r30, r2
    56ac:	93 fd       	sbrc	r25, 3
    56ae:	85 91       	lpm	r24, Z+
    56b0:	93 ff       	sbrs	r25, 3
    56b2:	81 91       	ld	r24, Z+
    56b4:	1f 01       	movw	r2, r30
    56b6:	88 23       	and	r24, r24
    56b8:	09 f4       	brne	.+2      	; 0x56bc <vfprintf+0x5e>
    56ba:	31 c3       	rjmp	.+1634   	; 0x5d1e <vfprintf+0x6c0>
    56bc:	85 32       	cpi	r24, 0x25	; 37
    56be:	39 f4       	brne	.+14     	; 0x56ce <vfprintf+0x70>
    56c0:	93 fd       	sbrc	r25, 3
    56c2:	85 91       	lpm	r24, Z+
    56c4:	93 ff       	sbrs	r25, 3
    56c6:	81 91       	ld	r24, Z+
    56c8:	1f 01       	movw	r2, r30
    56ca:	85 32       	cpi	r24, 0x25	; 37
    56cc:	39 f4       	brne	.+14     	; 0x56dc <vfprintf+0x7e>
    56ce:	b7 01       	movw	r22, r14
    56d0:	90 e0       	ldi	r25, 0x00	; 0
    56d2:	0e 94 60 31 	call	0x62c0	; 0x62c0 <fputc>
    56d6:	56 01       	movw	r10, r12
    56d8:	65 01       	movw	r12, r10
    56da:	e5 cf       	rjmp	.-54     	; 0x56a6 <vfprintf+0x48>
    56dc:	10 e0       	ldi	r17, 0x00	; 0
    56de:	51 2c       	mov	r5, r1
    56e0:	91 2c       	mov	r9, r1
    56e2:	ff e1       	ldi	r31, 0x1F	; 31
    56e4:	f9 15       	cp	r31, r9
    56e6:	d8 f0       	brcs	.+54     	; 0x571e <vfprintf+0xc0>
    56e8:	8b 32       	cpi	r24, 0x2B	; 43
    56ea:	79 f0       	breq	.+30     	; 0x570a <vfprintf+0xac>
    56ec:	38 f4       	brcc	.+14     	; 0x56fc <vfprintf+0x9e>
    56ee:	80 32       	cpi	r24, 0x20	; 32
    56f0:	79 f0       	breq	.+30     	; 0x5710 <vfprintf+0xb2>
    56f2:	83 32       	cpi	r24, 0x23	; 35
    56f4:	a1 f4       	brne	.+40     	; 0x571e <vfprintf+0xc0>
    56f6:	f9 2d       	mov	r31, r9
    56f8:	f0 61       	ori	r31, 0x10	; 16
    56fa:	2e c0       	rjmp	.+92     	; 0x5758 <vfprintf+0xfa>
    56fc:	8d 32       	cpi	r24, 0x2D	; 45
    56fe:	61 f0       	breq	.+24     	; 0x5718 <vfprintf+0xba>
    5700:	80 33       	cpi	r24, 0x30	; 48
    5702:	69 f4       	brne	.+26     	; 0x571e <vfprintf+0xc0>
    5704:	29 2d       	mov	r18, r9
    5706:	21 60       	ori	r18, 0x01	; 1
    5708:	2d c0       	rjmp	.+90     	; 0x5764 <vfprintf+0x106>
    570a:	39 2d       	mov	r19, r9
    570c:	32 60       	ori	r19, 0x02	; 2
    570e:	93 2e       	mov	r9, r19
    5710:	89 2d       	mov	r24, r9
    5712:	84 60       	ori	r24, 0x04	; 4
    5714:	98 2e       	mov	r9, r24
    5716:	2a c0       	rjmp	.+84     	; 0x576c <vfprintf+0x10e>
    5718:	e9 2d       	mov	r30, r9
    571a:	e8 60       	ori	r30, 0x08	; 8
    571c:	15 c0       	rjmp	.+42     	; 0x5748 <vfprintf+0xea>
    571e:	97 fc       	sbrc	r9, 7
    5720:	2d c0       	rjmp	.+90     	; 0x577c <vfprintf+0x11e>
    5722:	20 ed       	ldi	r18, 0xD0	; 208
    5724:	28 0f       	add	r18, r24
    5726:	2a 30       	cpi	r18, 0x0A	; 10
    5728:	88 f4       	brcc	.+34     	; 0x574c <vfprintf+0xee>
    572a:	96 fe       	sbrs	r9, 6
    572c:	06 c0       	rjmp	.+12     	; 0x573a <vfprintf+0xdc>
    572e:	3a e0       	ldi	r19, 0x0A	; 10
    5730:	13 9f       	mul	r17, r19
    5732:	20 0d       	add	r18, r0
    5734:	11 24       	eor	r1, r1
    5736:	12 2f       	mov	r17, r18
    5738:	19 c0       	rjmp	.+50     	; 0x576c <vfprintf+0x10e>
    573a:	8a e0       	ldi	r24, 0x0A	; 10
    573c:	58 9e       	mul	r5, r24
    573e:	20 0d       	add	r18, r0
    5740:	11 24       	eor	r1, r1
    5742:	52 2e       	mov	r5, r18
    5744:	e9 2d       	mov	r30, r9
    5746:	e0 62       	ori	r30, 0x20	; 32
    5748:	9e 2e       	mov	r9, r30
    574a:	10 c0       	rjmp	.+32     	; 0x576c <vfprintf+0x10e>
    574c:	8e 32       	cpi	r24, 0x2E	; 46
    574e:	31 f4       	brne	.+12     	; 0x575c <vfprintf+0xfe>
    5750:	96 fc       	sbrc	r9, 6
    5752:	e5 c2       	rjmp	.+1482   	; 0x5d1e <vfprintf+0x6c0>
    5754:	f9 2d       	mov	r31, r9
    5756:	f0 64       	ori	r31, 0x40	; 64
    5758:	9f 2e       	mov	r9, r31
    575a:	08 c0       	rjmp	.+16     	; 0x576c <vfprintf+0x10e>
    575c:	8c 36       	cpi	r24, 0x6C	; 108
    575e:	21 f4       	brne	.+8      	; 0x5768 <vfprintf+0x10a>
    5760:	29 2d       	mov	r18, r9
    5762:	20 68       	ori	r18, 0x80	; 128
    5764:	92 2e       	mov	r9, r18
    5766:	02 c0       	rjmp	.+4      	; 0x576c <vfprintf+0x10e>
    5768:	88 36       	cpi	r24, 0x68	; 104
    576a:	41 f4       	brne	.+16     	; 0x577c <vfprintf+0x11e>
    576c:	f1 01       	movw	r30, r2
    576e:	93 fd       	sbrc	r25, 3
    5770:	85 91       	lpm	r24, Z+
    5772:	93 ff       	sbrs	r25, 3
    5774:	81 91       	ld	r24, Z+
    5776:	1f 01       	movw	r2, r30
    5778:	81 11       	cpse	r24, r1
    577a:	b3 cf       	rjmp	.-154    	; 0x56e2 <vfprintf+0x84>
    577c:	9b eb       	ldi	r25, 0xBB	; 187
    577e:	98 0f       	add	r25, r24
    5780:	93 30       	cpi	r25, 0x03	; 3
    5782:	20 f4       	brcc	.+8      	; 0x578c <vfprintf+0x12e>
    5784:	99 2d       	mov	r25, r9
    5786:	90 61       	ori	r25, 0x10	; 16
    5788:	80 5e       	subi	r24, 0xE0	; 224
    578a:	07 c0       	rjmp	.+14     	; 0x579a <vfprintf+0x13c>
    578c:	9b e9       	ldi	r25, 0x9B	; 155
    578e:	98 0f       	add	r25, r24
    5790:	93 30       	cpi	r25, 0x03	; 3
    5792:	08 f0       	brcs	.+2      	; 0x5796 <vfprintf+0x138>
    5794:	66 c1       	rjmp	.+716    	; 0x5a62 <vfprintf+0x404>
    5796:	99 2d       	mov	r25, r9
    5798:	9f 7e       	andi	r25, 0xEF	; 239
    579a:	96 ff       	sbrs	r25, 6
    579c:	16 e0       	ldi	r17, 0x06	; 6
    579e:	9f 73       	andi	r25, 0x3F	; 63
    57a0:	99 2e       	mov	r9, r25
    57a2:	85 36       	cpi	r24, 0x65	; 101
    57a4:	19 f4       	brne	.+6      	; 0x57ac <vfprintf+0x14e>
    57a6:	90 64       	ori	r25, 0x40	; 64
    57a8:	99 2e       	mov	r9, r25
    57aa:	08 c0       	rjmp	.+16     	; 0x57bc <vfprintf+0x15e>
    57ac:	86 36       	cpi	r24, 0x66	; 102
    57ae:	21 f4       	brne	.+8      	; 0x57b8 <vfprintf+0x15a>
    57b0:	39 2f       	mov	r19, r25
    57b2:	30 68       	ori	r19, 0x80	; 128
    57b4:	93 2e       	mov	r9, r19
    57b6:	02 c0       	rjmp	.+4      	; 0x57bc <vfprintf+0x15e>
    57b8:	11 11       	cpse	r17, r1
    57ba:	11 50       	subi	r17, 0x01	; 1
    57bc:	97 fe       	sbrs	r9, 7
    57be:	07 c0       	rjmp	.+14     	; 0x57ce <vfprintf+0x170>
    57c0:	1c 33       	cpi	r17, 0x3C	; 60
    57c2:	50 f4       	brcc	.+20     	; 0x57d8 <vfprintf+0x17a>
    57c4:	44 24       	eor	r4, r4
    57c6:	43 94       	inc	r4
    57c8:	41 0e       	add	r4, r17
    57ca:	27 e0       	ldi	r18, 0x07	; 7
    57cc:	0b c0       	rjmp	.+22     	; 0x57e4 <vfprintf+0x186>
    57ce:	18 30       	cpi	r17, 0x08	; 8
    57d0:	38 f0       	brcs	.+14     	; 0x57e0 <vfprintf+0x182>
    57d2:	27 e0       	ldi	r18, 0x07	; 7
    57d4:	17 e0       	ldi	r17, 0x07	; 7
    57d6:	05 c0       	rjmp	.+10     	; 0x57e2 <vfprintf+0x184>
    57d8:	27 e0       	ldi	r18, 0x07	; 7
    57da:	9c e3       	ldi	r25, 0x3C	; 60
    57dc:	49 2e       	mov	r4, r25
    57de:	02 c0       	rjmp	.+4      	; 0x57e4 <vfprintf+0x186>
    57e0:	21 2f       	mov	r18, r17
    57e2:	41 2c       	mov	r4, r1
    57e4:	56 01       	movw	r10, r12
    57e6:	84 e0       	ldi	r24, 0x04	; 4
    57e8:	a8 0e       	add	r10, r24
    57ea:	b1 1c       	adc	r11, r1
    57ec:	f6 01       	movw	r30, r12
    57ee:	60 81       	ld	r22, Z
    57f0:	71 81       	ldd	r23, Z+1	; 0x01
    57f2:	82 81       	ldd	r24, Z+2	; 0x02
    57f4:	93 81       	ldd	r25, Z+3	; 0x03
    57f6:	04 2d       	mov	r16, r4
    57f8:	a3 01       	movw	r20, r6
    57fa:	0e 94 49 30 	call	0x6092	; 0x6092 <__ftoa_engine>
    57fe:	6c 01       	movw	r12, r24
    5800:	f9 81       	ldd	r31, Y+1	; 0x01
    5802:	fc 87       	std	Y+12, r31	; 0x0c
    5804:	f0 ff       	sbrs	r31, 0
    5806:	02 c0       	rjmp	.+4      	; 0x580c <vfprintf+0x1ae>
    5808:	f3 ff       	sbrs	r31, 3
    580a:	06 c0       	rjmp	.+12     	; 0x5818 <vfprintf+0x1ba>
    580c:	91 fc       	sbrc	r9, 1
    580e:	06 c0       	rjmp	.+12     	; 0x581c <vfprintf+0x1be>
    5810:	92 fe       	sbrs	r9, 2
    5812:	06 c0       	rjmp	.+12     	; 0x5820 <vfprintf+0x1c2>
    5814:	00 e2       	ldi	r16, 0x20	; 32
    5816:	05 c0       	rjmp	.+10     	; 0x5822 <vfprintf+0x1c4>
    5818:	0d e2       	ldi	r16, 0x2D	; 45
    581a:	03 c0       	rjmp	.+6      	; 0x5822 <vfprintf+0x1c4>
    581c:	0b e2       	ldi	r16, 0x2B	; 43
    581e:	01 c0       	rjmp	.+2      	; 0x5822 <vfprintf+0x1c4>
    5820:	00 e0       	ldi	r16, 0x00	; 0
    5822:	8c 85       	ldd	r24, Y+12	; 0x0c
    5824:	8c 70       	andi	r24, 0x0C	; 12
    5826:	19 f0       	breq	.+6      	; 0x582e <vfprintf+0x1d0>
    5828:	01 11       	cpse	r16, r1
    582a:	5a c2       	rjmp	.+1204   	; 0x5ce0 <vfprintf+0x682>
    582c:	9b c2       	rjmp	.+1334   	; 0x5d64 <vfprintf+0x706>
    582e:	97 fe       	sbrs	r9, 7
    5830:	10 c0       	rjmp	.+32     	; 0x5852 <vfprintf+0x1f4>
    5832:	4c 0c       	add	r4, r12
    5834:	fc 85       	ldd	r31, Y+12	; 0x0c
    5836:	f4 ff       	sbrs	r31, 4
    5838:	04 c0       	rjmp	.+8      	; 0x5842 <vfprintf+0x1e4>
    583a:	8a 81       	ldd	r24, Y+2	; 0x02
    583c:	81 33       	cpi	r24, 0x31	; 49
    583e:	09 f4       	brne	.+2      	; 0x5842 <vfprintf+0x1e4>
    5840:	4a 94       	dec	r4
    5842:	14 14       	cp	r1, r4
    5844:	74 f5       	brge	.+92     	; 0x58a2 <vfprintf+0x244>
    5846:	28 e0       	ldi	r18, 0x08	; 8
    5848:	24 15       	cp	r18, r4
    584a:	78 f5       	brcc	.+94     	; 0x58aa <vfprintf+0x24c>
    584c:	88 e0       	ldi	r24, 0x08	; 8
    584e:	48 2e       	mov	r4, r24
    5850:	2c c0       	rjmp	.+88     	; 0x58aa <vfprintf+0x24c>
    5852:	96 fc       	sbrc	r9, 6
    5854:	2a c0       	rjmp	.+84     	; 0x58aa <vfprintf+0x24c>
    5856:	81 2f       	mov	r24, r17
    5858:	90 e0       	ldi	r25, 0x00	; 0
    585a:	8c 15       	cp	r24, r12
    585c:	9d 05       	cpc	r25, r13
    585e:	9c f0       	brlt	.+38     	; 0x5886 <vfprintf+0x228>
    5860:	3c ef       	ldi	r19, 0xFC	; 252
    5862:	c3 16       	cp	r12, r19
    5864:	3f ef       	ldi	r19, 0xFF	; 255
    5866:	d3 06       	cpc	r13, r19
    5868:	74 f0       	brlt	.+28     	; 0x5886 <vfprintf+0x228>
    586a:	89 2d       	mov	r24, r9
    586c:	80 68       	ori	r24, 0x80	; 128
    586e:	98 2e       	mov	r9, r24
    5870:	0a c0       	rjmp	.+20     	; 0x5886 <vfprintf+0x228>
    5872:	e2 e0       	ldi	r30, 0x02	; 2
    5874:	f0 e0       	ldi	r31, 0x00	; 0
    5876:	ec 0f       	add	r30, r28
    5878:	fd 1f       	adc	r31, r29
    587a:	e1 0f       	add	r30, r17
    587c:	f1 1d       	adc	r31, r1
    587e:	80 81       	ld	r24, Z
    5880:	80 33       	cpi	r24, 0x30	; 48
    5882:	19 f4       	brne	.+6      	; 0x588a <vfprintf+0x22c>
    5884:	11 50       	subi	r17, 0x01	; 1
    5886:	11 11       	cpse	r17, r1
    5888:	f4 cf       	rjmp	.-24     	; 0x5872 <vfprintf+0x214>
    588a:	97 fe       	sbrs	r9, 7
    588c:	0e c0       	rjmp	.+28     	; 0x58aa <vfprintf+0x24c>
    588e:	44 24       	eor	r4, r4
    5890:	43 94       	inc	r4
    5892:	41 0e       	add	r4, r17
    5894:	81 2f       	mov	r24, r17
    5896:	90 e0       	ldi	r25, 0x00	; 0
    5898:	c8 16       	cp	r12, r24
    589a:	d9 06       	cpc	r13, r25
    589c:	2c f4       	brge	.+10     	; 0x58a8 <vfprintf+0x24a>
    589e:	1c 19       	sub	r17, r12
    58a0:	04 c0       	rjmp	.+8      	; 0x58aa <vfprintf+0x24c>
    58a2:	44 24       	eor	r4, r4
    58a4:	43 94       	inc	r4
    58a6:	01 c0       	rjmp	.+2      	; 0x58aa <vfprintf+0x24c>
    58a8:	10 e0       	ldi	r17, 0x00	; 0
    58aa:	97 fe       	sbrs	r9, 7
    58ac:	06 c0       	rjmp	.+12     	; 0x58ba <vfprintf+0x25c>
    58ae:	1c 14       	cp	r1, r12
    58b0:	1d 04       	cpc	r1, r13
    58b2:	34 f4       	brge	.+12     	; 0x58c0 <vfprintf+0x262>
    58b4:	c6 01       	movw	r24, r12
    58b6:	01 96       	adiw	r24, 0x01	; 1
    58b8:	05 c0       	rjmp	.+10     	; 0x58c4 <vfprintf+0x266>
    58ba:	85 e0       	ldi	r24, 0x05	; 5
    58bc:	90 e0       	ldi	r25, 0x00	; 0
    58be:	02 c0       	rjmp	.+4      	; 0x58c4 <vfprintf+0x266>
    58c0:	81 e0       	ldi	r24, 0x01	; 1
    58c2:	90 e0       	ldi	r25, 0x00	; 0
    58c4:	01 11       	cpse	r16, r1
    58c6:	01 96       	adiw	r24, 0x01	; 1
    58c8:	11 23       	and	r17, r17
    58ca:	31 f0       	breq	.+12     	; 0x58d8 <vfprintf+0x27a>
    58cc:	21 2f       	mov	r18, r17
    58ce:	30 e0       	ldi	r19, 0x00	; 0
    58d0:	2f 5f       	subi	r18, 0xFF	; 255
    58d2:	3f 4f       	sbci	r19, 0xFF	; 255
    58d4:	82 0f       	add	r24, r18
    58d6:	93 1f       	adc	r25, r19
    58d8:	25 2d       	mov	r18, r5
    58da:	30 e0       	ldi	r19, 0x00	; 0
    58dc:	82 17       	cp	r24, r18
    58de:	93 07       	cpc	r25, r19
    58e0:	14 f4       	brge	.+4      	; 0x58e6 <vfprintf+0x288>
    58e2:	58 1a       	sub	r5, r24
    58e4:	01 c0       	rjmp	.+2      	; 0x58e8 <vfprintf+0x28a>
    58e6:	51 2c       	mov	r5, r1
    58e8:	89 2d       	mov	r24, r9
    58ea:	89 70       	andi	r24, 0x09	; 9
    58ec:	49 f4       	brne	.+18     	; 0x5900 <vfprintf+0x2a2>
    58ee:	55 20       	and	r5, r5
    58f0:	39 f0       	breq	.+14     	; 0x5900 <vfprintf+0x2a2>
    58f2:	b7 01       	movw	r22, r14
    58f4:	80 e2       	ldi	r24, 0x20	; 32
    58f6:	90 e0       	ldi	r25, 0x00	; 0
    58f8:	0e 94 60 31 	call	0x62c0	; 0x62c0 <fputc>
    58fc:	5a 94       	dec	r5
    58fe:	f7 cf       	rjmp	.-18     	; 0x58ee <vfprintf+0x290>
    5900:	00 23       	and	r16, r16
    5902:	29 f0       	breq	.+10     	; 0x590e <vfprintf+0x2b0>
    5904:	b7 01       	movw	r22, r14
    5906:	80 2f       	mov	r24, r16
    5908:	90 e0       	ldi	r25, 0x00	; 0
    590a:	0e 94 60 31 	call	0x62c0	; 0x62c0 <fputc>
    590e:	93 fc       	sbrc	r9, 3
    5910:	09 c0       	rjmp	.+18     	; 0x5924 <vfprintf+0x2c6>
    5912:	55 20       	and	r5, r5
    5914:	39 f0       	breq	.+14     	; 0x5924 <vfprintf+0x2c6>
    5916:	b7 01       	movw	r22, r14
    5918:	80 e3       	ldi	r24, 0x30	; 48
    591a:	90 e0       	ldi	r25, 0x00	; 0
    591c:	0e 94 60 31 	call	0x62c0	; 0x62c0 <fputc>
    5920:	5a 94       	dec	r5
    5922:	f7 cf       	rjmp	.-18     	; 0x5912 <vfprintf+0x2b4>
    5924:	97 fe       	sbrs	r9, 7
    5926:	4c c0       	rjmp	.+152    	; 0x59c0 <vfprintf+0x362>
    5928:	46 01       	movw	r8, r12
    592a:	d7 fe       	sbrs	r13, 7
    592c:	02 c0       	rjmp	.+4      	; 0x5932 <vfprintf+0x2d4>
    592e:	81 2c       	mov	r8, r1
    5930:	91 2c       	mov	r9, r1
    5932:	c6 01       	movw	r24, r12
    5934:	88 19       	sub	r24, r8
    5936:	99 09       	sbc	r25, r9
    5938:	f3 01       	movw	r30, r6
    593a:	e8 0f       	add	r30, r24
    593c:	f9 1f       	adc	r31, r25
    593e:	ed 87       	std	Y+13, r30	; 0x0d
    5940:	fe 87       	std	Y+14, r31	; 0x0e
    5942:	96 01       	movw	r18, r12
    5944:	24 19       	sub	r18, r4
    5946:	31 09       	sbc	r19, r1
    5948:	2f 87       	std	Y+15, r18	; 0x0f
    594a:	38 8b       	std	Y+16, r19	; 0x10
    594c:	01 2f       	mov	r16, r17
    594e:	10 e0       	ldi	r17, 0x00	; 0
    5950:	11 95       	neg	r17
    5952:	01 95       	neg	r16
    5954:	11 09       	sbc	r17, r1
    5956:	3f ef       	ldi	r19, 0xFF	; 255
    5958:	83 16       	cp	r8, r19
    595a:	93 06       	cpc	r9, r19
    595c:	29 f4       	brne	.+10     	; 0x5968 <vfprintf+0x30a>
    595e:	b7 01       	movw	r22, r14
    5960:	8e e2       	ldi	r24, 0x2E	; 46
    5962:	90 e0       	ldi	r25, 0x00	; 0
    5964:	0e 94 60 31 	call	0x62c0	; 0x62c0 <fputc>
    5968:	c8 14       	cp	r12, r8
    596a:	d9 04       	cpc	r13, r9
    596c:	4c f0       	brlt	.+18     	; 0x5980 <vfprintf+0x322>
    596e:	8f 85       	ldd	r24, Y+15	; 0x0f
    5970:	98 89       	ldd	r25, Y+16	; 0x10
    5972:	88 15       	cp	r24, r8
    5974:	99 05       	cpc	r25, r9
    5976:	24 f4       	brge	.+8      	; 0x5980 <vfprintf+0x322>
    5978:	ed 85       	ldd	r30, Y+13	; 0x0d
    597a:	fe 85       	ldd	r31, Y+14	; 0x0e
    597c:	81 81       	ldd	r24, Z+1	; 0x01
    597e:	01 c0       	rjmp	.+2      	; 0x5982 <vfprintf+0x324>
    5980:	80 e3       	ldi	r24, 0x30	; 48
    5982:	f1 e0       	ldi	r31, 0x01	; 1
    5984:	8f 1a       	sub	r8, r31
    5986:	91 08       	sbc	r9, r1
    5988:	2d 85       	ldd	r18, Y+13	; 0x0d
    598a:	3e 85       	ldd	r19, Y+14	; 0x0e
    598c:	2f 5f       	subi	r18, 0xFF	; 255
    598e:	3f 4f       	sbci	r19, 0xFF	; 255
    5990:	2d 87       	std	Y+13, r18	; 0x0d
    5992:	3e 87       	std	Y+14, r19	; 0x0e
    5994:	80 16       	cp	r8, r16
    5996:	91 06       	cpc	r9, r17
    5998:	2c f0       	brlt	.+10     	; 0x59a4 <vfprintf+0x346>
    599a:	b7 01       	movw	r22, r14
    599c:	90 e0       	ldi	r25, 0x00	; 0
    599e:	0e 94 60 31 	call	0x62c0	; 0x62c0 <fputc>
    59a2:	d9 cf       	rjmp	.-78     	; 0x5956 <vfprintf+0x2f8>
    59a4:	c8 14       	cp	r12, r8
    59a6:	d9 04       	cpc	r13, r9
    59a8:	41 f4       	brne	.+16     	; 0x59ba <vfprintf+0x35c>
    59aa:	9a 81       	ldd	r25, Y+2	; 0x02
    59ac:	96 33       	cpi	r25, 0x36	; 54
    59ae:	20 f4       	brcc	.+8      	; 0x59b8 <vfprintf+0x35a>
    59b0:	95 33       	cpi	r25, 0x35	; 53
    59b2:	19 f4       	brne	.+6      	; 0x59ba <vfprintf+0x35c>
    59b4:	3c 85       	ldd	r19, Y+12	; 0x0c
    59b6:	34 ff       	sbrs	r19, 4
    59b8:	81 e3       	ldi	r24, 0x31	; 49
    59ba:	b7 01       	movw	r22, r14
    59bc:	90 e0       	ldi	r25, 0x00	; 0
    59be:	4e c0       	rjmp	.+156    	; 0x5a5c <vfprintf+0x3fe>
    59c0:	8a 81       	ldd	r24, Y+2	; 0x02
    59c2:	81 33       	cpi	r24, 0x31	; 49
    59c4:	19 f0       	breq	.+6      	; 0x59cc <vfprintf+0x36e>
    59c6:	9c 85       	ldd	r25, Y+12	; 0x0c
    59c8:	9f 7e       	andi	r25, 0xEF	; 239
    59ca:	9c 87       	std	Y+12, r25	; 0x0c
    59cc:	b7 01       	movw	r22, r14
    59ce:	90 e0       	ldi	r25, 0x00	; 0
    59d0:	0e 94 60 31 	call	0x62c0	; 0x62c0 <fputc>
    59d4:	11 11       	cpse	r17, r1
    59d6:	05 c0       	rjmp	.+10     	; 0x59e2 <vfprintf+0x384>
    59d8:	94 fc       	sbrc	r9, 4
    59da:	18 c0       	rjmp	.+48     	; 0x5a0c <vfprintf+0x3ae>
    59dc:	85 e6       	ldi	r24, 0x65	; 101
    59de:	90 e0       	ldi	r25, 0x00	; 0
    59e0:	17 c0       	rjmp	.+46     	; 0x5a10 <vfprintf+0x3b2>
    59e2:	b7 01       	movw	r22, r14
    59e4:	8e e2       	ldi	r24, 0x2E	; 46
    59e6:	90 e0       	ldi	r25, 0x00	; 0
    59e8:	0e 94 60 31 	call	0x62c0	; 0x62c0 <fputc>
    59ec:	1e 5f       	subi	r17, 0xFE	; 254
    59ee:	82 e0       	ldi	r24, 0x02	; 2
    59f0:	01 e0       	ldi	r16, 0x01	; 1
    59f2:	08 0f       	add	r16, r24
    59f4:	f3 01       	movw	r30, r6
    59f6:	e8 0f       	add	r30, r24
    59f8:	f1 1d       	adc	r31, r1
    59fa:	80 81       	ld	r24, Z
    59fc:	b7 01       	movw	r22, r14
    59fe:	90 e0       	ldi	r25, 0x00	; 0
    5a00:	0e 94 60 31 	call	0x62c0	; 0x62c0 <fputc>
    5a04:	80 2f       	mov	r24, r16
    5a06:	01 13       	cpse	r16, r17
    5a08:	f3 cf       	rjmp	.-26     	; 0x59f0 <vfprintf+0x392>
    5a0a:	e6 cf       	rjmp	.-52     	; 0x59d8 <vfprintf+0x37a>
    5a0c:	85 e4       	ldi	r24, 0x45	; 69
    5a0e:	90 e0       	ldi	r25, 0x00	; 0
    5a10:	b7 01       	movw	r22, r14
    5a12:	0e 94 60 31 	call	0x62c0	; 0x62c0 <fputc>
    5a16:	d7 fc       	sbrc	r13, 7
    5a18:	06 c0       	rjmp	.+12     	; 0x5a26 <vfprintf+0x3c8>
    5a1a:	c1 14       	cp	r12, r1
    5a1c:	d1 04       	cpc	r13, r1
    5a1e:	41 f4       	brne	.+16     	; 0x5a30 <vfprintf+0x3d2>
    5a20:	ec 85       	ldd	r30, Y+12	; 0x0c
    5a22:	e4 ff       	sbrs	r30, 4
    5a24:	05 c0       	rjmp	.+10     	; 0x5a30 <vfprintf+0x3d2>
    5a26:	d1 94       	neg	r13
    5a28:	c1 94       	neg	r12
    5a2a:	d1 08       	sbc	r13, r1
    5a2c:	8d e2       	ldi	r24, 0x2D	; 45
    5a2e:	01 c0       	rjmp	.+2      	; 0x5a32 <vfprintf+0x3d4>
    5a30:	8b e2       	ldi	r24, 0x2B	; 43
    5a32:	b7 01       	movw	r22, r14
    5a34:	90 e0       	ldi	r25, 0x00	; 0
    5a36:	0e 94 60 31 	call	0x62c0	; 0x62c0 <fputc>
    5a3a:	80 e3       	ldi	r24, 0x30	; 48
    5a3c:	2a e0       	ldi	r18, 0x0A	; 10
    5a3e:	c2 16       	cp	r12, r18
    5a40:	d1 04       	cpc	r13, r1
    5a42:	2c f0       	brlt	.+10     	; 0x5a4e <vfprintf+0x3f0>
    5a44:	8f 5f       	subi	r24, 0xFF	; 255
    5a46:	fa e0       	ldi	r31, 0x0A	; 10
    5a48:	cf 1a       	sub	r12, r31
    5a4a:	d1 08       	sbc	r13, r1
    5a4c:	f7 cf       	rjmp	.-18     	; 0x5a3c <vfprintf+0x3de>
    5a4e:	b7 01       	movw	r22, r14
    5a50:	90 e0       	ldi	r25, 0x00	; 0
    5a52:	0e 94 60 31 	call	0x62c0	; 0x62c0 <fputc>
    5a56:	b7 01       	movw	r22, r14
    5a58:	c6 01       	movw	r24, r12
    5a5a:	c0 96       	adiw	r24, 0x30	; 48
    5a5c:	0e 94 60 31 	call	0x62c0	; 0x62c0 <fputc>
    5a60:	54 c1       	rjmp	.+680    	; 0x5d0a <vfprintf+0x6ac>
    5a62:	83 36       	cpi	r24, 0x63	; 99
    5a64:	31 f0       	breq	.+12     	; 0x5a72 <vfprintf+0x414>
    5a66:	83 37       	cpi	r24, 0x73	; 115
    5a68:	79 f0       	breq	.+30     	; 0x5a88 <vfprintf+0x42a>
    5a6a:	83 35       	cpi	r24, 0x53	; 83
    5a6c:	09 f0       	breq	.+2      	; 0x5a70 <vfprintf+0x412>
    5a6e:	56 c0       	rjmp	.+172    	; 0x5b1c <vfprintf+0x4be>
    5a70:	20 c0       	rjmp	.+64     	; 0x5ab2 <vfprintf+0x454>
    5a72:	56 01       	movw	r10, r12
    5a74:	32 e0       	ldi	r19, 0x02	; 2
    5a76:	a3 0e       	add	r10, r19
    5a78:	b1 1c       	adc	r11, r1
    5a7a:	f6 01       	movw	r30, r12
    5a7c:	80 81       	ld	r24, Z
    5a7e:	89 83       	std	Y+1, r24	; 0x01
    5a80:	01 e0       	ldi	r16, 0x01	; 1
    5a82:	10 e0       	ldi	r17, 0x00	; 0
    5a84:	63 01       	movw	r12, r6
    5a86:	12 c0       	rjmp	.+36     	; 0x5aac <vfprintf+0x44e>
    5a88:	56 01       	movw	r10, r12
    5a8a:	f2 e0       	ldi	r31, 0x02	; 2
    5a8c:	af 0e       	add	r10, r31
    5a8e:	b1 1c       	adc	r11, r1
    5a90:	f6 01       	movw	r30, r12
    5a92:	c0 80       	ld	r12, Z
    5a94:	d1 80       	ldd	r13, Z+1	; 0x01
    5a96:	96 fe       	sbrs	r9, 6
    5a98:	03 c0       	rjmp	.+6      	; 0x5aa0 <vfprintf+0x442>
    5a9a:	61 2f       	mov	r22, r17
    5a9c:	70 e0       	ldi	r23, 0x00	; 0
    5a9e:	02 c0       	rjmp	.+4      	; 0x5aa4 <vfprintf+0x446>
    5aa0:	6f ef       	ldi	r22, 0xFF	; 255
    5aa2:	7f ef       	ldi	r23, 0xFF	; 255
    5aa4:	c6 01       	movw	r24, r12
    5aa6:	0e 94 55 31 	call	0x62aa	; 0x62aa <strnlen>
    5aaa:	8c 01       	movw	r16, r24
    5aac:	f9 2d       	mov	r31, r9
    5aae:	ff 77       	andi	r31, 0x7F	; 127
    5ab0:	14 c0       	rjmp	.+40     	; 0x5ada <vfprintf+0x47c>
    5ab2:	56 01       	movw	r10, r12
    5ab4:	22 e0       	ldi	r18, 0x02	; 2
    5ab6:	a2 0e       	add	r10, r18
    5ab8:	b1 1c       	adc	r11, r1
    5aba:	f6 01       	movw	r30, r12
    5abc:	c0 80       	ld	r12, Z
    5abe:	d1 80       	ldd	r13, Z+1	; 0x01
    5ac0:	96 fe       	sbrs	r9, 6
    5ac2:	03 c0       	rjmp	.+6      	; 0x5aca <vfprintf+0x46c>
    5ac4:	61 2f       	mov	r22, r17
    5ac6:	70 e0       	ldi	r23, 0x00	; 0
    5ac8:	02 c0       	rjmp	.+4      	; 0x5ace <vfprintf+0x470>
    5aca:	6f ef       	ldi	r22, 0xFF	; 255
    5acc:	7f ef       	ldi	r23, 0xFF	; 255
    5ace:	c6 01       	movw	r24, r12
    5ad0:	0e 94 21 31 	call	0x6242	; 0x6242 <strnlen_P>
    5ad4:	8c 01       	movw	r16, r24
    5ad6:	f9 2d       	mov	r31, r9
    5ad8:	f0 68       	ori	r31, 0x80	; 128
    5ada:	9f 2e       	mov	r9, r31
    5adc:	f3 fd       	sbrc	r31, 3
    5ade:	1a c0       	rjmp	.+52     	; 0x5b14 <vfprintf+0x4b6>
    5ae0:	85 2d       	mov	r24, r5
    5ae2:	90 e0       	ldi	r25, 0x00	; 0
    5ae4:	08 17       	cp	r16, r24
    5ae6:	19 07       	cpc	r17, r25
    5ae8:	a8 f4       	brcc	.+42     	; 0x5b14 <vfprintf+0x4b6>
    5aea:	b7 01       	movw	r22, r14
    5aec:	80 e2       	ldi	r24, 0x20	; 32
    5aee:	90 e0       	ldi	r25, 0x00	; 0
    5af0:	0e 94 60 31 	call	0x62c0	; 0x62c0 <fputc>
    5af4:	5a 94       	dec	r5
    5af6:	f4 cf       	rjmp	.-24     	; 0x5ae0 <vfprintf+0x482>
    5af8:	f6 01       	movw	r30, r12
    5afa:	97 fc       	sbrc	r9, 7
    5afc:	85 91       	lpm	r24, Z+
    5afe:	97 fe       	sbrs	r9, 7
    5b00:	81 91       	ld	r24, Z+
    5b02:	6f 01       	movw	r12, r30
    5b04:	b7 01       	movw	r22, r14
    5b06:	90 e0       	ldi	r25, 0x00	; 0
    5b08:	0e 94 60 31 	call	0x62c0	; 0x62c0 <fputc>
    5b0c:	51 10       	cpse	r5, r1
    5b0e:	5a 94       	dec	r5
    5b10:	01 50       	subi	r16, 0x01	; 1
    5b12:	11 09       	sbc	r17, r1
    5b14:	01 15       	cp	r16, r1
    5b16:	11 05       	cpc	r17, r1
    5b18:	79 f7       	brne	.-34     	; 0x5af8 <vfprintf+0x49a>
    5b1a:	f7 c0       	rjmp	.+494    	; 0x5d0a <vfprintf+0x6ac>
    5b1c:	84 36       	cpi	r24, 0x64	; 100
    5b1e:	11 f0       	breq	.+4      	; 0x5b24 <vfprintf+0x4c6>
    5b20:	89 36       	cpi	r24, 0x69	; 105
    5b22:	61 f5       	brne	.+88     	; 0x5b7c <vfprintf+0x51e>
    5b24:	56 01       	movw	r10, r12
    5b26:	97 fe       	sbrs	r9, 7
    5b28:	09 c0       	rjmp	.+18     	; 0x5b3c <vfprintf+0x4de>
    5b2a:	24 e0       	ldi	r18, 0x04	; 4
    5b2c:	a2 0e       	add	r10, r18
    5b2e:	b1 1c       	adc	r11, r1
    5b30:	f6 01       	movw	r30, r12
    5b32:	60 81       	ld	r22, Z
    5b34:	71 81       	ldd	r23, Z+1	; 0x01
    5b36:	82 81       	ldd	r24, Z+2	; 0x02
    5b38:	93 81       	ldd	r25, Z+3	; 0x03
    5b3a:	0a c0       	rjmp	.+20     	; 0x5b50 <vfprintf+0x4f2>
    5b3c:	f2 e0       	ldi	r31, 0x02	; 2
    5b3e:	af 0e       	add	r10, r31
    5b40:	b1 1c       	adc	r11, r1
    5b42:	f6 01       	movw	r30, r12
    5b44:	60 81       	ld	r22, Z
    5b46:	71 81       	ldd	r23, Z+1	; 0x01
    5b48:	07 2e       	mov	r0, r23
    5b4a:	00 0c       	add	r0, r0
    5b4c:	88 0b       	sbc	r24, r24
    5b4e:	99 0b       	sbc	r25, r25
    5b50:	f9 2d       	mov	r31, r9
    5b52:	ff 76       	andi	r31, 0x6F	; 111
    5b54:	9f 2e       	mov	r9, r31
    5b56:	97 ff       	sbrs	r25, 7
    5b58:	09 c0       	rjmp	.+18     	; 0x5b6c <vfprintf+0x50e>
    5b5a:	90 95       	com	r25
    5b5c:	80 95       	com	r24
    5b5e:	70 95       	com	r23
    5b60:	61 95       	neg	r22
    5b62:	7f 4f       	sbci	r23, 0xFF	; 255
    5b64:	8f 4f       	sbci	r24, 0xFF	; 255
    5b66:	9f 4f       	sbci	r25, 0xFF	; 255
    5b68:	f0 68       	ori	r31, 0x80	; 128
    5b6a:	9f 2e       	mov	r9, r31
    5b6c:	2a e0       	ldi	r18, 0x0A	; 10
    5b6e:	30 e0       	ldi	r19, 0x00	; 0
    5b70:	a3 01       	movw	r20, r6
    5b72:	0e 94 ed 31 	call	0x63da	; 0x63da <__ultoa_invert>
    5b76:	c8 2e       	mov	r12, r24
    5b78:	c6 18       	sub	r12, r6
    5b7a:	3f c0       	rjmp	.+126    	; 0x5bfa <vfprintf+0x59c>
    5b7c:	09 2d       	mov	r16, r9
    5b7e:	85 37       	cpi	r24, 0x75	; 117
    5b80:	21 f4       	brne	.+8      	; 0x5b8a <vfprintf+0x52c>
    5b82:	0f 7e       	andi	r16, 0xEF	; 239
    5b84:	2a e0       	ldi	r18, 0x0A	; 10
    5b86:	30 e0       	ldi	r19, 0x00	; 0
    5b88:	1d c0       	rjmp	.+58     	; 0x5bc4 <vfprintf+0x566>
    5b8a:	09 7f       	andi	r16, 0xF9	; 249
    5b8c:	8f 36       	cpi	r24, 0x6F	; 111
    5b8e:	91 f0       	breq	.+36     	; 0x5bb4 <vfprintf+0x556>
    5b90:	18 f4       	brcc	.+6      	; 0x5b98 <vfprintf+0x53a>
    5b92:	88 35       	cpi	r24, 0x58	; 88
    5b94:	59 f0       	breq	.+22     	; 0x5bac <vfprintf+0x54e>
    5b96:	c3 c0       	rjmp	.+390    	; 0x5d1e <vfprintf+0x6c0>
    5b98:	80 37       	cpi	r24, 0x70	; 112
    5b9a:	19 f0       	breq	.+6      	; 0x5ba2 <vfprintf+0x544>
    5b9c:	88 37       	cpi	r24, 0x78	; 120
    5b9e:	11 f0       	breq	.+4      	; 0x5ba4 <vfprintf+0x546>
    5ba0:	be c0       	rjmp	.+380    	; 0x5d1e <vfprintf+0x6c0>
    5ba2:	00 61       	ori	r16, 0x10	; 16
    5ba4:	04 ff       	sbrs	r16, 4
    5ba6:	09 c0       	rjmp	.+18     	; 0x5bba <vfprintf+0x55c>
    5ba8:	04 60       	ori	r16, 0x04	; 4
    5baa:	07 c0       	rjmp	.+14     	; 0x5bba <vfprintf+0x55c>
    5bac:	94 fe       	sbrs	r9, 4
    5bae:	08 c0       	rjmp	.+16     	; 0x5bc0 <vfprintf+0x562>
    5bb0:	06 60       	ori	r16, 0x06	; 6
    5bb2:	06 c0       	rjmp	.+12     	; 0x5bc0 <vfprintf+0x562>
    5bb4:	28 e0       	ldi	r18, 0x08	; 8
    5bb6:	30 e0       	ldi	r19, 0x00	; 0
    5bb8:	05 c0       	rjmp	.+10     	; 0x5bc4 <vfprintf+0x566>
    5bba:	20 e1       	ldi	r18, 0x10	; 16
    5bbc:	30 e0       	ldi	r19, 0x00	; 0
    5bbe:	02 c0       	rjmp	.+4      	; 0x5bc4 <vfprintf+0x566>
    5bc0:	20 e1       	ldi	r18, 0x10	; 16
    5bc2:	32 e0       	ldi	r19, 0x02	; 2
    5bc4:	56 01       	movw	r10, r12
    5bc6:	07 ff       	sbrs	r16, 7
    5bc8:	09 c0       	rjmp	.+18     	; 0x5bdc <vfprintf+0x57e>
    5bca:	84 e0       	ldi	r24, 0x04	; 4
    5bcc:	a8 0e       	add	r10, r24
    5bce:	b1 1c       	adc	r11, r1
    5bd0:	f6 01       	movw	r30, r12
    5bd2:	60 81       	ld	r22, Z
    5bd4:	71 81       	ldd	r23, Z+1	; 0x01
    5bd6:	82 81       	ldd	r24, Z+2	; 0x02
    5bd8:	93 81       	ldd	r25, Z+3	; 0x03
    5bda:	08 c0       	rjmp	.+16     	; 0x5bec <vfprintf+0x58e>
    5bdc:	f2 e0       	ldi	r31, 0x02	; 2
    5bde:	af 0e       	add	r10, r31
    5be0:	b1 1c       	adc	r11, r1
    5be2:	f6 01       	movw	r30, r12
    5be4:	60 81       	ld	r22, Z
    5be6:	71 81       	ldd	r23, Z+1	; 0x01
    5be8:	80 e0       	ldi	r24, 0x00	; 0
    5bea:	90 e0       	ldi	r25, 0x00	; 0
    5bec:	a3 01       	movw	r20, r6
    5bee:	0e 94 ed 31 	call	0x63da	; 0x63da <__ultoa_invert>
    5bf2:	c8 2e       	mov	r12, r24
    5bf4:	c6 18       	sub	r12, r6
    5bf6:	0f 77       	andi	r16, 0x7F	; 127
    5bf8:	90 2e       	mov	r9, r16
    5bfa:	96 fe       	sbrs	r9, 6
    5bfc:	0b c0       	rjmp	.+22     	; 0x5c14 <vfprintf+0x5b6>
    5bfe:	09 2d       	mov	r16, r9
    5c00:	0e 7f       	andi	r16, 0xFE	; 254
    5c02:	c1 16       	cp	r12, r17
    5c04:	50 f4       	brcc	.+20     	; 0x5c1a <vfprintf+0x5bc>
    5c06:	94 fe       	sbrs	r9, 4
    5c08:	0a c0       	rjmp	.+20     	; 0x5c1e <vfprintf+0x5c0>
    5c0a:	92 fc       	sbrc	r9, 2
    5c0c:	08 c0       	rjmp	.+16     	; 0x5c1e <vfprintf+0x5c0>
    5c0e:	09 2d       	mov	r16, r9
    5c10:	0e 7e       	andi	r16, 0xEE	; 238
    5c12:	05 c0       	rjmp	.+10     	; 0x5c1e <vfprintf+0x5c0>
    5c14:	dc 2c       	mov	r13, r12
    5c16:	09 2d       	mov	r16, r9
    5c18:	03 c0       	rjmp	.+6      	; 0x5c20 <vfprintf+0x5c2>
    5c1a:	dc 2c       	mov	r13, r12
    5c1c:	01 c0       	rjmp	.+2      	; 0x5c20 <vfprintf+0x5c2>
    5c1e:	d1 2e       	mov	r13, r17
    5c20:	04 ff       	sbrs	r16, 4
    5c22:	0d c0       	rjmp	.+26     	; 0x5c3e <vfprintf+0x5e0>
    5c24:	fe 01       	movw	r30, r28
    5c26:	ec 0d       	add	r30, r12
    5c28:	f1 1d       	adc	r31, r1
    5c2a:	80 81       	ld	r24, Z
    5c2c:	80 33       	cpi	r24, 0x30	; 48
    5c2e:	11 f4       	brne	.+4      	; 0x5c34 <vfprintf+0x5d6>
    5c30:	09 7e       	andi	r16, 0xE9	; 233
    5c32:	09 c0       	rjmp	.+18     	; 0x5c46 <vfprintf+0x5e8>
    5c34:	02 ff       	sbrs	r16, 2
    5c36:	06 c0       	rjmp	.+12     	; 0x5c44 <vfprintf+0x5e6>
    5c38:	d3 94       	inc	r13
    5c3a:	d3 94       	inc	r13
    5c3c:	04 c0       	rjmp	.+8      	; 0x5c46 <vfprintf+0x5e8>
    5c3e:	80 2f       	mov	r24, r16
    5c40:	86 78       	andi	r24, 0x86	; 134
    5c42:	09 f0       	breq	.+2      	; 0x5c46 <vfprintf+0x5e8>
    5c44:	d3 94       	inc	r13
    5c46:	03 fd       	sbrc	r16, 3
    5c48:	11 c0       	rjmp	.+34     	; 0x5c6c <vfprintf+0x60e>
    5c4a:	00 ff       	sbrs	r16, 0
    5c4c:	06 c0       	rjmp	.+12     	; 0x5c5a <vfprintf+0x5fc>
    5c4e:	1c 2d       	mov	r17, r12
    5c50:	d5 14       	cp	r13, r5
    5c52:	80 f4       	brcc	.+32     	; 0x5c74 <vfprintf+0x616>
    5c54:	15 0d       	add	r17, r5
    5c56:	1d 19       	sub	r17, r13
    5c58:	0d c0       	rjmp	.+26     	; 0x5c74 <vfprintf+0x616>
    5c5a:	d5 14       	cp	r13, r5
    5c5c:	58 f4       	brcc	.+22     	; 0x5c74 <vfprintf+0x616>
    5c5e:	b7 01       	movw	r22, r14
    5c60:	80 e2       	ldi	r24, 0x20	; 32
    5c62:	90 e0       	ldi	r25, 0x00	; 0
    5c64:	0e 94 60 31 	call	0x62c0	; 0x62c0 <fputc>
    5c68:	d3 94       	inc	r13
    5c6a:	f7 cf       	rjmp	.-18     	; 0x5c5a <vfprintf+0x5fc>
    5c6c:	d5 14       	cp	r13, r5
    5c6e:	10 f4       	brcc	.+4      	; 0x5c74 <vfprintf+0x616>
    5c70:	5d 18       	sub	r5, r13
    5c72:	01 c0       	rjmp	.+2      	; 0x5c76 <vfprintf+0x618>
    5c74:	51 2c       	mov	r5, r1
    5c76:	04 ff       	sbrs	r16, 4
    5c78:	10 c0       	rjmp	.+32     	; 0x5c9a <vfprintf+0x63c>
    5c7a:	b7 01       	movw	r22, r14
    5c7c:	80 e3       	ldi	r24, 0x30	; 48
    5c7e:	90 e0       	ldi	r25, 0x00	; 0
    5c80:	0e 94 60 31 	call	0x62c0	; 0x62c0 <fputc>
    5c84:	02 ff       	sbrs	r16, 2
    5c86:	17 c0       	rjmp	.+46     	; 0x5cb6 <vfprintf+0x658>
    5c88:	01 fd       	sbrc	r16, 1
    5c8a:	03 c0       	rjmp	.+6      	; 0x5c92 <vfprintf+0x634>
    5c8c:	88 e7       	ldi	r24, 0x78	; 120
    5c8e:	90 e0       	ldi	r25, 0x00	; 0
    5c90:	02 c0       	rjmp	.+4      	; 0x5c96 <vfprintf+0x638>
    5c92:	88 e5       	ldi	r24, 0x58	; 88
    5c94:	90 e0       	ldi	r25, 0x00	; 0
    5c96:	b7 01       	movw	r22, r14
    5c98:	0c c0       	rjmp	.+24     	; 0x5cb2 <vfprintf+0x654>
    5c9a:	80 2f       	mov	r24, r16
    5c9c:	86 78       	andi	r24, 0x86	; 134
    5c9e:	59 f0       	breq	.+22     	; 0x5cb6 <vfprintf+0x658>
    5ca0:	01 ff       	sbrs	r16, 1
    5ca2:	02 c0       	rjmp	.+4      	; 0x5ca8 <vfprintf+0x64a>
    5ca4:	8b e2       	ldi	r24, 0x2B	; 43
    5ca6:	01 c0       	rjmp	.+2      	; 0x5caa <vfprintf+0x64c>
    5ca8:	80 e2       	ldi	r24, 0x20	; 32
    5caa:	07 fd       	sbrc	r16, 7
    5cac:	8d e2       	ldi	r24, 0x2D	; 45
    5cae:	b7 01       	movw	r22, r14
    5cb0:	90 e0       	ldi	r25, 0x00	; 0
    5cb2:	0e 94 60 31 	call	0x62c0	; 0x62c0 <fputc>
    5cb6:	c1 16       	cp	r12, r17
    5cb8:	38 f4       	brcc	.+14     	; 0x5cc8 <vfprintf+0x66a>
    5cba:	b7 01       	movw	r22, r14
    5cbc:	80 e3       	ldi	r24, 0x30	; 48
    5cbe:	90 e0       	ldi	r25, 0x00	; 0
    5cc0:	0e 94 60 31 	call	0x62c0	; 0x62c0 <fputc>
    5cc4:	11 50       	subi	r17, 0x01	; 1
    5cc6:	f7 cf       	rjmp	.-18     	; 0x5cb6 <vfprintf+0x658>
    5cc8:	ca 94       	dec	r12
    5cca:	f3 01       	movw	r30, r6
    5ccc:	ec 0d       	add	r30, r12
    5cce:	f1 1d       	adc	r31, r1
    5cd0:	80 81       	ld	r24, Z
    5cd2:	b7 01       	movw	r22, r14
    5cd4:	90 e0       	ldi	r25, 0x00	; 0
    5cd6:	0e 94 60 31 	call	0x62c0	; 0x62c0 <fputc>
    5cda:	c1 10       	cpse	r12, r1
    5cdc:	f5 cf       	rjmp	.-22     	; 0x5cc8 <vfprintf+0x66a>
    5cde:	15 c0       	rjmp	.+42     	; 0x5d0a <vfprintf+0x6ac>
    5ce0:	f4 e0       	ldi	r31, 0x04	; 4
    5ce2:	f5 15       	cp	r31, r5
    5ce4:	60 f5       	brcc	.+88     	; 0x5d3e <vfprintf+0x6e0>
    5ce6:	84 e0       	ldi	r24, 0x04	; 4
    5ce8:	58 1a       	sub	r5, r24
    5cea:	93 fe       	sbrs	r9, 3
    5cec:	1f c0       	rjmp	.+62     	; 0x5d2c <vfprintf+0x6ce>
    5cee:	01 11       	cpse	r16, r1
    5cf0:	27 c0       	rjmp	.+78     	; 0x5d40 <vfprintf+0x6e2>
    5cf2:	2c 85       	ldd	r18, Y+12	; 0x0c
    5cf4:	23 ff       	sbrs	r18, 3
    5cf6:	2a c0       	rjmp	.+84     	; 0x5d4c <vfprintf+0x6ee>
    5cf8:	02 e9       	ldi	r16, 0x92	; 146
    5cfa:	12 e0       	ldi	r17, 0x02	; 2
    5cfc:	39 2d       	mov	r19, r9
    5cfe:	30 71       	andi	r19, 0x10	; 16
    5d00:	93 2e       	mov	r9, r19
    5d02:	f8 01       	movw	r30, r16
    5d04:	84 91       	lpm	r24, Z
    5d06:	81 11       	cpse	r24, r1
    5d08:	24 c0       	rjmp	.+72     	; 0x5d52 <vfprintf+0x6f4>
    5d0a:	55 20       	and	r5, r5
    5d0c:	09 f4       	brne	.+2      	; 0x5d10 <vfprintf+0x6b2>
    5d0e:	e4 cc       	rjmp	.-1592   	; 0x56d8 <vfprintf+0x7a>
    5d10:	b7 01       	movw	r22, r14
    5d12:	80 e2       	ldi	r24, 0x20	; 32
    5d14:	90 e0       	ldi	r25, 0x00	; 0
    5d16:	0e 94 60 31 	call	0x62c0	; 0x62c0 <fputc>
    5d1a:	5a 94       	dec	r5
    5d1c:	f6 cf       	rjmp	.-20     	; 0x5d0a <vfprintf+0x6ac>
    5d1e:	f7 01       	movw	r30, r14
    5d20:	86 81       	ldd	r24, Z+6	; 0x06
    5d22:	97 81       	ldd	r25, Z+7	; 0x07
    5d24:	26 c0       	rjmp	.+76     	; 0x5d72 <vfprintf+0x714>
    5d26:	8f ef       	ldi	r24, 0xFF	; 255
    5d28:	9f ef       	ldi	r25, 0xFF	; 255
    5d2a:	23 c0       	rjmp	.+70     	; 0x5d72 <vfprintf+0x714>
    5d2c:	b7 01       	movw	r22, r14
    5d2e:	80 e2       	ldi	r24, 0x20	; 32
    5d30:	90 e0       	ldi	r25, 0x00	; 0
    5d32:	0e 94 60 31 	call	0x62c0	; 0x62c0 <fputc>
    5d36:	5a 94       	dec	r5
    5d38:	51 10       	cpse	r5, r1
    5d3a:	f8 cf       	rjmp	.-16     	; 0x5d2c <vfprintf+0x6ce>
    5d3c:	d8 cf       	rjmp	.-80     	; 0x5cee <vfprintf+0x690>
    5d3e:	51 2c       	mov	r5, r1
    5d40:	b7 01       	movw	r22, r14
    5d42:	80 2f       	mov	r24, r16
    5d44:	90 e0       	ldi	r25, 0x00	; 0
    5d46:	0e 94 60 31 	call	0x62c0	; 0x62c0 <fputc>
    5d4a:	d3 cf       	rjmp	.-90     	; 0x5cf2 <vfprintf+0x694>
    5d4c:	06 e9       	ldi	r16, 0x96	; 150
    5d4e:	12 e0       	ldi	r17, 0x02	; 2
    5d50:	d5 cf       	rjmp	.-86     	; 0x5cfc <vfprintf+0x69e>
    5d52:	91 10       	cpse	r9, r1
    5d54:	80 52       	subi	r24, 0x20	; 32
    5d56:	b7 01       	movw	r22, r14
    5d58:	90 e0       	ldi	r25, 0x00	; 0
    5d5a:	0e 94 60 31 	call	0x62c0	; 0x62c0 <fputc>
    5d5e:	0f 5f       	subi	r16, 0xFF	; 255
    5d60:	1f 4f       	sbci	r17, 0xFF	; 255
    5d62:	cf cf       	rjmp	.-98     	; 0x5d02 <vfprintf+0x6a4>
    5d64:	23 e0       	ldi	r18, 0x03	; 3
    5d66:	25 15       	cp	r18, r5
    5d68:	10 f4       	brcc	.+4      	; 0x5d6e <vfprintf+0x710>
    5d6a:	83 e0       	ldi	r24, 0x03	; 3
    5d6c:	bd cf       	rjmp	.-134    	; 0x5ce8 <vfprintf+0x68a>
    5d6e:	51 2c       	mov	r5, r1
    5d70:	c0 cf       	rjmp	.-128    	; 0x5cf2 <vfprintf+0x694>
    5d72:	60 96       	adiw	r28, 0x10	; 16
    5d74:	cd bf       	out	0x3d, r28	; 61
    5d76:	de bf       	out	0x3e, r29	; 62
    5d78:	df 91       	pop	r29
    5d7a:	cf 91       	pop	r28
    5d7c:	1f 91       	pop	r17
    5d7e:	0f 91       	pop	r16
    5d80:	ff 90       	pop	r15
    5d82:	ef 90       	pop	r14
    5d84:	df 90       	pop	r13
    5d86:	cf 90       	pop	r12
    5d88:	bf 90       	pop	r11
    5d8a:	af 90       	pop	r10
    5d8c:	9f 90       	pop	r9
    5d8e:	8f 90       	pop	r8
    5d90:	7f 90       	pop	r7
    5d92:	6f 90       	pop	r6
    5d94:	5f 90       	pop	r5
    5d96:	4f 90       	pop	r4
    5d98:	3f 90       	pop	r3
    5d9a:	2f 90       	pop	r2
    5d9c:	08 95       	ret

00005d9e <__udivmodhi4>:
    5d9e:	aa 1b       	sub	r26, r26
    5da0:	bb 1b       	sub	r27, r27
    5da2:	51 e1       	ldi	r21, 0x11	; 17
    5da4:	07 c0       	rjmp	.+14     	; 0x5db4 <__udivmodhi4_ep>

00005da6 <__udivmodhi4_loop>:
    5da6:	aa 1f       	adc	r26, r26
    5da8:	bb 1f       	adc	r27, r27
    5daa:	a6 17       	cp	r26, r22
    5dac:	b7 07       	cpc	r27, r23
    5dae:	10 f0       	brcs	.+4      	; 0x5db4 <__udivmodhi4_ep>
    5db0:	a6 1b       	sub	r26, r22
    5db2:	b7 0b       	sbc	r27, r23

00005db4 <__udivmodhi4_ep>:
    5db4:	88 1f       	adc	r24, r24
    5db6:	99 1f       	adc	r25, r25
    5db8:	5a 95       	dec	r21
    5dba:	a9 f7       	brne	.-22     	; 0x5da6 <__udivmodhi4_loop>
    5dbc:	80 95       	com	r24
    5dbe:	90 95       	com	r25
    5dc0:	bc 01       	movw	r22, r24
    5dc2:	cd 01       	movw	r24, r26
    5dc4:	08 95       	ret

00005dc6 <__divmodhi4>:
    5dc6:	97 fb       	bst	r25, 7
    5dc8:	07 2e       	mov	r0, r23
    5dca:	16 f4       	brtc	.+4      	; 0x5dd0 <__divmodhi4+0xa>
    5dcc:	00 94       	com	r0
    5dce:	07 d0       	rcall	.+14     	; 0x5dde <__divmodhi4_neg1>
    5dd0:	77 fd       	sbrc	r23, 7
    5dd2:	09 d0       	rcall	.+18     	; 0x5de6 <__divmodhi4_neg2>
    5dd4:	0e 94 cf 2e 	call	0x5d9e	; 0x5d9e <__udivmodhi4>
    5dd8:	07 fc       	sbrc	r0, 7
    5dda:	05 d0       	rcall	.+10     	; 0x5de6 <__divmodhi4_neg2>
    5ddc:	3e f4       	brtc	.+14     	; 0x5dec <__divmodhi4_exit>

00005dde <__divmodhi4_neg1>:
    5dde:	90 95       	com	r25
    5de0:	81 95       	neg	r24
    5de2:	9f 4f       	sbci	r25, 0xFF	; 255
    5de4:	08 95       	ret

00005de6 <__divmodhi4_neg2>:
    5de6:	70 95       	com	r23
    5de8:	61 95       	neg	r22
    5dea:	7f 4f       	sbci	r23, 0xFF	; 255

00005dec <__divmodhi4_exit>:
    5dec:	08 95       	ret

00005dee <__udivmodsi4>:
    5dee:	a1 e2       	ldi	r26, 0x21	; 33
    5df0:	1a 2e       	mov	r1, r26
    5df2:	aa 1b       	sub	r26, r26
    5df4:	bb 1b       	sub	r27, r27
    5df6:	fd 01       	movw	r30, r26
    5df8:	0d c0       	rjmp	.+26     	; 0x5e14 <__udivmodsi4_ep>

00005dfa <__udivmodsi4_loop>:
    5dfa:	aa 1f       	adc	r26, r26
    5dfc:	bb 1f       	adc	r27, r27
    5dfe:	ee 1f       	adc	r30, r30
    5e00:	ff 1f       	adc	r31, r31
    5e02:	a2 17       	cp	r26, r18
    5e04:	b3 07       	cpc	r27, r19
    5e06:	e4 07       	cpc	r30, r20
    5e08:	f5 07       	cpc	r31, r21
    5e0a:	20 f0       	brcs	.+8      	; 0x5e14 <__udivmodsi4_ep>
    5e0c:	a2 1b       	sub	r26, r18
    5e0e:	b3 0b       	sbc	r27, r19
    5e10:	e4 0b       	sbc	r30, r20
    5e12:	f5 0b       	sbc	r31, r21

00005e14 <__udivmodsi4_ep>:
    5e14:	66 1f       	adc	r22, r22
    5e16:	77 1f       	adc	r23, r23
    5e18:	88 1f       	adc	r24, r24
    5e1a:	99 1f       	adc	r25, r25
    5e1c:	1a 94       	dec	r1
    5e1e:	69 f7       	brne	.-38     	; 0x5dfa <__udivmodsi4_loop>
    5e20:	60 95       	com	r22
    5e22:	70 95       	com	r23
    5e24:	80 95       	com	r24
    5e26:	90 95       	com	r25
    5e28:	9b 01       	movw	r18, r22
    5e2a:	ac 01       	movw	r20, r24
    5e2c:	bd 01       	movw	r22, r26
    5e2e:	cf 01       	movw	r24, r30
    5e30:	08 95       	ret

00005e32 <__umulhisi3>:
    5e32:	a2 9f       	mul	r26, r18
    5e34:	b0 01       	movw	r22, r0
    5e36:	b3 9f       	mul	r27, r19
    5e38:	c0 01       	movw	r24, r0
    5e3a:	a3 9f       	mul	r26, r19
    5e3c:	70 0d       	add	r23, r0
    5e3e:	81 1d       	adc	r24, r1
    5e40:	11 24       	eor	r1, r1
    5e42:	91 1d       	adc	r25, r1
    5e44:	b2 9f       	mul	r27, r18
    5e46:	70 0d       	add	r23, r0
    5e48:	81 1d       	adc	r24, r1
    5e4a:	11 24       	eor	r1, r1
    5e4c:	91 1d       	adc	r25, r1
    5e4e:	08 95       	ret

00005e50 <malloc>:
    5e50:	0f 93       	push	r16
    5e52:	1f 93       	push	r17
    5e54:	cf 93       	push	r28
    5e56:	df 93       	push	r29
    5e58:	82 30       	cpi	r24, 0x02	; 2
    5e5a:	91 05       	cpc	r25, r1
    5e5c:	10 f4       	brcc	.+4      	; 0x5e62 <malloc+0x12>
    5e5e:	82 e0       	ldi	r24, 0x02	; 2
    5e60:	90 e0       	ldi	r25, 0x00	; 0
    5e62:	e0 91 27 24 	lds	r30, 0x2427	; 0x802427 <__flp>
    5e66:	f0 91 28 24 	lds	r31, 0x2428	; 0x802428 <__flp+0x1>
    5e6a:	20 e0       	ldi	r18, 0x00	; 0
    5e6c:	30 e0       	ldi	r19, 0x00	; 0
    5e6e:	a0 e0       	ldi	r26, 0x00	; 0
    5e70:	b0 e0       	ldi	r27, 0x00	; 0
    5e72:	30 97       	sbiw	r30, 0x00	; 0
    5e74:	19 f1       	breq	.+70     	; 0x5ebc <malloc+0x6c>
    5e76:	40 81       	ld	r20, Z
    5e78:	51 81       	ldd	r21, Z+1	; 0x01
    5e7a:	02 81       	ldd	r16, Z+2	; 0x02
    5e7c:	13 81       	ldd	r17, Z+3	; 0x03
    5e7e:	48 17       	cp	r20, r24
    5e80:	59 07       	cpc	r21, r25
    5e82:	c8 f0       	brcs	.+50     	; 0x5eb6 <malloc+0x66>
    5e84:	84 17       	cp	r24, r20
    5e86:	95 07       	cpc	r25, r21
    5e88:	69 f4       	brne	.+26     	; 0x5ea4 <malloc+0x54>
    5e8a:	10 97       	sbiw	r26, 0x00	; 0
    5e8c:	31 f0       	breq	.+12     	; 0x5e9a <malloc+0x4a>
    5e8e:	12 96       	adiw	r26, 0x02	; 2
    5e90:	0c 93       	st	X, r16
    5e92:	12 97       	sbiw	r26, 0x02	; 2
    5e94:	13 96       	adiw	r26, 0x03	; 3
    5e96:	1c 93       	st	X, r17
    5e98:	27 c0       	rjmp	.+78     	; 0x5ee8 <malloc+0x98>
    5e9a:	00 93 27 24 	sts	0x2427, r16	; 0x802427 <__flp>
    5e9e:	10 93 28 24 	sts	0x2428, r17	; 0x802428 <__flp+0x1>
    5ea2:	22 c0       	rjmp	.+68     	; 0x5ee8 <malloc+0x98>
    5ea4:	21 15       	cp	r18, r1
    5ea6:	31 05       	cpc	r19, r1
    5ea8:	19 f0       	breq	.+6      	; 0x5eb0 <malloc+0x60>
    5eaa:	42 17       	cp	r20, r18
    5eac:	53 07       	cpc	r21, r19
    5eae:	18 f4       	brcc	.+6      	; 0x5eb6 <malloc+0x66>
    5eb0:	9a 01       	movw	r18, r20
    5eb2:	bd 01       	movw	r22, r26
    5eb4:	ef 01       	movw	r28, r30
    5eb6:	df 01       	movw	r26, r30
    5eb8:	f8 01       	movw	r30, r16
    5eba:	db cf       	rjmp	.-74     	; 0x5e72 <malloc+0x22>
    5ebc:	21 15       	cp	r18, r1
    5ebe:	31 05       	cpc	r19, r1
    5ec0:	f9 f0       	breq	.+62     	; 0x5f00 <malloc+0xb0>
    5ec2:	28 1b       	sub	r18, r24
    5ec4:	39 0b       	sbc	r19, r25
    5ec6:	24 30       	cpi	r18, 0x04	; 4
    5ec8:	31 05       	cpc	r19, r1
    5eca:	80 f4       	brcc	.+32     	; 0x5eec <malloc+0x9c>
    5ecc:	8a 81       	ldd	r24, Y+2	; 0x02
    5ece:	9b 81       	ldd	r25, Y+3	; 0x03
    5ed0:	61 15       	cp	r22, r1
    5ed2:	71 05       	cpc	r23, r1
    5ed4:	21 f0       	breq	.+8      	; 0x5ede <malloc+0x8e>
    5ed6:	fb 01       	movw	r30, r22
    5ed8:	82 83       	std	Z+2, r24	; 0x02
    5eda:	93 83       	std	Z+3, r25	; 0x03
    5edc:	04 c0       	rjmp	.+8      	; 0x5ee6 <malloc+0x96>
    5ede:	80 93 27 24 	sts	0x2427, r24	; 0x802427 <__flp>
    5ee2:	90 93 28 24 	sts	0x2428, r25	; 0x802428 <__flp+0x1>
    5ee6:	fe 01       	movw	r30, r28
    5ee8:	32 96       	adiw	r30, 0x02	; 2
    5eea:	44 c0       	rjmp	.+136    	; 0x5f74 <malloc+0x124>
    5eec:	fe 01       	movw	r30, r28
    5eee:	e2 0f       	add	r30, r18
    5ef0:	f3 1f       	adc	r31, r19
    5ef2:	81 93       	st	Z+, r24
    5ef4:	91 93       	st	Z+, r25
    5ef6:	22 50       	subi	r18, 0x02	; 2
    5ef8:	31 09       	sbc	r19, r1
    5efa:	28 83       	st	Y, r18
    5efc:	39 83       	std	Y+1, r19	; 0x01
    5efe:	3a c0       	rjmp	.+116    	; 0x5f74 <malloc+0x124>
    5f00:	20 91 25 24 	lds	r18, 0x2425	; 0x802425 <__brkval>
    5f04:	30 91 26 24 	lds	r19, 0x2426	; 0x802426 <__brkval+0x1>
    5f08:	23 2b       	or	r18, r19
    5f0a:	41 f4       	brne	.+16     	; 0x5f1c <malloc+0xcc>
    5f0c:	20 91 02 20 	lds	r18, 0x2002	; 0x802002 <__malloc_heap_start>
    5f10:	30 91 03 20 	lds	r19, 0x2003	; 0x802003 <__malloc_heap_start+0x1>
    5f14:	20 93 25 24 	sts	0x2425, r18	; 0x802425 <__brkval>
    5f18:	30 93 26 24 	sts	0x2426, r19	; 0x802426 <__brkval+0x1>
    5f1c:	20 91 00 20 	lds	r18, 0x2000	; 0x802000 <__DATA_REGION_ORIGIN__>
    5f20:	30 91 01 20 	lds	r19, 0x2001	; 0x802001 <__DATA_REGION_ORIGIN__+0x1>
    5f24:	21 15       	cp	r18, r1
    5f26:	31 05       	cpc	r19, r1
    5f28:	41 f4       	brne	.+16     	; 0x5f3a <malloc+0xea>
    5f2a:	2d b7       	in	r18, 0x3d	; 61
    5f2c:	3e b7       	in	r19, 0x3e	; 62
    5f2e:	40 91 04 20 	lds	r20, 0x2004	; 0x802004 <__malloc_margin>
    5f32:	50 91 05 20 	lds	r21, 0x2005	; 0x802005 <__malloc_margin+0x1>
    5f36:	24 1b       	sub	r18, r20
    5f38:	35 0b       	sbc	r19, r21
    5f3a:	e0 91 25 24 	lds	r30, 0x2425	; 0x802425 <__brkval>
    5f3e:	f0 91 26 24 	lds	r31, 0x2426	; 0x802426 <__brkval+0x1>
    5f42:	e2 17       	cp	r30, r18
    5f44:	f3 07       	cpc	r31, r19
    5f46:	a0 f4       	brcc	.+40     	; 0x5f70 <malloc+0x120>
    5f48:	2e 1b       	sub	r18, r30
    5f4a:	3f 0b       	sbc	r19, r31
    5f4c:	28 17       	cp	r18, r24
    5f4e:	39 07       	cpc	r19, r25
    5f50:	78 f0       	brcs	.+30     	; 0x5f70 <malloc+0x120>
    5f52:	ac 01       	movw	r20, r24
    5f54:	4e 5f       	subi	r20, 0xFE	; 254
    5f56:	5f 4f       	sbci	r21, 0xFF	; 255
    5f58:	24 17       	cp	r18, r20
    5f5a:	35 07       	cpc	r19, r21
    5f5c:	48 f0       	brcs	.+18     	; 0x5f70 <malloc+0x120>
    5f5e:	4e 0f       	add	r20, r30
    5f60:	5f 1f       	adc	r21, r31
    5f62:	40 93 25 24 	sts	0x2425, r20	; 0x802425 <__brkval>
    5f66:	50 93 26 24 	sts	0x2426, r21	; 0x802426 <__brkval+0x1>
    5f6a:	81 93       	st	Z+, r24
    5f6c:	91 93       	st	Z+, r25
    5f6e:	02 c0       	rjmp	.+4      	; 0x5f74 <malloc+0x124>
    5f70:	e0 e0       	ldi	r30, 0x00	; 0
    5f72:	f0 e0       	ldi	r31, 0x00	; 0
    5f74:	cf 01       	movw	r24, r30
    5f76:	df 91       	pop	r29
    5f78:	cf 91       	pop	r28
    5f7a:	1f 91       	pop	r17
    5f7c:	0f 91       	pop	r16
    5f7e:	08 95       	ret

00005f80 <free>:
    5f80:	cf 93       	push	r28
    5f82:	df 93       	push	r29
    5f84:	00 97       	sbiw	r24, 0x00	; 0
    5f86:	09 f4       	brne	.+2      	; 0x5f8a <free+0xa>
    5f88:	81 c0       	rjmp	.+258    	; 0x608c <free+0x10c>
    5f8a:	fc 01       	movw	r30, r24
    5f8c:	32 97       	sbiw	r30, 0x02	; 2
    5f8e:	12 82       	std	Z+2, r1	; 0x02
    5f90:	13 82       	std	Z+3, r1	; 0x03
    5f92:	a0 91 27 24 	lds	r26, 0x2427	; 0x802427 <__flp>
    5f96:	b0 91 28 24 	lds	r27, 0x2428	; 0x802428 <__flp+0x1>
    5f9a:	10 97       	sbiw	r26, 0x00	; 0
    5f9c:	81 f4       	brne	.+32     	; 0x5fbe <free+0x3e>
    5f9e:	20 81       	ld	r18, Z
    5fa0:	31 81       	ldd	r19, Z+1	; 0x01
    5fa2:	82 0f       	add	r24, r18
    5fa4:	93 1f       	adc	r25, r19
    5fa6:	20 91 25 24 	lds	r18, 0x2425	; 0x802425 <__brkval>
    5faa:	30 91 26 24 	lds	r19, 0x2426	; 0x802426 <__brkval+0x1>
    5fae:	28 17       	cp	r18, r24
    5fb0:	39 07       	cpc	r19, r25
    5fb2:	51 f5       	brne	.+84     	; 0x6008 <free+0x88>
    5fb4:	e0 93 25 24 	sts	0x2425, r30	; 0x802425 <__brkval>
    5fb8:	f0 93 26 24 	sts	0x2426, r31	; 0x802426 <__brkval+0x1>
    5fbc:	67 c0       	rjmp	.+206    	; 0x608c <free+0x10c>
    5fbe:	ed 01       	movw	r28, r26
    5fc0:	20 e0       	ldi	r18, 0x00	; 0
    5fc2:	30 e0       	ldi	r19, 0x00	; 0
    5fc4:	ce 17       	cp	r28, r30
    5fc6:	df 07       	cpc	r29, r31
    5fc8:	40 f4       	brcc	.+16     	; 0x5fda <free+0x5a>
    5fca:	4a 81       	ldd	r20, Y+2	; 0x02
    5fcc:	5b 81       	ldd	r21, Y+3	; 0x03
    5fce:	9e 01       	movw	r18, r28
    5fd0:	41 15       	cp	r20, r1
    5fd2:	51 05       	cpc	r21, r1
    5fd4:	f1 f0       	breq	.+60     	; 0x6012 <free+0x92>
    5fd6:	ea 01       	movw	r28, r20
    5fd8:	f5 cf       	rjmp	.-22     	; 0x5fc4 <free+0x44>
    5fda:	c2 83       	std	Z+2, r28	; 0x02
    5fdc:	d3 83       	std	Z+3, r29	; 0x03
    5fde:	40 81       	ld	r20, Z
    5fe0:	51 81       	ldd	r21, Z+1	; 0x01
    5fe2:	84 0f       	add	r24, r20
    5fe4:	95 1f       	adc	r25, r21
    5fe6:	c8 17       	cp	r28, r24
    5fe8:	d9 07       	cpc	r29, r25
    5fea:	59 f4       	brne	.+22     	; 0x6002 <free+0x82>
    5fec:	88 81       	ld	r24, Y
    5fee:	99 81       	ldd	r25, Y+1	; 0x01
    5ff0:	84 0f       	add	r24, r20
    5ff2:	95 1f       	adc	r25, r21
    5ff4:	02 96       	adiw	r24, 0x02	; 2
    5ff6:	80 83       	st	Z, r24
    5ff8:	91 83       	std	Z+1, r25	; 0x01
    5ffa:	8a 81       	ldd	r24, Y+2	; 0x02
    5ffc:	9b 81       	ldd	r25, Y+3	; 0x03
    5ffe:	82 83       	std	Z+2, r24	; 0x02
    6000:	93 83       	std	Z+3, r25	; 0x03
    6002:	21 15       	cp	r18, r1
    6004:	31 05       	cpc	r19, r1
    6006:	29 f4       	brne	.+10     	; 0x6012 <free+0x92>
    6008:	e0 93 27 24 	sts	0x2427, r30	; 0x802427 <__flp>
    600c:	f0 93 28 24 	sts	0x2428, r31	; 0x802428 <__flp+0x1>
    6010:	3d c0       	rjmp	.+122    	; 0x608c <free+0x10c>
    6012:	e9 01       	movw	r28, r18
    6014:	ea 83       	std	Y+2, r30	; 0x02
    6016:	fb 83       	std	Y+3, r31	; 0x03
    6018:	49 91       	ld	r20, Y+
    601a:	59 91       	ld	r21, Y+
    601c:	c4 0f       	add	r28, r20
    601e:	d5 1f       	adc	r29, r21
    6020:	ec 17       	cp	r30, r28
    6022:	fd 07       	cpc	r31, r29
    6024:	61 f4       	brne	.+24     	; 0x603e <free+0xbe>
    6026:	80 81       	ld	r24, Z
    6028:	91 81       	ldd	r25, Z+1	; 0x01
    602a:	84 0f       	add	r24, r20
    602c:	95 1f       	adc	r25, r21
    602e:	02 96       	adiw	r24, 0x02	; 2
    6030:	e9 01       	movw	r28, r18
    6032:	88 83       	st	Y, r24
    6034:	99 83       	std	Y+1, r25	; 0x01
    6036:	82 81       	ldd	r24, Z+2	; 0x02
    6038:	93 81       	ldd	r25, Z+3	; 0x03
    603a:	8a 83       	std	Y+2, r24	; 0x02
    603c:	9b 83       	std	Y+3, r25	; 0x03
    603e:	e0 e0       	ldi	r30, 0x00	; 0
    6040:	f0 e0       	ldi	r31, 0x00	; 0
    6042:	12 96       	adiw	r26, 0x02	; 2
    6044:	8d 91       	ld	r24, X+
    6046:	9c 91       	ld	r25, X
    6048:	13 97       	sbiw	r26, 0x03	; 3
    604a:	00 97       	sbiw	r24, 0x00	; 0
    604c:	19 f0       	breq	.+6      	; 0x6054 <free+0xd4>
    604e:	fd 01       	movw	r30, r26
    6050:	dc 01       	movw	r26, r24
    6052:	f7 cf       	rjmp	.-18     	; 0x6042 <free+0xc2>
    6054:	8d 91       	ld	r24, X+
    6056:	9c 91       	ld	r25, X
    6058:	11 97       	sbiw	r26, 0x01	; 1
    605a:	9d 01       	movw	r18, r26
    605c:	2e 5f       	subi	r18, 0xFE	; 254
    605e:	3f 4f       	sbci	r19, 0xFF	; 255
    6060:	82 0f       	add	r24, r18
    6062:	93 1f       	adc	r25, r19
    6064:	20 91 25 24 	lds	r18, 0x2425	; 0x802425 <__brkval>
    6068:	30 91 26 24 	lds	r19, 0x2426	; 0x802426 <__brkval+0x1>
    606c:	28 17       	cp	r18, r24
    606e:	39 07       	cpc	r19, r25
    6070:	69 f4       	brne	.+26     	; 0x608c <free+0x10c>
    6072:	30 97       	sbiw	r30, 0x00	; 0
    6074:	29 f4       	brne	.+10     	; 0x6080 <free+0x100>
    6076:	10 92 27 24 	sts	0x2427, r1	; 0x802427 <__flp>
    607a:	10 92 28 24 	sts	0x2428, r1	; 0x802428 <__flp+0x1>
    607e:	02 c0       	rjmp	.+4      	; 0x6084 <free+0x104>
    6080:	12 82       	std	Z+2, r1	; 0x02
    6082:	13 82       	std	Z+3, r1	; 0x03
    6084:	a0 93 25 24 	sts	0x2425, r26	; 0x802425 <__brkval>
    6088:	b0 93 26 24 	sts	0x2426, r27	; 0x802426 <__brkval+0x1>
    608c:	df 91       	pop	r29
    608e:	cf 91       	pop	r28
    6090:	08 95       	ret

00006092 <__ftoa_engine>:
    6092:	28 30       	cpi	r18, 0x08	; 8
    6094:	08 f0       	brcs	.+2      	; 0x6098 <__ftoa_engine+0x6>
    6096:	27 e0       	ldi	r18, 0x07	; 7
    6098:	33 27       	eor	r19, r19
    609a:	da 01       	movw	r26, r20
    609c:	99 0f       	add	r25, r25
    609e:	31 1d       	adc	r19, r1
    60a0:	87 fd       	sbrc	r24, 7
    60a2:	91 60       	ori	r25, 0x01	; 1
    60a4:	00 96       	adiw	r24, 0x00	; 0
    60a6:	61 05       	cpc	r22, r1
    60a8:	71 05       	cpc	r23, r1
    60aa:	39 f4       	brne	.+14     	; 0x60ba <__ftoa_engine+0x28>
    60ac:	32 60       	ori	r19, 0x02	; 2
    60ae:	2e 5f       	subi	r18, 0xFE	; 254
    60b0:	3d 93       	st	X+, r19
    60b2:	30 e3       	ldi	r19, 0x30	; 48
    60b4:	2a 95       	dec	r18
    60b6:	e1 f7       	brne	.-8      	; 0x60b0 <__ftoa_engine+0x1e>
    60b8:	08 95       	ret
    60ba:	9f 3f       	cpi	r25, 0xFF	; 255
    60bc:	30 f0       	brcs	.+12     	; 0x60ca <__ftoa_engine+0x38>
    60be:	80 38       	cpi	r24, 0x80	; 128
    60c0:	71 05       	cpc	r23, r1
    60c2:	61 05       	cpc	r22, r1
    60c4:	09 f0       	breq	.+2      	; 0x60c8 <__ftoa_engine+0x36>
    60c6:	3c 5f       	subi	r19, 0xFC	; 252
    60c8:	3c 5f       	subi	r19, 0xFC	; 252
    60ca:	3d 93       	st	X+, r19
    60cc:	91 30       	cpi	r25, 0x01	; 1
    60ce:	08 f0       	brcs	.+2      	; 0x60d2 <__ftoa_engine+0x40>
    60d0:	80 68       	ori	r24, 0x80	; 128
    60d2:	91 1d       	adc	r25, r1
    60d4:	df 93       	push	r29
    60d6:	cf 93       	push	r28
    60d8:	1f 93       	push	r17
    60da:	0f 93       	push	r16
    60dc:	ff 92       	push	r15
    60de:	ef 92       	push	r14
    60e0:	19 2f       	mov	r17, r25
    60e2:	98 7f       	andi	r25, 0xF8	; 248
    60e4:	96 95       	lsr	r25
    60e6:	e9 2f       	mov	r30, r25
    60e8:	96 95       	lsr	r25
    60ea:	96 95       	lsr	r25
    60ec:	e9 0f       	add	r30, r25
    60ee:	ff 27       	eor	r31, r31
    60f0:	ec 50       	subi	r30, 0x0C	; 12
    60f2:	fd 4f       	sbci	r31, 0xFD	; 253
    60f4:	99 27       	eor	r25, r25
    60f6:	33 27       	eor	r19, r19
    60f8:	ee 24       	eor	r14, r14
    60fa:	ff 24       	eor	r15, r15
    60fc:	a7 01       	movw	r20, r14
    60fe:	e7 01       	movw	r28, r14
    6100:	05 90       	lpm	r0, Z+
    6102:	08 94       	sec
    6104:	07 94       	ror	r0
    6106:	28 f4       	brcc	.+10     	; 0x6112 <__ftoa_engine+0x80>
    6108:	36 0f       	add	r19, r22
    610a:	e7 1e       	adc	r14, r23
    610c:	f8 1e       	adc	r15, r24
    610e:	49 1f       	adc	r20, r25
    6110:	51 1d       	adc	r21, r1
    6112:	66 0f       	add	r22, r22
    6114:	77 1f       	adc	r23, r23
    6116:	88 1f       	adc	r24, r24
    6118:	99 1f       	adc	r25, r25
    611a:	06 94       	lsr	r0
    611c:	a1 f7       	brne	.-24     	; 0x6106 <__ftoa_engine+0x74>
    611e:	05 90       	lpm	r0, Z+
    6120:	07 94       	ror	r0
    6122:	28 f4       	brcc	.+10     	; 0x612e <__ftoa_engine+0x9c>
    6124:	e7 0e       	add	r14, r23
    6126:	f8 1e       	adc	r15, r24
    6128:	49 1f       	adc	r20, r25
    612a:	56 1f       	adc	r21, r22
    612c:	c1 1d       	adc	r28, r1
    612e:	77 0f       	add	r23, r23
    6130:	88 1f       	adc	r24, r24
    6132:	99 1f       	adc	r25, r25
    6134:	66 1f       	adc	r22, r22
    6136:	06 94       	lsr	r0
    6138:	a1 f7       	brne	.-24     	; 0x6122 <__ftoa_engine+0x90>
    613a:	05 90       	lpm	r0, Z+
    613c:	07 94       	ror	r0
    613e:	28 f4       	brcc	.+10     	; 0x614a <__ftoa_engine+0xb8>
    6140:	f8 0e       	add	r15, r24
    6142:	49 1f       	adc	r20, r25
    6144:	56 1f       	adc	r21, r22
    6146:	c7 1f       	adc	r28, r23
    6148:	d1 1d       	adc	r29, r1
    614a:	88 0f       	add	r24, r24
    614c:	99 1f       	adc	r25, r25
    614e:	66 1f       	adc	r22, r22
    6150:	77 1f       	adc	r23, r23
    6152:	06 94       	lsr	r0
    6154:	a1 f7       	brne	.-24     	; 0x613e <__ftoa_engine+0xac>
    6156:	05 90       	lpm	r0, Z+
    6158:	07 94       	ror	r0
    615a:	20 f4       	brcc	.+8      	; 0x6164 <__ftoa_engine+0xd2>
    615c:	49 0f       	add	r20, r25
    615e:	56 1f       	adc	r21, r22
    6160:	c7 1f       	adc	r28, r23
    6162:	d8 1f       	adc	r29, r24
    6164:	99 0f       	add	r25, r25
    6166:	66 1f       	adc	r22, r22
    6168:	77 1f       	adc	r23, r23
    616a:	88 1f       	adc	r24, r24
    616c:	06 94       	lsr	r0
    616e:	a9 f7       	brne	.-22     	; 0x615a <__ftoa_engine+0xc8>
    6170:	84 91       	lpm	r24, Z
    6172:	10 95       	com	r17
    6174:	17 70       	andi	r17, 0x07	; 7
    6176:	41 f0       	breq	.+16     	; 0x6188 <__ftoa_engine+0xf6>
    6178:	d6 95       	lsr	r29
    617a:	c7 95       	ror	r28
    617c:	57 95       	ror	r21
    617e:	47 95       	ror	r20
    6180:	f7 94       	ror	r15
    6182:	e7 94       	ror	r14
    6184:	1a 95       	dec	r17
    6186:	c1 f7       	brne	.-16     	; 0x6178 <__ftoa_engine+0xe6>
    6188:	ea e9       	ldi	r30, 0x9A	; 154
    618a:	f2 e0       	ldi	r31, 0x02	; 2
    618c:	68 94       	set
    618e:	15 90       	lpm	r1, Z+
    6190:	15 91       	lpm	r17, Z+
    6192:	35 91       	lpm	r19, Z+
    6194:	65 91       	lpm	r22, Z+
    6196:	95 91       	lpm	r25, Z+
    6198:	05 90       	lpm	r0, Z+
    619a:	7f e2       	ldi	r23, 0x2F	; 47
    619c:	73 95       	inc	r23
    619e:	e1 18       	sub	r14, r1
    61a0:	f1 0a       	sbc	r15, r17
    61a2:	43 0b       	sbc	r20, r19
    61a4:	56 0b       	sbc	r21, r22
    61a6:	c9 0b       	sbc	r28, r25
    61a8:	d0 09       	sbc	r29, r0
    61aa:	c0 f7       	brcc	.-16     	; 0x619c <__ftoa_engine+0x10a>
    61ac:	e1 0c       	add	r14, r1
    61ae:	f1 1e       	adc	r15, r17
    61b0:	43 1f       	adc	r20, r19
    61b2:	56 1f       	adc	r21, r22
    61b4:	c9 1f       	adc	r28, r25
    61b6:	d0 1d       	adc	r29, r0
    61b8:	7e f4       	brtc	.+30     	; 0x61d8 <__ftoa_engine+0x146>
    61ba:	70 33       	cpi	r23, 0x30	; 48
    61bc:	11 f4       	brne	.+4      	; 0x61c2 <__ftoa_engine+0x130>
    61be:	8a 95       	dec	r24
    61c0:	e6 cf       	rjmp	.-52     	; 0x618e <__ftoa_engine+0xfc>
    61c2:	e8 94       	clt
    61c4:	01 50       	subi	r16, 0x01	; 1
    61c6:	30 f0       	brcs	.+12     	; 0x61d4 <__ftoa_engine+0x142>
    61c8:	08 0f       	add	r16, r24
    61ca:	0a f4       	brpl	.+2      	; 0x61ce <__ftoa_engine+0x13c>
    61cc:	00 27       	eor	r16, r16
    61ce:	02 17       	cp	r16, r18
    61d0:	08 f4       	brcc	.+2      	; 0x61d4 <__ftoa_engine+0x142>
    61d2:	20 2f       	mov	r18, r16
    61d4:	23 95       	inc	r18
    61d6:	02 2f       	mov	r16, r18
    61d8:	7a 33       	cpi	r23, 0x3A	; 58
    61da:	28 f0       	brcs	.+10     	; 0x61e6 <__ftoa_engine+0x154>
    61dc:	79 e3       	ldi	r23, 0x39	; 57
    61de:	7d 93       	st	X+, r23
    61e0:	2a 95       	dec	r18
    61e2:	e9 f7       	brne	.-6      	; 0x61de <__ftoa_engine+0x14c>
    61e4:	10 c0       	rjmp	.+32     	; 0x6206 <__ftoa_engine+0x174>
    61e6:	7d 93       	st	X+, r23
    61e8:	2a 95       	dec	r18
    61ea:	89 f6       	brne	.-94     	; 0x618e <__ftoa_engine+0xfc>
    61ec:	06 94       	lsr	r0
    61ee:	97 95       	ror	r25
    61f0:	67 95       	ror	r22
    61f2:	37 95       	ror	r19
    61f4:	17 95       	ror	r17
    61f6:	17 94       	ror	r1
    61f8:	e1 18       	sub	r14, r1
    61fa:	f1 0a       	sbc	r15, r17
    61fc:	43 0b       	sbc	r20, r19
    61fe:	56 0b       	sbc	r21, r22
    6200:	c9 0b       	sbc	r28, r25
    6202:	d0 09       	sbc	r29, r0
    6204:	98 f0       	brcs	.+38     	; 0x622c <__ftoa_engine+0x19a>
    6206:	23 95       	inc	r18
    6208:	7e 91       	ld	r23, -X
    620a:	73 95       	inc	r23
    620c:	7a 33       	cpi	r23, 0x3A	; 58
    620e:	08 f0       	brcs	.+2      	; 0x6212 <__ftoa_engine+0x180>
    6210:	70 e3       	ldi	r23, 0x30	; 48
    6212:	7c 93       	st	X, r23
    6214:	20 13       	cpse	r18, r16
    6216:	b8 f7       	brcc	.-18     	; 0x6206 <__ftoa_engine+0x174>
    6218:	7e 91       	ld	r23, -X
    621a:	70 61       	ori	r23, 0x10	; 16
    621c:	7d 93       	st	X+, r23
    621e:	30 f0       	brcs	.+12     	; 0x622c <__ftoa_engine+0x19a>
    6220:	83 95       	inc	r24
    6222:	71 e3       	ldi	r23, 0x31	; 49
    6224:	7d 93       	st	X+, r23
    6226:	70 e3       	ldi	r23, 0x30	; 48
    6228:	2a 95       	dec	r18
    622a:	e1 f7       	brne	.-8      	; 0x6224 <__ftoa_engine+0x192>
    622c:	11 24       	eor	r1, r1
    622e:	ef 90       	pop	r14
    6230:	ff 90       	pop	r15
    6232:	0f 91       	pop	r16
    6234:	1f 91       	pop	r17
    6236:	cf 91       	pop	r28
    6238:	df 91       	pop	r29
    623a:	99 27       	eor	r25, r25
    623c:	87 fd       	sbrc	r24, 7
    623e:	90 95       	com	r25
    6240:	08 95       	ret

00006242 <strnlen_P>:
    6242:	fc 01       	movw	r30, r24
    6244:	05 90       	lpm	r0, Z+
    6246:	61 50       	subi	r22, 0x01	; 1
    6248:	70 40       	sbci	r23, 0x00	; 0
    624a:	01 10       	cpse	r0, r1
    624c:	d8 f7       	brcc	.-10     	; 0x6244 <strnlen_P+0x2>
    624e:	80 95       	com	r24
    6250:	90 95       	com	r25
    6252:	8e 0f       	add	r24, r30
    6254:	9f 1f       	adc	r25, r31
    6256:	08 95       	ret

00006258 <memcpy>:
    6258:	fb 01       	movw	r30, r22
    625a:	dc 01       	movw	r26, r24
    625c:	02 c0       	rjmp	.+4      	; 0x6262 <memcpy+0xa>
    625e:	01 90       	ld	r0, Z+
    6260:	0d 92       	st	X+, r0
    6262:	41 50       	subi	r20, 0x01	; 1
    6264:	50 40       	sbci	r21, 0x00	; 0
    6266:	d8 f7       	brcc	.-10     	; 0x625e <memcpy+0x6>
    6268:	08 95       	ret

0000626a <memset>:
    626a:	dc 01       	movw	r26, r24
    626c:	01 c0       	rjmp	.+2      	; 0x6270 <memset+0x6>
    626e:	6d 93       	st	X+, r22
    6270:	41 50       	subi	r20, 0x01	; 1
    6272:	50 40       	sbci	r21, 0x00	; 0
    6274:	e0 f7       	brcc	.-8      	; 0x626e <memset+0x4>
    6276:	08 95       	ret

00006278 <strcmp>:
    6278:	fb 01       	movw	r30, r22
    627a:	dc 01       	movw	r26, r24
    627c:	8d 91       	ld	r24, X+
    627e:	01 90       	ld	r0, Z+
    6280:	80 19       	sub	r24, r0
    6282:	01 10       	cpse	r0, r1
    6284:	d9 f3       	breq	.-10     	; 0x627c <strcmp+0x4>
    6286:	99 0b       	sbc	r25, r25
    6288:	08 95       	ret

0000628a <strcpy>:
    628a:	fb 01       	movw	r30, r22
    628c:	dc 01       	movw	r26, r24
    628e:	01 90       	ld	r0, Z+
    6290:	0d 92       	st	X+, r0
    6292:	00 20       	and	r0, r0
    6294:	e1 f7       	brne	.-8      	; 0x628e <strcpy+0x4>
    6296:	08 95       	ret

00006298 <strlen>:
    6298:	fc 01       	movw	r30, r24
    629a:	01 90       	ld	r0, Z+
    629c:	00 20       	and	r0, r0
    629e:	e9 f7       	brne	.-6      	; 0x629a <strlen+0x2>
    62a0:	80 95       	com	r24
    62a2:	90 95       	com	r25
    62a4:	8e 0f       	add	r24, r30
    62a6:	9f 1f       	adc	r25, r31
    62a8:	08 95       	ret

000062aa <strnlen>:
    62aa:	fc 01       	movw	r30, r24
    62ac:	61 50       	subi	r22, 0x01	; 1
    62ae:	70 40       	sbci	r23, 0x00	; 0
    62b0:	01 90       	ld	r0, Z+
    62b2:	01 10       	cpse	r0, r1
    62b4:	d8 f7       	brcc	.-10     	; 0x62ac <strnlen+0x2>
    62b6:	80 95       	com	r24
    62b8:	90 95       	com	r25
    62ba:	8e 0f       	add	r24, r30
    62bc:	9f 1f       	adc	r25, r31
    62be:	08 95       	ret

000062c0 <fputc>:
    62c0:	0f 93       	push	r16
    62c2:	1f 93       	push	r17
    62c4:	cf 93       	push	r28
    62c6:	df 93       	push	r29
    62c8:	fb 01       	movw	r30, r22
    62ca:	23 81       	ldd	r18, Z+3	; 0x03
    62cc:	21 fd       	sbrc	r18, 1
    62ce:	03 c0       	rjmp	.+6      	; 0x62d6 <fputc+0x16>
    62d0:	8f ef       	ldi	r24, 0xFF	; 255
    62d2:	9f ef       	ldi	r25, 0xFF	; 255
    62d4:	2c c0       	rjmp	.+88     	; 0x632e <fputc+0x6e>
    62d6:	22 ff       	sbrs	r18, 2
    62d8:	16 c0       	rjmp	.+44     	; 0x6306 <fputc+0x46>
    62da:	46 81       	ldd	r20, Z+6	; 0x06
    62dc:	57 81       	ldd	r21, Z+7	; 0x07
    62de:	24 81       	ldd	r18, Z+4	; 0x04
    62e0:	35 81       	ldd	r19, Z+5	; 0x05
    62e2:	42 17       	cp	r20, r18
    62e4:	53 07       	cpc	r21, r19
    62e6:	44 f4       	brge	.+16     	; 0x62f8 <fputc+0x38>
    62e8:	a0 81       	ld	r26, Z
    62ea:	b1 81       	ldd	r27, Z+1	; 0x01
    62ec:	9d 01       	movw	r18, r26
    62ee:	2f 5f       	subi	r18, 0xFF	; 255
    62f0:	3f 4f       	sbci	r19, 0xFF	; 255
    62f2:	20 83       	st	Z, r18
    62f4:	31 83       	std	Z+1, r19	; 0x01
    62f6:	8c 93       	st	X, r24
    62f8:	26 81       	ldd	r18, Z+6	; 0x06
    62fa:	37 81       	ldd	r19, Z+7	; 0x07
    62fc:	2f 5f       	subi	r18, 0xFF	; 255
    62fe:	3f 4f       	sbci	r19, 0xFF	; 255
    6300:	26 83       	std	Z+6, r18	; 0x06
    6302:	37 83       	std	Z+7, r19	; 0x07
    6304:	14 c0       	rjmp	.+40     	; 0x632e <fputc+0x6e>
    6306:	8b 01       	movw	r16, r22
    6308:	ec 01       	movw	r28, r24
    630a:	fb 01       	movw	r30, r22
    630c:	00 84       	ldd	r0, Z+8	; 0x08
    630e:	f1 85       	ldd	r31, Z+9	; 0x09
    6310:	e0 2d       	mov	r30, r0
    6312:	19 95       	eicall
    6314:	89 2b       	or	r24, r25
    6316:	e1 f6       	brne	.-72     	; 0x62d0 <fputc+0x10>
    6318:	d8 01       	movw	r26, r16
    631a:	16 96       	adiw	r26, 0x06	; 6
    631c:	8d 91       	ld	r24, X+
    631e:	9c 91       	ld	r25, X
    6320:	17 97       	sbiw	r26, 0x07	; 7
    6322:	01 96       	adiw	r24, 0x01	; 1
    6324:	16 96       	adiw	r26, 0x06	; 6
    6326:	8d 93       	st	X+, r24
    6328:	9c 93       	st	X, r25
    632a:	17 97       	sbiw	r26, 0x07	; 7
    632c:	ce 01       	movw	r24, r28
    632e:	df 91       	pop	r29
    6330:	cf 91       	pop	r28
    6332:	1f 91       	pop	r17
    6334:	0f 91       	pop	r16
    6336:	08 95       	ret

00006338 <printf>:
    6338:	cf 93       	push	r28
    633a:	df 93       	push	r29
    633c:	cd b7       	in	r28, 0x3d	; 61
    633e:	de b7       	in	r29, 0x3e	; 62
    6340:	ae 01       	movw	r20, r28
    6342:	4a 5f       	subi	r20, 0xFA	; 250
    6344:	5f 4f       	sbci	r21, 0xFF	; 255
    6346:	fa 01       	movw	r30, r20
    6348:	61 91       	ld	r22, Z+
    634a:	71 91       	ld	r23, Z+
    634c:	af 01       	movw	r20, r30
    634e:	80 91 2b 24 	lds	r24, 0x242B	; 0x80242b <__iob+0x2>
    6352:	90 91 2c 24 	lds	r25, 0x242C	; 0x80242c <__iob+0x3>
    6356:	0e 94 2f 2b 	call	0x565e	; 0x565e <vfprintf>
    635a:	df 91       	pop	r29
    635c:	cf 91       	pop	r28
    635e:	08 95       	ret

00006360 <scanf>:
    6360:	cf 93       	push	r28
    6362:	df 93       	push	r29
    6364:	cd b7       	in	r28, 0x3d	; 61
    6366:	de b7       	in	r29, 0x3e	; 62
    6368:	ae 01       	movw	r20, r28
    636a:	4a 5f       	subi	r20, 0xFA	; 250
    636c:	5f 4f       	sbci	r21, 0xFF	; 255
    636e:	fa 01       	movw	r30, r20
    6370:	61 91       	ld	r22, Z+
    6372:	71 91       	ld	r23, Z+
    6374:	af 01       	movw	r20, r30
    6376:	80 91 29 24 	lds	r24, 0x2429	; 0x802429 <__iob>
    637a:	90 91 2a 24 	lds	r25, 0x242A	; 0x80242a <__iob+0x1>
    637e:	0e 94 04 34 	call	0x6808	; 0x6808 <vfscanf>
    6382:	df 91       	pop	r29
    6384:	cf 91       	pop	r28
    6386:	08 95       	ret

00006388 <sprintf>:
    6388:	0f 93       	push	r16
    638a:	1f 93       	push	r17
    638c:	cf 93       	push	r28
    638e:	df 93       	push	r29
    6390:	cd b7       	in	r28, 0x3d	; 61
    6392:	de b7       	in	r29, 0x3e	; 62
    6394:	2e 97       	sbiw	r28, 0x0e	; 14
    6396:	cd bf       	out	0x3d, r28	; 61
    6398:	de bf       	out	0x3e, r29	; 62
    639a:	0e 89       	ldd	r16, Y+22	; 0x16
    639c:	1f 89       	ldd	r17, Y+23	; 0x17
    639e:	86 e0       	ldi	r24, 0x06	; 6
    63a0:	8c 83       	std	Y+4, r24	; 0x04
    63a2:	09 83       	std	Y+1, r16	; 0x01
    63a4:	1a 83       	std	Y+2, r17	; 0x02
    63a6:	8f ef       	ldi	r24, 0xFF	; 255
    63a8:	9f e7       	ldi	r25, 0x7F	; 127
    63aa:	8d 83       	std	Y+5, r24	; 0x05
    63ac:	9e 83       	std	Y+6, r25	; 0x06
    63ae:	ae 01       	movw	r20, r28
    63b0:	46 5e       	subi	r20, 0xE6	; 230
    63b2:	5f 4f       	sbci	r21, 0xFF	; 255
    63b4:	68 8d       	ldd	r22, Y+24	; 0x18
    63b6:	79 8d       	ldd	r23, Y+25	; 0x19
    63b8:	ce 01       	movw	r24, r28
    63ba:	01 96       	adiw	r24, 0x01	; 1
    63bc:	0e 94 2f 2b 	call	0x565e	; 0x565e <vfprintf>
    63c0:	ef 81       	ldd	r30, Y+7	; 0x07
    63c2:	f8 85       	ldd	r31, Y+8	; 0x08
    63c4:	e0 0f       	add	r30, r16
    63c6:	f1 1f       	adc	r31, r17
    63c8:	10 82       	st	Z, r1
    63ca:	2e 96       	adiw	r28, 0x0e	; 14
    63cc:	cd bf       	out	0x3d, r28	; 61
    63ce:	de bf       	out	0x3e, r29	; 62
    63d0:	df 91       	pop	r29
    63d2:	cf 91       	pop	r28
    63d4:	1f 91       	pop	r17
    63d6:	0f 91       	pop	r16
    63d8:	08 95       	ret

000063da <__ultoa_invert>:
    63da:	fa 01       	movw	r30, r20
    63dc:	aa 27       	eor	r26, r26
    63de:	28 30       	cpi	r18, 0x08	; 8
    63e0:	51 f1       	breq	.+84     	; 0x6436 <__ultoa_invert+0x5c>
    63e2:	20 31       	cpi	r18, 0x10	; 16
    63e4:	81 f1       	breq	.+96     	; 0x6446 <__ultoa_invert+0x6c>
    63e6:	e8 94       	clt
    63e8:	6f 93       	push	r22
    63ea:	6e 7f       	andi	r22, 0xFE	; 254
    63ec:	6e 5f       	subi	r22, 0xFE	; 254
    63ee:	7f 4f       	sbci	r23, 0xFF	; 255
    63f0:	8f 4f       	sbci	r24, 0xFF	; 255
    63f2:	9f 4f       	sbci	r25, 0xFF	; 255
    63f4:	af 4f       	sbci	r26, 0xFF	; 255
    63f6:	b1 e0       	ldi	r27, 0x01	; 1
    63f8:	3e d0       	rcall	.+124    	; 0x6476 <__ultoa_invert+0x9c>
    63fa:	b4 e0       	ldi	r27, 0x04	; 4
    63fc:	3c d0       	rcall	.+120    	; 0x6476 <__ultoa_invert+0x9c>
    63fe:	67 0f       	add	r22, r23
    6400:	78 1f       	adc	r23, r24
    6402:	89 1f       	adc	r24, r25
    6404:	9a 1f       	adc	r25, r26
    6406:	a1 1d       	adc	r26, r1
    6408:	68 0f       	add	r22, r24
    640a:	79 1f       	adc	r23, r25
    640c:	8a 1f       	adc	r24, r26
    640e:	91 1d       	adc	r25, r1
    6410:	a1 1d       	adc	r26, r1
    6412:	6a 0f       	add	r22, r26
    6414:	71 1d       	adc	r23, r1
    6416:	81 1d       	adc	r24, r1
    6418:	91 1d       	adc	r25, r1
    641a:	a1 1d       	adc	r26, r1
    641c:	20 d0       	rcall	.+64     	; 0x645e <__ultoa_invert+0x84>
    641e:	09 f4       	brne	.+2      	; 0x6422 <__ultoa_invert+0x48>
    6420:	68 94       	set
    6422:	3f 91       	pop	r19
    6424:	2a e0       	ldi	r18, 0x0A	; 10
    6426:	26 9f       	mul	r18, r22
    6428:	11 24       	eor	r1, r1
    642a:	30 19       	sub	r19, r0
    642c:	30 5d       	subi	r19, 0xD0	; 208
    642e:	31 93       	st	Z+, r19
    6430:	de f6       	brtc	.-74     	; 0x63e8 <__ultoa_invert+0xe>
    6432:	cf 01       	movw	r24, r30
    6434:	08 95       	ret
    6436:	46 2f       	mov	r20, r22
    6438:	47 70       	andi	r20, 0x07	; 7
    643a:	40 5d       	subi	r20, 0xD0	; 208
    643c:	41 93       	st	Z+, r20
    643e:	b3 e0       	ldi	r27, 0x03	; 3
    6440:	0f d0       	rcall	.+30     	; 0x6460 <__ultoa_invert+0x86>
    6442:	c9 f7       	brne	.-14     	; 0x6436 <__ultoa_invert+0x5c>
    6444:	f6 cf       	rjmp	.-20     	; 0x6432 <__ultoa_invert+0x58>
    6446:	46 2f       	mov	r20, r22
    6448:	4f 70       	andi	r20, 0x0F	; 15
    644a:	40 5d       	subi	r20, 0xD0	; 208
    644c:	4a 33       	cpi	r20, 0x3A	; 58
    644e:	18 f0       	brcs	.+6      	; 0x6456 <__ultoa_invert+0x7c>
    6450:	49 5d       	subi	r20, 0xD9	; 217
    6452:	31 fd       	sbrc	r19, 1
    6454:	40 52       	subi	r20, 0x20	; 32
    6456:	41 93       	st	Z+, r20
    6458:	02 d0       	rcall	.+4      	; 0x645e <__ultoa_invert+0x84>
    645a:	a9 f7       	brne	.-22     	; 0x6446 <__ultoa_invert+0x6c>
    645c:	ea cf       	rjmp	.-44     	; 0x6432 <__ultoa_invert+0x58>
    645e:	b4 e0       	ldi	r27, 0x04	; 4
    6460:	a6 95       	lsr	r26
    6462:	97 95       	ror	r25
    6464:	87 95       	ror	r24
    6466:	77 95       	ror	r23
    6468:	67 95       	ror	r22
    646a:	ba 95       	dec	r27
    646c:	c9 f7       	brne	.-14     	; 0x6460 <__ultoa_invert+0x86>
    646e:	00 97       	sbiw	r24, 0x00	; 0
    6470:	61 05       	cpc	r22, r1
    6472:	71 05       	cpc	r23, r1
    6474:	08 95       	ret
    6476:	9b 01       	movw	r18, r22
    6478:	ac 01       	movw	r20, r24
    647a:	0a 2e       	mov	r0, r26
    647c:	06 94       	lsr	r0
    647e:	57 95       	ror	r21
    6480:	47 95       	ror	r20
    6482:	37 95       	ror	r19
    6484:	27 95       	ror	r18
    6486:	ba 95       	dec	r27
    6488:	c9 f7       	brne	.-14     	; 0x647c <__ultoa_invert+0xa2>
    648a:	62 0f       	add	r22, r18
    648c:	73 1f       	adc	r23, r19
    648e:	84 1f       	adc	r24, r20
    6490:	95 1f       	adc	r25, r21
    6492:	a0 1d       	adc	r26, r0
    6494:	08 95       	ret

00006496 <putval>:
    6496:	20 fd       	sbrc	r18, 0
    6498:	09 c0       	rjmp	.+18     	; 0x64ac <putval+0x16>
    649a:	fc 01       	movw	r30, r24
    649c:	23 fd       	sbrc	r18, 3
    649e:	05 c0       	rjmp	.+10     	; 0x64aa <putval+0x14>
    64a0:	22 ff       	sbrs	r18, 2
    64a2:	02 c0       	rjmp	.+4      	; 0x64a8 <putval+0x12>
    64a4:	73 83       	std	Z+3, r23	; 0x03
    64a6:	62 83       	std	Z+2, r22	; 0x02
    64a8:	51 83       	std	Z+1, r21	; 0x01
    64aa:	40 83       	st	Z, r20
    64ac:	08 95       	ret

000064ae <mulacc>:
    64ae:	44 fd       	sbrc	r20, 4
    64b0:	17 c0       	rjmp	.+46     	; 0x64e0 <mulacc+0x32>
    64b2:	46 fd       	sbrc	r20, 6
    64b4:	17 c0       	rjmp	.+46     	; 0x64e4 <mulacc+0x36>
    64b6:	ab 01       	movw	r20, r22
    64b8:	bc 01       	movw	r22, r24
    64ba:	da 01       	movw	r26, r20
    64bc:	fb 01       	movw	r30, r22
    64be:	aa 0f       	add	r26, r26
    64c0:	bb 1f       	adc	r27, r27
    64c2:	ee 1f       	adc	r30, r30
    64c4:	ff 1f       	adc	r31, r31
    64c6:	10 94       	com	r1
    64c8:	d1 f7       	brne	.-12     	; 0x64be <mulacc+0x10>
    64ca:	4a 0f       	add	r20, r26
    64cc:	5b 1f       	adc	r21, r27
    64ce:	6e 1f       	adc	r22, r30
    64d0:	7f 1f       	adc	r23, r31
    64d2:	cb 01       	movw	r24, r22
    64d4:	ba 01       	movw	r22, r20
    64d6:	66 0f       	add	r22, r22
    64d8:	77 1f       	adc	r23, r23
    64da:	88 1f       	adc	r24, r24
    64dc:	99 1f       	adc	r25, r25
    64de:	09 c0       	rjmp	.+18     	; 0x64f2 <mulacc+0x44>
    64e0:	33 e0       	ldi	r19, 0x03	; 3
    64e2:	01 c0       	rjmp	.+2      	; 0x64e6 <mulacc+0x38>
    64e4:	34 e0       	ldi	r19, 0x04	; 4
    64e6:	66 0f       	add	r22, r22
    64e8:	77 1f       	adc	r23, r23
    64ea:	88 1f       	adc	r24, r24
    64ec:	99 1f       	adc	r25, r25
    64ee:	31 50       	subi	r19, 0x01	; 1
    64f0:	d1 f7       	brne	.-12     	; 0x64e6 <mulacc+0x38>
    64f2:	62 0f       	add	r22, r18
    64f4:	71 1d       	adc	r23, r1
    64f6:	81 1d       	adc	r24, r1
    64f8:	91 1d       	adc	r25, r1
    64fa:	08 95       	ret

000064fc <skip_spaces>:
    64fc:	0f 93       	push	r16
    64fe:	1f 93       	push	r17
    6500:	cf 93       	push	r28
    6502:	df 93       	push	r29
    6504:	8c 01       	movw	r16, r24
    6506:	c8 01       	movw	r24, r16
    6508:	0e 94 3d 35 	call	0x6a7a	; 0x6a7a <fgetc>
    650c:	ec 01       	movw	r28, r24
    650e:	97 fd       	sbrc	r25, 7
    6510:	08 c0       	rjmp	.+16     	; 0x6522 <skip_spaces+0x26>
    6512:	0e 94 29 35 	call	0x6a52	; 0x6a52 <isspace>
    6516:	89 2b       	or	r24, r25
    6518:	b1 f7       	brne	.-20     	; 0x6506 <skip_spaces+0xa>
    651a:	b8 01       	movw	r22, r16
    651c:	ce 01       	movw	r24, r28
    651e:	0e 94 7b 35 	call	0x6af6	; 0x6af6 <ungetc>
    6522:	ce 01       	movw	r24, r28
    6524:	df 91       	pop	r29
    6526:	cf 91       	pop	r28
    6528:	1f 91       	pop	r17
    652a:	0f 91       	pop	r16
    652c:	08 95       	ret

0000652e <conv_int>:
    652e:	8f 92       	push	r8
    6530:	9f 92       	push	r9
    6532:	af 92       	push	r10
    6534:	bf 92       	push	r11
    6536:	ef 92       	push	r14
    6538:	ff 92       	push	r15
    653a:	0f 93       	push	r16
    653c:	1f 93       	push	r17
    653e:	cf 93       	push	r28
    6540:	df 93       	push	r29
    6542:	8c 01       	movw	r16, r24
    6544:	d6 2f       	mov	r29, r22
    6546:	7a 01       	movw	r14, r20
    6548:	b2 2e       	mov	r11, r18
    654a:	0e 94 3d 35 	call	0x6a7a	; 0x6a7a <fgetc>
    654e:	9c 01       	movw	r18, r24
    6550:	33 27       	eor	r19, r19
    6552:	2b 32       	cpi	r18, 0x2B	; 43
    6554:	31 05       	cpc	r19, r1
    6556:	31 f0       	breq	.+12     	; 0x6564 <conv_int+0x36>
    6558:	2d 32       	cpi	r18, 0x2D	; 45
    655a:	31 05       	cpc	r19, r1
    655c:	61 f4       	brne	.+24     	; 0x6576 <conv_int+0x48>
    655e:	8b 2d       	mov	r24, r11
    6560:	80 68       	ori	r24, 0x80	; 128
    6562:	b8 2e       	mov	r11, r24
    6564:	d1 50       	subi	r29, 0x01	; 1
    6566:	11 f4       	brne	.+4      	; 0x656c <conv_int+0x3e>
    6568:	80 e0       	ldi	r24, 0x00	; 0
    656a:	68 c0       	rjmp	.+208    	; 0x663c <conv_int+0x10e>
    656c:	c8 01       	movw	r24, r16
    656e:	0e 94 3d 35 	call	0x6a7a	; 0x6a7a <fgetc>
    6572:	97 fd       	sbrc	r25, 7
    6574:	f9 cf       	rjmp	.-14     	; 0x6568 <conv_int+0x3a>
    6576:	cb 2d       	mov	r28, r11
    6578:	cd 7f       	andi	r28, 0xFD	; 253
    657a:	2b 2d       	mov	r18, r11
    657c:	20 73       	andi	r18, 0x30	; 48
    657e:	09 f5       	brne	.+66     	; 0x65c2 <conv_int+0x94>
    6580:	80 33       	cpi	r24, 0x30	; 48
    6582:	f9 f4       	brne	.+62     	; 0x65c2 <conv_int+0x94>
    6584:	aa 24       	eor	r10, r10
    6586:	aa 94       	dec	r10
    6588:	ad 0e       	add	r10, r29
    658a:	09 f4       	brne	.+2      	; 0x658e <conv_int+0x60>
    658c:	43 c0       	rjmp	.+134    	; 0x6614 <conv_int+0xe6>
    658e:	c8 01       	movw	r24, r16
    6590:	0e 94 3d 35 	call	0x6a7a	; 0x6a7a <fgetc>
    6594:	97 fd       	sbrc	r25, 7
    6596:	3e c0       	rjmp	.+124    	; 0x6614 <conv_int+0xe6>
    6598:	9c 01       	movw	r18, r24
    659a:	2f 7d       	andi	r18, 0xDF	; 223
    659c:	33 27       	eor	r19, r19
    659e:	28 35       	cpi	r18, 0x58	; 88
    65a0:	31 05       	cpc	r19, r1
    65a2:	49 f4       	brne	.+18     	; 0x65b6 <conv_int+0x88>
    65a4:	c2 64       	ori	r28, 0x42	; 66
    65a6:	d2 50       	subi	r29, 0x02	; 2
    65a8:	a9 f1       	breq	.+106    	; 0x6614 <conv_int+0xe6>
    65aa:	c8 01       	movw	r24, r16
    65ac:	0e 94 3d 35 	call	0x6a7a	; 0x6a7a <fgetc>
    65b0:	97 ff       	sbrs	r25, 7
    65b2:	07 c0       	rjmp	.+14     	; 0x65c2 <conv_int+0x94>
    65b4:	2f c0       	rjmp	.+94     	; 0x6614 <conv_int+0xe6>
    65b6:	b6 fe       	sbrs	r11, 6
    65b8:	02 c0       	rjmp	.+4      	; 0x65be <conv_int+0x90>
    65ba:	c2 60       	ori	r28, 0x02	; 2
    65bc:	01 c0       	rjmp	.+2      	; 0x65c0 <conv_int+0x92>
    65be:	c2 61       	ori	r28, 0x12	; 18
    65c0:	da 2d       	mov	r29, r10
    65c2:	81 2c       	mov	r8, r1
    65c4:	91 2c       	mov	r9, r1
    65c6:	54 01       	movw	r10, r8
    65c8:	20 ed       	ldi	r18, 0xD0	; 208
    65ca:	28 0f       	add	r18, r24
    65cc:	28 30       	cpi	r18, 0x08	; 8
    65ce:	80 f0       	brcs	.+32     	; 0x65f0 <conv_int+0xc2>
    65d0:	c4 ff       	sbrs	r28, 4
    65d2:	04 c0       	rjmp	.+8      	; 0x65dc <conv_int+0xae>
    65d4:	b8 01       	movw	r22, r16
    65d6:	0e 94 7b 35 	call	0x6af6	; 0x6af6 <ungetc>
    65da:	19 c0       	rjmp	.+50     	; 0x660e <conv_int+0xe0>
    65dc:	2a 30       	cpi	r18, 0x0A	; 10
    65de:	40 f0       	brcs	.+16     	; 0x65f0 <conv_int+0xc2>
    65e0:	c6 ff       	sbrs	r28, 6
    65e2:	f8 cf       	rjmp	.-16     	; 0x65d4 <conv_int+0xa6>
    65e4:	2f 7d       	andi	r18, 0xDF	; 223
    65e6:	3f ee       	ldi	r19, 0xEF	; 239
    65e8:	32 0f       	add	r19, r18
    65ea:	36 30       	cpi	r19, 0x06	; 6
    65ec:	98 f7       	brcc	.-26     	; 0x65d4 <conv_int+0xa6>
    65ee:	27 50       	subi	r18, 0x07	; 7
    65f0:	4c 2f       	mov	r20, r28
    65f2:	c5 01       	movw	r24, r10
    65f4:	b4 01       	movw	r22, r8
    65f6:	0e 94 57 32 	call	0x64ae	; 0x64ae <mulacc>
    65fa:	4b 01       	movw	r8, r22
    65fc:	5c 01       	movw	r10, r24
    65fe:	c2 60       	ori	r28, 0x02	; 2
    6600:	d1 50       	subi	r29, 0x01	; 1
    6602:	59 f0       	breq	.+22     	; 0x661a <conv_int+0xec>
    6604:	c8 01       	movw	r24, r16
    6606:	0e 94 3d 35 	call	0x6a7a	; 0x6a7a <fgetc>
    660a:	97 ff       	sbrs	r25, 7
    660c:	dd cf       	rjmp	.-70     	; 0x65c8 <conv_int+0x9a>
    660e:	c1 fd       	sbrc	r28, 1
    6610:	04 c0       	rjmp	.+8      	; 0x661a <conv_int+0xec>
    6612:	aa cf       	rjmp	.-172    	; 0x6568 <conv_int+0x3a>
    6614:	81 2c       	mov	r8, r1
    6616:	91 2c       	mov	r9, r1
    6618:	54 01       	movw	r10, r8
    661a:	c7 ff       	sbrs	r28, 7
    661c:	08 c0       	rjmp	.+16     	; 0x662e <conv_int+0x100>
    661e:	b0 94       	com	r11
    6620:	a0 94       	com	r10
    6622:	90 94       	com	r9
    6624:	80 94       	com	r8
    6626:	81 1c       	adc	r8, r1
    6628:	91 1c       	adc	r9, r1
    662a:	a1 1c       	adc	r10, r1
    662c:	b1 1c       	adc	r11, r1
    662e:	2c 2f       	mov	r18, r28
    6630:	b5 01       	movw	r22, r10
    6632:	a4 01       	movw	r20, r8
    6634:	c7 01       	movw	r24, r14
    6636:	0e 94 4b 32 	call	0x6496	; 0x6496 <putval>
    663a:	81 e0       	ldi	r24, 0x01	; 1
    663c:	df 91       	pop	r29
    663e:	cf 91       	pop	r28
    6640:	1f 91       	pop	r17
    6642:	0f 91       	pop	r16
    6644:	ff 90       	pop	r15
    6646:	ef 90       	pop	r14
    6648:	bf 90       	pop	r11
    664a:	af 90       	pop	r10
    664c:	9f 90       	pop	r9
    664e:	8f 90       	pop	r8
    6650:	08 95       	ret

00006652 <conv_brk>:
    6652:	5f 92       	push	r5
    6654:	6f 92       	push	r6
    6656:	7f 92       	push	r7
    6658:	8f 92       	push	r8
    665a:	9f 92       	push	r9
    665c:	af 92       	push	r10
    665e:	bf 92       	push	r11
    6660:	cf 92       	push	r12
    6662:	df 92       	push	r13
    6664:	ef 92       	push	r14
    6666:	ff 92       	push	r15
    6668:	0f 93       	push	r16
    666a:	1f 93       	push	r17
    666c:	cf 93       	push	r28
    666e:	df 93       	push	r29
    6670:	cd b7       	in	r28, 0x3d	; 61
    6672:	de b7       	in	r29, 0x3e	; 62
    6674:	a0 97       	sbiw	r28, 0x20	; 32
    6676:	cd bf       	out	0x3d, r28	; 61
    6678:	de bf       	out	0x3e, r29	; 62
    667a:	5c 01       	movw	r10, r24
    667c:	96 2e       	mov	r9, r22
    667e:	7a 01       	movw	r14, r20
    6680:	f9 01       	movw	r30, r18
    6682:	8e 01       	movw	r16, r28
    6684:	0f 5f       	subi	r16, 0xFF	; 255
    6686:	1f 4f       	sbci	r17, 0xFF	; 255
    6688:	68 01       	movw	r12, r16
    668a:	80 e2       	ldi	r24, 0x20	; 32
    668c:	d8 01       	movw	r26, r16
    668e:	1d 92       	st	X+, r1
    6690:	8a 95       	dec	r24
    6692:	e9 f7       	brne	.-6      	; 0x668e <conv_brk+0x3c>
    6694:	d5 01       	movw	r26, r10
    6696:	13 96       	adiw	r26, 0x03	; 3
    6698:	8c 90       	ld	r8, X
    669a:	80 e0       	ldi	r24, 0x00	; 0
    669c:	90 e0       	ldi	r25, 0x00	; 0
    669e:	61 2c       	mov	r6, r1
    66a0:	71 2c       	mov	r7, r1
    66a2:	30 e0       	ldi	r19, 0x00	; 0
    66a4:	61 e0       	ldi	r22, 0x01	; 1
    66a6:	70 e0       	ldi	r23, 0x00	; 0
    66a8:	83 fc       	sbrc	r8, 3
    66aa:	25 91       	lpm	r18, Z+
    66ac:	83 fe       	sbrs	r8, 3
    66ae:	21 91       	ld	r18, Z+
    66b0:	8f 01       	movw	r16, r30
    66b2:	52 2e       	mov	r5, r18
    66b4:	21 11       	cpse	r18, r1
    66b6:	03 c0       	rjmp	.+6      	; 0x66be <conv_brk+0x6c>
    66b8:	80 e0       	ldi	r24, 0x00	; 0
    66ba:	90 e0       	ldi	r25, 0x00	; 0
    66bc:	92 c0       	rjmp	.+292    	; 0x67e2 <conv_brk+0x190>
    66be:	2e 35       	cpi	r18, 0x5E	; 94
    66c0:	11 f4       	brne	.+4      	; 0x66c6 <conv_brk+0x74>
    66c2:	00 97       	sbiw	r24, 0x00	; 0
    66c4:	51 f1       	breq	.+84     	; 0x671a <conv_brk+0xc8>
    66c6:	43 2f       	mov	r20, r19
    66c8:	50 e0       	ldi	r21, 0x00	; 0
    66ca:	48 17       	cp	r20, r24
    66cc:	59 07       	cpc	r21, r25
    66ce:	3c f4       	brge	.+14     	; 0x66de <conv_brk+0x8c>
    66d0:	2d 35       	cpi	r18, 0x5D	; 93
    66d2:	59 f1       	breq	.+86     	; 0x672a <conv_brk+0xd8>
    66d4:	2d 32       	cpi	r18, 0x2D	; 45
    66d6:	19 f4       	brne	.+6      	; 0x66de <conv_brk+0x8c>
    66d8:	77 20       	and	r7, r7
    66da:	09 f1       	breq	.+66     	; 0x671e <conv_brk+0xcc>
    66dc:	03 c0       	rjmp	.+6      	; 0x66e4 <conv_brk+0x92>
    66de:	77 20       	and	r7, r7
    66e0:	09 f4       	brne	.+2      	; 0x66e4 <conv_brk+0x92>
    66e2:	6a c0       	rjmp	.+212    	; 0x67b8 <conv_brk+0x166>
    66e4:	45 2d       	mov	r20, r5
    66e6:	46 95       	lsr	r20
    66e8:	46 95       	lsr	r20
    66ea:	46 95       	lsr	r20
    66ec:	d6 01       	movw	r26, r12
    66ee:	a4 0f       	add	r26, r20
    66f0:	b1 1d       	adc	r27, r1
    66f2:	45 2d       	mov	r20, r5
    66f4:	47 70       	andi	r20, 0x07	; 7
    66f6:	8b 01       	movw	r16, r22
    66f8:	02 c0       	rjmp	.+4      	; 0x66fe <conv_brk+0xac>
    66fa:	00 0f       	add	r16, r16
    66fc:	11 1f       	adc	r17, r17
    66fe:	4a 95       	dec	r20
    6700:	e2 f7       	brpl	.-8      	; 0x66fa <conv_brk+0xa8>
    6702:	a8 01       	movw	r20, r16
    6704:	5c 91       	ld	r21, X
    6706:	45 2b       	or	r20, r21
    6708:	4c 93       	st	X, r20
    670a:	65 14       	cp	r6, r5
    670c:	59 f0       	breq	.+22     	; 0x6724 <conv_brk+0xd2>
    670e:	56 14       	cp	r5, r6
    6710:	10 f4       	brcc	.+4      	; 0x6716 <conv_brk+0xc4>
    6712:	53 94       	inc	r5
    6714:	e7 cf       	rjmp	.-50     	; 0x66e4 <conv_brk+0x92>
    6716:	5a 94       	dec	r5
    6718:	e5 cf       	rjmp	.-54     	; 0x66e4 <conv_brk+0x92>
    671a:	31 e0       	ldi	r19, 0x01	; 1
    671c:	04 c0       	rjmp	.+8      	; 0x6726 <conv_brk+0xd4>
    671e:	77 24       	eor	r7, r7
    6720:	73 94       	inc	r7
    6722:	01 c0       	rjmp	.+2      	; 0x6726 <conv_brk+0xd4>
    6724:	71 2c       	mov	r7, r1
    6726:	01 96       	adiw	r24, 0x01	; 1
    6728:	bf cf       	rjmp	.-130    	; 0x66a8 <conv_brk+0x56>
    672a:	77 20       	and	r7, r7
    672c:	19 f0       	breq	.+6      	; 0x6734 <conv_brk+0xe2>
    672e:	8e 81       	ldd	r24, Y+6	; 0x06
    6730:	80 62       	ori	r24, 0x20	; 32
    6732:	8e 83       	std	Y+6, r24	; 0x06
    6734:	31 11       	cpse	r19, r1
    6736:	03 c0       	rjmp	.+6      	; 0x673e <conv_brk+0xec>
    6738:	88 24       	eor	r8, r8
    673a:	83 94       	inc	r8
    673c:	17 c0       	rjmp	.+46     	; 0x676c <conv_brk+0x11a>
    673e:	f6 01       	movw	r30, r12
    6740:	9e 01       	movw	r18, r28
    6742:	2f 5d       	subi	r18, 0xDF	; 223
    6744:	3f 4f       	sbci	r19, 0xFF	; 255
    6746:	80 81       	ld	r24, Z
    6748:	80 95       	com	r24
    674a:	81 93       	st	Z+, r24
    674c:	2e 17       	cp	r18, r30
    674e:	3f 07       	cpc	r19, r31
    6750:	d1 f7       	brne	.-12     	; 0x6746 <conv_brk+0xf4>
    6752:	f2 cf       	rjmp	.-28     	; 0x6738 <conv_brk+0xe6>
    6754:	e1 14       	cp	r14, r1
    6756:	f1 04       	cpc	r15, r1
    6758:	29 f0       	breq	.+10     	; 0x6764 <conv_brk+0x112>
    675a:	d7 01       	movw	r26, r14
    675c:	8c 93       	st	X, r24
    675e:	f7 01       	movw	r30, r14
    6760:	31 96       	adiw	r30, 0x01	; 1
    6762:	7f 01       	movw	r14, r30
    6764:	9a 94       	dec	r9
    6766:	81 2c       	mov	r8, r1
    6768:	99 20       	and	r9, r9
    676a:	f9 f0       	breq	.+62     	; 0x67aa <conv_brk+0x158>
    676c:	c5 01       	movw	r24, r10
    676e:	0e 94 3d 35 	call	0x6a7a	; 0x6a7a <fgetc>
    6772:	97 fd       	sbrc	r25, 7
    6774:	18 c0       	rjmp	.+48     	; 0x67a6 <conv_brk+0x154>
    6776:	fc 01       	movw	r30, r24
    6778:	ff 27       	eor	r31, r31
    677a:	23 e0       	ldi	r18, 0x03	; 3
    677c:	f5 95       	asr	r31
    677e:	e7 95       	ror	r30
    6780:	2a 95       	dec	r18
    6782:	e1 f7       	brne	.-8      	; 0x677c <conv_brk+0x12a>
    6784:	ec 0d       	add	r30, r12
    6786:	fd 1d       	adc	r31, r13
    6788:	20 81       	ld	r18, Z
    678a:	30 e0       	ldi	r19, 0x00	; 0
    678c:	ac 01       	movw	r20, r24
    678e:	47 70       	andi	r20, 0x07	; 7
    6790:	55 27       	eor	r21, r21
    6792:	02 c0       	rjmp	.+4      	; 0x6798 <conv_brk+0x146>
    6794:	35 95       	asr	r19
    6796:	27 95       	ror	r18
    6798:	4a 95       	dec	r20
    679a:	e2 f7       	brpl	.-8      	; 0x6794 <conv_brk+0x142>
    679c:	20 fd       	sbrc	r18, 0
    679e:	da cf       	rjmp	.-76     	; 0x6754 <conv_brk+0x102>
    67a0:	b5 01       	movw	r22, r10
    67a2:	0e 94 7b 35 	call	0x6af6	; 0x6af6 <ungetc>
    67a6:	81 10       	cpse	r8, r1
    67a8:	87 cf       	rjmp	.-242    	; 0x66b8 <conv_brk+0x66>
    67aa:	e1 14       	cp	r14, r1
    67ac:	f1 04       	cpc	r15, r1
    67ae:	11 f0       	breq	.+4      	; 0x67b4 <conv_brk+0x162>
    67b0:	d7 01       	movw	r26, r14
    67b2:	1c 92       	st	X, r1
    67b4:	c8 01       	movw	r24, r16
    67b6:	15 c0       	rjmp	.+42     	; 0x67e2 <conv_brk+0x190>
    67b8:	42 2f       	mov	r20, r18
    67ba:	46 95       	lsr	r20
    67bc:	46 95       	lsr	r20
    67be:	46 95       	lsr	r20
    67c0:	d6 01       	movw	r26, r12
    67c2:	a4 0f       	add	r26, r20
    67c4:	b1 1d       	adc	r27, r1
    67c6:	42 2f       	mov	r20, r18
    67c8:	47 70       	andi	r20, 0x07	; 7
    67ca:	8b 01       	movw	r16, r22
    67cc:	02 c0       	rjmp	.+4      	; 0x67d2 <conv_brk+0x180>
    67ce:	00 0f       	add	r16, r16
    67d0:	11 1f       	adc	r17, r17
    67d2:	4a 95       	dec	r20
    67d4:	e2 f7       	brpl	.-8      	; 0x67ce <conv_brk+0x17c>
    67d6:	a8 01       	movw	r20, r16
    67d8:	5c 91       	ld	r21, X
    67da:	45 2b       	or	r20, r21
    67dc:	4c 93       	st	X, r20
    67de:	62 2e       	mov	r6, r18
    67e0:	a2 cf       	rjmp	.-188    	; 0x6726 <conv_brk+0xd4>
    67e2:	a0 96       	adiw	r28, 0x20	; 32
    67e4:	cd bf       	out	0x3d, r28	; 61
    67e6:	de bf       	out	0x3e, r29	; 62
    67e8:	df 91       	pop	r29
    67ea:	cf 91       	pop	r28
    67ec:	1f 91       	pop	r17
    67ee:	0f 91       	pop	r16
    67f0:	ff 90       	pop	r15
    67f2:	ef 90       	pop	r14
    67f4:	df 90       	pop	r13
    67f6:	cf 90       	pop	r12
    67f8:	bf 90       	pop	r11
    67fa:	af 90       	pop	r10
    67fc:	9f 90       	pop	r9
    67fe:	8f 90       	pop	r8
    6800:	7f 90       	pop	r7
    6802:	6f 90       	pop	r6
    6804:	5f 90       	pop	r5
    6806:	08 95       	ret

00006808 <vfscanf>:
    6808:	5f 92       	push	r5
    680a:	6f 92       	push	r6
    680c:	7f 92       	push	r7
    680e:	8f 92       	push	r8
    6810:	9f 92       	push	r9
    6812:	af 92       	push	r10
    6814:	bf 92       	push	r11
    6816:	cf 92       	push	r12
    6818:	df 92       	push	r13
    681a:	ef 92       	push	r14
    681c:	ff 92       	push	r15
    681e:	0f 93       	push	r16
    6820:	1f 93       	push	r17
    6822:	cf 93       	push	r28
    6824:	df 93       	push	r29
    6826:	6c 01       	movw	r12, r24
    6828:	eb 01       	movw	r28, r22
    682a:	5a 01       	movw	r10, r20
    682c:	fc 01       	movw	r30, r24
    682e:	16 82       	std	Z+6, r1	; 0x06
    6830:	17 82       	std	Z+7, r1	; 0x07
    6832:	51 2c       	mov	r5, r1
    6834:	f6 01       	movw	r30, r12
    6836:	e3 80       	ldd	r14, Z+3	; 0x03
    6838:	fe 01       	movw	r30, r28
    683a:	e3 fc       	sbrc	r14, 3
    683c:	85 91       	lpm	r24, Z+
    683e:	e3 fe       	sbrs	r14, 3
    6840:	81 91       	ld	r24, Z+
    6842:	18 2f       	mov	r17, r24
    6844:	ef 01       	movw	r28, r30
    6846:	88 23       	and	r24, r24
    6848:	09 f4       	brne	.+2      	; 0x684c <vfscanf+0x44>
    684a:	ee c0       	rjmp	.+476    	; 0x6a28 <vfscanf+0x220>
    684c:	90 e0       	ldi	r25, 0x00	; 0
    684e:	0e 94 29 35 	call	0x6a52	; 0x6a52 <isspace>
    6852:	89 2b       	or	r24, r25
    6854:	21 f0       	breq	.+8      	; 0x685e <vfscanf+0x56>
    6856:	c6 01       	movw	r24, r12
    6858:	0e 94 7e 32 	call	0x64fc	; 0x64fc <skip_spaces>
    685c:	eb cf       	rjmp	.-42     	; 0x6834 <vfscanf+0x2c>
    685e:	15 32       	cpi	r17, 0x25	; 37
    6860:	41 f4       	brne	.+16     	; 0x6872 <vfscanf+0x6a>
    6862:	fe 01       	movw	r30, r28
    6864:	e3 fc       	sbrc	r14, 3
    6866:	15 91       	lpm	r17, Z+
    6868:	e3 fe       	sbrs	r14, 3
    686a:	11 91       	ld	r17, Z+
    686c:	ef 01       	movw	r28, r30
    686e:	15 32       	cpi	r17, 0x25	; 37
    6870:	81 f4       	brne	.+32     	; 0x6892 <vfscanf+0x8a>
    6872:	c6 01       	movw	r24, r12
    6874:	0e 94 3d 35 	call	0x6a7a	; 0x6a7a <fgetc>
    6878:	97 fd       	sbrc	r25, 7
    687a:	d4 c0       	rjmp	.+424    	; 0x6a24 <vfscanf+0x21c>
    687c:	41 2f       	mov	r20, r17
    687e:	50 e0       	ldi	r21, 0x00	; 0
    6880:	9c 01       	movw	r18, r24
    6882:	33 27       	eor	r19, r19
    6884:	24 17       	cp	r18, r20
    6886:	35 07       	cpc	r19, r21
    6888:	a9 f2       	breq	.-86     	; 0x6834 <vfscanf+0x2c>
    688a:	b6 01       	movw	r22, r12
    688c:	0e 94 7b 35 	call	0x6af6	; 0x6af6 <ungetc>
    6890:	cb c0       	rjmp	.+406    	; 0x6a28 <vfscanf+0x220>
    6892:	1a 32       	cpi	r17, 0x2A	; 42
    6894:	39 f4       	brne	.+14     	; 0x68a4 <vfscanf+0x9c>
    6896:	e3 fc       	sbrc	r14, 3
    6898:	15 91       	lpm	r17, Z+
    689a:	e3 fe       	sbrs	r14, 3
    689c:	11 91       	ld	r17, Z+
    689e:	ef 01       	movw	r28, r30
    68a0:	01 e0       	ldi	r16, 0x01	; 1
    68a2:	01 c0       	rjmp	.+2      	; 0x68a6 <vfscanf+0x9e>
    68a4:	00 e0       	ldi	r16, 0x00	; 0
    68a6:	f1 2c       	mov	r15, r1
    68a8:	20 ed       	ldi	r18, 0xD0	; 208
    68aa:	21 0f       	add	r18, r17
    68ac:	2a 30       	cpi	r18, 0x0A	; 10
    68ae:	80 f4       	brcc	.+32     	; 0x68d0 <vfscanf+0xc8>
    68b0:	02 60       	ori	r16, 0x02	; 2
    68b2:	6f 2d       	mov	r22, r15
    68b4:	70 e0       	ldi	r23, 0x00	; 0
    68b6:	80 e0       	ldi	r24, 0x00	; 0
    68b8:	90 e0       	ldi	r25, 0x00	; 0
    68ba:	40 e2       	ldi	r20, 0x20	; 32
    68bc:	0e 94 57 32 	call	0x64ae	; 0x64ae <mulacc>
    68c0:	f6 2e       	mov	r15, r22
    68c2:	fe 01       	movw	r30, r28
    68c4:	e3 fc       	sbrc	r14, 3
    68c6:	15 91       	lpm	r17, Z+
    68c8:	e3 fe       	sbrs	r14, 3
    68ca:	11 91       	ld	r17, Z+
    68cc:	ef 01       	movw	r28, r30
    68ce:	ec cf       	rjmp	.-40     	; 0x68a8 <vfscanf+0xa0>
    68d0:	01 ff       	sbrs	r16, 1
    68d2:	03 c0       	rjmp	.+6      	; 0x68da <vfscanf+0xd2>
    68d4:	f1 10       	cpse	r15, r1
    68d6:	03 c0       	rjmp	.+6      	; 0x68de <vfscanf+0xd6>
    68d8:	a7 c0       	rjmp	.+334    	; 0x6a28 <vfscanf+0x220>
    68da:	ff 24       	eor	r15, r15
    68dc:	fa 94       	dec	r15
    68de:	18 36       	cpi	r17, 0x68	; 104
    68e0:	19 f0       	breq	.+6      	; 0x68e8 <vfscanf+0xe0>
    68e2:	1c 36       	cpi	r17, 0x6C	; 108
    68e4:	51 f0       	breq	.+20     	; 0x68fa <vfscanf+0xf2>
    68e6:	10 c0       	rjmp	.+32     	; 0x6908 <vfscanf+0x100>
    68e8:	fe 01       	movw	r30, r28
    68ea:	e3 fc       	sbrc	r14, 3
    68ec:	15 91       	lpm	r17, Z+
    68ee:	e3 fe       	sbrs	r14, 3
    68f0:	11 91       	ld	r17, Z+
    68f2:	ef 01       	movw	r28, r30
    68f4:	18 36       	cpi	r17, 0x68	; 104
    68f6:	41 f4       	brne	.+16     	; 0x6908 <vfscanf+0x100>
    68f8:	08 60       	ori	r16, 0x08	; 8
    68fa:	04 60       	ori	r16, 0x04	; 4
    68fc:	fe 01       	movw	r30, r28
    68fe:	e3 fc       	sbrc	r14, 3
    6900:	15 91       	lpm	r17, Z+
    6902:	e3 fe       	sbrs	r14, 3
    6904:	11 91       	ld	r17, Z+
    6906:	ef 01       	movw	r28, r30
    6908:	11 23       	and	r17, r17
    690a:	09 f4       	brne	.+2      	; 0x690e <vfscanf+0x106>
    690c:	8d c0       	rjmp	.+282    	; 0x6a28 <vfscanf+0x220>
    690e:	61 2f       	mov	r22, r17
    6910:	70 e0       	ldi	r23, 0x00	; 0
    6912:	84 e9       	ldi	r24, 0x94	; 148
    6914:	93 e0       	ldi	r25, 0x03	; 3
    6916:	0e 94 32 35 	call	0x6a64	; 0x6a64 <strchr_P>
    691a:	89 2b       	or	r24, r25
    691c:	09 f4       	brne	.+2      	; 0x6920 <vfscanf+0x118>
    691e:	84 c0       	rjmp	.+264    	; 0x6a28 <vfscanf+0x220>
    6920:	00 fd       	sbrc	r16, 0
    6922:	07 c0       	rjmp	.+14     	; 0x6932 <vfscanf+0x12a>
    6924:	f5 01       	movw	r30, r10
    6926:	80 80       	ld	r8, Z
    6928:	91 80       	ldd	r9, Z+1	; 0x01
    692a:	c5 01       	movw	r24, r10
    692c:	02 96       	adiw	r24, 0x02	; 2
    692e:	5c 01       	movw	r10, r24
    6930:	02 c0       	rjmp	.+4      	; 0x6936 <vfscanf+0x12e>
    6932:	81 2c       	mov	r8, r1
    6934:	91 2c       	mov	r9, r1
    6936:	1e 36       	cpi	r17, 0x6E	; 110
    6938:	51 f4       	brne	.+20     	; 0x694e <vfscanf+0x146>
    693a:	f6 01       	movw	r30, r12
    693c:	46 81       	ldd	r20, Z+6	; 0x06
    693e:	57 81       	ldd	r21, Z+7	; 0x07
    6940:	60 e0       	ldi	r22, 0x00	; 0
    6942:	70 e0       	ldi	r23, 0x00	; 0
    6944:	20 2f       	mov	r18, r16
    6946:	c4 01       	movw	r24, r8
    6948:	0e 94 4b 32 	call	0x6496	; 0x6496 <putval>
    694c:	73 cf       	rjmp	.-282    	; 0x6834 <vfscanf+0x2c>
    694e:	13 36       	cpi	r17, 0x63	; 99
    6950:	a9 f4       	brne	.+42     	; 0x697c <vfscanf+0x174>
    6952:	01 fd       	sbrc	r16, 1
    6954:	02 c0       	rjmp	.+4      	; 0x695a <vfscanf+0x152>
    6956:	ff 24       	eor	r15, r15
    6958:	f3 94       	inc	r15
    695a:	c6 01       	movw	r24, r12
    695c:	0e 94 3d 35 	call	0x6a7a	; 0x6a7a <fgetc>
    6960:	97 fd       	sbrc	r25, 7
    6962:	60 c0       	rjmp	.+192    	; 0x6a24 <vfscanf+0x21c>
    6964:	81 14       	cp	r8, r1
    6966:	91 04       	cpc	r9, r1
    6968:	29 f0       	breq	.+10     	; 0x6974 <vfscanf+0x16c>
    696a:	f4 01       	movw	r30, r8
    696c:	80 83       	st	Z, r24
    696e:	c4 01       	movw	r24, r8
    6970:	01 96       	adiw	r24, 0x01	; 1
    6972:	4c 01       	movw	r8, r24
    6974:	fa 94       	dec	r15
    6976:	f1 10       	cpse	r15, r1
    6978:	f0 cf       	rjmp	.-32     	; 0x695a <vfscanf+0x152>
    697a:	50 c0       	rjmp	.+160    	; 0x6a1c <vfscanf+0x214>
    697c:	1b 35       	cpi	r17, 0x5B	; 91
    697e:	59 f4       	brne	.+22     	; 0x6996 <vfscanf+0x18e>
    6980:	9e 01       	movw	r18, r28
    6982:	a4 01       	movw	r20, r8
    6984:	6f 2d       	mov	r22, r15
    6986:	c6 01       	movw	r24, r12
    6988:	0e 94 29 33 	call	0x6652	; 0x6652 <conv_brk>
    698c:	ec 01       	movw	r28, r24
    698e:	89 2b       	or	r24, r25
    6990:	09 f0       	breq	.+2      	; 0x6994 <vfscanf+0x18c>
    6992:	44 c0       	rjmp	.+136    	; 0x6a1c <vfscanf+0x214>
    6994:	3e c0       	rjmp	.+124    	; 0x6a12 <vfscanf+0x20a>
    6996:	c6 01       	movw	r24, r12
    6998:	0e 94 7e 32 	call	0x64fc	; 0x64fc <skip_spaces>
    699c:	97 fd       	sbrc	r25, 7
    699e:	42 c0       	rjmp	.+132    	; 0x6a24 <vfscanf+0x21c>
    69a0:	1f 36       	cpi	r17, 0x6F	; 111
    69a2:	61 f1       	breq	.+88     	; 0x69fc <vfscanf+0x1f4>
    69a4:	28 f4       	brcc	.+10     	; 0x69b0 <vfscanf+0x1a8>
    69a6:	14 36       	cpi	r17, 0x64	; 100
    69a8:	39 f1       	breq	.+78     	; 0x69f8 <vfscanf+0x1f0>
    69aa:	19 36       	cpi	r17, 0x69	; 105
    69ac:	51 f1       	breq	.+84     	; 0x6a02 <vfscanf+0x1fa>
    69ae:	28 c0       	rjmp	.+80     	; 0x6a00 <vfscanf+0x1f8>
    69b0:	13 37       	cpi	r17, 0x73	; 115
    69b2:	71 f0       	breq	.+28     	; 0x69d0 <vfscanf+0x1c8>
    69b4:	15 37       	cpi	r17, 0x75	; 117
    69b6:	01 f1       	breq	.+64     	; 0x69f8 <vfscanf+0x1f0>
    69b8:	23 c0       	rjmp	.+70     	; 0x6a00 <vfscanf+0x1f8>
    69ba:	81 14       	cp	r8, r1
    69bc:	91 04       	cpc	r9, r1
    69be:	29 f0       	breq	.+10     	; 0x69ca <vfscanf+0x1c2>
    69c0:	f4 01       	movw	r30, r8
    69c2:	60 82       	st	Z, r6
    69c4:	c4 01       	movw	r24, r8
    69c6:	01 96       	adiw	r24, 0x01	; 1
    69c8:	4c 01       	movw	r8, r24
    69ca:	fa 94       	dec	r15
    69cc:	ff 20       	and	r15, r15
    69ce:	71 f0       	breq	.+28     	; 0x69ec <vfscanf+0x1e4>
    69d0:	c6 01       	movw	r24, r12
    69d2:	0e 94 3d 35 	call	0x6a7a	; 0x6a7a <fgetc>
    69d6:	3c 01       	movw	r6, r24
    69d8:	97 fd       	sbrc	r25, 7
    69da:	08 c0       	rjmp	.+16     	; 0x69ec <vfscanf+0x1e4>
    69dc:	0e 94 29 35 	call	0x6a52	; 0x6a52 <isspace>
    69e0:	89 2b       	or	r24, r25
    69e2:	59 f3       	breq	.-42     	; 0x69ba <vfscanf+0x1b2>
    69e4:	b6 01       	movw	r22, r12
    69e6:	c3 01       	movw	r24, r6
    69e8:	0e 94 7b 35 	call	0x6af6	; 0x6af6 <ungetc>
    69ec:	81 14       	cp	r8, r1
    69ee:	91 04       	cpc	r9, r1
    69f0:	a9 f0       	breq	.+42     	; 0x6a1c <vfscanf+0x214>
    69f2:	f4 01       	movw	r30, r8
    69f4:	10 82       	st	Z, r1
    69f6:	12 c0       	rjmp	.+36     	; 0x6a1c <vfscanf+0x214>
    69f8:	00 62       	ori	r16, 0x20	; 32
    69fa:	03 c0       	rjmp	.+6      	; 0x6a02 <vfscanf+0x1fa>
    69fc:	00 61       	ori	r16, 0x10	; 16
    69fe:	01 c0       	rjmp	.+2      	; 0x6a02 <vfscanf+0x1fa>
    6a00:	00 64       	ori	r16, 0x40	; 64
    6a02:	20 2f       	mov	r18, r16
    6a04:	a4 01       	movw	r20, r8
    6a06:	6f 2d       	mov	r22, r15
    6a08:	c6 01       	movw	r24, r12
    6a0a:	0e 94 97 32 	call	0x652e	; 0x652e <conv_int>
    6a0e:	81 11       	cpse	r24, r1
    6a10:	05 c0       	rjmp	.+10     	; 0x6a1c <vfscanf+0x214>
    6a12:	f6 01       	movw	r30, r12
    6a14:	83 81       	ldd	r24, Z+3	; 0x03
    6a16:	80 73       	andi	r24, 0x30	; 48
    6a18:	29 f4       	brne	.+10     	; 0x6a24 <vfscanf+0x21c>
    6a1a:	06 c0       	rjmp	.+12     	; 0x6a28 <vfscanf+0x220>
    6a1c:	00 fd       	sbrc	r16, 0
    6a1e:	0a cf       	rjmp	.-492    	; 0x6834 <vfscanf+0x2c>
    6a20:	53 94       	inc	r5
    6a22:	08 cf       	rjmp	.-496    	; 0x6834 <vfscanf+0x2c>
    6a24:	55 20       	and	r5, r5
    6a26:	19 f0       	breq	.+6      	; 0x6a2e <vfscanf+0x226>
    6a28:	85 2d       	mov	r24, r5
    6a2a:	90 e0       	ldi	r25, 0x00	; 0
    6a2c:	02 c0       	rjmp	.+4      	; 0x6a32 <vfscanf+0x22a>
    6a2e:	8f ef       	ldi	r24, 0xFF	; 255
    6a30:	9f ef       	ldi	r25, 0xFF	; 255
    6a32:	df 91       	pop	r29
    6a34:	cf 91       	pop	r28
    6a36:	1f 91       	pop	r17
    6a38:	0f 91       	pop	r16
    6a3a:	ff 90       	pop	r15
    6a3c:	ef 90       	pop	r14
    6a3e:	df 90       	pop	r13
    6a40:	cf 90       	pop	r12
    6a42:	bf 90       	pop	r11
    6a44:	af 90       	pop	r10
    6a46:	9f 90       	pop	r9
    6a48:	8f 90       	pop	r8
    6a4a:	7f 90       	pop	r7
    6a4c:	6f 90       	pop	r6
    6a4e:	5f 90       	pop	r5
    6a50:	08 95       	ret

00006a52 <isspace>:
    6a52:	91 11       	cpse	r25, r1
    6a54:	0c 94 94 35 	jmp	0x6b28	; 0x6b28 <__ctype_isfalse>
    6a58:	80 32       	cpi	r24, 0x20	; 32
    6a5a:	19 f0       	breq	.+6      	; 0x6a62 <isspace+0x10>
    6a5c:	89 50       	subi	r24, 0x09	; 9
    6a5e:	85 50       	subi	r24, 0x05	; 5
    6a60:	c8 f7       	brcc	.-14     	; 0x6a54 <isspace+0x2>
    6a62:	08 95       	ret

00006a64 <strchr_P>:
    6a64:	fc 01       	movw	r30, r24
    6a66:	05 90       	lpm	r0, Z+
    6a68:	06 16       	cp	r0, r22
    6a6a:	21 f0       	breq	.+8      	; 0x6a74 <strchr_P+0x10>
    6a6c:	00 20       	and	r0, r0
    6a6e:	d9 f7       	brne	.-10     	; 0x6a66 <strchr_P+0x2>
    6a70:	c0 01       	movw	r24, r0
    6a72:	08 95       	ret
    6a74:	31 97       	sbiw	r30, 0x01	; 1
    6a76:	cf 01       	movw	r24, r30
    6a78:	08 95       	ret

00006a7a <fgetc>:
    6a7a:	cf 93       	push	r28
    6a7c:	df 93       	push	r29
    6a7e:	ec 01       	movw	r28, r24
    6a80:	2b 81       	ldd	r18, Y+3	; 0x03
    6a82:	20 ff       	sbrs	r18, 0
    6a84:	33 c0       	rjmp	.+102    	; 0x6aec <fgetc+0x72>
    6a86:	26 ff       	sbrs	r18, 6
    6a88:	0a c0       	rjmp	.+20     	; 0x6a9e <fgetc+0x24>
    6a8a:	2f 7b       	andi	r18, 0xBF	; 191
    6a8c:	2b 83       	std	Y+3, r18	; 0x03
    6a8e:	8e 81       	ldd	r24, Y+6	; 0x06
    6a90:	9f 81       	ldd	r25, Y+7	; 0x07
    6a92:	01 96       	adiw	r24, 0x01	; 1
    6a94:	8e 83       	std	Y+6, r24	; 0x06
    6a96:	9f 83       	std	Y+7, r25	; 0x07
    6a98:	8a 81       	ldd	r24, Y+2	; 0x02
    6a9a:	90 e0       	ldi	r25, 0x00	; 0
    6a9c:	29 c0       	rjmp	.+82     	; 0x6af0 <fgetc+0x76>
    6a9e:	22 ff       	sbrs	r18, 2
    6aa0:	0f c0       	rjmp	.+30     	; 0x6ac0 <fgetc+0x46>
    6aa2:	e8 81       	ld	r30, Y
    6aa4:	f9 81       	ldd	r31, Y+1	; 0x01
    6aa6:	80 81       	ld	r24, Z
    6aa8:	08 2e       	mov	r0, r24
    6aaa:	00 0c       	add	r0, r0
    6aac:	99 0b       	sbc	r25, r25
    6aae:	00 97       	sbiw	r24, 0x00	; 0
    6ab0:	19 f4       	brne	.+6      	; 0x6ab8 <fgetc+0x3e>
    6ab2:	20 62       	ori	r18, 0x20	; 32
    6ab4:	2b 83       	std	Y+3, r18	; 0x03
    6ab6:	1a c0       	rjmp	.+52     	; 0x6aec <fgetc+0x72>
    6ab8:	31 96       	adiw	r30, 0x01	; 1
    6aba:	e8 83       	st	Y, r30
    6abc:	f9 83       	std	Y+1, r31	; 0x01
    6abe:	0e c0       	rjmp	.+28     	; 0x6adc <fgetc+0x62>
    6ac0:	ea 85       	ldd	r30, Y+10	; 0x0a
    6ac2:	fb 85       	ldd	r31, Y+11	; 0x0b
    6ac4:	19 95       	eicall
    6ac6:	97 ff       	sbrs	r25, 7
    6ac8:	09 c0       	rjmp	.+18     	; 0x6adc <fgetc+0x62>
    6aca:	2b 81       	ldd	r18, Y+3	; 0x03
    6acc:	01 96       	adiw	r24, 0x01	; 1
    6ace:	11 f0       	breq	.+4      	; 0x6ad4 <fgetc+0x5a>
    6ad0:	80 e2       	ldi	r24, 0x20	; 32
    6ad2:	01 c0       	rjmp	.+2      	; 0x6ad6 <fgetc+0x5c>
    6ad4:	80 e1       	ldi	r24, 0x10	; 16
    6ad6:	82 2b       	or	r24, r18
    6ad8:	8b 83       	std	Y+3, r24	; 0x03
    6ada:	08 c0       	rjmp	.+16     	; 0x6aec <fgetc+0x72>
    6adc:	2e 81       	ldd	r18, Y+6	; 0x06
    6ade:	3f 81       	ldd	r19, Y+7	; 0x07
    6ae0:	2f 5f       	subi	r18, 0xFF	; 255
    6ae2:	3f 4f       	sbci	r19, 0xFF	; 255
    6ae4:	2e 83       	std	Y+6, r18	; 0x06
    6ae6:	3f 83       	std	Y+7, r19	; 0x07
    6ae8:	99 27       	eor	r25, r25
    6aea:	02 c0       	rjmp	.+4      	; 0x6af0 <fgetc+0x76>
    6aec:	8f ef       	ldi	r24, 0xFF	; 255
    6aee:	9f ef       	ldi	r25, 0xFF	; 255
    6af0:	df 91       	pop	r29
    6af2:	cf 91       	pop	r28
    6af4:	08 95       	ret

00006af6 <ungetc>:
    6af6:	fb 01       	movw	r30, r22
    6af8:	23 81       	ldd	r18, Z+3	; 0x03
    6afa:	20 ff       	sbrs	r18, 0
    6afc:	12 c0       	rjmp	.+36     	; 0x6b22 <ungetc+0x2c>
    6afe:	26 fd       	sbrc	r18, 6
    6b00:	10 c0       	rjmp	.+32     	; 0x6b22 <ungetc+0x2c>
    6b02:	8f 3f       	cpi	r24, 0xFF	; 255
    6b04:	3f ef       	ldi	r19, 0xFF	; 255
    6b06:	93 07       	cpc	r25, r19
    6b08:	61 f0       	breq	.+24     	; 0x6b22 <ungetc+0x2c>
    6b0a:	82 83       	std	Z+2, r24	; 0x02
    6b0c:	2f 7d       	andi	r18, 0xDF	; 223
    6b0e:	20 64       	ori	r18, 0x40	; 64
    6b10:	23 83       	std	Z+3, r18	; 0x03
    6b12:	26 81       	ldd	r18, Z+6	; 0x06
    6b14:	37 81       	ldd	r19, Z+7	; 0x07
    6b16:	21 50       	subi	r18, 0x01	; 1
    6b18:	31 09       	sbc	r19, r1
    6b1a:	26 83       	std	Z+6, r18	; 0x06
    6b1c:	37 83       	std	Z+7, r19	; 0x07
    6b1e:	99 27       	eor	r25, r25
    6b20:	08 95       	ret
    6b22:	8f ef       	ldi	r24, 0xFF	; 255
    6b24:	9f ef       	ldi	r25, 0xFF	; 255
    6b26:	08 95       	ret

00006b28 <__ctype_isfalse>:
    6b28:	99 27       	eor	r25, r25
    6b2a:	88 27       	eor	r24, r24

00006b2c <__ctype_istrue>:
    6b2c:	08 95       	ret

00006b2e <_exit>:
    6b2e:	f8 94       	cli

00006b30 <__stop_program>:
    6b30:	ff cf       	rjmp	.-2      	; 0x6b30 <__stop_program>
