
LinebotTemplate1.elf:     file format elf32-avr

Sections:
Idx Name          Size      VMA       LMA       File off  Algn
  0 .text         0000300a  00000000  00000000  00000094  2**1
                  CONTENTS, ALLOC, LOAD, READONLY, CODE
  1 .data         0000008a  00802000  0000300a  0000309e  2**0
                  CONTENTS, ALLOC, LOAD, DATA
  2 .bss          00000039  0080208a  0080208a  00003128  2**0
                  ALLOC
  3 .comment      0000005c  00000000  00000000  00003128  2**0
                  CONTENTS, READONLY
  4 .note.gnu.avr.deviceinfo 00000040  00000000  00000000  00003184  2**2
                  CONTENTS, READONLY
  5 .debug_aranges 00000210  00000000  00000000  000031c4  2**0
                  CONTENTS, READONLY, DEBUGGING
  6 .debug_info   00005039  00000000  00000000  000033d4  2**0
                  CONTENTS, READONLY, DEBUGGING
  7 .debug_abbrev 000031d6  00000000  00000000  0000840d  2**0
                  CONTENTS, READONLY, DEBUGGING
  8 .debug_line   00001987  00000000  00000000  0000b5e3  2**0
                  CONTENTS, READONLY, DEBUGGING
  9 .debug_frame  00000698  00000000  00000000  0000cf6c  2**2
                  CONTENTS, READONLY, DEBUGGING
 10 .debug_str    00002a8f  00000000  00000000  0000d604  2**0
                  CONTENTS, READONLY, DEBUGGING
 11 .debug_loc    00000cef  00000000  00000000  00010093  2**0
                  CONTENTS, READONLY, DEBUGGING
 12 .debug_ranges 000001e0  00000000  00000000  00010d82  2**0
                  CONTENTS, READONLY, DEBUGGING

Disassembly of section .text:

00000000 <__vectors>:
       0:	0c 94 ca 01 	jmp	0x394	; 0x394 <__ctors_end>
       4:	0c 94 eb 01 	jmp	0x3d6	; 0x3d6 <__bad_interrupt>
       8:	0c 94 41 02 	jmp	0x482	; 0x482 <__vector_2>
       c:	0c 94 9e 02 	jmp	0x53c	; 0x53c <__vector_3>
      10:	0c 94 eb 01 	jmp	0x3d6	; 0x3d6 <__bad_interrupt>
      14:	0c 94 eb 01 	jmp	0x3d6	; 0x3d6 <__bad_interrupt>
      18:	0c 94 eb 01 	jmp	0x3d6	; 0x3d6 <__bad_interrupt>
      1c:	0c 94 eb 01 	jmp	0x3d6	; 0x3d6 <__bad_interrupt>
      20:	0c 94 eb 01 	jmp	0x3d6	; 0x3d6 <__bad_interrupt>
      24:	0c 94 eb 01 	jmp	0x3d6	; 0x3d6 <__bad_interrupt>
      28:	0c 94 eb 01 	jmp	0x3d6	; 0x3d6 <__bad_interrupt>
      2c:	0c 94 eb 01 	jmp	0x3d6	; 0x3d6 <__bad_interrupt>
      30:	0c 94 eb 01 	jmp	0x3d6	; 0x3d6 <__bad_interrupt>
      34:	0c 94 eb 01 	jmp	0x3d6	; 0x3d6 <__bad_interrupt>
      38:	0c 94 eb 01 	jmp	0x3d6	; 0x3d6 <__bad_interrupt>
      3c:	0c 94 eb 01 	jmp	0x3d6	; 0x3d6 <__bad_interrupt>
      40:	0c 94 eb 01 	jmp	0x3d6	; 0x3d6 <__bad_interrupt>
      44:	0c 94 eb 01 	jmp	0x3d6	; 0x3d6 <__bad_interrupt>
      48:	0c 94 eb 01 	jmp	0x3d6	; 0x3d6 <__bad_interrupt>
      4c:	0c 94 eb 01 	jmp	0x3d6	; 0x3d6 <__bad_interrupt>
      50:	0c 94 eb 01 	jmp	0x3d6	; 0x3d6 <__bad_interrupt>
      54:	0c 94 eb 01 	jmp	0x3d6	; 0x3d6 <__bad_interrupt>
      58:	0c 94 eb 01 	jmp	0x3d6	; 0x3d6 <__bad_interrupt>
      5c:	0c 94 eb 01 	jmp	0x3d6	; 0x3d6 <__bad_interrupt>
      60:	0c 94 eb 01 	jmp	0x3d6	; 0x3d6 <__bad_interrupt>
      64:	0c 94 eb 01 	jmp	0x3d6	; 0x3d6 <__bad_interrupt>
      68:	0c 94 eb 01 	jmp	0x3d6	; 0x3d6 <__bad_interrupt>
      6c:	0c 94 eb 01 	jmp	0x3d6	; 0x3d6 <__bad_interrupt>
      70:	0c 94 eb 01 	jmp	0x3d6	; 0x3d6 <__bad_interrupt>
      74:	0c 94 eb 01 	jmp	0x3d6	; 0x3d6 <__bad_interrupt>
      78:	0c 94 eb 01 	jmp	0x3d6	; 0x3d6 <__bad_interrupt>
      7c:	0c 94 eb 01 	jmp	0x3d6	; 0x3d6 <__bad_interrupt>
      80:	0c 94 eb 01 	jmp	0x3d6	; 0x3d6 <__bad_interrupt>
      84:	0c 94 eb 01 	jmp	0x3d6	; 0x3d6 <__bad_interrupt>
      88:	0c 94 eb 01 	jmp	0x3d6	; 0x3d6 <__bad_interrupt>
      8c:	0c 94 eb 01 	jmp	0x3d6	; 0x3d6 <__bad_interrupt>
      90:	0c 94 eb 01 	jmp	0x3d6	; 0x3d6 <__bad_interrupt>
      94:	0c 94 eb 01 	jmp	0x3d6	; 0x3d6 <__bad_interrupt>
      98:	0c 94 eb 01 	jmp	0x3d6	; 0x3d6 <__bad_interrupt>
      9c:	0c 94 eb 01 	jmp	0x3d6	; 0x3d6 <__bad_interrupt>
      a0:	0c 94 eb 01 	jmp	0x3d6	; 0x3d6 <__bad_interrupt>
      a4:	0c 94 eb 01 	jmp	0x3d6	; 0x3d6 <__bad_interrupt>
      a8:	0c 94 eb 01 	jmp	0x3d6	; 0x3d6 <__bad_interrupt>
      ac:	0c 94 ff 02 	jmp	0x5fe	; 0x5fe <__vector_43>
      b0:	0c 94 64 03 	jmp	0x6c8	; 0x6c8 <__vector_44>
      b4:	0c 94 eb 01 	jmp	0x3d6	; 0x3d6 <__bad_interrupt>
      b8:	0c 94 af 06 	jmp	0xd5e	; 0xd5e <__vector_46>
      bc:	0c 94 eb 01 	jmp	0x3d6	; 0x3d6 <__bad_interrupt>
      c0:	0c 94 eb 01 	jmp	0x3d6	; 0x3d6 <__bad_interrupt>
      c4:	0c 94 eb 01 	jmp	0x3d6	; 0x3d6 <__bad_interrupt>
      c8:	0c 94 eb 01 	jmp	0x3d6	; 0x3d6 <__bad_interrupt>
      cc:	0c 94 eb 01 	jmp	0x3d6	; 0x3d6 <__bad_interrupt>
      d0:	0c 94 eb 01 	jmp	0x3d6	; 0x3d6 <__bad_interrupt>
      d4:	0c 94 eb 01 	jmp	0x3d6	; 0x3d6 <__bad_interrupt>
      d8:	0c 94 eb 01 	jmp	0x3d6	; 0x3d6 <__bad_interrupt>
      dc:	0c 94 eb 01 	jmp	0x3d6	; 0x3d6 <__bad_interrupt>
      e0:	0c 94 eb 01 	jmp	0x3d6	; 0x3d6 <__bad_interrupt>
      e4:	0c 94 eb 01 	jmp	0x3d6	; 0x3d6 <__bad_interrupt>
      e8:	0c 94 eb 01 	jmp	0x3d6	; 0x3d6 <__bad_interrupt>
      ec:	0c 94 eb 01 	jmp	0x3d6	; 0x3d6 <__bad_interrupt>
      f0:	0c 94 eb 01 	jmp	0x3d6	; 0x3d6 <__bad_interrupt>
      f4:	0c 94 eb 01 	jmp	0x3d6	; 0x3d6 <__bad_interrupt>
      f8:	0c 94 eb 01 	jmp	0x3d6	; 0x3d6 <__bad_interrupt>
      fc:	0c 94 eb 01 	jmp	0x3d6	; 0x3d6 <__bad_interrupt>
     100:	0c 94 eb 01 	jmp	0x3d6	; 0x3d6 <__bad_interrupt>
     104:	0c 94 eb 01 	jmp	0x3d6	; 0x3d6 <__bad_interrupt>
     108:	0c 94 eb 01 	jmp	0x3d6	; 0x3d6 <__bad_interrupt>
     10c:	0c 94 eb 01 	jmp	0x3d6	; 0x3d6 <__bad_interrupt>
     110:	0c 94 eb 01 	jmp	0x3d6	; 0x3d6 <__bad_interrupt>
     114:	0c 94 eb 01 	jmp	0x3d6	; 0x3d6 <__bad_interrupt>
     118:	0c 94 eb 01 	jmp	0x3d6	; 0x3d6 <__bad_interrupt>
     11c:	0c 94 eb 01 	jmp	0x3d6	; 0x3d6 <__bad_interrupt>
     120:	0c 94 eb 01 	jmp	0x3d6	; 0x3d6 <__bad_interrupt>
     124:	0c 94 eb 01 	jmp	0x3d6	; 0x3d6 <__bad_interrupt>
     128:	0c 94 eb 01 	jmp	0x3d6	; 0x3d6 <__bad_interrupt>
     12c:	0c 94 eb 01 	jmp	0x3d6	; 0x3d6 <__bad_interrupt>
     130:	0c 94 eb 01 	jmp	0x3d6	; 0x3d6 <__bad_interrupt>
     134:	0c 94 eb 01 	jmp	0x3d6	; 0x3d6 <__bad_interrupt>
     138:	0c 94 eb 01 	jmp	0x3d6	; 0x3d6 <__bad_interrupt>
     13c:	0c 94 eb 01 	jmp	0x3d6	; 0x3d6 <__bad_interrupt>
     140:	0c 94 eb 01 	jmp	0x3d6	; 0x3d6 <__bad_interrupt>
     144:	0c 94 eb 01 	jmp	0x3d6	; 0x3d6 <__bad_interrupt>
     148:	0c 94 eb 01 	jmp	0x3d6	; 0x3d6 <__bad_interrupt>
     14c:	0c 94 eb 01 	jmp	0x3d6	; 0x3d6 <__bad_interrupt>
     150:	0c 94 eb 01 	jmp	0x3d6	; 0x3d6 <__bad_interrupt>
     154:	0c 94 eb 01 	jmp	0x3d6	; 0x3d6 <__bad_interrupt>
     158:	0c 94 eb 01 	jmp	0x3d6	; 0x3d6 <__bad_interrupt>
     15c:	0c 94 eb 01 	jmp	0x3d6	; 0x3d6 <__bad_interrupt>
     160:	0c 94 eb 01 	jmp	0x3d6	; 0x3d6 <__bad_interrupt>
     164:	0c 94 eb 01 	jmp	0x3d6	; 0x3d6 <__bad_interrupt>
     168:	0c 94 eb 01 	jmp	0x3d6	; 0x3d6 <__bad_interrupt>
     16c:	0c 94 eb 01 	jmp	0x3d6	; 0x3d6 <__bad_interrupt>
     170:	0c 94 eb 01 	jmp	0x3d6	; 0x3d6 <__bad_interrupt>
     174:	0c 94 eb 01 	jmp	0x3d6	; 0x3d6 <__bad_interrupt>
     178:	0c 94 eb 01 	jmp	0x3d6	; 0x3d6 <__bad_interrupt>
     17c:	0c 94 eb 01 	jmp	0x3d6	; 0x3d6 <__bad_interrupt>
     180:	0c 94 eb 01 	jmp	0x3d6	; 0x3d6 <__bad_interrupt>
     184:	0c 94 eb 01 	jmp	0x3d6	; 0x3d6 <__bad_interrupt>
     188:	0c 94 eb 01 	jmp	0x3d6	; 0x3d6 <__bad_interrupt>
     18c:	0c 94 eb 01 	jmp	0x3d6	; 0x3d6 <__bad_interrupt>
     190:	0c 94 eb 01 	jmp	0x3d6	; 0x3d6 <__bad_interrupt>
     194:	0c 94 eb 01 	jmp	0x3d6	; 0x3d6 <__bad_interrupt>
     198:	0c 94 eb 01 	jmp	0x3d6	; 0x3d6 <__bad_interrupt>
     19c:	0c 94 eb 01 	jmp	0x3d6	; 0x3d6 <__bad_interrupt>
     1a0:	0c 94 eb 01 	jmp	0x3d6	; 0x3d6 <__bad_interrupt>
     1a4:	0c 94 eb 01 	jmp	0x3d6	; 0x3d6 <__bad_interrupt>
     1a8:	0c 94 eb 01 	jmp	0x3d6	; 0x3d6 <__bad_interrupt>
     1ac:	0c 94 eb 01 	jmp	0x3d6	; 0x3d6 <__bad_interrupt>
     1b0:	0c 94 eb 01 	jmp	0x3d6	; 0x3d6 <__bad_interrupt>
     1b4:	0c 94 eb 01 	jmp	0x3d6	; 0x3d6 <__bad_interrupt>
     1b8:	0c 94 eb 01 	jmp	0x3d6	; 0x3d6 <__bad_interrupt>
     1bc:	0c 94 eb 01 	jmp	0x3d6	; 0x3d6 <__bad_interrupt>
     1c0:	0c 94 eb 01 	jmp	0x3d6	; 0x3d6 <__bad_interrupt>
     1c4:	0c 94 eb 01 	jmp	0x3d6	; 0x3d6 <__bad_interrupt>
     1c8:	0c 94 eb 01 	jmp	0x3d6	; 0x3d6 <__bad_interrupt>
     1cc:	0c 94 eb 01 	jmp	0x3d6	; 0x3d6 <__bad_interrupt>
     1d0:	0c 94 eb 01 	jmp	0x3d6	; 0x3d6 <__bad_interrupt>
     1d4:	0c 94 eb 01 	jmp	0x3d6	; 0x3d6 <__bad_interrupt>
     1d8:	0c 94 eb 01 	jmp	0x3d6	; 0x3d6 <__bad_interrupt>
     1dc:	0c 94 eb 01 	jmp	0x3d6	; 0x3d6 <__bad_interrupt>
     1e0:	0c 94 eb 01 	jmp	0x3d6	; 0x3d6 <__bad_interrupt>
     1e4:	0c 94 eb 01 	jmp	0x3d6	; 0x3d6 <__bad_interrupt>
     1e8:	0c 94 eb 01 	jmp	0x3d6	; 0x3d6 <__bad_interrupt>
     1ec:	0c 94 eb 01 	jmp	0x3d6	; 0x3d6 <__bad_interrupt>
     1f0:	0c 94 eb 01 	jmp	0x3d6	; 0x3d6 <__bad_interrupt>
     1f4:	0c 94 eb 01 	jmp	0x3d6	; 0x3d6 <__bad_interrupt>
     1f8:	0c 94 eb 01 	jmp	0x3d6	; 0x3d6 <__bad_interrupt>
     1fc:	07 63       	ori	r16, 0x37	; 55
     1fe:	42 36       	cpi	r20, 0x62	; 98
     200:	b7 9b       	sbis	0x16, 7	; 22
     202:	d8 a7       	std	Y+40, r29	; 0x28
     204:	1a 39       	cpi	r17, 0x9A	; 154
     206:	68 56       	subi	r22, 0x68	; 104
     208:	18 ae       	std	Y+56, r1	; 0x38
     20a:	ba ab       	std	Y+50, r27	; 0x32
     20c:	55 8c       	ldd	r5, Z+29	; 0x1d
     20e:	1d 3c       	cpi	r17, 0xCD	; 205
     210:	b7 cc       	rjmp	.-1682   	; 0xfffffb80 <__eeprom_end+0xff7efb80>
     212:	57 63       	ori	r21, 0x37	; 55
     214:	bd 6d       	ori	r27, 0xDD	; 221
     216:	ed fd       	.word	0xfded	; ????
     218:	75 3e       	cpi	r23, 0xE5	; 229
     21a:	f6 17       	cp	r31, r22
     21c:	72 31       	cpi	r23, 0x12	; 18
     21e:	bf 00       	.word	0x00bf	; ????
     220:	00 00       	nop
     222:	80 3f       	cpi	r24, 0xF0	; 240
     224:	08 00       	.word	0x0008	; ????
     226:	00 00       	nop
     228:	be 92       	st	-X, r11
     22a:	24 49       	sbci	r18, 0x94	; 148
     22c:	12 3e       	cpi	r17, 0xE2	; 226
     22e:	ab aa       	std	Y+51, r10	; 0x33
     230:	aa 2a       	or	r10, r26
     232:	be cd       	rjmp	.-1156   	; 0xfffffdb0 <__eeprom_end+0xff7efdb0>
     234:	cc cc       	rjmp	.-1640   	; 0xfffffbce <__eeprom_end+0xff7efbce>
     236:	4c 3e       	cpi	r20, 0xEC	; 236
     238:	00 00       	nop
     23a:	00 80       	ld	r0, Z
     23c:	be ab       	std	Y+54, r27	; 0x36
     23e:	aa aa       	std	Y+50, r10	; 0x32
     240:	aa 3e       	cpi	r26, 0xEA	; 234
     242:	00 00       	nop
     244:	00 00       	nop
     246:	bf 00       	.word	0x00bf	; ????
     248:	00 00       	nop
     24a:	80 3f       	cpi	r24, 0xF0	; 240
     24c:	00 00       	nop
     24e:	00 00       	nop
     250:	00 08       	sbc	r0, r0
     252:	41 78       	andi	r20, 0x81	; 129
     254:	d3 bb       	out	0x13, r29	; 19
     256:	43 87       	std	Z+11, r20	; 0x0b
     258:	d1 13       	cpse	r29, r17
     25a:	3d 19       	sub	r19, r13
     25c:	0e 3c       	cpi	r16, 0xCE	; 206
     25e:	c3 bd       	out	0x23, r28	; 35
     260:	42 82       	std	Z+2, r4	; 0x02
     262:	ad 2b       	or	r26, r29
     264:	3e 68       	ori	r19, 0x8E	; 142
     266:	ec 82       	std	Y+4, r14	; 0x04
     268:	76 be       	out	0x36, r7	; 54
     26a:	d9 8f       	std	Y+25, r29	; 0x19
     26c:	e1 a9       	ldd	r30, Z+49	; 0x31
     26e:	3e 4c       	sbci	r19, 0xCE	; 206
     270:	80 ef       	ldi	r24, 0xF0	; 240
     272:	ff be       	out	0x3f, r15	; 63
     274:	01 c4       	rjmp	.+2050   	; 0xa78 <DriverMotorSet+0x17a>
     276:	ff 7f       	andi	r31, 0xFF	; 255
     278:	3f 00       	.word	0x003f	; ????
     27a:	00 00       	nop
	...

0000027e <__trampolines_start>:
     27e:	0c 94 66 09 	jmp	0x12cc	; 0x12cc <stdio_getchar>
     282:	0c 94 41 09 	jmp	0x1282	; 0x1282 <stdio_putchar>

00000286 <__trampolines_end>:
     286:	6e 61       	ori	r22, 0x1E	; 30
     288:	6e 00       	.word	0x006e	; ????

0000028a <__c.2332>:
     28a:	69 6e 66 00 00 40 7a 10 f3 5a 00 a0 72 4e 18 09     inf..@z..Z..rN..
     29a:	00 10 a5 d4 e8 00 00 e8 76 48 17 00 00 e4 0b 54     ........vH.....T
     2aa:	02 00 00 ca 9a 3b 00 00 00 e1 f5 05 00 00 80 96     .....;..........
     2ba:	98 00 00 00 40 42 0f 00 00 00 a0 86 01 00 00 00     ....@B..........
     2ca:	10 27 00 00 00 00 e8 03 00 00 00 00 64 00 00 00     .'..........d...
     2da:	00 00 0a 00 00 00 00 00 01 00 00 00 00 00 2c 76     ..............,v
     2ea:	d8 88 dc 67 4f 08 23 df c1 df ae 59 e1 b1 b7 96     ...gO.#....Y....
     2fa:	e5 e3 e4 53 c6 3a e6 51 99 76 96 e8 e6 c2 84 26     ...S.:.Q.v.....&
     30a:	eb 89 8c 9b 62 ed 40 7c 6f fc ef bc 9c 9f 40 f2     ....b.@|o.....@.
     31a:	ba a5 6f a5 f4 90 05 5a 2a f7 5c 93 6b 6c f9 67     ..o....Z*.\.kl.g
     32a:	6d c1 1b fc e0 e4 0d 47 fe f5 20 e6 b5 00 d0 ed     m......G.. .....
     33a:	90 2e 03 00 94 35 77 05 00 80 84 1e 08 00 00 20     .....5w........ 
     34a:	4e 0a 00 00 00 c8 0c 33 33 33 33 0f 98 6e 12 83     N......3333..n..
     35a:	11 41 ef 8d 21 14 89 3b e6 55 16 cf fe e6 db 18     .A..!..;.U......
     36a:	d1 84 4b 38 1b f7 7c 1d 90 1d a4 bb e4 24 20 32     ..K8..|......$ 2
     37a:	84 72 5e 22 81 00 c9 f1 24 ec a1 e5 3d 27           .r^"....$...='

00000388 <__c.2474>:
     388:	63 64 69 6e 6f 70 73 75 78 58 5b 00                 cdinopsuxX[.

00000394 <__ctors_end>:
     394:	11 24       	eor	r1, r1
     396:	1f be       	out	0x3f, r1	; 63
     398:	cf ef       	ldi	r28, 0xFF	; 255
     39a:	cd bf       	out	0x3d, r28	; 61
     39c:	df e9       	ldi	r29, 0x9F	; 159
     39e:	de bf       	out	0x3e, r29	; 62
     3a0:	00 e0       	ldi	r16, 0x00	; 0
     3a2:	0c bf       	out	0x3c, r16	; 60

000003a4 <__do_copy_data>:
     3a4:	10 e2       	ldi	r17, 0x20	; 32
     3a6:	a0 e0       	ldi	r26, 0x00	; 0
     3a8:	b0 e2       	ldi	r27, 0x20	; 32
     3aa:	ea e0       	ldi	r30, 0x0A	; 10
     3ac:	f0 e3       	ldi	r31, 0x30	; 48
     3ae:	00 e0       	ldi	r16, 0x00	; 0
     3b0:	0b bf       	out	0x3b, r16	; 59
     3b2:	02 c0       	rjmp	.+4      	; 0x3b8 <__do_copy_data+0x14>
     3b4:	07 90       	elpm	r0, Z+
     3b6:	0d 92       	st	X+, r0
     3b8:	aa 38       	cpi	r26, 0x8A	; 138
     3ba:	b1 07       	cpc	r27, r17
     3bc:	d9 f7       	brne	.-10     	; 0x3b4 <__do_copy_data+0x10>

000003be <__do_clear_bss>:
     3be:	20 e2       	ldi	r18, 0x20	; 32
     3c0:	aa e8       	ldi	r26, 0x8A	; 138
     3c2:	b0 e2       	ldi	r27, 0x20	; 32
     3c4:	01 c0       	rjmp	.+2      	; 0x3c8 <.do_clear_bss_start>

000003c6 <.do_clear_bss_loop>:
     3c6:	1d 92       	st	X+, r1

000003c8 <.do_clear_bss_start>:
     3c8:	a3 3c       	cpi	r26, 0xC3	; 195
     3ca:	b2 07       	cpc	r27, r18
     3cc:	e1 f7       	brne	.-8      	; 0x3c6 <.do_clear_bss_loop>
     3ce:	0e 94 9b 09 	call	0x1336	; 0x1336 <main>
     3d2:	0c 94 03 18 	jmp	0x3006	; 0x3006 <_exit>

000003d6 <__bad_interrupt>:
     3d6:	0c 94 00 00 	jmp	0	; 0x0 <__vectors>

000003da <DriverAdcInit>:
**/
#include "DriverAdc.h"
#include <avr/io.h>
#include <avr/interrupt.h>

void DriverAdcInit(void) {
     3da:	cf 93       	push	r28
     3dc:	df 93       	push	r29
     3de:	cd b7       	in	r28, 0x3d	; 61
     3e0:	de b7       	in	r29, 0x3e	; 62
	// ADCA.CTRLA=
	// ADCA.CTRLB=
	// ADCA.REFCTRL=
	// ADCA.PRESCALER=
	// ADCA.CH0.INTCTRL=	
}
     3e2:	00 00       	nop
     3e4:	df 91       	pop	r29
     3e6:	cf 91       	pop	r28
     3e8:	08 95       	ret

000003ea <DriverCursorstickInit>:
    * @see https://eliasdh.com
    * @since 10/03/2026
**/
#include "DriverCursorstick.h"

void DriverCursorstickInit(void) {
     3ea:	cf 93       	push	r28
     3ec:	df 93       	push	r29
     3ee:	cd b7       	in	r28, 0x3d	; 61
     3f0:	de b7       	in	r29, 0x3e	; 62
	// Configure PB3-PB7 as inputs
	PORTB.DIRCLR = 0xF8;  // Clear bits 3-7 (0xF8 = 0b11111000) -> input
     3f2:	80 e2       	ldi	r24, 0x20	; 32
     3f4:	96 e0       	ldi	r25, 0x06	; 6
     3f6:	28 ef       	ldi	r18, 0xF8	; 248
     3f8:	fc 01       	movw	r30, r24
     3fa:	22 83       	std	Z+2, r18	; 0x02

	// Enable pull-up and invert on PB3-PB7
	// Invert: pressed switch = '1' in PORTB.IN
	// Pull-up: ensures stable signal when switch is not pressed
	PORTB.PIN3CTRL = PORT_INVEN_bm | PORT_OPC_PULLUP_gc;  // SWU (Up)
     3fc:	80 e2       	ldi	r24, 0x20	; 32
     3fe:	96 e0       	ldi	r25, 0x06	; 6
     400:	28 e5       	ldi	r18, 0x58	; 88
     402:	fc 01       	movw	r30, r24
     404:	23 8b       	std	Z+19, r18	; 0x13
	PORTB.PIN4CTRL = PORT_INVEN_bm | PORT_OPC_PULLUP_gc;  // SWL (Left)
     406:	80 e2       	ldi	r24, 0x20	; 32
     408:	96 e0       	ldi	r25, 0x06	; 6
     40a:	28 e5       	ldi	r18, 0x58	; 88
     40c:	fc 01       	movw	r30, r24
     40e:	24 8b       	std	Z+20, r18	; 0x14
	PORTB.PIN5CTRL = PORT_INVEN_bm | PORT_OPC_PULLUP_gc;  // SWD (Down)
     410:	80 e2       	ldi	r24, 0x20	; 32
     412:	96 e0       	ldi	r25, 0x06	; 6
     414:	28 e5       	ldi	r18, 0x58	; 88
     416:	fc 01       	movw	r30, r24
     418:	25 8b       	std	Z+21, r18	; 0x15
	PORTB.PIN6CTRL = PORT_INVEN_bm | PORT_OPC_PULLUP_gc;  // SWR (Right)
     41a:	80 e2       	ldi	r24, 0x20	; 32
     41c:	96 e0       	ldi	r25, 0x06	; 6
     41e:	28 e5       	ldi	r18, 0x58	; 88
     420:	fc 01       	movw	r30, r24
     422:	26 8b       	std	Z+22, r18	; 0x16
	PORTB.PIN7CTRL = PORT_INVEN_bm | PORT_OPC_PULLUP_gc;  // SWC (Center)
     424:	80 e2       	ldi	r24, 0x20	; 32
     426:	96 e0       	ldi	r25, 0x06	; 6
     428:	28 e5       	ldi	r18, 0x58	; 88
     42a:	fc 01       	movw	r30, r24
     42c:	27 8b       	std	Z+23, r18	; 0x17
}
     42e:	00 00       	nop
     430:	df 91       	pop	r29
     432:	cf 91       	pop	r28
     434:	08 95       	ret

00000436 <DriverLedInit>:
    * @see https://eliasdh.com
    * @since 10/03/2026
**/
#include "DriverLed.h"

void DriverLedInit(void) {
     436:	cf 93       	push	r28
     438:	df 93       	push	r29
     43a:	cd b7       	in	r28, 0x3d	; 61
     43c:	de b7       	in	r29, 0x3e	; 62
	// Configure PB0, PB1, PB2 as outputs
	PORTB.DIRSET = 0x07;  // Set bits 0-2 as output (0x07 = 0b00000111)
     43e:	80 e2       	ldi	r24, 0x20	; 32
     440:	96 e0       	ldi	r25, 0x06	; 6
     442:	27 e0       	ldi	r18, 0x07	; 7
     444:	fc 01       	movw	r30, r24
     446:	21 83       	std	Z+1, r18	; 0x01

	// Configure PA7 as output
	PORTA.DIRSET = 0x80;  // Set bit 7 as output (0x80 = 0b10000000)
     448:	80 e0       	ldi	r24, 0x00	; 0
     44a:	96 e0       	ldi	r25, 0x06	; 6
     44c:	20 e8       	ldi	r18, 0x80	; 128
     44e:	fc 01       	movw	r30, r24
     450:	21 83       	std	Z+1, r18	; 0x01

	// Enable invert on PB0, PB1, PB2 (active-low LEDs, so invert to make '1' = LED on)
	PORTB.PIN0CTRL = PORT_INVEN_bm;
     452:	80 e2       	ldi	r24, 0x20	; 32
     454:	96 e0       	ldi	r25, 0x06	; 6
     456:	20 e4       	ldi	r18, 0x40	; 64
     458:	fc 01       	movw	r30, r24
     45a:	20 8b       	std	Z+16, r18	; 0x10
	PORTB.PIN1CTRL = PORT_INVEN_bm;
     45c:	80 e2       	ldi	r24, 0x20	; 32
     45e:	96 e0       	ldi	r25, 0x06	; 6
     460:	20 e4       	ldi	r18, 0x40	; 64
     462:	fc 01       	movw	r30, r24
     464:	21 8b       	std	Z+17, r18	; 0x11
	PORTB.PIN2CTRL = PORT_INVEN_bm;
     466:	80 e2       	ldi	r24, 0x20	; 32
     468:	96 e0       	ldi	r25, 0x06	; 6
     46a:	20 e4       	ldi	r18, 0x40	; 64
     46c:	fc 01       	movw	r30, r24
     46e:	22 8b       	std	Z+18, r18	; 0x12

	// Enable invert on PA7
	PORTA.PIN7CTRL = PORT_INVEN_bm;
     470:	80 e0       	ldi	r24, 0x00	; 0
     472:	96 e0       	ldi	r25, 0x06	; 6
     474:	20 e4       	ldi	r18, 0x40	; 64
     476:	fc 01       	movw	r30, r24
     478:	27 8b       	std	Z+23, r18	; 0x17
}
     47a:	00 00       	nop
     47c:	df 91       	pop	r29
     47e:	cf 91       	pop	r28
     480:	08 95       	ret

00000482 <__vector_2>:
// Without volatile, the compiler may cache values and miss interrupt-driven updates.
static volatile int16_t encoderPosA = 0; // Encoder pulse counter for motor A.
static volatile int16_t encoderPosB = 0; // Encoder pulse counter for motor B.

// Interrupt for encoder A, phase A (PC6).
ISR(PORTC_INT0_vect) {
     482:	1f 92       	push	r1
     484:	0f 92       	push	r0
     486:	00 90 3f 00 	lds	r0, 0x003F	; 0x80003f <__TEXT_REGION_LENGTH__+0x70003f>
     48a:	0f 92       	push	r0
     48c:	11 24       	eor	r1, r1
     48e:	00 90 3b 00 	lds	r0, 0x003B	; 0x80003b <__TEXT_REGION_LENGTH__+0x70003b>
     492:	0f 92       	push	r0
     494:	2f 93       	push	r18
     496:	3f 93       	push	r19
     498:	8f 93       	push	r24
     49a:	9f 93       	push	r25
     49c:	ef 93       	push	r30
     49e:	ff 93       	push	r31
     4a0:	cf 93       	push	r28
     4a2:	df 93       	push	r29
     4a4:	1f 92       	push	r1
     4a6:	cd b7       	in	r28, 0x3d	; 61
     4a8:	de b7       	in	r29, 0x3e	; 62
	uint8_t pins = PORTC.IN; 										// Read both encoder input levels once.
     4aa:	80 e4       	ldi	r24, 0x40	; 64
     4ac:	96 e0       	ldi	r25, 0x06	; 6
     4ae:	fc 01       	movw	r30, r24
     4b0:	80 85       	ldd	r24, Z+8	; 0x08
     4b2:	89 83       	std	Y+1, r24	; 0x01
	if (pins & PIN6_bm) encoderPosA += (pins & PIN7_bm) ? -1 : +1; 	// (If phase A is currently high) Direction depends on phase B.
     4b4:	89 81       	ldd	r24, Y+1	; 0x01
     4b6:	88 2f       	mov	r24, r24
     4b8:	90 e0       	ldi	r25, 0x00	; 0
     4ba:	80 74       	andi	r24, 0x40	; 64
     4bc:	99 27       	eor	r25, r25
     4be:	89 2b       	or	r24, r25
     4c0:	99 f0       	breq	.+38     	; 0x4e8 <__vector_2+0x66>
     4c2:	89 81       	ldd	r24, Y+1	; 0x01
     4c4:	88 23       	and	r24, r24
     4c6:	1c f4       	brge	.+6      	; 0x4ce <__vector_2+0x4c>
     4c8:	8f ef       	ldi	r24, 0xFF	; 255
     4ca:	9f ef       	ldi	r25, 0xFF	; 255
     4cc:	02 c0       	rjmp	.+4      	; 0x4d2 <__vector_2+0x50>
     4ce:	81 e0       	ldi	r24, 0x01	; 1
     4d0:	90 e0       	ldi	r25, 0x00	; 0
     4d2:	20 91 8a 20 	lds	r18, 0x208A	; 0x80208a <__data_end>
     4d6:	30 91 8b 20 	lds	r19, 0x208B	; 0x80208b <__data_end+0x1>
     4da:	82 0f       	add	r24, r18
     4dc:	93 1f       	adc	r25, r19
     4de:	80 93 8a 20 	sts	0x208A, r24	; 0x80208a <__data_end>
     4e2:	90 93 8b 20 	sts	0x208B, r25	; 0x80208b <__data_end+0x1>
     4e6:	12 c0       	rjmp	.+36     	; 0x50c <__vector_2+0x8a>
	else encoderPosA += (pins & PIN7_bm) ? +1 : -1; 				// (If phase A is currently low) Direction depends on phase B.
     4e8:	89 81       	ldd	r24, Y+1	; 0x01
     4ea:	88 23       	and	r24, r24
     4ec:	1c f4       	brge	.+6      	; 0x4f4 <__vector_2+0x72>
     4ee:	81 e0       	ldi	r24, 0x01	; 1
     4f0:	90 e0       	ldi	r25, 0x00	; 0
     4f2:	02 c0       	rjmp	.+4      	; 0x4f8 <__vector_2+0x76>
     4f4:	8f ef       	ldi	r24, 0xFF	; 255
     4f6:	9f ef       	ldi	r25, 0xFF	; 255
     4f8:	20 91 8a 20 	lds	r18, 0x208A	; 0x80208a <__data_end>
     4fc:	30 91 8b 20 	lds	r19, 0x208B	; 0x80208b <__data_end+0x1>
     500:	82 0f       	add	r24, r18
     502:	93 1f       	adc	r25, r19
     504:	80 93 8a 20 	sts	0x208A, r24	; 0x80208a <__data_end>
     508:	90 93 8b 20 	sts	0x208B, r25	; 0x80208b <__data_end+0x1>
	PORTC.INTFLAGS = PORT_INT0IF_bm; 								// Clear INT0 interrupt flag on PORTC.
     50c:	80 e4       	ldi	r24, 0x40	; 64
     50e:	96 e0       	ldi	r25, 0x06	; 6
     510:	21 e0       	ldi	r18, 0x01	; 1
     512:	fc 01       	movw	r30, r24
     514:	24 87       	std	Z+12, r18	; 0x0c
}
     516:	00 00       	nop
     518:	0f 90       	pop	r0
     51a:	df 91       	pop	r29
     51c:	cf 91       	pop	r28
     51e:	ff 91       	pop	r31
     520:	ef 91       	pop	r30
     522:	9f 91       	pop	r25
     524:	8f 91       	pop	r24
     526:	3f 91       	pop	r19
     528:	2f 91       	pop	r18
     52a:	0f 90       	pop	r0
     52c:	00 92 3b 00 	sts	0x003B, r0	; 0x80003b <__TEXT_REGION_LENGTH__+0x70003b>
     530:	0f 90       	pop	r0
     532:	00 92 3f 00 	sts	0x003F, r0	; 0x80003f <__TEXT_REGION_LENGTH__+0x70003f>
     536:	0f 90       	pop	r0
     538:	1f 90       	pop	r1
     53a:	18 95       	reti

0000053c <__vector_3>:

// Interrupt for encoder A, phase B (PC7).
ISR(PORTC_INT1_vect) {
     53c:	1f 92       	push	r1
     53e:	0f 92       	push	r0
     540:	00 90 3f 00 	lds	r0, 0x003F	; 0x80003f <__TEXT_REGION_LENGTH__+0x70003f>
     544:	0f 92       	push	r0
     546:	11 24       	eor	r1, r1
     548:	00 90 3b 00 	lds	r0, 0x003B	; 0x80003b <__TEXT_REGION_LENGTH__+0x70003b>
     54c:	0f 92       	push	r0
     54e:	2f 93       	push	r18
     550:	3f 93       	push	r19
     552:	8f 93       	push	r24
     554:	9f 93       	push	r25
     556:	ef 93       	push	r30
     558:	ff 93       	push	r31
     55a:	cf 93       	push	r28
     55c:	df 93       	push	r29
     55e:	1f 92       	push	r1
     560:	cd b7       	in	r28, 0x3d	; 61
     562:	de b7       	in	r29, 0x3e	; 62
	uint8_t pins = PORTC.IN;										// Read both encoder input levels once.
     564:	80 e4       	ldi	r24, 0x40	; 64
     566:	96 e0       	ldi	r25, 0x06	; 6
     568:	fc 01       	movw	r30, r24
     56a:	80 85       	ldd	r24, Z+8	; 0x08
     56c:	89 83       	std	Y+1, r24	; 0x01
	if (pins & PIN7_bm) encoderPosA += (pins & PIN6_bm) ? +1 : -1; 	// (If phase B is currently high) Direction depends on phase A.
     56e:	89 81       	ldd	r24, Y+1	; 0x01
     570:	88 23       	and	r24, r24
     572:	bc f4       	brge	.+46     	; 0x5a2 <__vector_3+0x66>
     574:	89 81       	ldd	r24, Y+1	; 0x01
     576:	88 2f       	mov	r24, r24
     578:	90 e0       	ldi	r25, 0x00	; 0
     57a:	80 74       	andi	r24, 0x40	; 64
     57c:	99 27       	eor	r25, r25
     57e:	89 2b       	or	r24, r25
     580:	19 f0       	breq	.+6      	; 0x588 <__vector_3+0x4c>
     582:	81 e0       	ldi	r24, 0x01	; 1
     584:	90 e0       	ldi	r25, 0x00	; 0
     586:	02 c0       	rjmp	.+4      	; 0x58c <__vector_3+0x50>
     588:	8f ef       	ldi	r24, 0xFF	; 255
     58a:	9f ef       	ldi	r25, 0xFF	; 255
     58c:	20 91 8a 20 	lds	r18, 0x208A	; 0x80208a <__data_end>
     590:	30 91 8b 20 	lds	r19, 0x208B	; 0x80208b <__data_end+0x1>
     594:	82 0f       	add	r24, r18
     596:	93 1f       	adc	r25, r19
     598:	80 93 8a 20 	sts	0x208A, r24	; 0x80208a <__data_end>
     59c:	90 93 8b 20 	sts	0x208B, r25	; 0x80208b <__data_end+0x1>
     5a0:	16 c0       	rjmp	.+44     	; 0x5ce <__vector_3+0x92>
	else encoderPosA += (pins & PIN6_bm) ? -1 : +1;					// (If phase B is currently low) Direction depends on phase A.
     5a2:	89 81       	ldd	r24, Y+1	; 0x01
     5a4:	88 2f       	mov	r24, r24
     5a6:	90 e0       	ldi	r25, 0x00	; 0
     5a8:	80 74       	andi	r24, 0x40	; 64
     5aa:	99 27       	eor	r25, r25
     5ac:	89 2b       	or	r24, r25
     5ae:	19 f0       	breq	.+6      	; 0x5b6 <__vector_3+0x7a>
     5b0:	8f ef       	ldi	r24, 0xFF	; 255
     5b2:	9f ef       	ldi	r25, 0xFF	; 255
     5b4:	02 c0       	rjmp	.+4      	; 0x5ba <__vector_3+0x7e>
     5b6:	81 e0       	ldi	r24, 0x01	; 1
     5b8:	90 e0       	ldi	r25, 0x00	; 0
     5ba:	20 91 8a 20 	lds	r18, 0x208A	; 0x80208a <__data_end>
     5be:	30 91 8b 20 	lds	r19, 0x208B	; 0x80208b <__data_end+0x1>
     5c2:	82 0f       	add	r24, r18
     5c4:	93 1f       	adc	r25, r19
     5c6:	80 93 8a 20 	sts	0x208A, r24	; 0x80208a <__data_end>
     5ca:	90 93 8b 20 	sts	0x208B, r25	; 0x80208b <__data_end+0x1>
	PORTC.INTFLAGS = PORT_INT1IF_bm;								// Clear INT1 interrupt flag on PORTC.
     5ce:	80 e4       	ldi	r24, 0x40	; 64
     5d0:	96 e0       	ldi	r25, 0x06	; 6
     5d2:	22 e0       	ldi	r18, 0x02	; 2
     5d4:	fc 01       	movw	r30, r24
     5d6:	24 87       	std	Z+12, r18	; 0x0c
}
     5d8:	00 00       	nop
     5da:	0f 90       	pop	r0
     5dc:	df 91       	pop	r29
     5de:	cf 91       	pop	r28
     5e0:	ff 91       	pop	r31
     5e2:	ef 91       	pop	r30
     5e4:	9f 91       	pop	r25
     5e6:	8f 91       	pop	r24
     5e8:	3f 91       	pop	r19
     5ea:	2f 91       	pop	r18
     5ec:	0f 90       	pop	r0
     5ee:	00 92 3b 00 	sts	0x003B, r0	; 0x80003b <__TEXT_REGION_LENGTH__+0x70003b>
     5f2:	0f 90       	pop	r0
     5f4:	00 92 3f 00 	sts	0x003F, r0	; 0x80003f <__TEXT_REGION_LENGTH__+0x70003f>
     5f8:	0f 90       	pop	r0
     5fa:	1f 90       	pop	r1
     5fc:	18 95       	reti

000005fe <__vector_43>:

// Interrupt for encoder B, phase A (PE4).
ISR(PORTE_INT0_vect) {
     5fe:	1f 92       	push	r1
     600:	0f 92       	push	r0
     602:	00 90 3f 00 	lds	r0, 0x003F	; 0x80003f <__TEXT_REGION_LENGTH__+0x70003f>
     606:	0f 92       	push	r0
     608:	11 24       	eor	r1, r1
     60a:	00 90 3b 00 	lds	r0, 0x003B	; 0x80003b <__TEXT_REGION_LENGTH__+0x70003b>
     60e:	0f 92       	push	r0
     610:	2f 93       	push	r18
     612:	3f 93       	push	r19
     614:	8f 93       	push	r24
     616:	9f 93       	push	r25
     618:	ef 93       	push	r30
     61a:	ff 93       	push	r31
     61c:	cf 93       	push	r28
     61e:	df 93       	push	r29
     620:	1f 92       	push	r1
     622:	cd b7       	in	r28, 0x3d	; 61
     624:	de b7       	in	r29, 0x3e	; 62
	uint8_t pins = PORTE.IN;										// Read both encoder input levels once.
     626:	80 e8       	ldi	r24, 0x80	; 128
     628:	96 e0       	ldi	r25, 0x06	; 6
     62a:	fc 01       	movw	r30, r24
     62c:	80 85       	ldd	r24, Z+8	; 0x08
     62e:	89 83       	std	Y+1, r24	; 0x01
	if (pins & PIN4_bm) encoderPosB += (pins & PIN5_bm) ? -1 : +1; 	// (If phase A is currently high) Direction depends on phase B.
     630:	89 81       	ldd	r24, Y+1	; 0x01
     632:	88 2f       	mov	r24, r24
     634:	90 e0       	ldi	r25, 0x00	; 0
     636:	80 71       	andi	r24, 0x10	; 16
     638:	99 27       	eor	r25, r25
     63a:	89 2b       	or	r24, r25
     63c:	b9 f0       	breq	.+46     	; 0x66c <__vector_43+0x6e>
     63e:	89 81       	ldd	r24, Y+1	; 0x01
     640:	88 2f       	mov	r24, r24
     642:	90 e0       	ldi	r25, 0x00	; 0
     644:	80 72       	andi	r24, 0x20	; 32
     646:	99 27       	eor	r25, r25
     648:	89 2b       	or	r24, r25
     64a:	19 f0       	breq	.+6      	; 0x652 <__vector_43+0x54>
     64c:	8f ef       	ldi	r24, 0xFF	; 255
     64e:	9f ef       	ldi	r25, 0xFF	; 255
     650:	02 c0       	rjmp	.+4      	; 0x656 <__vector_43+0x58>
     652:	81 e0       	ldi	r24, 0x01	; 1
     654:	90 e0       	ldi	r25, 0x00	; 0
     656:	20 91 8c 20 	lds	r18, 0x208C	; 0x80208c <encoderPosB>
     65a:	30 91 8d 20 	lds	r19, 0x208D	; 0x80208d <encoderPosB+0x1>
     65e:	82 0f       	add	r24, r18
     660:	93 1f       	adc	r25, r19
     662:	80 93 8c 20 	sts	0x208C, r24	; 0x80208c <encoderPosB>
     666:	90 93 8d 20 	sts	0x208D, r25	; 0x80208d <encoderPosB+0x1>
     66a:	16 c0       	rjmp	.+44     	; 0x698 <__vector_43+0x9a>
	else encoderPosB += (pins & PIN5_bm) ? +1 : -1;					// (If phase A is currently low) Direction depends on phase B.
     66c:	89 81       	ldd	r24, Y+1	; 0x01
     66e:	88 2f       	mov	r24, r24
     670:	90 e0       	ldi	r25, 0x00	; 0
     672:	80 72       	andi	r24, 0x20	; 32
     674:	99 27       	eor	r25, r25
     676:	89 2b       	or	r24, r25
     678:	19 f0       	breq	.+6      	; 0x680 <__vector_43+0x82>
     67a:	81 e0       	ldi	r24, 0x01	; 1
     67c:	90 e0       	ldi	r25, 0x00	; 0
     67e:	02 c0       	rjmp	.+4      	; 0x684 <__vector_43+0x86>
     680:	8f ef       	ldi	r24, 0xFF	; 255
     682:	9f ef       	ldi	r25, 0xFF	; 255
     684:	20 91 8c 20 	lds	r18, 0x208C	; 0x80208c <encoderPosB>
     688:	30 91 8d 20 	lds	r19, 0x208D	; 0x80208d <encoderPosB+0x1>
     68c:	82 0f       	add	r24, r18
     68e:	93 1f       	adc	r25, r19
     690:	80 93 8c 20 	sts	0x208C, r24	; 0x80208c <encoderPosB>
     694:	90 93 8d 20 	sts	0x208D, r25	; 0x80208d <encoderPosB+0x1>
	PORTE.INTFLAGS = PORT_INT0IF_bm;								// Clear INT0 interrupt flag on PORTE.
     698:	80 e8       	ldi	r24, 0x80	; 128
     69a:	96 e0       	ldi	r25, 0x06	; 6
     69c:	21 e0       	ldi	r18, 0x01	; 1
     69e:	fc 01       	movw	r30, r24
     6a0:	24 87       	std	Z+12, r18	; 0x0c
}
     6a2:	00 00       	nop
     6a4:	0f 90       	pop	r0
     6a6:	df 91       	pop	r29
     6a8:	cf 91       	pop	r28
     6aa:	ff 91       	pop	r31
     6ac:	ef 91       	pop	r30
     6ae:	9f 91       	pop	r25
     6b0:	8f 91       	pop	r24
     6b2:	3f 91       	pop	r19
     6b4:	2f 91       	pop	r18
     6b6:	0f 90       	pop	r0
     6b8:	00 92 3b 00 	sts	0x003B, r0	; 0x80003b <__TEXT_REGION_LENGTH__+0x70003b>
     6bc:	0f 90       	pop	r0
     6be:	00 92 3f 00 	sts	0x003F, r0	; 0x80003f <__TEXT_REGION_LENGTH__+0x70003f>
     6c2:	0f 90       	pop	r0
     6c4:	1f 90       	pop	r1
     6c6:	18 95       	reti

000006c8 <__vector_44>:

// Interrupt for encoder B, phase B (PE5).
ISR(PORTE_INT1_vect) {
     6c8:	1f 92       	push	r1
     6ca:	0f 92       	push	r0
     6cc:	00 90 3f 00 	lds	r0, 0x003F	; 0x80003f <__TEXT_REGION_LENGTH__+0x70003f>
     6d0:	0f 92       	push	r0
     6d2:	11 24       	eor	r1, r1
     6d4:	00 90 3b 00 	lds	r0, 0x003B	; 0x80003b <__TEXT_REGION_LENGTH__+0x70003b>
     6d8:	0f 92       	push	r0
     6da:	2f 93       	push	r18
     6dc:	3f 93       	push	r19
     6de:	8f 93       	push	r24
     6e0:	9f 93       	push	r25
     6e2:	ef 93       	push	r30
     6e4:	ff 93       	push	r31
     6e6:	cf 93       	push	r28
     6e8:	df 93       	push	r29
     6ea:	1f 92       	push	r1
     6ec:	cd b7       	in	r28, 0x3d	; 61
     6ee:	de b7       	in	r29, 0x3e	; 62
	uint8_t pins = PORTE.IN;										// Read both encoder input levels once.
     6f0:	80 e8       	ldi	r24, 0x80	; 128
     6f2:	96 e0       	ldi	r25, 0x06	; 6
     6f4:	fc 01       	movw	r30, r24
     6f6:	80 85       	ldd	r24, Z+8	; 0x08
     6f8:	89 83       	std	Y+1, r24	; 0x01
	if (pins & PIN5_bm) encoderPosB += (pins & PIN4_bm) ? +1 : -1; 	// (If phase B is currently high) Direction depends on phase A.
     6fa:	89 81       	ldd	r24, Y+1	; 0x01
     6fc:	88 2f       	mov	r24, r24
     6fe:	90 e0       	ldi	r25, 0x00	; 0
     700:	80 72       	andi	r24, 0x20	; 32
     702:	99 27       	eor	r25, r25
     704:	89 2b       	or	r24, r25
     706:	b9 f0       	breq	.+46     	; 0x736 <__vector_44+0x6e>
     708:	89 81       	ldd	r24, Y+1	; 0x01
     70a:	88 2f       	mov	r24, r24
     70c:	90 e0       	ldi	r25, 0x00	; 0
     70e:	80 71       	andi	r24, 0x10	; 16
     710:	99 27       	eor	r25, r25
     712:	89 2b       	or	r24, r25
     714:	19 f0       	breq	.+6      	; 0x71c <__vector_44+0x54>
     716:	81 e0       	ldi	r24, 0x01	; 1
     718:	90 e0       	ldi	r25, 0x00	; 0
     71a:	02 c0       	rjmp	.+4      	; 0x720 <__vector_44+0x58>
     71c:	8f ef       	ldi	r24, 0xFF	; 255
     71e:	9f ef       	ldi	r25, 0xFF	; 255
     720:	20 91 8c 20 	lds	r18, 0x208C	; 0x80208c <encoderPosB>
     724:	30 91 8d 20 	lds	r19, 0x208D	; 0x80208d <encoderPosB+0x1>
     728:	82 0f       	add	r24, r18
     72a:	93 1f       	adc	r25, r19
     72c:	80 93 8c 20 	sts	0x208C, r24	; 0x80208c <encoderPosB>
     730:	90 93 8d 20 	sts	0x208D, r25	; 0x80208d <encoderPosB+0x1>
     734:	16 c0       	rjmp	.+44     	; 0x762 <__vector_44+0x9a>
	else encoderPosB += (pins & PIN4_bm) ? -1 : +1;					// (If phase B is currently low) Direction depends on phase A.
     736:	89 81       	ldd	r24, Y+1	; 0x01
     738:	88 2f       	mov	r24, r24
     73a:	90 e0       	ldi	r25, 0x00	; 0
     73c:	80 71       	andi	r24, 0x10	; 16
     73e:	99 27       	eor	r25, r25
     740:	89 2b       	or	r24, r25
     742:	19 f0       	breq	.+6      	; 0x74a <__vector_44+0x82>
     744:	8f ef       	ldi	r24, 0xFF	; 255
     746:	9f ef       	ldi	r25, 0xFF	; 255
     748:	02 c0       	rjmp	.+4      	; 0x74e <__vector_44+0x86>
     74a:	81 e0       	ldi	r24, 0x01	; 1
     74c:	90 e0       	ldi	r25, 0x00	; 0
     74e:	20 91 8c 20 	lds	r18, 0x208C	; 0x80208c <encoderPosB>
     752:	30 91 8d 20 	lds	r19, 0x208D	; 0x80208d <encoderPosB+0x1>
     756:	82 0f       	add	r24, r18
     758:	93 1f       	adc	r25, r19
     75a:	80 93 8c 20 	sts	0x208C, r24	; 0x80208c <encoderPosB>
     75e:	90 93 8d 20 	sts	0x208D, r25	; 0x80208d <encoderPosB+0x1>
	PORTE.INTFLAGS = PORT_INT1IF_bm;								// Clear INT1 interrupt flag on PORTE.
     762:	80 e8       	ldi	r24, 0x80	; 128
     764:	96 e0       	ldi	r25, 0x06	; 6
     766:	22 e0       	ldi	r18, 0x02	; 2
     768:	fc 01       	movw	r30, r24
     76a:	24 87       	std	Z+12, r18	; 0x0c
}
     76c:	00 00       	nop
     76e:	0f 90       	pop	r0
     770:	df 91       	pop	r29
     772:	cf 91       	pop	r28
     774:	ff 91       	pop	r31
     776:	ef 91       	pop	r30
     778:	9f 91       	pop	r25
     77a:	8f 91       	pop	r24
     77c:	3f 91       	pop	r19
     77e:	2f 91       	pop	r18
     780:	0f 90       	pop	r0
     782:	00 92 3b 00 	sts	0x003B, r0	; 0x80003b <__TEXT_REGION_LENGTH__+0x70003b>
     786:	0f 90       	pop	r0
     788:	00 92 3f 00 	sts	0x003F, r0	; 0x80003f <__TEXT_REGION_LENGTH__+0x70003f>
     78c:	0f 90       	pop	r0
     78e:	1f 90       	pop	r1
     790:	18 95       	reti

00000792 <DriverMotorInit>:

void DriverMotorInit(void) {
     792:	cf 93       	push	r28
     794:	df 93       	push	r29
     796:	cd b7       	in	r28, 0x3d	; 61
     798:	de b7       	in	r29, 0x3e	; 62
	// Enable medium-level interrupts in PMIC.
	PMIC.CTRL |= 0x02;
     79a:	80 ea       	ldi	r24, 0xA0	; 160
     79c:	90 e0       	ldi	r25, 0x00	; 0
     79e:	20 ea       	ldi	r18, 0xA0	; 160
     7a0:	30 e0       	ldi	r19, 0x00	; 0
     7a2:	f9 01       	movw	r30, r18
     7a4:	22 81       	ldd	r18, Z+2	; 0x02
     7a6:	22 60       	ori	r18, 0x02	; 2
     7a8:	fc 01       	movw	r30, r24
     7aa:	22 83       	std	Z+2, r18	; 0x02

	PORTF.DIR |= 0x1F;      // PF0..PF4 as outputs for motor driver control signals.
     7ac:	80 ea       	ldi	r24, 0xA0	; 160
     7ae:	96 e0       	ldi	r25, 0x06	; 6
     7b0:	20 ea       	ldi	r18, 0xA0	; 160
     7b2:	36 e0       	ldi	r19, 0x06	; 6
     7b4:	f9 01       	movw	r30, r18
     7b6:	20 81       	ld	r18, Z
     7b8:	2f 61       	ori	r18, 0x1F	; 31
     7ba:	fc 01       	movw	r30, r24
     7bc:	20 83       	st	Z, r18
	PORTF.PIN0CTRL = 0x00;  // Disable special input options on PF0.
     7be:	80 ea       	ldi	r24, 0xA0	; 160
     7c0:	96 e0       	ldi	r25, 0x06	; 6
     7c2:	fc 01       	movw	r30, r24
     7c4:	10 8a       	std	Z+16, r1	; 0x10
	PORTF.PIN1CTRL = 0x00;  // Disable special input options on PF1.
     7c6:	80 ea       	ldi	r24, 0xA0	; 160
     7c8:	96 e0       	ldi	r25, 0x06	; 6
     7ca:	fc 01       	movw	r30, r24
     7cc:	11 8a       	std	Z+17, r1	; 0x11
	PORTF.PIN2CTRL = 0x00;  // Disable special input options on PF2.
     7ce:	80 ea       	ldi	r24, 0xA0	; 160
     7d0:	96 e0       	ldi	r25, 0x06	; 6
     7d2:	fc 01       	movw	r30, r24
     7d4:	12 8a       	std	Z+18, r1	; 0x12
	PORTF.PIN3CTRL = 0x00;  // Disable special input options on PF3.
     7d6:	80 ea       	ldi	r24, 0xA0	; 160
     7d8:	96 e0       	ldi	r25, 0x06	; 6
     7da:	fc 01       	movw	r30, r24
     7dc:	13 8a       	std	Z+19, r1	; 0x13
	PORTF.PIN4CTRL = 0x18;  // Enable pull-up on PF4 (motor sleep control line).
     7de:	80 ea       	ldi	r24, 0xA0	; 160
     7e0:	96 e0       	ldi	r25, 0x06	; 6
     7e2:	28 e1       	ldi	r18, 0x18	; 24
     7e4:	fc 01       	movw	r30, r24
     7e6:	24 8b       	std	Z+20, r18	; 0x14

	PORTF.OUT |= 0x10;      // Drive sleep pin high to enable the motor driver.
     7e8:	80 ea       	ldi	r24, 0xA0	; 160
     7ea:	96 e0       	ldi	r25, 0x06	; 6
     7ec:	20 ea       	ldi	r18, 0xA0	; 160
     7ee:	36 e0       	ldi	r19, 0x06	; 6
     7f0:	f9 01       	movw	r30, r18
     7f2:	24 81       	ldd	r18, Z+4	; 0x04
     7f4:	20 61       	ori	r18, 0x10	; 16
     7f6:	fc 01       	movw	r30, r24
     7f8:	24 83       	std	Z+4, r18	; 0x04
	TCF0.CTRLB = 0xF3;      // Single-slope PWM + enable compare channels A/B/C/D.
     7fa:	80 e0       	ldi	r24, 0x00	; 0
     7fc:	9b e0       	ldi	r25, 0x0B	; 11
     7fe:	23 ef       	ldi	r18, 0xF3	; 243
     800:	fc 01       	movw	r30, r24
     802:	21 83       	std	Z+1, r18	; 0x01
	TCF0.CTRLD = 0x00;      // No event actions.
     804:	80 e0       	ldi	r24, 0x00	; 0
     806:	9b e0       	ldi	r25, 0x0B	; 11
     808:	fc 01       	movw	r30, r24
     80a:	13 82       	std	Z+3, r1	; 0x03
	TCF0.CTRLE = 0x00;      // Normal 16-bit mode.
     80c:	80 e0       	ldi	r24, 0x00	; 0
     80e:	9b e0       	ldi	r25, 0x0B	; 11
     810:	fc 01       	movw	r30, r24
     812:	14 82       	std	Z+4, r1	; 0x04
	TCF0.PER = PWM_TOP;     // Set PWM period.
     814:	80 e0       	ldi	r24, 0x00	; 0
     816:	9b e0       	ldi	r25, 0x0B	; 11
     818:	2f e7       	ldi	r18, 0x7F	; 127
     81a:	3c e0       	ldi	r19, 0x0C	; 12
     81c:	fc 01       	movw	r30, r24
     81e:	26 a3       	std	Z+38, r18	; 0x26
     820:	37 a3       	std	Z+39, r19	; 0x27
	TCF0.CTRLA = 0x01;      // Start timer with clk/1 (no prescaler).
     822:	80 e0       	ldi	r24, 0x00	; 0
     824:	9b e0       	ldi	r25, 0x0B	; 11
     826:	21 e0       	ldi	r18, 0x01	; 1
     828:	fc 01       	movw	r30, r24
     82a:	20 83       	st	Z, r18

	// Configure encoder A pins and route both lines to interrupts on any edge.
	PORTC.DIR &= ~0xC0;                         // PC6 and PC7 as inputs.
     82c:	80 e4       	ldi	r24, 0x40	; 64
     82e:	96 e0       	ldi	r25, 0x06	; 6
     830:	20 e4       	ldi	r18, 0x40	; 64
     832:	36 e0       	ldi	r19, 0x06	; 6
     834:	f9 01       	movw	r30, r18
     836:	20 81       	ld	r18, Z
     838:	2f 73       	andi	r18, 0x3F	; 63
     83a:	fc 01       	movw	r30, r24
     83c:	20 83       	st	Z, r18
	PORTC.PIN6CTRL = 0x00;                      // Default pin sense/control for PC6.
     83e:	80 e4       	ldi	r24, 0x40	; 64
     840:	96 e0       	ldi	r25, 0x06	; 6
     842:	fc 01       	movw	r30, r24
     844:	16 8a       	std	Z+22, r1	; 0x16
	PORTC.PIN7CTRL = 0x00;                      // Default pin sense/control for PC7.
     846:	80 e4       	ldi	r24, 0x40	; 64
     848:	96 e0       	ldi	r25, 0x06	; 6
     84a:	fc 01       	movw	r30, r24
     84c:	17 8a       	std	Z+23, r1	; 0x17
	PORTC.INTFLAGS = PORT_INT0IF_bm | PORT_INT1IF_bm; // Clear stale pending flags.
     84e:	80 e4       	ldi	r24, 0x40	; 64
     850:	96 e0       	ldi	r25, 0x06	; 6
     852:	23 e0       	ldi	r18, 0x03	; 3
     854:	fc 01       	movw	r30, r24
     856:	24 87       	std	Z+12, r18	; 0x0c
	PORTC.INT0MASK |= 0x40;                     // Connect PC6 to PORTC INT0 group.
     858:	80 e4       	ldi	r24, 0x40	; 64
     85a:	96 e0       	ldi	r25, 0x06	; 6
     85c:	20 e4       	ldi	r18, 0x40	; 64
     85e:	36 e0       	ldi	r19, 0x06	; 6
     860:	f9 01       	movw	r30, r18
     862:	22 85       	ldd	r18, Z+10	; 0x0a
     864:	20 64       	ori	r18, 0x40	; 64
     866:	fc 01       	movw	r30, r24
     868:	22 87       	std	Z+10, r18	; 0x0a
	PORTC.INT1MASK |= 0x80;                     // Connect PC7 to PORTC INT1 group.
     86a:	80 e4       	ldi	r24, 0x40	; 64
     86c:	96 e0       	ldi	r25, 0x06	; 6
     86e:	20 e4       	ldi	r18, 0x40	; 64
     870:	36 e0       	ldi	r19, 0x06	; 6
     872:	f9 01       	movw	r30, r18
     874:	23 85       	ldd	r18, Z+11	; 0x0b
     876:	20 68       	ori	r18, 0x80	; 128
     878:	fc 01       	movw	r30, r24
     87a:	23 87       	std	Z+11, r18	; 0x0b
	PORTC.INTCTRL = (PORTC.INTCTRL & ~0x0F) | 0x0A; // INT0 and INT1 at medium level.
     87c:	80 e4       	ldi	r24, 0x40	; 64
     87e:	96 e0       	ldi	r25, 0x06	; 6
     880:	20 e4       	ldi	r18, 0x40	; 64
     882:	36 e0       	ldi	r19, 0x06	; 6
     884:	f9 01       	movw	r30, r18
     886:	21 85       	ldd	r18, Z+9	; 0x09
     888:	20 7f       	andi	r18, 0xF0	; 240
     88a:	2a 60       	ori	r18, 0x0A	; 10
     88c:	fc 01       	movw	r30, r24
     88e:	21 87       	std	Z+9, r18	; 0x09

	// Configure encoder B pins and route both lines to interrupts on any edge.
	PORTE.DIR &= ~0x30;                         // PE4 and PE5 as inputs.
     890:	80 e8       	ldi	r24, 0x80	; 128
     892:	96 e0       	ldi	r25, 0x06	; 6
     894:	20 e8       	ldi	r18, 0x80	; 128
     896:	36 e0       	ldi	r19, 0x06	; 6
     898:	f9 01       	movw	r30, r18
     89a:	20 81       	ld	r18, Z
     89c:	2f 7c       	andi	r18, 0xCF	; 207
     89e:	fc 01       	movw	r30, r24
     8a0:	20 83       	st	Z, r18
	PORTE.PIN4CTRL = 0x00;                      // Default pin sense/control for PE4.
     8a2:	80 e8       	ldi	r24, 0x80	; 128
     8a4:	96 e0       	ldi	r25, 0x06	; 6
     8a6:	fc 01       	movw	r30, r24
     8a8:	14 8a       	std	Z+20, r1	; 0x14
	PORTE.PIN5CTRL = 0x00;                      // Default pin sense/control for PE5.
     8aa:	80 e8       	ldi	r24, 0x80	; 128
     8ac:	96 e0       	ldi	r25, 0x06	; 6
     8ae:	fc 01       	movw	r30, r24
     8b0:	15 8a       	std	Z+21, r1	; 0x15
	PORTE.INTFLAGS = PORT_INT0IF_bm | PORT_INT1IF_bm; // Clear stale pending flags.
     8b2:	80 e8       	ldi	r24, 0x80	; 128
     8b4:	96 e0       	ldi	r25, 0x06	; 6
     8b6:	23 e0       	ldi	r18, 0x03	; 3
     8b8:	fc 01       	movw	r30, r24
     8ba:	24 87       	std	Z+12, r18	; 0x0c
	PORTE.INT0MASK |= 0x10;                     // Connect PE4 to PORTE INT0 group.
     8bc:	80 e8       	ldi	r24, 0x80	; 128
     8be:	96 e0       	ldi	r25, 0x06	; 6
     8c0:	20 e8       	ldi	r18, 0x80	; 128
     8c2:	36 e0       	ldi	r19, 0x06	; 6
     8c4:	f9 01       	movw	r30, r18
     8c6:	22 85       	ldd	r18, Z+10	; 0x0a
     8c8:	20 61       	ori	r18, 0x10	; 16
     8ca:	fc 01       	movw	r30, r24
     8cc:	22 87       	std	Z+10, r18	; 0x0a
	PORTE.INT1MASK |= 0x20;                     // Connect PE5 to PORTE INT1 group.
     8ce:	80 e8       	ldi	r24, 0x80	; 128
     8d0:	96 e0       	ldi	r25, 0x06	; 6
     8d2:	20 e8       	ldi	r18, 0x80	; 128
     8d4:	36 e0       	ldi	r19, 0x06	; 6
     8d6:	f9 01       	movw	r30, r18
     8d8:	23 85       	ldd	r18, Z+11	; 0x0b
     8da:	20 62       	ori	r18, 0x20	; 32
     8dc:	fc 01       	movw	r30, r24
     8de:	23 87       	std	Z+11, r18	; 0x0b
	PORTE.INTCTRL = (PORTE.INTCTRL & ~0x0F) | 0x0A; // INT0 and INT1 at medium level.
     8e0:	80 e8       	ldi	r24, 0x80	; 128
     8e2:	96 e0       	ldi	r25, 0x06	; 6
     8e4:	20 e8       	ldi	r18, 0x80	; 128
     8e6:	36 e0       	ldi	r19, 0x06	; 6
     8e8:	f9 01       	movw	r30, r18
     8ea:	21 85       	ldd	r18, Z+9	; 0x09
     8ec:	20 7f       	andi	r18, 0xF0	; 240
     8ee:	2a 60       	ori	r18, 0x0A	; 10
     8f0:	fc 01       	movw	r30, r24
     8f2:	21 87       	std	Z+9, r18	; 0x09

	// Enable global interrupts so encoder ISRs can run.
	sei();
     8f4:	78 94       	sei
}
     8f6:	00 00       	nop
     8f8:	df 91       	pop	r29
     8fa:	cf 91       	pop	r28
     8fc:	08 95       	ret

000008fe <DriverMotorSet>:

void DriverMotorSet(int16_t MotorLeft, int16_t MotorRight) {
     8fe:	cf 93       	push	r28
     900:	df 93       	push	r29
     902:	cd b7       	in	r28, 0x3d	; 61
     904:	de b7       	in	r29, 0x3e	; 62
     906:	28 97       	sbiw	r28, 0x08	; 8
     908:	cd bf       	out	0x3d, r28	; 61
     90a:	de bf       	out	0x3e, r29	; 62
     90c:	8d 83       	std	Y+5, r24	; 0x05
     90e:	9e 83       	std	Y+6, r25	; 0x06
     910:	6f 83       	std	Y+7, r22	; 0x07
     912:	78 87       	std	Y+8, r23	; 0x08
	if (MotorLeft > SPEED_SCALE)  MotorLeft = SPEED_SCALE;   // Clamp left command to max.
     914:	8d 81       	ldd	r24, Y+5	; 0x05
     916:	9e 81       	ldd	r25, Y+6	; 0x06
     918:	89 3b       	cpi	r24, 0xB9	; 185
     91a:	9b 40       	sbci	r25, 0x0B	; 11
     91c:	24 f0       	brlt	.+8      	; 0x926 <DriverMotorSet+0x28>
     91e:	88 eb       	ldi	r24, 0xB8	; 184
     920:	9b e0       	ldi	r25, 0x0B	; 11
     922:	8d 83       	std	Y+5, r24	; 0x05
     924:	9e 83       	std	Y+6, r25	; 0x06
	if (MotorLeft < -SPEED_SCALE) MotorLeft = -SPEED_SCALE;  // Clamp left command to min.
     926:	8d 81       	ldd	r24, Y+5	; 0x05
     928:	9e 81       	ldd	r25, Y+6	; 0x06
     92a:	88 34       	cpi	r24, 0x48	; 72
     92c:	94 4f       	sbci	r25, 0xF4	; 244
     92e:	24 f4       	brge	.+8      	; 0x938 <DriverMotorSet+0x3a>
     930:	88 e4       	ldi	r24, 0x48	; 72
     932:	94 ef       	ldi	r25, 0xF4	; 244
     934:	8d 83       	std	Y+5, r24	; 0x05
     936:	9e 83       	std	Y+6, r25	; 0x06
	if (MotorRight > SPEED_SCALE)  MotorRight = SPEED_SCALE; // Clamp right command to max.
     938:	8f 81       	ldd	r24, Y+7	; 0x07
     93a:	98 85       	ldd	r25, Y+8	; 0x08
     93c:	89 3b       	cpi	r24, 0xB9	; 185
     93e:	9b 40       	sbci	r25, 0x0B	; 11
     940:	24 f0       	brlt	.+8      	; 0x94a <DriverMotorSet+0x4c>
     942:	88 eb       	ldi	r24, 0xB8	; 184
     944:	9b e0       	ldi	r25, 0x0B	; 11
     946:	8f 83       	std	Y+7, r24	; 0x07
     948:	98 87       	std	Y+8, r25	; 0x08
	if (MotorRight < -SPEED_SCALE) MotorRight = -SPEED_SCALE;// Clamp right command to min.
     94a:	8f 81       	ldd	r24, Y+7	; 0x07
     94c:	98 85       	ldd	r25, Y+8	; 0x08
     94e:	88 34       	cpi	r24, 0x48	; 72
     950:	94 4f       	sbci	r25, 0xF4	; 244
     952:	24 f4       	brge	.+8      	; 0x95c <DriverMotorSet+0x5e>
     954:	88 e4       	ldi	r24, 0x48	; 72
     956:	94 ef       	ldi	r25, 0xF4	; 244
     958:	8f 83       	std	Y+7, r24	; 0x07
     95a:	98 87       	std	Y+8, r25	; 0x08

	// Convert absolute speed commands to PWM compare values.
	uint16_t dutyL = (uint32_t)(MotorLeft  < 0 ? -MotorLeft  : MotorLeft)  * PWM_TOP / SPEED_SCALE;
     95c:	8d 81       	ldd	r24, Y+5	; 0x05
     95e:	9e 81       	ldd	r25, Y+6	; 0x06
     960:	99 23       	and	r25, r25
     962:	1c f4       	brge	.+6      	; 0x96a <DriverMotorSet+0x6c>
     964:	91 95       	neg	r25
     966:	81 95       	neg	r24
     968:	91 09       	sbc	r25, r1
     96a:	9c 01       	movw	r18, r24
     96c:	99 0f       	add	r25, r25
     96e:	44 0b       	sbc	r20, r20
     970:	55 0b       	sbc	r21, r21
     972:	8f e7       	ldi	r24, 0x7F	; 127
     974:	9c e0       	ldi	r25, 0x0C	; 12
     976:	dc 01       	movw	r26, r24
     978:	0e 94 b7 12 	call	0x256e	; 0x256e <__muluhisi3>
     97c:	dc 01       	movw	r26, r24
     97e:	cb 01       	movw	r24, r22
     980:	28 eb       	ldi	r18, 0xB8	; 184
     982:	3b e0       	ldi	r19, 0x0B	; 11
     984:	40 e0       	ldi	r20, 0x00	; 0
     986:	50 e0       	ldi	r21, 0x00	; 0
     988:	bc 01       	movw	r22, r24
     98a:	cd 01       	movw	r24, r26
     98c:	0e 94 86 12 	call	0x250c	; 0x250c <__udivmodsi4>
     990:	da 01       	movw	r26, r20
     992:	c9 01       	movw	r24, r18
     994:	89 83       	std	Y+1, r24	; 0x01
     996:	9a 83       	std	Y+2, r25	; 0x02
	uint16_t dutyR = (uint32_t)(MotorRight < 0 ? -MotorRight : MotorRight) * PWM_TOP / SPEED_SCALE;
     998:	8f 81       	ldd	r24, Y+7	; 0x07
     99a:	98 85       	ldd	r25, Y+8	; 0x08
     99c:	99 23       	and	r25, r25
     99e:	1c f4       	brge	.+6      	; 0x9a6 <DriverMotorSet+0xa8>
     9a0:	91 95       	neg	r25
     9a2:	81 95       	neg	r24
     9a4:	91 09       	sbc	r25, r1
     9a6:	9c 01       	movw	r18, r24
     9a8:	99 0f       	add	r25, r25
     9aa:	44 0b       	sbc	r20, r20
     9ac:	55 0b       	sbc	r21, r21
     9ae:	8f e7       	ldi	r24, 0x7F	; 127
     9b0:	9c e0       	ldi	r25, 0x0C	; 12
     9b2:	dc 01       	movw	r26, r24
     9b4:	0e 94 b7 12 	call	0x256e	; 0x256e <__muluhisi3>
     9b8:	dc 01       	movw	r26, r24
     9ba:	cb 01       	movw	r24, r22
     9bc:	28 eb       	ldi	r18, 0xB8	; 184
     9be:	3b e0       	ldi	r19, 0x0B	; 11
     9c0:	40 e0       	ldi	r20, 0x00	; 0
     9c2:	50 e0       	ldi	r21, 0x00	; 0
     9c4:	bc 01       	movw	r22, r24
     9c6:	cd 01       	movw	r24, r26
     9c8:	0e 94 86 12 	call	0x250c	; 0x250c <__udivmodsi4>
     9cc:	da 01       	movw	r26, r20
     9ce:	c9 01       	movw	r24, r18
     9d0:	8b 83       	std	Y+3, r24	; 0x03
     9d2:	9c 83       	std	Y+4, r25	; 0x04

    if (MotorLeft > 0) {
     9d4:	8d 81       	ldd	r24, Y+5	; 0x05
     9d6:	9e 81       	ldd	r25, Y+6	; 0x06
     9d8:	18 16       	cp	r1, r24
     9da:	19 06       	cpc	r1, r25
     9dc:	6c f4       	brge	.+26     	; 0x9f8 <DriverMotorSet+0xfa>
        TCF0.CCA = 0;     // Disable backward channel for left motor.
     9de:	80 e0       	ldi	r24, 0x00	; 0
     9e0:	9b e0       	ldi	r25, 0x0B	; 11
     9e2:	fc 01       	movw	r30, r24
     9e4:	10 a6       	std	Z+40, r1	; 0x28
     9e6:	11 a6       	std	Z+41, r1	; 0x29
        TCF0.CCB = dutyL; // Drive forward channel for left motor.
     9e8:	80 e0       	ldi	r24, 0x00	; 0
     9ea:	9b e0       	ldi	r25, 0x0B	; 11
     9ec:	29 81       	ldd	r18, Y+1	; 0x01
     9ee:	3a 81       	ldd	r19, Y+2	; 0x02
     9f0:	fc 01       	movw	r30, r24
     9f2:	22 a7       	std	Z+42, r18	; 0x2a
     9f4:	33 a7       	std	Z+43, r19	; 0x2b
     9f6:	1b c0       	rjmp	.+54     	; 0xa2e <DriverMotorSet+0x130>
    } else if (MotorLeft < 0) {
     9f8:	8d 81       	ldd	r24, Y+5	; 0x05
     9fa:	9e 81       	ldd	r25, Y+6	; 0x06
     9fc:	99 23       	and	r25, r25
     9fe:	6c f4       	brge	.+26     	; 0xa1a <DriverMotorSet+0x11c>
        TCF0.CCA = dutyL; // Drive backward channel for left motor.
     a00:	80 e0       	ldi	r24, 0x00	; 0
     a02:	9b e0       	ldi	r25, 0x0B	; 11
     a04:	29 81       	ldd	r18, Y+1	; 0x01
     a06:	3a 81       	ldd	r19, Y+2	; 0x02
     a08:	fc 01       	movw	r30, r24
     a0a:	20 a7       	std	Z+40, r18	; 0x28
     a0c:	31 a7       	std	Z+41, r19	; 0x29
        TCF0.CCB = 0;     // Disable forward channel for left motor.
     a0e:	80 e0       	ldi	r24, 0x00	; 0
     a10:	9b e0       	ldi	r25, 0x0B	; 11
     a12:	fc 01       	movw	r30, r24
     a14:	12 a6       	std	Z+42, r1	; 0x2a
     a16:	13 a6       	std	Z+43, r1	; 0x2b
     a18:	0a c0       	rjmp	.+20     	; 0xa2e <DriverMotorSet+0x130>
    } else {
		TCF0.CCA = 0; // Stop left motor backward PWM.
     a1a:	80 e0       	ldi	r24, 0x00	; 0
     a1c:	9b e0       	ldi	r25, 0x0B	; 11
     a1e:	fc 01       	movw	r30, r24
     a20:	10 a6       	std	Z+40, r1	; 0x28
     a22:	11 a6       	std	Z+41, r1	; 0x29
		TCF0.CCB = 0; // Stop left motor forward PWM.
     a24:	80 e0       	ldi	r24, 0x00	; 0
     a26:	9b e0       	ldi	r25, 0x0B	; 11
     a28:	fc 01       	movw	r30, r24
     a2a:	12 a6       	std	Z+42, r1	; 0x2a
     a2c:	13 a6       	std	Z+43, r1	; 0x2b
	}

    if (MotorRight >= 0) {
     a2e:	8f 81       	ldd	r24, Y+7	; 0x07
     a30:	98 85       	ldd	r25, Y+8	; 0x08
     a32:	99 23       	and	r25, r25
     a34:	6c f0       	brlt	.+26     	; 0xa50 <DriverMotorSet+0x152>
        TCF0.CCC = dutyR; // Drive forward channel for right motor.
     a36:	80 e0       	ldi	r24, 0x00	; 0
     a38:	9b e0       	ldi	r25, 0x0B	; 11
     a3a:	2b 81       	ldd	r18, Y+3	; 0x03
     a3c:	3c 81       	ldd	r19, Y+4	; 0x04
     a3e:	fc 01       	movw	r30, r24
     a40:	24 a7       	std	Z+44, r18	; 0x2c
     a42:	35 a7       	std	Z+45, r19	; 0x2d
        TCF0.CCD = 0;     // Disable backward channel for right motor.
     a44:	80 e0       	ldi	r24, 0x00	; 0
     a46:	9b e0       	ldi	r25, 0x0B	; 11
     a48:	fc 01       	movw	r30, r24
     a4a:	16 a6       	std	Z+46, r1	; 0x2e
     a4c:	17 a6       	std	Z+47, r1	; 0x2f
        TCF0.CCD = dutyR; // Drive backward channel for right motor.
    } else {
		TCF0.CCC = 0; // Stop right motor forward PWM.
		TCF0.CCD = 0; // Stop right motor backward PWM.
	}
}
     a4e:	1b c0       	rjmp	.+54     	; 0xa86 <DriverMotorSet+0x188>
	}

    if (MotorRight >= 0) {
        TCF0.CCC = dutyR; // Drive forward channel for right motor.
        TCF0.CCD = 0;     // Disable backward channel for right motor.
    } else if (MotorRight < 0){
     a50:	8f 81       	ldd	r24, Y+7	; 0x07
     a52:	98 85       	ldd	r25, Y+8	; 0x08
     a54:	99 23       	and	r25, r25
     a56:	6c f4       	brge	.+26     	; 0xa72 <DriverMotorSet+0x174>
        TCF0.CCC = 0;     // Disable forward channel for right motor.
     a58:	80 e0       	ldi	r24, 0x00	; 0
     a5a:	9b e0       	ldi	r25, 0x0B	; 11
     a5c:	fc 01       	movw	r30, r24
     a5e:	14 a6       	std	Z+44, r1	; 0x2c
     a60:	15 a6       	std	Z+45, r1	; 0x2d
        TCF0.CCD = dutyR; // Drive backward channel for right motor.
     a62:	80 e0       	ldi	r24, 0x00	; 0
     a64:	9b e0       	ldi	r25, 0x0B	; 11
     a66:	2b 81       	ldd	r18, Y+3	; 0x03
     a68:	3c 81       	ldd	r19, Y+4	; 0x04
     a6a:	fc 01       	movw	r30, r24
     a6c:	26 a7       	std	Z+46, r18	; 0x2e
     a6e:	37 a7       	std	Z+47, r19	; 0x2f
    } else {
		TCF0.CCC = 0; // Stop right motor forward PWM.
		TCF0.CCD = 0; // Stop right motor backward PWM.
	}
}
     a70:	0a c0       	rjmp	.+20     	; 0xa86 <DriverMotorSet+0x188>
        TCF0.CCD = 0;     // Disable backward channel for right motor.
    } else if (MotorRight < 0){
        TCF0.CCC = 0;     // Disable forward channel for right motor.
        TCF0.CCD = dutyR; // Drive backward channel for right motor.
    } else {
		TCF0.CCC = 0; // Stop right motor forward PWM.
     a72:	80 e0       	ldi	r24, 0x00	; 0
     a74:	9b e0       	ldi	r25, 0x0B	; 11
     a76:	fc 01       	movw	r30, r24
     a78:	14 a6       	std	Z+44, r1	; 0x2c
     a7a:	15 a6       	std	Z+45, r1	; 0x2d
		TCF0.CCD = 0; // Stop right motor backward PWM.
     a7c:	80 e0       	ldi	r24, 0x00	; 0
     a7e:	9b e0       	ldi	r25, 0x0B	; 11
     a80:	fc 01       	movw	r30, r24
     a82:	16 a6       	std	Z+46, r1	; 0x2e
     a84:	17 a6       	std	Z+47, r1	; 0x2f
	}
}
     a86:	00 00       	nop
     a88:	28 96       	adiw	r28, 0x08	; 8
     a8a:	cd bf       	out	0x3d, r28	; 61
     a8c:	de bf       	out	0x3e, r29	; 62
     a8e:	df 91       	pop	r29
     a90:	cf 91       	pop	r28
     a92:	08 95       	ret

00000a94 <DriverMotorGetEncoder>:

EncoderStruct DriverMotorGetEncoder(void) {
     a94:	cf 93       	push	r28
     a96:	df 93       	push	r29
     a98:	cd b7       	in	r28, 0x3d	; 61
     a9a:	de b7       	in	r29, 0x3e	; 62
     a9c:	25 97       	sbiw	r28, 0x05	; 5
     a9e:	cd bf       	out	0x3d, r28	; 61
     aa0:	de bf       	out	0x3e, r29	; 62
	EncoderStruct encoderPos; // Local copy returned to caller.
	uint8_t sreg_save = SREG; // Save global interrupt enable state.
     aa2:	8f e3       	ldi	r24, 0x3F	; 63
     aa4:	90 e0       	ldi	r25, 0x00	; 0
     aa6:	fc 01       	movw	r30, r24
     aa8:	80 81       	ld	r24, Z
     aaa:	89 83       	std	Y+1, r24	; 0x01
	cli(); // Disable interrupts for an atomic read of both counters.
     aac:	f8 94       	cli
	encoderPos.Cnt1 = encoderPosA; // Copy motor A encoder count.
     aae:	80 91 8a 20 	lds	r24, 0x208A	; 0x80208a <__data_end>
     ab2:	90 91 8b 20 	lds	r25, 0x208B	; 0x80208b <__data_end+0x1>
     ab6:	8a 83       	std	Y+2, r24	; 0x02
     ab8:	9b 83       	std	Y+3, r25	; 0x03
	encoderPos.Cnt2 = encoderPosB; // Copy motor B encoder count.
     aba:	80 91 8c 20 	lds	r24, 0x208C	; 0x80208c <encoderPosB>
     abe:	90 91 8d 20 	lds	r25, 0x208D	; 0x80208d <encoderPosB+0x1>
     ac2:	8c 83       	std	Y+4, r24	; 0x04
     ac4:	9d 83       	std	Y+5, r25	; 0x05
	SREG = sreg_save; // Restore previous interrupt state.
     ac6:	8f e3       	ldi	r24, 0x3F	; 63
     ac8:	90 e0       	ldi	r25, 0x00	; 0
     aca:	29 81       	ldd	r18, Y+1	; 0x01
     acc:	fc 01       	movw	r30, r24
     ace:	20 83       	st	Z, r18
	return encoderPos; // Return consistent snapshot of both encoder counters.
     ad0:	8a 81       	ldd	r24, Y+2	; 0x02
     ad2:	9b 81       	ldd	r25, Y+3	; 0x03
     ad4:	ac 81       	ldd	r26, Y+4	; 0x04
     ad6:	bd 81       	ldd	r27, Y+5	; 0x05
     ad8:	bc 01       	movw	r22, r24
     ada:	cd 01       	movw	r24, r26
     adc:	25 96       	adiw	r28, 0x05	; 5
     ade:	cd bf       	out	0x3d, r28	; 61
     ae0:	de bf       	out	0x3e, r29	; 62
     ae2:	df 91       	pop	r29
     ae4:	cf 91       	pop	r28
     ae6:	08 95       	ret

00000ae8 <DriverPowerInit>:
    * @see https://eliasdh.com
    * @since 10/03/2026
**/
#include "DriverPower.h"

void DriverPowerInit(void) {
     ae8:	cf 93       	push	r28
     aea:	df 93       	push	r29
     aec:	cd b7       	in	r28, 0x3d	; 61
     aee:	de b7       	in	r29, 0x3e	; 62
	PORTC.DIRSET=1<<5;
     af0:	80 e4       	ldi	r24, 0x40	; 64
     af2:	96 e0       	ldi	r25, 0x06	; 6
     af4:	20 e2       	ldi	r18, 0x20	; 32
     af6:	fc 01       	movw	r30, r24
     af8:	21 83       	std	Z+1, r18	; 0x01
}
     afa:	00 00       	nop
     afc:	df 91       	pop	r29
     afe:	cf 91       	pop	r28
     b00:	08 95       	ret

00000b02 <DriverPowerVccAuxSet>:

void DriverPowerVccAuxSet(uint8_t State) {
     b02:	cf 93       	push	r28
     b04:	df 93       	push	r29
     b06:	1f 92       	push	r1
     b08:	cd b7       	in	r28, 0x3d	; 61
     b0a:	de b7       	in	r29, 0x3e	; 62
     b0c:	89 83       	std	Y+1, r24	; 0x01
	if (State) PORTC.OUTSET=1<<5;
     b0e:	89 81       	ldd	r24, Y+1	; 0x01
     b10:	88 23       	and	r24, r24
     b12:	31 f0       	breq	.+12     	; 0xb20 <DriverPowerVccAuxSet+0x1e>
     b14:	80 e4       	ldi	r24, 0x40	; 64
     b16:	96 e0       	ldi	r25, 0x06	; 6
     b18:	20 e2       	ldi	r18, 0x20	; 32
     b1a:	fc 01       	movw	r30, r24
     b1c:	25 83       	std	Z+5, r18	; 0x05
	else PORTC.OUTCLR=1<<5;
     b1e:	05 c0       	rjmp	.+10     	; 0xb2a <DriverPowerVccAuxSet+0x28>
	PORTC.DIRSET=1<<5;
}

void DriverPowerVccAuxSet(uint8_t State) {
	if (State) PORTC.OUTSET=1<<5;
	else PORTC.OUTCLR=1<<5;
     b20:	80 e4       	ldi	r24, 0x40	; 64
     b22:	96 e0       	ldi	r25, 0x06	; 6
     b24:	20 e2       	ldi	r18, 0x20	; 32
     b26:	fc 01       	movw	r30, r24
     b28:	26 83       	std	Z+6, r18	; 0x06
     b2a:	00 00       	nop
     b2c:	0f 90       	pop	r0
     b2e:	df 91       	pop	r29
     b30:	cf 91       	pop	r28
     b32:	08 95       	ret

00000b34 <DriverSysClkXtalInit>:
    uint8_t Mult;
    if (F_XTAL<400E3) return -1;
    if (F_XTAL<=2E6) OSC.XOSCCTRL=0b00001011;
    else if(F_XTAL<=9E6) OSC.XOSCCTRL=0b01001011;
    else if(F_XTAL<=12E6) OSC.XOSCCTRL=0b10001011;
    else if(F_XTAL<=16E6) OSC.XOSCCTRL=0b11001011;
     b34:	8b ec       	ldi	r24, 0xCB	; 203
     b36:	80 93 52 00 	sts	0x0052, r24	; 0x800052 <__TEXT_REGION_LENGTH__+0x700052>
    else return -1;
    OSC.CTRL=0b01000;
     b3a:	88 e0       	ldi	r24, 0x08	; 8
     b3c:	80 93 50 00 	sts	0x0050, r24	; 0x800050 <__TEXT_REGION_LENGTH__+0x700050>

    while (!(OSC.STATUS&0b1000)); 
     b40:	80 91 51 00 	lds	r24, 0x0051	; 0x800051 <__TEXT_REGION_LENGTH__+0x700051>
     b44:	83 ff       	sbrs	r24, 3
     b46:	fc cf       	rjmp	.-8      	; 0xb40 <DriverSysClkXtalInit+0xc>
	}	
	else if (F_CPU>F_XTAL) {
		Mult=F_CPU/F_XTAL;
		if (Mult>31) return -1;
		if (F_XTAL * (uint32_t) Mult !=F_CPU) return -1;
		OSC.PLLCTRL=0b11000000 | (Mult);
     b48:	82 ec       	ldi	r24, 0xC2	; 194
     b4a:	80 93 55 00 	sts	0x0055, r24	; 0x800055 <__TEXT_REGION_LENGTH__+0x700055>
		OSC.CTRL=0b00011000;
     b4e:	88 e1       	ldi	r24, 0x18	; 24
     b50:	80 93 50 00 	sts	0x0050, r24	; 0x800050 <__TEXT_REGION_LENGTH__+0x700050>

		while (!(OSC.STATUS & 0b00010000));
     b54:	80 91 51 00 	lds	r24, 0x0051	; 0x800051 <__TEXT_REGION_LENGTH__+0x700051>
     b58:	84 ff       	sbrs	r24, 4
     b5a:	fc cf       	rjmp	.-8      	; 0xb54 <DriverSysClkXtalInit+0x20>

		CCP=0xd8;
     b5c:	88 ed       	ldi	r24, 0xD8	; 216
     b5e:	84 bf       	out	0x34, r24	; 52
		CLK.CTRL=0b100;
     b60:	84 e0       	ldi	r24, 0x04	; 4
     b62:	80 93 40 00 	sts	0x0040, r24	; 0x800040 <__TEXT_REGION_LENGTH__+0x700040>
	}
	return 0;
}
     b66:	80 e0       	ldi	r24, 0x00	; 0
     b68:	08 95       	ret

00000b6a <DriverTWIMInit>:
		}
	} 
	else {
		return false;
	}
}
     b6a:	cf 93       	push	r28
     b6c:	df 93       	push	r29
     b6e:	cd b7       	in	r28, 0x3d	; 61
     b70:	de b7       	in	r29, 0x3e	; 62
     b72:	10 92 97 20 	sts	0x2097, r1	; 0x802097 <Twim_status>
     b76:	80 e8       	ldi	r24, 0x80	; 128
     b78:	96 e0       	ldi	r25, 0x06	; 6
     b7a:	28 e1       	ldi	r18, 0x18	; 24
     b7c:	fc 01       	movw	r30, r24
     b7e:	20 8b       	std	Z+16, r18	; 0x10
     b80:	80 e8       	ldi	r24, 0x80	; 128
     b82:	96 e0       	ldi	r25, 0x06	; 6
     b84:	28 e1       	ldi	r18, 0x18	; 24
     b86:	fc 01       	movw	r30, r24
     b88:	21 8b       	std	Z+17, r18	; 0x11
     b8a:	80 ea       	ldi	r24, 0xA0	; 160
     b8c:	94 e0       	ldi	r25, 0x04	; 4
     b8e:	28 e7       	ldi	r18, 0x78	; 120
     b90:	fc 01       	movw	r30, r24
     b92:	21 83       	std	Z+1, r18	; 0x01
     b94:	80 ea       	ldi	r24, 0xA0	; 160
     b96:	94 e0       	ldi	r25, 0x04	; 4
     b98:	23 e2       	ldi	r18, 0x23	; 35
     b9a:	fc 01       	movw	r30, r24
     b9c:	25 83       	std	Z+5, r18	; 0x05
     b9e:	80 ea       	ldi	r24, 0xA0	; 160
     ba0:	94 e0       	ldi	r25, 0x04	; 4
     ba2:	21 e0       	ldi	r18, 0x01	; 1
     ba4:	fc 01       	movw	r30, r24
     ba6:	24 83       	std	Z+4, r18	; 0x04
     ba8:	00 00       	nop
     baa:	df 91       	pop	r29
     bac:	cf 91       	pop	r28
     bae:	08 95       	ret

00000bb0 <TWIMArbitrationLostBusErrorHandler>:

void TWIMArbitrationLostBusErrorHandler() {
     bb0:	cf 93       	push	r28
     bb2:	df 93       	push	r29
     bb4:	1f 92       	push	r1
     bb6:	cd b7       	in	r28, 0x3d	; 61
     bb8:	de b7       	in	r29, 0x3e	; 62
	uint8_t currentStatus = TWIM_BUS.MASTER.STATUS;
     bba:	80 ea       	ldi	r24, 0xA0	; 160
     bbc:	94 e0       	ldi	r25, 0x04	; 4
     bbe:	fc 01       	movw	r30, r24
     bc0:	84 81       	ldd	r24, Z+4	; 0x04
     bc2:	89 83       	std	Y+1, r24	; 0x01

	if (currentStatus & TWI_MASTER_BUSERR_bm) {
     bc4:	89 81       	ldd	r24, Y+1	; 0x01
     bc6:	88 2f       	mov	r24, r24
     bc8:	90 e0       	ldi	r25, 0x00	; 0
     bca:	84 70       	andi	r24, 0x04	; 4
     bcc:	99 27       	eor	r25, r25
     bce:	89 2b       	or	r24, r25
     bd0:	21 f0       	breq	.+8      	; 0xbda <TWIMArbitrationLostBusErrorHandler+0x2a>
		Twim_result = TWIM_RESULT_BUS_ERROR;
     bd2:	84 e0       	ldi	r24, 0x04	; 4
     bd4:	80 93 98 20 	sts	0x2098, r24	; 0x802098 <Twim_result>
     bd8:	03 c0       	rjmp	.+6      	; 0xbe0 <TWIMArbitrationLostBusErrorHandler+0x30>
	}

	else {
		Twim_result = TWIM_RESULT_ARBITRATION_LOST;
     bda:	83 e0       	ldi	r24, 0x03	; 3
     bdc:	80 93 98 20 	sts	0x2098, r24	; 0x802098 <Twim_result>
	}

	TWIM_BUS.MASTER.STATUS = currentStatus | TWI_MASTER_ARBLOST_bm;
     be0:	80 ea       	ldi	r24, 0xA0	; 160
     be2:	94 e0       	ldi	r25, 0x04	; 4
     be4:	29 81       	ldd	r18, Y+1	; 0x01
     be6:	28 60       	ori	r18, 0x08	; 8
     be8:	fc 01       	movw	r30, r24
     bea:	24 83       	std	Z+4, r18	; 0x04

	Twim_status = TWIM_STATUS_READY;
     bec:	10 92 97 20 	sts	0x2097, r1	; 0x802097 <Twim_status>
}
     bf0:	00 00       	nop
     bf2:	0f 90       	pop	r0
     bf4:	df 91       	pop	r29
     bf6:	cf 91       	pop	r28
     bf8:	08 95       	ret

00000bfa <TWIMWriteHandler>:

void TWIMWriteHandler() {
     bfa:	cf 93       	push	r28
     bfc:	df 93       	push	r29
     bfe:	00 d0       	rcall	.+0      	; 0xc00 <TWIMWriteHandler+0x6>
     c00:	1f 92       	push	r1
     c02:	cd b7       	in	r28, 0x3d	; 61
     c04:	de b7       	in	r29, 0x3e	; 62
	uint8_t bytesToWrite  = Twim_bytesToWrite;
     c06:	80 91 93 20 	lds	r24, 0x2093	; 0x802093 <Twim_bytesToWrite>
     c0a:	89 83       	std	Y+1, r24	; 0x01
	uint8_t bytesToRead   = Twim_bytesToRead;
     c0c:	80 91 94 20 	lds	r24, 0x2094	; 0x802094 <Twim_bytesToRead>
     c10:	8a 83       	std	Y+2, r24	; 0x02

	if (TWIM_BUS.MASTER.STATUS & TWI_MASTER_RXACK_bm) {
     c12:	80 ea       	ldi	r24, 0xA0	; 160
     c14:	94 e0       	ldi	r25, 0x04	; 4
     c16:	fc 01       	movw	r30, r24
     c18:	84 81       	ldd	r24, Z+4	; 0x04
     c1a:	88 2f       	mov	r24, r24
     c1c:	90 e0       	ldi	r25, 0x00	; 0
     c1e:	80 71       	andi	r24, 0x10	; 16
     c20:	99 27       	eor	r25, r25
     c22:	89 2b       	or	r24, r25
     c24:	59 f0       	breq	.+22     	; 0xc3c <TWIMWriteHandler+0x42>
		TWIM_BUS.MASTER.CTRLC = TWI_MASTER_CMD_STOP_gc;
     c26:	80 ea       	ldi	r24, 0xA0	; 160
     c28:	94 e0       	ldi	r25, 0x04	; 4
     c2a:	23 e0       	ldi	r18, 0x03	; 3
     c2c:	fc 01       	movw	r30, r24
     c2e:	23 83       	std	Z+3, r18	; 0x03
		Twim_result = TWIM_RESULT_NACK_RECEIVED;
     c30:	85 e0       	ldi	r24, 0x05	; 5
     c32:	80 93 98 20 	sts	0x2098, r24	; 0x802098 <Twim_result>
		Twim_status = TWIM_STATUS_READY;
     c36:	10 92 97 20 	sts	0x2097, r1	; 0x802097 <Twim_status>

	else {
		TWIM_BUS.MASTER.CTRLC = TWI_MASTER_CMD_STOP_gc;
		TWIMTransactionFinished(TWIM_RESULT_OK);
	}
}
     c3a:	34 c0       	rjmp	.+104    	; 0xca4 <TWIMWriteHandler+0xaa>
		TWIM_BUS.MASTER.CTRLC = TWI_MASTER_CMD_STOP_gc;
		Twim_result = TWIM_RESULT_NACK_RECEIVED;
		Twim_status = TWIM_STATUS_READY;
	}

	else if (Twim_bytesWritten < bytesToWrite) {
     c3c:	90 91 95 20 	lds	r25, 0x2095	; 0x802095 <Twim_bytesWritten>
     c40:	89 81       	ldd	r24, Y+1	; 0x01
     c42:	98 17       	cp	r25, r24
     c44:	c0 f4       	brcc	.+48     	; 0xc76 <TWIMWriteHandler+0x7c>
		uint8_t data = Twim_writeData[Twim_bytesWritten];
     c46:	20 91 8f 20 	lds	r18, 0x208F	; 0x80208f <Twim_writeData>
     c4a:	30 91 90 20 	lds	r19, 0x2090	; 0x802090 <Twim_writeData+0x1>
     c4e:	80 91 95 20 	lds	r24, 0x2095	; 0x802095 <Twim_bytesWritten>
     c52:	88 2f       	mov	r24, r24
     c54:	90 e0       	ldi	r25, 0x00	; 0
     c56:	82 0f       	add	r24, r18
     c58:	93 1f       	adc	r25, r19
     c5a:	fc 01       	movw	r30, r24
     c5c:	80 81       	ld	r24, Z
     c5e:	8b 83       	std	Y+3, r24	; 0x03
		TWIM_BUS.MASTER.DATA = data;
     c60:	80 ea       	ldi	r24, 0xA0	; 160
     c62:	94 e0       	ldi	r25, 0x04	; 4
     c64:	2b 81       	ldd	r18, Y+3	; 0x03
     c66:	fc 01       	movw	r30, r24
     c68:	27 83       	std	Z+7, r18	; 0x07
		++Twim_bytesWritten;
     c6a:	80 91 95 20 	lds	r24, 0x2095	; 0x802095 <Twim_bytesWritten>
     c6e:	8f 5f       	subi	r24, 0xFF	; 255
     c70:	80 93 95 20 	sts	0x2095, r24	; 0x802095 <Twim_bytesWritten>

	else {
		TWIM_BUS.MASTER.CTRLC = TWI_MASTER_CMD_STOP_gc;
		TWIMTransactionFinished(TWIM_RESULT_OK);
	}
}
     c74:	17 c0       	rjmp	.+46     	; 0xca4 <TWIMWriteHandler+0xaa>
		uint8_t data = Twim_writeData[Twim_bytesWritten];
		TWIM_BUS.MASTER.DATA = data;
		++Twim_bytesWritten;
	}

	else if (Twim_bytesRead < bytesToRead) {
     c76:	90 91 96 20 	lds	r25, 0x2096	; 0x802096 <Twim_bytesRead>
     c7a:	8a 81       	ldd	r24, Y+2	; 0x02
     c7c:	98 17       	cp	r25, r24
     c7e:	50 f4       	brcc	.+20     	; 0xc94 <TWIMWriteHandler+0x9a>
		uint8_t readAddress = Twim_address | 0x01;
     c80:	80 91 8e 20 	lds	r24, 0x208E	; 0x80208e <Twim_address>
     c84:	81 60       	ori	r24, 0x01	; 1
     c86:	8c 83       	std	Y+4, r24	; 0x04
		TWIM_BUS.MASTER.ADDR = readAddress;
     c88:	80 ea       	ldi	r24, 0xA0	; 160
     c8a:	94 e0       	ldi	r25, 0x04	; 4
     c8c:	2c 81       	ldd	r18, Y+4	; 0x04
     c8e:	fc 01       	movw	r30, r24
     c90:	26 83       	std	Z+6, r18	; 0x06

	else {
		TWIM_BUS.MASTER.CTRLC = TWI_MASTER_CMD_STOP_gc;
		TWIMTransactionFinished(TWIM_RESULT_OK);
	}
}
     c92:	08 c0       	rjmp	.+16     	; 0xca4 <TWIMWriteHandler+0xaa>
		uint8_t readAddress = Twim_address | 0x01;
		TWIM_BUS.MASTER.ADDR = readAddress;
	}

	else {
		TWIM_BUS.MASTER.CTRLC = TWI_MASTER_CMD_STOP_gc;
     c94:	80 ea       	ldi	r24, 0xA0	; 160
     c96:	94 e0       	ldi	r25, 0x04	; 4
     c98:	23 e0       	ldi	r18, 0x03	; 3
     c9a:	fc 01       	movw	r30, r24
     c9c:	23 83       	std	Z+3, r18	; 0x03
		TWIMTransactionFinished(TWIM_RESULT_OK);
     c9e:	81 e0       	ldi	r24, 0x01	; 1
     ca0:	0e 94 9f 06 	call	0xd3e	; 0xd3e <TWIMTransactionFinished>
	}
}
     ca4:	00 00       	nop
     ca6:	24 96       	adiw	r28, 0x04	; 4
     ca8:	cd bf       	out	0x3d, r28	; 61
     caa:	de bf       	out	0x3e, r29	; 62
     cac:	df 91       	pop	r29
     cae:	cf 91       	pop	r28
     cb0:	08 95       	ret

00000cb2 <TWIMReadHandler>:

void TWIMReadHandler() {
     cb2:	cf 93       	push	r28
     cb4:	df 93       	push	r29
     cb6:	1f 92       	push	r1
     cb8:	1f 92       	push	r1
     cba:	cd b7       	in	r28, 0x3d	; 61
     cbc:	de b7       	in	r29, 0x3e	; 62
	if (Twim_bytesRead < TWIM_READ_BUFFER_SIZE) {
     cbe:	80 91 96 20 	lds	r24, 0x2096	; 0x802096 <Twim_bytesRead>
     cc2:	80 32       	cpi	r24, 0x20	; 32
     cc4:	c0 f4       	brcc	.+48     	; 0xcf6 <TWIMReadHandler+0x44>
		uint8_t data = TWIM_BUS.MASTER.DATA;
     cc6:	80 ea       	ldi	r24, 0xA0	; 160
     cc8:	94 e0       	ldi	r25, 0x04	; 4
     cca:	fc 01       	movw	r30, r24
     ccc:	87 81       	ldd	r24, Z+7	; 0x07
     cce:	89 83       	std	Y+1, r24	; 0x01
		Twim_readData[Twim_bytesRead] = data;
     cd0:	20 91 91 20 	lds	r18, 0x2091	; 0x802091 <Twim_readData>
     cd4:	30 91 92 20 	lds	r19, 0x2092	; 0x802092 <Twim_readData+0x1>
     cd8:	80 91 96 20 	lds	r24, 0x2096	; 0x802096 <Twim_bytesRead>
     cdc:	88 2f       	mov	r24, r24
     cde:	90 e0       	ldi	r25, 0x00	; 0
     ce0:	82 0f       	add	r24, r18
     ce2:	93 1f       	adc	r25, r19
     ce4:	29 81       	ldd	r18, Y+1	; 0x01
     ce6:	fc 01       	movw	r30, r24
     ce8:	20 83       	st	Z, r18
		Twim_bytesRead++;
     cea:	80 91 96 20 	lds	r24, 0x2096	; 0x802096 <Twim_bytesRead>
     cee:	8f 5f       	subi	r24, 0xFF	; 255
     cf0:	80 93 96 20 	sts	0x2096, r24	; 0x802096 <Twim_bytesRead>
     cf4:	08 c0       	rjmp	.+16     	; 0xd06 <TWIMReadHandler+0x54>
	}

	else {
		TWIM_BUS.MASTER.CTRLC = TWI_MASTER_CMD_STOP_gc;
     cf6:	80 ea       	ldi	r24, 0xA0	; 160
     cf8:	94 e0       	ldi	r25, 0x04	; 4
     cfa:	23 e0       	ldi	r18, 0x03	; 3
     cfc:	fc 01       	movw	r30, r24
     cfe:	23 83       	std	Z+3, r18	; 0x03
		TWIMTransactionFinished(TWIM_RESULT_BUFFER_OVERFLOW);
     d00:	82 e0       	ldi	r24, 0x02	; 2
     d02:	0e 94 9f 06 	call	0xd3e	; 0xd3e <TWIMTransactionFinished>
	}

	uint8_t bytesToRead = Twim_bytesToRead;
     d06:	80 91 94 20 	lds	r24, 0x2094	; 0x802094 <Twim_bytesToRead>
     d0a:	8a 83       	std	Y+2, r24	; 0x02

	if (Twim_bytesRead < bytesToRead) {
     d0c:	90 91 96 20 	lds	r25, 0x2096	; 0x802096 <Twim_bytesRead>
     d10:	8a 81       	ldd	r24, Y+2	; 0x02
     d12:	98 17       	cp	r25, r24
     d14:	30 f4       	brcc	.+12     	; 0xd22 <TWIMReadHandler+0x70>
		TWIM_BUS.MASTER.CTRLC = TWI_MASTER_CMD_RECVTRANS_gc;
     d16:	80 ea       	ldi	r24, 0xA0	; 160
     d18:	94 e0       	ldi	r25, 0x04	; 4
     d1a:	22 e0       	ldi	r18, 0x02	; 2
     d1c:	fc 01       	movw	r30, r24
     d1e:	23 83       	std	Z+3, r18	; 0x03

	else {
		TWIM_BUS.MASTER.CTRLC = TWI_MASTER_ACKACT_bm | TWI_MASTER_CMD_STOP_gc;
		TWIMTransactionFinished(TWIM_RESULT_OK);
	}
}
     d20:	08 c0       	rjmp	.+16     	; 0xd32 <TWIMReadHandler+0x80>
	if (Twim_bytesRead < bytesToRead) {
		TWIM_BUS.MASTER.CTRLC = TWI_MASTER_CMD_RECVTRANS_gc;
	}

	else {
		TWIM_BUS.MASTER.CTRLC = TWI_MASTER_ACKACT_bm | TWI_MASTER_CMD_STOP_gc;
     d22:	80 ea       	ldi	r24, 0xA0	; 160
     d24:	94 e0       	ldi	r25, 0x04	; 4
     d26:	27 e0       	ldi	r18, 0x07	; 7
     d28:	fc 01       	movw	r30, r24
     d2a:	23 83       	std	Z+3, r18	; 0x03
		TWIMTransactionFinished(TWIM_RESULT_OK);
     d2c:	81 e0       	ldi	r24, 0x01	; 1
     d2e:	0e 94 9f 06 	call	0xd3e	; 0xd3e <TWIMTransactionFinished>
	}
}
     d32:	00 00       	nop
     d34:	0f 90       	pop	r0
     d36:	0f 90       	pop	r0
     d38:	df 91       	pop	r29
     d3a:	cf 91       	pop	r28
     d3c:	08 95       	ret

00000d3e <TWIMTransactionFinished>:

void TWIMTransactionFinished( uint8_t result) {
     d3e:	cf 93       	push	r28
     d40:	df 93       	push	r29
     d42:	1f 92       	push	r1
     d44:	cd b7       	in	r28, 0x3d	; 61
     d46:	de b7       	in	r29, 0x3e	; 62
     d48:	89 83       	std	Y+1, r24	; 0x01
	Twim_result = result;
     d4a:	89 81       	ldd	r24, Y+1	; 0x01
     d4c:	80 93 98 20 	sts	0x2098, r24	; 0x802098 <Twim_result>
	Twim_status = TWIM_STATUS_READY;
     d50:	10 92 97 20 	sts	0x2097, r1	; 0x802097 <Twim_status>
}
     d54:	00 00       	nop
     d56:	0f 90       	pop	r0
     d58:	df 91       	pop	r29
     d5a:	cf 91       	pop	r28
     d5c:	08 95       	ret

00000d5e <__vector_46>:

ISR (TWIM_BUS_vect) {
     d5e:	1f 92       	push	r1
     d60:	0f 92       	push	r0
     d62:	00 90 3f 00 	lds	r0, 0x003F	; 0x80003f <__TEXT_REGION_LENGTH__+0x70003f>
     d66:	0f 92       	push	r0
     d68:	11 24       	eor	r1, r1
     d6a:	00 90 3b 00 	lds	r0, 0x003B	; 0x80003b <__TEXT_REGION_LENGTH__+0x70003b>
     d6e:	0f 92       	push	r0
     d70:	2f 93       	push	r18
     d72:	3f 93       	push	r19
     d74:	4f 93       	push	r20
     d76:	5f 93       	push	r21
     d78:	6f 93       	push	r22
     d7a:	7f 93       	push	r23
     d7c:	8f 93       	push	r24
     d7e:	9f 93       	push	r25
     d80:	af 93       	push	r26
     d82:	bf 93       	push	r27
     d84:	ef 93       	push	r30
     d86:	ff 93       	push	r31
     d88:	cf 93       	push	r28
     d8a:	df 93       	push	r29
     d8c:	1f 92       	push	r1
     d8e:	cd b7       	in	r28, 0x3d	; 61
     d90:	de b7       	in	r29, 0x3e	; 62
	uint8_t currentStatus = TWIM_BUS.MASTER.STATUS;
     d92:	80 ea       	ldi	r24, 0xA0	; 160
     d94:	94 e0       	ldi	r25, 0x04	; 4
     d96:	fc 01       	movw	r30, r24
     d98:	84 81       	ldd	r24, Z+4	; 0x04
     d9a:	89 83       	std	Y+1, r24	; 0x01

	if ((currentStatus & TWI_MASTER_ARBLOST_bm) || (currentStatus & TWI_MASTER_BUSERR_bm)) {
     d9c:	89 81       	ldd	r24, Y+1	; 0x01
     d9e:	88 2f       	mov	r24, r24
     da0:	90 e0       	ldi	r25, 0x00	; 0
     da2:	88 70       	andi	r24, 0x08	; 8
     da4:	99 27       	eor	r25, r25
     da6:	89 2b       	or	r24, r25
     da8:	39 f4       	brne	.+14     	; 0xdb8 <__vector_46+0x5a>
     daa:	89 81       	ldd	r24, Y+1	; 0x01
     dac:	88 2f       	mov	r24, r24
     dae:	90 e0       	ldi	r25, 0x00	; 0
     db0:	84 70       	andi	r24, 0x04	; 4
     db2:	99 27       	eor	r25, r25
     db4:	89 2b       	or	r24, r25
     db6:	19 f0       	breq	.+6      	; 0xdbe <__vector_46+0x60>
		TWIMArbitrationLostBusErrorHandler();
     db8:	0e 94 d8 05 	call	0xbb0	; 0xbb0 <TWIMArbitrationLostBusErrorHandler>
     dbc:	13 c0       	rjmp	.+38     	; 0xde4 <__vector_46+0x86>
	}

	else if (currentStatus & TWI_MASTER_WIF_bm) {
     dbe:	89 81       	ldd	r24, Y+1	; 0x01
     dc0:	88 2f       	mov	r24, r24
     dc2:	90 e0       	ldi	r25, 0x00	; 0
     dc4:	80 74       	andi	r24, 0x40	; 64
     dc6:	99 27       	eor	r25, r25
     dc8:	89 2b       	or	r24, r25
     dca:	19 f0       	breq	.+6      	; 0xdd2 <__vector_46+0x74>
		TWIMWriteHandler();
     dcc:	0e 94 fd 05 	call	0xbfa	; 0xbfa <TWIMWriteHandler>
     dd0:	09 c0       	rjmp	.+18     	; 0xde4 <__vector_46+0x86>
	}

	else if (currentStatus & TWI_MASTER_RIF_bm) {
     dd2:	89 81       	ldd	r24, Y+1	; 0x01
     dd4:	88 23       	and	r24, r24
     dd6:	1c f4       	brge	.+6      	; 0xdde <__vector_46+0x80>
		TWIMReadHandler();
     dd8:	0e 94 59 06 	call	0xcb2	; 0xcb2 <TWIMReadHandler>
     ddc:	03 c0       	rjmp	.+6      	; 0xde4 <__vector_46+0x86>
	}

	else {
		TWIMTransactionFinished(TWIM_RESULT_FAIL);
     dde:	86 e0       	ldi	r24, 0x06	; 6
     de0:	0e 94 9f 06 	call	0xd3e	; 0xd3e <TWIMTransactionFinished>
	}
	
	if (Twim_status == TWIM_STATUS_READY) { //Transaction finished
     de4:	80 91 97 20 	lds	r24, 0x2097	; 0x802097 <Twim_status>
	}
     de8:	00 00       	nop
     dea:	0f 90       	pop	r0
     dec:	df 91       	pop	r29
     dee:	cf 91       	pop	r28
     df0:	ff 91       	pop	r31
     df2:	ef 91       	pop	r30
     df4:	bf 91       	pop	r27
     df6:	af 91       	pop	r26
     df8:	9f 91       	pop	r25
     dfa:	8f 91       	pop	r24
     dfc:	7f 91       	pop	r23
     dfe:	6f 91       	pop	r22
     e00:	5f 91       	pop	r21
     e02:	4f 91       	pop	r20
     e04:	3f 91       	pop	r19
     e06:	2f 91       	pop	r18
     e08:	0f 90       	pop	r0
     e0a:	00 92 3b 00 	sts	0x003B, r0	; 0x80003b <__TEXT_REGION_LENGTH__+0x70003b>
     e0e:	0f 90       	pop	r0
     e10:	00 92 3f 00 	sts	0x003F, r0	; 0x80003f <__TEXT_REGION_LENGTH__+0x70003f>
     e14:	0f 90       	pop	r0
     e16:	1f 90       	pop	r1
     e18:	18 95       	reti

00000e1a <DriverUSARTInit>:
	float rel_error;
} baud_result; // Result of baud search: register values + absolute/relative error.

baud_result calculate_baud(uint32_t baud);

void DriverUSARTInit(void) {
     e1a:	cf 93       	push	r28
     e1c:	df 93       	push	r29
     e1e:	cd b7       	in	r28, 0x3d	; 61
     e20:	de b7       	in	r29, 0x3e	; 62
     e22:	2b 97       	sbiw	r28, 0x0b	; 11
     e24:	cd bf       	out	0x3d, r28	; 61
     e26:	de bf       	out	0x3e, r29	; 62
    USART_PORT.DIRSET = 0x08; // TX pin as output.
     e28:	80 e8       	ldi	r24, 0x80	; 128
     e2a:	96 e0       	ldi	r25, 0x06	; 6
     e2c:	28 e0       	ldi	r18, 0x08	; 8
     e2e:	fc 01       	movw	r30, r24
     e30:	21 83       	std	Z+1, r18	; 0x01
    USART_PORT.DIRCLR = 0x04; // RX pin as input.
     e32:	80 e8       	ldi	r24, 0x80	; 128
     e34:	96 e0       	ldi	r25, 0x06	; 6
     e36:	24 e0       	ldi	r18, 0x04	; 4
     e38:	fc 01       	movw	r30, r24
     e3a:	22 83       	std	Z+2, r18	; 0x02

    USART.CTRLA = 0x00; // No USART interrupts.
     e3c:	80 ea       	ldi	r24, 0xA0	; 160
     e3e:	9a e0       	ldi	r25, 0x0A	; 10
     e40:	fc 01       	movw	r30, r24
     e42:	13 82       	std	Z+3, r1	; 0x03
    USART.CTRLB = 0x18; // Enable TX and RX.
     e44:	80 ea       	ldi	r24, 0xA0	; 160
     e46:	9a e0       	ldi	r25, 0x0A	; 10
     e48:	28 e1       	ldi	r18, 0x18	; 24
     e4a:	fc 01       	movw	r30, r24
     e4c:	24 83       	std	Z+4, r18	; 0x04
    USART.CTRLC = 0x03; // Asynchronous mode, 8 data bits, no parity, 1 stop bit.
     e4e:	80 ea       	ldi	r24, 0xA0	; 160
     e50:	9a e0       	ldi	r25, 0x0A	; 10
     e52:	23 e0       	ldi	r18, 0x03	; 3
     e54:	fc 01       	movw	r30, r24
     e56:	25 83       	std	Z+5, r18	; 0x05

    // Compute best BSCALE/BSEL for target baud rate.
	baud_result result = calculate_baud(115200);
     e58:	40 e0       	ldi	r20, 0x00	; 0
     e5a:	52 ec       	ldi	r21, 0xC2	; 194
     e5c:	61 e0       	ldi	r22, 0x01	; 1
     e5e:	70 e0       	ldi	r23, 0x00	; 0
     e60:	ce 01       	movw	r24, r28
     e62:	01 96       	adiw	r24, 0x01	; 1
     e64:	0e 94 5b 07 	call	0xeb6	; 0xeb6 <calculate_baud>

    // Program BAUD registers from computed values.
    USART.BAUDCTRLA = (uint8_t)(result.bsel & 0xFF); // BSEL low byte [7:0].
     e68:	80 ea       	ldi	r24, 0xA0	; 160
     e6a:	9a e0       	ldi	r25, 0x0A	; 10
     e6c:	2a 81       	ldd	r18, Y+2	; 0x02
     e6e:	3b 81       	ldd	r19, Y+3	; 0x03
     e70:	fc 01       	movw	r30, r24
     e72:	26 83       	std	Z+6, r18	; 0x06
    USART.BAUDCTRLB = ((result.bscale << 4) & 0xF0) | ((result.bsel >> 8) & 0x0F); // BSCALE in [7:4], BSEL[11:8] in [3:0].
     e74:	80 ea       	ldi	r24, 0xA0	; 160
     e76:	9a e0       	ldi	r25, 0x0A	; 10
     e78:	29 81       	ldd	r18, Y+1	; 0x01
     e7a:	42 2f       	mov	r20, r18
     e7c:	42 95       	swap	r20
     e7e:	40 7f       	andi	r20, 0xF0	; 240
     e80:	2a 81       	ldd	r18, Y+2	; 0x02
     e82:	3b 81       	ldd	r19, Y+3	; 0x03
     e84:	23 2f       	mov	r18, r19
     e86:	33 27       	eor	r19, r19
     e88:	2f 70       	andi	r18, 0x0F	; 15
     e8a:	24 2b       	or	r18, r20
     e8c:	fc 01       	movw	r30, r24
     e8e:	27 83       	std	Z+7, r18	; 0x07

    stdout = &UsartStdio; // Route printf/puts to USART.
     e90:	80 e0       	ldi	r24, 0x00	; 0
     e92:	90 e2       	ldi	r25, 0x20	; 32
     e94:	80 93 bf 20 	sts	0x20BF, r24	; 0x8020bf <__iob+0x2>
     e98:	90 93 c0 20 	sts	0x20C0, r25	; 0x8020c0 <__iob+0x3>
    stdin = &UsartStdio;   // Route scanf/getchar to USART.
     e9c:	80 e0       	ldi	r24, 0x00	; 0
     e9e:	90 e2       	ldi	r25, 0x20	; 32
     ea0:	80 93 bd 20 	sts	0x20BD, r24	; 0x8020bd <__iob>
     ea4:	90 93 be 20 	sts	0x20BE, r25	; 0x8020be <__iob+0x1>
}
     ea8:	00 00       	nop
     eaa:	2b 96       	adiw	r28, 0x0b	; 11
     eac:	cd bf       	out	0x3d, r28	; 61
     eae:	de bf       	out	0x3e, r29	; 62
     eb0:	df 91       	pop	r29
     eb2:	cf 91       	pop	r28
     eb4:	08 95       	ret

00000eb6 <calculate_baud>:
// Sweep all BSCALE values (-7..+7) and pick BSEL that minimizes absolute baud error.
// Formulas used:
// - BSCALE >= 0: f_baud = f_cpu / (16 * 2^bscale * (BSEL + 1))
// - BSCALE <  0: f_baud = f_cpu / (16 * (2^bscale * BSEL + 1))
// Input: target baud rate in bits/s.
baud_result calculate_baud(uint32_t baud) {
     eb6:	cf 92       	push	r12
     eb8:	df 92       	push	r13
     eba:	ef 92       	push	r14
     ebc:	ff 92       	push	r15
     ebe:	cf 93       	push	r28
     ec0:	df 93       	push	r29
     ec2:	cd b7       	in	r28, 0x3d	; 61
     ec4:	de b7       	in	r29, 0x3e	; 62
     ec6:	e0 97       	sbiw	r28, 0x30	; 48
     ec8:	cd bf       	out	0x3d, r28	; 61
     eca:	de bf       	out	0x3e, r29	; 62
     ecc:	8b a7       	std	Y+43, r24	; 0x2b
     ece:	9c a7       	std	Y+44, r25	; 0x2c
     ed0:	4d a7       	std	Y+45, r20	; 0x2d
     ed2:	5e a7       	std	Y+46, r21	; 0x2e
     ed4:	6f a7       	std	Y+47, r22	; 0x2f
     ed6:	78 ab       	std	Y+48, r23	; 0x30
    baud_result best;
    best.rel_error = 1e9;
     ed8:	88 e2       	ldi	r24, 0x28	; 40
     eda:	9b e6       	ldi	r25, 0x6B	; 107
     edc:	ae e6       	ldi	r26, 0x6E	; 110
     ede:	be e4       	ldi	r27, 0x4E	; 78
     ee0:	8f a3       	std	Y+39, r24	; 0x27
     ee2:	98 a7       	std	Y+40, r25	; 0x28
     ee4:	a9 a7       	std	Y+41, r26	; 0x29
     ee6:	ba a7       	std	Y+42, r27	; 0x2a
    float best_error = 1e9;
     ee8:	88 e2       	ldi	r24, 0x28	; 40
     eea:	9b e6       	ldi	r25, 0x6B	; 107
     eec:	ae e6       	ldi	r26, 0x6E	; 110
     eee:	be e4       	ldi	r27, 0x4E	; 78
     ef0:	89 83       	std	Y+1, r24	; 0x01
     ef2:	9a 83       	std	Y+2, r25	; 0x02
     ef4:	ab 83       	std	Y+3, r26	; 0x03
     ef6:	bc 83       	std	Y+4, r27	; 0x04

    for (int8_t bscale = -7; bscale <= 7; bscale++) {
     ef8:	89 ef       	ldi	r24, 0xF9	; 249
     efa:	8d 83       	std	Y+5, r24	; 0x05
     efc:	a8 c1       	rjmp	.+848    	; 0x124e <calculate_baud+0x398>
        float factor = pow(2.0, bscale);
     efe:	8d 81       	ldd	r24, Y+5	; 0x05
     f00:	08 2e       	mov	r0, r24
     f02:	00 0c       	add	r0, r0
     f04:	99 0b       	sbc	r25, r25
     f06:	aa 0b       	sbc	r26, r26
     f08:	bb 0b       	sbc	r27, r27
     f0a:	bc 01       	movw	r22, r24
     f0c:	cd 01       	movw	r24, r26
     f0e:	0e 94 3f 0c 	call	0x187e	; 0x187e <__floatsisf>
     f12:	dc 01       	movw	r26, r24
     f14:	cb 01       	movw	r24, r22
     f16:	9c 01       	movw	r18, r24
     f18:	ad 01       	movw	r20, r26
     f1a:	60 e0       	ldi	r22, 0x00	; 0
     f1c:	70 e0       	ldi	r23, 0x00	; 0
     f1e:	80 e0       	ldi	r24, 0x00	; 0
     f20:	90 e4       	ldi	r25, 0x40	; 64
     f22:	0e 94 61 0d 	call	0x1ac2	; 0x1ac2 <pow>
     f26:	dc 01       	movw	r26, r24
     f28:	cb 01       	movw	r24, r22
     f2a:	8c 87       	std	Y+12, r24	; 0x0c
     f2c:	9d 87       	std	Y+13, r25	; 0x0d
     f2e:	ae 87       	std	Y+14, r26	; 0x0e
     f30:	bf 87       	std	Y+15, r27	; 0x0f
        uint16_t bsel;
        float real_baud;

        if (bscale >= 0) {
     f32:	8d 81       	ldd	r24, Y+5	; 0x05
     f34:	88 23       	and	r24, r24
     f36:	0c f4       	brge	.+2      	; 0xf3a <calculate_baud+0x84>
     f38:	94 c0       	rjmp	.+296    	; 0x1062 <calculate_baud+0x1ac>
            float bsel_f = ((float)CPU_SPEED / (16.0 * factor * baud)) - 1.0;
     f3a:	20 e0       	ldi	r18, 0x00	; 0
     f3c:	30 e0       	ldi	r19, 0x00	; 0
     f3e:	40 e8       	ldi	r20, 0x80	; 128
     f40:	51 e4       	ldi	r21, 0x41	; 65
     f42:	6c 85       	ldd	r22, Y+12	; 0x0c
     f44:	7d 85       	ldd	r23, Y+13	; 0x0d
     f46:	8e 85       	ldd	r24, Y+14	; 0x0e
     f48:	9f 85       	ldd	r25, Y+15	; 0x0f
     f4a:	0e 94 f4 0c 	call	0x19e8	; 0x19e8 <__mulsf3>
     f4e:	dc 01       	movw	r26, r24
     f50:	cb 01       	movw	r24, r22
     f52:	6c 01       	movw	r12, r24
     f54:	7d 01       	movw	r14, r26
     f56:	6d a5       	ldd	r22, Y+45	; 0x2d
     f58:	7e a5       	ldd	r23, Y+46	; 0x2e
     f5a:	8f a5       	ldd	r24, Y+47	; 0x2f
     f5c:	98 a9       	ldd	r25, Y+48	; 0x30
     f5e:	0e 94 3d 0c 	call	0x187a	; 0x187a <__floatunsisf>
     f62:	dc 01       	movw	r26, r24
     f64:	cb 01       	movw	r24, r22
     f66:	9c 01       	movw	r18, r24
     f68:	ad 01       	movw	r20, r26
     f6a:	c7 01       	movw	r24, r14
     f6c:	b6 01       	movw	r22, r12
     f6e:	0e 94 f4 0c 	call	0x19e8	; 0x19e8 <__mulsf3>
     f72:	dc 01       	movw	r26, r24
     f74:	cb 01       	movw	r24, r22
     f76:	9c 01       	movw	r18, r24
     f78:	ad 01       	movw	r20, r26
     f7a:	60 e0       	ldi	r22, 0x00	; 0
     f7c:	74 e2       	ldi	r23, 0x24	; 36
     f7e:	84 ef       	ldi	r24, 0xF4	; 244
     f80:	9b e4       	ldi	r25, 0x4B	; 75
     f82:	0e 94 9c 0b 	call	0x1738	; 0x1738 <__divsf3>
     f86:	dc 01       	movw	r26, r24
     f88:	cb 01       	movw	r24, r22
     f8a:	20 e0       	ldi	r18, 0x00	; 0
     f8c:	30 e0       	ldi	r19, 0x00	; 0
     f8e:	40 e8       	ldi	r20, 0x80	; 128
     f90:	5f e3       	ldi	r21, 0x3F	; 63
     f92:	bc 01       	movw	r22, r24
     f94:	cd 01       	movw	r24, r26
     f96:	0e 94 2a 0b 	call	0x1654	; 0x1654 <__subsf3>
     f9a:	dc 01       	movw	r26, r24
     f9c:	cb 01       	movw	r24, r22
     f9e:	88 8b       	std	Y+16, r24	; 0x10
     fa0:	99 8b       	std	Y+17, r25	; 0x11
     fa2:	aa 8b       	std	Y+18, r26	; 0x12
     fa4:	bb 8b       	std	Y+19, r27	; 0x13
            if (bsel_f < 0 || bsel_f > 4095) continue;
     fa6:	20 e0       	ldi	r18, 0x00	; 0
     fa8:	30 e0       	ldi	r19, 0x00	; 0
     faa:	a9 01       	movw	r20, r18
     fac:	68 89       	ldd	r22, Y+16	; 0x10
     fae:	79 89       	ldd	r23, Y+17	; 0x11
     fb0:	8a 89       	ldd	r24, Y+18	; 0x12
     fb2:	9b 89       	ldd	r25, Y+19	; 0x13
     fb4:	0e 94 97 0b 	call	0x172e	; 0x172e <__cmpsf2>
     fb8:	88 23       	and	r24, r24
     fba:	0c f4       	brge	.+2      	; 0xfbe <calculate_baud+0x108>
     fbc:	42 c1       	rjmp	.+644    	; 0x1242 <calculate_baud+0x38c>
     fbe:	20 e0       	ldi	r18, 0x00	; 0
     fc0:	30 ef       	ldi	r19, 0xF0	; 240
     fc2:	4f e7       	ldi	r20, 0x7F	; 127
     fc4:	55 e4       	ldi	r21, 0x45	; 69
     fc6:	68 89       	ldd	r22, Y+16	; 0x10
     fc8:	79 89       	ldd	r23, Y+17	; 0x11
     fca:	8a 89       	ldd	r24, Y+18	; 0x12
     fcc:	9b 89       	ldd	r25, Y+19	; 0x13
     fce:	0e 94 ef 0c 	call	0x19de	; 0x19de <__gesf2>
     fd2:	18 16       	cp	r1, r24
     fd4:	0c f4       	brge	.+2      	; 0xfd8 <calculate_baud+0x122>
     fd6:	35 c1       	rjmp	.+618    	; 0x1242 <calculate_baud+0x38c>
            bsel = (uint16_t)(bsel_f + 0.5);
     fd8:	20 e0       	ldi	r18, 0x00	; 0
     fda:	30 e0       	ldi	r19, 0x00	; 0
     fdc:	40 e0       	ldi	r20, 0x00	; 0
     fde:	5f e3       	ldi	r21, 0x3F	; 63
     fe0:	68 89       	ldd	r22, Y+16	; 0x10
     fe2:	79 89       	ldd	r23, Y+17	; 0x11
     fe4:	8a 89       	ldd	r24, Y+18	; 0x12
     fe6:	9b 89       	ldd	r25, Y+19	; 0x13
     fe8:	0e 94 2b 0b 	call	0x1656	; 0x1656 <__addsf3>
     fec:	dc 01       	movw	r26, r24
     fee:	cb 01       	movw	r24, r22
     ff0:	bc 01       	movw	r22, r24
     ff2:	cd 01       	movw	r24, r26
     ff4:	0e 94 0e 0c 	call	0x181c	; 0x181c <__fixunssfsi>
     ff8:	dc 01       	movw	r26, r24
     ffa:	cb 01       	movw	r24, r22
     ffc:	8e 83       	std	Y+6, r24	; 0x06
     ffe:	9f 83       	std	Y+7, r25	; 0x07
            real_baud = (float)CPU_SPEED / (16.0 * factor * (bsel + 1));
    1000:	20 e0       	ldi	r18, 0x00	; 0
    1002:	30 e0       	ldi	r19, 0x00	; 0
    1004:	40 e8       	ldi	r20, 0x80	; 128
    1006:	51 e4       	ldi	r21, 0x41	; 65
    1008:	6c 85       	ldd	r22, Y+12	; 0x0c
    100a:	7d 85       	ldd	r23, Y+13	; 0x0d
    100c:	8e 85       	ldd	r24, Y+14	; 0x0e
    100e:	9f 85       	ldd	r25, Y+15	; 0x0f
    1010:	0e 94 f4 0c 	call	0x19e8	; 0x19e8 <__mulsf3>
    1014:	dc 01       	movw	r26, r24
    1016:	cb 01       	movw	r24, r22
    1018:	6c 01       	movw	r12, r24
    101a:	7d 01       	movw	r14, r26
    101c:	8e 81       	ldd	r24, Y+6	; 0x06
    101e:	9f 81       	ldd	r25, Y+7	; 0x07
    1020:	01 96       	adiw	r24, 0x01	; 1
    1022:	cc 01       	movw	r24, r24
    1024:	a0 e0       	ldi	r26, 0x00	; 0
    1026:	b0 e0       	ldi	r27, 0x00	; 0
    1028:	bc 01       	movw	r22, r24
    102a:	cd 01       	movw	r24, r26
    102c:	0e 94 3d 0c 	call	0x187a	; 0x187a <__floatunsisf>
    1030:	dc 01       	movw	r26, r24
    1032:	cb 01       	movw	r24, r22
    1034:	9c 01       	movw	r18, r24
    1036:	ad 01       	movw	r20, r26
    1038:	c7 01       	movw	r24, r14
    103a:	b6 01       	movw	r22, r12
    103c:	0e 94 f4 0c 	call	0x19e8	; 0x19e8 <__mulsf3>
    1040:	dc 01       	movw	r26, r24
    1042:	cb 01       	movw	r24, r22
    1044:	9c 01       	movw	r18, r24
    1046:	ad 01       	movw	r20, r26
    1048:	60 e0       	ldi	r22, 0x00	; 0
    104a:	74 e2       	ldi	r23, 0x24	; 36
    104c:	84 ef       	ldi	r24, 0xF4	; 244
    104e:	9b e4       	ldi	r25, 0x4B	; 75
    1050:	0e 94 9c 0b 	call	0x1738	; 0x1738 <__divsf3>
    1054:	dc 01       	movw	r26, r24
    1056:	cb 01       	movw	r24, r22
    1058:	88 87       	std	Y+8, r24	; 0x08
    105a:	99 87       	std	Y+9, r25	; 0x09
    105c:	aa 87       	std	Y+10, r26	; 0x0a
    105e:	bb 87       	std	Y+11, r27	; 0x0b
    1060:	98 c0       	rjmp	.+304    	; 0x1192 <calculate_baud+0x2dc>
        } else {
            float bsel_f = ((float)CPU_SPEED / (16.0 * baud) - 1.0) / factor;
    1062:	6d a5       	ldd	r22, Y+45	; 0x2d
    1064:	7e a5       	ldd	r23, Y+46	; 0x2e
    1066:	8f a5       	ldd	r24, Y+47	; 0x2f
    1068:	98 a9       	ldd	r25, Y+48	; 0x30
    106a:	0e 94 3d 0c 	call	0x187a	; 0x187a <__floatunsisf>
    106e:	dc 01       	movw	r26, r24
    1070:	cb 01       	movw	r24, r22
    1072:	20 e0       	ldi	r18, 0x00	; 0
    1074:	30 e0       	ldi	r19, 0x00	; 0
    1076:	40 e8       	ldi	r20, 0x80	; 128
    1078:	51 e4       	ldi	r21, 0x41	; 65
    107a:	bc 01       	movw	r22, r24
    107c:	cd 01       	movw	r24, r26
    107e:	0e 94 f4 0c 	call	0x19e8	; 0x19e8 <__mulsf3>
    1082:	dc 01       	movw	r26, r24
    1084:	cb 01       	movw	r24, r22
    1086:	9c 01       	movw	r18, r24
    1088:	ad 01       	movw	r20, r26
    108a:	60 e0       	ldi	r22, 0x00	; 0
    108c:	74 e2       	ldi	r23, 0x24	; 36
    108e:	84 ef       	ldi	r24, 0xF4	; 244
    1090:	9b e4       	ldi	r25, 0x4B	; 75
    1092:	0e 94 9c 0b 	call	0x1738	; 0x1738 <__divsf3>
    1096:	dc 01       	movw	r26, r24
    1098:	cb 01       	movw	r24, r22
    109a:	20 e0       	ldi	r18, 0x00	; 0
    109c:	30 e0       	ldi	r19, 0x00	; 0
    109e:	40 e8       	ldi	r20, 0x80	; 128
    10a0:	5f e3       	ldi	r21, 0x3F	; 63
    10a2:	bc 01       	movw	r22, r24
    10a4:	cd 01       	movw	r24, r26
    10a6:	0e 94 2a 0b 	call	0x1654	; 0x1654 <__subsf3>
    10aa:	dc 01       	movw	r26, r24
    10ac:	cb 01       	movw	r24, r22
    10ae:	2c 85       	ldd	r18, Y+12	; 0x0c
    10b0:	3d 85       	ldd	r19, Y+13	; 0x0d
    10b2:	4e 85       	ldd	r20, Y+14	; 0x0e
    10b4:	5f 85       	ldd	r21, Y+15	; 0x0f
    10b6:	bc 01       	movw	r22, r24
    10b8:	cd 01       	movw	r24, r26
    10ba:	0e 94 9c 0b 	call	0x1738	; 0x1738 <__divsf3>
    10be:	dc 01       	movw	r26, r24
    10c0:	cb 01       	movw	r24, r22
    10c2:	8c 8b       	std	Y+20, r24	; 0x14
    10c4:	9d 8b       	std	Y+21, r25	; 0x15
    10c6:	ae 8b       	std	Y+22, r26	; 0x16
    10c8:	bf 8b       	std	Y+23, r27	; 0x17
            if (bsel_f < 0 || bsel_f > 4095) continue;
    10ca:	20 e0       	ldi	r18, 0x00	; 0
    10cc:	30 e0       	ldi	r19, 0x00	; 0
    10ce:	a9 01       	movw	r20, r18
    10d0:	6c 89       	ldd	r22, Y+20	; 0x14
    10d2:	7d 89       	ldd	r23, Y+21	; 0x15
    10d4:	8e 89       	ldd	r24, Y+22	; 0x16
    10d6:	9f 89       	ldd	r25, Y+23	; 0x17
    10d8:	0e 94 97 0b 	call	0x172e	; 0x172e <__cmpsf2>
    10dc:	88 23       	and	r24, r24
    10de:	0c f4       	brge	.+2      	; 0x10e2 <calculate_baud+0x22c>
    10e0:	b2 c0       	rjmp	.+356    	; 0x1246 <calculate_baud+0x390>
    10e2:	20 e0       	ldi	r18, 0x00	; 0
    10e4:	30 ef       	ldi	r19, 0xF0	; 240
    10e6:	4f e7       	ldi	r20, 0x7F	; 127
    10e8:	55 e4       	ldi	r21, 0x45	; 69
    10ea:	6c 89       	ldd	r22, Y+20	; 0x14
    10ec:	7d 89       	ldd	r23, Y+21	; 0x15
    10ee:	8e 89       	ldd	r24, Y+22	; 0x16
    10f0:	9f 89       	ldd	r25, Y+23	; 0x17
    10f2:	0e 94 ef 0c 	call	0x19de	; 0x19de <__gesf2>
    10f6:	18 16       	cp	r1, r24
    10f8:	0c f4       	brge	.+2      	; 0x10fc <calculate_baud+0x246>
    10fa:	a5 c0       	rjmp	.+330    	; 0x1246 <calculate_baud+0x390>
            bsel = (uint16_t)(bsel_f + 0.5);
    10fc:	20 e0       	ldi	r18, 0x00	; 0
    10fe:	30 e0       	ldi	r19, 0x00	; 0
    1100:	40 e0       	ldi	r20, 0x00	; 0
    1102:	5f e3       	ldi	r21, 0x3F	; 63
    1104:	6c 89       	ldd	r22, Y+20	; 0x14
    1106:	7d 89       	ldd	r23, Y+21	; 0x15
    1108:	8e 89       	ldd	r24, Y+22	; 0x16
    110a:	9f 89       	ldd	r25, Y+23	; 0x17
    110c:	0e 94 2b 0b 	call	0x1656	; 0x1656 <__addsf3>
    1110:	dc 01       	movw	r26, r24
    1112:	cb 01       	movw	r24, r22
    1114:	bc 01       	movw	r22, r24
    1116:	cd 01       	movw	r24, r26
    1118:	0e 94 0e 0c 	call	0x181c	; 0x181c <__fixunssfsi>
    111c:	dc 01       	movw	r26, r24
    111e:	cb 01       	movw	r24, r22
    1120:	8e 83       	std	Y+6, r24	; 0x06
    1122:	9f 83       	std	Y+7, r25	; 0x07
            real_baud = (float)CPU_SPEED / (16.0 * (factor * bsel + 1.0));
    1124:	8e 81       	ldd	r24, Y+6	; 0x06
    1126:	9f 81       	ldd	r25, Y+7	; 0x07
    1128:	cc 01       	movw	r24, r24
    112a:	a0 e0       	ldi	r26, 0x00	; 0
    112c:	b0 e0       	ldi	r27, 0x00	; 0
    112e:	bc 01       	movw	r22, r24
    1130:	cd 01       	movw	r24, r26
    1132:	0e 94 3d 0c 	call	0x187a	; 0x187a <__floatunsisf>
    1136:	dc 01       	movw	r26, r24
    1138:	cb 01       	movw	r24, r22
    113a:	2c 85       	ldd	r18, Y+12	; 0x0c
    113c:	3d 85       	ldd	r19, Y+13	; 0x0d
    113e:	4e 85       	ldd	r20, Y+14	; 0x0e
    1140:	5f 85       	ldd	r21, Y+15	; 0x0f
    1142:	bc 01       	movw	r22, r24
    1144:	cd 01       	movw	r24, r26
    1146:	0e 94 f4 0c 	call	0x19e8	; 0x19e8 <__mulsf3>
    114a:	dc 01       	movw	r26, r24
    114c:	cb 01       	movw	r24, r22
    114e:	20 e0       	ldi	r18, 0x00	; 0
    1150:	30 e0       	ldi	r19, 0x00	; 0
    1152:	40 e8       	ldi	r20, 0x80	; 128
    1154:	5f e3       	ldi	r21, 0x3F	; 63
    1156:	bc 01       	movw	r22, r24
    1158:	cd 01       	movw	r24, r26
    115a:	0e 94 2b 0b 	call	0x1656	; 0x1656 <__addsf3>
    115e:	dc 01       	movw	r26, r24
    1160:	cb 01       	movw	r24, r22
    1162:	20 e0       	ldi	r18, 0x00	; 0
    1164:	30 e0       	ldi	r19, 0x00	; 0
    1166:	40 e8       	ldi	r20, 0x80	; 128
    1168:	51 e4       	ldi	r21, 0x41	; 65
    116a:	bc 01       	movw	r22, r24
    116c:	cd 01       	movw	r24, r26
    116e:	0e 94 f4 0c 	call	0x19e8	; 0x19e8 <__mulsf3>
    1172:	dc 01       	movw	r26, r24
    1174:	cb 01       	movw	r24, r22
    1176:	9c 01       	movw	r18, r24
    1178:	ad 01       	movw	r20, r26
    117a:	60 e0       	ldi	r22, 0x00	; 0
    117c:	74 e2       	ldi	r23, 0x24	; 36
    117e:	84 ef       	ldi	r24, 0xF4	; 244
    1180:	9b e4       	ldi	r25, 0x4B	; 75
    1182:	0e 94 9c 0b 	call	0x1738	; 0x1738 <__divsf3>
    1186:	dc 01       	movw	r26, r24
    1188:	cb 01       	movw	r24, r22
    118a:	88 87       	std	Y+8, r24	; 0x08
    118c:	99 87       	std	Y+9, r25	; 0x09
    118e:	aa 87       	std	Y+10, r26	; 0x0a
    1190:	bb 87       	std	Y+11, r27	; 0x0b
        }

        float abs_error = fabs(real_baud - baud);
    1192:	6d a5       	ldd	r22, Y+45	; 0x2d
    1194:	7e a5       	ldd	r23, Y+46	; 0x2e
    1196:	8f a5       	ldd	r24, Y+47	; 0x2f
    1198:	98 a9       	ldd	r25, Y+48	; 0x30
    119a:	0e 94 3d 0c 	call	0x187a	; 0x187a <__floatunsisf>
    119e:	dc 01       	movw	r26, r24
    11a0:	cb 01       	movw	r24, r22
    11a2:	9c 01       	movw	r18, r24
    11a4:	ad 01       	movw	r20, r26
    11a6:	68 85       	ldd	r22, Y+8	; 0x08
    11a8:	79 85       	ldd	r23, Y+9	; 0x09
    11aa:	8a 85       	ldd	r24, Y+10	; 0x0a
    11ac:	9b 85       	ldd	r25, Y+11	; 0x0b
    11ae:	0e 94 2a 0b 	call	0x1654	; 0x1654 <__subsf3>
    11b2:	dc 01       	movw	r26, r24
    11b4:	cb 01       	movw	r24, r22
    11b6:	bf 77       	andi	r27, 0x7F	; 127
    11b8:	88 8f       	std	Y+24, r24	; 0x18
    11ba:	99 8f       	std	Y+25, r25	; 0x19
    11bc:	aa 8f       	std	Y+26, r26	; 0x1a
    11be:	bb 8f       	std	Y+27, r27	; 0x1b
        float rel_error = abs_error / baud;
    11c0:	6d a5       	ldd	r22, Y+45	; 0x2d
    11c2:	7e a5       	ldd	r23, Y+46	; 0x2e
    11c4:	8f a5       	ldd	r24, Y+47	; 0x2f
    11c6:	98 a9       	ldd	r25, Y+48	; 0x30
    11c8:	0e 94 3d 0c 	call	0x187a	; 0x187a <__floatunsisf>
    11cc:	dc 01       	movw	r26, r24
    11ce:	cb 01       	movw	r24, r22
    11d0:	9c 01       	movw	r18, r24
    11d2:	ad 01       	movw	r20, r26
    11d4:	68 8d       	ldd	r22, Y+24	; 0x18
    11d6:	79 8d       	ldd	r23, Y+25	; 0x19
    11d8:	8a 8d       	ldd	r24, Y+26	; 0x1a
    11da:	9b 8d       	ldd	r25, Y+27	; 0x1b
    11dc:	0e 94 9c 0b 	call	0x1738	; 0x1738 <__divsf3>
    11e0:	dc 01       	movw	r26, r24
    11e2:	cb 01       	movw	r24, r22
    11e4:	8c 8f       	std	Y+28, r24	; 0x1c
    11e6:	9d 8f       	std	Y+29, r25	; 0x1d
    11e8:	ae 8f       	std	Y+30, r26	; 0x1e
    11ea:	bf 8f       	std	Y+31, r27	; 0x1f

        if (abs_error < best_error) {
    11ec:	29 81       	ldd	r18, Y+1	; 0x01
    11ee:	3a 81       	ldd	r19, Y+2	; 0x02
    11f0:	4b 81       	ldd	r20, Y+3	; 0x03
    11f2:	5c 81       	ldd	r21, Y+4	; 0x04
    11f4:	68 8d       	ldd	r22, Y+24	; 0x18
    11f6:	79 8d       	ldd	r23, Y+25	; 0x19
    11f8:	8a 8d       	ldd	r24, Y+26	; 0x1a
    11fa:	9b 8d       	ldd	r25, Y+27	; 0x1b
    11fc:	0e 94 97 0b 	call	0x172e	; 0x172e <__cmpsf2>
    1200:	88 23       	and	r24, r24
    1202:	14 f5       	brge	.+68     	; 0x1248 <calculate_baud+0x392>
            best_error = abs_error;
    1204:	88 8d       	ldd	r24, Y+24	; 0x18
    1206:	99 8d       	ldd	r25, Y+25	; 0x19
    1208:	aa 8d       	ldd	r26, Y+26	; 0x1a
    120a:	bb 8d       	ldd	r27, Y+27	; 0x1b
    120c:	89 83       	std	Y+1, r24	; 0x01
    120e:	9a 83       	std	Y+2, r25	; 0x02
    1210:	ab 83       	std	Y+3, r26	; 0x03
    1212:	bc 83       	std	Y+4, r27	; 0x04
            best.bscale = bscale;
    1214:	8d 81       	ldd	r24, Y+5	; 0x05
    1216:	88 a3       	std	Y+32, r24	; 0x20
            best.bsel = bsel;
    1218:	8e 81       	ldd	r24, Y+6	; 0x06
    121a:	9f 81       	ldd	r25, Y+7	; 0x07
    121c:	89 a3       	std	Y+33, r24	; 0x21
    121e:	9a a3       	std	Y+34, r25	; 0x22
            best.abs_error = abs_error;
    1220:	88 8d       	ldd	r24, Y+24	; 0x18
    1222:	99 8d       	ldd	r25, Y+25	; 0x19
    1224:	aa 8d       	ldd	r26, Y+26	; 0x1a
    1226:	bb 8d       	ldd	r27, Y+27	; 0x1b
    1228:	8b a3       	std	Y+35, r24	; 0x23
    122a:	9c a3       	std	Y+36, r25	; 0x24
    122c:	ad a3       	std	Y+37, r26	; 0x25
    122e:	be a3       	std	Y+38, r27	; 0x26
            best.rel_error = rel_error;
    1230:	8c 8d       	ldd	r24, Y+28	; 0x1c
    1232:	9d 8d       	ldd	r25, Y+29	; 0x1d
    1234:	ae 8d       	ldd	r26, Y+30	; 0x1e
    1236:	bf 8d       	ldd	r27, Y+31	; 0x1f
    1238:	8f a3       	std	Y+39, r24	; 0x27
    123a:	98 a7       	std	Y+40, r25	; 0x28
    123c:	a9 a7       	std	Y+41, r26	; 0x29
    123e:	ba a7       	std	Y+42, r27	; 0x2a
    1240:	03 c0       	rjmp	.+6      	; 0x1248 <calculate_baud+0x392>
        uint16_t bsel;
        float real_baud;

        if (bscale >= 0) {
            float bsel_f = ((float)CPU_SPEED / (16.0 * factor * baud)) - 1.0;
            if (bsel_f < 0 || bsel_f > 4095) continue;
    1242:	00 00       	nop
    1244:	01 c0       	rjmp	.+2      	; 0x1248 <calculate_baud+0x392>
            bsel = (uint16_t)(bsel_f + 0.5);
            real_baud = (float)CPU_SPEED / (16.0 * factor * (bsel + 1));
        } else {
            float bsel_f = ((float)CPU_SPEED / (16.0 * baud) - 1.0) / factor;
            if (bsel_f < 0 || bsel_f > 4095) continue;
    1246:	00 00       	nop
baud_result calculate_baud(uint32_t baud) {
    baud_result best;
    best.rel_error = 1e9;
    float best_error = 1e9;

    for (int8_t bscale = -7; bscale <= 7; bscale++) {
    1248:	8d 81       	ldd	r24, Y+5	; 0x05
    124a:	8f 5f       	subi	r24, 0xFF	; 255
    124c:	8d 83       	std	Y+5, r24	; 0x05
    124e:	8d 81       	ldd	r24, Y+5	; 0x05
    1250:	88 30       	cpi	r24, 0x08	; 8
    1252:	0c f4       	brge	.+2      	; 0x1256 <calculate_baud+0x3a0>
    1254:	54 ce       	rjmp	.-856    	; 0xefe <calculate_baud+0x48>
            best.bsel = bsel;
            best.abs_error = abs_error;
            best.rel_error = rel_error;
        }
    }
    return best;
    1256:	8b a5       	ldd	r24, Y+43	; 0x2b
    1258:	9c a5       	ldd	r25, Y+44	; 0x2c
    125a:	2b e0       	ldi	r18, 0x0B	; 11
    125c:	fe 01       	movw	r30, r28
    125e:	b0 96       	adiw	r30, 0x20	; 32
    1260:	dc 01       	movw	r26, r24
    1262:	01 90       	ld	r0, Z+
    1264:	0d 92       	st	X+, r0
    1266:	2a 95       	dec	r18
    1268:	e1 f7       	brne	.-8      	; 0x1262 <calculate_baud+0x3ac>
}
    126a:	8b a5       	ldd	r24, Y+43	; 0x2b
    126c:	9c a5       	ldd	r25, Y+44	; 0x2c
    126e:	e0 96       	adiw	r28, 0x30	; 48
    1270:	cd bf       	out	0x3d, r28	; 61
    1272:	de bf       	out	0x3e, r29	; 62
    1274:	df 91       	pop	r29
    1276:	cf 91       	pop	r28
    1278:	ff 90       	pop	r15
    127a:	ef 90       	pop	r14
    127c:	df 90       	pop	r13
    127e:	cf 90       	pop	r12
    1280:	08 95       	ret

00001282 <stdio_putchar>:

static int stdio_putchar(char c, FILE * stream) {
    1282:	cf 93       	push	r28
    1284:	df 93       	push	r29
    1286:	00 d0       	rcall	.+0      	; 0x1288 <stdio_putchar+0x6>
    1288:	cd b7       	in	r28, 0x3d	; 61
    128a:	de b7       	in	r29, 0x3e	; 62
    128c:	89 83       	std	Y+1, r24	; 0x01
    128e:	6a 83       	std	Y+2, r22	; 0x02
    1290:	7b 83       	std	Y+3, r23	; 0x03
    (void)stream;
	USART.DATA = c;
    1292:	80 ea       	ldi	r24, 0xA0	; 160
    1294:	9a e0       	ldi	r25, 0x0A	; 10
    1296:	29 81       	ldd	r18, Y+1	; 0x01
    1298:	fc 01       	movw	r30, r24
    129a:	20 83       	st	Z, r18
    while (!(USART.STATUS & 0x40)); // Wait for TX complete flag.
    129c:	00 00       	nop
    129e:	80 ea       	ldi	r24, 0xA0	; 160
    12a0:	9a e0       	ldi	r25, 0x0A	; 10
    12a2:	fc 01       	movw	r30, r24
    12a4:	81 81       	ldd	r24, Z+1	; 0x01
    12a6:	88 2f       	mov	r24, r24
    12a8:	90 e0       	ldi	r25, 0x00	; 0
    12aa:	80 74       	andi	r24, 0x40	; 64
    12ac:	99 27       	eor	r25, r25
    12ae:	89 2b       	or	r24, r25
    12b0:	b1 f3       	breq	.-20     	; 0x129e <stdio_putchar+0x1c>
    USART.STATUS = 0x40;            // Clear TX complete flag.
    12b2:	80 ea       	ldi	r24, 0xA0	; 160
    12b4:	9a e0       	ldi	r25, 0x0A	; 10
    12b6:	20 e4       	ldi	r18, 0x40	; 64
    12b8:	fc 01       	movw	r30, r24
    12ba:	21 83       	std	Z+1, r18	; 0x01
	return 0;
    12bc:	80 e0       	ldi	r24, 0x00	; 0
    12be:	90 e0       	ldi	r25, 0x00	; 0
}
    12c0:	23 96       	adiw	r28, 0x03	; 3
    12c2:	cd bf       	out	0x3d, r28	; 61
    12c4:	de bf       	out	0x3e, r29	; 62
    12c6:	df 91       	pop	r29
    12c8:	cf 91       	pop	r28
    12ca:	08 95       	ret

000012cc <stdio_getchar>:
	
static int stdio_getchar(FILE *stream) {
    12cc:	cf 93       	push	r28
    12ce:	df 93       	push	r29
    12d0:	1f 92       	push	r1
    12d2:	1f 92       	push	r1
    12d4:	cd b7       	in	r28, 0x3d	; 61
    12d6:	de b7       	in	r29, 0x3e	; 62
    12d8:	89 83       	std	Y+1, r24	; 0x01
    12da:	9a 83       	std	Y+2, r25	; 0x02
    (void)stream;
    while (!(USART.STATUS & 0x80)); // Wait for RX complete flag.
    12dc:	00 00       	nop
    12de:	80 ea       	ldi	r24, 0xA0	; 160
    12e0:	9a e0       	ldi	r25, 0x0A	; 10
    12e2:	fc 01       	movw	r30, r24
    12e4:	81 81       	ldd	r24, Z+1	; 0x01
    12e6:	88 23       	and	r24, r24
    12e8:	d4 f7       	brge	.-12     	; 0x12de <stdio_getchar+0x12>
	return USART.DATA;
    12ea:	80 ea       	ldi	r24, 0xA0	; 160
    12ec:	9a e0       	ldi	r25, 0x0A	; 10
    12ee:	fc 01       	movw	r30, r24
    12f0:	80 81       	ld	r24, Z
    12f2:	88 2f       	mov	r24, r24
    12f4:	90 e0       	ldi	r25, 0x00	; 0
    12f6:	0f 90       	pop	r0
    12f8:	0f 90       	pop	r0
    12fa:	df 91       	pop	r29
    12fc:	cf 91       	pop	r28
    12fe:	08 95       	ret

00001300 <init>:
		if (stick & 0x04) puts("DOWN\r");     // B2 = SWD (0x04 = 0b00000100)
		if (stick & 0x02) puts("RIGHT\r");    // B1 = SWR (0x02 = 0b00000010)
		if (stick & 0x01) puts("CENTER\r");   // B0 = SWC (0x01 = 0b00000001)
		prevStick = stick;
	}
}
    1300:	cf 93       	push	r28
    1302:	df 93       	push	r29
    1304:	cd b7       	in	r28, 0x3d	; 61
    1306:	de b7       	in	r29, 0x3e	; 62
    1308:	0e 94 9a 05 	call	0xb34	; 0xb34 <DriverSysClkXtalInit>
    130c:	0e 94 0d 07 	call	0xe1a	; 0xe1a <DriverUSARTInit>
    1310:	0e 94 74 05 	call	0xae8	; 0xae8 <DriverPowerInit>
    1314:	81 e0       	ldi	r24, 0x01	; 1
    1316:	0e 94 81 05 	call	0xb02	; 0xb02 <DriverPowerVccAuxSet>
    131a:	0e 94 b5 05 	call	0xb6a	; 0xb6a <DriverTWIMInit>
    131e:	0e 94 f5 01 	call	0x3ea	; 0x3ea <DriverCursorstickInit>
    1322:	0e 94 1b 02 	call	0x436	; 0x436 <DriverLedInit>
    1326:	0e 94 ed 01 	call	0x3da	; 0x3da <DriverAdcInit>
    132a:	0e 94 c9 03 	call	0x792	; 0x792 <DriverMotorInit>
    132e:	00 00       	nop
    1330:	df 91       	pop	r29
    1332:	cf 91       	pop	r28
    1334:	08 95       	ret

00001336 <main>:
    1336:	cf 93       	push	r28
    1338:	df 93       	push	r29
    133a:	cd b7       	in	r28, 0x3d	; 61
    133c:	de b7       	in	r29, 0x3e	; 62
    133e:	2e 97       	sbiw	r28, 0x0e	; 14
    1340:	cd bf       	out	0x3d, r28	; 61
    1342:	de bf       	out	0x3e, r29	; 62
    1344:	0e 94 80 09 	call	0x1300	; 0x1300 <init>
    1348:	80 e0       	ldi	r24, 0x00	; 0
    134a:	90 e0       	ldi	r25, 0x00	; 0
    134c:	aa ef       	ldi	r26, 0xFA	; 250
    134e:	b3 e4       	ldi	r27, 0x43	; 67
    1350:	89 83       	std	Y+1, r24	; 0x01
    1352:	9a 83       	std	Y+2, r25	; 0x02
    1354:	ab 83       	std	Y+3, r26	; 0x03
    1356:	bc 83       	std	Y+4, r27	; 0x04
    1358:	20 e0       	ldi	r18, 0x00	; 0
    135a:	30 e0       	ldi	r19, 0x00	; 0
    135c:	4a ef       	ldi	r20, 0xFA	; 250
    135e:	55 e4       	ldi	r21, 0x45	; 69
    1360:	69 81       	ldd	r22, Y+1	; 0x01
    1362:	7a 81       	ldd	r23, Y+2	; 0x02
    1364:	8b 81       	ldd	r24, Y+3	; 0x03
    1366:	9c 81       	ldd	r25, Y+4	; 0x04
    1368:	0e 94 f4 0c 	call	0x19e8	; 0x19e8 <__mulsf3>
    136c:	dc 01       	movw	r26, r24
    136e:	cb 01       	movw	r24, r22
    1370:	8d 83       	std	Y+5, r24	; 0x05
    1372:	9e 83       	std	Y+6, r25	; 0x06
    1374:	af 83       	std	Y+7, r26	; 0x07
    1376:	b8 87       	std	Y+8, r27	; 0x08
    1378:	20 e0       	ldi	r18, 0x00	; 0
    137a:	30 e0       	ldi	r19, 0x00	; 0
    137c:	40 e8       	ldi	r20, 0x80	; 128
    137e:	5f e3       	ldi	r21, 0x3F	; 63
    1380:	6d 81       	ldd	r22, Y+5	; 0x05
    1382:	7e 81       	ldd	r23, Y+6	; 0x06
    1384:	8f 81       	ldd	r24, Y+7	; 0x07
    1386:	98 85       	ldd	r25, Y+8	; 0x08
    1388:	0e 94 97 0b 	call	0x172e	; 0x172e <__cmpsf2>
    138c:	88 23       	and	r24, r24
    138e:	2c f4       	brge	.+10     	; 0x139a <main+0x64>
    1390:	81 e0       	ldi	r24, 0x01	; 1
    1392:	90 e0       	ldi	r25, 0x00	; 0
    1394:	89 87       	std	Y+9, r24	; 0x09
    1396:	9a 87       	std	Y+10, r25	; 0x0a
    1398:	3f c0       	rjmp	.+126    	; 0x1418 <main+0xe2>
    139a:	20 e0       	ldi	r18, 0x00	; 0
    139c:	3f ef       	ldi	r19, 0xFF	; 255
    139e:	4f e7       	ldi	r20, 0x7F	; 127
    13a0:	57 e4       	ldi	r21, 0x47	; 71
    13a2:	6d 81       	ldd	r22, Y+5	; 0x05
    13a4:	7e 81       	ldd	r23, Y+6	; 0x06
    13a6:	8f 81       	ldd	r24, Y+7	; 0x07
    13a8:	98 85       	ldd	r25, Y+8	; 0x08
    13aa:	0e 94 ef 0c 	call	0x19de	; 0x19de <__gesf2>
    13ae:	18 16       	cp	r1, r24
    13b0:	4c f5       	brge	.+82     	; 0x1404 <main+0xce>
    13b2:	20 e0       	ldi	r18, 0x00	; 0
    13b4:	30 e0       	ldi	r19, 0x00	; 0
    13b6:	40 e2       	ldi	r20, 0x20	; 32
    13b8:	51 e4       	ldi	r21, 0x41	; 65
    13ba:	69 81       	ldd	r22, Y+1	; 0x01
    13bc:	7a 81       	ldd	r23, Y+2	; 0x02
    13be:	8b 81       	ldd	r24, Y+3	; 0x03
    13c0:	9c 81       	ldd	r25, Y+4	; 0x04
    13c2:	0e 94 f4 0c 	call	0x19e8	; 0x19e8 <__mulsf3>
    13c6:	dc 01       	movw	r26, r24
    13c8:	cb 01       	movw	r24, r22
    13ca:	bc 01       	movw	r22, r24
    13cc:	cd 01       	movw	r24, r26
    13ce:	0e 94 0e 0c 	call	0x181c	; 0x181c <__fixunssfsi>
    13d2:	dc 01       	movw	r26, r24
    13d4:	cb 01       	movw	r24, r22
    13d6:	89 87       	std	Y+9, r24	; 0x09
    13d8:	9a 87       	std	Y+10, r25	; 0x0a
    13da:	0f c0       	rjmp	.+30     	; 0x13fa <main+0xc4>
    13dc:	80 e2       	ldi	r24, 0x20	; 32
    13de:	93 e0       	ldi	r25, 0x03	; 3
    13e0:	8b 87       	std	Y+11, r24	; 0x0b
    13e2:	9c 87       	std	Y+12, r25	; 0x0c
    13e4:	8b 85       	ldd	r24, Y+11	; 0x0b
    13e6:	9c 85       	ldd	r25, Y+12	; 0x0c
    13e8:	01 97       	sbiw	r24, 0x01	; 1
    13ea:	f1 f7       	brne	.-4      	; 0x13e8 <main+0xb2>
    13ec:	8b 87       	std	Y+11, r24	; 0x0b
    13ee:	9c 87       	std	Y+12, r25	; 0x0c
    13f0:	89 85       	ldd	r24, Y+9	; 0x09
    13f2:	9a 85       	ldd	r25, Y+10	; 0x0a
    13f4:	01 97       	sbiw	r24, 0x01	; 1
    13f6:	89 87       	std	Y+9, r24	; 0x09
    13f8:	9a 87       	std	Y+10, r25	; 0x0a
    13fa:	89 85       	ldd	r24, Y+9	; 0x09
    13fc:	9a 85       	ldd	r25, Y+10	; 0x0a
    13fe:	89 2b       	or	r24, r25
    1400:	69 f7       	brne	.-38     	; 0x13dc <main+0xa6>
    1402:	14 c0       	rjmp	.+40     	; 0x142c <main+0xf6>
    1404:	6d 81       	ldd	r22, Y+5	; 0x05
    1406:	7e 81       	ldd	r23, Y+6	; 0x06
    1408:	8f 81       	ldd	r24, Y+7	; 0x07
    140a:	98 85       	ldd	r25, Y+8	; 0x08
    140c:	0e 94 0e 0c 	call	0x181c	; 0x181c <__fixunssfsi>
    1410:	dc 01       	movw	r26, r24
    1412:	cb 01       	movw	r24, r22
    1414:	89 87       	std	Y+9, r24	; 0x09
    1416:	9a 87       	std	Y+10, r25	; 0x0a
    1418:	89 85       	ldd	r24, Y+9	; 0x09
    141a:	9a 85       	ldd	r25, Y+10	; 0x0a
    141c:	8d 87       	std	Y+13, r24	; 0x0d
    141e:	9e 87       	std	Y+14, r25	; 0x0e
    1420:	8d 85       	ldd	r24, Y+13	; 0x0d
    1422:	9e 85       	ldd	r25, Y+14	; 0x0e
    1424:	01 97       	sbiw	r24, 0x01	; 1
    1426:	f1 f7       	brne	.-4      	; 0x1424 <main+0xee>
    1428:	8d 87       	std	Y+13, r24	; 0x0d
    142a:	9e 87       	std	Y+14, r25	; 0x0e
    142c:	0e 94 1c 0a 	call	0x1438	; 0x1438 <TestMotor>
    1430:	85 e5       	ldi	r24, 0x55	; 85
    1432:	0e 94 15 0b 	call	0x162a	; 0x162a <sendByte>
    1436:	fa cf       	rjmp	.-12     	; 0x142c <main+0xf6>

00001438 <TestMotor>:

void TestMotor(void) {
    1438:	cf 93       	push	r28
    143a:	df 93       	push	r29
    143c:	cd b7       	in	r28, 0x3d	; 61
    143e:	de b7       	in	r29, 0x3e	; 62
    1440:	62 97       	sbiw	r28, 0x12	; 18
    1442:	cd bf       	out	0x3d, r28	; 61
    1444:	de bf       	out	0x3e, r29	; 62
	static uint8_t speedConfigured = 0;
	static int16_t speed = 0;
	EncoderStruct encoderPos;

	if (!speedConfigured) {
    1446:	80 91 99 20 	lds	r24, 0x2099	; 0x802099 <speedConfigured.4189>
    144a:	88 23       	and	r24, r24
    144c:	09 f0       	breq	.+2      	; 0x1450 <TestMotor+0x18>
    144e:	49 c0       	rjmp	.+146    	; 0x14e2 <TestMotor+0xaa>
		puts("Enter speed [-3000, +3000]: ");
    1450:	89 e3       	ldi	r24, 0x39	; 57
    1452:	90 e2       	ldi	r25, 0x20	; 32
    1454:	0e 94 ec 13 	call	0x27d8	; 0x27d8 <puts>
		if (scanf("%d", &speed) == 1) {
    1458:	8a e9       	ldi	r24, 0x9A	; 154
    145a:	90 e2       	ldi	r25, 0x20	; 32
    145c:	89 2f       	mov	r24, r25
    145e:	8f 93       	push	r24
    1460:	8a e9       	ldi	r24, 0x9A	; 154
    1462:	90 e2       	ldi	r25, 0x20	; 32
    1464:	8f 93       	push	r24
    1466:	86 e5       	ldi	r24, 0x56	; 86
    1468:	90 e2       	ldi	r25, 0x20	; 32
    146a:	89 2f       	mov	r24, r25
    146c:	8f 93       	push	r24
    146e:	86 e5       	ldi	r24, 0x56	; 86
    1470:	90 e2       	ldi	r25, 0x20	; 32
    1472:	8f 93       	push	r24
    1474:	0e 94 1c 14 	call	0x2838	; 0x2838 <scanf>
    1478:	0f 90       	pop	r0
    147a:	0f 90       	pop	r0
    147c:	0f 90       	pop	r0
    147e:	0f 90       	pop	r0
    1480:	01 97       	sbiw	r24, 0x01	; 1
    1482:	79 f5       	brne	.+94     	; 0x14e2 <TestMotor+0xaa>
			DriverMotorSet(speed, speed); // Apply same speed to both motors
    1484:	20 91 9a 20 	lds	r18, 0x209A	; 0x80209a <speed.4190>
    1488:	30 91 9b 20 	lds	r19, 0x209B	; 0x80209b <speed.4190+0x1>
    148c:	80 91 9a 20 	lds	r24, 0x209A	; 0x80209a <speed.4190>
    1490:	90 91 9b 20 	lds	r25, 0x209B	; 0x80209b <speed.4190+0x1>
    1494:	b9 01       	movw	r22, r18
    1496:	0e 94 7f 04 	call	0x8fe	; 0x8fe <DriverMotorSet>
			sprintf(text, "Speed set to: %d\r", speed);
    149a:	80 91 9a 20 	lds	r24, 0x209A	; 0x80209a <speed.4190>
    149e:	90 91 9b 20 	lds	r25, 0x209B	; 0x80209b <speed.4190+0x1>
    14a2:	29 2f       	mov	r18, r25
    14a4:	2f 93       	push	r18
    14a6:	8f 93       	push	r24
    14a8:	89 e5       	ldi	r24, 0x59	; 89
    14aa:	90 e2       	ldi	r25, 0x20	; 32
    14ac:	89 2f       	mov	r24, r25
    14ae:	8f 93       	push	r24
    14b0:	89 e5       	ldi	r24, 0x59	; 89
    14b2:	90 e2       	ldi	r25, 0x20	; 32
    14b4:	8f 93       	push	r24
    14b6:	8c e9       	ldi	r24, 0x9C	; 156
    14b8:	90 e2       	ldi	r25, 0x20	; 32
    14ba:	89 2f       	mov	r24, r25
    14bc:	8f 93       	push	r24
    14be:	8c e9       	ldi	r24, 0x9C	; 156
    14c0:	90 e2       	ldi	r25, 0x20	; 32
    14c2:	8f 93       	push	r24
    14c4:	0e 94 30 14 	call	0x2860	; 0x2860 <sprintf>
    14c8:	0f 90       	pop	r0
    14ca:	0f 90       	pop	r0
    14cc:	0f 90       	pop	r0
    14ce:	0f 90       	pop	r0
    14d0:	0f 90       	pop	r0
    14d2:	0f 90       	pop	r0
			puts(text);
    14d4:	8c e9       	ldi	r24, 0x9C	; 156
    14d6:	90 e2       	ldi	r25, 0x20	; 32
    14d8:	0e 94 ec 13 	call	0x27d8	; 0x27d8 <puts>
			speedConfigured = 1;
    14dc:	81 e0       	ldi	r24, 0x01	; 1
    14de:	80 93 99 20 	sts	0x2099, r24	; 0x802099 <speedConfigured.4189>
		}
	}

	// Continuously print encoder values so wheel rotation is immediately visible.
	encoderPos = DriverMotorGetEncoder();
    14e2:	0e 94 4a 05 	call	0xa94	; 0xa94 <DriverMotorGetEncoder>
    14e6:	dc 01       	movw	r26, r24
    14e8:	cb 01       	movw	r24, r22
    14ea:	8f 87       	std	Y+15, r24	; 0x0f
    14ec:	98 8b       	std	Y+16, r25	; 0x10
    14ee:	a9 8b       	std	Y+17, r26	; 0x11
    14f0:	ba 8b       	std	Y+18, r27	; 0x12
	sprintf(text, "Encoder A: %d, Encoder B: %d\r", encoderPos.Cnt1, encoderPos.Cnt2);
    14f2:	29 89       	ldd	r18, Y+17	; 0x11
    14f4:	3a 89       	ldd	r19, Y+18	; 0x12
    14f6:	8f 85       	ldd	r24, Y+15	; 0x0f
    14f8:	98 89       	ldd	r25, Y+16	; 0x10
    14fa:	43 2f       	mov	r20, r19
    14fc:	4f 93       	push	r20
    14fe:	2f 93       	push	r18
    1500:	29 2f       	mov	r18, r25
    1502:	2f 93       	push	r18
    1504:	8f 93       	push	r24
    1506:	8b e6       	ldi	r24, 0x6B	; 107
    1508:	90 e2       	ldi	r25, 0x20	; 32
    150a:	89 2f       	mov	r24, r25
    150c:	8f 93       	push	r24
    150e:	8b e6       	ldi	r24, 0x6B	; 107
    1510:	90 e2       	ldi	r25, 0x20	; 32
    1512:	8f 93       	push	r24
    1514:	8c e9       	ldi	r24, 0x9C	; 156
    1516:	90 e2       	ldi	r25, 0x20	; 32
    1518:	89 2f       	mov	r24, r25
    151a:	8f 93       	push	r24
    151c:	8c e9       	ldi	r24, 0x9C	; 156
    151e:	90 e2       	ldi	r25, 0x20	; 32
    1520:	8f 93       	push	r24
    1522:	0e 94 30 14 	call	0x2860	; 0x2860 <sprintf>
    1526:	8d b7       	in	r24, 0x3d	; 61
    1528:	9e b7       	in	r25, 0x3e	; 62
    152a:	08 96       	adiw	r24, 0x08	; 8
    152c:	cd bf       	out	0x3d, r28	; 61
    152e:	de bf       	out	0x3e, r29	; 62
	puts(text);
    1530:	8c e9       	ldi	r24, 0x9C	; 156
    1532:	90 e2       	ldi	r25, 0x20	; 32
    1534:	0e 94 ec 13 	call	0x27d8	; 0x27d8 <puts>
    1538:	80 e0       	ldi	r24, 0x00	; 0
    153a:	90 e0       	ldi	r25, 0x00	; 0
    153c:	a8 ec       	ldi	r26, 0xC8	; 200
    153e:	b2 e4       	ldi	r27, 0x42	; 66
    1540:	89 83       	std	Y+1, r24	; 0x01
    1542:	9a 83       	std	Y+2, r25	; 0x02
    1544:	ab 83       	std	Y+3, r26	; 0x03
    1546:	bc 83       	std	Y+4, r27	; 0x04

	__builtin_avr_delay_cycles(__ticks_dc);

#else
	uint16_t __ticks;
	__tmp = ((F_CPU) / 4e3) * __ms;
    1548:	20 e0       	ldi	r18, 0x00	; 0
    154a:	30 e0       	ldi	r19, 0x00	; 0
    154c:	4a ef       	ldi	r20, 0xFA	; 250
    154e:	55 e4       	ldi	r21, 0x45	; 69
    1550:	69 81       	ldd	r22, Y+1	; 0x01
    1552:	7a 81       	ldd	r23, Y+2	; 0x02
    1554:	8b 81       	ldd	r24, Y+3	; 0x03
    1556:	9c 81       	ldd	r25, Y+4	; 0x04
    1558:	0e 94 f4 0c 	call	0x19e8	; 0x19e8 <__mulsf3>
    155c:	dc 01       	movw	r26, r24
    155e:	cb 01       	movw	r24, r22
    1560:	8d 83       	std	Y+5, r24	; 0x05
    1562:	9e 83       	std	Y+6, r25	; 0x06
    1564:	af 83       	std	Y+7, r26	; 0x07
    1566:	b8 87       	std	Y+8, r27	; 0x08
	if (__tmp < 1.0)
    1568:	20 e0       	ldi	r18, 0x00	; 0
    156a:	30 e0       	ldi	r19, 0x00	; 0
    156c:	40 e8       	ldi	r20, 0x80	; 128
    156e:	5f e3       	ldi	r21, 0x3F	; 63
    1570:	6d 81       	ldd	r22, Y+5	; 0x05
    1572:	7e 81       	ldd	r23, Y+6	; 0x06
    1574:	8f 81       	ldd	r24, Y+7	; 0x07
    1576:	98 85       	ldd	r25, Y+8	; 0x08
    1578:	0e 94 97 0b 	call	0x172e	; 0x172e <__cmpsf2>
    157c:	88 23       	and	r24, r24
    157e:	2c f4       	brge	.+10     	; 0x158a <TestMotor+0x152>
		__ticks = 1;
    1580:	81 e0       	ldi	r24, 0x01	; 1
    1582:	90 e0       	ldi	r25, 0x00	; 0
    1584:	89 87       	std	Y+9, r24	; 0x09
    1586:	9a 87       	std	Y+10, r25	; 0x0a
    1588:	3f c0       	rjmp	.+126    	; 0x1608 <TestMotor+0x1d0>
	else if (__tmp > 65535)
    158a:	20 e0       	ldi	r18, 0x00	; 0
    158c:	3f ef       	ldi	r19, 0xFF	; 255
    158e:	4f e7       	ldi	r20, 0x7F	; 127
    1590:	57 e4       	ldi	r21, 0x47	; 71
    1592:	6d 81       	ldd	r22, Y+5	; 0x05
    1594:	7e 81       	ldd	r23, Y+6	; 0x06
    1596:	8f 81       	ldd	r24, Y+7	; 0x07
    1598:	98 85       	ldd	r25, Y+8	; 0x08
    159a:	0e 94 ef 0c 	call	0x19de	; 0x19de <__gesf2>
    159e:	18 16       	cp	r1, r24
    15a0:	4c f5       	brge	.+82     	; 0x15f4 <TestMotor+0x1bc>
	{
		//	__ticks = requested delay in 1/10 ms
		__ticks = (uint16_t) (__ms * 10.0);
    15a2:	20 e0       	ldi	r18, 0x00	; 0
    15a4:	30 e0       	ldi	r19, 0x00	; 0
    15a6:	40 e2       	ldi	r20, 0x20	; 32
    15a8:	51 e4       	ldi	r21, 0x41	; 65
    15aa:	69 81       	ldd	r22, Y+1	; 0x01
    15ac:	7a 81       	ldd	r23, Y+2	; 0x02
    15ae:	8b 81       	ldd	r24, Y+3	; 0x03
    15b0:	9c 81       	ldd	r25, Y+4	; 0x04
    15b2:	0e 94 f4 0c 	call	0x19e8	; 0x19e8 <__mulsf3>
    15b6:	dc 01       	movw	r26, r24
    15b8:	cb 01       	movw	r24, r22
    15ba:	bc 01       	movw	r22, r24
    15bc:	cd 01       	movw	r24, r26
    15be:	0e 94 0e 0c 	call	0x181c	; 0x181c <__fixunssfsi>
    15c2:	dc 01       	movw	r26, r24
    15c4:	cb 01       	movw	r24, r22
    15c6:	89 87       	std	Y+9, r24	; 0x09
    15c8:	9a 87       	std	Y+10, r25	; 0x0a
    15ca:	0f c0       	rjmp	.+30     	; 0x15ea <TestMotor+0x1b2>
    15cc:	80 e2       	ldi	r24, 0x20	; 32
    15ce:	93 e0       	ldi	r25, 0x03	; 3
    15d0:	8b 87       	std	Y+11, r24	; 0x0b
    15d2:	9c 87       	std	Y+12, r25	; 0x0c
    milliseconds can be achieved.
 */
void
_delay_loop_2(uint16_t __count)
{
	__asm__ volatile (
    15d4:	8b 85       	ldd	r24, Y+11	; 0x0b
    15d6:	9c 85       	ldd	r25, Y+12	; 0x0c
    15d8:	01 97       	sbiw	r24, 0x01	; 1
    15da:	f1 f7       	brne	.-4      	; 0x15d8 <TestMotor+0x1a0>
    15dc:	8b 87       	std	Y+11, r24	; 0x0b
    15de:	9c 87       	std	Y+12, r25	; 0x0c
		while(__ticks)
		{
			// wait 1/10 ms
			_delay_loop_2(((F_CPU) / 4e3) / 10);
			__ticks --;
    15e0:	89 85       	ldd	r24, Y+9	; 0x09
    15e2:	9a 85       	ldd	r25, Y+10	; 0x0a
    15e4:	01 97       	sbiw	r24, 0x01	; 1
    15e6:	89 87       	std	Y+9, r24	; 0x09
    15e8:	9a 87       	std	Y+10, r25	; 0x0a
		__ticks = 1;
	else if (__tmp > 65535)
	{
		//	__ticks = requested delay in 1/10 ms
		__ticks = (uint16_t) (__ms * 10.0);
		while(__ticks)
    15ea:	89 85       	ldd	r24, Y+9	; 0x09
    15ec:	9a 85       	ldd	r25, Y+10	; 0x0a
    15ee:	89 2b       	or	r24, r25
    15f0:	69 f7       	brne	.-38     	; 0x15cc <TestMotor+0x194>
	_delay_ms(100);
}
    15f2:	14 c0       	rjmp	.+40     	; 0x161c <TestMotor+0x1e4>
			__ticks --;
		}
		return;
	}
	else
		__ticks = (uint16_t)__tmp;
    15f4:	6d 81       	ldd	r22, Y+5	; 0x05
    15f6:	7e 81       	ldd	r23, Y+6	; 0x06
    15f8:	8f 81       	ldd	r24, Y+7	; 0x07
    15fa:	98 85       	ldd	r25, Y+8	; 0x08
    15fc:	0e 94 0e 0c 	call	0x181c	; 0x181c <__fixunssfsi>
    1600:	dc 01       	movw	r26, r24
    1602:	cb 01       	movw	r24, r22
    1604:	89 87       	std	Y+9, r24	; 0x09
    1606:	9a 87       	std	Y+10, r25	; 0x0a
    1608:	89 85       	ldd	r24, Y+9	; 0x09
    160a:	9a 85       	ldd	r25, Y+10	; 0x0a
    160c:	8d 87       	std	Y+13, r24	; 0x0d
    160e:	9e 87       	std	Y+14, r25	; 0x0e
    1610:	8d 85       	ldd	r24, Y+13	; 0x0d
    1612:	9e 85       	ldd	r25, Y+14	; 0x0e
    1614:	01 97       	sbiw	r24, 0x01	; 1
    1616:	f1 f7       	brne	.-4      	; 0x1614 <TestMotor+0x1dc>
    1618:	8d 87       	std	Y+13, r24	; 0x0d
    161a:	9e 87       	std	Y+14, r25	; 0x0e
    161c:	00 00       	nop
    161e:	62 96       	adiw	r28, 0x12	; 18
    1620:	cd bf       	out	0x3d, r28	; 61
    1622:	de bf       	out	0x3e, r29	; 62
    1624:	df 91       	pop	r29
    1626:	cf 91       	pop	r28
    1628:	08 95       	ret

0000162a <sendByte>:

void sendByte(uint8_t value) { // Simple function to send a byte over USART
    162a:	cf 93       	push	r28
    162c:	df 93       	push	r29
    162e:	1f 92       	push	r1
    1630:	cd b7       	in	r28, 0x3d	; 61
    1632:	de b7       	in	r29, 0x3e	; 62
    1634:	89 83       	std	Y+1, r24	; 0x01
	putchar(value);
    1636:	20 91 bf 20 	lds	r18, 0x20BF	; 0x8020bf <__iob+0x2>
    163a:	30 91 c0 20 	lds	r19, 0x20C0	; 0x8020c0 <__iob+0x3>
    163e:	89 81       	ldd	r24, Y+1	; 0x01
    1640:	88 2f       	mov	r24, r24
    1642:	90 e0       	ldi	r25, 0x00	; 0
    1644:	b9 01       	movw	r22, r18
    1646:	0e 94 b0 13 	call	0x2760	; 0x2760 <fputc>
    164a:	00 00       	nop
    164c:	0f 90       	pop	r0
    164e:	df 91       	pop	r29
    1650:	cf 91       	pop	r28
    1652:	08 95       	ret

00001654 <__subsf3>:
    1654:	50 58       	subi	r21, 0x80	; 128

00001656 <__addsf3>:
    1656:	bb 27       	eor	r27, r27
    1658:	aa 27       	eor	r26, r26
    165a:	0e 94 42 0b 	call	0x1684	; 0x1684 <__addsf3x>
    165e:	0c 94 b5 0c 	jmp	0x196a	; 0x196a <__fp_round>
    1662:	0e 94 a7 0c 	call	0x194e	; 0x194e <__fp_pscA>
    1666:	38 f0       	brcs	.+14     	; 0x1676 <__addsf3+0x20>
    1668:	0e 94 ae 0c 	call	0x195c	; 0x195c <__fp_pscB>
    166c:	20 f0       	brcs	.+8      	; 0x1676 <__addsf3+0x20>
    166e:	39 f4       	brne	.+14     	; 0x167e <__addsf3+0x28>
    1670:	9f 3f       	cpi	r25, 0xFF	; 255
    1672:	19 f4       	brne	.+6      	; 0x167a <__addsf3+0x24>
    1674:	26 f4       	brtc	.+8      	; 0x167e <__addsf3+0x28>
    1676:	0c 94 a4 0c 	jmp	0x1948	; 0x1948 <__fp_nan>
    167a:	0e f4       	brtc	.+2      	; 0x167e <__addsf3+0x28>
    167c:	e0 95       	com	r30
    167e:	e7 fb       	bst	r30, 7
    1680:	0c 94 9e 0c 	jmp	0x193c	; 0x193c <__fp_inf>

00001684 <__addsf3x>:
    1684:	e9 2f       	mov	r30, r25
    1686:	0e 94 c6 0c 	call	0x198c	; 0x198c <__fp_split3>
    168a:	58 f3       	brcs	.-42     	; 0x1662 <__addsf3+0xc>
    168c:	ba 17       	cp	r27, r26
    168e:	62 07       	cpc	r22, r18
    1690:	73 07       	cpc	r23, r19
    1692:	84 07       	cpc	r24, r20
    1694:	95 07       	cpc	r25, r21
    1696:	20 f0       	brcs	.+8      	; 0x16a0 <__addsf3x+0x1c>
    1698:	79 f4       	brne	.+30     	; 0x16b8 <__addsf3x+0x34>
    169a:	a6 f5       	brtc	.+104    	; 0x1704 <__addsf3x+0x80>
    169c:	0c 94 e8 0c 	jmp	0x19d0	; 0x19d0 <__fp_zero>
    16a0:	0e f4       	brtc	.+2      	; 0x16a4 <__addsf3x+0x20>
    16a2:	e0 95       	com	r30
    16a4:	0b 2e       	mov	r0, r27
    16a6:	ba 2f       	mov	r27, r26
    16a8:	a0 2d       	mov	r26, r0
    16aa:	0b 01       	movw	r0, r22
    16ac:	b9 01       	movw	r22, r18
    16ae:	90 01       	movw	r18, r0
    16b0:	0c 01       	movw	r0, r24
    16b2:	ca 01       	movw	r24, r20
    16b4:	a0 01       	movw	r20, r0
    16b6:	11 24       	eor	r1, r1
    16b8:	ff 27       	eor	r31, r31
    16ba:	59 1b       	sub	r21, r25
    16bc:	99 f0       	breq	.+38     	; 0x16e4 <__addsf3x+0x60>
    16be:	59 3f       	cpi	r21, 0xF9	; 249
    16c0:	50 f4       	brcc	.+20     	; 0x16d6 <__addsf3x+0x52>
    16c2:	50 3e       	cpi	r21, 0xE0	; 224
    16c4:	68 f1       	brcs	.+90     	; 0x1720 <__addsf3x+0x9c>
    16c6:	1a 16       	cp	r1, r26
    16c8:	f0 40       	sbci	r31, 0x00	; 0
    16ca:	a2 2f       	mov	r26, r18
    16cc:	23 2f       	mov	r18, r19
    16ce:	34 2f       	mov	r19, r20
    16d0:	44 27       	eor	r20, r20
    16d2:	58 5f       	subi	r21, 0xF8	; 248
    16d4:	f3 cf       	rjmp	.-26     	; 0x16bc <__addsf3x+0x38>
    16d6:	46 95       	lsr	r20
    16d8:	37 95       	ror	r19
    16da:	27 95       	ror	r18
    16dc:	a7 95       	ror	r26
    16de:	f0 40       	sbci	r31, 0x00	; 0
    16e0:	53 95       	inc	r21
    16e2:	c9 f7       	brne	.-14     	; 0x16d6 <__addsf3x+0x52>
    16e4:	7e f4       	brtc	.+30     	; 0x1704 <__addsf3x+0x80>
    16e6:	1f 16       	cp	r1, r31
    16e8:	ba 0b       	sbc	r27, r26
    16ea:	62 0b       	sbc	r22, r18
    16ec:	73 0b       	sbc	r23, r19
    16ee:	84 0b       	sbc	r24, r20
    16f0:	ba f0       	brmi	.+46     	; 0x1720 <__addsf3x+0x9c>
    16f2:	91 50       	subi	r25, 0x01	; 1
    16f4:	a1 f0       	breq	.+40     	; 0x171e <__addsf3x+0x9a>
    16f6:	ff 0f       	add	r31, r31
    16f8:	bb 1f       	adc	r27, r27
    16fa:	66 1f       	adc	r22, r22
    16fc:	77 1f       	adc	r23, r23
    16fe:	88 1f       	adc	r24, r24
    1700:	c2 f7       	brpl	.-16     	; 0x16f2 <__addsf3x+0x6e>
    1702:	0e c0       	rjmp	.+28     	; 0x1720 <__addsf3x+0x9c>
    1704:	ba 0f       	add	r27, r26
    1706:	62 1f       	adc	r22, r18
    1708:	73 1f       	adc	r23, r19
    170a:	84 1f       	adc	r24, r20
    170c:	48 f4       	brcc	.+18     	; 0x1720 <__addsf3x+0x9c>
    170e:	87 95       	ror	r24
    1710:	77 95       	ror	r23
    1712:	67 95       	ror	r22
    1714:	b7 95       	ror	r27
    1716:	f7 95       	ror	r31
    1718:	9e 3f       	cpi	r25, 0xFE	; 254
    171a:	08 f0       	brcs	.+2      	; 0x171e <__addsf3x+0x9a>
    171c:	b0 cf       	rjmp	.-160    	; 0x167e <__addsf3+0x28>
    171e:	93 95       	inc	r25
    1720:	88 0f       	add	r24, r24
    1722:	08 f0       	brcs	.+2      	; 0x1726 <__addsf3x+0xa2>
    1724:	99 27       	eor	r25, r25
    1726:	ee 0f       	add	r30, r30
    1728:	97 95       	ror	r25
    172a:	87 95       	ror	r24
    172c:	08 95       	ret

0000172e <__cmpsf2>:
    172e:	0e 94 7a 0c 	call	0x18f4	; 0x18f4 <__fp_cmp>
    1732:	08 f4       	brcc	.+2      	; 0x1736 <__cmpsf2+0x8>
    1734:	81 e0       	ldi	r24, 0x01	; 1
    1736:	08 95       	ret

00001738 <__divsf3>:
    1738:	0e 94 b0 0b 	call	0x1760	; 0x1760 <__divsf3x>
    173c:	0c 94 b5 0c 	jmp	0x196a	; 0x196a <__fp_round>
    1740:	0e 94 ae 0c 	call	0x195c	; 0x195c <__fp_pscB>
    1744:	58 f0       	brcs	.+22     	; 0x175c <__divsf3+0x24>
    1746:	0e 94 a7 0c 	call	0x194e	; 0x194e <__fp_pscA>
    174a:	40 f0       	brcs	.+16     	; 0x175c <__divsf3+0x24>
    174c:	29 f4       	brne	.+10     	; 0x1758 <__divsf3+0x20>
    174e:	5f 3f       	cpi	r21, 0xFF	; 255
    1750:	29 f0       	breq	.+10     	; 0x175c <__divsf3+0x24>
    1752:	0c 94 9e 0c 	jmp	0x193c	; 0x193c <__fp_inf>
    1756:	51 11       	cpse	r21, r1
    1758:	0c 94 e9 0c 	jmp	0x19d2	; 0x19d2 <__fp_szero>
    175c:	0c 94 a4 0c 	jmp	0x1948	; 0x1948 <__fp_nan>

00001760 <__divsf3x>:
    1760:	0e 94 c6 0c 	call	0x198c	; 0x198c <__fp_split3>
    1764:	68 f3       	brcs	.-38     	; 0x1740 <__divsf3+0x8>

00001766 <__divsf3_pse>:
    1766:	99 23       	and	r25, r25
    1768:	b1 f3       	breq	.-20     	; 0x1756 <__divsf3+0x1e>
    176a:	55 23       	and	r21, r21
    176c:	91 f3       	breq	.-28     	; 0x1752 <__divsf3+0x1a>
    176e:	95 1b       	sub	r25, r21
    1770:	55 0b       	sbc	r21, r21
    1772:	bb 27       	eor	r27, r27
    1774:	aa 27       	eor	r26, r26
    1776:	62 17       	cp	r22, r18
    1778:	73 07       	cpc	r23, r19
    177a:	84 07       	cpc	r24, r20
    177c:	38 f0       	brcs	.+14     	; 0x178c <__divsf3_pse+0x26>
    177e:	9f 5f       	subi	r25, 0xFF	; 255
    1780:	5f 4f       	sbci	r21, 0xFF	; 255
    1782:	22 0f       	add	r18, r18
    1784:	33 1f       	adc	r19, r19
    1786:	44 1f       	adc	r20, r20
    1788:	aa 1f       	adc	r26, r26
    178a:	a9 f3       	breq	.-22     	; 0x1776 <__divsf3_pse+0x10>
    178c:	35 d0       	rcall	.+106    	; 0x17f8 <__divsf3_pse+0x92>
    178e:	0e 2e       	mov	r0, r30
    1790:	3a f0       	brmi	.+14     	; 0x17a0 <__divsf3_pse+0x3a>
    1792:	e0 e8       	ldi	r30, 0x80	; 128
    1794:	32 d0       	rcall	.+100    	; 0x17fa <__divsf3_pse+0x94>
    1796:	91 50       	subi	r25, 0x01	; 1
    1798:	50 40       	sbci	r21, 0x00	; 0
    179a:	e6 95       	lsr	r30
    179c:	00 1c       	adc	r0, r0
    179e:	ca f7       	brpl	.-14     	; 0x1792 <__divsf3_pse+0x2c>
    17a0:	2b d0       	rcall	.+86     	; 0x17f8 <__divsf3_pse+0x92>
    17a2:	fe 2f       	mov	r31, r30
    17a4:	29 d0       	rcall	.+82     	; 0x17f8 <__divsf3_pse+0x92>
    17a6:	66 0f       	add	r22, r22
    17a8:	77 1f       	adc	r23, r23
    17aa:	88 1f       	adc	r24, r24
    17ac:	bb 1f       	adc	r27, r27
    17ae:	26 17       	cp	r18, r22
    17b0:	37 07       	cpc	r19, r23
    17b2:	48 07       	cpc	r20, r24
    17b4:	ab 07       	cpc	r26, r27
    17b6:	b0 e8       	ldi	r27, 0x80	; 128
    17b8:	09 f0       	breq	.+2      	; 0x17bc <__divsf3_pse+0x56>
    17ba:	bb 0b       	sbc	r27, r27
    17bc:	80 2d       	mov	r24, r0
    17be:	bf 01       	movw	r22, r30
    17c0:	ff 27       	eor	r31, r31
    17c2:	93 58       	subi	r25, 0x83	; 131
    17c4:	5f 4f       	sbci	r21, 0xFF	; 255
    17c6:	3a f0       	brmi	.+14     	; 0x17d6 <__divsf3_pse+0x70>
    17c8:	9e 3f       	cpi	r25, 0xFE	; 254
    17ca:	51 05       	cpc	r21, r1
    17cc:	78 f0       	brcs	.+30     	; 0x17ec <__divsf3_pse+0x86>
    17ce:	0c 94 9e 0c 	jmp	0x193c	; 0x193c <__fp_inf>
    17d2:	0c 94 e9 0c 	jmp	0x19d2	; 0x19d2 <__fp_szero>
    17d6:	5f 3f       	cpi	r21, 0xFF	; 255
    17d8:	e4 f3       	brlt	.-8      	; 0x17d2 <__divsf3_pse+0x6c>
    17da:	98 3e       	cpi	r25, 0xE8	; 232
    17dc:	d4 f3       	brlt	.-12     	; 0x17d2 <__divsf3_pse+0x6c>
    17de:	86 95       	lsr	r24
    17e0:	77 95       	ror	r23
    17e2:	67 95       	ror	r22
    17e4:	b7 95       	ror	r27
    17e6:	f7 95       	ror	r31
    17e8:	9f 5f       	subi	r25, 0xFF	; 255
    17ea:	c9 f7       	brne	.-14     	; 0x17de <__divsf3_pse+0x78>
    17ec:	88 0f       	add	r24, r24
    17ee:	91 1d       	adc	r25, r1
    17f0:	96 95       	lsr	r25
    17f2:	87 95       	ror	r24
    17f4:	97 f9       	bld	r25, 7
    17f6:	08 95       	ret
    17f8:	e1 e0       	ldi	r30, 0x01	; 1
    17fa:	66 0f       	add	r22, r22
    17fc:	77 1f       	adc	r23, r23
    17fe:	88 1f       	adc	r24, r24
    1800:	bb 1f       	adc	r27, r27
    1802:	62 17       	cp	r22, r18
    1804:	73 07       	cpc	r23, r19
    1806:	84 07       	cpc	r24, r20
    1808:	ba 07       	cpc	r27, r26
    180a:	20 f0       	brcs	.+8      	; 0x1814 <__divsf3_pse+0xae>
    180c:	62 1b       	sub	r22, r18
    180e:	73 0b       	sbc	r23, r19
    1810:	84 0b       	sbc	r24, r20
    1812:	ba 0b       	sbc	r27, r26
    1814:	ee 1f       	adc	r30, r30
    1816:	88 f7       	brcc	.-30     	; 0x17fa <__divsf3_pse+0x94>
    1818:	e0 95       	com	r30
    181a:	08 95       	ret

0000181c <__fixunssfsi>:
    181c:	0e 94 ce 0c 	call	0x199c	; 0x199c <__fp_splitA>
    1820:	88 f0       	brcs	.+34     	; 0x1844 <__fixunssfsi+0x28>
    1822:	9f 57       	subi	r25, 0x7F	; 127
    1824:	98 f0       	brcs	.+38     	; 0x184c <__fixunssfsi+0x30>
    1826:	b9 2f       	mov	r27, r25
    1828:	99 27       	eor	r25, r25
    182a:	b7 51       	subi	r27, 0x17	; 23
    182c:	b0 f0       	brcs	.+44     	; 0x185a <__fixunssfsi+0x3e>
    182e:	e1 f0       	breq	.+56     	; 0x1868 <__fixunssfsi+0x4c>
    1830:	66 0f       	add	r22, r22
    1832:	77 1f       	adc	r23, r23
    1834:	88 1f       	adc	r24, r24
    1836:	99 1f       	adc	r25, r25
    1838:	1a f0       	brmi	.+6      	; 0x1840 <__fixunssfsi+0x24>
    183a:	ba 95       	dec	r27
    183c:	c9 f7       	brne	.-14     	; 0x1830 <__fixunssfsi+0x14>
    183e:	14 c0       	rjmp	.+40     	; 0x1868 <__fixunssfsi+0x4c>
    1840:	b1 30       	cpi	r27, 0x01	; 1
    1842:	91 f0       	breq	.+36     	; 0x1868 <__fixunssfsi+0x4c>
    1844:	0e 94 e8 0c 	call	0x19d0	; 0x19d0 <__fp_zero>
    1848:	b1 e0       	ldi	r27, 0x01	; 1
    184a:	08 95       	ret
    184c:	0c 94 e8 0c 	jmp	0x19d0	; 0x19d0 <__fp_zero>
    1850:	67 2f       	mov	r22, r23
    1852:	78 2f       	mov	r23, r24
    1854:	88 27       	eor	r24, r24
    1856:	b8 5f       	subi	r27, 0xF8	; 248
    1858:	39 f0       	breq	.+14     	; 0x1868 <__fixunssfsi+0x4c>
    185a:	b9 3f       	cpi	r27, 0xF9	; 249
    185c:	cc f3       	brlt	.-14     	; 0x1850 <__fixunssfsi+0x34>
    185e:	86 95       	lsr	r24
    1860:	77 95       	ror	r23
    1862:	67 95       	ror	r22
    1864:	b3 95       	inc	r27
    1866:	d9 f7       	brne	.-10     	; 0x185e <__fixunssfsi+0x42>
    1868:	3e f4       	brtc	.+14     	; 0x1878 <__fixunssfsi+0x5c>
    186a:	90 95       	com	r25
    186c:	80 95       	com	r24
    186e:	70 95       	com	r23
    1870:	61 95       	neg	r22
    1872:	7f 4f       	sbci	r23, 0xFF	; 255
    1874:	8f 4f       	sbci	r24, 0xFF	; 255
    1876:	9f 4f       	sbci	r25, 0xFF	; 255
    1878:	08 95       	ret

0000187a <__floatunsisf>:
    187a:	e8 94       	clt
    187c:	09 c0       	rjmp	.+18     	; 0x1890 <__floatsisf+0x12>

0000187e <__floatsisf>:
    187e:	97 fb       	bst	r25, 7
    1880:	3e f4       	brtc	.+14     	; 0x1890 <__floatsisf+0x12>
    1882:	90 95       	com	r25
    1884:	80 95       	com	r24
    1886:	70 95       	com	r23
    1888:	61 95       	neg	r22
    188a:	7f 4f       	sbci	r23, 0xFF	; 255
    188c:	8f 4f       	sbci	r24, 0xFF	; 255
    188e:	9f 4f       	sbci	r25, 0xFF	; 255
    1890:	99 23       	and	r25, r25
    1892:	a9 f0       	breq	.+42     	; 0x18be <__floatsisf+0x40>
    1894:	f9 2f       	mov	r31, r25
    1896:	96 e9       	ldi	r25, 0x96	; 150
    1898:	bb 27       	eor	r27, r27
    189a:	93 95       	inc	r25
    189c:	f6 95       	lsr	r31
    189e:	87 95       	ror	r24
    18a0:	77 95       	ror	r23
    18a2:	67 95       	ror	r22
    18a4:	b7 95       	ror	r27
    18a6:	f1 11       	cpse	r31, r1
    18a8:	f8 cf       	rjmp	.-16     	; 0x189a <__floatsisf+0x1c>
    18aa:	fa f4       	brpl	.+62     	; 0x18ea <__floatsisf+0x6c>
    18ac:	bb 0f       	add	r27, r27
    18ae:	11 f4       	brne	.+4      	; 0x18b4 <__floatsisf+0x36>
    18b0:	60 ff       	sbrs	r22, 0
    18b2:	1b c0       	rjmp	.+54     	; 0x18ea <__floatsisf+0x6c>
    18b4:	6f 5f       	subi	r22, 0xFF	; 255
    18b6:	7f 4f       	sbci	r23, 0xFF	; 255
    18b8:	8f 4f       	sbci	r24, 0xFF	; 255
    18ba:	9f 4f       	sbci	r25, 0xFF	; 255
    18bc:	16 c0       	rjmp	.+44     	; 0x18ea <__floatsisf+0x6c>
    18be:	88 23       	and	r24, r24
    18c0:	11 f0       	breq	.+4      	; 0x18c6 <__floatsisf+0x48>
    18c2:	96 e9       	ldi	r25, 0x96	; 150
    18c4:	11 c0       	rjmp	.+34     	; 0x18e8 <__floatsisf+0x6a>
    18c6:	77 23       	and	r23, r23
    18c8:	21 f0       	breq	.+8      	; 0x18d2 <__floatsisf+0x54>
    18ca:	9e e8       	ldi	r25, 0x8E	; 142
    18cc:	87 2f       	mov	r24, r23
    18ce:	76 2f       	mov	r23, r22
    18d0:	05 c0       	rjmp	.+10     	; 0x18dc <__floatsisf+0x5e>
    18d2:	66 23       	and	r22, r22
    18d4:	71 f0       	breq	.+28     	; 0x18f2 <__floatsisf+0x74>
    18d6:	96 e8       	ldi	r25, 0x86	; 134
    18d8:	86 2f       	mov	r24, r22
    18da:	70 e0       	ldi	r23, 0x00	; 0
    18dc:	60 e0       	ldi	r22, 0x00	; 0
    18de:	2a f0       	brmi	.+10     	; 0x18ea <__floatsisf+0x6c>
    18e0:	9a 95       	dec	r25
    18e2:	66 0f       	add	r22, r22
    18e4:	77 1f       	adc	r23, r23
    18e6:	88 1f       	adc	r24, r24
    18e8:	da f7       	brpl	.-10     	; 0x18e0 <__floatsisf+0x62>
    18ea:	88 0f       	add	r24, r24
    18ec:	96 95       	lsr	r25
    18ee:	87 95       	ror	r24
    18f0:	97 f9       	bld	r25, 7
    18f2:	08 95       	ret

000018f4 <__fp_cmp>:
    18f4:	99 0f       	add	r25, r25
    18f6:	00 08       	sbc	r0, r0
    18f8:	55 0f       	add	r21, r21
    18fa:	aa 0b       	sbc	r26, r26
    18fc:	e0 e8       	ldi	r30, 0x80	; 128
    18fe:	fe ef       	ldi	r31, 0xFE	; 254
    1900:	16 16       	cp	r1, r22
    1902:	17 06       	cpc	r1, r23
    1904:	e8 07       	cpc	r30, r24
    1906:	f9 07       	cpc	r31, r25
    1908:	c0 f0       	brcs	.+48     	; 0x193a <__fp_cmp+0x46>
    190a:	12 16       	cp	r1, r18
    190c:	13 06       	cpc	r1, r19
    190e:	e4 07       	cpc	r30, r20
    1910:	f5 07       	cpc	r31, r21
    1912:	98 f0       	brcs	.+38     	; 0x193a <__fp_cmp+0x46>
    1914:	62 1b       	sub	r22, r18
    1916:	73 0b       	sbc	r23, r19
    1918:	84 0b       	sbc	r24, r20
    191a:	95 0b       	sbc	r25, r21
    191c:	39 f4       	brne	.+14     	; 0x192c <__fp_cmp+0x38>
    191e:	0a 26       	eor	r0, r26
    1920:	61 f0       	breq	.+24     	; 0x193a <__fp_cmp+0x46>
    1922:	23 2b       	or	r18, r19
    1924:	24 2b       	or	r18, r20
    1926:	25 2b       	or	r18, r21
    1928:	21 f4       	brne	.+8      	; 0x1932 <__fp_cmp+0x3e>
    192a:	08 95       	ret
    192c:	0a 26       	eor	r0, r26
    192e:	09 f4       	brne	.+2      	; 0x1932 <__fp_cmp+0x3e>
    1930:	a1 40       	sbci	r26, 0x01	; 1
    1932:	a6 95       	lsr	r26
    1934:	8f ef       	ldi	r24, 0xFF	; 255
    1936:	81 1d       	adc	r24, r1
    1938:	81 1d       	adc	r24, r1
    193a:	08 95       	ret

0000193c <__fp_inf>:
    193c:	97 f9       	bld	r25, 7
    193e:	9f 67       	ori	r25, 0x7F	; 127
    1940:	80 e8       	ldi	r24, 0x80	; 128
    1942:	70 e0       	ldi	r23, 0x00	; 0
    1944:	60 e0       	ldi	r22, 0x00	; 0
    1946:	08 95       	ret

00001948 <__fp_nan>:
    1948:	9f ef       	ldi	r25, 0xFF	; 255
    194a:	80 ec       	ldi	r24, 0xC0	; 192
    194c:	08 95       	ret

0000194e <__fp_pscA>:
    194e:	00 24       	eor	r0, r0
    1950:	0a 94       	dec	r0
    1952:	16 16       	cp	r1, r22
    1954:	17 06       	cpc	r1, r23
    1956:	18 06       	cpc	r1, r24
    1958:	09 06       	cpc	r0, r25
    195a:	08 95       	ret

0000195c <__fp_pscB>:
    195c:	00 24       	eor	r0, r0
    195e:	0a 94       	dec	r0
    1960:	12 16       	cp	r1, r18
    1962:	13 06       	cpc	r1, r19
    1964:	14 06       	cpc	r1, r20
    1966:	05 06       	cpc	r0, r21
    1968:	08 95       	ret

0000196a <__fp_round>:
    196a:	09 2e       	mov	r0, r25
    196c:	03 94       	inc	r0
    196e:	00 0c       	add	r0, r0
    1970:	11 f4       	brne	.+4      	; 0x1976 <__fp_round+0xc>
    1972:	88 23       	and	r24, r24
    1974:	52 f0       	brmi	.+20     	; 0x198a <__fp_round+0x20>
    1976:	bb 0f       	add	r27, r27
    1978:	40 f4       	brcc	.+16     	; 0x198a <__fp_round+0x20>
    197a:	bf 2b       	or	r27, r31
    197c:	11 f4       	brne	.+4      	; 0x1982 <__fp_round+0x18>
    197e:	60 ff       	sbrs	r22, 0
    1980:	04 c0       	rjmp	.+8      	; 0x198a <__fp_round+0x20>
    1982:	6f 5f       	subi	r22, 0xFF	; 255
    1984:	7f 4f       	sbci	r23, 0xFF	; 255
    1986:	8f 4f       	sbci	r24, 0xFF	; 255
    1988:	9f 4f       	sbci	r25, 0xFF	; 255
    198a:	08 95       	ret

0000198c <__fp_split3>:
    198c:	57 fd       	sbrc	r21, 7
    198e:	90 58       	subi	r25, 0x80	; 128
    1990:	44 0f       	add	r20, r20
    1992:	55 1f       	adc	r21, r21
    1994:	59 f0       	breq	.+22     	; 0x19ac <__fp_splitA+0x10>
    1996:	5f 3f       	cpi	r21, 0xFF	; 255
    1998:	71 f0       	breq	.+28     	; 0x19b6 <__fp_splitA+0x1a>
    199a:	47 95       	ror	r20

0000199c <__fp_splitA>:
    199c:	88 0f       	add	r24, r24
    199e:	97 fb       	bst	r25, 7
    19a0:	99 1f       	adc	r25, r25
    19a2:	61 f0       	breq	.+24     	; 0x19bc <__fp_splitA+0x20>
    19a4:	9f 3f       	cpi	r25, 0xFF	; 255
    19a6:	79 f0       	breq	.+30     	; 0x19c6 <__fp_splitA+0x2a>
    19a8:	87 95       	ror	r24
    19aa:	08 95       	ret
    19ac:	12 16       	cp	r1, r18
    19ae:	13 06       	cpc	r1, r19
    19b0:	14 06       	cpc	r1, r20
    19b2:	55 1f       	adc	r21, r21
    19b4:	f2 cf       	rjmp	.-28     	; 0x199a <__fp_split3+0xe>
    19b6:	46 95       	lsr	r20
    19b8:	f1 df       	rcall	.-30     	; 0x199c <__fp_splitA>
    19ba:	08 c0       	rjmp	.+16     	; 0x19cc <__fp_splitA+0x30>
    19bc:	16 16       	cp	r1, r22
    19be:	17 06       	cpc	r1, r23
    19c0:	18 06       	cpc	r1, r24
    19c2:	99 1f       	adc	r25, r25
    19c4:	f1 cf       	rjmp	.-30     	; 0x19a8 <__fp_splitA+0xc>
    19c6:	86 95       	lsr	r24
    19c8:	71 05       	cpc	r23, r1
    19ca:	61 05       	cpc	r22, r1
    19cc:	08 94       	sec
    19ce:	08 95       	ret

000019d0 <__fp_zero>:
    19d0:	e8 94       	clt

000019d2 <__fp_szero>:
    19d2:	bb 27       	eor	r27, r27
    19d4:	66 27       	eor	r22, r22
    19d6:	77 27       	eor	r23, r23
    19d8:	cb 01       	movw	r24, r22
    19da:	97 f9       	bld	r25, 7
    19dc:	08 95       	ret

000019de <__gesf2>:
    19de:	0e 94 7a 0c 	call	0x18f4	; 0x18f4 <__fp_cmp>
    19e2:	08 f4       	brcc	.+2      	; 0x19e6 <__gesf2+0x8>
    19e4:	8f ef       	ldi	r24, 0xFF	; 255
    19e6:	08 95       	ret

000019e8 <__mulsf3>:
    19e8:	0e 94 07 0d 	call	0x1a0e	; 0x1a0e <__mulsf3x>
    19ec:	0c 94 b5 0c 	jmp	0x196a	; 0x196a <__fp_round>
    19f0:	0e 94 a7 0c 	call	0x194e	; 0x194e <__fp_pscA>
    19f4:	38 f0       	brcs	.+14     	; 0x1a04 <__mulsf3+0x1c>
    19f6:	0e 94 ae 0c 	call	0x195c	; 0x195c <__fp_pscB>
    19fa:	20 f0       	brcs	.+8      	; 0x1a04 <__mulsf3+0x1c>
    19fc:	95 23       	and	r25, r21
    19fe:	11 f0       	breq	.+4      	; 0x1a04 <__mulsf3+0x1c>
    1a00:	0c 94 9e 0c 	jmp	0x193c	; 0x193c <__fp_inf>
    1a04:	0c 94 a4 0c 	jmp	0x1948	; 0x1948 <__fp_nan>
    1a08:	11 24       	eor	r1, r1
    1a0a:	0c 94 e9 0c 	jmp	0x19d2	; 0x19d2 <__fp_szero>

00001a0e <__mulsf3x>:
    1a0e:	0e 94 c6 0c 	call	0x198c	; 0x198c <__fp_split3>
    1a12:	70 f3       	brcs	.-36     	; 0x19f0 <__mulsf3+0x8>

00001a14 <__mulsf3_pse>:
    1a14:	95 9f       	mul	r25, r21
    1a16:	c1 f3       	breq	.-16     	; 0x1a08 <__mulsf3+0x20>
    1a18:	95 0f       	add	r25, r21
    1a1a:	50 e0       	ldi	r21, 0x00	; 0
    1a1c:	55 1f       	adc	r21, r21
    1a1e:	62 9f       	mul	r22, r18
    1a20:	f0 01       	movw	r30, r0
    1a22:	72 9f       	mul	r23, r18
    1a24:	bb 27       	eor	r27, r27
    1a26:	f0 0d       	add	r31, r0
    1a28:	b1 1d       	adc	r27, r1
    1a2a:	63 9f       	mul	r22, r19
    1a2c:	aa 27       	eor	r26, r26
    1a2e:	f0 0d       	add	r31, r0
    1a30:	b1 1d       	adc	r27, r1
    1a32:	aa 1f       	adc	r26, r26
    1a34:	64 9f       	mul	r22, r20
    1a36:	66 27       	eor	r22, r22
    1a38:	b0 0d       	add	r27, r0
    1a3a:	a1 1d       	adc	r26, r1
    1a3c:	66 1f       	adc	r22, r22
    1a3e:	82 9f       	mul	r24, r18
    1a40:	22 27       	eor	r18, r18
    1a42:	b0 0d       	add	r27, r0
    1a44:	a1 1d       	adc	r26, r1
    1a46:	62 1f       	adc	r22, r18
    1a48:	73 9f       	mul	r23, r19
    1a4a:	b0 0d       	add	r27, r0
    1a4c:	a1 1d       	adc	r26, r1
    1a4e:	62 1f       	adc	r22, r18
    1a50:	83 9f       	mul	r24, r19
    1a52:	a0 0d       	add	r26, r0
    1a54:	61 1d       	adc	r22, r1
    1a56:	22 1f       	adc	r18, r18
    1a58:	74 9f       	mul	r23, r20
    1a5a:	33 27       	eor	r19, r19
    1a5c:	a0 0d       	add	r26, r0
    1a5e:	61 1d       	adc	r22, r1
    1a60:	23 1f       	adc	r18, r19
    1a62:	84 9f       	mul	r24, r20
    1a64:	60 0d       	add	r22, r0
    1a66:	21 1d       	adc	r18, r1
    1a68:	82 2f       	mov	r24, r18
    1a6a:	76 2f       	mov	r23, r22
    1a6c:	6a 2f       	mov	r22, r26
    1a6e:	11 24       	eor	r1, r1
    1a70:	9f 57       	subi	r25, 0x7F	; 127
    1a72:	50 40       	sbci	r21, 0x00	; 0
    1a74:	9a f0       	brmi	.+38     	; 0x1a9c <__mulsf3_pse+0x88>
    1a76:	f1 f0       	breq	.+60     	; 0x1ab4 <__mulsf3_pse+0xa0>
    1a78:	88 23       	and	r24, r24
    1a7a:	4a f0       	brmi	.+18     	; 0x1a8e <__mulsf3_pse+0x7a>
    1a7c:	ee 0f       	add	r30, r30
    1a7e:	ff 1f       	adc	r31, r31
    1a80:	bb 1f       	adc	r27, r27
    1a82:	66 1f       	adc	r22, r22
    1a84:	77 1f       	adc	r23, r23
    1a86:	88 1f       	adc	r24, r24
    1a88:	91 50       	subi	r25, 0x01	; 1
    1a8a:	50 40       	sbci	r21, 0x00	; 0
    1a8c:	a9 f7       	brne	.-22     	; 0x1a78 <__mulsf3_pse+0x64>
    1a8e:	9e 3f       	cpi	r25, 0xFE	; 254
    1a90:	51 05       	cpc	r21, r1
    1a92:	80 f0       	brcs	.+32     	; 0x1ab4 <__mulsf3_pse+0xa0>
    1a94:	0c 94 9e 0c 	jmp	0x193c	; 0x193c <__fp_inf>
    1a98:	0c 94 e9 0c 	jmp	0x19d2	; 0x19d2 <__fp_szero>
    1a9c:	5f 3f       	cpi	r21, 0xFF	; 255
    1a9e:	e4 f3       	brlt	.-8      	; 0x1a98 <__mulsf3_pse+0x84>
    1aa0:	98 3e       	cpi	r25, 0xE8	; 232
    1aa2:	d4 f3       	brlt	.-12     	; 0x1a98 <__mulsf3_pse+0x84>
    1aa4:	86 95       	lsr	r24
    1aa6:	77 95       	ror	r23
    1aa8:	67 95       	ror	r22
    1aaa:	b7 95       	ror	r27
    1aac:	f7 95       	ror	r31
    1aae:	e7 95       	ror	r30
    1ab0:	9f 5f       	subi	r25, 0xFF	; 255
    1ab2:	c1 f7       	brne	.-16     	; 0x1aa4 <__mulsf3_pse+0x90>
    1ab4:	fe 2b       	or	r31, r30
    1ab6:	88 0f       	add	r24, r24
    1ab8:	91 1d       	adc	r25, r1
    1aba:	96 95       	lsr	r25
    1abc:	87 95       	ror	r24
    1abe:	97 f9       	bld	r25, 7
    1ac0:	08 95       	ret

00001ac2 <pow>:
    1ac2:	fa 01       	movw	r30, r20
    1ac4:	ee 0f       	add	r30, r30
    1ac6:	ff 1f       	adc	r31, r31
    1ac8:	30 96       	adiw	r30, 0x00	; 0
    1aca:	21 05       	cpc	r18, r1
    1acc:	31 05       	cpc	r19, r1
    1ace:	a1 f1       	breq	.+104    	; 0x1b38 <pow+0x76>
    1ad0:	61 15       	cp	r22, r1
    1ad2:	71 05       	cpc	r23, r1
    1ad4:	61 f4       	brne	.+24     	; 0x1aee <pow+0x2c>
    1ad6:	80 38       	cpi	r24, 0x80	; 128
    1ad8:	bf e3       	ldi	r27, 0x3F	; 63
    1ada:	9b 07       	cpc	r25, r27
    1adc:	49 f1       	breq	.+82     	; 0x1b30 <pow+0x6e>
    1ade:	68 94       	set
    1ae0:	90 38       	cpi	r25, 0x80	; 128
    1ae2:	81 05       	cpc	r24, r1
    1ae4:	61 f0       	breq	.+24     	; 0x1afe <pow+0x3c>
    1ae6:	80 38       	cpi	r24, 0x80	; 128
    1ae8:	bf ef       	ldi	r27, 0xFF	; 255
    1aea:	9b 07       	cpc	r25, r27
    1aec:	41 f0       	breq	.+16     	; 0x1afe <pow+0x3c>
    1aee:	99 23       	and	r25, r25
    1af0:	4a f5       	brpl	.+82     	; 0x1b44 <pow+0x82>
    1af2:	ff 3f       	cpi	r31, 0xFF	; 255
    1af4:	e1 05       	cpc	r30, r1
    1af6:	31 05       	cpc	r19, r1
    1af8:	21 05       	cpc	r18, r1
    1afa:	19 f1       	breq	.+70     	; 0x1b42 <pow+0x80>
    1afc:	e8 94       	clt
    1afe:	08 94       	sec
    1b00:	e7 95       	ror	r30
    1b02:	d9 01       	movw	r26, r18
    1b04:	aa 23       	and	r26, r26
    1b06:	29 f4       	brne	.+10     	; 0x1b12 <pow+0x50>
    1b08:	ab 2f       	mov	r26, r27
    1b0a:	be 2f       	mov	r27, r30
    1b0c:	f8 5f       	subi	r31, 0xF8	; 248
    1b0e:	d0 f3       	brcs	.-12     	; 0x1b04 <pow+0x42>
    1b10:	10 c0       	rjmp	.+32     	; 0x1b32 <pow+0x70>
    1b12:	ff 5f       	subi	r31, 0xFF	; 255
    1b14:	70 f4       	brcc	.+28     	; 0x1b32 <pow+0x70>
    1b16:	a6 95       	lsr	r26
    1b18:	e0 f7       	brcc	.-8      	; 0x1b12 <pow+0x50>
    1b1a:	f7 39       	cpi	r31, 0x97	; 151
    1b1c:	50 f0       	brcs	.+20     	; 0x1b32 <pow+0x70>
    1b1e:	19 f0       	breq	.+6      	; 0x1b26 <pow+0x64>
    1b20:	ff 3a       	cpi	r31, 0xAF	; 175
    1b22:	38 f4       	brcc	.+14     	; 0x1b32 <pow+0x70>
    1b24:	9f 77       	andi	r25, 0x7F	; 127
    1b26:	9f 93       	push	r25
    1b28:	0d d0       	rcall	.+26     	; 0x1b44 <pow+0x82>
    1b2a:	0f 90       	pop	r0
    1b2c:	07 fc       	sbrc	r0, 7
    1b2e:	90 58       	subi	r25, 0x80	; 128
    1b30:	08 95       	ret
    1b32:	46 f0       	brts	.+16     	; 0x1b44 <pow+0x82>
    1b34:	0c 94 a4 0c 	jmp	0x1948	; 0x1948 <__fp_nan>
    1b38:	60 e0       	ldi	r22, 0x00	; 0
    1b3a:	70 e0       	ldi	r23, 0x00	; 0
    1b3c:	80 e8       	ldi	r24, 0x80	; 128
    1b3e:	9f e3       	ldi	r25, 0x3F	; 63
    1b40:	08 95       	ret
    1b42:	4f e7       	ldi	r20, 0x7F	; 127
    1b44:	9f 77       	andi	r25, 0x7F	; 127
    1b46:	5f 93       	push	r21
    1b48:	4f 93       	push	r20
    1b4a:	3f 93       	push	r19
    1b4c:	2f 93       	push	r18
    1b4e:	0e 94 5c 0e 	call	0x1cb8	; 0x1cb8 <log>
    1b52:	2f 91       	pop	r18
    1b54:	3f 91       	pop	r19
    1b56:	4f 91       	pop	r20
    1b58:	5f 91       	pop	r21
    1b5a:	0e 94 f4 0c 	call	0x19e8	; 0x19e8 <__mulsf3>
    1b5e:	0c 94 b9 0d 	jmp	0x1b72	; 0x1b72 <exp>
    1b62:	29 f4       	brne	.+10     	; 0x1b6e <pow+0xac>
    1b64:	16 f0       	brts	.+4      	; 0x1b6a <pow+0xa8>
    1b66:	0c 94 9e 0c 	jmp	0x193c	; 0x193c <__fp_inf>
    1b6a:	0c 94 e8 0c 	jmp	0x19d0	; 0x19d0 <__fp_zero>
    1b6e:	0c 94 a4 0c 	jmp	0x1948	; 0x1948 <__fp_nan>

00001b72 <exp>:
    1b72:	0e 94 ce 0c 	call	0x199c	; 0x199c <__fp_splitA>
    1b76:	a8 f3       	brcs	.-22     	; 0x1b62 <pow+0xa0>
    1b78:	96 38       	cpi	r25, 0x86	; 134
    1b7a:	a0 f7       	brcc	.-24     	; 0x1b64 <pow+0xa2>
    1b7c:	07 f8       	bld	r0, 7
    1b7e:	0f 92       	push	r0
    1b80:	e8 94       	clt
    1b82:	2b e3       	ldi	r18, 0x3B	; 59
    1b84:	3a ea       	ldi	r19, 0xAA	; 170
    1b86:	48 eb       	ldi	r20, 0xB8	; 184
    1b88:	5f e7       	ldi	r21, 0x7F	; 127
    1b8a:	0e 94 0a 0d 	call	0x1a14	; 0x1a14 <__mulsf3_pse>
    1b8e:	0f 92       	push	r0
    1b90:	0f 92       	push	r0
    1b92:	0f 92       	push	r0
    1b94:	4d b7       	in	r20, 0x3d	; 61
    1b96:	5e b7       	in	r21, 0x3e	; 62
    1b98:	0f 92       	push	r0
    1b9a:	0e 94 a4 0e 	call	0x1d48	; 0x1d48 <modf>
    1b9e:	ec ef       	ldi	r30, 0xFC	; 252
    1ba0:	f1 e0       	ldi	r31, 0x01	; 1
    1ba2:	0e 94 eb 0d 	call	0x1bd6	; 0x1bd6 <__fp_powser>
    1ba6:	4f 91       	pop	r20
    1ba8:	5f 91       	pop	r21
    1baa:	ef 91       	pop	r30
    1bac:	ff 91       	pop	r31
    1bae:	e5 95       	asr	r30
    1bb0:	ee 1f       	adc	r30, r30
    1bb2:	ff 1f       	adc	r31, r31
    1bb4:	49 f0       	breq	.+18     	; 0x1bc8 <exp+0x56>
    1bb6:	fe 57       	subi	r31, 0x7E	; 126
    1bb8:	e0 68       	ori	r30, 0x80	; 128
    1bba:	44 27       	eor	r20, r20
    1bbc:	ee 0f       	add	r30, r30
    1bbe:	44 1f       	adc	r20, r20
    1bc0:	fa 95       	dec	r31
    1bc2:	e1 f7       	brne	.-8      	; 0x1bbc <exp+0x4a>
    1bc4:	41 95       	neg	r20
    1bc6:	55 0b       	sbc	r21, r21
    1bc8:	0e 94 1e 0e 	call	0x1c3c	; 0x1c3c <ldexp>
    1bcc:	0f 90       	pop	r0
    1bce:	07 fe       	sbrs	r0, 7
    1bd0:	0c 94 12 0e 	jmp	0x1c24	; 0x1c24 <inverse>
    1bd4:	08 95       	ret

00001bd6 <__fp_powser>:
    1bd6:	df 93       	push	r29
    1bd8:	cf 93       	push	r28
    1bda:	1f 93       	push	r17
    1bdc:	0f 93       	push	r16
    1bde:	ff 92       	push	r15
    1be0:	ef 92       	push	r14
    1be2:	df 92       	push	r13
    1be4:	7b 01       	movw	r14, r22
    1be6:	8c 01       	movw	r16, r24
    1be8:	68 94       	set
    1bea:	06 c0       	rjmp	.+12     	; 0x1bf8 <__fp_powser+0x22>
    1bec:	da 2e       	mov	r13, r26
    1bee:	ef 01       	movw	r28, r30
    1bf0:	0e 94 07 0d 	call	0x1a0e	; 0x1a0e <__mulsf3x>
    1bf4:	fe 01       	movw	r30, r28
    1bf6:	e8 94       	clt
    1bf8:	a5 91       	lpm	r26, Z+
    1bfa:	25 91       	lpm	r18, Z+
    1bfc:	35 91       	lpm	r19, Z+
    1bfe:	45 91       	lpm	r20, Z+
    1c00:	55 91       	lpm	r21, Z+
    1c02:	a6 f3       	brts	.-24     	; 0x1bec <__fp_powser+0x16>
    1c04:	ef 01       	movw	r28, r30
    1c06:	0e 94 42 0b 	call	0x1684	; 0x1684 <__addsf3x>
    1c0a:	fe 01       	movw	r30, r28
    1c0c:	97 01       	movw	r18, r14
    1c0e:	a8 01       	movw	r20, r16
    1c10:	da 94       	dec	r13
    1c12:	69 f7       	brne	.-38     	; 0x1bee <__fp_powser+0x18>
    1c14:	df 90       	pop	r13
    1c16:	ef 90       	pop	r14
    1c18:	ff 90       	pop	r15
    1c1a:	0f 91       	pop	r16
    1c1c:	1f 91       	pop	r17
    1c1e:	cf 91       	pop	r28
    1c20:	df 91       	pop	r29
    1c22:	08 95       	ret

00001c24 <inverse>:
    1c24:	9b 01       	movw	r18, r22
    1c26:	ac 01       	movw	r20, r24
    1c28:	60 e0       	ldi	r22, 0x00	; 0
    1c2a:	70 e0       	ldi	r23, 0x00	; 0
    1c2c:	80 e8       	ldi	r24, 0x80	; 128
    1c2e:	9f e3       	ldi	r25, 0x3F	; 63
    1c30:	0c 94 9c 0b 	jmp	0x1738	; 0x1738 <__divsf3>
    1c34:	0c 94 9e 0c 	jmp	0x193c	; 0x193c <__fp_inf>
    1c38:	0c 94 d8 0e 	jmp	0x1db0	; 0x1db0 <__fp_mpack>

00001c3c <ldexp>:
    1c3c:	0e 94 ce 0c 	call	0x199c	; 0x199c <__fp_splitA>
    1c40:	d8 f3       	brcs	.-10     	; 0x1c38 <inverse+0x14>
    1c42:	99 23       	and	r25, r25
    1c44:	c9 f3       	breq	.-14     	; 0x1c38 <inverse+0x14>
    1c46:	94 0f       	add	r25, r20
    1c48:	51 1d       	adc	r21, r1
    1c4a:	a3 f3       	brvs	.-24     	; 0x1c34 <inverse+0x10>
    1c4c:	91 50       	subi	r25, 0x01	; 1
    1c4e:	50 40       	sbci	r21, 0x00	; 0
    1c50:	94 f0       	brlt	.+36     	; 0x1c76 <ldexp+0x3a>
    1c52:	59 f0       	breq	.+22     	; 0x1c6a <ldexp+0x2e>
    1c54:	88 23       	and	r24, r24
    1c56:	32 f0       	brmi	.+12     	; 0x1c64 <ldexp+0x28>
    1c58:	66 0f       	add	r22, r22
    1c5a:	77 1f       	adc	r23, r23
    1c5c:	88 1f       	adc	r24, r24
    1c5e:	91 50       	subi	r25, 0x01	; 1
    1c60:	50 40       	sbci	r21, 0x00	; 0
    1c62:	c1 f7       	brne	.-16     	; 0x1c54 <ldexp+0x18>
    1c64:	9e 3f       	cpi	r25, 0xFE	; 254
    1c66:	51 05       	cpc	r21, r1
    1c68:	2c f7       	brge	.-54     	; 0x1c34 <inverse+0x10>
    1c6a:	88 0f       	add	r24, r24
    1c6c:	91 1d       	adc	r25, r1
    1c6e:	96 95       	lsr	r25
    1c70:	87 95       	ror	r24
    1c72:	97 f9       	bld	r25, 7
    1c74:	08 95       	ret
    1c76:	5f 3f       	cpi	r21, 0xFF	; 255
    1c78:	ac f0       	brlt	.+42     	; 0x1ca4 <ldexp+0x68>
    1c7a:	98 3e       	cpi	r25, 0xE8	; 232
    1c7c:	9c f0       	brlt	.+38     	; 0x1ca4 <ldexp+0x68>
    1c7e:	bb 27       	eor	r27, r27
    1c80:	86 95       	lsr	r24
    1c82:	77 95       	ror	r23
    1c84:	67 95       	ror	r22
    1c86:	b7 95       	ror	r27
    1c88:	08 f4       	brcc	.+2      	; 0x1c8c <ldexp+0x50>
    1c8a:	b1 60       	ori	r27, 0x01	; 1
    1c8c:	93 95       	inc	r25
    1c8e:	c1 f7       	brne	.-16     	; 0x1c80 <ldexp+0x44>
    1c90:	bb 0f       	add	r27, r27
    1c92:	58 f7       	brcc	.-42     	; 0x1c6a <ldexp+0x2e>
    1c94:	11 f4       	brne	.+4      	; 0x1c9a <ldexp+0x5e>
    1c96:	60 ff       	sbrs	r22, 0
    1c98:	e8 cf       	rjmp	.-48     	; 0x1c6a <ldexp+0x2e>
    1c9a:	6f 5f       	subi	r22, 0xFF	; 255
    1c9c:	7f 4f       	sbci	r23, 0xFF	; 255
    1c9e:	8f 4f       	sbci	r24, 0xFF	; 255
    1ca0:	9f 4f       	sbci	r25, 0xFF	; 255
    1ca2:	e3 cf       	rjmp	.-58     	; 0x1c6a <ldexp+0x2e>
    1ca4:	0c 94 e9 0c 	jmp	0x19d2	; 0x19d2 <__fp_szero>
    1ca8:	16 f0       	brts	.+4      	; 0x1cae <ldexp+0x72>
    1caa:	0c 94 d8 0e 	jmp	0x1db0	; 0x1db0 <__fp_mpack>
    1cae:	0c 94 a4 0c 	jmp	0x1948	; 0x1948 <__fp_nan>
    1cb2:	68 94       	set
    1cb4:	0c 94 9e 0c 	jmp	0x193c	; 0x193c <__fp_inf>

00001cb8 <log>:
    1cb8:	0e 94 ce 0c 	call	0x199c	; 0x199c <__fp_splitA>
    1cbc:	a8 f3       	brcs	.-22     	; 0x1ca8 <ldexp+0x6c>
    1cbe:	99 23       	and	r25, r25
    1cc0:	c1 f3       	breq	.-16     	; 0x1cb2 <ldexp+0x76>
    1cc2:	ae f3       	brts	.-22     	; 0x1cae <ldexp+0x72>
    1cc4:	df 93       	push	r29
    1cc6:	cf 93       	push	r28
    1cc8:	1f 93       	push	r17
    1cca:	0f 93       	push	r16
    1ccc:	ff 92       	push	r15
    1cce:	c9 2f       	mov	r28, r25
    1cd0:	dd 27       	eor	r29, r29
    1cd2:	88 23       	and	r24, r24
    1cd4:	2a f0       	brmi	.+10     	; 0x1ce0 <log+0x28>
    1cd6:	21 97       	sbiw	r28, 0x01	; 1
    1cd8:	66 0f       	add	r22, r22
    1cda:	77 1f       	adc	r23, r23
    1cdc:	88 1f       	adc	r24, r24
    1cde:	da f7       	brpl	.-10     	; 0x1cd6 <log+0x1e>
    1ce0:	20 e0       	ldi	r18, 0x00	; 0
    1ce2:	30 e0       	ldi	r19, 0x00	; 0
    1ce4:	40 e8       	ldi	r20, 0x80	; 128
    1ce6:	5f eb       	ldi	r21, 0xBF	; 191
    1ce8:	9f e3       	ldi	r25, 0x3F	; 63
    1cea:	88 39       	cpi	r24, 0x98	; 152
    1cec:	20 f0       	brcs	.+8      	; 0x1cf6 <log+0x3e>
    1cee:	80 3e       	cpi	r24, 0xE0	; 224
    1cf0:	38 f0       	brcs	.+14     	; 0x1d00 <log+0x48>
    1cf2:	21 96       	adiw	r28, 0x01	; 1
    1cf4:	8f 77       	andi	r24, 0x7F	; 127
    1cf6:	0e 94 2b 0b 	call	0x1656	; 0x1656 <__addsf3>
    1cfa:	e4 e2       	ldi	r30, 0x24	; 36
    1cfc:	f2 e0       	ldi	r31, 0x02	; 2
    1cfe:	04 c0       	rjmp	.+8      	; 0x1d08 <log+0x50>
    1d00:	0e 94 2b 0b 	call	0x1656	; 0x1656 <__addsf3>
    1d04:	e1 e5       	ldi	r30, 0x51	; 81
    1d06:	f2 e0       	ldi	r31, 0x02	; 2
    1d08:	0e 94 eb 0d 	call	0x1bd6	; 0x1bd6 <__fp_powser>
    1d0c:	8b 01       	movw	r16, r22
    1d0e:	be 01       	movw	r22, r28
    1d10:	ec 01       	movw	r28, r24
    1d12:	fb 2e       	mov	r15, r27
    1d14:	6f 57       	subi	r22, 0x7F	; 127
    1d16:	71 09       	sbc	r23, r1
    1d18:	75 95       	asr	r23
    1d1a:	77 1f       	adc	r23, r23
    1d1c:	88 0b       	sbc	r24, r24
    1d1e:	99 0b       	sbc	r25, r25
    1d20:	0e 94 3f 0c 	call	0x187e	; 0x187e <__floatsisf>
    1d24:	28 e1       	ldi	r18, 0x18	; 24
    1d26:	32 e7       	ldi	r19, 0x72	; 114
    1d28:	41 e3       	ldi	r20, 0x31	; 49
    1d2a:	5f e3       	ldi	r21, 0x3F	; 63
    1d2c:	0e 94 07 0d 	call	0x1a0e	; 0x1a0e <__mulsf3x>
    1d30:	af 2d       	mov	r26, r15
    1d32:	98 01       	movw	r18, r16
    1d34:	ae 01       	movw	r20, r28
    1d36:	ff 90       	pop	r15
    1d38:	0f 91       	pop	r16
    1d3a:	1f 91       	pop	r17
    1d3c:	cf 91       	pop	r28
    1d3e:	df 91       	pop	r29
    1d40:	0e 94 42 0b 	call	0x1684	; 0x1684 <__addsf3x>
    1d44:	0c 94 b5 0c 	jmp	0x196a	; 0x196a <__fp_round>

00001d48 <modf>:
    1d48:	fa 01       	movw	r30, r20
    1d4a:	dc 01       	movw	r26, r24
    1d4c:	aa 0f       	add	r26, r26
    1d4e:	bb 1f       	adc	r27, r27
    1d50:	9b 01       	movw	r18, r22
    1d52:	ac 01       	movw	r20, r24
    1d54:	bf 57       	subi	r27, 0x7F	; 127
    1d56:	28 f4       	brcc	.+10     	; 0x1d62 <modf+0x1a>
    1d58:	22 27       	eor	r18, r18
    1d5a:	33 27       	eor	r19, r19
    1d5c:	44 27       	eor	r20, r20
    1d5e:	50 78       	andi	r21, 0x80	; 128
    1d60:	20 c0       	rjmp	.+64     	; 0x1da2 <modf+0x5a>
    1d62:	b7 51       	subi	r27, 0x17	; 23
    1d64:	90 f4       	brcc	.+36     	; 0x1d8a <modf+0x42>
    1d66:	ab 2f       	mov	r26, r27
    1d68:	00 24       	eor	r0, r0
    1d6a:	46 95       	lsr	r20
    1d6c:	37 95       	ror	r19
    1d6e:	27 95       	ror	r18
    1d70:	01 1c       	adc	r0, r1
    1d72:	a3 95       	inc	r26
    1d74:	d2 f3       	brmi	.-12     	; 0x1d6a <modf+0x22>
    1d76:	00 20       	and	r0, r0
    1d78:	71 f0       	breq	.+28     	; 0x1d96 <modf+0x4e>
    1d7a:	22 0f       	add	r18, r18
    1d7c:	33 1f       	adc	r19, r19
    1d7e:	44 1f       	adc	r20, r20
    1d80:	b3 95       	inc	r27
    1d82:	da f3       	brmi	.-10     	; 0x1d7a <modf+0x32>
    1d84:	0e d0       	rcall	.+28     	; 0x1da2 <modf+0x5a>
    1d86:	0c 94 2a 0b 	jmp	0x1654	; 0x1654 <__subsf3>
    1d8a:	61 30       	cpi	r22, 0x01	; 1
    1d8c:	71 05       	cpc	r23, r1
    1d8e:	a0 e8       	ldi	r26, 0x80	; 128
    1d90:	8a 07       	cpc	r24, r26
    1d92:	b9 46       	sbci	r27, 0x69	; 105
    1d94:	30 f4       	brcc	.+12     	; 0x1da2 <modf+0x5a>
    1d96:	9b 01       	movw	r18, r22
    1d98:	ac 01       	movw	r20, r24
    1d9a:	66 27       	eor	r22, r22
    1d9c:	77 27       	eor	r23, r23
    1d9e:	88 27       	eor	r24, r24
    1da0:	90 78       	andi	r25, 0x80	; 128
    1da2:	30 96       	adiw	r30, 0x00	; 0
    1da4:	21 f0       	breq	.+8      	; 0x1dae <modf+0x66>
    1da6:	20 83       	st	Z, r18
    1da8:	31 83       	std	Z+1, r19	; 0x01
    1daa:	42 83       	std	Z+2, r20	; 0x02
    1dac:	53 83       	std	Z+3, r21	; 0x03
    1dae:	08 95       	ret

00001db0 <__fp_mpack>:
    1db0:	9f 3f       	cpi	r25, 0xFF	; 255
    1db2:	31 f0       	breq	.+12     	; 0x1dc0 <__fp_mpack_finite+0xc>

00001db4 <__fp_mpack_finite>:
    1db4:	91 50       	subi	r25, 0x01	; 1
    1db6:	20 f4       	brcc	.+8      	; 0x1dc0 <__fp_mpack_finite+0xc>
    1db8:	87 95       	ror	r24
    1dba:	77 95       	ror	r23
    1dbc:	67 95       	ror	r22
    1dbe:	b7 95       	ror	r27
    1dc0:	88 0f       	add	r24, r24
    1dc2:	91 1d       	adc	r25, r1
    1dc4:	96 95       	lsr	r25
    1dc6:	87 95       	ror	r24
    1dc8:	97 f9       	bld	r25, 7
    1dca:	08 95       	ret

00001dcc <vfprintf>:
    1dcc:	2f 92       	push	r2
    1dce:	3f 92       	push	r3
    1dd0:	4f 92       	push	r4
    1dd2:	5f 92       	push	r5
    1dd4:	6f 92       	push	r6
    1dd6:	7f 92       	push	r7
    1dd8:	8f 92       	push	r8
    1dda:	9f 92       	push	r9
    1ddc:	af 92       	push	r10
    1dde:	bf 92       	push	r11
    1de0:	cf 92       	push	r12
    1de2:	df 92       	push	r13
    1de4:	ef 92       	push	r14
    1de6:	ff 92       	push	r15
    1de8:	0f 93       	push	r16
    1dea:	1f 93       	push	r17
    1dec:	cf 93       	push	r28
    1dee:	df 93       	push	r29
    1df0:	cd b7       	in	r28, 0x3d	; 61
    1df2:	de b7       	in	r29, 0x3e	; 62
    1df4:	60 97       	sbiw	r28, 0x10	; 16
    1df6:	cd bf       	out	0x3d, r28	; 61
    1df8:	de bf       	out	0x3e, r29	; 62
    1dfa:	7c 01       	movw	r14, r24
    1dfc:	1b 01       	movw	r2, r22
    1dfe:	6a 01       	movw	r12, r20
    1e00:	fc 01       	movw	r30, r24
    1e02:	16 82       	std	Z+6, r1	; 0x06
    1e04:	17 82       	std	Z+7, r1	; 0x07
    1e06:	83 81       	ldd	r24, Z+3	; 0x03
    1e08:	81 ff       	sbrs	r24, 1
    1e0a:	44 c3       	rjmp	.+1672   	; 0x2494 <vfprintf+0x6c8>
    1e0c:	9e 01       	movw	r18, r28
    1e0e:	2f 5f       	subi	r18, 0xFF	; 255
    1e10:	3f 4f       	sbci	r19, 0xFF	; 255
    1e12:	39 01       	movw	r6, r18
    1e14:	f7 01       	movw	r30, r14
    1e16:	93 81       	ldd	r25, Z+3	; 0x03
    1e18:	f1 01       	movw	r30, r2
    1e1a:	93 fd       	sbrc	r25, 3
    1e1c:	85 91       	lpm	r24, Z+
    1e1e:	93 ff       	sbrs	r25, 3
    1e20:	81 91       	ld	r24, Z+
    1e22:	1f 01       	movw	r2, r30
    1e24:	88 23       	and	r24, r24
    1e26:	09 f4       	brne	.+2      	; 0x1e2a <vfprintf+0x5e>
    1e28:	31 c3       	rjmp	.+1634   	; 0x248c <vfprintf+0x6c0>
    1e2a:	85 32       	cpi	r24, 0x25	; 37
    1e2c:	39 f4       	brne	.+14     	; 0x1e3c <vfprintf+0x70>
    1e2e:	93 fd       	sbrc	r25, 3
    1e30:	85 91       	lpm	r24, Z+
    1e32:	93 ff       	sbrs	r25, 3
    1e34:	81 91       	ld	r24, Z+
    1e36:	1f 01       	movw	r2, r30
    1e38:	85 32       	cpi	r24, 0x25	; 37
    1e3a:	39 f4       	brne	.+14     	; 0x1e4a <vfprintf+0x7e>
    1e3c:	b7 01       	movw	r22, r14
    1e3e:	90 e0       	ldi	r25, 0x00	; 0
    1e40:	0e 94 b0 13 	call	0x2760	; 0x2760 <fputc>
    1e44:	56 01       	movw	r10, r12
    1e46:	65 01       	movw	r12, r10
    1e48:	e5 cf       	rjmp	.-54     	; 0x1e14 <vfprintf+0x48>
    1e4a:	10 e0       	ldi	r17, 0x00	; 0
    1e4c:	51 2c       	mov	r5, r1
    1e4e:	91 2c       	mov	r9, r1
    1e50:	ff e1       	ldi	r31, 0x1F	; 31
    1e52:	f9 15       	cp	r31, r9
    1e54:	d8 f0       	brcs	.+54     	; 0x1e8c <vfprintf+0xc0>
    1e56:	8b 32       	cpi	r24, 0x2B	; 43
    1e58:	79 f0       	breq	.+30     	; 0x1e78 <vfprintf+0xac>
    1e5a:	38 f4       	brcc	.+14     	; 0x1e6a <vfprintf+0x9e>
    1e5c:	80 32       	cpi	r24, 0x20	; 32
    1e5e:	79 f0       	breq	.+30     	; 0x1e7e <vfprintf+0xb2>
    1e60:	83 32       	cpi	r24, 0x23	; 35
    1e62:	a1 f4       	brne	.+40     	; 0x1e8c <vfprintf+0xc0>
    1e64:	f9 2d       	mov	r31, r9
    1e66:	f0 61       	ori	r31, 0x10	; 16
    1e68:	2e c0       	rjmp	.+92     	; 0x1ec6 <vfprintf+0xfa>
    1e6a:	8d 32       	cpi	r24, 0x2D	; 45
    1e6c:	61 f0       	breq	.+24     	; 0x1e86 <vfprintf+0xba>
    1e6e:	80 33       	cpi	r24, 0x30	; 48
    1e70:	69 f4       	brne	.+26     	; 0x1e8c <vfprintf+0xc0>
    1e72:	29 2d       	mov	r18, r9
    1e74:	21 60       	ori	r18, 0x01	; 1
    1e76:	2d c0       	rjmp	.+90     	; 0x1ed2 <vfprintf+0x106>
    1e78:	39 2d       	mov	r19, r9
    1e7a:	32 60       	ori	r19, 0x02	; 2
    1e7c:	93 2e       	mov	r9, r19
    1e7e:	89 2d       	mov	r24, r9
    1e80:	84 60       	ori	r24, 0x04	; 4
    1e82:	98 2e       	mov	r9, r24
    1e84:	2a c0       	rjmp	.+84     	; 0x1eda <vfprintf+0x10e>
    1e86:	e9 2d       	mov	r30, r9
    1e88:	e8 60       	ori	r30, 0x08	; 8
    1e8a:	15 c0       	rjmp	.+42     	; 0x1eb6 <vfprintf+0xea>
    1e8c:	97 fc       	sbrc	r9, 7
    1e8e:	2d c0       	rjmp	.+90     	; 0x1eea <vfprintf+0x11e>
    1e90:	20 ed       	ldi	r18, 0xD0	; 208
    1e92:	28 0f       	add	r18, r24
    1e94:	2a 30       	cpi	r18, 0x0A	; 10
    1e96:	88 f4       	brcc	.+34     	; 0x1eba <vfprintf+0xee>
    1e98:	96 fe       	sbrs	r9, 6
    1e9a:	06 c0       	rjmp	.+12     	; 0x1ea8 <vfprintf+0xdc>
    1e9c:	3a e0       	ldi	r19, 0x0A	; 10
    1e9e:	13 9f       	mul	r17, r19
    1ea0:	20 0d       	add	r18, r0
    1ea2:	11 24       	eor	r1, r1
    1ea4:	12 2f       	mov	r17, r18
    1ea6:	19 c0       	rjmp	.+50     	; 0x1eda <vfprintf+0x10e>
    1ea8:	8a e0       	ldi	r24, 0x0A	; 10
    1eaa:	58 9e       	mul	r5, r24
    1eac:	20 0d       	add	r18, r0
    1eae:	11 24       	eor	r1, r1
    1eb0:	52 2e       	mov	r5, r18
    1eb2:	e9 2d       	mov	r30, r9
    1eb4:	e0 62       	ori	r30, 0x20	; 32
    1eb6:	9e 2e       	mov	r9, r30
    1eb8:	10 c0       	rjmp	.+32     	; 0x1eda <vfprintf+0x10e>
    1eba:	8e 32       	cpi	r24, 0x2E	; 46
    1ebc:	31 f4       	brne	.+12     	; 0x1eca <vfprintf+0xfe>
    1ebe:	96 fc       	sbrc	r9, 6
    1ec0:	e5 c2       	rjmp	.+1482   	; 0x248c <vfprintf+0x6c0>
    1ec2:	f9 2d       	mov	r31, r9
    1ec4:	f0 64       	ori	r31, 0x40	; 64
    1ec6:	9f 2e       	mov	r9, r31
    1ec8:	08 c0       	rjmp	.+16     	; 0x1eda <vfprintf+0x10e>
    1eca:	8c 36       	cpi	r24, 0x6C	; 108
    1ecc:	21 f4       	brne	.+8      	; 0x1ed6 <vfprintf+0x10a>
    1ece:	29 2d       	mov	r18, r9
    1ed0:	20 68       	ori	r18, 0x80	; 128
    1ed2:	92 2e       	mov	r9, r18
    1ed4:	02 c0       	rjmp	.+4      	; 0x1eda <vfprintf+0x10e>
    1ed6:	88 36       	cpi	r24, 0x68	; 104
    1ed8:	41 f4       	brne	.+16     	; 0x1eea <vfprintf+0x11e>
    1eda:	f1 01       	movw	r30, r2
    1edc:	93 fd       	sbrc	r25, 3
    1ede:	85 91       	lpm	r24, Z+
    1ee0:	93 ff       	sbrs	r25, 3
    1ee2:	81 91       	ld	r24, Z+
    1ee4:	1f 01       	movw	r2, r30
    1ee6:	81 11       	cpse	r24, r1
    1ee8:	b3 cf       	rjmp	.-154    	; 0x1e50 <vfprintf+0x84>
    1eea:	9b eb       	ldi	r25, 0xBB	; 187
    1eec:	98 0f       	add	r25, r24
    1eee:	93 30       	cpi	r25, 0x03	; 3
    1ef0:	20 f4       	brcc	.+8      	; 0x1efa <vfprintf+0x12e>
    1ef2:	99 2d       	mov	r25, r9
    1ef4:	90 61       	ori	r25, 0x10	; 16
    1ef6:	80 5e       	subi	r24, 0xE0	; 224
    1ef8:	07 c0       	rjmp	.+14     	; 0x1f08 <vfprintf+0x13c>
    1efa:	9b e9       	ldi	r25, 0x9B	; 155
    1efc:	98 0f       	add	r25, r24
    1efe:	93 30       	cpi	r25, 0x03	; 3
    1f00:	08 f0       	brcs	.+2      	; 0x1f04 <vfprintf+0x138>
    1f02:	66 c1       	rjmp	.+716    	; 0x21d0 <vfprintf+0x404>
    1f04:	99 2d       	mov	r25, r9
    1f06:	9f 7e       	andi	r25, 0xEF	; 239
    1f08:	96 ff       	sbrs	r25, 6
    1f0a:	16 e0       	ldi	r17, 0x06	; 6
    1f0c:	9f 73       	andi	r25, 0x3F	; 63
    1f0e:	99 2e       	mov	r9, r25
    1f10:	85 36       	cpi	r24, 0x65	; 101
    1f12:	19 f4       	brne	.+6      	; 0x1f1a <vfprintf+0x14e>
    1f14:	90 64       	ori	r25, 0x40	; 64
    1f16:	99 2e       	mov	r9, r25
    1f18:	08 c0       	rjmp	.+16     	; 0x1f2a <vfprintf+0x15e>
    1f1a:	86 36       	cpi	r24, 0x66	; 102
    1f1c:	21 f4       	brne	.+8      	; 0x1f26 <vfprintf+0x15a>
    1f1e:	39 2f       	mov	r19, r25
    1f20:	30 68       	ori	r19, 0x80	; 128
    1f22:	93 2e       	mov	r9, r19
    1f24:	02 c0       	rjmp	.+4      	; 0x1f2a <vfprintf+0x15e>
    1f26:	11 11       	cpse	r17, r1
    1f28:	11 50       	subi	r17, 0x01	; 1
    1f2a:	97 fe       	sbrs	r9, 7
    1f2c:	07 c0       	rjmp	.+14     	; 0x1f3c <vfprintf+0x170>
    1f2e:	1c 33       	cpi	r17, 0x3C	; 60
    1f30:	50 f4       	brcc	.+20     	; 0x1f46 <vfprintf+0x17a>
    1f32:	44 24       	eor	r4, r4
    1f34:	43 94       	inc	r4
    1f36:	41 0e       	add	r4, r17
    1f38:	27 e0       	ldi	r18, 0x07	; 7
    1f3a:	0b c0       	rjmp	.+22     	; 0x1f52 <vfprintf+0x186>
    1f3c:	18 30       	cpi	r17, 0x08	; 8
    1f3e:	38 f0       	brcs	.+14     	; 0x1f4e <vfprintf+0x182>
    1f40:	27 e0       	ldi	r18, 0x07	; 7
    1f42:	17 e0       	ldi	r17, 0x07	; 7
    1f44:	05 c0       	rjmp	.+10     	; 0x1f50 <vfprintf+0x184>
    1f46:	27 e0       	ldi	r18, 0x07	; 7
    1f48:	9c e3       	ldi	r25, 0x3C	; 60
    1f4a:	49 2e       	mov	r4, r25
    1f4c:	02 c0       	rjmp	.+4      	; 0x1f52 <vfprintf+0x186>
    1f4e:	21 2f       	mov	r18, r17
    1f50:	41 2c       	mov	r4, r1
    1f52:	56 01       	movw	r10, r12
    1f54:	84 e0       	ldi	r24, 0x04	; 4
    1f56:	a8 0e       	add	r10, r24
    1f58:	b1 1c       	adc	r11, r1
    1f5a:	f6 01       	movw	r30, r12
    1f5c:	60 81       	ld	r22, Z
    1f5e:	71 81       	ldd	r23, Z+1	; 0x01
    1f60:	82 81       	ldd	r24, Z+2	; 0x02
    1f62:	93 81       	ldd	r25, Z+3	; 0x03
    1f64:	04 2d       	mov	r16, r4
    1f66:	a3 01       	movw	r20, r6
    1f68:	0e 94 c2 12 	call	0x2584	; 0x2584 <__ftoa_engine>
    1f6c:	6c 01       	movw	r12, r24
    1f6e:	f9 81       	ldd	r31, Y+1	; 0x01
    1f70:	fc 87       	std	Y+12, r31	; 0x0c
    1f72:	f0 ff       	sbrs	r31, 0
    1f74:	02 c0       	rjmp	.+4      	; 0x1f7a <vfprintf+0x1ae>
    1f76:	f3 ff       	sbrs	r31, 3
    1f78:	06 c0       	rjmp	.+12     	; 0x1f86 <vfprintf+0x1ba>
    1f7a:	91 fc       	sbrc	r9, 1
    1f7c:	06 c0       	rjmp	.+12     	; 0x1f8a <vfprintf+0x1be>
    1f7e:	92 fe       	sbrs	r9, 2
    1f80:	06 c0       	rjmp	.+12     	; 0x1f8e <vfprintf+0x1c2>
    1f82:	00 e2       	ldi	r16, 0x20	; 32
    1f84:	05 c0       	rjmp	.+10     	; 0x1f90 <vfprintf+0x1c4>
    1f86:	0d e2       	ldi	r16, 0x2D	; 45
    1f88:	03 c0       	rjmp	.+6      	; 0x1f90 <vfprintf+0x1c4>
    1f8a:	0b e2       	ldi	r16, 0x2B	; 43
    1f8c:	01 c0       	rjmp	.+2      	; 0x1f90 <vfprintf+0x1c4>
    1f8e:	00 e0       	ldi	r16, 0x00	; 0
    1f90:	8c 85       	ldd	r24, Y+12	; 0x0c
    1f92:	8c 70       	andi	r24, 0x0C	; 12
    1f94:	19 f0       	breq	.+6      	; 0x1f9c <vfprintf+0x1d0>
    1f96:	01 11       	cpse	r16, r1
    1f98:	5a c2       	rjmp	.+1204   	; 0x244e <vfprintf+0x682>
    1f9a:	9b c2       	rjmp	.+1334   	; 0x24d2 <vfprintf+0x706>
    1f9c:	97 fe       	sbrs	r9, 7
    1f9e:	10 c0       	rjmp	.+32     	; 0x1fc0 <vfprintf+0x1f4>
    1fa0:	4c 0c       	add	r4, r12
    1fa2:	fc 85       	ldd	r31, Y+12	; 0x0c
    1fa4:	f4 ff       	sbrs	r31, 4
    1fa6:	04 c0       	rjmp	.+8      	; 0x1fb0 <vfprintf+0x1e4>
    1fa8:	8a 81       	ldd	r24, Y+2	; 0x02
    1faa:	81 33       	cpi	r24, 0x31	; 49
    1fac:	09 f4       	brne	.+2      	; 0x1fb0 <vfprintf+0x1e4>
    1fae:	4a 94       	dec	r4
    1fb0:	14 14       	cp	r1, r4
    1fb2:	74 f5       	brge	.+92     	; 0x2010 <vfprintf+0x244>
    1fb4:	28 e0       	ldi	r18, 0x08	; 8
    1fb6:	24 15       	cp	r18, r4
    1fb8:	78 f5       	brcc	.+94     	; 0x2018 <vfprintf+0x24c>
    1fba:	88 e0       	ldi	r24, 0x08	; 8
    1fbc:	48 2e       	mov	r4, r24
    1fbe:	2c c0       	rjmp	.+88     	; 0x2018 <vfprintf+0x24c>
    1fc0:	96 fc       	sbrc	r9, 6
    1fc2:	2a c0       	rjmp	.+84     	; 0x2018 <vfprintf+0x24c>
    1fc4:	81 2f       	mov	r24, r17
    1fc6:	90 e0       	ldi	r25, 0x00	; 0
    1fc8:	8c 15       	cp	r24, r12
    1fca:	9d 05       	cpc	r25, r13
    1fcc:	9c f0       	brlt	.+38     	; 0x1ff4 <vfprintf+0x228>
    1fce:	3c ef       	ldi	r19, 0xFC	; 252
    1fd0:	c3 16       	cp	r12, r19
    1fd2:	3f ef       	ldi	r19, 0xFF	; 255
    1fd4:	d3 06       	cpc	r13, r19
    1fd6:	74 f0       	brlt	.+28     	; 0x1ff4 <vfprintf+0x228>
    1fd8:	89 2d       	mov	r24, r9
    1fda:	80 68       	ori	r24, 0x80	; 128
    1fdc:	98 2e       	mov	r9, r24
    1fde:	0a c0       	rjmp	.+20     	; 0x1ff4 <vfprintf+0x228>
    1fe0:	e2 e0       	ldi	r30, 0x02	; 2
    1fe2:	f0 e0       	ldi	r31, 0x00	; 0
    1fe4:	ec 0f       	add	r30, r28
    1fe6:	fd 1f       	adc	r31, r29
    1fe8:	e1 0f       	add	r30, r17
    1fea:	f1 1d       	adc	r31, r1
    1fec:	80 81       	ld	r24, Z
    1fee:	80 33       	cpi	r24, 0x30	; 48
    1ff0:	19 f4       	brne	.+6      	; 0x1ff8 <vfprintf+0x22c>
    1ff2:	11 50       	subi	r17, 0x01	; 1
    1ff4:	11 11       	cpse	r17, r1
    1ff6:	f4 cf       	rjmp	.-24     	; 0x1fe0 <vfprintf+0x214>
    1ff8:	97 fe       	sbrs	r9, 7
    1ffa:	0e c0       	rjmp	.+28     	; 0x2018 <vfprintf+0x24c>
    1ffc:	44 24       	eor	r4, r4
    1ffe:	43 94       	inc	r4
    2000:	41 0e       	add	r4, r17
    2002:	81 2f       	mov	r24, r17
    2004:	90 e0       	ldi	r25, 0x00	; 0
    2006:	c8 16       	cp	r12, r24
    2008:	d9 06       	cpc	r13, r25
    200a:	2c f4       	brge	.+10     	; 0x2016 <vfprintf+0x24a>
    200c:	1c 19       	sub	r17, r12
    200e:	04 c0       	rjmp	.+8      	; 0x2018 <vfprintf+0x24c>
    2010:	44 24       	eor	r4, r4
    2012:	43 94       	inc	r4
    2014:	01 c0       	rjmp	.+2      	; 0x2018 <vfprintf+0x24c>
    2016:	10 e0       	ldi	r17, 0x00	; 0
    2018:	97 fe       	sbrs	r9, 7
    201a:	06 c0       	rjmp	.+12     	; 0x2028 <vfprintf+0x25c>
    201c:	1c 14       	cp	r1, r12
    201e:	1d 04       	cpc	r1, r13
    2020:	34 f4       	brge	.+12     	; 0x202e <vfprintf+0x262>
    2022:	c6 01       	movw	r24, r12
    2024:	01 96       	adiw	r24, 0x01	; 1
    2026:	05 c0       	rjmp	.+10     	; 0x2032 <vfprintf+0x266>
    2028:	85 e0       	ldi	r24, 0x05	; 5
    202a:	90 e0       	ldi	r25, 0x00	; 0
    202c:	02 c0       	rjmp	.+4      	; 0x2032 <vfprintf+0x266>
    202e:	81 e0       	ldi	r24, 0x01	; 1
    2030:	90 e0       	ldi	r25, 0x00	; 0
    2032:	01 11       	cpse	r16, r1
    2034:	01 96       	adiw	r24, 0x01	; 1
    2036:	11 23       	and	r17, r17
    2038:	31 f0       	breq	.+12     	; 0x2046 <vfprintf+0x27a>
    203a:	21 2f       	mov	r18, r17
    203c:	30 e0       	ldi	r19, 0x00	; 0
    203e:	2f 5f       	subi	r18, 0xFF	; 255
    2040:	3f 4f       	sbci	r19, 0xFF	; 255
    2042:	82 0f       	add	r24, r18
    2044:	93 1f       	adc	r25, r19
    2046:	25 2d       	mov	r18, r5
    2048:	30 e0       	ldi	r19, 0x00	; 0
    204a:	82 17       	cp	r24, r18
    204c:	93 07       	cpc	r25, r19
    204e:	14 f4       	brge	.+4      	; 0x2054 <vfprintf+0x288>
    2050:	58 1a       	sub	r5, r24
    2052:	01 c0       	rjmp	.+2      	; 0x2056 <vfprintf+0x28a>
    2054:	51 2c       	mov	r5, r1
    2056:	89 2d       	mov	r24, r9
    2058:	89 70       	andi	r24, 0x09	; 9
    205a:	49 f4       	brne	.+18     	; 0x206e <vfprintf+0x2a2>
    205c:	55 20       	and	r5, r5
    205e:	39 f0       	breq	.+14     	; 0x206e <vfprintf+0x2a2>
    2060:	b7 01       	movw	r22, r14
    2062:	80 e2       	ldi	r24, 0x20	; 32
    2064:	90 e0       	ldi	r25, 0x00	; 0
    2066:	0e 94 b0 13 	call	0x2760	; 0x2760 <fputc>
    206a:	5a 94       	dec	r5
    206c:	f7 cf       	rjmp	.-18     	; 0x205c <vfprintf+0x290>
    206e:	00 23       	and	r16, r16
    2070:	29 f0       	breq	.+10     	; 0x207c <vfprintf+0x2b0>
    2072:	b7 01       	movw	r22, r14
    2074:	80 2f       	mov	r24, r16
    2076:	90 e0       	ldi	r25, 0x00	; 0
    2078:	0e 94 b0 13 	call	0x2760	; 0x2760 <fputc>
    207c:	93 fc       	sbrc	r9, 3
    207e:	09 c0       	rjmp	.+18     	; 0x2092 <vfprintf+0x2c6>
    2080:	55 20       	and	r5, r5
    2082:	39 f0       	breq	.+14     	; 0x2092 <vfprintf+0x2c6>
    2084:	b7 01       	movw	r22, r14
    2086:	80 e3       	ldi	r24, 0x30	; 48
    2088:	90 e0       	ldi	r25, 0x00	; 0
    208a:	0e 94 b0 13 	call	0x2760	; 0x2760 <fputc>
    208e:	5a 94       	dec	r5
    2090:	f7 cf       	rjmp	.-18     	; 0x2080 <vfprintf+0x2b4>
    2092:	97 fe       	sbrs	r9, 7
    2094:	4c c0       	rjmp	.+152    	; 0x212e <vfprintf+0x362>
    2096:	46 01       	movw	r8, r12
    2098:	d7 fe       	sbrs	r13, 7
    209a:	02 c0       	rjmp	.+4      	; 0x20a0 <vfprintf+0x2d4>
    209c:	81 2c       	mov	r8, r1
    209e:	91 2c       	mov	r9, r1
    20a0:	c6 01       	movw	r24, r12
    20a2:	88 19       	sub	r24, r8
    20a4:	99 09       	sbc	r25, r9
    20a6:	f3 01       	movw	r30, r6
    20a8:	e8 0f       	add	r30, r24
    20aa:	f9 1f       	adc	r31, r25
    20ac:	ed 87       	std	Y+13, r30	; 0x0d
    20ae:	fe 87       	std	Y+14, r31	; 0x0e
    20b0:	96 01       	movw	r18, r12
    20b2:	24 19       	sub	r18, r4
    20b4:	31 09       	sbc	r19, r1
    20b6:	2f 87       	std	Y+15, r18	; 0x0f
    20b8:	38 8b       	std	Y+16, r19	; 0x10
    20ba:	01 2f       	mov	r16, r17
    20bc:	10 e0       	ldi	r17, 0x00	; 0
    20be:	11 95       	neg	r17
    20c0:	01 95       	neg	r16
    20c2:	11 09       	sbc	r17, r1
    20c4:	3f ef       	ldi	r19, 0xFF	; 255
    20c6:	83 16       	cp	r8, r19
    20c8:	93 06       	cpc	r9, r19
    20ca:	29 f4       	brne	.+10     	; 0x20d6 <vfprintf+0x30a>
    20cc:	b7 01       	movw	r22, r14
    20ce:	8e e2       	ldi	r24, 0x2E	; 46
    20d0:	90 e0       	ldi	r25, 0x00	; 0
    20d2:	0e 94 b0 13 	call	0x2760	; 0x2760 <fputc>
    20d6:	c8 14       	cp	r12, r8
    20d8:	d9 04       	cpc	r13, r9
    20da:	4c f0       	brlt	.+18     	; 0x20ee <vfprintf+0x322>
    20dc:	8f 85       	ldd	r24, Y+15	; 0x0f
    20de:	98 89       	ldd	r25, Y+16	; 0x10
    20e0:	88 15       	cp	r24, r8
    20e2:	99 05       	cpc	r25, r9
    20e4:	24 f4       	brge	.+8      	; 0x20ee <vfprintf+0x322>
    20e6:	ed 85       	ldd	r30, Y+13	; 0x0d
    20e8:	fe 85       	ldd	r31, Y+14	; 0x0e
    20ea:	81 81       	ldd	r24, Z+1	; 0x01
    20ec:	01 c0       	rjmp	.+2      	; 0x20f0 <vfprintf+0x324>
    20ee:	80 e3       	ldi	r24, 0x30	; 48
    20f0:	f1 e0       	ldi	r31, 0x01	; 1
    20f2:	8f 1a       	sub	r8, r31
    20f4:	91 08       	sbc	r9, r1
    20f6:	2d 85       	ldd	r18, Y+13	; 0x0d
    20f8:	3e 85       	ldd	r19, Y+14	; 0x0e
    20fa:	2f 5f       	subi	r18, 0xFF	; 255
    20fc:	3f 4f       	sbci	r19, 0xFF	; 255
    20fe:	2d 87       	std	Y+13, r18	; 0x0d
    2100:	3e 87       	std	Y+14, r19	; 0x0e
    2102:	80 16       	cp	r8, r16
    2104:	91 06       	cpc	r9, r17
    2106:	2c f0       	brlt	.+10     	; 0x2112 <vfprintf+0x346>
    2108:	b7 01       	movw	r22, r14
    210a:	90 e0       	ldi	r25, 0x00	; 0
    210c:	0e 94 b0 13 	call	0x2760	; 0x2760 <fputc>
    2110:	d9 cf       	rjmp	.-78     	; 0x20c4 <vfprintf+0x2f8>
    2112:	c8 14       	cp	r12, r8
    2114:	d9 04       	cpc	r13, r9
    2116:	41 f4       	brne	.+16     	; 0x2128 <vfprintf+0x35c>
    2118:	9a 81       	ldd	r25, Y+2	; 0x02
    211a:	96 33       	cpi	r25, 0x36	; 54
    211c:	20 f4       	brcc	.+8      	; 0x2126 <vfprintf+0x35a>
    211e:	95 33       	cpi	r25, 0x35	; 53
    2120:	19 f4       	brne	.+6      	; 0x2128 <vfprintf+0x35c>
    2122:	3c 85       	ldd	r19, Y+12	; 0x0c
    2124:	34 ff       	sbrs	r19, 4
    2126:	81 e3       	ldi	r24, 0x31	; 49
    2128:	b7 01       	movw	r22, r14
    212a:	90 e0       	ldi	r25, 0x00	; 0
    212c:	4e c0       	rjmp	.+156    	; 0x21ca <vfprintf+0x3fe>
    212e:	8a 81       	ldd	r24, Y+2	; 0x02
    2130:	81 33       	cpi	r24, 0x31	; 49
    2132:	19 f0       	breq	.+6      	; 0x213a <vfprintf+0x36e>
    2134:	9c 85       	ldd	r25, Y+12	; 0x0c
    2136:	9f 7e       	andi	r25, 0xEF	; 239
    2138:	9c 87       	std	Y+12, r25	; 0x0c
    213a:	b7 01       	movw	r22, r14
    213c:	90 e0       	ldi	r25, 0x00	; 0
    213e:	0e 94 b0 13 	call	0x2760	; 0x2760 <fputc>
    2142:	11 11       	cpse	r17, r1
    2144:	05 c0       	rjmp	.+10     	; 0x2150 <vfprintf+0x384>
    2146:	94 fc       	sbrc	r9, 4
    2148:	18 c0       	rjmp	.+48     	; 0x217a <vfprintf+0x3ae>
    214a:	85 e6       	ldi	r24, 0x65	; 101
    214c:	90 e0       	ldi	r25, 0x00	; 0
    214e:	17 c0       	rjmp	.+46     	; 0x217e <vfprintf+0x3b2>
    2150:	b7 01       	movw	r22, r14
    2152:	8e e2       	ldi	r24, 0x2E	; 46
    2154:	90 e0       	ldi	r25, 0x00	; 0
    2156:	0e 94 b0 13 	call	0x2760	; 0x2760 <fputc>
    215a:	1e 5f       	subi	r17, 0xFE	; 254
    215c:	82 e0       	ldi	r24, 0x02	; 2
    215e:	01 e0       	ldi	r16, 0x01	; 1
    2160:	08 0f       	add	r16, r24
    2162:	f3 01       	movw	r30, r6
    2164:	e8 0f       	add	r30, r24
    2166:	f1 1d       	adc	r31, r1
    2168:	80 81       	ld	r24, Z
    216a:	b7 01       	movw	r22, r14
    216c:	90 e0       	ldi	r25, 0x00	; 0
    216e:	0e 94 b0 13 	call	0x2760	; 0x2760 <fputc>
    2172:	80 2f       	mov	r24, r16
    2174:	01 13       	cpse	r16, r17
    2176:	f3 cf       	rjmp	.-26     	; 0x215e <vfprintf+0x392>
    2178:	e6 cf       	rjmp	.-52     	; 0x2146 <vfprintf+0x37a>
    217a:	85 e4       	ldi	r24, 0x45	; 69
    217c:	90 e0       	ldi	r25, 0x00	; 0
    217e:	b7 01       	movw	r22, r14
    2180:	0e 94 b0 13 	call	0x2760	; 0x2760 <fputc>
    2184:	d7 fc       	sbrc	r13, 7
    2186:	06 c0       	rjmp	.+12     	; 0x2194 <vfprintf+0x3c8>
    2188:	c1 14       	cp	r12, r1
    218a:	d1 04       	cpc	r13, r1
    218c:	41 f4       	brne	.+16     	; 0x219e <vfprintf+0x3d2>
    218e:	ec 85       	ldd	r30, Y+12	; 0x0c
    2190:	e4 ff       	sbrs	r30, 4
    2192:	05 c0       	rjmp	.+10     	; 0x219e <vfprintf+0x3d2>
    2194:	d1 94       	neg	r13
    2196:	c1 94       	neg	r12
    2198:	d1 08       	sbc	r13, r1
    219a:	8d e2       	ldi	r24, 0x2D	; 45
    219c:	01 c0       	rjmp	.+2      	; 0x21a0 <vfprintf+0x3d4>
    219e:	8b e2       	ldi	r24, 0x2B	; 43
    21a0:	b7 01       	movw	r22, r14
    21a2:	90 e0       	ldi	r25, 0x00	; 0
    21a4:	0e 94 b0 13 	call	0x2760	; 0x2760 <fputc>
    21a8:	80 e3       	ldi	r24, 0x30	; 48
    21aa:	2a e0       	ldi	r18, 0x0A	; 10
    21ac:	c2 16       	cp	r12, r18
    21ae:	d1 04       	cpc	r13, r1
    21b0:	2c f0       	brlt	.+10     	; 0x21bc <vfprintf+0x3f0>
    21b2:	8f 5f       	subi	r24, 0xFF	; 255
    21b4:	fa e0       	ldi	r31, 0x0A	; 10
    21b6:	cf 1a       	sub	r12, r31
    21b8:	d1 08       	sbc	r13, r1
    21ba:	f7 cf       	rjmp	.-18     	; 0x21aa <vfprintf+0x3de>
    21bc:	b7 01       	movw	r22, r14
    21be:	90 e0       	ldi	r25, 0x00	; 0
    21c0:	0e 94 b0 13 	call	0x2760	; 0x2760 <fputc>
    21c4:	b7 01       	movw	r22, r14
    21c6:	c6 01       	movw	r24, r12
    21c8:	c0 96       	adiw	r24, 0x30	; 48
    21ca:	0e 94 b0 13 	call	0x2760	; 0x2760 <fputc>
    21ce:	54 c1       	rjmp	.+680    	; 0x2478 <vfprintf+0x6ac>
    21d0:	83 36       	cpi	r24, 0x63	; 99
    21d2:	31 f0       	breq	.+12     	; 0x21e0 <vfprintf+0x414>
    21d4:	83 37       	cpi	r24, 0x73	; 115
    21d6:	79 f0       	breq	.+30     	; 0x21f6 <vfprintf+0x42a>
    21d8:	83 35       	cpi	r24, 0x53	; 83
    21da:	09 f0       	breq	.+2      	; 0x21de <vfprintf+0x412>
    21dc:	56 c0       	rjmp	.+172    	; 0x228a <vfprintf+0x4be>
    21de:	20 c0       	rjmp	.+64     	; 0x2220 <vfprintf+0x454>
    21e0:	56 01       	movw	r10, r12
    21e2:	32 e0       	ldi	r19, 0x02	; 2
    21e4:	a3 0e       	add	r10, r19
    21e6:	b1 1c       	adc	r11, r1
    21e8:	f6 01       	movw	r30, r12
    21ea:	80 81       	ld	r24, Z
    21ec:	89 83       	std	Y+1, r24	; 0x01
    21ee:	01 e0       	ldi	r16, 0x01	; 1
    21f0:	10 e0       	ldi	r17, 0x00	; 0
    21f2:	63 01       	movw	r12, r6
    21f4:	12 c0       	rjmp	.+36     	; 0x221a <vfprintf+0x44e>
    21f6:	56 01       	movw	r10, r12
    21f8:	f2 e0       	ldi	r31, 0x02	; 2
    21fa:	af 0e       	add	r10, r31
    21fc:	b1 1c       	adc	r11, r1
    21fe:	f6 01       	movw	r30, r12
    2200:	c0 80       	ld	r12, Z
    2202:	d1 80       	ldd	r13, Z+1	; 0x01
    2204:	96 fe       	sbrs	r9, 6
    2206:	03 c0       	rjmp	.+6      	; 0x220e <vfprintf+0x442>
    2208:	61 2f       	mov	r22, r17
    220a:	70 e0       	ldi	r23, 0x00	; 0
    220c:	02 c0       	rjmp	.+4      	; 0x2212 <vfprintf+0x446>
    220e:	6f ef       	ldi	r22, 0xFF	; 255
    2210:	7f ef       	ldi	r23, 0xFF	; 255
    2212:	c6 01       	movw	r24, r12
    2214:	0e 94 a5 13 	call	0x274a	; 0x274a <strnlen>
    2218:	8c 01       	movw	r16, r24
    221a:	f9 2d       	mov	r31, r9
    221c:	ff 77       	andi	r31, 0x7F	; 127
    221e:	14 c0       	rjmp	.+40     	; 0x2248 <vfprintf+0x47c>
    2220:	56 01       	movw	r10, r12
    2222:	22 e0       	ldi	r18, 0x02	; 2
    2224:	a2 0e       	add	r10, r18
    2226:	b1 1c       	adc	r11, r1
    2228:	f6 01       	movw	r30, r12
    222a:	c0 80       	ld	r12, Z
    222c:	d1 80       	ldd	r13, Z+1	; 0x01
    222e:	96 fe       	sbrs	r9, 6
    2230:	03 c0       	rjmp	.+6      	; 0x2238 <vfprintf+0x46c>
    2232:	61 2f       	mov	r22, r17
    2234:	70 e0       	ldi	r23, 0x00	; 0
    2236:	02 c0       	rjmp	.+4      	; 0x223c <vfprintf+0x470>
    2238:	6f ef       	ldi	r22, 0xFF	; 255
    223a:	7f ef       	ldi	r23, 0xFF	; 255
    223c:	c6 01       	movw	r24, r12
    223e:	0e 94 9a 13 	call	0x2734	; 0x2734 <strnlen_P>
    2242:	8c 01       	movw	r16, r24
    2244:	f9 2d       	mov	r31, r9
    2246:	f0 68       	ori	r31, 0x80	; 128
    2248:	9f 2e       	mov	r9, r31
    224a:	f3 fd       	sbrc	r31, 3
    224c:	1a c0       	rjmp	.+52     	; 0x2282 <vfprintf+0x4b6>
    224e:	85 2d       	mov	r24, r5
    2250:	90 e0       	ldi	r25, 0x00	; 0
    2252:	08 17       	cp	r16, r24
    2254:	19 07       	cpc	r17, r25
    2256:	a8 f4       	brcc	.+42     	; 0x2282 <vfprintf+0x4b6>
    2258:	b7 01       	movw	r22, r14
    225a:	80 e2       	ldi	r24, 0x20	; 32
    225c:	90 e0       	ldi	r25, 0x00	; 0
    225e:	0e 94 b0 13 	call	0x2760	; 0x2760 <fputc>
    2262:	5a 94       	dec	r5
    2264:	f4 cf       	rjmp	.-24     	; 0x224e <vfprintf+0x482>
    2266:	f6 01       	movw	r30, r12
    2268:	97 fc       	sbrc	r9, 7
    226a:	85 91       	lpm	r24, Z+
    226c:	97 fe       	sbrs	r9, 7
    226e:	81 91       	ld	r24, Z+
    2270:	6f 01       	movw	r12, r30
    2272:	b7 01       	movw	r22, r14
    2274:	90 e0       	ldi	r25, 0x00	; 0
    2276:	0e 94 b0 13 	call	0x2760	; 0x2760 <fputc>
    227a:	51 10       	cpse	r5, r1
    227c:	5a 94       	dec	r5
    227e:	01 50       	subi	r16, 0x01	; 1
    2280:	11 09       	sbc	r17, r1
    2282:	01 15       	cp	r16, r1
    2284:	11 05       	cpc	r17, r1
    2286:	79 f7       	brne	.-34     	; 0x2266 <vfprintf+0x49a>
    2288:	f7 c0       	rjmp	.+494    	; 0x2478 <vfprintf+0x6ac>
    228a:	84 36       	cpi	r24, 0x64	; 100
    228c:	11 f0       	breq	.+4      	; 0x2292 <vfprintf+0x4c6>
    228e:	89 36       	cpi	r24, 0x69	; 105
    2290:	61 f5       	brne	.+88     	; 0x22ea <vfprintf+0x51e>
    2292:	56 01       	movw	r10, r12
    2294:	97 fe       	sbrs	r9, 7
    2296:	09 c0       	rjmp	.+18     	; 0x22aa <vfprintf+0x4de>
    2298:	24 e0       	ldi	r18, 0x04	; 4
    229a:	a2 0e       	add	r10, r18
    229c:	b1 1c       	adc	r11, r1
    229e:	f6 01       	movw	r30, r12
    22a0:	60 81       	ld	r22, Z
    22a2:	71 81       	ldd	r23, Z+1	; 0x01
    22a4:	82 81       	ldd	r24, Z+2	; 0x02
    22a6:	93 81       	ldd	r25, Z+3	; 0x03
    22a8:	0a c0       	rjmp	.+20     	; 0x22be <vfprintf+0x4f2>
    22aa:	f2 e0       	ldi	r31, 0x02	; 2
    22ac:	af 0e       	add	r10, r31
    22ae:	b1 1c       	adc	r11, r1
    22b0:	f6 01       	movw	r30, r12
    22b2:	60 81       	ld	r22, Z
    22b4:	71 81       	ldd	r23, Z+1	; 0x01
    22b6:	07 2e       	mov	r0, r23
    22b8:	00 0c       	add	r0, r0
    22ba:	88 0b       	sbc	r24, r24
    22bc:	99 0b       	sbc	r25, r25
    22be:	f9 2d       	mov	r31, r9
    22c0:	ff 76       	andi	r31, 0x6F	; 111
    22c2:	9f 2e       	mov	r9, r31
    22c4:	97 ff       	sbrs	r25, 7
    22c6:	09 c0       	rjmp	.+18     	; 0x22da <vfprintf+0x50e>
    22c8:	90 95       	com	r25
    22ca:	80 95       	com	r24
    22cc:	70 95       	com	r23
    22ce:	61 95       	neg	r22
    22d0:	7f 4f       	sbci	r23, 0xFF	; 255
    22d2:	8f 4f       	sbci	r24, 0xFF	; 255
    22d4:	9f 4f       	sbci	r25, 0xFF	; 255
    22d6:	f0 68       	ori	r31, 0x80	; 128
    22d8:	9f 2e       	mov	r9, r31
    22da:	2a e0       	ldi	r18, 0x0A	; 10
    22dc:	30 e0       	ldi	r19, 0x00	; 0
    22de:	a3 01       	movw	r20, r6
    22e0:	0e 94 59 14 	call	0x28b2	; 0x28b2 <__ultoa_invert>
    22e4:	c8 2e       	mov	r12, r24
    22e6:	c6 18       	sub	r12, r6
    22e8:	3f c0       	rjmp	.+126    	; 0x2368 <vfprintf+0x59c>
    22ea:	09 2d       	mov	r16, r9
    22ec:	85 37       	cpi	r24, 0x75	; 117
    22ee:	21 f4       	brne	.+8      	; 0x22f8 <vfprintf+0x52c>
    22f0:	0f 7e       	andi	r16, 0xEF	; 239
    22f2:	2a e0       	ldi	r18, 0x0A	; 10
    22f4:	30 e0       	ldi	r19, 0x00	; 0
    22f6:	1d c0       	rjmp	.+58     	; 0x2332 <vfprintf+0x566>
    22f8:	09 7f       	andi	r16, 0xF9	; 249
    22fa:	8f 36       	cpi	r24, 0x6F	; 111
    22fc:	91 f0       	breq	.+36     	; 0x2322 <vfprintf+0x556>
    22fe:	18 f4       	brcc	.+6      	; 0x2306 <vfprintf+0x53a>
    2300:	88 35       	cpi	r24, 0x58	; 88
    2302:	59 f0       	breq	.+22     	; 0x231a <vfprintf+0x54e>
    2304:	c3 c0       	rjmp	.+390    	; 0x248c <vfprintf+0x6c0>
    2306:	80 37       	cpi	r24, 0x70	; 112
    2308:	19 f0       	breq	.+6      	; 0x2310 <vfprintf+0x544>
    230a:	88 37       	cpi	r24, 0x78	; 120
    230c:	11 f0       	breq	.+4      	; 0x2312 <vfprintf+0x546>
    230e:	be c0       	rjmp	.+380    	; 0x248c <vfprintf+0x6c0>
    2310:	00 61       	ori	r16, 0x10	; 16
    2312:	04 ff       	sbrs	r16, 4
    2314:	09 c0       	rjmp	.+18     	; 0x2328 <vfprintf+0x55c>
    2316:	04 60       	ori	r16, 0x04	; 4
    2318:	07 c0       	rjmp	.+14     	; 0x2328 <vfprintf+0x55c>
    231a:	94 fe       	sbrs	r9, 4
    231c:	08 c0       	rjmp	.+16     	; 0x232e <vfprintf+0x562>
    231e:	06 60       	ori	r16, 0x06	; 6
    2320:	06 c0       	rjmp	.+12     	; 0x232e <vfprintf+0x562>
    2322:	28 e0       	ldi	r18, 0x08	; 8
    2324:	30 e0       	ldi	r19, 0x00	; 0
    2326:	05 c0       	rjmp	.+10     	; 0x2332 <vfprintf+0x566>
    2328:	20 e1       	ldi	r18, 0x10	; 16
    232a:	30 e0       	ldi	r19, 0x00	; 0
    232c:	02 c0       	rjmp	.+4      	; 0x2332 <vfprintf+0x566>
    232e:	20 e1       	ldi	r18, 0x10	; 16
    2330:	32 e0       	ldi	r19, 0x02	; 2
    2332:	56 01       	movw	r10, r12
    2334:	07 ff       	sbrs	r16, 7
    2336:	09 c0       	rjmp	.+18     	; 0x234a <vfprintf+0x57e>
    2338:	84 e0       	ldi	r24, 0x04	; 4
    233a:	a8 0e       	add	r10, r24
    233c:	b1 1c       	adc	r11, r1
    233e:	f6 01       	movw	r30, r12
    2340:	60 81       	ld	r22, Z
    2342:	71 81       	ldd	r23, Z+1	; 0x01
    2344:	82 81       	ldd	r24, Z+2	; 0x02
    2346:	93 81       	ldd	r25, Z+3	; 0x03
    2348:	08 c0       	rjmp	.+16     	; 0x235a <vfprintf+0x58e>
    234a:	f2 e0       	ldi	r31, 0x02	; 2
    234c:	af 0e       	add	r10, r31
    234e:	b1 1c       	adc	r11, r1
    2350:	f6 01       	movw	r30, r12
    2352:	60 81       	ld	r22, Z
    2354:	71 81       	ldd	r23, Z+1	; 0x01
    2356:	80 e0       	ldi	r24, 0x00	; 0
    2358:	90 e0       	ldi	r25, 0x00	; 0
    235a:	a3 01       	movw	r20, r6
    235c:	0e 94 59 14 	call	0x28b2	; 0x28b2 <__ultoa_invert>
    2360:	c8 2e       	mov	r12, r24
    2362:	c6 18       	sub	r12, r6
    2364:	0f 77       	andi	r16, 0x7F	; 127
    2366:	90 2e       	mov	r9, r16
    2368:	96 fe       	sbrs	r9, 6
    236a:	0b c0       	rjmp	.+22     	; 0x2382 <vfprintf+0x5b6>
    236c:	09 2d       	mov	r16, r9
    236e:	0e 7f       	andi	r16, 0xFE	; 254
    2370:	c1 16       	cp	r12, r17
    2372:	50 f4       	brcc	.+20     	; 0x2388 <vfprintf+0x5bc>
    2374:	94 fe       	sbrs	r9, 4
    2376:	0a c0       	rjmp	.+20     	; 0x238c <vfprintf+0x5c0>
    2378:	92 fc       	sbrc	r9, 2
    237a:	08 c0       	rjmp	.+16     	; 0x238c <vfprintf+0x5c0>
    237c:	09 2d       	mov	r16, r9
    237e:	0e 7e       	andi	r16, 0xEE	; 238
    2380:	05 c0       	rjmp	.+10     	; 0x238c <vfprintf+0x5c0>
    2382:	dc 2c       	mov	r13, r12
    2384:	09 2d       	mov	r16, r9
    2386:	03 c0       	rjmp	.+6      	; 0x238e <vfprintf+0x5c2>
    2388:	dc 2c       	mov	r13, r12
    238a:	01 c0       	rjmp	.+2      	; 0x238e <vfprintf+0x5c2>
    238c:	d1 2e       	mov	r13, r17
    238e:	04 ff       	sbrs	r16, 4
    2390:	0d c0       	rjmp	.+26     	; 0x23ac <vfprintf+0x5e0>
    2392:	fe 01       	movw	r30, r28
    2394:	ec 0d       	add	r30, r12
    2396:	f1 1d       	adc	r31, r1
    2398:	80 81       	ld	r24, Z
    239a:	80 33       	cpi	r24, 0x30	; 48
    239c:	11 f4       	brne	.+4      	; 0x23a2 <vfprintf+0x5d6>
    239e:	09 7e       	andi	r16, 0xE9	; 233
    23a0:	09 c0       	rjmp	.+18     	; 0x23b4 <vfprintf+0x5e8>
    23a2:	02 ff       	sbrs	r16, 2
    23a4:	06 c0       	rjmp	.+12     	; 0x23b2 <vfprintf+0x5e6>
    23a6:	d3 94       	inc	r13
    23a8:	d3 94       	inc	r13
    23aa:	04 c0       	rjmp	.+8      	; 0x23b4 <vfprintf+0x5e8>
    23ac:	80 2f       	mov	r24, r16
    23ae:	86 78       	andi	r24, 0x86	; 134
    23b0:	09 f0       	breq	.+2      	; 0x23b4 <vfprintf+0x5e8>
    23b2:	d3 94       	inc	r13
    23b4:	03 fd       	sbrc	r16, 3
    23b6:	11 c0       	rjmp	.+34     	; 0x23da <vfprintf+0x60e>
    23b8:	00 ff       	sbrs	r16, 0
    23ba:	06 c0       	rjmp	.+12     	; 0x23c8 <vfprintf+0x5fc>
    23bc:	1c 2d       	mov	r17, r12
    23be:	d5 14       	cp	r13, r5
    23c0:	80 f4       	brcc	.+32     	; 0x23e2 <vfprintf+0x616>
    23c2:	15 0d       	add	r17, r5
    23c4:	1d 19       	sub	r17, r13
    23c6:	0d c0       	rjmp	.+26     	; 0x23e2 <vfprintf+0x616>
    23c8:	d5 14       	cp	r13, r5
    23ca:	58 f4       	brcc	.+22     	; 0x23e2 <vfprintf+0x616>
    23cc:	b7 01       	movw	r22, r14
    23ce:	80 e2       	ldi	r24, 0x20	; 32
    23d0:	90 e0       	ldi	r25, 0x00	; 0
    23d2:	0e 94 b0 13 	call	0x2760	; 0x2760 <fputc>
    23d6:	d3 94       	inc	r13
    23d8:	f7 cf       	rjmp	.-18     	; 0x23c8 <vfprintf+0x5fc>
    23da:	d5 14       	cp	r13, r5
    23dc:	10 f4       	brcc	.+4      	; 0x23e2 <vfprintf+0x616>
    23de:	5d 18       	sub	r5, r13
    23e0:	01 c0       	rjmp	.+2      	; 0x23e4 <vfprintf+0x618>
    23e2:	51 2c       	mov	r5, r1
    23e4:	04 ff       	sbrs	r16, 4
    23e6:	10 c0       	rjmp	.+32     	; 0x2408 <vfprintf+0x63c>
    23e8:	b7 01       	movw	r22, r14
    23ea:	80 e3       	ldi	r24, 0x30	; 48
    23ec:	90 e0       	ldi	r25, 0x00	; 0
    23ee:	0e 94 b0 13 	call	0x2760	; 0x2760 <fputc>
    23f2:	02 ff       	sbrs	r16, 2
    23f4:	17 c0       	rjmp	.+46     	; 0x2424 <vfprintf+0x658>
    23f6:	01 fd       	sbrc	r16, 1
    23f8:	03 c0       	rjmp	.+6      	; 0x2400 <vfprintf+0x634>
    23fa:	88 e7       	ldi	r24, 0x78	; 120
    23fc:	90 e0       	ldi	r25, 0x00	; 0
    23fe:	02 c0       	rjmp	.+4      	; 0x2404 <vfprintf+0x638>
    2400:	88 e5       	ldi	r24, 0x58	; 88
    2402:	90 e0       	ldi	r25, 0x00	; 0
    2404:	b7 01       	movw	r22, r14
    2406:	0c c0       	rjmp	.+24     	; 0x2420 <vfprintf+0x654>
    2408:	80 2f       	mov	r24, r16
    240a:	86 78       	andi	r24, 0x86	; 134
    240c:	59 f0       	breq	.+22     	; 0x2424 <vfprintf+0x658>
    240e:	01 ff       	sbrs	r16, 1
    2410:	02 c0       	rjmp	.+4      	; 0x2416 <vfprintf+0x64a>
    2412:	8b e2       	ldi	r24, 0x2B	; 43
    2414:	01 c0       	rjmp	.+2      	; 0x2418 <vfprintf+0x64c>
    2416:	80 e2       	ldi	r24, 0x20	; 32
    2418:	07 fd       	sbrc	r16, 7
    241a:	8d e2       	ldi	r24, 0x2D	; 45
    241c:	b7 01       	movw	r22, r14
    241e:	90 e0       	ldi	r25, 0x00	; 0
    2420:	0e 94 b0 13 	call	0x2760	; 0x2760 <fputc>
    2424:	c1 16       	cp	r12, r17
    2426:	38 f4       	brcc	.+14     	; 0x2436 <vfprintf+0x66a>
    2428:	b7 01       	movw	r22, r14
    242a:	80 e3       	ldi	r24, 0x30	; 48
    242c:	90 e0       	ldi	r25, 0x00	; 0
    242e:	0e 94 b0 13 	call	0x2760	; 0x2760 <fputc>
    2432:	11 50       	subi	r17, 0x01	; 1
    2434:	f7 cf       	rjmp	.-18     	; 0x2424 <vfprintf+0x658>
    2436:	ca 94       	dec	r12
    2438:	f3 01       	movw	r30, r6
    243a:	ec 0d       	add	r30, r12
    243c:	f1 1d       	adc	r31, r1
    243e:	80 81       	ld	r24, Z
    2440:	b7 01       	movw	r22, r14
    2442:	90 e0       	ldi	r25, 0x00	; 0
    2444:	0e 94 b0 13 	call	0x2760	; 0x2760 <fputc>
    2448:	c1 10       	cpse	r12, r1
    244a:	f5 cf       	rjmp	.-22     	; 0x2436 <vfprintf+0x66a>
    244c:	15 c0       	rjmp	.+42     	; 0x2478 <vfprintf+0x6ac>
    244e:	f4 e0       	ldi	r31, 0x04	; 4
    2450:	f5 15       	cp	r31, r5
    2452:	60 f5       	brcc	.+88     	; 0x24ac <vfprintf+0x6e0>
    2454:	84 e0       	ldi	r24, 0x04	; 4
    2456:	58 1a       	sub	r5, r24
    2458:	93 fe       	sbrs	r9, 3
    245a:	1f c0       	rjmp	.+62     	; 0x249a <vfprintf+0x6ce>
    245c:	01 11       	cpse	r16, r1
    245e:	27 c0       	rjmp	.+78     	; 0x24ae <vfprintf+0x6e2>
    2460:	2c 85       	ldd	r18, Y+12	; 0x0c
    2462:	23 ff       	sbrs	r18, 3
    2464:	2a c0       	rjmp	.+84     	; 0x24ba <vfprintf+0x6ee>
    2466:	06 e8       	ldi	r16, 0x86	; 134
    2468:	12 e0       	ldi	r17, 0x02	; 2
    246a:	39 2d       	mov	r19, r9
    246c:	30 71       	andi	r19, 0x10	; 16
    246e:	93 2e       	mov	r9, r19
    2470:	f8 01       	movw	r30, r16
    2472:	84 91       	lpm	r24, Z
    2474:	81 11       	cpse	r24, r1
    2476:	24 c0       	rjmp	.+72     	; 0x24c0 <vfprintf+0x6f4>
    2478:	55 20       	and	r5, r5
    247a:	09 f4       	brne	.+2      	; 0x247e <vfprintf+0x6b2>
    247c:	e4 cc       	rjmp	.-1592   	; 0x1e46 <vfprintf+0x7a>
    247e:	b7 01       	movw	r22, r14
    2480:	80 e2       	ldi	r24, 0x20	; 32
    2482:	90 e0       	ldi	r25, 0x00	; 0
    2484:	0e 94 b0 13 	call	0x2760	; 0x2760 <fputc>
    2488:	5a 94       	dec	r5
    248a:	f6 cf       	rjmp	.-20     	; 0x2478 <vfprintf+0x6ac>
    248c:	f7 01       	movw	r30, r14
    248e:	86 81       	ldd	r24, Z+6	; 0x06
    2490:	97 81       	ldd	r25, Z+7	; 0x07
    2492:	26 c0       	rjmp	.+76     	; 0x24e0 <vfprintf+0x714>
    2494:	8f ef       	ldi	r24, 0xFF	; 255
    2496:	9f ef       	ldi	r25, 0xFF	; 255
    2498:	23 c0       	rjmp	.+70     	; 0x24e0 <vfprintf+0x714>
    249a:	b7 01       	movw	r22, r14
    249c:	80 e2       	ldi	r24, 0x20	; 32
    249e:	90 e0       	ldi	r25, 0x00	; 0
    24a0:	0e 94 b0 13 	call	0x2760	; 0x2760 <fputc>
    24a4:	5a 94       	dec	r5
    24a6:	51 10       	cpse	r5, r1
    24a8:	f8 cf       	rjmp	.-16     	; 0x249a <vfprintf+0x6ce>
    24aa:	d8 cf       	rjmp	.-80     	; 0x245c <vfprintf+0x690>
    24ac:	51 2c       	mov	r5, r1
    24ae:	b7 01       	movw	r22, r14
    24b0:	80 2f       	mov	r24, r16
    24b2:	90 e0       	ldi	r25, 0x00	; 0
    24b4:	0e 94 b0 13 	call	0x2760	; 0x2760 <fputc>
    24b8:	d3 cf       	rjmp	.-90     	; 0x2460 <vfprintf+0x694>
    24ba:	0a e8       	ldi	r16, 0x8A	; 138
    24bc:	12 e0       	ldi	r17, 0x02	; 2
    24be:	d5 cf       	rjmp	.-86     	; 0x246a <vfprintf+0x69e>
    24c0:	91 10       	cpse	r9, r1
    24c2:	80 52       	subi	r24, 0x20	; 32
    24c4:	b7 01       	movw	r22, r14
    24c6:	90 e0       	ldi	r25, 0x00	; 0
    24c8:	0e 94 b0 13 	call	0x2760	; 0x2760 <fputc>
    24cc:	0f 5f       	subi	r16, 0xFF	; 255
    24ce:	1f 4f       	sbci	r17, 0xFF	; 255
    24d0:	cf cf       	rjmp	.-98     	; 0x2470 <vfprintf+0x6a4>
    24d2:	23 e0       	ldi	r18, 0x03	; 3
    24d4:	25 15       	cp	r18, r5
    24d6:	10 f4       	brcc	.+4      	; 0x24dc <vfprintf+0x710>
    24d8:	83 e0       	ldi	r24, 0x03	; 3
    24da:	bd cf       	rjmp	.-134    	; 0x2456 <vfprintf+0x68a>
    24dc:	51 2c       	mov	r5, r1
    24de:	c0 cf       	rjmp	.-128    	; 0x2460 <vfprintf+0x694>
    24e0:	60 96       	adiw	r28, 0x10	; 16
    24e2:	cd bf       	out	0x3d, r28	; 61
    24e4:	de bf       	out	0x3e, r29	; 62
    24e6:	df 91       	pop	r29
    24e8:	cf 91       	pop	r28
    24ea:	1f 91       	pop	r17
    24ec:	0f 91       	pop	r16
    24ee:	ff 90       	pop	r15
    24f0:	ef 90       	pop	r14
    24f2:	df 90       	pop	r13
    24f4:	cf 90       	pop	r12
    24f6:	bf 90       	pop	r11
    24f8:	af 90       	pop	r10
    24fa:	9f 90       	pop	r9
    24fc:	8f 90       	pop	r8
    24fe:	7f 90       	pop	r7
    2500:	6f 90       	pop	r6
    2502:	5f 90       	pop	r5
    2504:	4f 90       	pop	r4
    2506:	3f 90       	pop	r3
    2508:	2f 90       	pop	r2
    250a:	08 95       	ret

0000250c <__udivmodsi4>:
    250c:	a1 e2       	ldi	r26, 0x21	; 33
    250e:	1a 2e       	mov	r1, r26
    2510:	aa 1b       	sub	r26, r26
    2512:	bb 1b       	sub	r27, r27
    2514:	fd 01       	movw	r30, r26
    2516:	0d c0       	rjmp	.+26     	; 0x2532 <__udivmodsi4_ep>

00002518 <__udivmodsi4_loop>:
    2518:	aa 1f       	adc	r26, r26
    251a:	bb 1f       	adc	r27, r27
    251c:	ee 1f       	adc	r30, r30
    251e:	ff 1f       	adc	r31, r31
    2520:	a2 17       	cp	r26, r18
    2522:	b3 07       	cpc	r27, r19
    2524:	e4 07       	cpc	r30, r20
    2526:	f5 07       	cpc	r31, r21
    2528:	20 f0       	brcs	.+8      	; 0x2532 <__udivmodsi4_ep>
    252a:	a2 1b       	sub	r26, r18
    252c:	b3 0b       	sbc	r27, r19
    252e:	e4 0b       	sbc	r30, r20
    2530:	f5 0b       	sbc	r31, r21

00002532 <__udivmodsi4_ep>:
    2532:	66 1f       	adc	r22, r22
    2534:	77 1f       	adc	r23, r23
    2536:	88 1f       	adc	r24, r24
    2538:	99 1f       	adc	r25, r25
    253a:	1a 94       	dec	r1
    253c:	69 f7       	brne	.-38     	; 0x2518 <__udivmodsi4_loop>
    253e:	60 95       	com	r22
    2540:	70 95       	com	r23
    2542:	80 95       	com	r24
    2544:	90 95       	com	r25
    2546:	9b 01       	movw	r18, r22
    2548:	ac 01       	movw	r20, r24
    254a:	bd 01       	movw	r22, r26
    254c:	cf 01       	movw	r24, r30
    254e:	08 95       	ret

00002550 <__umulhisi3>:
    2550:	a2 9f       	mul	r26, r18
    2552:	b0 01       	movw	r22, r0
    2554:	b3 9f       	mul	r27, r19
    2556:	c0 01       	movw	r24, r0
    2558:	a3 9f       	mul	r26, r19
    255a:	70 0d       	add	r23, r0
    255c:	81 1d       	adc	r24, r1
    255e:	11 24       	eor	r1, r1
    2560:	91 1d       	adc	r25, r1
    2562:	b2 9f       	mul	r27, r18
    2564:	70 0d       	add	r23, r0
    2566:	81 1d       	adc	r24, r1
    2568:	11 24       	eor	r1, r1
    256a:	91 1d       	adc	r25, r1
    256c:	08 95       	ret

0000256e <__muluhisi3>:
    256e:	0e 94 a8 12 	call	0x2550	; 0x2550 <__umulhisi3>
    2572:	a5 9f       	mul	r26, r21
    2574:	90 0d       	add	r25, r0
    2576:	b4 9f       	mul	r27, r20
    2578:	90 0d       	add	r25, r0
    257a:	a4 9f       	mul	r26, r20
    257c:	80 0d       	add	r24, r0
    257e:	91 1d       	adc	r25, r1
    2580:	11 24       	eor	r1, r1
    2582:	08 95       	ret

00002584 <__ftoa_engine>:
    2584:	28 30       	cpi	r18, 0x08	; 8
    2586:	08 f0       	brcs	.+2      	; 0x258a <__ftoa_engine+0x6>
    2588:	27 e0       	ldi	r18, 0x07	; 7
    258a:	33 27       	eor	r19, r19
    258c:	da 01       	movw	r26, r20
    258e:	99 0f       	add	r25, r25
    2590:	31 1d       	adc	r19, r1
    2592:	87 fd       	sbrc	r24, 7
    2594:	91 60       	ori	r25, 0x01	; 1
    2596:	00 96       	adiw	r24, 0x00	; 0
    2598:	61 05       	cpc	r22, r1
    259a:	71 05       	cpc	r23, r1
    259c:	39 f4       	brne	.+14     	; 0x25ac <__ftoa_engine+0x28>
    259e:	32 60       	ori	r19, 0x02	; 2
    25a0:	2e 5f       	subi	r18, 0xFE	; 254
    25a2:	3d 93       	st	X+, r19
    25a4:	30 e3       	ldi	r19, 0x30	; 48
    25a6:	2a 95       	dec	r18
    25a8:	e1 f7       	brne	.-8      	; 0x25a2 <__ftoa_engine+0x1e>
    25aa:	08 95       	ret
    25ac:	9f 3f       	cpi	r25, 0xFF	; 255
    25ae:	30 f0       	brcs	.+12     	; 0x25bc <__ftoa_engine+0x38>
    25b0:	80 38       	cpi	r24, 0x80	; 128
    25b2:	71 05       	cpc	r23, r1
    25b4:	61 05       	cpc	r22, r1
    25b6:	09 f0       	breq	.+2      	; 0x25ba <__ftoa_engine+0x36>
    25b8:	3c 5f       	subi	r19, 0xFC	; 252
    25ba:	3c 5f       	subi	r19, 0xFC	; 252
    25bc:	3d 93       	st	X+, r19
    25be:	91 30       	cpi	r25, 0x01	; 1
    25c0:	08 f0       	brcs	.+2      	; 0x25c4 <__ftoa_engine+0x40>
    25c2:	80 68       	ori	r24, 0x80	; 128
    25c4:	91 1d       	adc	r25, r1
    25c6:	df 93       	push	r29
    25c8:	cf 93       	push	r28
    25ca:	1f 93       	push	r17
    25cc:	0f 93       	push	r16
    25ce:	ff 92       	push	r15
    25d0:	ef 92       	push	r14
    25d2:	19 2f       	mov	r17, r25
    25d4:	98 7f       	andi	r25, 0xF8	; 248
    25d6:	96 95       	lsr	r25
    25d8:	e9 2f       	mov	r30, r25
    25da:	96 95       	lsr	r25
    25dc:	96 95       	lsr	r25
    25de:	e9 0f       	add	r30, r25
    25e0:	ff 27       	eor	r31, r31
    25e2:	e8 51       	subi	r30, 0x18	; 24
    25e4:	fd 4f       	sbci	r31, 0xFD	; 253
    25e6:	99 27       	eor	r25, r25
    25e8:	33 27       	eor	r19, r19
    25ea:	ee 24       	eor	r14, r14
    25ec:	ff 24       	eor	r15, r15
    25ee:	a7 01       	movw	r20, r14
    25f0:	e7 01       	movw	r28, r14
    25f2:	05 90       	lpm	r0, Z+
    25f4:	08 94       	sec
    25f6:	07 94       	ror	r0
    25f8:	28 f4       	brcc	.+10     	; 0x2604 <__ftoa_engine+0x80>
    25fa:	36 0f       	add	r19, r22
    25fc:	e7 1e       	adc	r14, r23
    25fe:	f8 1e       	adc	r15, r24
    2600:	49 1f       	adc	r20, r25
    2602:	51 1d       	adc	r21, r1
    2604:	66 0f       	add	r22, r22
    2606:	77 1f       	adc	r23, r23
    2608:	88 1f       	adc	r24, r24
    260a:	99 1f       	adc	r25, r25
    260c:	06 94       	lsr	r0
    260e:	a1 f7       	brne	.-24     	; 0x25f8 <__ftoa_engine+0x74>
    2610:	05 90       	lpm	r0, Z+
    2612:	07 94       	ror	r0
    2614:	28 f4       	brcc	.+10     	; 0x2620 <__ftoa_engine+0x9c>
    2616:	e7 0e       	add	r14, r23
    2618:	f8 1e       	adc	r15, r24
    261a:	49 1f       	adc	r20, r25
    261c:	56 1f       	adc	r21, r22
    261e:	c1 1d       	adc	r28, r1
    2620:	77 0f       	add	r23, r23
    2622:	88 1f       	adc	r24, r24
    2624:	99 1f       	adc	r25, r25
    2626:	66 1f       	adc	r22, r22
    2628:	06 94       	lsr	r0
    262a:	a1 f7       	brne	.-24     	; 0x2614 <__ftoa_engine+0x90>
    262c:	05 90       	lpm	r0, Z+
    262e:	07 94       	ror	r0
    2630:	28 f4       	brcc	.+10     	; 0x263c <__ftoa_engine+0xb8>
    2632:	f8 0e       	add	r15, r24
    2634:	49 1f       	adc	r20, r25
    2636:	56 1f       	adc	r21, r22
    2638:	c7 1f       	adc	r28, r23
    263a:	d1 1d       	adc	r29, r1
    263c:	88 0f       	add	r24, r24
    263e:	99 1f       	adc	r25, r25
    2640:	66 1f       	adc	r22, r22
    2642:	77 1f       	adc	r23, r23
    2644:	06 94       	lsr	r0
    2646:	a1 f7       	brne	.-24     	; 0x2630 <__ftoa_engine+0xac>
    2648:	05 90       	lpm	r0, Z+
    264a:	07 94       	ror	r0
    264c:	20 f4       	brcc	.+8      	; 0x2656 <__ftoa_engine+0xd2>
    264e:	49 0f       	add	r20, r25
    2650:	56 1f       	adc	r21, r22
    2652:	c7 1f       	adc	r28, r23
    2654:	d8 1f       	adc	r29, r24
    2656:	99 0f       	add	r25, r25
    2658:	66 1f       	adc	r22, r22
    265a:	77 1f       	adc	r23, r23
    265c:	88 1f       	adc	r24, r24
    265e:	06 94       	lsr	r0
    2660:	a9 f7       	brne	.-22     	; 0x264c <__ftoa_engine+0xc8>
    2662:	84 91       	lpm	r24, Z
    2664:	10 95       	com	r17
    2666:	17 70       	andi	r17, 0x07	; 7
    2668:	41 f0       	breq	.+16     	; 0x267a <__ftoa_engine+0xf6>
    266a:	d6 95       	lsr	r29
    266c:	c7 95       	ror	r28
    266e:	57 95       	ror	r21
    2670:	47 95       	ror	r20
    2672:	f7 94       	ror	r15
    2674:	e7 94       	ror	r14
    2676:	1a 95       	dec	r17
    2678:	c1 f7       	brne	.-16     	; 0x266a <__ftoa_engine+0xe6>
    267a:	ee e8       	ldi	r30, 0x8E	; 142
    267c:	f2 e0       	ldi	r31, 0x02	; 2
    267e:	68 94       	set
    2680:	15 90       	lpm	r1, Z+
    2682:	15 91       	lpm	r17, Z+
    2684:	35 91       	lpm	r19, Z+
    2686:	65 91       	lpm	r22, Z+
    2688:	95 91       	lpm	r25, Z+
    268a:	05 90       	lpm	r0, Z+
    268c:	7f e2       	ldi	r23, 0x2F	; 47
    268e:	73 95       	inc	r23
    2690:	e1 18       	sub	r14, r1
    2692:	f1 0a       	sbc	r15, r17
    2694:	43 0b       	sbc	r20, r19
    2696:	56 0b       	sbc	r21, r22
    2698:	c9 0b       	sbc	r28, r25
    269a:	d0 09       	sbc	r29, r0
    269c:	c0 f7       	brcc	.-16     	; 0x268e <__ftoa_engine+0x10a>
    269e:	e1 0c       	add	r14, r1
    26a0:	f1 1e       	adc	r15, r17
    26a2:	43 1f       	adc	r20, r19
    26a4:	56 1f       	adc	r21, r22
    26a6:	c9 1f       	adc	r28, r25
    26a8:	d0 1d       	adc	r29, r0
    26aa:	7e f4       	brtc	.+30     	; 0x26ca <__ftoa_engine+0x146>
    26ac:	70 33       	cpi	r23, 0x30	; 48
    26ae:	11 f4       	brne	.+4      	; 0x26b4 <__ftoa_engine+0x130>
    26b0:	8a 95       	dec	r24
    26b2:	e6 cf       	rjmp	.-52     	; 0x2680 <__ftoa_engine+0xfc>
    26b4:	e8 94       	clt
    26b6:	01 50       	subi	r16, 0x01	; 1
    26b8:	30 f0       	brcs	.+12     	; 0x26c6 <__ftoa_engine+0x142>
    26ba:	08 0f       	add	r16, r24
    26bc:	0a f4       	brpl	.+2      	; 0x26c0 <__ftoa_engine+0x13c>
    26be:	00 27       	eor	r16, r16
    26c0:	02 17       	cp	r16, r18
    26c2:	08 f4       	brcc	.+2      	; 0x26c6 <__ftoa_engine+0x142>
    26c4:	20 2f       	mov	r18, r16
    26c6:	23 95       	inc	r18
    26c8:	02 2f       	mov	r16, r18
    26ca:	7a 33       	cpi	r23, 0x3A	; 58
    26cc:	28 f0       	brcs	.+10     	; 0x26d8 <__ftoa_engine+0x154>
    26ce:	79 e3       	ldi	r23, 0x39	; 57
    26d0:	7d 93       	st	X+, r23
    26d2:	2a 95       	dec	r18
    26d4:	e9 f7       	brne	.-6      	; 0x26d0 <__ftoa_engine+0x14c>
    26d6:	10 c0       	rjmp	.+32     	; 0x26f8 <__ftoa_engine+0x174>
    26d8:	7d 93       	st	X+, r23
    26da:	2a 95       	dec	r18
    26dc:	89 f6       	brne	.-94     	; 0x2680 <__ftoa_engine+0xfc>
    26de:	06 94       	lsr	r0
    26e0:	97 95       	ror	r25
    26e2:	67 95       	ror	r22
    26e4:	37 95       	ror	r19
    26e6:	17 95       	ror	r17
    26e8:	17 94       	ror	r1
    26ea:	e1 18       	sub	r14, r1
    26ec:	f1 0a       	sbc	r15, r17
    26ee:	43 0b       	sbc	r20, r19
    26f0:	56 0b       	sbc	r21, r22
    26f2:	c9 0b       	sbc	r28, r25
    26f4:	d0 09       	sbc	r29, r0
    26f6:	98 f0       	brcs	.+38     	; 0x271e <__ftoa_engine+0x19a>
    26f8:	23 95       	inc	r18
    26fa:	7e 91       	ld	r23, -X
    26fc:	73 95       	inc	r23
    26fe:	7a 33       	cpi	r23, 0x3A	; 58
    2700:	08 f0       	brcs	.+2      	; 0x2704 <__ftoa_engine+0x180>
    2702:	70 e3       	ldi	r23, 0x30	; 48
    2704:	7c 93       	st	X, r23
    2706:	20 13       	cpse	r18, r16
    2708:	b8 f7       	brcc	.-18     	; 0x26f8 <__ftoa_engine+0x174>
    270a:	7e 91       	ld	r23, -X
    270c:	70 61       	ori	r23, 0x10	; 16
    270e:	7d 93       	st	X+, r23
    2710:	30 f0       	brcs	.+12     	; 0x271e <__ftoa_engine+0x19a>
    2712:	83 95       	inc	r24
    2714:	71 e3       	ldi	r23, 0x31	; 49
    2716:	7d 93       	st	X+, r23
    2718:	70 e3       	ldi	r23, 0x30	; 48
    271a:	2a 95       	dec	r18
    271c:	e1 f7       	brne	.-8      	; 0x2716 <__ftoa_engine+0x192>
    271e:	11 24       	eor	r1, r1
    2720:	ef 90       	pop	r14
    2722:	ff 90       	pop	r15
    2724:	0f 91       	pop	r16
    2726:	1f 91       	pop	r17
    2728:	cf 91       	pop	r28
    272a:	df 91       	pop	r29
    272c:	99 27       	eor	r25, r25
    272e:	87 fd       	sbrc	r24, 7
    2730:	90 95       	com	r25
    2732:	08 95       	ret

00002734 <strnlen_P>:
    2734:	fc 01       	movw	r30, r24
    2736:	05 90       	lpm	r0, Z+
    2738:	61 50       	subi	r22, 0x01	; 1
    273a:	70 40       	sbci	r23, 0x00	; 0
    273c:	01 10       	cpse	r0, r1
    273e:	d8 f7       	brcc	.-10     	; 0x2736 <strnlen_P+0x2>
    2740:	80 95       	com	r24
    2742:	90 95       	com	r25
    2744:	8e 0f       	add	r24, r30
    2746:	9f 1f       	adc	r25, r31
    2748:	08 95       	ret

0000274a <strnlen>:
    274a:	fc 01       	movw	r30, r24
    274c:	61 50       	subi	r22, 0x01	; 1
    274e:	70 40       	sbci	r23, 0x00	; 0
    2750:	01 90       	ld	r0, Z+
    2752:	01 10       	cpse	r0, r1
    2754:	d8 f7       	brcc	.-10     	; 0x274c <strnlen+0x2>
    2756:	80 95       	com	r24
    2758:	90 95       	com	r25
    275a:	8e 0f       	add	r24, r30
    275c:	9f 1f       	adc	r25, r31
    275e:	08 95       	ret

00002760 <fputc>:
    2760:	0f 93       	push	r16
    2762:	1f 93       	push	r17
    2764:	cf 93       	push	r28
    2766:	df 93       	push	r29
    2768:	fb 01       	movw	r30, r22
    276a:	23 81       	ldd	r18, Z+3	; 0x03
    276c:	21 fd       	sbrc	r18, 1
    276e:	03 c0       	rjmp	.+6      	; 0x2776 <fputc+0x16>
    2770:	8f ef       	ldi	r24, 0xFF	; 255
    2772:	9f ef       	ldi	r25, 0xFF	; 255
    2774:	2c c0       	rjmp	.+88     	; 0x27ce <fputc+0x6e>
    2776:	22 ff       	sbrs	r18, 2
    2778:	16 c0       	rjmp	.+44     	; 0x27a6 <fputc+0x46>
    277a:	46 81       	ldd	r20, Z+6	; 0x06
    277c:	57 81       	ldd	r21, Z+7	; 0x07
    277e:	24 81       	ldd	r18, Z+4	; 0x04
    2780:	35 81       	ldd	r19, Z+5	; 0x05
    2782:	42 17       	cp	r20, r18
    2784:	53 07       	cpc	r21, r19
    2786:	44 f4       	brge	.+16     	; 0x2798 <fputc+0x38>
    2788:	a0 81       	ld	r26, Z
    278a:	b1 81       	ldd	r27, Z+1	; 0x01
    278c:	9d 01       	movw	r18, r26
    278e:	2f 5f       	subi	r18, 0xFF	; 255
    2790:	3f 4f       	sbci	r19, 0xFF	; 255
    2792:	20 83       	st	Z, r18
    2794:	31 83       	std	Z+1, r19	; 0x01
    2796:	8c 93       	st	X, r24
    2798:	26 81       	ldd	r18, Z+6	; 0x06
    279a:	37 81       	ldd	r19, Z+7	; 0x07
    279c:	2f 5f       	subi	r18, 0xFF	; 255
    279e:	3f 4f       	sbci	r19, 0xFF	; 255
    27a0:	26 83       	std	Z+6, r18	; 0x06
    27a2:	37 83       	std	Z+7, r19	; 0x07
    27a4:	14 c0       	rjmp	.+40     	; 0x27ce <fputc+0x6e>
    27a6:	8b 01       	movw	r16, r22
    27a8:	ec 01       	movw	r28, r24
    27aa:	fb 01       	movw	r30, r22
    27ac:	00 84       	ldd	r0, Z+8	; 0x08
    27ae:	f1 85       	ldd	r31, Z+9	; 0x09
    27b0:	e0 2d       	mov	r30, r0
    27b2:	19 95       	eicall
    27b4:	89 2b       	or	r24, r25
    27b6:	e1 f6       	brne	.-72     	; 0x2770 <fputc+0x10>
    27b8:	d8 01       	movw	r26, r16
    27ba:	16 96       	adiw	r26, 0x06	; 6
    27bc:	8d 91       	ld	r24, X+
    27be:	9c 91       	ld	r25, X
    27c0:	17 97       	sbiw	r26, 0x07	; 7
    27c2:	01 96       	adiw	r24, 0x01	; 1
    27c4:	16 96       	adiw	r26, 0x06	; 6
    27c6:	8d 93       	st	X+, r24
    27c8:	9c 93       	st	X, r25
    27ca:	17 97       	sbiw	r26, 0x07	; 7
    27cc:	ce 01       	movw	r24, r28
    27ce:	df 91       	pop	r29
    27d0:	cf 91       	pop	r28
    27d2:	1f 91       	pop	r17
    27d4:	0f 91       	pop	r16
    27d6:	08 95       	ret

000027d8 <puts>:
    27d8:	0f 93       	push	r16
    27da:	1f 93       	push	r17
    27dc:	cf 93       	push	r28
    27de:	df 93       	push	r29
    27e0:	e0 91 bf 20 	lds	r30, 0x20BF	; 0x8020bf <__iob+0x2>
    27e4:	f0 91 c0 20 	lds	r31, 0x20C0	; 0x8020c0 <__iob+0x3>
    27e8:	23 81       	ldd	r18, Z+3	; 0x03
    27ea:	21 ff       	sbrs	r18, 1
    27ec:	1b c0       	rjmp	.+54     	; 0x2824 <puts+0x4c>
    27ee:	8c 01       	movw	r16, r24
    27f0:	d0 e0       	ldi	r29, 0x00	; 0
    27f2:	c0 e0       	ldi	r28, 0x00	; 0
    27f4:	f8 01       	movw	r30, r16
    27f6:	81 91       	ld	r24, Z+
    27f8:	8f 01       	movw	r16, r30
    27fa:	60 91 bf 20 	lds	r22, 0x20BF	; 0x8020bf <__iob+0x2>
    27fe:	70 91 c0 20 	lds	r23, 0x20C0	; 0x8020c0 <__iob+0x3>
    2802:	db 01       	movw	r26, r22
    2804:	18 96       	adiw	r26, 0x08	; 8
    2806:	ed 91       	ld	r30, X+
    2808:	fc 91       	ld	r31, X
    280a:	19 97       	sbiw	r26, 0x09	; 9
    280c:	88 23       	and	r24, r24
    280e:	31 f0       	breq	.+12     	; 0x281c <puts+0x44>
    2810:	19 95       	eicall
    2812:	89 2b       	or	r24, r25
    2814:	79 f3       	breq	.-34     	; 0x27f4 <puts+0x1c>
    2816:	df ef       	ldi	r29, 0xFF	; 255
    2818:	cf ef       	ldi	r28, 0xFF	; 255
    281a:	ec cf       	rjmp	.-40     	; 0x27f4 <puts+0x1c>
    281c:	8a e0       	ldi	r24, 0x0A	; 10
    281e:	19 95       	eicall
    2820:	89 2b       	or	r24, r25
    2822:	19 f0       	breq	.+6      	; 0x282a <puts+0x52>
    2824:	8f ef       	ldi	r24, 0xFF	; 255
    2826:	9f ef       	ldi	r25, 0xFF	; 255
    2828:	02 c0       	rjmp	.+4      	; 0x282e <puts+0x56>
    282a:	8d 2f       	mov	r24, r29
    282c:	9c 2f       	mov	r25, r28
    282e:	df 91       	pop	r29
    2830:	cf 91       	pop	r28
    2832:	1f 91       	pop	r17
    2834:	0f 91       	pop	r16
    2836:	08 95       	ret

00002838 <scanf>:
    2838:	cf 93       	push	r28
    283a:	df 93       	push	r29
    283c:	cd b7       	in	r28, 0x3d	; 61
    283e:	de b7       	in	r29, 0x3e	; 62
    2840:	ae 01       	movw	r20, r28
    2842:	4a 5f       	subi	r20, 0xFA	; 250
    2844:	5f 4f       	sbci	r21, 0xFF	; 255
    2846:	fa 01       	movw	r30, r20
    2848:	61 91       	ld	r22, Z+
    284a:	71 91       	ld	r23, Z+
    284c:	af 01       	movw	r20, r30
    284e:	80 91 bd 20 	lds	r24, 0x20BD	; 0x8020bd <__iob>
    2852:	90 91 be 20 	lds	r25, 0x20BE	; 0x8020be <__iob+0x1>
    2856:	0e 94 70 16 	call	0x2ce0	; 0x2ce0 <vfscanf>
    285a:	df 91       	pop	r29
    285c:	cf 91       	pop	r28
    285e:	08 95       	ret

00002860 <sprintf>:
    2860:	0f 93       	push	r16
    2862:	1f 93       	push	r17
    2864:	cf 93       	push	r28
    2866:	df 93       	push	r29
    2868:	cd b7       	in	r28, 0x3d	; 61
    286a:	de b7       	in	r29, 0x3e	; 62
    286c:	2e 97       	sbiw	r28, 0x0e	; 14
    286e:	cd bf       	out	0x3d, r28	; 61
    2870:	de bf       	out	0x3e, r29	; 62
    2872:	0e 89       	ldd	r16, Y+22	; 0x16
    2874:	1f 89       	ldd	r17, Y+23	; 0x17
    2876:	86 e0       	ldi	r24, 0x06	; 6
    2878:	8c 83       	std	Y+4, r24	; 0x04
    287a:	09 83       	std	Y+1, r16	; 0x01
    287c:	1a 83       	std	Y+2, r17	; 0x02
    287e:	8f ef       	ldi	r24, 0xFF	; 255
    2880:	9f e7       	ldi	r25, 0x7F	; 127
    2882:	8d 83       	std	Y+5, r24	; 0x05
    2884:	9e 83       	std	Y+6, r25	; 0x06
    2886:	ae 01       	movw	r20, r28
    2888:	46 5e       	subi	r20, 0xE6	; 230
    288a:	5f 4f       	sbci	r21, 0xFF	; 255
    288c:	68 8d       	ldd	r22, Y+24	; 0x18
    288e:	79 8d       	ldd	r23, Y+25	; 0x19
    2890:	ce 01       	movw	r24, r28
    2892:	01 96       	adiw	r24, 0x01	; 1
    2894:	0e 94 e6 0e 	call	0x1dcc	; 0x1dcc <vfprintf>
    2898:	ef 81       	ldd	r30, Y+7	; 0x07
    289a:	f8 85       	ldd	r31, Y+8	; 0x08
    289c:	e0 0f       	add	r30, r16
    289e:	f1 1f       	adc	r31, r17
    28a0:	10 82       	st	Z, r1
    28a2:	2e 96       	adiw	r28, 0x0e	; 14
    28a4:	cd bf       	out	0x3d, r28	; 61
    28a6:	de bf       	out	0x3e, r29	; 62
    28a8:	df 91       	pop	r29
    28aa:	cf 91       	pop	r28
    28ac:	1f 91       	pop	r17
    28ae:	0f 91       	pop	r16
    28b0:	08 95       	ret

000028b2 <__ultoa_invert>:
    28b2:	fa 01       	movw	r30, r20
    28b4:	aa 27       	eor	r26, r26
    28b6:	28 30       	cpi	r18, 0x08	; 8
    28b8:	51 f1       	breq	.+84     	; 0x290e <__ultoa_invert+0x5c>
    28ba:	20 31       	cpi	r18, 0x10	; 16
    28bc:	81 f1       	breq	.+96     	; 0x291e <__ultoa_invert+0x6c>
    28be:	e8 94       	clt
    28c0:	6f 93       	push	r22
    28c2:	6e 7f       	andi	r22, 0xFE	; 254
    28c4:	6e 5f       	subi	r22, 0xFE	; 254
    28c6:	7f 4f       	sbci	r23, 0xFF	; 255
    28c8:	8f 4f       	sbci	r24, 0xFF	; 255
    28ca:	9f 4f       	sbci	r25, 0xFF	; 255
    28cc:	af 4f       	sbci	r26, 0xFF	; 255
    28ce:	b1 e0       	ldi	r27, 0x01	; 1
    28d0:	3e d0       	rcall	.+124    	; 0x294e <__ultoa_invert+0x9c>
    28d2:	b4 e0       	ldi	r27, 0x04	; 4
    28d4:	3c d0       	rcall	.+120    	; 0x294e <__ultoa_invert+0x9c>
    28d6:	67 0f       	add	r22, r23
    28d8:	78 1f       	adc	r23, r24
    28da:	89 1f       	adc	r24, r25
    28dc:	9a 1f       	adc	r25, r26
    28de:	a1 1d       	adc	r26, r1
    28e0:	68 0f       	add	r22, r24
    28e2:	79 1f       	adc	r23, r25
    28e4:	8a 1f       	adc	r24, r26
    28e6:	91 1d       	adc	r25, r1
    28e8:	a1 1d       	adc	r26, r1
    28ea:	6a 0f       	add	r22, r26
    28ec:	71 1d       	adc	r23, r1
    28ee:	81 1d       	adc	r24, r1
    28f0:	91 1d       	adc	r25, r1
    28f2:	a1 1d       	adc	r26, r1
    28f4:	20 d0       	rcall	.+64     	; 0x2936 <__ultoa_invert+0x84>
    28f6:	09 f4       	brne	.+2      	; 0x28fa <__ultoa_invert+0x48>
    28f8:	68 94       	set
    28fa:	3f 91       	pop	r19
    28fc:	2a e0       	ldi	r18, 0x0A	; 10
    28fe:	26 9f       	mul	r18, r22
    2900:	11 24       	eor	r1, r1
    2902:	30 19       	sub	r19, r0
    2904:	30 5d       	subi	r19, 0xD0	; 208
    2906:	31 93       	st	Z+, r19
    2908:	de f6       	brtc	.-74     	; 0x28c0 <__ultoa_invert+0xe>
    290a:	cf 01       	movw	r24, r30
    290c:	08 95       	ret
    290e:	46 2f       	mov	r20, r22
    2910:	47 70       	andi	r20, 0x07	; 7
    2912:	40 5d       	subi	r20, 0xD0	; 208
    2914:	41 93       	st	Z+, r20
    2916:	b3 e0       	ldi	r27, 0x03	; 3
    2918:	0f d0       	rcall	.+30     	; 0x2938 <__ultoa_invert+0x86>
    291a:	c9 f7       	brne	.-14     	; 0x290e <__ultoa_invert+0x5c>
    291c:	f6 cf       	rjmp	.-20     	; 0x290a <__ultoa_invert+0x58>
    291e:	46 2f       	mov	r20, r22
    2920:	4f 70       	andi	r20, 0x0F	; 15
    2922:	40 5d       	subi	r20, 0xD0	; 208
    2924:	4a 33       	cpi	r20, 0x3A	; 58
    2926:	18 f0       	brcs	.+6      	; 0x292e <__ultoa_invert+0x7c>
    2928:	49 5d       	subi	r20, 0xD9	; 217
    292a:	31 fd       	sbrc	r19, 1
    292c:	40 52       	subi	r20, 0x20	; 32
    292e:	41 93       	st	Z+, r20
    2930:	02 d0       	rcall	.+4      	; 0x2936 <__ultoa_invert+0x84>
    2932:	a9 f7       	brne	.-22     	; 0x291e <__ultoa_invert+0x6c>
    2934:	ea cf       	rjmp	.-44     	; 0x290a <__ultoa_invert+0x58>
    2936:	b4 e0       	ldi	r27, 0x04	; 4
    2938:	a6 95       	lsr	r26
    293a:	97 95       	ror	r25
    293c:	87 95       	ror	r24
    293e:	77 95       	ror	r23
    2940:	67 95       	ror	r22
    2942:	ba 95       	dec	r27
    2944:	c9 f7       	brne	.-14     	; 0x2938 <__ultoa_invert+0x86>
    2946:	00 97       	sbiw	r24, 0x00	; 0
    2948:	61 05       	cpc	r22, r1
    294a:	71 05       	cpc	r23, r1
    294c:	08 95       	ret
    294e:	9b 01       	movw	r18, r22
    2950:	ac 01       	movw	r20, r24
    2952:	0a 2e       	mov	r0, r26
    2954:	06 94       	lsr	r0
    2956:	57 95       	ror	r21
    2958:	47 95       	ror	r20
    295a:	37 95       	ror	r19
    295c:	27 95       	ror	r18
    295e:	ba 95       	dec	r27
    2960:	c9 f7       	brne	.-14     	; 0x2954 <__ultoa_invert+0xa2>
    2962:	62 0f       	add	r22, r18
    2964:	73 1f       	adc	r23, r19
    2966:	84 1f       	adc	r24, r20
    2968:	95 1f       	adc	r25, r21
    296a:	a0 1d       	adc	r26, r0
    296c:	08 95       	ret

0000296e <putval>:
    296e:	20 fd       	sbrc	r18, 0
    2970:	09 c0       	rjmp	.+18     	; 0x2984 <putval+0x16>
    2972:	fc 01       	movw	r30, r24
    2974:	23 fd       	sbrc	r18, 3
    2976:	05 c0       	rjmp	.+10     	; 0x2982 <putval+0x14>
    2978:	22 ff       	sbrs	r18, 2
    297a:	02 c0       	rjmp	.+4      	; 0x2980 <putval+0x12>
    297c:	73 83       	std	Z+3, r23	; 0x03
    297e:	62 83       	std	Z+2, r22	; 0x02
    2980:	51 83       	std	Z+1, r21	; 0x01
    2982:	40 83       	st	Z, r20
    2984:	08 95       	ret

00002986 <mulacc>:
    2986:	44 fd       	sbrc	r20, 4
    2988:	17 c0       	rjmp	.+46     	; 0x29b8 <mulacc+0x32>
    298a:	46 fd       	sbrc	r20, 6
    298c:	17 c0       	rjmp	.+46     	; 0x29bc <mulacc+0x36>
    298e:	ab 01       	movw	r20, r22
    2990:	bc 01       	movw	r22, r24
    2992:	da 01       	movw	r26, r20
    2994:	fb 01       	movw	r30, r22
    2996:	aa 0f       	add	r26, r26
    2998:	bb 1f       	adc	r27, r27
    299a:	ee 1f       	adc	r30, r30
    299c:	ff 1f       	adc	r31, r31
    299e:	10 94       	com	r1
    29a0:	d1 f7       	brne	.-12     	; 0x2996 <mulacc+0x10>
    29a2:	4a 0f       	add	r20, r26
    29a4:	5b 1f       	adc	r21, r27
    29a6:	6e 1f       	adc	r22, r30
    29a8:	7f 1f       	adc	r23, r31
    29aa:	cb 01       	movw	r24, r22
    29ac:	ba 01       	movw	r22, r20
    29ae:	66 0f       	add	r22, r22
    29b0:	77 1f       	adc	r23, r23
    29b2:	88 1f       	adc	r24, r24
    29b4:	99 1f       	adc	r25, r25
    29b6:	09 c0       	rjmp	.+18     	; 0x29ca <mulacc+0x44>
    29b8:	33 e0       	ldi	r19, 0x03	; 3
    29ba:	01 c0       	rjmp	.+2      	; 0x29be <mulacc+0x38>
    29bc:	34 e0       	ldi	r19, 0x04	; 4
    29be:	66 0f       	add	r22, r22
    29c0:	77 1f       	adc	r23, r23
    29c2:	88 1f       	adc	r24, r24
    29c4:	99 1f       	adc	r25, r25
    29c6:	31 50       	subi	r19, 0x01	; 1
    29c8:	d1 f7       	brne	.-12     	; 0x29be <mulacc+0x38>
    29ca:	62 0f       	add	r22, r18
    29cc:	71 1d       	adc	r23, r1
    29ce:	81 1d       	adc	r24, r1
    29d0:	91 1d       	adc	r25, r1
    29d2:	08 95       	ret

000029d4 <skip_spaces>:
    29d4:	0f 93       	push	r16
    29d6:	1f 93       	push	r17
    29d8:	cf 93       	push	r28
    29da:	df 93       	push	r29
    29dc:	8c 01       	movw	r16, r24
    29de:	c8 01       	movw	r24, r16
    29e0:	0e 94 a9 17 	call	0x2f52	; 0x2f52 <fgetc>
    29e4:	ec 01       	movw	r28, r24
    29e6:	97 fd       	sbrc	r25, 7
    29e8:	08 c0       	rjmp	.+16     	; 0x29fa <skip_spaces+0x26>
    29ea:	0e 94 95 17 	call	0x2f2a	; 0x2f2a <isspace>
    29ee:	89 2b       	or	r24, r25
    29f0:	b1 f7       	brne	.-20     	; 0x29de <skip_spaces+0xa>
    29f2:	b8 01       	movw	r22, r16
    29f4:	ce 01       	movw	r24, r28
    29f6:	0e 94 e7 17 	call	0x2fce	; 0x2fce <ungetc>
    29fa:	ce 01       	movw	r24, r28
    29fc:	df 91       	pop	r29
    29fe:	cf 91       	pop	r28
    2a00:	1f 91       	pop	r17
    2a02:	0f 91       	pop	r16
    2a04:	08 95       	ret

00002a06 <conv_int>:
    2a06:	8f 92       	push	r8
    2a08:	9f 92       	push	r9
    2a0a:	af 92       	push	r10
    2a0c:	bf 92       	push	r11
    2a0e:	ef 92       	push	r14
    2a10:	ff 92       	push	r15
    2a12:	0f 93       	push	r16
    2a14:	1f 93       	push	r17
    2a16:	cf 93       	push	r28
    2a18:	df 93       	push	r29
    2a1a:	8c 01       	movw	r16, r24
    2a1c:	d6 2f       	mov	r29, r22
    2a1e:	7a 01       	movw	r14, r20
    2a20:	b2 2e       	mov	r11, r18
    2a22:	0e 94 a9 17 	call	0x2f52	; 0x2f52 <fgetc>
    2a26:	9c 01       	movw	r18, r24
    2a28:	33 27       	eor	r19, r19
    2a2a:	2b 32       	cpi	r18, 0x2B	; 43
    2a2c:	31 05       	cpc	r19, r1
    2a2e:	31 f0       	breq	.+12     	; 0x2a3c <conv_int+0x36>
    2a30:	2d 32       	cpi	r18, 0x2D	; 45
    2a32:	31 05       	cpc	r19, r1
    2a34:	61 f4       	brne	.+24     	; 0x2a4e <conv_int+0x48>
    2a36:	8b 2d       	mov	r24, r11
    2a38:	80 68       	ori	r24, 0x80	; 128
    2a3a:	b8 2e       	mov	r11, r24
    2a3c:	d1 50       	subi	r29, 0x01	; 1
    2a3e:	11 f4       	brne	.+4      	; 0x2a44 <conv_int+0x3e>
    2a40:	80 e0       	ldi	r24, 0x00	; 0
    2a42:	68 c0       	rjmp	.+208    	; 0x2b14 <conv_int+0x10e>
    2a44:	c8 01       	movw	r24, r16
    2a46:	0e 94 a9 17 	call	0x2f52	; 0x2f52 <fgetc>
    2a4a:	97 fd       	sbrc	r25, 7
    2a4c:	f9 cf       	rjmp	.-14     	; 0x2a40 <conv_int+0x3a>
    2a4e:	cb 2d       	mov	r28, r11
    2a50:	cd 7f       	andi	r28, 0xFD	; 253
    2a52:	2b 2d       	mov	r18, r11
    2a54:	20 73       	andi	r18, 0x30	; 48
    2a56:	09 f5       	brne	.+66     	; 0x2a9a <conv_int+0x94>
    2a58:	80 33       	cpi	r24, 0x30	; 48
    2a5a:	f9 f4       	brne	.+62     	; 0x2a9a <conv_int+0x94>
    2a5c:	aa 24       	eor	r10, r10
    2a5e:	aa 94       	dec	r10
    2a60:	ad 0e       	add	r10, r29
    2a62:	09 f4       	brne	.+2      	; 0x2a66 <conv_int+0x60>
    2a64:	43 c0       	rjmp	.+134    	; 0x2aec <conv_int+0xe6>
    2a66:	c8 01       	movw	r24, r16
    2a68:	0e 94 a9 17 	call	0x2f52	; 0x2f52 <fgetc>
    2a6c:	97 fd       	sbrc	r25, 7
    2a6e:	3e c0       	rjmp	.+124    	; 0x2aec <conv_int+0xe6>
    2a70:	9c 01       	movw	r18, r24
    2a72:	2f 7d       	andi	r18, 0xDF	; 223
    2a74:	33 27       	eor	r19, r19
    2a76:	28 35       	cpi	r18, 0x58	; 88
    2a78:	31 05       	cpc	r19, r1
    2a7a:	49 f4       	brne	.+18     	; 0x2a8e <conv_int+0x88>
    2a7c:	c2 64       	ori	r28, 0x42	; 66
    2a7e:	d2 50       	subi	r29, 0x02	; 2
    2a80:	a9 f1       	breq	.+106    	; 0x2aec <conv_int+0xe6>
    2a82:	c8 01       	movw	r24, r16
    2a84:	0e 94 a9 17 	call	0x2f52	; 0x2f52 <fgetc>
    2a88:	97 ff       	sbrs	r25, 7
    2a8a:	07 c0       	rjmp	.+14     	; 0x2a9a <conv_int+0x94>
    2a8c:	2f c0       	rjmp	.+94     	; 0x2aec <conv_int+0xe6>
    2a8e:	b6 fe       	sbrs	r11, 6
    2a90:	02 c0       	rjmp	.+4      	; 0x2a96 <conv_int+0x90>
    2a92:	c2 60       	ori	r28, 0x02	; 2
    2a94:	01 c0       	rjmp	.+2      	; 0x2a98 <conv_int+0x92>
    2a96:	c2 61       	ori	r28, 0x12	; 18
    2a98:	da 2d       	mov	r29, r10
    2a9a:	81 2c       	mov	r8, r1
    2a9c:	91 2c       	mov	r9, r1
    2a9e:	54 01       	movw	r10, r8
    2aa0:	20 ed       	ldi	r18, 0xD0	; 208
    2aa2:	28 0f       	add	r18, r24
    2aa4:	28 30       	cpi	r18, 0x08	; 8
    2aa6:	80 f0       	brcs	.+32     	; 0x2ac8 <conv_int+0xc2>
    2aa8:	c4 ff       	sbrs	r28, 4
    2aaa:	04 c0       	rjmp	.+8      	; 0x2ab4 <conv_int+0xae>
    2aac:	b8 01       	movw	r22, r16
    2aae:	0e 94 e7 17 	call	0x2fce	; 0x2fce <ungetc>
    2ab2:	19 c0       	rjmp	.+50     	; 0x2ae6 <conv_int+0xe0>
    2ab4:	2a 30       	cpi	r18, 0x0A	; 10
    2ab6:	40 f0       	brcs	.+16     	; 0x2ac8 <conv_int+0xc2>
    2ab8:	c6 ff       	sbrs	r28, 6
    2aba:	f8 cf       	rjmp	.-16     	; 0x2aac <conv_int+0xa6>
    2abc:	2f 7d       	andi	r18, 0xDF	; 223
    2abe:	3f ee       	ldi	r19, 0xEF	; 239
    2ac0:	32 0f       	add	r19, r18
    2ac2:	36 30       	cpi	r19, 0x06	; 6
    2ac4:	98 f7       	brcc	.-26     	; 0x2aac <conv_int+0xa6>
    2ac6:	27 50       	subi	r18, 0x07	; 7
    2ac8:	4c 2f       	mov	r20, r28
    2aca:	c5 01       	movw	r24, r10
    2acc:	b4 01       	movw	r22, r8
    2ace:	0e 94 c3 14 	call	0x2986	; 0x2986 <mulacc>
    2ad2:	4b 01       	movw	r8, r22
    2ad4:	5c 01       	movw	r10, r24
    2ad6:	c2 60       	ori	r28, 0x02	; 2
    2ad8:	d1 50       	subi	r29, 0x01	; 1
    2ada:	59 f0       	breq	.+22     	; 0x2af2 <conv_int+0xec>
    2adc:	c8 01       	movw	r24, r16
    2ade:	0e 94 a9 17 	call	0x2f52	; 0x2f52 <fgetc>
    2ae2:	97 ff       	sbrs	r25, 7
    2ae4:	dd cf       	rjmp	.-70     	; 0x2aa0 <conv_int+0x9a>
    2ae6:	c1 fd       	sbrc	r28, 1
    2ae8:	04 c0       	rjmp	.+8      	; 0x2af2 <conv_int+0xec>
    2aea:	aa cf       	rjmp	.-172    	; 0x2a40 <conv_int+0x3a>
    2aec:	81 2c       	mov	r8, r1
    2aee:	91 2c       	mov	r9, r1
    2af0:	54 01       	movw	r10, r8
    2af2:	c7 ff       	sbrs	r28, 7
    2af4:	08 c0       	rjmp	.+16     	; 0x2b06 <conv_int+0x100>
    2af6:	b0 94       	com	r11
    2af8:	a0 94       	com	r10
    2afa:	90 94       	com	r9
    2afc:	80 94       	com	r8
    2afe:	81 1c       	adc	r8, r1
    2b00:	91 1c       	adc	r9, r1
    2b02:	a1 1c       	adc	r10, r1
    2b04:	b1 1c       	adc	r11, r1
    2b06:	2c 2f       	mov	r18, r28
    2b08:	b5 01       	movw	r22, r10
    2b0a:	a4 01       	movw	r20, r8
    2b0c:	c7 01       	movw	r24, r14
    2b0e:	0e 94 b7 14 	call	0x296e	; 0x296e <putval>
    2b12:	81 e0       	ldi	r24, 0x01	; 1
    2b14:	df 91       	pop	r29
    2b16:	cf 91       	pop	r28
    2b18:	1f 91       	pop	r17
    2b1a:	0f 91       	pop	r16
    2b1c:	ff 90       	pop	r15
    2b1e:	ef 90       	pop	r14
    2b20:	bf 90       	pop	r11
    2b22:	af 90       	pop	r10
    2b24:	9f 90       	pop	r9
    2b26:	8f 90       	pop	r8
    2b28:	08 95       	ret

00002b2a <conv_brk>:
    2b2a:	5f 92       	push	r5
    2b2c:	6f 92       	push	r6
    2b2e:	7f 92       	push	r7
    2b30:	8f 92       	push	r8
    2b32:	9f 92       	push	r9
    2b34:	af 92       	push	r10
    2b36:	bf 92       	push	r11
    2b38:	cf 92       	push	r12
    2b3a:	df 92       	push	r13
    2b3c:	ef 92       	push	r14
    2b3e:	ff 92       	push	r15
    2b40:	0f 93       	push	r16
    2b42:	1f 93       	push	r17
    2b44:	cf 93       	push	r28
    2b46:	df 93       	push	r29
    2b48:	cd b7       	in	r28, 0x3d	; 61
    2b4a:	de b7       	in	r29, 0x3e	; 62
    2b4c:	a0 97       	sbiw	r28, 0x20	; 32
    2b4e:	cd bf       	out	0x3d, r28	; 61
    2b50:	de bf       	out	0x3e, r29	; 62
    2b52:	5c 01       	movw	r10, r24
    2b54:	96 2e       	mov	r9, r22
    2b56:	7a 01       	movw	r14, r20
    2b58:	f9 01       	movw	r30, r18
    2b5a:	8e 01       	movw	r16, r28
    2b5c:	0f 5f       	subi	r16, 0xFF	; 255
    2b5e:	1f 4f       	sbci	r17, 0xFF	; 255
    2b60:	68 01       	movw	r12, r16
    2b62:	80 e2       	ldi	r24, 0x20	; 32
    2b64:	d8 01       	movw	r26, r16
    2b66:	1d 92       	st	X+, r1
    2b68:	8a 95       	dec	r24
    2b6a:	e9 f7       	brne	.-6      	; 0x2b66 <conv_brk+0x3c>
    2b6c:	d5 01       	movw	r26, r10
    2b6e:	13 96       	adiw	r26, 0x03	; 3
    2b70:	8c 90       	ld	r8, X
    2b72:	80 e0       	ldi	r24, 0x00	; 0
    2b74:	90 e0       	ldi	r25, 0x00	; 0
    2b76:	61 2c       	mov	r6, r1
    2b78:	71 2c       	mov	r7, r1
    2b7a:	30 e0       	ldi	r19, 0x00	; 0
    2b7c:	61 e0       	ldi	r22, 0x01	; 1
    2b7e:	70 e0       	ldi	r23, 0x00	; 0
    2b80:	83 fc       	sbrc	r8, 3
    2b82:	25 91       	lpm	r18, Z+
    2b84:	83 fe       	sbrs	r8, 3
    2b86:	21 91       	ld	r18, Z+
    2b88:	8f 01       	movw	r16, r30
    2b8a:	52 2e       	mov	r5, r18
    2b8c:	21 11       	cpse	r18, r1
    2b8e:	03 c0       	rjmp	.+6      	; 0x2b96 <conv_brk+0x6c>
    2b90:	80 e0       	ldi	r24, 0x00	; 0
    2b92:	90 e0       	ldi	r25, 0x00	; 0
    2b94:	92 c0       	rjmp	.+292    	; 0x2cba <conv_brk+0x190>
    2b96:	2e 35       	cpi	r18, 0x5E	; 94
    2b98:	11 f4       	brne	.+4      	; 0x2b9e <conv_brk+0x74>
    2b9a:	00 97       	sbiw	r24, 0x00	; 0
    2b9c:	51 f1       	breq	.+84     	; 0x2bf2 <conv_brk+0xc8>
    2b9e:	43 2f       	mov	r20, r19
    2ba0:	50 e0       	ldi	r21, 0x00	; 0
    2ba2:	48 17       	cp	r20, r24
    2ba4:	59 07       	cpc	r21, r25
    2ba6:	3c f4       	brge	.+14     	; 0x2bb6 <conv_brk+0x8c>
    2ba8:	2d 35       	cpi	r18, 0x5D	; 93
    2baa:	59 f1       	breq	.+86     	; 0x2c02 <conv_brk+0xd8>
    2bac:	2d 32       	cpi	r18, 0x2D	; 45
    2bae:	19 f4       	brne	.+6      	; 0x2bb6 <conv_brk+0x8c>
    2bb0:	77 20       	and	r7, r7
    2bb2:	09 f1       	breq	.+66     	; 0x2bf6 <conv_brk+0xcc>
    2bb4:	03 c0       	rjmp	.+6      	; 0x2bbc <conv_brk+0x92>
    2bb6:	77 20       	and	r7, r7
    2bb8:	09 f4       	brne	.+2      	; 0x2bbc <conv_brk+0x92>
    2bba:	6a c0       	rjmp	.+212    	; 0x2c90 <conv_brk+0x166>
    2bbc:	45 2d       	mov	r20, r5
    2bbe:	46 95       	lsr	r20
    2bc0:	46 95       	lsr	r20
    2bc2:	46 95       	lsr	r20
    2bc4:	d6 01       	movw	r26, r12
    2bc6:	a4 0f       	add	r26, r20
    2bc8:	b1 1d       	adc	r27, r1
    2bca:	45 2d       	mov	r20, r5
    2bcc:	47 70       	andi	r20, 0x07	; 7
    2bce:	8b 01       	movw	r16, r22
    2bd0:	02 c0       	rjmp	.+4      	; 0x2bd6 <conv_brk+0xac>
    2bd2:	00 0f       	add	r16, r16
    2bd4:	11 1f       	adc	r17, r17
    2bd6:	4a 95       	dec	r20
    2bd8:	e2 f7       	brpl	.-8      	; 0x2bd2 <conv_brk+0xa8>
    2bda:	a8 01       	movw	r20, r16
    2bdc:	5c 91       	ld	r21, X
    2bde:	45 2b       	or	r20, r21
    2be0:	4c 93       	st	X, r20
    2be2:	65 14       	cp	r6, r5
    2be4:	59 f0       	breq	.+22     	; 0x2bfc <conv_brk+0xd2>
    2be6:	56 14       	cp	r5, r6
    2be8:	10 f4       	brcc	.+4      	; 0x2bee <conv_brk+0xc4>
    2bea:	53 94       	inc	r5
    2bec:	e7 cf       	rjmp	.-50     	; 0x2bbc <conv_brk+0x92>
    2bee:	5a 94       	dec	r5
    2bf0:	e5 cf       	rjmp	.-54     	; 0x2bbc <conv_brk+0x92>
    2bf2:	31 e0       	ldi	r19, 0x01	; 1
    2bf4:	04 c0       	rjmp	.+8      	; 0x2bfe <conv_brk+0xd4>
    2bf6:	77 24       	eor	r7, r7
    2bf8:	73 94       	inc	r7
    2bfa:	01 c0       	rjmp	.+2      	; 0x2bfe <conv_brk+0xd4>
    2bfc:	71 2c       	mov	r7, r1
    2bfe:	01 96       	adiw	r24, 0x01	; 1
    2c00:	bf cf       	rjmp	.-130    	; 0x2b80 <conv_brk+0x56>
    2c02:	77 20       	and	r7, r7
    2c04:	19 f0       	breq	.+6      	; 0x2c0c <conv_brk+0xe2>
    2c06:	8e 81       	ldd	r24, Y+6	; 0x06
    2c08:	80 62       	ori	r24, 0x20	; 32
    2c0a:	8e 83       	std	Y+6, r24	; 0x06
    2c0c:	31 11       	cpse	r19, r1
    2c0e:	03 c0       	rjmp	.+6      	; 0x2c16 <conv_brk+0xec>
    2c10:	88 24       	eor	r8, r8
    2c12:	83 94       	inc	r8
    2c14:	17 c0       	rjmp	.+46     	; 0x2c44 <conv_brk+0x11a>
    2c16:	f6 01       	movw	r30, r12
    2c18:	9e 01       	movw	r18, r28
    2c1a:	2f 5d       	subi	r18, 0xDF	; 223
    2c1c:	3f 4f       	sbci	r19, 0xFF	; 255
    2c1e:	80 81       	ld	r24, Z
    2c20:	80 95       	com	r24
    2c22:	81 93       	st	Z+, r24
    2c24:	2e 17       	cp	r18, r30
    2c26:	3f 07       	cpc	r19, r31
    2c28:	d1 f7       	brne	.-12     	; 0x2c1e <conv_brk+0xf4>
    2c2a:	f2 cf       	rjmp	.-28     	; 0x2c10 <conv_brk+0xe6>
    2c2c:	e1 14       	cp	r14, r1
    2c2e:	f1 04       	cpc	r15, r1
    2c30:	29 f0       	breq	.+10     	; 0x2c3c <conv_brk+0x112>
    2c32:	d7 01       	movw	r26, r14
    2c34:	8c 93       	st	X, r24
    2c36:	f7 01       	movw	r30, r14
    2c38:	31 96       	adiw	r30, 0x01	; 1
    2c3a:	7f 01       	movw	r14, r30
    2c3c:	9a 94       	dec	r9
    2c3e:	81 2c       	mov	r8, r1
    2c40:	99 20       	and	r9, r9
    2c42:	f9 f0       	breq	.+62     	; 0x2c82 <conv_brk+0x158>
    2c44:	c5 01       	movw	r24, r10
    2c46:	0e 94 a9 17 	call	0x2f52	; 0x2f52 <fgetc>
    2c4a:	97 fd       	sbrc	r25, 7
    2c4c:	18 c0       	rjmp	.+48     	; 0x2c7e <conv_brk+0x154>
    2c4e:	fc 01       	movw	r30, r24
    2c50:	ff 27       	eor	r31, r31
    2c52:	23 e0       	ldi	r18, 0x03	; 3
    2c54:	f5 95       	asr	r31
    2c56:	e7 95       	ror	r30
    2c58:	2a 95       	dec	r18
    2c5a:	e1 f7       	brne	.-8      	; 0x2c54 <conv_brk+0x12a>
    2c5c:	ec 0d       	add	r30, r12
    2c5e:	fd 1d       	adc	r31, r13
    2c60:	20 81       	ld	r18, Z
    2c62:	30 e0       	ldi	r19, 0x00	; 0
    2c64:	ac 01       	movw	r20, r24
    2c66:	47 70       	andi	r20, 0x07	; 7
    2c68:	55 27       	eor	r21, r21
    2c6a:	02 c0       	rjmp	.+4      	; 0x2c70 <conv_brk+0x146>
    2c6c:	35 95       	asr	r19
    2c6e:	27 95       	ror	r18
    2c70:	4a 95       	dec	r20
    2c72:	e2 f7       	brpl	.-8      	; 0x2c6c <conv_brk+0x142>
    2c74:	20 fd       	sbrc	r18, 0
    2c76:	da cf       	rjmp	.-76     	; 0x2c2c <conv_brk+0x102>
    2c78:	b5 01       	movw	r22, r10
    2c7a:	0e 94 e7 17 	call	0x2fce	; 0x2fce <ungetc>
    2c7e:	81 10       	cpse	r8, r1
    2c80:	87 cf       	rjmp	.-242    	; 0x2b90 <conv_brk+0x66>
    2c82:	e1 14       	cp	r14, r1
    2c84:	f1 04       	cpc	r15, r1
    2c86:	11 f0       	breq	.+4      	; 0x2c8c <conv_brk+0x162>
    2c88:	d7 01       	movw	r26, r14
    2c8a:	1c 92       	st	X, r1
    2c8c:	c8 01       	movw	r24, r16
    2c8e:	15 c0       	rjmp	.+42     	; 0x2cba <conv_brk+0x190>
    2c90:	42 2f       	mov	r20, r18
    2c92:	46 95       	lsr	r20
    2c94:	46 95       	lsr	r20
    2c96:	46 95       	lsr	r20
    2c98:	d6 01       	movw	r26, r12
    2c9a:	a4 0f       	add	r26, r20
    2c9c:	b1 1d       	adc	r27, r1
    2c9e:	42 2f       	mov	r20, r18
    2ca0:	47 70       	andi	r20, 0x07	; 7
    2ca2:	8b 01       	movw	r16, r22
    2ca4:	02 c0       	rjmp	.+4      	; 0x2caa <conv_brk+0x180>
    2ca6:	00 0f       	add	r16, r16
    2ca8:	11 1f       	adc	r17, r17
    2caa:	4a 95       	dec	r20
    2cac:	e2 f7       	brpl	.-8      	; 0x2ca6 <conv_brk+0x17c>
    2cae:	a8 01       	movw	r20, r16
    2cb0:	5c 91       	ld	r21, X
    2cb2:	45 2b       	or	r20, r21
    2cb4:	4c 93       	st	X, r20
    2cb6:	62 2e       	mov	r6, r18
    2cb8:	a2 cf       	rjmp	.-188    	; 0x2bfe <conv_brk+0xd4>
    2cba:	a0 96       	adiw	r28, 0x20	; 32
    2cbc:	cd bf       	out	0x3d, r28	; 61
    2cbe:	de bf       	out	0x3e, r29	; 62
    2cc0:	df 91       	pop	r29
    2cc2:	cf 91       	pop	r28
    2cc4:	1f 91       	pop	r17
    2cc6:	0f 91       	pop	r16
    2cc8:	ff 90       	pop	r15
    2cca:	ef 90       	pop	r14
    2ccc:	df 90       	pop	r13
    2cce:	cf 90       	pop	r12
    2cd0:	bf 90       	pop	r11
    2cd2:	af 90       	pop	r10
    2cd4:	9f 90       	pop	r9
    2cd6:	8f 90       	pop	r8
    2cd8:	7f 90       	pop	r7
    2cda:	6f 90       	pop	r6
    2cdc:	5f 90       	pop	r5
    2cde:	08 95       	ret

00002ce0 <vfscanf>:
    2ce0:	5f 92       	push	r5
    2ce2:	6f 92       	push	r6
    2ce4:	7f 92       	push	r7
    2ce6:	8f 92       	push	r8
    2ce8:	9f 92       	push	r9
    2cea:	af 92       	push	r10
    2cec:	bf 92       	push	r11
    2cee:	cf 92       	push	r12
    2cf0:	df 92       	push	r13
    2cf2:	ef 92       	push	r14
    2cf4:	ff 92       	push	r15
    2cf6:	0f 93       	push	r16
    2cf8:	1f 93       	push	r17
    2cfa:	cf 93       	push	r28
    2cfc:	df 93       	push	r29
    2cfe:	6c 01       	movw	r12, r24
    2d00:	eb 01       	movw	r28, r22
    2d02:	5a 01       	movw	r10, r20
    2d04:	fc 01       	movw	r30, r24
    2d06:	16 82       	std	Z+6, r1	; 0x06
    2d08:	17 82       	std	Z+7, r1	; 0x07
    2d0a:	51 2c       	mov	r5, r1
    2d0c:	f6 01       	movw	r30, r12
    2d0e:	e3 80       	ldd	r14, Z+3	; 0x03
    2d10:	fe 01       	movw	r30, r28
    2d12:	e3 fc       	sbrc	r14, 3
    2d14:	85 91       	lpm	r24, Z+
    2d16:	e3 fe       	sbrs	r14, 3
    2d18:	81 91       	ld	r24, Z+
    2d1a:	18 2f       	mov	r17, r24
    2d1c:	ef 01       	movw	r28, r30
    2d1e:	88 23       	and	r24, r24
    2d20:	09 f4       	brne	.+2      	; 0x2d24 <vfscanf+0x44>
    2d22:	ee c0       	rjmp	.+476    	; 0x2f00 <vfscanf+0x220>
    2d24:	90 e0       	ldi	r25, 0x00	; 0
    2d26:	0e 94 95 17 	call	0x2f2a	; 0x2f2a <isspace>
    2d2a:	89 2b       	or	r24, r25
    2d2c:	21 f0       	breq	.+8      	; 0x2d36 <vfscanf+0x56>
    2d2e:	c6 01       	movw	r24, r12
    2d30:	0e 94 ea 14 	call	0x29d4	; 0x29d4 <skip_spaces>
    2d34:	eb cf       	rjmp	.-42     	; 0x2d0c <vfscanf+0x2c>
    2d36:	15 32       	cpi	r17, 0x25	; 37
    2d38:	41 f4       	brne	.+16     	; 0x2d4a <vfscanf+0x6a>
    2d3a:	fe 01       	movw	r30, r28
    2d3c:	e3 fc       	sbrc	r14, 3
    2d3e:	15 91       	lpm	r17, Z+
    2d40:	e3 fe       	sbrs	r14, 3
    2d42:	11 91       	ld	r17, Z+
    2d44:	ef 01       	movw	r28, r30
    2d46:	15 32       	cpi	r17, 0x25	; 37
    2d48:	81 f4       	brne	.+32     	; 0x2d6a <vfscanf+0x8a>
    2d4a:	c6 01       	movw	r24, r12
    2d4c:	0e 94 a9 17 	call	0x2f52	; 0x2f52 <fgetc>
    2d50:	97 fd       	sbrc	r25, 7
    2d52:	d4 c0       	rjmp	.+424    	; 0x2efc <vfscanf+0x21c>
    2d54:	41 2f       	mov	r20, r17
    2d56:	50 e0       	ldi	r21, 0x00	; 0
    2d58:	9c 01       	movw	r18, r24
    2d5a:	33 27       	eor	r19, r19
    2d5c:	24 17       	cp	r18, r20
    2d5e:	35 07       	cpc	r19, r21
    2d60:	a9 f2       	breq	.-86     	; 0x2d0c <vfscanf+0x2c>
    2d62:	b6 01       	movw	r22, r12
    2d64:	0e 94 e7 17 	call	0x2fce	; 0x2fce <ungetc>
    2d68:	cb c0       	rjmp	.+406    	; 0x2f00 <vfscanf+0x220>
    2d6a:	1a 32       	cpi	r17, 0x2A	; 42
    2d6c:	39 f4       	brne	.+14     	; 0x2d7c <vfscanf+0x9c>
    2d6e:	e3 fc       	sbrc	r14, 3
    2d70:	15 91       	lpm	r17, Z+
    2d72:	e3 fe       	sbrs	r14, 3
    2d74:	11 91       	ld	r17, Z+
    2d76:	ef 01       	movw	r28, r30
    2d78:	01 e0       	ldi	r16, 0x01	; 1
    2d7a:	01 c0       	rjmp	.+2      	; 0x2d7e <vfscanf+0x9e>
    2d7c:	00 e0       	ldi	r16, 0x00	; 0
    2d7e:	f1 2c       	mov	r15, r1
    2d80:	20 ed       	ldi	r18, 0xD0	; 208
    2d82:	21 0f       	add	r18, r17
    2d84:	2a 30       	cpi	r18, 0x0A	; 10
    2d86:	80 f4       	brcc	.+32     	; 0x2da8 <vfscanf+0xc8>
    2d88:	02 60       	ori	r16, 0x02	; 2
    2d8a:	6f 2d       	mov	r22, r15
    2d8c:	70 e0       	ldi	r23, 0x00	; 0
    2d8e:	80 e0       	ldi	r24, 0x00	; 0
    2d90:	90 e0       	ldi	r25, 0x00	; 0
    2d92:	40 e2       	ldi	r20, 0x20	; 32
    2d94:	0e 94 c3 14 	call	0x2986	; 0x2986 <mulacc>
    2d98:	f6 2e       	mov	r15, r22
    2d9a:	fe 01       	movw	r30, r28
    2d9c:	e3 fc       	sbrc	r14, 3
    2d9e:	15 91       	lpm	r17, Z+
    2da0:	e3 fe       	sbrs	r14, 3
    2da2:	11 91       	ld	r17, Z+
    2da4:	ef 01       	movw	r28, r30
    2da6:	ec cf       	rjmp	.-40     	; 0x2d80 <vfscanf+0xa0>
    2da8:	01 ff       	sbrs	r16, 1
    2daa:	03 c0       	rjmp	.+6      	; 0x2db2 <vfscanf+0xd2>
    2dac:	f1 10       	cpse	r15, r1
    2dae:	03 c0       	rjmp	.+6      	; 0x2db6 <vfscanf+0xd6>
    2db0:	a7 c0       	rjmp	.+334    	; 0x2f00 <vfscanf+0x220>
    2db2:	ff 24       	eor	r15, r15
    2db4:	fa 94       	dec	r15
    2db6:	18 36       	cpi	r17, 0x68	; 104
    2db8:	19 f0       	breq	.+6      	; 0x2dc0 <vfscanf+0xe0>
    2dba:	1c 36       	cpi	r17, 0x6C	; 108
    2dbc:	51 f0       	breq	.+20     	; 0x2dd2 <vfscanf+0xf2>
    2dbe:	10 c0       	rjmp	.+32     	; 0x2de0 <vfscanf+0x100>
    2dc0:	fe 01       	movw	r30, r28
    2dc2:	e3 fc       	sbrc	r14, 3
    2dc4:	15 91       	lpm	r17, Z+
    2dc6:	e3 fe       	sbrs	r14, 3
    2dc8:	11 91       	ld	r17, Z+
    2dca:	ef 01       	movw	r28, r30
    2dcc:	18 36       	cpi	r17, 0x68	; 104
    2dce:	41 f4       	brne	.+16     	; 0x2de0 <vfscanf+0x100>
    2dd0:	08 60       	ori	r16, 0x08	; 8
    2dd2:	04 60       	ori	r16, 0x04	; 4
    2dd4:	fe 01       	movw	r30, r28
    2dd6:	e3 fc       	sbrc	r14, 3
    2dd8:	15 91       	lpm	r17, Z+
    2dda:	e3 fe       	sbrs	r14, 3
    2ddc:	11 91       	ld	r17, Z+
    2dde:	ef 01       	movw	r28, r30
    2de0:	11 23       	and	r17, r17
    2de2:	09 f4       	brne	.+2      	; 0x2de6 <vfscanf+0x106>
    2de4:	8d c0       	rjmp	.+282    	; 0x2f00 <vfscanf+0x220>
    2de6:	61 2f       	mov	r22, r17
    2de8:	70 e0       	ldi	r23, 0x00	; 0
    2dea:	88 e8       	ldi	r24, 0x88	; 136
    2dec:	93 e0       	ldi	r25, 0x03	; 3
    2dee:	0e 94 9e 17 	call	0x2f3c	; 0x2f3c <strchr_P>
    2df2:	89 2b       	or	r24, r25
    2df4:	09 f4       	brne	.+2      	; 0x2df8 <vfscanf+0x118>
    2df6:	84 c0       	rjmp	.+264    	; 0x2f00 <vfscanf+0x220>
    2df8:	00 fd       	sbrc	r16, 0
    2dfa:	07 c0       	rjmp	.+14     	; 0x2e0a <vfscanf+0x12a>
    2dfc:	f5 01       	movw	r30, r10
    2dfe:	80 80       	ld	r8, Z
    2e00:	91 80       	ldd	r9, Z+1	; 0x01
    2e02:	c5 01       	movw	r24, r10
    2e04:	02 96       	adiw	r24, 0x02	; 2
    2e06:	5c 01       	movw	r10, r24
    2e08:	02 c0       	rjmp	.+4      	; 0x2e0e <vfscanf+0x12e>
    2e0a:	81 2c       	mov	r8, r1
    2e0c:	91 2c       	mov	r9, r1
    2e0e:	1e 36       	cpi	r17, 0x6E	; 110
    2e10:	51 f4       	brne	.+20     	; 0x2e26 <vfscanf+0x146>
    2e12:	f6 01       	movw	r30, r12
    2e14:	46 81       	ldd	r20, Z+6	; 0x06
    2e16:	57 81       	ldd	r21, Z+7	; 0x07
    2e18:	60 e0       	ldi	r22, 0x00	; 0
    2e1a:	70 e0       	ldi	r23, 0x00	; 0
    2e1c:	20 2f       	mov	r18, r16
    2e1e:	c4 01       	movw	r24, r8
    2e20:	0e 94 b7 14 	call	0x296e	; 0x296e <putval>
    2e24:	73 cf       	rjmp	.-282    	; 0x2d0c <vfscanf+0x2c>
    2e26:	13 36       	cpi	r17, 0x63	; 99
    2e28:	a9 f4       	brne	.+42     	; 0x2e54 <vfscanf+0x174>
    2e2a:	01 fd       	sbrc	r16, 1
    2e2c:	02 c0       	rjmp	.+4      	; 0x2e32 <vfscanf+0x152>
    2e2e:	ff 24       	eor	r15, r15
    2e30:	f3 94       	inc	r15
    2e32:	c6 01       	movw	r24, r12
    2e34:	0e 94 a9 17 	call	0x2f52	; 0x2f52 <fgetc>
    2e38:	97 fd       	sbrc	r25, 7
    2e3a:	60 c0       	rjmp	.+192    	; 0x2efc <vfscanf+0x21c>
    2e3c:	81 14       	cp	r8, r1
    2e3e:	91 04       	cpc	r9, r1
    2e40:	29 f0       	breq	.+10     	; 0x2e4c <vfscanf+0x16c>
    2e42:	f4 01       	movw	r30, r8
    2e44:	80 83       	st	Z, r24
    2e46:	c4 01       	movw	r24, r8
    2e48:	01 96       	adiw	r24, 0x01	; 1
    2e4a:	4c 01       	movw	r8, r24
    2e4c:	fa 94       	dec	r15
    2e4e:	f1 10       	cpse	r15, r1
    2e50:	f0 cf       	rjmp	.-32     	; 0x2e32 <vfscanf+0x152>
    2e52:	50 c0       	rjmp	.+160    	; 0x2ef4 <vfscanf+0x214>
    2e54:	1b 35       	cpi	r17, 0x5B	; 91
    2e56:	59 f4       	brne	.+22     	; 0x2e6e <vfscanf+0x18e>
    2e58:	9e 01       	movw	r18, r28
    2e5a:	a4 01       	movw	r20, r8
    2e5c:	6f 2d       	mov	r22, r15
    2e5e:	c6 01       	movw	r24, r12
    2e60:	0e 94 95 15 	call	0x2b2a	; 0x2b2a <conv_brk>
    2e64:	ec 01       	movw	r28, r24
    2e66:	89 2b       	or	r24, r25
    2e68:	09 f0       	breq	.+2      	; 0x2e6c <vfscanf+0x18c>
    2e6a:	44 c0       	rjmp	.+136    	; 0x2ef4 <vfscanf+0x214>
    2e6c:	3e c0       	rjmp	.+124    	; 0x2eea <vfscanf+0x20a>
    2e6e:	c6 01       	movw	r24, r12
    2e70:	0e 94 ea 14 	call	0x29d4	; 0x29d4 <skip_spaces>
    2e74:	97 fd       	sbrc	r25, 7
    2e76:	42 c0       	rjmp	.+132    	; 0x2efc <vfscanf+0x21c>
    2e78:	1f 36       	cpi	r17, 0x6F	; 111
    2e7a:	61 f1       	breq	.+88     	; 0x2ed4 <vfscanf+0x1f4>
    2e7c:	28 f4       	brcc	.+10     	; 0x2e88 <vfscanf+0x1a8>
    2e7e:	14 36       	cpi	r17, 0x64	; 100
    2e80:	39 f1       	breq	.+78     	; 0x2ed0 <vfscanf+0x1f0>
    2e82:	19 36       	cpi	r17, 0x69	; 105
    2e84:	51 f1       	breq	.+84     	; 0x2eda <vfscanf+0x1fa>
    2e86:	28 c0       	rjmp	.+80     	; 0x2ed8 <vfscanf+0x1f8>
    2e88:	13 37       	cpi	r17, 0x73	; 115
    2e8a:	71 f0       	breq	.+28     	; 0x2ea8 <vfscanf+0x1c8>
    2e8c:	15 37       	cpi	r17, 0x75	; 117
    2e8e:	01 f1       	breq	.+64     	; 0x2ed0 <vfscanf+0x1f0>
    2e90:	23 c0       	rjmp	.+70     	; 0x2ed8 <vfscanf+0x1f8>
    2e92:	81 14       	cp	r8, r1
    2e94:	91 04       	cpc	r9, r1
    2e96:	29 f0       	breq	.+10     	; 0x2ea2 <vfscanf+0x1c2>
    2e98:	f4 01       	movw	r30, r8
    2e9a:	60 82       	st	Z, r6
    2e9c:	c4 01       	movw	r24, r8
    2e9e:	01 96       	adiw	r24, 0x01	; 1
    2ea0:	4c 01       	movw	r8, r24
    2ea2:	fa 94       	dec	r15
    2ea4:	ff 20       	and	r15, r15
    2ea6:	71 f0       	breq	.+28     	; 0x2ec4 <vfscanf+0x1e4>
    2ea8:	c6 01       	movw	r24, r12
    2eaa:	0e 94 a9 17 	call	0x2f52	; 0x2f52 <fgetc>
    2eae:	3c 01       	movw	r6, r24
    2eb0:	97 fd       	sbrc	r25, 7
    2eb2:	08 c0       	rjmp	.+16     	; 0x2ec4 <vfscanf+0x1e4>
    2eb4:	0e 94 95 17 	call	0x2f2a	; 0x2f2a <isspace>
    2eb8:	89 2b       	or	r24, r25
    2eba:	59 f3       	breq	.-42     	; 0x2e92 <vfscanf+0x1b2>
    2ebc:	b6 01       	movw	r22, r12
    2ebe:	c3 01       	movw	r24, r6
    2ec0:	0e 94 e7 17 	call	0x2fce	; 0x2fce <ungetc>
    2ec4:	81 14       	cp	r8, r1
    2ec6:	91 04       	cpc	r9, r1
    2ec8:	a9 f0       	breq	.+42     	; 0x2ef4 <vfscanf+0x214>
    2eca:	f4 01       	movw	r30, r8
    2ecc:	10 82       	st	Z, r1
    2ece:	12 c0       	rjmp	.+36     	; 0x2ef4 <vfscanf+0x214>
    2ed0:	00 62       	ori	r16, 0x20	; 32
    2ed2:	03 c0       	rjmp	.+6      	; 0x2eda <vfscanf+0x1fa>
    2ed4:	00 61       	ori	r16, 0x10	; 16
    2ed6:	01 c0       	rjmp	.+2      	; 0x2eda <vfscanf+0x1fa>
    2ed8:	00 64       	ori	r16, 0x40	; 64
    2eda:	20 2f       	mov	r18, r16
    2edc:	a4 01       	movw	r20, r8
    2ede:	6f 2d       	mov	r22, r15
    2ee0:	c6 01       	movw	r24, r12
    2ee2:	0e 94 03 15 	call	0x2a06	; 0x2a06 <conv_int>
    2ee6:	81 11       	cpse	r24, r1
    2ee8:	05 c0       	rjmp	.+10     	; 0x2ef4 <vfscanf+0x214>
    2eea:	f6 01       	movw	r30, r12
    2eec:	83 81       	ldd	r24, Z+3	; 0x03
    2eee:	80 73       	andi	r24, 0x30	; 48
    2ef0:	29 f4       	brne	.+10     	; 0x2efc <vfscanf+0x21c>
    2ef2:	06 c0       	rjmp	.+12     	; 0x2f00 <vfscanf+0x220>
    2ef4:	00 fd       	sbrc	r16, 0
    2ef6:	0a cf       	rjmp	.-492    	; 0x2d0c <vfscanf+0x2c>
    2ef8:	53 94       	inc	r5
    2efa:	08 cf       	rjmp	.-496    	; 0x2d0c <vfscanf+0x2c>
    2efc:	55 20       	and	r5, r5
    2efe:	19 f0       	breq	.+6      	; 0x2f06 <vfscanf+0x226>
    2f00:	85 2d       	mov	r24, r5
    2f02:	90 e0       	ldi	r25, 0x00	; 0
    2f04:	02 c0       	rjmp	.+4      	; 0x2f0a <vfscanf+0x22a>
    2f06:	8f ef       	ldi	r24, 0xFF	; 255
    2f08:	9f ef       	ldi	r25, 0xFF	; 255
    2f0a:	df 91       	pop	r29
    2f0c:	cf 91       	pop	r28
    2f0e:	1f 91       	pop	r17
    2f10:	0f 91       	pop	r16
    2f12:	ff 90       	pop	r15
    2f14:	ef 90       	pop	r14
    2f16:	df 90       	pop	r13
    2f18:	cf 90       	pop	r12
    2f1a:	bf 90       	pop	r11
    2f1c:	af 90       	pop	r10
    2f1e:	9f 90       	pop	r9
    2f20:	8f 90       	pop	r8
    2f22:	7f 90       	pop	r7
    2f24:	6f 90       	pop	r6
    2f26:	5f 90       	pop	r5
    2f28:	08 95       	ret

00002f2a <isspace>:
    2f2a:	91 11       	cpse	r25, r1
    2f2c:	0c 94 00 18 	jmp	0x3000	; 0x3000 <__ctype_isfalse>
    2f30:	80 32       	cpi	r24, 0x20	; 32
    2f32:	19 f0       	breq	.+6      	; 0x2f3a <isspace+0x10>
    2f34:	89 50       	subi	r24, 0x09	; 9
    2f36:	85 50       	subi	r24, 0x05	; 5
    2f38:	c8 f7       	brcc	.-14     	; 0x2f2c <isspace+0x2>
    2f3a:	08 95       	ret

00002f3c <strchr_P>:
    2f3c:	fc 01       	movw	r30, r24
    2f3e:	05 90       	lpm	r0, Z+
    2f40:	06 16       	cp	r0, r22
    2f42:	21 f0       	breq	.+8      	; 0x2f4c <strchr_P+0x10>
    2f44:	00 20       	and	r0, r0
    2f46:	d9 f7       	brne	.-10     	; 0x2f3e <strchr_P+0x2>
    2f48:	c0 01       	movw	r24, r0
    2f4a:	08 95       	ret
    2f4c:	31 97       	sbiw	r30, 0x01	; 1
    2f4e:	cf 01       	movw	r24, r30
    2f50:	08 95       	ret

00002f52 <fgetc>:
    2f52:	cf 93       	push	r28
    2f54:	df 93       	push	r29
    2f56:	ec 01       	movw	r28, r24
    2f58:	2b 81       	ldd	r18, Y+3	; 0x03
    2f5a:	20 ff       	sbrs	r18, 0
    2f5c:	33 c0       	rjmp	.+102    	; 0x2fc4 <fgetc+0x72>
    2f5e:	26 ff       	sbrs	r18, 6
    2f60:	0a c0       	rjmp	.+20     	; 0x2f76 <fgetc+0x24>
    2f62:	2f 7b       	andi	r18, 0xBF	; 191
    2f64:	2b 83       	std	Y+3, r18	; 0x03
    2f66:	8e 81       	ldd	r24, Y+6	; 0x06
    2f68:	9f 81       	ldd	r25, Y+7	; 0x07
    2f6a:	01 96       	adiw	r24, 0x01	; 1
    2f6c:	8e 83       	std	Y+6, r24	; 0x06
    2f6e:	9f 83       	std	Y+7, r25	; 0x07
    2f70:	8a 81       	ldd	r24, Y+2	; 0x02
    2f72:	90 e0       	ldi	r25, 0x00	; 0
    2f74:	29 c0       	rjmp	.+82     	; 0x2fc8 <fgetc+0x76>
    2f76:	22 ff       	sbrs	r18, 2
    2f78:	0f c0       	rjmp	.+30     	; 0x2f98 <fgetc+0x46>
    2f7a:	e8 81       	ld	r30, Y
    2f7c:	f9 81       	ldd	r31, Y+1	; 0x01
    2f7e:	80 81       	ld	r24, Z
    2f80:	08 2e       	mov	r0, r24
    2f82:	00 0c       	add	r0, r0
    2f84:	99 0b       	sbc	r25, r25
    2f86:	00 97       	sbiw	r24, 0x00	; 0
    2f88:	19 f4       	brne	.+6      	; 0x2f90 <fgetc+0x3e>
    2f8a:	20 62       	ori	r18, 0x20	; 32
    2f8c:	2b 83       	std	Y+3, r18	; 0x03
    2f8e:	1a c0       	rjmp	.+52     	; 0x2fc4 <fgetc+0x72>
    2f90:	31 96       	adiw	r30, 0x01	; 1
    2f92:	e8 83       	st	Y, r30
    2f94:	f9 83       	std	Y+1, r31	; 0x01
    2f96:	0e c0       	rjmp	.+28     	; 0x2fb4 <fgetc+0x62>
    2f98:	ea 85       	ldd	r30, Y+10	; 0x0a
    2f9a:	fb 85       	ldd	r31, Y+11	; 0x0b
    2f9c:	19 95       	eicall
    2f9e:	97 ff       	sbrs	r25, 7
    2fa0:	09 c0       	rjmp	.+18     	; 0x2fb4 <fgetc+0x62>
    2fa2:	2b 81       	ldd	r18, Y+3	; 0x03
    2fa4:	01 96       	adiw	r24, 0x01	; 1
    2fa6:	11 f0       	breq	.+4      	; 0x2fac <fgetc+0x5a>
    2fa8:	80 e2       	ldi	r24, 0x20	; 32
    2faa:	01 c0       	rjmp	.+2      	; 0x2fae <fgetc+0x5c>
    2fac:	80 e1       	ldi	r24, 0x10	; 16
    2fae:	82 2b       	or	r24, r18
    2fb0:	8b 83       	std	Y+3, r24	; 0x03
    2fb2:	08 c0       	rjmp	.+16     	; 0x2fc4 <fgetc+0x72>
    2fb4:	2e 81       	ldd	r18, Y+6	; 0x06
    2fb6:	3f 81       	ldd	r19, Y+7	; 0x07
    2fb8:	2f 5f       	subi	r18, 0xFF	; 255
    2fba:	3f 4f       	sbci	r19, 0xFF	; 255
    2fbc:	2e 83       	std	Y+6, r18	; 0x06
    2fbe:	3f 83       	std	Y+7, r19	; 0x07
    2fc0:	99 27       	eor	r25, r25
    2fc2:	02 c0       	rjmp	.+4      	; 0x2fc8 <fgetc+0x76>
    2fc4:	8f ef       	ldi	r24, 0xFF	; 255
    2fc6:	9f ef       	ldi	r25, 0xFF	; 255
    2fc8:	df 91       	pop	r29
    2fca:	cf 91       	pop	r28
    2fcc:	08 95       	ret

00002fce <ungetc>:
    2fce:	fb 01       	movw	r30, r22
    2fd0:	23 81       	ldd	r18, Z+3	; 0x03
    2fd2:	20 ff       	sbrs	r18, 0
    2fd4:	12 c0       	rjmp	.+36     	; 0x2ffa <ungetc+0x2c>
    2fd6:	26 fd       	sbrc	r18, 6
    2fd8:	10 c0       	rjmp	.+32     	; 0x2ffa <ungetc+0x2c>
    2fda:	8f 3f       	cpi	r24, 0xFF	; 255
    2fdc:	3f ef       	ldi	r19, 0xFF	; 255
    2fde:	93 07       	cpc	r25, r19
    2fe0:	61 f0       	breq	.+24     	; 0x2ffa <ungetc+0x2c>
    2fe2:	82 83       	std	Z+2, r24	; 0x02
    2fe4:	2f 7d       	andi	r18, 0xDF	; 223
    2fe6:	20 64       	ori	r18, 0x40	; 64
    2fe8:	23 83       	std	Z+3, r18	; 0x03
    2fea:	26 81       	ldd	r18, Z+6	; 0x06
    2fec:	37 81       	ldd	r19, Z+7	; 0x07
    2fee:	21 50       	subi	r18, 0x01	; 1
    2ff0:	31 09       	sbc	r19, r1
    2ff2:	26 83       	std	Z+6, r18	; 0x06
    2ff4:	37 83       	std	Z+7, r19	; 0x07
    2ff6:	99 27       	eor	r25, r25
    2ff8:	08 95       	ret
    2ffa:	8f ef       	ldi	r24, 0xFF	; 255
    2ffc:	9f ef       	ldi	r25, 0xFF	; 255
    2ffe:	08 95       	ret

00003000 <__ctype_isfalse>:
    3000:	99 27       	eor	r25, r25
    3002:	88 27       	eor	r24, r24

00003004 <__ctype_istrue>:
    3004:	08 95       	ret

00003006 <_exit>:
    3006:	f8 94       	cli

00003008 <__stop_program>:
    3008:	ff cf       	rjmp	.-2      	; 0x3008 <__stop_program>
