
Linebot.elf:     file format elf32-avr

Sections:
Idx Name          Size      VMA       LMA       File off  Algn
  0 .text         00002fbe  00000000  00000000  00000094  2**1
                  CONTENTS, ALLOC, LOAD, READONLY, CODE
  1 .data         000003b0  00802000  00002fbe  00003052  2**0
                  CONTENTS, ALLOC, LOAD, DATA
  2 .bss          000000cc  008023b0  008023b0  00003402  2**0
                  ALLOC
  3 .comment      0000008c  00000000  00000000  00003402  2**0
                  CONTENTS, READONLY
  4 .note.gnu.avr.deviceinfo 00000040  00000000  00000000  00003490  2**2
                  CONTENTS, READONLY
  5 .debug_aranges 00000448  00000000  00000000  000034d0  2**0
                  CONTENTS, READONLY, DEBUGGING
  6 .debug_info   00009732  00000000  00000000  00003918  2**0
                  CONTENTS, READONLY, DEBUGGING
  7 .debug_abbrev 00003d6c  00000000  00000000  0000d04a  2**0
                  CONTENTS, READONLY, DEBUGGING
  8 .debug_line   00003739  00000000  00000000  00010db6  2**0
                  CONTENTS, READONLY, DEBUGGING
  9 .debug_frame  00000cbc  00000000  00000000  000144f0  2**2
                  CONTENTS, READONLY, DEBUGGING
 10 .debug_str    00003a06  00000000  00000000  000151ac  2**0
                  CONTENTS, READONLY, DEBUGGING
 11 .debug_loc    00004e89  00000000  00000000  00018bb2  2**0
                  CONTENTS, READONLY, DEBUGGING
 12 .debug_ranges 000005d8  00000000  00000000  0001da3b  2**0
                  CONTENTS, READONLY, DEBUGGING

Disassembly of section .text:

00000000 <__vectors>:
       0:	0c 94 89 01 	jmp	0x312	; 0x312 <__ctors_end>
       4:	0c 94 aa 01 	jmp	0x354	; 0x354 <__bad_interrupt>
       8:	0c 94 aa 01 	jmp	0x354	; 0x354 <__bad_interrupt>
       c:	0c 94 aa 01 	jmp	0x354	; 0x354 <__bad_interrupt>
      10:	0c 94 aa 01 	jmp	0x354	; 0x354 <__bad_interrupt>
      14:	0c 94 aa 01 	jmp	0x354	; 0x354 <__bad_interrupt>
      18:	0c 94 aa 01 	jmp	0x354	; 0x354 <__bad_interrupt>
      1c:	0c 94 aa 01 	jmp	0x354	; 0x354 <__bad_interrupt>
      20:	0c 94 aa 01 	jmp	0x354	; 0x354 <__bad_interrupt>
      24:	0c 94 aa 01 	jmp	0x354	; 0x354 <__bad_interrupt>
      28:	0c 94 aa 01 	jmp	0x354	; 0x354 <__bad_interrupt>
      2c:	0c 94 aa 01 	jmp	0x354	; 0x354 <__bad_interrupt>
      30:	0c 94 aa 01 	jmp	0x354	; 0x354 <__bad_interrupt>
      34:	0c 94 aa 01 	jmp	0x354	; 0x354 <__bad_interrupt>
      38:	0c 94 5b 05 	jmp	0xab6	; 0xab6 <__vector_14>
      3c:	0c 94 aa 01 	jmp	0x354	; 0x354 <__bad_interrupt>
      40:	0c 94 cf 05 	jmp	0xb9e	; 0xb9e <__vector_16>
      44:	0c 94 aa 01 	jmp	0x354	; 0x354 <__bad_interrupt>
      48:	0c 94 aa 01 	jmp	0x354	; 0x354 <__bad_interrupt>
      4c:	0c 94 aa 01 	jmp	0x354	; 0x354 <__bad_interrupt>
      50:	0c 94 aa 01 	jmp	0x354	; 0x354 <__bad_interrupt>
      54:	0c 94 aa 01 	jmp	0x354	; 0x354 <__bad_interrupt>
      58:	0c 94 aa 01 	jmp	0x354	; 0x354 <__bad_interrupt>
      5c:	0c 94 aa 01 	jmp	0x354	; 0x354 <__bad_interrupt>
      60:	0c 94 aa 01 	jmp	0x354	; 0x354 <__bad_interrupt>
      64:	0c 94 aa 01 	jmp	0x354	; 0x354 <__bad_interrupt>
      68:	0c 94 aa 01 	jmp	0x354	; 0x354 <__bad_interrupt>
      6c:	0c 94 aa 01 	jmp	0x354	; 0x354 <__bad_interrupt>
      70:	0c 94 aa 01 	jmp	0x354	; 0x354 <__bad_interrupt>
      74:	0c 94 aa 01 	jmp	0x354	; 0x354 <__bad_interrupt>
      78:	0c 94 aa 01 	jmp	0x354	; 0x354 <__bad_interrupt>
      7c:	0c 94 aa 01 	jmp	0x354	; 0x354 <__bad_interrupt>
      80:	0c 94 aa 01 	jmp	0x354	; 0x354 <__bad_interrupt>
      84:	0c 94 aa 01 	jmp	0x354	; 0x354 <__bad_interrupt>
      88:	0c 94 aa 01 	jmp	0x354	; 0x354 <__bad_interrupt>
      8c:	0c 94 aa 01 	jmp	0x354	; 0x354 <__bad_interrupt>
      90:	0c 94 aa 01 	jmp	0x354	; 0x354 <__bad_interrupt>
      94:	0c 94 aa 01 	jmp	0x354	; 0x354 <__bad_interrupt>
      98:	0c 94 aa 01 	jmp	0x354	; 0x354 <__bad_interrupt>
      9c:	0c 94 aa 01 	jmp	0x354	; 0x354 <__bad_interrupt>
      a0:	0c 94 aa 01 	jmp	0x354	; 0x354 <__bad_interrupt>
      a4:	0c 94 aa 01 	jmp	0x354	; 0x354 <__bad_interrupt>
      a8:	0c 94 aa 01 	jmp	0x354	; 0x354 <__bad_interrupt>
      ac:	0c 94 aa 01 	jmp	0x354	; 0x354 <__bad_interrupt>
      b0:	0c 94 aa 01 	jmp	0x354	; 0x354 <__bad_interrupt>
      b4:	0c 94 aa 01 	jmp	0x354	; 0x354 <__bad_interrupt>
      b8:	0c 94 c5 02 	jmp	0x58a	; 0x58a <__vector_46>
      bc:	0c 94 aa 01 	jmp	0x354	; 0x354 <__bad_interrupt>
      c0:	0c 94 aa 01 	jmp	0x354	; 0x354 <__bad_interrupt>
      c4:	0c 94 aa 01 	jmp	0x354	; 0x354 <__bad_interrupt>
      c8:	0c 94 aa 01 	jmp	0x354	; 0x354 <__bad_interrupt>
      cc:	0c 94 aa 01 	jmp	0x354	; 0x354 <__bad_interrupt>
      d0:	0c 94 aa 01 	jmp	0x354	; 0x354 <__bad_interrupt>
      d4:	0c 94 aa 01 	jmp	0x354	; 0x354 <__bad_interrupt>
      d8:	0c 94 aa 01 	jmp	0x354	; 0x354 <__bad_interrupt>
      dc:	0c 94 aa 01 	jmp	0x354	; 0x354 <__bad_interrupt>
      e0:	0c 94 aa 01 	jmp	0x354	; 0x354 <__bad_interrupt>
      e4:	0c 94 aa 01 	jmp	0x354	; 0x354 <__bad_interrupt>
      e8:	0c 94 aa 01 	jmp	0x354	; 0x354 <__bad_interrupt>
      ec:	0c 94 aa 01 	jmp	0x354	; 0x354 <__bad_interrupt>
      f0:	0c 94 aa 01 	jmp	0x354	; 0x354 <__bad_interrupt>
      f4:	0c 94 aa 01 	jmp	0x354	; 0x354 <__bad_interrupt>
      f8:	0c 94 aa 01 	jmp	0x354	; 0x354 <__bad_interrupt>
      fc:	0c 94 aa 01 	jmp	0x354	; 0x354 <__bad_interrupt>
     100:	0c 94 aa 01 	jmp	0x354	; 0x354 <__bad_interrupt>
     104:	0c 94 aa 01 	jmp	0x354	; 0x354 <__bad_interrupt>
     108:	0c 94 aa 01 	jmp	0x354	; 0x354 <__bad_interrupt>
     10c:	0c 94 aa 01 	jmp	0x354	; 0x354 <__bad_interrupt>
     110:	0c 94 aa 01 	jmp	0x354	; 0x354 <__bad_interrupt>
     114:	0c 94 aa 01 	jmp	0x354	; 0x354 <__bad_interrupt>
     118:	0c 94 aa 01 	jmp	0x354	; 0x354 <__bad_interrupt>
     11c:	0c 94 aa 01 	jmp	0x354	; 0x354 <__bad_interrupt>
     120:	0c 94 aa 01 	jmp	0x354	; 0x354 <__bad_interrupt>
     124:	0c 94 aa 01 	jmp	0x354	; 0x354 <__bad_interrupt>
     128:	0c 94 aa 01 	jmp	0x354	; 0x354 <__bad_interrupt>
     12c:	0c 94 aa 01 	jmp	0x354	; 0x354 <__bad_interrupt>
     130:	0c 94 aa 01 	jmp	0x354	; 0x354 <__bad_interrupt>
     134:	0c 94 aa 01 	jmp	0x354	; 0x354 <__bad_interrupt>
     138:	0c 94 aa 01 	jmp	0x354	; 0x354 <__bad_interrupt>
     13c:	0c 94 aa 01 	jmp	0x354	; 0x354 <__bad_interrupt>
     140:	0c 94 aa 01 	jmp	0x354	; 0x354 <__bad_interrupt>
     144:	0c 94 aa 01 	jmp	0x354	; 0x354 <__bad_interrupt>
     148:	0c 94 aa 01 	jmp	0x354	; 0x354 <__bad_interrupt>
     14c:	0c 94 aa 01 	jmp	0x354	; 0x354 <__bad_interrupt>
     150:	0c 94 aa 01 	jmp	0x354	; 0x354 <__bad_interrupt>
     154:	0c 94 aa 01 	jmp	0x354	; 0x354 <__bad_interrupt>
     158:	0c 94 aa 01 	jmp	0x354	; 0x354 <__bad_interrupt>
     15c:	0c 94 aa 01 	jmp	0x354	; 0x354 <__bad_interrupt>
     160:	0c 94 aa 01 	jmp	0x354	; 0x354 <__bad_interrupt>
     164:	0c 94 aa 01 	jmp	0x354	; 0x354 <__bad_interrupt>
     168:	0c 94 aa 01 	jmp	0x354	; 0x354 <__bad_interrupt>
     16c:	0c 94 aa 01 	jmp	0x354	; 0x354 <__bad_interrupt>
     170:	0c 94 aa 01 	jmp	0x354	; 0x354 <__bad_interrupt>
     174:	0c 94 aa 01 	jmp	0x354	; 0x354 <__bad_interrupt>
     178:	0c 94 aa 01 	jmp	0x354	; 0x354 <__bad_interrupt>
     17c:	0c 94 aa 01 	jmp	0x354	; 0x354 <__bad_interrupt>
     180:	0c 94 aa 01 	jmp	0x354	; 0x354 <__bad_interrupt>
     184:	0c 94 aa 01 	jmp	0x354	; 0x354 <__bad_interrupt>
     188:	0c 94 aa 01 	jmp	0x354	; 0x354 <__bad_interrupt>
     18c:	0c 94 aa 01 	jmp	0x354	; 0x354 <__bad_interrupt>
     190:	0c 94 aa 01 	jmp	0x354	; 0x354 <__bad_interrupt>
     194:	0c 94 aa 01 	jmp	0x354	; 0x354 <__bad_interrupt>
     198:	0c 94 aa 01 	jmp	0x354	; 0x354 <__bad_interrupt>
     19c:	0c 94 aa 01 	jmp	0x354	; 0x354 <__bad_interrupt>
     1a0:	0c 94 aa 01 	jmp	0x354	; 0x354 <__bad_interrupt>
     1a4:	0c 94 aa 01 	jmp	0x354	; 0x354 <__bad_interrupt>
     1a8:	0c 94 aa 01 	jmp	0x354	; 0x354 <__bad_interrupt>
     1ac:	0c 94 aa 01 	jmp	0x354	; 0x354 <__bad_interrupt>
     1b0:	0c 94 aa 01 	jmp	0x354	; 0x354 <__bad_interrupt>
     1b4:	0c 94 aa 01 	jmp	0x354	; 0x354 <__bad_interrupt>
     1b8:	0c 94 aa 01 	jmp	0x354	; 0x354 <__bad_interrupt>
     1bc:	0c 94 aa 01 	jmp	0x354	; 0x354 <__bad_interrupt>
     1c0:	0c 94 aa 01 	jmp	0x354	; 0x354 <__bad_interrupt>
     1c4:	0c 94 aa 01 	jmp	0x354	; 0x354 <__bad_interrupt>
     1c8:	0c 94 aa 01 	jmp	0x354	; 0x354 <__bad_interrupt>
     1cc:	0c 94 aa 01 	jmp	0x354	; 0x354 <__bad_interrupt>
     1d0:	0c 94 aa 01 	jmp	0x354	; 0x354 <__bad_interrupt>
     1d4:	0c 94 aa 01 	jmp	0x354	; 0x354 <__bad_interrupt>
     1d8:	0c 94 aa 01 	jmp	0x354	; 0x354 <__bad_interrupt>
     1dc:	0c 94 aa 01 	jmp	0x354	; 0x354 <__bad_interrupt>
     1e0:	0c 94 aa 01 	jmp	0x354	; 0x354 <__bad_interrupt>
     1e4:	0c 94 aa 01 	jmp	0x354	; 0x354 <__bad_interrupt>
     1e8:	0c 94 aa 01 	jmp	0x354	; 0x354 <__bad_interrupt>
     1ec:	0c 94 aa 01 	jmp	0x354	; 0x354 <__bad_interrupt>
     1f0:	0c 94 aa 01 	jmp	0x354	; 0x354 <__bad_interrupt>
     1f4:	0c 94 aa 01 	jmp	0x354	; 0x354 <__bad_interrupt>
     1f8:	0c 94 aa 01 	jmp	0x354	; 0x354 <__bad_interrupt>

000001fc <__trampolines_start>:
     1fc:	0c 94 06 03 	jmp	0x60c	; 0x60c <stdio_putchar>
     200:	0c 94 2e 06 	jmp	0xc5c	; 0xc5c <prvIdleTask>
     204:	0c 94 3a 0d 	jmp	0x1a74	; 0x1a74 <cmpfunc>
     208:	0c 94 8d 0e 	jmp	0x1d1a	; 0x1d1a <WorkerMemTask>
     20c:	0c 94 12 03 	jmp	0x624	; 0x624 <stdio_getchar>

00000210 <__trampolines_end>:
     210:	6e 61       	ori	r22, 0x1E	; 30
     212:	6e 00       	.word	0x006e	; ????

00000214 <__c.2332>:
     214:	69 6e 66 00 00 40 7a 10 f3 5a 00 a0 72 4e 18 09     inf..@z..Z..rN..
     224:	00 10 a5 d4 e8 00 00 e8 76 48 17 00 00 e4 0b 54     ........vH.....T
     234:	02 00 00 ca 9a 3b 00 00 00 e1 f5 05 00 00 80 96     .....;..........
     244:	98 00 00 00 40 42 0f 00 00 00 a0 86 01 00 00 00     ....@B..........
     254:	10 27 00 00 00 00 e8 03 00 00 00 00 64 00 00 00     .'..........d...
     264:	00 00 0a 00 00 00 00 00 01 00 00 00 00 00 2c 76     ..............,v
     274:	d8 88 dc 67 4f 08 23 df c1 df ae 59 e1 b1 b7 96     ...gO.#....Y....
     284:	e5 e3 e4 53 c6 3a e6 51 99 76 96 e8 e6 c2 84 26     ...S.:.Q.v.....&
     294:	eb 89 8c 9b 62 ed 40 7c 6f fc ef bc 9c 9f 40 f2     ....b.@|o.....@.
     2a4:	ba a5 6f a5 f4 90 05 5a 2a f7 5c 93 6b 6c f9 67     ..o....Z*.\.kl.g
     2b4:	6d c1 1b fc e0 e4 0d 47 fe f5 20 e6 b5 00 d0 ed     m......G.. .....
     2c4:	90 2e 03 00 94 35 77 05 00 80 84 1e 08 00 00 20     .....5w........ 
     2d4:	4e 0a 00 00 00 c8 0c 33 33 33 33 0f 98 6e 12 83     N......3333..n..
     2e4:	11 41 ef 8d 21 14 89 3b e6 55 16 cf fe e6 db 18     .A..!..;.U......
     2f4:	d1 84 4b 38 1b f7 7c 1d 90 1d a4 bb e4 24 20 32     ..K8..|......$ 2
     304:	84 72 5e 22 81 00 c9 f1 24 ec a1 e5 3d 27           .r^"....$...='

00000312 <__ctors_end>:
     312:	11 24       	eor	r1, r1
     314:	1f be       	out	0x3f, r1	; 63
     316:	cf ef       	ldi	r28, 0xFF	; 255
     318:	cd bf       	out	0x3d, r28	; 61
     31a:	df e9       	ldi	r29, 0x9F	; 159
     31c:	de bf       	out	0x3e, r29	; 62
     31e:	00 e0       	ldi	r16, 0x00	; 0
     320:	0c bf       	out	0x3c, r16	; 60

00000322 <__do_copy_data>:
     322:	13 e2       	ldi	r17, 0x23	; 35
     324:	a0 e0       	ldi	r26, 0x00	; 0
     326:	b0 e2       	ldi	r27, 0x20	; 32
     328:	ee eb       	ldi	r30, 0xBE	; 190
     32a:	ff e2       	ldi	r31, 0x2F	; 47
     32c:	00 e0       	ldi	r16, 0x00	; 0
     32e:	0b bf       	out	0x3b, r16	; 59
     330:	02 c0       	rjmp	.+4      	; 0x336 <__do_copy_data+0x14>
     332:	07 90       	elpm	r0, Z+
     334:	0d 92       	st	X+, r0
     336:	a0 3b       	cpi	r26, 0xB0	; 176
     338:	b1 07       	cpc	r27, r17
     33a:	d9 f7       	brne	.-10     	; 0x332 <__do_copy_data+0x10>

0000033c <__do_clear_bss>:
     33c:	24 e2       	ldi	r18, 0x24	; 36
     33e:	a0 eb       	ldi	r26, 0xB0	; 176
     340:	b3 e2       	ldi	r27, 0x23	; 35
     342:	01 c0       	rjmp	.+2      	; 0x346 <.do_clear_bss_start>

00000344 <.do_clear_bss_loop>:
     344:	1d 92       	st	X+, r1

00000346 <.do_clear_bss_start>:
     346:	ac 37       	cpi	r26, 0x7C	; 124
     348:	b2 07       	cpc	r27, r18
     34a:	e1 f7       	brne	.-8      	; 0x344 <.do_clear_bss_loop>
     34c:	0e 94 f4 0c 	call	0x19e8	; 0x19e8 <main>
     350:	0c 94 dd 17 	jmp	0x2fba	; 0x2fba <_exit>

00000354 <__bad_interrupt>:
     354:	0c 94 00 00 	jmp	0	; 0x0 <__vectors>

00000358 <DbgPrint>:
#include "DriverDbgUSART.h"


void DbgPrint(char *Text)
{
     358:	dc 01       	movw	r26, r24
}

void DbgPrintn(char *Text,int n)
{
	static int i;
	i=0;
     35a:	10 92 b3 23 	sts	0x23B3, r1	; 0x8023b3 <i.3624>
     35e:	10 92 b4 23 	sts	0x23B4, r1	; 0x8023b4 <i.3624+0x1>
	while (*Text!=0 && (i<n || n==0))
     362:	9c 91       	ld	r25, X
     364:	99 23       	and	r25, r25
     366:	b1 f0       	breq	.+44     	; 0x394 <DbgPrint+0x3c>
     368:	fd 01       	movw	r30, r26
     36a:	31 96       	adiw	r30, 0x01	; 1
	{
		USART.DATA = *Text;
		while (!(USART.STATUS & 0b01000000));
		USART.STATUS=0b01000000;
     36c:	80 e4       	ldi	r24, 0x40	; 64
{
	static int i;
	i=0;
	while (*Text!=0 && (i<n || n==0))
	{
		USART.DATA = *Text;
     36e:	90 93 a0 0a 	sts	0x0AA0, r25	; 0x800aa0 <__TEXT_REGION_LENGTH__+0x700aa0>
		while (!(USART.STATUS & 0b01000000));
     372:	90 91 a1 0a 	lds	r25, 0x0AA1	; 0x800aa1 <__TEXT_REGION_LENGTH__+0x700aa1>
     376:	96 ff       	sbrs	r25, 6
     378:	fc cf       	rjmp	.-8      	; 0x372 <DbgPrint+0x1a>
		USART.STATUS=0b01000000;
     37a:	80 93 a1 0a 	sts	0x0AA1, r24	; 0x800aa1 <__TEXT_REGION_LENGTH__+0x700aa1>
     37e:	9f 01       	movw	r18, r30
     380:	2a 1b       	sub	r18, r26
     382:	3b 0b       	sbc	r19, r27

void DbgPrintn(char *Text,int n)
{
	static int i;
	i=0;
	while (*Text!=0 && (i<n || n==0))
     384:	91 91       	ld	r25, Z+
     386:	91 11       	cpse	r25, r1
     388:	f2 cf       	rjmp	.-28     	; 0x36e <DbgPrint+0x16>
     38a:	20 93 b3 23 	sts	0x23B3, r18	; 0x8023b3 <i.3624>
     38e:	30 93 b4 23 	sts	0x23B4, r19	; 0x8023b4 <i.3624+0x1>
     392:	08 95       	ret
     394:	08 95       	ret

00000396 <DbgPrintn>:
{
	DbgPrintn(Text,0);	
}

void DbgPrintn(char *Text,int n)
{
     396:	fc 01       	movw	r30, r24
	static int i;
	i=0;
     398:	10 92 b3 23 	sts	0x23B3, r1	; 0x8023b3 <i.3624>
     39c:	10 92 b4 23 	sts	0x23B4, r1	; 0x8023b4 <i.3624+0x1>
	while (*Text!=0 && (i<n || n==0))
     3a0:	90 81       	ld	r25, Z
     3a2:	99 23       	and	r25, r25
     3a4:	e1 f0       	breq	.+56     	; 0x3de <DbgPrintn+0x48>
     3a6:	31 96       	adiw	r30, 0x01	; 1
     3a8:	20 e0       	ldi	r18, 0x00	; 0
     3aa:	30 e0       	ldi	r19, 0x00	; 0
	{
		USART.DATA = *Text;
		while (!(USART.STATUS & 0b01000000));
		USART.STATUS=0b01000000;
     3ac:	80 e4       	ldi	r24, 0x40	; 64

void DbgPrintn(char *Text,int n)
{
	static int i;
	i=0;
	while (*Text!=0 && (i<n || n==0))
     3ae:	26 17       	cp	r18, r22
     3b0:	37 07       	cpc	r19, r23
     3b2:	1c f0       	brlt	.+6      	; 0x3ba <DbgPrintn+0x24>
     3b4:	61 15       	cp	r22, r1
     3b6:	71 05       	cpc	r23, r1
     3b8:	69 f4       	brne	.+26     	; 0x3d4 <DbgPrintn+0x3e>
	{
		USART.DATA = *Text;
     3ba:	90 93 a0 0a 	sts	0x0AA0, r25	; 0x800aa0 <__TEXT_REGION_LENGTH__+0x700aa0>
		while (!(USART.STATUS & 0b01000000));
     3be:	90 91 a1 0a 	lds	r25, 0x0AA1	; 0x800aa1 <__TEXT_REGION_LENGTH__+0x700aa1>
     3c2:	96 ff       	sbrs	r25, 6
     3c4:	fc cf       	rjmp	.-8      	; 0x3be <DbgPrintn+0x28>
		USART.STATUS=0b01000000;
     3c6:	80 93 a1 0a 	sts	0x0AA1, r24	; 0x800aa1 <__TEXT_REGION_LENGTH__+0x700aa1>
		Text++;
		i++;
     3ca:	2f 5f       	subi	r18, 0xFF	; 255
     3cc:	3f 4f       	sbci	r19, 0xFF	; 255

void DbgPrintn(char *Text,int n)
{
	static int i;
	i=0;
	while (*Text!=0 && (i<n || n==0))
     3ce:	91 91       	ld	r25, Z+
     3d0:	91 11       	cpse	r25, r1
     3d2:	ed cf       	rjmp	.-38     	; 0x3ae <DbgPrintn+0x18>
     3d4:	20 93 b3 23 	sts	0x23B3, r18	; 0x8023b3 <i.3624>
     3d8:	30 93 b4 23 	sts	0x23B4, r19	; 0x8023b4 <i.3624+0x1>
     3dc:	08 95       	ret
     3de:	08 95       	ret

000003e0 <DbgPrintInt>:
		i++;
	}
}

void DbgPrintInt(uint16_t Data)
{
     3e0:	cf 92       	push	r12
     3e2:	df 92       	push	r13
     3e4:	ef 92       	push	r14
     3e6:	ff 92       	push	r15
     3e8:	0f 93       	push	r16
     3ea:	1f 93       	push	r17
     3ec:	cf 93       	push	r28
     3ee:	df 93       	push	r29
     3f0:	7c 01       	movw	r14, r24
	//Use statics to minimize stack usage
	static int i;
	static uint8_t pf;
	
	i=10000;
     3f2:	80 e1       	ldi	r24, 0x10	; 16
     3f4:	97 e2       	ldi	r25, 0x27	; 39
     3f6:	80 93 b1 23 	sts	0x23B1, r24	; 0x8023b1 <i.3634>
     3fa:	90 93 b2 23 	sts	0x23B2, r25	; 0x8023b2 <i.3634+0x1>
	pf=0;
     3fe:	10 92 b0 23 	sts	0x23B0, r1	; 0x8023b0 <__data_end>
     402:	c5 e0       	ldi	r28, 0x05	; 5
     404:	d0 e0       	ldi	r29, 0x00	; 0
     406:	c1 2c       	mov	r12, r1
     408:	e0 e1       	ldi	r30, 0x10	; 16
     40a:	f7 e2       	ldi	r31, 0x27	; 39
	{
		if (((Data/i)%10)!=0 || pf) //Trim leading 0's
		{
			USART.DATA = '0'+ ((Data/i)%10);
			while (!(USART.STATUS & 0b01000000));
			USART.STATUS=0b01000000;
     40c:	a0 e4       	ldi	r26, 0x40	; 64
     40e:	da 2e       	mov	r13, r26
			pf=1;		
		}
		i/=10;
     410:	0a e0       	ldi	r16, 0x0A	; 10
     412:	10 e0       	ldi	r17, 0x00	; 0
	
	i=10000;
	pf=0;
	while (i>0)
	{
		if (((Data/i)%10)!=0 || pf) //Trim leading 0's
     414:	c7 01       	movw	r24, r14
     416:	bf 01       	movw	r22, r30
     418:	0e 94 a4 12 	call	0x2548	; 0x2548 <__udivmodhi4>
     41c:	ab 01       	movw	r20, r22
     41e:	9b 01       	movw	r18, r22
     420:	ad ec       	ldi	r26, 0xCD	; 205
     422:	bc ec       	ldi	r27, 0xCC	; 204
     424:	0e 94 cc 12 	call	0x2598	; 0x2598 <__umulhisi3>
     428:	96 95       	lsr	r25
     42a:	87 95       	ror	r24
     42c:	96 95       	lsr	r25
     42e:	87 95       	ror	r24
     430:	96 95       	lsr	r25
     432:	87 95       	ror	r24
     434:	9c 01       	movw	r18, r24
     436:	22 0f       	add	r18, r18
     438:	33 1f       	adc	r19, r19
     43a:	88 0f       	add	r24, r24
     43c:	99 1f       	adc	r25, r25
     43e:	88 0f       	add	r24, r24
     440:	99 1f       	adc	r25, r25
     442:	88 0f       	add	r24, r24
     444:	99 1f       	adc	r25, r25
     446:	82 0f       	add	r24, r18
     448:	93 1f       	adc	r25, r19
     44a:	9a 01       	movw	r18, r20
     44c:	28 1b       	sub	r18, r24
     44e:	39 0b       	sbc	r19, r25
     450:	c9 01       	movw	r24, r18
     452:	00 97       	sbiw	r24, 0x00	; 0
     454:	11 f4       	brne	.+4      	; 0x45a <__LOCK_REGION_LENGTH__+0x5a>
     456:	cc 20       	and	r12, r12
     458:	59 f0       	breq	.+22     	; 0x470 <__LOCK_REGION_LENGTH__+0x70>
		{
			USART.DATA = '0'+ ((Data/i)%10);
     45a:	80 5d       	subi	r24, 0xD0	; 208
     45c:	80 93 a0 0a 	sts	0x0AA0, r24	; 0x800aa0 <__TEXT_REGION_LENGTH__+0x700aa0>
			while (!(USART.STATUS & 0b01000000));
     460:	80 91 a1 0a 	lds	r24, 0x0AA1	; 0x800aa1 <__TEXT_REGION_LENGTH__+0x700aa1>
     464:	86 ff       	sbrs	r24, 6
     466:	fc cf       	rjmp	.-8      	; 0x460 <__LOCK_REGION_LENGTH__+0x60>
			USART.STATUS=0b01000000;
     468:	d0 92 a1 0a 	sts	0x0AA1, r13	; 0x800aa1 <__TEXT_REGION_LENGTH__+0x700aa1>
			pf=1;		
     46c:	cc 24       	eor	r12, r12
     46e:	c3 94       	inc	r12
		}
		i/=10;
     470:	cf 01       	movw	r24, r30
     472:	b8 01       	movw	r22, r16
     474:	0e 94 b8 12 	call	0x2570	; 0x2570 <__divmodhi4>
     478:	fb 01       	movw	r30, r22
     47a:	21 97       	sbiw	r28, 0x01	; 1
	static int i;
	static uint8_t pf;
	
	i=10000;
	pf=0;
	while (i>0)
     47c:	59 f6       	brne	.-106    	; 0x414 <__LOCK_REGION_LENGTH__+0x14>
     47e:	c0 92 b0 23 	sts	0x23B0, r12	; 0x8023b0 <__data_end>
     482:	60 93 b1 23 	sts	0x23B1, r22	; 0x8023b1 <i.3634>
     486:	70 93 b2 23 	sts	0x23B2, r23	; 0x8023b2 <i.3634+0x1>
			USART.STATUS=0b01000000;
			pf=1;		
		}
		i/=10;
	}
}
     48a:	df 91       	pop	r29
     48c:	cf 91       	pop	r28
     48e:	1f 91       	pop	r17
     490:	0f 91       	pop	r16
     492:	ff 90       	pop	r15
     494:	ef 90       	pop	r14
     496:	df 90       	pop	r13
     498:	cf 90       	pop	r12
     49a:	08 95       	ret

0000049c <DriverSysClkXtalInit>:
    // Clock setup          
    if (F_XTAL<400E3) return -1; //Invalid frequency
    if (F_XTAL<=2E6) OSC.XOSCCTRL=0b00001011; //Select <2 Mhz XTAL osc, max startup time
    else if(F_XTAL<=9E6) OSC.XOSCCTRL=0b01001011; //Select <2 Mhz XTAL osc, max startup time 
    else if(F_XTAL<=12E6) OSC.XOSCCTRL=0b10001011; //Select <2 Mhz XTAL osc, max startup time 
    else if(F_XTAL<=16E6) OSC.XOSCCTRL=0b11001011; //Select <2 Mhz XTAL osc, max startup time 
     49c:	8b ec       	ldi	r24, 0xCB	; 203
     49e:	80 93 52 00 	sts	0x0052, r24	; 0x800052 <__TEXT_REGION_LENGTH__+0x700052>
    else return -1; //Invalid frequency
    OSC.CTRL=0b01000; //Enable oscillator
     4a2:	88 e0       	ldi	r24, 0x08	; 8
     4a4:	80 93 50 00 	sts	0x0050, r24	; 0x800050 <__TEXT_REGION_LENGTH__+0x700050>
    
	//Wait until XTAL osc is ready
    while (!(OSC.STATUS&0b1000)); 
     4a8:	80 91 51 00 	lds	r24, 0x0051	; 0x800051 <__TEXT_REGION_LENGTH__+0x700051>
     4ac:	83 ff       	sbrs	r24, 3
     4ae:	fc cf       	rjmp	.-8      	; 0x4a8 <DriverSysClkXtalInit+0xc>
	{
		//Configure PLL
		Mult=F_CPU/F_XTAL;
		if (Mult>31) return -1; //Invalid frequency; too high
		if (F_XTAL * (uint32_t) Mult !=F_CPU) return -1; //Only supports whole dividers
		OSC.PLLCTRL=0b11000000 | (Mult);
     4b0:	82 ec       	ldi	r24, 0xC2	; 194
     4b2:	80 93 55 00 	sts	0x0055, r24	; 0x800055 <__TEXT_REGION_LENGTH__+0x700055>
		OSC.CTRL=0b00011000; //Enable PLL
     4b6:	88 e1       	ldi	r24, 0x18	; 24
     4b8:	80 93 50 00 	sts	0x0050, r24	; 0x800050 <__TEXT_REGION_LENGTH__+0x700050>
		
		//Wait until PLL is ready
		while (!(OSC.STATUS & 0b00010000));
     4bc:	80 91 51 00 	lds	r24, 0x0051	; 0x800051 <__TEXT_REGION_LENGTH__+0x700051>
     4c0:	84 ff       	sbrs	r24, 4
     4c2:	fc cf       	rjmp	.-8      	; 0x4bc <DriverSysClkXtalInit+0x20>
		
		//Select PLL as system CLK source
		CCP=0xd8;
     4c4:	88 ed       	ldi	r24, 0xD8	; 216
     4c6:	84 bf       	out	0x34, r24	; 52
		CLK.CTRL=0b100;
     4c8:	84 e0       	ldi	r24, 0x04	; 4
     4ca:	80 93 40 00 	sts	0x0040, r24	; 0x800040 <__TEXT_REGION_LENGTH__+0x700040>
	}
	return 0;
}
     4ce:	80 e0       	ldi	r24, 0x00	; 0
     4d0:	08 95       	ret

000004d2 <TWIMWriteHandler>:
}

void TWIMTransactionFinished( uint8_t result)
{
	Twim_result = result;
	Twim_status = TWIM_STATUS_READY;
     4d2:	90 91 b9 23 	lds	r25, 0x23B9	; 0x8023b9 <Twim_bytesToWrite>
     4d6:	20 91 b8 23 	lds	r18, 0x23B8	; 0x8023b8 <Twim_bytesToRead>
     4da:	80 91 a4 04 	lds	r24, 0x04A4	; 0x8004a4 <__TEXT_REGION_LENGTH__+0x7004a4>
     4de:	84 fd       	sbrc	r24, 4
     4e0:	08 c0       	rjmp	.+16     	; 0x4f2 <TWIMWriteHandler+0x20>
     4e2:	80 91 b7 23 	lds	r24, 0x23B7	; 0x8023b7 <Twim_bytesWritten>
     4e6:	89 17       	cp	r24, r25
     4e8:	50 f0       	brcs	.+20     	; 0x4fe <TWIMWriteHandler+0x2c>
     4ea:	80 91 b6 23 	lds	r24, 0x23B6	; 0x8023b6 <Twim_bytesRead>
     4ee:	82 17       	cp	r24, r18
     4f0:	b8 f0       	brcs	.+46     	; 0x520 <TWIMWriteHandler+0x4e>
     4f2:	83 e0       	ldi	r24, 0x03	; 3
     4f4:	80 93 a3 04 	sts	0x04A3, r24	; 0x8004a3 <__TEXT_REGION_LENGTH__+0x7004a3>
     4f8:	10 92 b5 23 	sts	0x23B5, r1	; 0x8023b5 <Twim_status>
     4fc:	08 95       	ret
     4fe:	80 91 b7 23 	lds	r24, 0x23B7	; 0x8023b7 <Twim_bytesWritten>
     502:	e0 91 bc 23 	lds	r30, 0x23BC	; 0x8023bc <Twim_writeData>
     506:	f0 91 bd 23 	lds	r31, 0x23BD	; 0x8023bd <Twim_writeData+0x1>
     50a:	e8 0f       	add	r30, r24
     50c:	f1 1d       	adc	r31, r1
     50e:	80 81       	ld	r24, Z
     510:	80 93 a7 04 	sts	0x04A7, r24	; 0x8004a7 <__TEXT_REGION_LENGTH__+0x7004a7>
     514:	80 91 b7 23 	lds	r24, 0x23B7	; 0x8023b7 <Twim_bytesWritten>
     518:	8f 5f       	subi	r24, 0xFF	; 255
     51a:	80 93 b7 23 	sts	0x23B7, r24	; 0x8023b7 <Twim_bytesWritten>
     51e:	08 95       	ret
     520:	80 91 be 23 	lds	r24, 0x23BE	; 0x8023be <Twim_address>
     524:	81 60       	ori	r24, 0x01	; 1
     526:	80 93 a6 04 	sts	0x04A6, r24	; 0x8004a6 <__TEXT_REGION_LENGTH__+0x7004a6>
     52a:	08 95       	ret

0000052c <TWIMReadHandler>:
     52c:	80 91 b6 23 	lds	r24, 0x23B6	; 0x8023b6 <Twim_bytesRead>
     530:	80 32       	cpi	r24, 0x20	; 32
     532:	e0 f4       	brcc	.+56     	; 0x56c <TWIMReadHandler+0x40>
     534:	80 91 a7 04 	lds	r24, 0x04A7	; 0x8004a7 <__TEXT_REGION_LENGTH__+0x7004a7>
     538:	90 91 b6 23 	lds	r25, 0x23B6	; 0x8023b6 <Twim_bytesRead>
     53c:	e0 91 ba 23 	lds	r30, 0x23BA	; 0x8023ba <Twim_readData>
     540:	f0 91 bb 23 	lds	r31, 0x23BB	; 0x8023bb <Twim_readData+0x1>
     544:	e9 0f       	add	r30, r25
     546:	f1 1d       	adc	r31, r1
     548:	80 83       	st	Z, r24
     54a:	80 91 b6 23 	lds	r24, 0x23B6	; 0x8023b6 <Twim_bytesRead>
     54e:	8f 5f       	subi	r24, 0xFF	; 255
     550:	80 93 b6 23 	sts	0x23B6, r24	; 0x8023b6 <Twim_bytesRead>
     554:	90 91 b8 23 	lds	r25, 0x23B8	; 0x8023b8 <Twim_bytesToRead>
     558:	80 91 b6 23 	lds	r24, 0x23B6	; 0x8023b6 <Twim_bytesRead>
     55c:	89 17       	cp	r24, r25
     55e:	88 f0       	brcs	.+34     	; 0x582 <TWIMReadHandler+0x56>
     560:	87 e0       	ldi	r24, 0x07	; 7
     562:	80 93 a3 04 	sts	0x04A3, r24	; 0x8004a3 <__TEXT_REGION_LENGTH__+0x7004a3>
     566:	10 92 b5 23 	sts	0x23B5, r1	; 0x8023b5 <Twim_status>
     56a:	08 95       	ret
     56c:	83 e0       	ldi	r24, 0x03	; 3
     56e:	80 93 a3 04 	sts	0x04A3, r24	; 0x8004a3 <__TEXT_REGION_LENGTH__+0x7004a3>
     572:	10 92 b5 23 	sts	0x23B5, r1	; 0x8023b5 <Twim_status>
     576:	90 91 b8 23 	lds	r25, 0x23B8	; 0x8023b8 <Twim_bytesToRead>
     57a:	80 91 b6 23 	lds	r24, 0x23B6	; 0x8023b6 <Twim_bytesRead>
     57e:	89 17       	cp	r24, r25
     580:	78 f7       	brcc	.-34     	; 0x560 <TWIMReadHandler+0x34>
     582:	82 e0       	ldi	r24, 0x02	; 2
     584:	80 93 a3 04 	sts	0x04A3, r24	; 0x8004a3 <__TEXT_REGION_LENGTH__+0x7004a3>
     588:	08 95       	ret

0000058a <__vector_46>:
}

ISR (TWIM_BUS_vect)
{
     58a:	1f 92       	push	r1
     58c:	0f 92       	push	r0
     58e:	0f b6       	in	r0, 0x3f	; 63
     590:	0f 92       	push	r0
     592:	11 24       	eor	r1, r1
     594:	0b b6       	in	r0, 0x3b	; 59
     596:	0f 92       	push	r0
     598:	2f 93       	push	r18
     59a:	3f 93       	push	r19
     59c:	4f 93       	push	r20
     59e:	5f 93       	push	r21
     5a0:	6f 93       	push	r22
     5a2:	7f 93       	push	r23
     5a4:	8f 93       	push	r24
     5a6:	9f 93       	push	r25
     5a8:	af 93       	push	r26
     5aa:	bf 93       	push	r27
     5ac:	ef 93       	push	r30
     5ae:	ff 93       	push	r31
	uint8_t currentStatus = TWIM_BUS.MASTER.STATUS;
     5b0:	80 91 a4 04 	lds	r24, 0x04A4	; 0x8004a4 <__TEXT_REGION_LENGTH__+0x7004a4>

	/* If arbitration lost or bus error. */
	if ((currentStatus & TWI_MASTER_ARBLOST_bm) ||
     5b4:	98 2f       	mov	r25, r24
     5b6:	9c 70       	andi	r25, 0x0C	; 12
     5b8:	39 f4       	brne	.+14     	; 0x5c8 <__vector_46+0x3e>

		TWIMArbitrationLostBusErrorHandler();
	}

	/* If master write interrupt. */
	else if (currentStatus & TWI_MASTER_WIF_bm) {
     5ba:	86 fd       	sbrc	r24, 6
     5bc:	21 c0       	rjmp	.+66     	; 0x600 <__vector_46+0x76>
		TWIMWriteHandler();
	}

	/* If master read interrupt. */
	else if (currentStatus & TWI_MASTER_RIF_bm) {
     5be:	87 fd       	sbrc	r24, 7
     5c0:	22 c0       	rjmp	.+68     	; 0x606 <__vector_46+0x7c>
}

void TWIMTransactionFinished( uint8_t result)
{
	Twim_result = result;
	Twim_status = TWIM_STATUS_READY;
     5c2:	10 92 b5 23 	sts	0x23B5, r1	; 0x8023b5 <Twim_status>
     5c6:	07 c0       	rjmp	.+14     	; 0x5d6 <__vector_46+0x4c>
	}
}

void TWIMArbitrationLostBusErrorHandler()
{
	uint8_t currentStatus = TWIM_BUS.MASTER.STATUS;
     5c8:	80 91 a4 04 	lds	r24, 0x04A4	; 0x8004a4 <__TEXT_REGION_LENGTH__+0x7004a4>
	else {
		Twim_result = TWIM_RESULT_ARBITRATION_LOST;
	}

	/* Clear interrupt flag. */
	TWIM_BUS.MASTER.STATUS = currentStatus | TWI_MASTER_ARBLOST_bm;
     5cc:	88 60       	ori	r24, 0x08	; 8
     5ce:	80 93 a4 04 	sts	0x04A4, r24	; 0x8004a4 <__TEXT_REGION_LENGTH__+0x7004a4>

	Twim_status = TWIM_STATUS_READY;
     5d2:	10 92 b5 23 	sts	0x23B5, r1	; 0x8023b5 <Twim_status>
	/* If unexpected state. */
	else {
		TWIMTransactionFinished(TWIM_RESULT_FAIL);
	}
	
	if (Twim_status == TWIM_STATUS_READY) //Transaction finished
     5d6:	80 91 b5 23 	lds	r24, 0x23B5	; 0x8023b5 <Twim_status>
	{	
	}
}
     5da:	ff 91       	pop	r31
     5dc:	ef 91       	pop	r30
     5de:	bf 91       	pop	r27
     5e0:	af 91       	pop	r26
     5e2:	9f 91       	pop	r25
     5e4:	8f 91       	pop	r24
     5e6:	7f 91       	pop	r23
     5e8:	6f 91       	pop	r22
     5ea:	5f 91       	pop	r21
     5ec:	4f 91       	pop	r20
     5ee:	3f 91       	pop	r19
     5f0:	2f 91       	pop	r18
     5f2:	0f 90       	pop	r0
     5f4:	0b be       	out	0x3b, r0	; 59
     5f6:	0f 90       	pop	r0
     5f8:	0f be       	out	0x3f, r0	; 63
     5fa:	0f 90       	pop	r0
     5fc:	1f 90       	pop	r1
     5fe:	18 95       	reti
		TWIMArbitrationLostBusErrorHandler();
	}

	/* If master write interrupt. */
	else if (currentStatus & TWI_MASTER_WIF_bm) {
		TWIMWriteHandler();
     600:	0e 94 69 02 	call	0x4d2	; 0x4d2 <TWIMWriteHandler>
     604:	e8 cf       	rjmp	.-48     	; 0x5d6 <__vector_46+0x4c>
	}

	/* If master read interrupt. */
	else if (currentStatus & TWI_MASTER_RIF_bm) {
		TWIMReadHandler();
     606:	0e 94 96 02 	call	0x52c	; 0x52c <TWIMReadHandler>
     60a:	e5 cf       	rjmp	.-54     	; 0x5d6 <__vector_46+0x4c>

0000060c <stdio_putchar>:
}


static int stdio_putchar(char c, FILE * stream)
{
	USART.DATA = c;
     60c:	80 93 a0 0a 	sts	0x0AA0, r24	; 0x800aa0 <__TEXT_REGION_LENGTH__+0x700aa0>
	while (!(USART.STATUS & 0b01000000));
     610:	80 91 a1 0a 	lds	r24, 0x0AA1	; 0x800aa1 <__TEXT_REGION_LENGTH__+0x700aa1>
     614:	86 ff       	sbrs	r24, 6
     616:	fc cf       	rjmp	.-8      	; 0x610 <stdio_putchar+0x4>
	USART.STATUS=0b01000000;
     618:	80 e4       	ldi	r24, 0x40	; 64
     61a:	80 93 a1 0a 	sts	0x0AA1, r24	; 0x800aa1 <__TEXT_REGION_LENGTH__+0x700aa1>
	return 0;
}
     61e:	80 e0       	ldi	r24, 0x00	; 0
     620:	90 e0       	ldi	r25, 0x00	; 0
     622:	08 95       	ret

00000624 <stdio_getchar>:
	
static int stdio_getchar(FILE *stream)
{
	while (!(USART.STATUS & 0b10000000));
     624:	80 91 a1 0a 	lds	r24, 0x0AA1	; 0x800aa1 <__TEXT_REGION_LENGTH__+0x700aa1>
     628:	87 ff       	sbrs	r24, 7
     62a:	fc cf       	rjmp	.-8      	; 0x624 <stdio_getchar>
	return USART.DATA;
     62c:	80 91 a0 0a 	lds	r24, 0x0AA0	; 0x800aa0 <__TEXT_REGION_LENGTH__+0x700aa0>
}
     630:	90 e0       	ldi	r25, 0x00	; 0
     632:	08 95       	ret

00000634 <DriverUSARTInit>:
static int stdio_getchar(FILE *stream);
static FILE UsartStdio = FDEV_SETUP_STREAM(stdio_putchar, stdio_getchar,_FDEV_SETUP_RW);

void DriverUSARTInit(void)
{
	USART_PORT.DIRSET=0b00001000;	
     634:	e0 e8       	ldi	r30, 0x80	; 128
     636:	f6 e0       	ldi	r31, 0x06	; 6
     638:	88 e0       	ldi	r24, 0x08	; 8
     63a:	81 83       	std	Z+1, r24	; 0x01
	USART_PORT.DIRCLR=0b00000100;
     63c:	84 e0       	ldi	r24, 0x04	; 4
     63e:	82 83       	std	Z+2, r24	; 0x02
	
	USART.CTRLA=0b00000000;
     640:	e0 ea       	ldi	r30, 0xA0	; 160
     642:	fa e0       	ldi	r31, 0x0A	; 10
     644:	13 82       	std	Z+3, r1	; 0x03
	USART.CTRLB=0b00011000;
     646:	88 e1       	ldi	r24, 0x18	; 24
     648:	84 83       	std	Z+4, r24	; 0x04
	USART.CTRLC=0b00000011;	
     64a:	83 e0       	ldi	r24, 0x03	; 3
     64c:	85 83       	std	Z+5, r24	; 0x05
	
	USART.BAUDCTRLA=0xE5; //BSEL=3301, BSCALE=-5 19200 baud
     64e:	85 ee       	ldi	r24, 0xE5	; 229
     650:	86 83       	std	Z+6, r24	; 0x06
	USART.BAUDCTRLB=0xBC; 
     652:	8c eb       	ldi	r24, 0xBC	; 188
     654:	87 83       	std	Z+7, r24	; 0x07
	
	stdout=&UsartStdio;
     656:	e6 e7       	ldi	r30, 0x76	; 118
     658:	f4 e2       	ldi	r31, 0x24	; 36
     65a:	86 e0       	ldi	r24, 0x06	; 6
     65c:	90 e2       	ldi	r25, 0x20	; 32
     65e:	82 83       	std	Z+2, r24	; 0x02
     660:	93 83       	std	Z+3, r25	; 0x03
	stdin=&UsartStdio;
     662:	80 83       	st	Z, r24
     664:	91 83       	std	Z+1, r25	; 0x01
     666:	08 95       	ret

00000668 <pvPortMalloc>:
	pxIterator->pxNextFreeBlock = pxBlockToInsert;									\
}
/*-----------------------------------------------------------*/

void *pvPortMalloc( size_t xWantedSize )
{
     668:	0f 93       	push	r16
     66a:	1f 93       	push	r17
     66c:	cf 93       	push	r28
     66e:	df 93       	push	r29
     670:	ec 01       	movw	r28, r24
BlockLink_t *pxBlock, *pxPreviousBlock, *pxNewBlockLink;
static BaseType_t xHeapHasBeenInitialised = pdFALSE;
void *pvReturn = NULL;

	vTaskSuspendAll();
     672:	0e 94 65 09 	call	0x12ca	; 0x12ca <vTaskSuspendAll>
	{
		/* If this is the first call to malloc then the heap will require
		initialisation to setup the list of free blocks. */
		if( xHeapHasBeenInitialised == pdFALSE )
     676:	80 91 bf 23 	lds	r24, 0x23BF	; 0x8023bf <xHeapHasBeenInitialised.4125>
     67a:	81 11       	cpse	r24, r1
     67c:	21 c0       	rjmp	.+66     	; 0x6c0 <pvPortMalloc+0x58>
{
BlockLink_t *pxFirstFreeBlock;
uint8_t *pucAlignedHeap;

	/* Ensure the heap starts on a correctly aligned boundary. */
	pucAlignedHeap = ( uint8_t * ) ( ( ( portPOINTER_SIZE_TYPE ) &ucHeap[ portBYTE_ALIGNMENT ] ) & ( ~( ( portPOINTER_SIZE_TYPE ) portBYTE_ALIGNMENT_MASK ) ) );
     67e:	e0 91 70 24 	lds	r30, 0x2470	; 0x802470 <ucHeap>
     682:	f0 91 71 24 	lds	r31, 0x2471	; 0x802471 <ucHeap+0x1>

	/* xStart is used to hold a pointer to the first item in the list of free
	blocks.  The void cast is used to prevent compiler warnings. */
	xStart.pxNextFreeBlock = ( void * ) pucAlignedHeap;
     686:	cf 01       	movw	r24, r30
     688:	01 96       	adiw	r24, 0x01	; 1
     68a:	80 93 c4 23 	sts	0x23C4, r24	; 0x8023c4 <xStart>
     68e:	90 93 c5 23 	sts	0x23C5, r25	; 0x8023c5 <xStart+0x1>
	xStart.xBlockSize = ( size_t ) 0;
     692:	10 92 c6 23 	sts	0x23C6, r1	; 0x8023c6 <xStart+0x2>
     696:	10 92 c7 23 	sts	0x23C7, r1	; 0x8023c7 <xStart+0x3>

	/* xEnd is used to mark the end of the list of free blocks. */
	xEnd.xBlockSize = configADJUSTED_HEAP_SIZE;
     69a:	8f ef       	ldi	r24, 0xFF	; 255
     69c:	9f e3       	ldi	r25, 0x3F	; 63
     69e:	80 93 c2 23 	sts	0x23C2, r24	; 0x8023c2 <xEnd+0x2>
     6a2:	90 93 c3 23 	sts	0x23C3, r25	; 0x8023c3 <xEnd+0x3>
	xEnd.pxNextFreeBlock = NULL;
     6a6:	10 92 c0 23 	sts	0x23C0, r1	; 0x8023c0 <xEnd>
     6aa:	10 92 c1 23 	sts	0x23C1, r1	; 0x8023c1 <xEnd+0x1>

	/* To start with there is a single free block that is sized to take up the
	entire heap space. */
	pxFirstFreeBlock = ( void * ) pucAlignedHeap;
	pxFirstFreeBlock->xBlockSize = configADJUSTED_HEAP_SIZE;
     6ae:	83 83       	std	Z+3, r24	; 0x03
     6b0:	94 83       	std	Z+4, r25	; 0x04
	pxFirstFreeBlock->pxNextFreeBlock = &xEnd;
     6b2:	80 ec       	ldi	r24, 0xC0	; 192
     6b4:	93 e2       	ldi	r25, 0x23	; 35
     6b6:	81 83       	std	Z+1, r24	; 0x01
     6b8:	92 83       	std	Z+2, r25	; 0x02
		/* If this is the first call to malloc then the heap will require
		initialisation to setup the list of free blocks. */
		if( xHeapHasBeenInitialised == pdFALSE )
		{
			prvHeapInit();
			xHeapHasBeenInitialised = pdTRUE;
     6ba:	81 e0       	ldi	r24, 0x01	; 1
     6bc:	80 93 bf 23 	sts	0x23BF, r24	; 0x8023bf <xHeapHasBeenInitialised.4125>
		}

		/* The wanted size is increased so it can contain a BlockLink_t
		structure in addition to the requested amount of bytes. */
		if( xWantedSize > 0 )
     6c0:	20 97       	sbiw	r28, 0x00	; 0
     6c2:	09 f4       	brne	.+2      	; 0x6c6 <pvPortMalloc+0x5e>
     6c4:	64 c0       	rjmp	.+200    	; 0x78e <pvPortMalloc+0x126>
		{
			xWantedSize += heapSTRUCT_SIZE;
     6c6:	ae 01       	movw	r20, r28
     6c8:	4c 5f       	subi	r20, 0xFC	; 252
     6ca:	5f 4f       	sbci	r21, 0xFF	; 255
				/* Byte alignment required. */
				xWantedSize += ( portBYTE_ALIGNMENT - ( xWantedSize & portBYTE_ALIGNMENT_MASK ) );
			}
		}

		if( ( xWantedSize > 0 ) && ( xWantedSize < configADJUSTED_HEAP_SIZE ) )
     6cc:	23 96       	adiw	r28, 0x03	; 3
     6ce:	ce 3f       	cpi	r28, 0xFE	; 254
     6d0:	df 43       	sbci	r29, 0x3F	; 63
     6d2:	08 f0       	brcs	.+2      	; 0x6d6 <pvPortMalloc+0x6e>
     6d4:	5c c0       	rjmp	.+184    	; 0x78e <pvPortMalloc+0x126>
		{
			/* Blocks are stored in byte order - traverse the list from the start
			(smallest) block until one of adequate size is found. */
			pxPreviousBlock = &xStart;
			pxBlock = xStart.pxNextFreeBlock;
     6d6:	e0 91 c4 23 	lds	r30, 0x23C4	; 0x8023c4 <xStart>
     6da:	f0 91 c5 23 	lds	r31, 0x23C5	; 0x8023c5 <xStart+0x1>

		if( ( xWantedSize > 0 ) && ( xWantedSize < configADJUSTED_HEAP_SIZE ) )
		{
			/* Blocks are stored in byte order - traverse the list from the start
			(smallest) block until one of adequate size is found. */
			pxPreviousBlock = &xStart;
     6de:	a4 ec       	ldi	r26, 0xC4	; 196
     6e0:	b3 e2       	ldi	r27, 0x23	; 35
			pxBlock = xStart.pxNextFreeBlock;
			while( ( pxBlock->xBlockSize < xWantedSize ) && ( pxBlock->pxNextFreeBlock != NULL ) )
     6e2:	06 c0       	rjmp	.+12     	; 0x6f0 <pvPortMalloc+0x88>
     6e4:	80 81       	ld	r24, Z
     6e6:	91 81       	ldd	r25, Z+1	; 0x01
     6e8:	00 97       	sbiw	r24, 0x00	; 0
     6ea:	39 f0       	breq	.+14     	; 0x6fa <pvPortMalloc+0x92>
     6ec:	df 01       	movw	r26, r30
     6ee:	fc 01       	movw	r30, r24
     6f0:	22 81       	ldd	r18, Z+2	; 0x02
     6f2:	33 81       	ldd	r19, Z+3	; 0x03
     6f4:	24 17       	cp	r18, r20
     6f6:	35 07       	cpc	r19, r21
     6f8:	a8 f3       	brcs	.-22     	; 0x6e4 <pvPortMalloc+0x7c>
				pxPreviousBlock = pxBlock;
				pxBlock = pxBlock->pxNextFreeBlock;
			}

			/* If we found the end marker then a block of adequate size was not found. */
			if( pxBlock != &xEnd )
     6fa:	c3 e2       	ldi	r28, 0x23	; 35
     6fc:	e0 3c       	cpi	r30, 0xC0	; 192
     6fe:	fc 07       	cpc	r31, r28
     700:	09 f4       	brne	.+2      	; 0x704 <pvPortMalloc+0x9c>
     702:	45 c0       	rjmp	.+138    	; 0x78e <pvPortMalloc+0x126>
			{
				/* Return the memory space - jumping over the BlockLink_t structure
				at its start. */
				pvReturn = ( void * ) ( ( ( uint8_t * ) pxPreviousBlock->pxNextFreeBlock ) + heapSTRUCT_SIZE );
     704:	cd 91       	ld	r28, X+
     706:	dc 91       	ld	r29, X
     708:	11 97       	sbiw	r26, 0x01	; 1
     70a:	8e 01       	movw	r16, r28
     70c:	0c 5f       	subi	r16, 0xFC	; 252
     70e:	1f 4f       	sbci	r17, 0xFF	; 255

				/* This block is being returned for use so must be taken out of the
				list of free blocks. */
				pxPreviousBlock->pxNextFreeBlock = pxBlock->pxNextFreeBlock;
     710:	80 81       	ld	r24, Z
     712:	91 81       	ldd	r25, Z+1	; 0x01
     714:	8d 93       	st	X+, r24
     716:	9c 93       	st	X, r25

				/* If the block is larger than required it can be split into two. */
				if( ( pxBlock->xBlockSize - xWantedSize ) > heapMINIMUM_BLOCK_SIZE )
     718:	c9 01       	movw	r24, r18
     71a:	84 1b       	sub	r24, r20
     71c:	95 0b       	sbc	r25, r21
     71e:	89 30       	cpi	r24, 0x09	; 9
     720:	91 05       	cpc	r25, r1
     722:	00 f1       	brcs	.+64     	; 0x764 <pvPortMalloc+0xfc>
				{
					/* This block is to be split into two.  Create a new block
					following the number of bytes requested. The void cast is
					used to prevent byte alignment warnings from the compiler. */
					pxNewBlockLink = ( void * ) ( ( ( uint8_t * ) pxBlock ) + xWantedSize );
     724:	bf 01       	movw	r22, r30
     726:	64 0f       	add	r22, r20
     728:	75 1f       	adc	r23, r21

					/* Calculate the sizes of two blocks split from the single
					block. */
					pxNewBlockLink->xBlockSize = pxBlock->xBlockSize - xWantedSize;
     72a:	db 01       	movw	r26, r22
     72c:	12 96       	adiw	r26, 0x02	; 2
     72e:	8d 93       	st	X+, r24
     730:	9c 93       	st	X, r25
     732:	13 97       	sbiw	r26, 0x03	; 3
					pxBlock->xBlockSize = xWantedSize;
     734:	42 83       	std	Z+2, r20	; 0x02
     736:	53 83       	std	Z+3, r21	; 0x03

					/* Insert the new block into the list of free blocks. */
					prvInsertBlockIntoFreeList( ( pxNewBlockLink ) );
     738:	12 96       	adiw	r26, 0x02	; 2
     73a:	2d 91       	ld	r18, X+
     73c:	3c 91       	ld	r19, X
     73e:	13 97       	sbiw	r26, 0x03	; 3
     740:	a4 ec       	ldi	r26, 0xC4	; 196
     742:	b3 e2       	ldi	r27, 0x23	; 35
     744:	01 c0       	rjmp	.+2      	; 0x748 <pvPortMalloc+0xe0>
     746:	df 01       	movw	r26, r30
     748:	ed 91       	ld	r30, X+
     74a:	fc 91       	ld	r31, X
     74c:	11 97       	sbiw	r26, 0x01	; 1
     74e:	82 81       	ldd	r24, Z+2	; 0x02
     750:	93 81       	ldd	r25, Z+3	; 0x03
     752:	82 17       	cp	r24, r18
     754:	93 07       	cpc	r25, r19
     756:	b8 f3       	brcs	.-18     	; 0x746 <pvPortMalloc+0xde>
     758:	eb 01       	movw	r28, r22
     75a:	e8 83       	st	Y, r30
     75c:	f9 83       	std	Y+1, r31	; 0x01
     75e:	6d 93       	st	X+, r22
     760:	7c 93       	st	X, r23

		/* The wanted size is increased so it can contain a BlockLink_t
		structure in addition to the requested amount of bytes. */
		if( xWantedSize > 0 )
		{
			xWantedSize += heapSTRUCT_SIZE;
     762:	9a 01       	movw	r18, r20

					/* Insert the new block into the list of free blocks. */
					prvInsertBlockIntoFreeList( ( pxNewBlockLink ) );
				}

				xFreeBytesRemaining -= pxBlock->xBlockSize;
     764:	80 91 14 20 	lds	r24, 0x2014	; 0x802014 <xFreeBytesRemaining>
     768:	90 91 15 20 	lds	r25, 0x2015	; 0x802015 <xFreeBytesRemaining+0x1>
     76c:	82 1b       	sub	r24, r18
     76e:	93 0b       	sbc	r25, r19
     770:	80 93 14 20 	sts	0x2014, r24	; 0x802014 <xFreeBytesRemaining>
     774:	90 93 15 20 	sts	0x2015, r25	; 0x802015 <xFreeBytesRemaining+0x1>
			}
		}

		traceMALLOC( pvReturn, xWantedSize );
	}
	( void ) xTaskResumeAll();
     778:	0e 94 45 0a 	call	0x148a	; 0x148a <xTaskResumeAll>

	#if( configUSE_MALLOC_FAILED_HOOK == 1 )
	{
		if( pvReturn == NULL )
     77c:	01 15       	cp	r16, r1
     77e:	11 05       	cpc	r17, r1
     780:	41 f0       	breq	.+16     	; 0x792 <pvPortMalloc+0x12a>
		}
	}
	#endif

	return pvReturn;
}
     782:	c8 01       	movw	r24, r16
     784:	df 91       	pop	r29
     786:	cf 91       	pop	r28
     788:	1f 91       	pop	r17
     78a:	0f 91       	pop	r16
     78c:	08 95       	ret
			}
		}

		traceMALLOC( pvReturn, xWantedSize );
	}
	( void ) xTaskResumeAll();
     78e:	0e 94 45 0a 	call	0x148a	; 0x148a <xTaskResumeAll>
	#if( configUSE_MALLOC_FAILED_HOOK == 1 )
	{
		if( pvReturn == NULL )
		{
			extern void vApplicationMallocFailedHook( void );
			vApplicationMallocFailedHook();
     792:	0e 94 79 0c 	call	0x18f2	; 0x18f2 <vApplicationMallocFailedHook>
     796:	00 e0       	ldi	r16, 0x00	; 0
     798:	10 e0       	ldi	r17, 0x00	; 0
		}
	}
	#endif

	return pvReturn;
}
     79a:	c8 01       	movw	r24, r16
     79c:	df 91       	pop	r29
     79e:	cf 91       	pop	r28
     7a0:	1f 91       	pop	r17
     7a2:	0f 91       	pop	r16
     7a4:	08 95       	ret

000007a6 <vPortFree>:
/*-----------------------------------------------------------*/

void vPortFree( void *pv )
{
     7a6:	cf 93       	push	r28
     7a8:	df 93       	push	r29
uint8_t *puc = ( uint8_t * ) pv;
BlockLink_t *pxLink;

	if( pv != NULL )
     7aa:	00 97       	sbiw	r24, 0x00	; 0
     7ac:	21 f1       	breq	.+72     	; 0x7f6 <vPortFree+0x50>
	{
		/* The memory being freed will have an BlockLink_t structure immediately
		before it. */
		puc -= heapSTRUCT_SIZE;
     7ae:	ec 01       	movw	r28, r24
     7b0:	24 97       	sbiw	r28, 0x04	; 4

		/* This unexpected casting is to keep some compilers from issuing
		byte alignment warnings. */
		pxLink = ( void * ) puc;

		vTaskSuspendAll();
     7b2:	0e 94 65 09 	call	0x12ca	; 0x12ca <vTaskSuspendAll>
		{
			/* Add this block to the list of free blocks. */
			prvInsertBlockIntoFreeList( ( ( BlockLink_t * ) pxLink ) );
     7b6:	4a 81       	ldd	r20, Y+2	; 0x02
     7b8:	5b 81       	ldd	r21, Y+3	; 0x03
     7ba:	a4 ec       	ldi	r26, 0xC4	; 196
     7bc:	b3 e2       	ldi	r27, 0x23	; 35
     7be:	01 c0       	rjmp	.+2      	; 0x7c2 <vPortFree+0x1c>
     7c0:	df 01       	movw	r26, r30
     7c2:	ed 91       	ld	r30, X+
     7c4:	fc 91       	ld	r31, X
     7c6:	11 97       	sbiw	r26, 0x01	; 1
     7c8:	22 81       	ldd	r18, Z+2	; 0x02
     7ca:	33 81       	ldd	r19, Z+3	; 0x03
     7cc:	24 17       	cp	r18, r20
     7ce:	35 07       	cpc	r19, r21
     7d0:	b8 f3       	brcs	.-18     	; 0x7c0 <vPortFree+0x1a>
     7d2:	e8 83       	st	Y, r30
     7d4:	f9 83       	std	Y+1, r31	; 0x01
     7d6:	cd 93       	st	X+, r28
     7d8:	dc 93       	st	X, r29
			xFreeBytesRemaining += pxLink->xBlockSize;
     7da:	80 91 14 20 	lds	r24, 0x2014	; 0x802014 <xFreeBytesRemaining>
     7de:	90 91 15 20 	lds	r25, 0x2015	; 0x802015 <xFreeBytesRemaining+0x1>
     7e2:	48 0f       	add	r20, r24
     7e4:	59 1f       	adc	r21, r25
     7e6:	40 93 14 20 	sts	0x2014, r20	; 0x802014 <xFreeBytesRemaining>
     7ea:	50 93 15 20 	sts	0x2015, r21	; 0x802015 <xFreeBytesRemaining+0x1>
			traceFREE( pv, pxLink->xBlockSize );
		}
		( void ) xTaskResumeAll();
	}
}
     7ee:	df 91       	pop	r29
     7f0:	cf 91       	pop	r28
			/* Add this block to the list of free blocks. */
			prvInsertBlockIntoFreeList( ( ( BlockLink_t * ) pxLink ) );
			xFreeBytesRemaining += pxLink->xBlockSize;
			traceFREE( pv, pxLink->xBlockSize );
		}
		( void ) xTaskResumeAll();
     7f2:	0c 94 45 0a 	jmp	0x148a	; 0x148a <xTaskResumeAll>
	}
}
     7f6:	df 91       	pop	r29
     7f8:	cf 91       	pop	r28
     7fa:	08 95       	ret

000007fc <vListInitialise>:
	share of the CPU.  However, if the xItemValue is the same as the back marker
	the iteration loop below will not end.  Therefore the value is checked
	first, and the algorithm slightly modified if necessary. */
	if( xValueOfInsertion == portMAX_DELAY )
	{
		pxIterator = pxList->xListEnd.pxPrevious;
     7fc:	fc 01       	movw	r30, r24
     7fe:	03 96       	adiw	r24, 0x03	; 3
     800:	81 83       	std	Z+1, r24	; 0x01
     802:	92 83       	std	Z+2, r25	; 0x02
     804:	2f ef       	ldi	r18, 0xFF	; 255
     806:	3f ef       	ldi	r19, 0xFF	; 255
     808:	23 83       	std	Z+3, r18	; 0x03
     80a:	34 83       	std	Z+4, r19	; 0x04
     80c:	85 83       	std	Z+5, r24	; 0x05
     80e:	96 83       	std	Z+6, r25	; 0x06
     810:	87 83       	std	Z+7, r24	; 0x07
     812:	90 87       	std	Z+8, r25	; 0x08
     814:	10 82       	st	Z, r1
     816:	08 95       	ret

00000818 <vListInitialiseItem>:
     818:	fc 01       	movw	r30, r24
     81a:	10 86       	std	Z+8, r1	; 0x08
     81c:	11 86       	std	Z+9, r1	; 0x09
     81e:	08 95       	ret

00000820 <vListInsertEnd>:
     820:	cf 93       	push	r28
     822:	df 93       	push	r29
     824:	9c 01       	movw	r18, r24
     826:	fb 01       	movw	r30, r22
     828:	dc 01       	movw	r26, r24
     82a:	11 96       	adiw	r26, 0x01	; 1
     82c:	cd 91       	ld	r28, X+
     82e:	dc 91       	ld	r29, X
     830:	12 97       	sbiw	r26, 0x02	; 2
     832:	c2 83       	std	Z+2, r28	; 0x02
     834:	d3 83       	std	Z+3, r29	; 0x03
     836:	8c 81       	ldd	r24, Y+4	; 0x04
     838:	9d 81       	ldd	r25, Y+5	; 0x05
     83a:	84 83       	std	Z+4, r24	; 0x04
     83c:	95 83       	std	Z+5, r25	; 0x05
     83e:	8c 81       	ldd	r24, Y+4	; 0x04
     840:	9d 81       	ldd	r25, Y+5	; 0x05
     842:	dc 01       	movw	r26, r24
     844:	12 96       	adiw	r26, 0x02	; 2
     846:	6d 93       	st	X+, r22
     848:	7c 93       	st	X, r23
     84a:	13 97       	sbiw	r26, 0x03	; 3
     84c:	6c 83       	std	Y+4, r22	; 0x04
     84e:	7d 83       	std	Y+5, r23	; 0x05
     850:	20 87       	std	Z+8, r18	; 0x08
     852:	31 87       	std	Z+9, r19	; 0x09
     854:	f9 01       	movw	r30, r18
     856:	80 81       	ld	r24, Z
     858:	8f 5f       	subi	r24, 0xFF	; 255
     85a:	80 83       	st	Z, r24
     85c:	df 91       	pop	r29
     85e:	cf 91       	pop	r28
     860:	08 95       	ret

00000862 <uxListRemove>:
	( pxList->uxNumberOfItems )++;
}
/*-----------------------------------------------------------*/

UBaseType_t uxListRemove( ListItem_t * const pxItemToRemove )
{
     862:	cf 93       	push	r28
     864:	df 93       	push	r29
     866:	fc 01       	movw	r30, r24
/* The list item knows which list it is in.  Obtain the list from the list
item. */
List_t * const pxList = pxItemToRemove->pxContainer;
     868:	a0 85       	ldd	r26, Z+8	; 0x08
     86a:	b1 85       	ldd	r27, Z+9	; 0x09

	pxItemToRemove->pxNext->pxPrevious = pxItemToRemove->pxPrevious;
     86c:	22 81       	ldd	r18, Z+2	; 0x02
     86e:	33 81       	ldd	r19, Z+3	; 0x03
     870:	84 81       	ldd	r24, Z+4	; 0x04
     872:	95 81       	ldd	r25, Z+5	; 0x05
     874:	e9 01       	movw	r28, r18
     876:	8c 83       	std	Y+4, r24	; 0x04
     878:	9d 83       	std	Y+5, r25	; 0x05
	pxItemToRemove->pxPrevious->pxNext = pxItemToRemove->pxNext;
     87a:	84 81       	ldd	r24, Z+4	; 0x04
     87c:	95 81       	ldd	r25, Z+5	; 0x05
     87e:	ec 01       	movw	r28, r24
     880:	2a 83       	std	Y+2, r18	; 0x02
     882:	3b 83       	std	Y+3, r19	; 0x03

	/* Only used during decision coverage testing. */
	mtCOVERAGE_TEST_DELAY();

	/* Make sure the index is left pointing to a valid item. */
	if( pxList->pxIndex == pxItemToRemove )
     884:	11 96       	adiw	r26, 0x01	; 1
     886:	2d 91       	ld	r18, X+
     888:	3c 91       	ld	r19, X
     88a:	12 97       	sbiw	r26, 0x02	; 2
     88c:	e2 17       	cp	r30, r18
     88e:	f3 07       	cpc	r31, r19
     890:	49 f0       	breq	.+18     	; 0x8a4 <uxListRemove+0x42>
	else
	{
		mtCOVERAGE_TEST_MARKER();
	}

	pxItemToRemove->pxContainer = NULL;
     892:	10 86       	std	Z+8, r1	; 0x08
     894:	11 86       	std	Z+9, r1	; 0x09
	( pxList->uxNumberOfItems )--;
     896:	8c 91       	ld	r24, X
     898:	81 50       	subi	r24, 0x01	; 1
     89a:	8c 93       	st	X, r24

	return pxList->uxNumberOfItems;
     89c:	8c 91       	ld	r24, X
}
     89e:	df 91       	pop	r29
     8a0:	cf 91       	pop	r28
     8a2:	08 95       	ret
	mtCOVERAGE_TEST_DELAY();

	/* Make sure the index is left pointing to a valid item. */
	if( pxList->pxIndex == pxItemToRemove )
	{
		pxList->pxIndex = pxItemToRemove->pxPrevious;
     8a4:	11 96       	adiw	r26, 0x01	; 1
     8a6:	8d 93       	st	X+, r24
     8a8:	9c 93       	st	X, r25
     8aa:	12 97       	sbiw	r26, 0x02	; 2
     8ac:	f2 cf       	rjmp	.-28     	; 0x892 <uxListRemove+0x30>

000008ae <pxPortInitialiseStack>:
//void vPortYieldISR( void ) __attribute__ ( ( naked ) );
void vPortYieldISR( void )
{
	TCC0.CCA=TCC0.CNT+100;
	if (TCC0.CCA>=TCC0.PER) TCC0.CCA-= TCC0.PER;
	asm volatile ( "ret" );
     8ae:	31 e1       	ldi	r19, 0x11	; 17
     8b0:	fc 01       	movw	r30, r24
     8b2:	30 83       	st	Z, r19
     8b4:	31 97       	sbiw	r30, 0x01	; 1
     8b6:	22 e2       	ldi	r18, 0x22	; 34
     8b8:	20 83       	st	Z, r18
     8ba:	31 97       	sbiw	r30, 0x01	; 1
     8bc:	a3 e3       	ldi	r26, 0x33	; 51
     8be:	a0 83       	st	Z, r26
     8c0:	31 97       	sbiw	r30, 0x01	; 1
     8c2:	60 83       	st	Z, r22
     8c4:	31 97       	sbiw	r30, 0x01	; 1
     8c6:	70 83       	st	Z, r23
     8c8:	31 97       	sbiw	r30, 0x01	; 1
     8ca:	10 82       	st	Z, r1
     8cc:	31 97       	sbiw	r30, 0x01	; 1
     8ce:	10 82       	st	Z, r1
     8d0:	31 97       	sbiw	r30, 0x01	; 1
     8d2:	60 e8       	ldi	r22, 0x80	; 128
     8d4:	60 83       	st	Z, r22
     8d6:	31 97       	sbiw	r30, 0x01	; 1
     8d8:	10 82       	st	Z, r1
     8da:	31 97       	sbiw	r30, 0x01	; 1
     8dc:	62 e0       	ldi	r22, 0x02	; 2
     8de:	60 83       	st	Z, r22
     8e0:	31 97       	sbiw	r30, 0x01	; 1
     8e2:	63 e0       	ldi	r22, 0x03	; 3
     8e4:	60 83       	st	Z, r22
     8e6:	31 97       	sbiw	r30, 0x01	; 1
     8e8:	64 e0       	ldi	r22, 0x04	; 4
     8ea:	60 83       	st	Z, r22
     8ec:	31 97       	sbiw	r30, 0x01	; 1
     8ee:	65 e0       	ldi	r22, 0x05	; 5
     8f0:	60 83       	st	Z, r22
     8f2:	31 97       	sbiw	r30, 0x01	; 1
     8f4:	66 e0       	ldi	r22, 0x06	; 6
     8f6:	60 83       	st	Z, r22
     8f8:	31 97       	sbiw	r30, 0x01	; 1
     8fa:	67 e0       	ldi	r22, 0x07	; 7
     8fc:	60 83       	st	Z, r22
     8fe:	31 97       	sbiw	r30, 0x01	; 1
     900:	68 e0       	ldi	r22, 0x08	; 8
     902:	60 83       	st	Z, r22
     904:	31 97       	sbiw	r30, 0x01	; 1
     906:	69 e0       	ldi	r22, 0x09	; 9
     908:	60 83       	st	Z, r22
     90a:	31 97       	sbiw	r30, 0x01	; 1
     90c:	60 e1       	ldi	r22, 0x10	; 16
     90e:	60 83       	st	Z, r22
     910:	31 97       	sbiw	r30, 0x01	; 1
     912:	30 83       	st	Z, r19
     914:	31 97       	sbiw	r30, 0x01	; 1
     916:	32 e1       	ldi	r19, 0x12	; 18
     918:	30 83       	st	Z, r19
     91a:	31 97       	sbiw	r30, 0x01	; 1
     91c:	33 e1       	ldi	r19, 0x13	; 19
     91e:	30 83       	st	Z, r19
     920:	31 97       	sbiw	r30, 0x01	; 1
     922:	34 e1       	ldi	r19, 0x14	; 20
     924:	30 83       	st	Z, r19
     926:	31 97       	sbiw	r30, 0x01	; 1
     928:	35 e1       	ldi	r19, 0x15	; 21
     92a:	30 83       	st	Z, r19
     92c:	31 97       	sbiw	r30, 0x01	; 1
     92e:	36 e1       	ldi	r19, 0x16	; 22
     930:	30 83       	st	Z, r19
     932:	31 97       	sbiw	r30, 0x01	; 1
     934:	37 e1       	ldi	r19, 0x17	; 23
     936:	30 83       	st	Z, r19
     938:	31 97       	sbiw	r30, 0x01	; 1
     93a:	38 e1       	ldi	r19, 0x18	; 24
     93c:	30 83       	st	Z, r19
     93e:	31 97       	sbiw	r30, 0x01	; 1
     940:	39 e1       	ldi	r19, 0x19	; 25
     942:	30 83       	st	Z, r19
     944:	31 97       	sbiw	r30, 0x01	; 1
     946:	30 e2       	ldi	r19, 0x20	; 32
     948:	30 83       	st	Z, r19
     94a:	31 97       	sbiw	r30, 0x01	; 1
     94c:	31 e2       	ldi	r19, 0x21	; 33
     94e:	30 83       	st	Z, r19
     950:	31 97       	sbiw	r30, 0x01	; 1
     952:	20 83       	st	Z, r18
     954:	31 97       	sbiw	r30, 0x01	; 1
     956:	23 e2       	ldi	r18, 0x23	; 35
     958:	20 83       	st	Z, r18
     95a:	31 97       	sbiw	r30, 0x01	; 1
     95c:	40 83       	st	Z, r20
     95e:	31 97       	sbiw	r30, 0x01	; 1
     960:	50 83       	st	Z, r21
     962:	31 97       	sbiw	r30, 0x01	; 1
     964:	26 e2       	ldi	r18, 0x26	; 38
     966:	20 83       	st	Z, r18
     968:	31 97       	sbiw	r30, 0x01	; 1
     96a:	27 e2       	ldi	r18, 0x27	; 39
     96c:	20 83       	st	Z, r18
     96e:	31 97       	sbiw	r30, 0x01	; 1
     970:	28 e2       	ldi	r18, 0x28	; 40
     972:	20 83       	st	Z, r18
     974:	31 97       	sbiw	r30, 0x01	; 1
     976:	29 e2       	ldi	r18, 0x29	; 41
     978:	20 83       	st	Z, r18
     97a:	31 97       	sbiw	r30, 0x01	; 1
     97c:	20 e3       	ldi	r18, 0x30	; 48
     97e:	20 83       	st	Z, r18
     980:	31 97       	sbiw	r30, 0x01	; 1
     982:	21 e3       	ldi	r18, 0x31	; 49
     984:	20 83       	st	Z, r18
     986:	87 97       	sbiw	r24, 0x27	; 39
     988:	08 95       	ret

0000098a <xPortStartScheduler>:
     98a:	e0 e0       	ldi	r30, 0x00	; 0
     98c:	f8 e0       	ldi	r31, 0x08	; 8
     98e:	8f ef       	ldi	r24, 0xFF	; 255
     990:	9f ef       	ldi	r25, 0xFF	; 255
     992:	80 a7       	std	Z+40, r24	; 0x28
     994:	91 a7       	std	Z+41, r25	; 0x29
     996:	81 e0       	ldi	r24, 0x01	; 1
     998:	80 83       	st	Z, r24
     99a:	90 e4       	ldi	r25, 0x40	; 64
     99c:	91 83       	std	Z+1, r25	; 0x01
     99e:	86 83       	std	Z+6, r24	; 0x06
     9a0:	87 83       	std	Z+7, r24	; 0x07
     9a2:	80 e0       	ldi	r24, 0x00	; 0
     9a4:	9d e7       	ldi	r25, 0x7D	; 125
     9a6:	86 a3       	std	Z+38, r24	; 0x26
     9a8:	97 a3       	std	Z+39, r25	; 0x27
     9aa:	a0 91 66 24 	lds	r26, 0x2466	; 0x802466 <pxCurrentTCB>
     9ae:	b0 91 67 24 	lds	r27, 0x2467	; 0x802467 <pxCurrentTCB+0x1>
     9b2:	cd 91       	ld	r28, X+
     9b4:	cd bf       	out	0x3d, r28	; 61
     9b6:	dd 91       	ld	r29, X+
     9b8:	de bf       	out	0x3e, r29	; 62
     9ba:	ff 91       	pop	r31
     9bc:	ef 91       	pop	r30
     9be:	df 91       	pop	r29
     9c0:	cf 91       	pop	r28
     9c2:	bf 91       	pop	r27
     9c4:	af 91       	pop	r26
     9c6:	9f 91       	pop	r25
     9c8:	8f 91       	pop	r24
     9ca:	7f 91       	pop	r23
     9cc:	6f 91       	pop	r22
     9ce:	5f 91       	pop	r21
     9d0:	4f 91       	pop	r20
     9d2:	3f 91       	pop	r19
     9d4:	2f 91       	pop	r18
     9d6:	1f 91       	pop	r17
     9d8:	0f 91       	pop	r16
     9da:	ff 90       	pop	r15
     9dc:	ef 90       	pop	r14
     9de:	df 90       	pop	r13
     9e0:	cf 90       	pop	r12
     9e2:	bf 90       	pop	r11
     9e4:	af 90       	pop	r10
     9e6:	9f 90       	pop	r9
     9e8:	8f 90       	pop	r8
     9ea:	7f 90       	pop	r7
     9ec:	6f 90       	pop	r6
     9ee:	5f 90       	pop	r5
     9f0:	4f 90       	pop	r4
     9f2:	3f 90       	pop	r3
     9f4:	2f 90       	pop	r2
     9f6:	1f 90       	pop	r1
     9f8:	0f 90       	pop	r0
     9fa:	0f be       	out	0x3f, r0	; 63
     9fc:	0f 90       	pop	r0
     9fe:	08 95       	ret
     a00:	81 e0       	ldi	r24, 0x01	; 1
     a02:	08 95       	ret

00000a04 <vPortYield>:
     a04:	0f 92       	push	r0
     a06:	0f b6       	in	r0, 0x3f	; 63
     a08:	f8 94       	cli
     a0a:	0f 92       	push	r0
     a0c:	1f 92       	push	r1
     a0e:	11 24       	eor	r1, r1
     a10:	2f 92       	push	r2
     a12:	3f 92       	push	r3
     a14:	4f 92       	push	r4
     a16:	5f 92       	push	r5
     a18:	6f 92       	push	r6
     a1a:	7f 92       	push	r7
     a1c:	8f 92       	push	r8
     a1e:	9f 92       	push	r9
     a20:	af 92       	push	r10
     a22:	bf 92       	push	r11
     a24:	cf 92       	push	r12
     a26:	df 92       	push	r13
     a28:	ef 92       	push	r14
     a2a:	ff 92       	push	r15
     a2c:	0f 93       	push	r16
     a2e:	1f 93       	push	r17
     a30:	2f 93       	push	r18
     a32:	3f 93       	push	r19
     a34:	4f 93       	push	r20
     a36:	5f 93       	push	r21
     a38:	6f 93       	push	r22
     a3a:	7f 93       	push	r23
     a3c:	8f 93       	push	r24
     a3e:	9f 93       	push	r25
     a40:	af 93       	push	r26
     a42:	bf 93       	push	r27
     a44:	cf 93       	push	r28
     a46:	df 93       	push	r29
     a48:	ef 93       	push	r30
     a4a:	ff 93       	push	r31
     a4c:	a0 91 66 24 	lds	r26, 0x2466	; 0x802466 <pxCurrentTCB>
     a50:	b0 91 67 24 	lds	r27, 0x2467	; 0x802467 <pxCurrentTCB+0x1>
     a54:	0d b6       	in	r0, 0x3d	; 61
     a56:	0d 92       	st	X+, r0
     a58:	0e b6       	in	r0, 0x3e	; 62
     a5a:	0d 92       	st	X+, r0
     a5c:	0e 94 d4 0a 	call	0x15a8	; 0x15a8 <vTaskSwitchContext>
     a60:	a0 91 66 24 	lds	r26, 0x2466	; 0x802466 <pxCurrentTCB>
     a64:	b0 91 67 24 	lds	r27, 0x2467	; 0x802467 <pxCurrentTCB+0x1>
     a68:	cd 91       	ld	r28, X+
     a6a:	cd bf       	out	0x3d, r28	; 61
     a6c:	dd 91       	ld	r29, X+
     a6e:	de bf       	out	0x3e, r29	; 62
     a70:	ff 91       	pop	r31
     a72:	ef 91       	pop	r30
     a74:	df 91       	pop	r29
     a76:	cf 91       	pop	r28
     a78:	bf 91       	pop	r27
     a7a:	af 91       	pop	r26
     a7c:	9f 91       	pop	r25
     a7e:	8f 91       	pop	r24
     a80:	7f 91       	pop	r23
     a82:	6f 91       	pop	r22
     a84:	5f 91       	pop	r21
     a86:	4f 91       	pop	r20
     a88:	3f 91       	pop	r19
     a8a:	2f 91       	pop	r18
     a8c:	1f 91       	pop	r17
     a8e:	0f 91       	pop	r16
     a90:	ff 90       	pop	r15
     a92:	ef 90       	pop	r14
     a94:	df 90       	pop	r13
     a96:	cf 90       	pop	r12
     a98:	bf 90       	pop	r11
     a9a:	af 90       	pop	r10
     a9c:	9f 90       	pop	r9
     a9e:	8f 90       	pop	r8
     aa0:	7f 90       	pop	r7
     aa2:	6f 90       	pop	r6
     aa4:	5f 90       	pop	r5
     aa6:	4f 90       	pop	r4
     aa8:	3f 90       	pop	r3
     aaa:	2f 90       	pop	r2
     aac:	1f 90       	pop	r1
     aae:	0f 90       	pop	r0
     ab0:	0f be       	out	0x3f, r0	; 63
     ab2:	0f 90       	pop	r0
     ab4:	08 95       	ret

00000ab6 <__vector_14>:
	 * the context is saved at the start of the ISR.  The tick
	 * count is incremented after the context is saved.
	 */	
	ISR(TCC0_OVF_vect,ISR_NAKED)
	{
		portSAVE_CONTEXT();
     ab6:	0f 92       	push	r0
     ab8:	0f b6       	in	r0, 0x3f	; 63
     aba:	f8 94       	cli
     abc:	0f 92       	push	r0
     abe:	1f 92       	push	r1
     ac0:	11 24       	eor	r1, r1
     ac2:	2f 92       	push	r2
     ac4:	3f 92       	push	r3
     ac6:	4f 92       	push	r4
     ac8:	5f 92       	push	r5
     aca:	6f 92       	push	r6
     acc:	7f 92       	push	r7
     ace:	8f 92       	push	r8
     ad0:	9f 92       	push	r9
     ad2:	af 92       	push	r10
     ad4:	bf 92       	push	r11
     ad6:	cf 92       	push	r12
     ad8:	df 92       	push	r13
     ada:	ef 92       	push	r14
     adc:	ff 92       	push	r15
     ade:	0f 93       	push	r16
     ae0:	1f 93       	push	r17
     ae2:	2f 93       	push	r18
     ae4:	3f 93       	push	r19
     ae6:	4f 93       	push	r20
     ae8:	5f 93       	push	r21
     aea:	6f 93       	push	r22
     aec:	7f 93       	push	r23
     aee:	8f 93       	push	r24
     af0:	9f 93       	push	r25
     af2:	af 93       	push	r26
     af4:	bf 93       	push	r27
     af6:	cf 93       	push	r28
     af8:	df 93       	push	r29
     afa:	ef 93       	push	r30
     afc:	ff 93       	push	r31
     afe:	a0 91 66 24 	lds	r26, 0x2466	; 0x802466 <pxCurrentTCB>
     b02:	b0 91 67 24 	lds	r27, 0x2467	; 0x802467 <pxCurrentTCB+0x1>
     b06:	0d b6       	in	r0, 0x3d	; 61
     b08:	0d 92       	st	X+, r0
     b0a:	0e b6       	in	r0, 0x3e	; 62
     b0c:	0d 92       	st	X+, r0
		StatsTimer+=TCC0.PER;
     b0e:	20 91 26 08 	lds	r18, 0x0826	; 0x800826 <__TEXT_REGION_LENGTH__+0x700826>
     b12:	30 91 27 08 	lds	r19, 0x0827	; 0x800827 <__TEXT_REGION_LENGTH__+0x700827>
     b16:	80 91 6a 24 	lds	r24, 0x246A	; 0x80246a <StatsTimer>
     b1a:	90 91 6b 24 	lds	r25, 0x246B	; 0x80246b <StatsTimer+0x1>
     b1e:	a0 91 6c 24 	lds	r26, 0x246C	; 0x80246c <StatsTimer+0x2>
     b22:	b0 91 6d 24 	lds	r27, 0x246D	; 0x80246d <StatsTimer+0x3>
     b26:	82 0f       	add	r24, r18
     b28:	93 1f       	adc	r25, r19
     b2a:	a1 1d       	adc	r26, r1
     b2c:	b1 1d       	adc	r27, r1
     b2e:	80 93 6a 24 	sts	0x246A, r24	; 0x80246a <StatsTimer>
     b32:	90 93 6b 24 	sts	0x246B, r25	; 0x80246b <StatsTimer+0x1>
     b36:	a0 93 6c 24 	sts	0x246C, r26	; 0x80246c <StatsTimer+0x2>
     b3a:	b0 93 6d 24 	sts	0x246D, r27	; 0x80246d <StatsTimer+0x3>
		xTaskIncrementTick();
     b3e:	0e 94 6b 09 	call	0x12d6	; 0x12d6 <xTaskIncrementTick>
		vTaskSwitchContext();
     b42:	0e 94 d4 0a 	call	0x15a8	; 0x15a8 <vTaskSwitchContext>
		portRESTORE_CONTEXT();
     b46:	a0 91 66 24 	lds	r26, 0x2466	; 0x802466 <pxCurrentTCB>
     b4a:	b0 91 67 24 	lds	r27, 0x2467	; 0x802467 <pxCurrentTCB+0x1>
     b4e:	cd 91       	ld	r28, X+
     b50:	cd bf       	out	0x3d, r28	; 61
     b52:	dd 91       	ld	r29, X+
     b54:	de bf       	out	0x3e, r29	; 62
     b56:	ff 91       	pop	r31
     b58:	ef 91       	pop	r30
     b5a:	df 91       	pop	r29
     b5c:	cf 91       	pop	r28
     b5e:	bf 91       	pop	r27
     b60:	af 91       	pop	r26
     b62:	9f 91       	pop	r25
     b64:	8f 91       	pop	r24
     b66:	7f 91       	pop	r23
     b68:	6f 91       	pop	r22
     b6a:	5f 91       	pop	r21
     b6c:	4f 91       	pop	r20
     b6e:	3f 91       	pop	r19
     b70:	2f 91       	pop	r18
     b72:	1f 91       	pop	r17
     b74:	0f 91       	pop	r16
     b76:	ff 90       	pop	r15
     b78:	ef 90       	pop	r14
     b7a:	df 90       	pop	r13
     b7c:	cf 90       	pop	r12
     b7e:	bf 90       	pop	r11
     b80:	af 90       	pop	r10
     b82:	9f 90       	pop	r9
     b84:	8f 90       	pop	r8
     b86:	7f 90       	pop	r7
     b88:	6f 90       	pop	r6
     b8a:	5f 90       	pop	r5
     b8c:	4f 90       	pop	r4
     b8e:	3f 90       	pop	r3
     b90:	2f 90       	pop	r2
     b92:	1f 90       	pop	r1
     b94:	0f 90       	pop	r0
     b96:	0f be       	out	0x3f, r0	; 63
     b98:	0f 90       	pop	r0

		asm volatile ( "reti" );
     b9a:	18 95       	reti

00000b9c <vConfigureTimerForRunTimeStats>:
 */

volatile uint32_t StatsTimer;

void vConfigureTimerForRunTimeStats(void)
{
     b9c:	08 95       	ret

00000b9e <__vector_16>:
	//TCC1.INTCTRLA=0b00000001; //OVF priority LOW
}

ISR(TCC0_CCA_vect,ISR_NAKED)
	{
	portSAVE_CONTEXT();
     b9e:	0f 92       	push	r0
     ba0:	0f b6       	in	r0, 0x3f	; 63
     ba2:	f8 94       	cli
     ba4:	0f 92       	push	r0
     ba6:	1f 92       	push	r1
     ba8:	11 24       	eor	r1, r1
     baa:	2f 92       	push	r2
     bac:	3f 92       	push	r3
     bae:	4f 92       	push	r4
     bb0:	5f 92       	push	r5
     bb2:	6f 92       	push	r6
     bb4:	7f 92       	push	r7
     bb6:	8f 92       	push	r8
     bb8:	9f 92       	push	r9
     bba:	af 92       	push	r10
     bbc:	bf 92       	push	r11
     bbe:	cf 92       	push	r12
     bc0:	df 92       	push	r13
     bc2:	ef 92       	push	r14
     bc4:	ff 92       	push	r15
     bc6:	0f 93       	push	r16
     bc8:	1f 93       	push	r17
     bca:	2f 93       	push	r18
     bcc:	3f 93       	push	r19
     bce:	4f 93       	push	r20
     bd0:	5f 93       	push	r21
     bd2:	6f 93       	push	r22
     bd4:	7f 93       	push	r23
     bd6:	8f 93       	push	r24
     bd8:	9f 93       	push	r25
     bda:	af 93       	push	r26
     bdc:	bf 93       	push	r27
     bde:	cf 93       	push	r28
     be0:	df 93       	push	r29
     be2:	ef 93       	push	r30
     be4:	ff 93       	push	r31
     be6:	a0 91 66 24 	lds	r26, 0x2466	; 0x802466 <pxCurrentTCB>
     bea:	b0 91 67 24 	lds	r27, 0x2467	; 0x802467 <pxCurrentTCB+0x1>
     bee:	0d b6       	in	r0, 0x3d	; 61
     bf0:	0d 92       	st	X+, r0
     bf2:	0e b6       	in	r0, 0x3e	; 62
     bf4:	0d 92       	st	X+, r0
	TCC0.CCA=65535;
     bf6:	8f ef       	ldi	r24, 0xFF	; 255
     bf8:	9f ef       	ldi	r25, 0xFF	; 255
     bfa:	80 93 28 08 	sts	0x0828, r24	; 0x800828 <__TEXT_REGION_LENGTH__+0x700828>
     bfe:	90 93 29 08 	sts	0x0829, r25	; 0x800829 <__TEXT_REGION_LENGTH__+0x700829>
	vTaskSwitchContext();
     c02:	0e 94 d4 0a 	call	0x15a8	; 0x15a8 <vTaskSwitchContext>
	portRESTORE_CONTEXT();
     c06:	a0 91 66 24 	lds	r26, 0x2466	; 0x802466 <pxCurrentTCB>
     c0a:	b0 91 67 24 	lds	r27, 0x2467	; 0x802467 <pxCurrentTCB+0x1>
     c0e:	cd 91       	ld	r28, X+
     c10:	cd bf       	out	0x3d, r28	; 61
     c12:	dd 91       	ld	r29, X+
     c14:	de bf       	out	0x3e, r29	; 62
     c16:	ff 91       	pop	r31
     c18:	ef 91       	pop	r30
     c1a:	df 91       	pop	r29
     c1c:	cf 91       	pop	r28
     c1e:	bf 91       	pop	r27
     c20:	af 91       	pop	r26
     c22:	9f 91       	pop	r25
     c24:	8f 91       	pop	r24
     c26:	7f 91       	pop	r23
     c28:	6f 91       	pop	r22
     c2a:	5f 91       	pop	r21
     c2c:	4f 91       	pop	r20
     c2e:	3f 91       	pop	r19
     c30:	2f 91       	pop	r18
     c32:	1f 91       	pop	r17
     c34:	0f 91       	pop	r16
     c36:	ff 90       	pop	r15
     c38:	ef 90       	pop	r14
     c3a:	df 90       	pop	r13
     c3c:	cf 90       	pop	r12
     c3e:	bf 90       	pop	r11
     c40:	af 90       	pop	r10
     c42:	9f 90       	pop	r9
     c44:	8f 90       	pop	r8
     c46:	7f 90       	pop	r7
     c48:	6f 90       	pop	r6
     c4a:	5f 90       	pop	r5
     c4c:	4f 90       	pop	r4
     c4e:	3f 90       	pop	r3
     c50:	2f 90       	pop	r2
     c52:	1f 90       	pop	r1
     c54:	0f 90       	pop	r0
     c56:	0f be       	out	0x3f, r0	; 63
     c58:	0f 90       	pop	r0
	asm volatile ( "reti" );
     c5a:	18 95       	reti

00000c5c <prvIdleTask>:
	TCB_t * pxTCB;

		if( xTask != NULL )
		{
			pxTCB = xTask;
			pxTCB->uxTaskNumber = uxHandle;
     c5c:	20 c0       	rjmp	.+64     	; 0xc9e <prvIdleTask+0x42>
     c5e:	0f b6       	in	r0, 0x3f	; 63
     c60:	f8 94       	cli
     c62:	0f 92       	push	r0
     c64:	e0 91 e9 23 	lds	r30, 0x23E9	; 0x8023e9 <xTasksWaitingTermination+0x5>
     c68:	f0 91 ea 23 	lds	r31, 0x23EA	; 0x8023ea <xTasksWaitingTermination+0x6>
     c6c:	c6 81       	ldd	r28, Z+6	; 0x06
     c6e:	d7 81       	ldd	r29, Z+7	; 0x07
     c70:	ce 01       	movw	r24, r28
     c72:	02 96       	adiw	r24, 0x02	; 2
     c74:	0e 94 31 04 	call	0x862	; 0x862 <uxListRemove>
     c78:	80 91 d9 23 	lds	r24, 0x23D9	; 0x8023d9 <uxCurrentNumberOfTasks>
     c7c:	81 50       	subi	r24, 0x01	; 1
     c7e:	80 93 d9 23 	sts	0x23D9, r24	; 0x8023d9 <uxCurrentNumberOfTasks>
     c82:	80 91 e3 23 	lds	r24, 0x23E3	; 0x8023e3 <uxDeletedTasksWaitingCleanUp>
     c86:	81 50       	subi	r24, 0x01	; 1
     c88:	80 93 e3 23 	sts	0x23E3, r24	; 0x8023e3 <uxDeletedTasksWaitingCleanUp>
     c8c:	0f 90       	pop	r0
     c8e:	0f be       	out	0x3f, r0	; 63
     c90:	8f 89       	ldd	r24, Y+23	; 0x17
     c92:	98 8d       	ldd	r25, Y+24	; 0x18
     c94:	0e 94 d3 03 	call	0x7a6	; 0x7a6 <vPortFree>
     c98:	ce 01       	movw	r24, r28
     c9a:	0e 94 d3 03 	call	0x7a6	; 0x7a6 <vPortFree>
     c9e:	80 91 e3 23 	lds	r24, 0x23E3	; 0x8023e3 <uxDeletedTasksWaitingCleanUp>
     ca2:	81 11       	cpse	r24, r1
     ca4:	dc cf       	rjmp	.-72     	; 0xc5e <prvIdleTask+0x2>
     ca6:	80 91 0c 24 	lds	r24, 0x240C	; 0x80240c <pxReadyTasksLists>
     caa:	82 30       	cpi	r24, 0x02	; 2
     cac:	10 f0       	brcs	.+4      	; 0xcb2 <prvIdleTask+0x56>
     cae:	0e 94 02 05 	call	0xa04	; 0xa04 <vPortYield>
     cb2:	0e 94 78 0c 	call	0x18f0	; 0x18f0 <vApplicationIdleHook>
     cb6:	f3 cf       	rjmp	.-26     	; 0xc9e <prvIdleTask+0x42>

00000cb8 <prvResetNextTaskUnblockTime.part.0>:
     cb8:	e0 91 f8 23 	lds	r30, 0x23F8	; 0x8023f8 <pxDelayedTaskList>
     cbc:	f0 91 f9 23 	lds	r31, 0x23F9	; 0x8023f9 <pxDelayedTaskList+0x1>
     cc0:	05 80       	ldd	r0, Z+5	; 0x05
     cc2:	f6 81       	ldd	r31, Z+6	; 0x06
     cc4:	e0 2d       	mov	r30, r0
     cc6:	06 80       	ldd	r0, Z+6	; 0x06
     cc8:	f7 81       	ldd	r31, Z+7	; 0x07
     cca:	e0 2d       	mov	r30, r0
     ccc:	82 81       	ldd	r24, Z+2	; 0x02
     cce:	93 81       	ldd	r25, Z+3	; 0x03
     cd0:	80 93 cf 23 	sts	0x23CF, r24	; 0x8023cf <xNextTaskUnblockTime>
     cd4:	90 93 d0 23 	sts	0x23D0, r25	; 0x8023d0 <xNextTaskUnblockTime+0x1>
     cd8:	08 95       	ret

00000cda <vTaskSwitchContext.part.5>:
     cda:	0f 93       	push	r16
     cdc:	1f 93       	push	r17
     cde:	cf 93       	push	r28
     ce0:	10 92 d3 23 	sts	0x23D3, r1	; 0x8023d3 <xYieldPending>
     ce4:	20 91 20 08 	lds	r18, 0x0820	; 0x800820 <__TEXT_REGION_LENGTH__+0x700820>
     ce8:	30 91 21 08 	lds	r19, 0x0821	; 0x800821 <__TEXT_REGION_LENGTH__+0x700821>
     cec:	80 91 6a 24 	lds	r24, 0x246A	; 0x80246a <StatsTimer>
     cf0:	90 91 6b 24 	lds	r25, 0x246B	; 0x80246b <StatsTimer+0x1>
     cf4:	a0 91 6c 24 	lds	r26, 0x246C	; 0x80246c <StatsTimer+0x2>
     cf8:	b0 91 6d 24 	lds	r27, 0x246D	; 0x80246d <StatsTimer+0x3>
     cfc:	82 0f       	add	r24, r18
     cfe:	93 1f       	adc	r25, r19
     d00:	a1 1d       	adc	r26, r1
     d02:	b1 1d       	adc	r27, r1
     d04:	00 91 c8 23 	lds	r16, 0x23C8	; 0x8023c8 <ulTaskSwitchedInTime>
     d08:	10 91 c9 23 	lds	r17, 0x23C9	; 0x8023c9 <ulTaskSwitchedInTime+0x1>
     d0c:	20 91 ca 23 	lds	r18, 0x23CA	; 0x8023ca <ulTaskSwitchedInTime+0x2>
     d10:	30 91 cb 23 	lds	r19, 0x23CB	; 0x8023cb <ulTaskSwitchedInTime+0x3>
     d14:	08 17       	cp	r16, r24
     d16:	19 07       	cpc	r17, r25
     d18:	2a 07       	cpc	r18, r26
     d1a:	3b 07       	cpc	r19, r27
     d1c:	a0 f4       	brcc	.+40     	; 0xd46 <vTaskSwitchContext.part.5+0x6c>
     d1e:	e0 91 66 24 	lds	r30, 0x2466	; 0x802466 <pxCurrentTCB>
     d22:	f0 91 67 24 	lds	r31, 0x2467	; 0x802467 <pxCurrentTCB+0x1>
     d26:	47 a1       	ldd	r20, Z+39	; 0x27
     d28:	50 a5       	ldd	r21, Z+40	; 0x28
     d2a:	61 a5       	ldd	r22, Z+41	; 0x29
     d2c:	72 a5       	ldd	r23, Z+42	; 0x2a
     d2e:	40 1b       	sub	r20, r16
     d30:	51 0b       	sbc	r21, r17
     d32:	62 0b       	sbc	r22, r18
     d34:	73 0b       	sbc	r23, r19
     d36:	48 0f       	add	r20, r24
     d38:	59 1f       	adc	r21, r25
     d3a:	6a 1f       	adc	r22, r26
     d3c:	7b 1f       	adc	r23, r27
     d3e:	47 a3       	std	Z+39, r20	; 0x27
     d40:	50 a7       	std	Z+40, r21	; 0x28
     d42:	61 a7       	std	Z+41, r22	; 0x29
     d44:	72 a7       	std	Z+42, r23	; 0x2a
     d46:	80 93 c8 23 	sts	0x23C8, r24	; 0x8023c8 <ulTaskSwitchedInTime>
     d4a:	90 93 c9 23 	sts	0x23C9, r25	; 0x8023c9 <ulTaskSwitchedInTime+0x1>
     d4e:	a0 93 ca 23 	sts	0x23CA, r26	; 0x8023ca <ulTaskSwitchedInTime+0x2>
     d52:	b0 93 cb 23 	sts	0x23CB, r27	; 0x8023cb <ulTaskSwitchedInTime+0x3>
     d56:	e0 91 66 24 	lds	r30, 0x2466	; 0x802466 <pxCurrentTCB>
     d5a:	f0 91 67 24 	lds	r31, 0x2467	; 0x802467 <pxCurrentTCB+0x1>
     d5e:	07 88       	ldd	r0, Z+23	; 0x17
     d60:	f0 8d       	ldd	r31, Z+24	; 0x18
     d62:	e0 2d       	mov	r30, r0
     d64:	80 81       	ld	r24, Z
     d66:	91 81       	ldd	r25, Z+1	; 0x01
     d68:	a2 81       	ldd	r26, Z+2	; 0x02
     d6a:	b3 81       	ldd	r27, Z+3	; 0x03
     d6c:	85 3a       	cpi	r24, 0xA5	; 165
     d6e:	95 4a       	sbci	r25, 0xA5	; 165
     d70:	a5 4a       	sbci	r26, 0xA5	; 165
     d72:	b5 4a       	sbci	r27, 0xA5	; 165
     d74:	09 f4       	brne	.+2      	; 0xd78 <vTaskSwitchContext.part.5+0x9e>
     d76:	4c c0       	rjmp	.+152    	; 0xe10 <vTaskSwitchContext.part.5+0x136>
     d78:	60 91 66 24 	lds	r22, 0x2466	; 0x802466 <pxCurrentTCB>
     d7c:	70 91 67 24 	lds	r23, 0x2467	; 0x802467 <pxCurrentTCB+0x1>
     d80:	80 91 66 24 	lds	r24, 0x2466	; 0x802466 <pxCurrentTCB>
     d84:	90 91 67 24 	lds	r25, 0x2467	; 0x802467 <pxCurrentTCB+0x1>
     d88:	67 5e       	subi	r22, 0xE7	; 231
     d8a:	7f 4f       	sbci	r23, 0xFF	; 255
     d8c:	0e 94 98 0c 	call	0x1930	; 0x1930 <vApplicationStackOverflowHook>
     d90:	c0 91 d6 23 	lds	r28, 0x23D6	; 0x8023d6 <uxTopReadyPriority>
     d94:	8c 2f       	mov	r24, r28
     d96:	90 e0       	ldi	r25, 0x00	; 0
     d98:	9c 01       	movw	r18, r24
     d9a:	22 0f       	add	r18, r18
     d9c:	33 1f       	adc	r19, r19
     d9e:	22 0f       	add	r18, r18
     da0:	33 1f       	adc	r19, r19
     da2:	22 0f       	add	r18, r18
     da4:	33 1f       	adc	r19, r19
     da6:	f9 01       	movw	r30, r18
     da8:	e8 0f       	add	r30, r24
     daa:	f9 1f       	adc	r31, r25
     dac:	e4 5f       	subi	r30, 0xF4	; 244
     dae:	fb 4d       	sbci	r31, 0xDB	; 219
     db0:	40 81       	ld	r20, Z
     db2:	41 11       	cpse	r20, r1
     db4:	0c c0       	rjmp	.+24     	; 0xdce <vTaskSwitchContext.part.5+0xf4>
     db6:	cc 23       	and	r28, r28
     db8:	11 f0       	breq	.+4      	; 0xdbe <vTaskSwitchContext.part.5+0xe4>
     dba:	c1 50       	subi	r28, 0x01	; 1
     dbc:	eb cf       	rjmp	.-42     	; 0xd94 <vTaskSwitchContext.part.5+0xba>
     dbe:	6c e8       	ldi	r22, 0x8C	; 140
     dc0:	7b e0       	ldi	r23, 0x0B	; 11
     dc2:	8a e1       	ldi	r24, 0x1A	; 26
     dc4:	90 e2       	ldi	r25, 0x20	; 32
     dc6:	0e 94 c2 0c 	call	0x1984	; 0x1984 <vAssertCalled>
     dca:	c1 50       	subi	r28, 0x01	; 1
     dcc:	e3 cf       	rjmp	.-58     	; 0xd94 <vTaskSwitchContext.part.5+0xba>
     dce:	82 0f       	add	r24, r18
     dd0:	93 1f       	adc	r25, r19
     dd2:	dc 01       	movw	r26, r24
     dd4:	a4 5f       	subi	r26, 0xF4	; 244
     dd6:	bb 4d       	sbci	r27, 0xDB	; 219
     dd8:	11 96       	adiw	r26, 0x01	; 1
     dda:	ed 91       	ld	r30, X+
     ddc:	fc 91       	ld	r31, X
     dde:	12 97       	sbiw	r26, 0x02	; 2
     de0:	02 80       	ldd	r0, Z+2	; 0x02
     de2:	f3 81       	ldd	r31, Z+3	; 0x03
     de4:	e0 2d       	mov	r30, r0
     de6:	11 96       	adiw	r26, 0x01	; 1
     de8:	ed 93       	st	X+, r30
     dea:	fc 93       	st	X, r31
     dec:	12 97       	sbiw	r26, 0x02	; 2
     dee:	81 5f       	subi	r24, 0xF1	; 241
     df0:	9b 4d       	sbci	r25, 0xDB	; 219
     df2:	e8 17       	cp	r30, r24
     df4:	f9 07       	cpc	r31, r25
     df6:	59 f1       	breq	.+86     	; 0xe4e <vTaskSwitchContext.part.5+0x174>
     df8:	86 81       	ldd	r24, Z+6	; 0x06
     dfa:	97 81       	ldd	r25, Z+7	; 0x07
     dfc:	80 93 66 24 	sts	0x2466, r24	; 0x802466 <pxCurrentTCB>
     e00:	90 93 67 24 	sts	0x2467, r25	; 0x802467 <pxCurrentTCB+0x1>
     e04:	c0 93 d6 23 	sts	0x23D6, r28	; 0x8023d6 <uxTopReadyPriority>
     e08:	cf 91       	pop	r28
     e0a:	1f 91       	pop	r17
     e0c:	0f 91       	pop	r16
     e0e:	08 95       	ret
     e10:	84 81       	ldd	r24, Z+4	; 0x04
     e12:	95 81       	ldd	r25, Z+5	; 0x05
     e14:	a6 81       	ldd	r26, Z+6	; 0x06
     e16:	b7 81       	ldd	r27, Z+7	; 0x07
     e18:	85 3a       	cpi	r24, 0xA5	; 165
     e1a:	95 4a       	sbci	r25, 0xA5	; 165
     e1c:	a5 4a       	sbci	r26, 0xA5	; 165
     e1e:	b5 4a       	sbci	r27, 0xA5	; 165
     e20:	09 f0       	breq	.+2      	; 0xe24 <vTaskSwitchContext.part.5+0x14a>
     e22:	aa cf       	rjmp	.-172    	; 0xd78 <vTaskSwitchContext.part.5+0x9e>
     e24:	80 85       	ldd	r24, Z+8	; 0x08
     e26:	91 85       	ldd	r25, Z+9	; 0x09
     e28:	a2 85       	ldd	r26, Z+10	; 0x0a
     e2a:	b3 85       	ldd	r27, Z+11	; 0x0b
     e2c:	85 3a       	cpi	r24, 0xA5	; 165
     e2e:	95 4a       	sbci	r25, 0xA5	; 165
     e30:	a5 4a       	sbci	r26, 0xA5	; 165
     e32:	b5 4a       	sbci	r27, 0xA5	; 165
     e34:	09 f0       	breq	.+2      	; 0xe38 <vTaskSwitchContext.part.5+0x15e>
     e36:	a0 cf       	rjmp	.-192    	; 0xd78 <vTaskSwitchContext.part.5+0x9e>
     e38:	84 85       	ldd	r24, Z+12	; 0x0c
     e3a:	95 85       	ldd	r25, Z+13	; 0x0d
     e3c:	a6 85       	ldd	r26, Z+14	; 0x0e
     e3e:	b7 85       	ldd	r27, Z+15	; 0x0f
     e40:	85 3a       	cpi	r24, 0xA5	; 165
     e42:	95 4a       	sbci	r25, 0xA5	; 165
     e44:	a5 4a       	sbci	r26, 0xA5	; 165
     e46:	b5 4a       	sbci	r27, 0xA5	; 165
     e48:	09 f0       	breq	.+2      	; 0xe4c <vTaskSwitchContext.part.5+0x172>
     e4a:	96 cf       	rjmp	.-212    	; 0xd78 <vTaskSwitchContext.part.5+0x9e>
     e4c:	a1 cf       	rjmp	.-190    	; 0xd90 <vTaskSwitchContext.part.5+0xb6>
     e4e:	02 80       	ldd	r0, Z+2	; 0x02
     e50:	f3 81       	ldd	r31, Z+3	; 0x03
     e52:	e0 2d       	mov	r30, r0
     e54:	11 96       	adiw	r26, 0x01	; 1
     e56:	ed 93       	st	X+, r30
     e58:	fc 93       	st	X, r31
     e5a:	12 97       	sbiw	r26, 0x02	; 2
     e5c:	cd cf       	rjmp	.-102    	; 0xdf8 <vTaskSwitchContext.part.5+0x11e>

00000e5e <xTaskCreate>:
     e5e:	5f 92       	push	r5
     e60:	6f 92       	push	r6
     e62:	7f 92       	push	r7
     e64:	8f 92       	push	r8
     e66:	9f 92       	push	r9
     e68:	af 92       	push	r10
     e6a:	bf 92       	push	r11
     e6c:	cf 92       	push	r12
     e6e:	df 92       	push	r13
     e70:	ef 92       	push	r14
     e72:	ff 92       	push	r15
     e74:	0f 93       	push	r16
     e76:	1f 93       	push	r17
     e78:	cf 93       	push	r28
     e7a:	df 93       	push	r29
     e7c:	4c 01       	movw	r8, r24
     e7e:	eb 01       	movw	r28, r22
     e80:	5a 01       	movw	r10, r20
     e82:	39 01       	movw	r6, r18
     e84:	50 2e       	mov	r5, r16
     e86:	ca 01       	movw	r24, r20
     e88:	0e 94 34 03 	call	0x668	; 0x668 <pvPortMalloc>
     e8c:	8c 01       	movw	r16, r24
     e8e:	89 2b       	or	r24, r25
     e90:	09 f4       	brne	.+2      	; 0xe94 <xTaskCreate+0x36>
     e92:	de c0       	rjmp	.+444    	; 0x1050 <xTaskCreate+0x1f2>
     e94:	80 e3       	ldi	r24, 0x30	; 48
     e96:	90 e0       	ldi	r25, 0x00	; 0
     e98:	0e 94 34 03 	call	0x668	; 0x668 <pvPortMalloc>
     e9c:	6c 01       	movw	r12, r24
     e9e:	00 97       	sbiw	r24, 0x00	; 0
     ea0:	09 f4       	brne	.+2      	; 0xea4 <xTaskCreate+0x46>
     ea2:	d3 c0       	rjmp	.+422    	; 0x104a <xTaskCreate+0x1ec>
     ea4:	dc 01       	movw	r26, r24
     ea6:	57 96       	adiw	r26, 0x17	; 23
     ea8:	0d 93       	st	X+, r16
     eaa:	1c 93       	st	X, r17
     eac:	58 97       	sbiw	r26, 0x18	; 24
     eae:	20 97       	sbiw	r28, 0x00	; 0
     eb0:	09 f4       	brne	.+2      	; 0xeb4 <xTaskCreate+0x56>
     eb2:	d0 c0       	rjmp	.+416    	; 0x1054 <xTaskCreate+0x1f6>
     eb4:	c8 01       	movw	r24, r16
     eb6:	a5 01       	movw	r20, r10
     eb8:	65 ea       	ldi	r22, 0xA5	; 165
     eba:	70 e0       	ldi	r23, 0x00	; 0
     ebc:	0e 94 ed 16 	call	0x2dda	; 0x2dda <memset>
     ec0:	f1 e0       	ldi	r31, 0x01	; 1
     ec2:	af 1a       	sub	r10, r31
     ec4:	b1 08       	sbc	r11, r1
     ec6:	d6 01       	movw	r26, r12
     ec8:	57 96       	adiw	r26, 0x17	; 23
     eca:	8d 91       	ld	r24, X+
     ecc:	9c 91       	ld	r25, X
     ece:	58 97       	sbiw	r26, 0x18	; 24
     ed0:	a8 0e       	add	r10, r24
     ed2:	b9 1e       	adc	r11, r25
     ed4:	f6 01       	movw	r30, r12
     ed6:	79 96       	adiw	r30, 0x19	; 25
     ed8:	9e 01       	movw	r18, r28
     eda:	28 5f       	subi	r18, 0xF8	; 248
     edc:	3f 4f       	sbci	r19, 0xFF	; 255
     ede:	de 01       	movw	r26, r28
     ee0:	89 91       	ld	r24, Y+
     ee2:	81 93       	st	Z+, r24
     ee4:	8c 91       	ld	r24, X
     ee6:	88 23       	and	r24, r24
     ee8:	19 f0       	breq	.+6      	; 0xef0 <xTaskCreate+0x92>
     eea:	c2 17       	cp	r28, r18
     eec:	d3 07       	cpc	r29, r19
     eee:	b9 f7       	brne	.-18     	; 0xede <xTaskCreate+0x80>
     ef0:	f6 01       	movw	r30, r12
     ef2:	10 a2       	std	Z+32, r1	; 0x20
     ef4:	05 2d       	mov	r16, r5
     ef6:	0a 30       	cpi	r16, 0x0A	; 10
     ef8:	08 f0       	brcs	.+2      	; 0xefc <xTaskCreate+0x9e>
     efa:	a1 c0       	rjmp	.+322    	; 0x103e <xTaskCreate+0x1e0>
     efc:	d6 01       	movw	r26, r12
     efe:	56 96       	adiw	r26, 0x16	; 22
     f00:	0c 93       	st	X, r16
     f02:	56 97       	sbiw	r26, 0x16	; 22
     f04:	93 96       	adiw	r26, 0x23	; 35
     f06:	0c 93       	st	X, r16
     f08:	93 97       	sbiw	r26, 0x23	; 35
     f0a:	94 96       	adiw	r26, 0x24	; 36
     f0c:	1c 92       	st	X, r1
     f0e:	e6 01       	movw	r28, r12
     f10:	22 96       	adiw	r28, 0x02	; 2
     f12:	ce 01       	movw	r24, r28
     f14:	0e 94 0c 04 	call	0x818	; 0x818 <vListInitialiseItem>
     f18:	c6 01       	movw	r24, r12
     f1a:	0c 96       	adiw	r24, 0x0c	; 12
     f1c:	0e 94 0c 04 	call	0x818	; 0x818 <vListInitialiseItem>
     f20:	f6 01       	movw	r30, r12
     f22:	c0 86       	std	Z+8, r12	; 0x08
     f24:	d1 86       	std	Z+9, r13	; 0x09
     f26:	8a e0       	ldi	r24, 0x0A	; 10
     f28:	90 e0       	ldi	r25, 0x00	; 0
     f2a:	80 1b       	sub	r24, r16
     f2c:	91 09       	sbc	r25, r1
     f2e:	84 87       	std	Z+12, r24	; 0x0c
     f30:	95 87       	std	Z+13, r25	; 0x0d
     f32:	c2 8a       	std	Z+18, r12	; 0x12
     f34:	d3 8a       	std	Z+19, r13	; 0x13
     f36:	15 a2       	std	Z+37, r1	; 0x25
     f38:	16 a2       	std	Z+38, r1	; 0x26
     f3a:	17 a2       	std	Z+39, r1	; 0x27
     f3c:	10 a6       	std	Z+40, r1	; 0x28
     f3e:	11 a6       	std	Z+41, r1	; 0x29
     f40:	12 a6       	std	Z+42, r1	; 0x2a
     f42:	13 a6       	std	Z+43, r1	; 0x2b
     f44:	14 a6       	std	Z+44, r1	; 0x2c
     f46:	15 a6       	std	Z+45, r1	; 0x2d
     f48:	16 a6       	std	Z+46, r1	; 0x2e
     f4a:	17 a6       	std	Z+47, r1	; 0x2f
     f4c:	a3 01       	movw	r20, r6
     f4e:	b4 01       	movw	r22, r8
     f50:	c5 01       	movw	r24, r10
     f52:	0e 94 57 04 	call	0x8ae	; 0x8ae <pxPortInitialiseStack>
     f56:	d6 01       	movw	r26, r12
     f58:	8d 93       	st	X+, r24
     f5a:	9c 93       	st	X, r25
     f5c:	e1 14       	cp	r14, r1
     f5e:	f1 04       	cpc	r15, r1
     f60:	19 f0       	breq	.+6      	; 0xf68 <xTaskCreate+0x10a>
     f62:	f7 01       	movw	r30, r14
     f64:	c0 82       	st	Z, r12
     f66:	d1 82       	std	Z+1, r13	; 0x01
     f68:	0f b6       	in	r0, 0x3f	; 63
     f6a:	f8 94       	cli
     f6c:	0f 92       	push	r0
     f6e:	80 91 d9 23 	lds	r24, 0x23D9	; 0x8023d9 <uxCurrentNumberOfTasks>
     f72:	8f 5f       	subi	r24, 0xFF	; 255
     f74:	80 93 d9 23 	sts	0x23D9, r24	; 0x8023d9 <uxCurrentNumberOfTasks>
     f78:	80 91 66 24 	lds	r24, 0x2466	; 0x802466 <pxCurrentTCB>
     f7c:	90 91 67 24 	lds	r25, 0x2467	; 0x802467 <pxCurrentTCB+0x1>
     f80:	89 2b       	or	r24, r25
     f82:	99 f0       	breq	.+38     	; 0xfaa <xTaskCreate+0x14c>
     f84:	80 91 d5 23 	lds	r24, 0x23D5	; 0x8023d5 <xSchedulerRunning>
     f88:	81 11       	cpse	r24, r1
     f8a:	18 c0       	rjmp	.+48     	; 0xfbc <xTaskCreate+0x15e>
     f8c:	e0 91 66 24 	lds	r30, 0x2466	; 0x802466 <pxCurrentTCB>
     f90:	f0 91 67 24 	lds	r31, 0x2467	; 0x802467 <pxCurrentTCB+0x1>
     f94:	d6 01       	movw	r26, r12
     f96:	56 96       	adiw	r26, 0x16	; 22
     f98:	8c 91       	ld	r24, X
     f9a:	96 89       	ldd	r25, Z+22	; 0x16
     f9c:	89 17       	cp	r24, r25
     f9e:	88 f0       	brcs	.+34     	; 0xfc2 <xTaskCreate+0x164>
     fa0:	c0 92 66 24 	sts	0x2466, r12	; 0x802466 <pxCurrentTCB>
     fa4:	d0 92 67 24 	sts	0x2467, r13	; 0x802467 <pxCurrentTCB+0x1>
     fa8:	0c c0       	rjmp	.+24     	; 0xfc2 <xTaskCreate+0x164>
     faa:	c0 92 66 24 	sts	0x2466, r12	; 0x802466 <pxCurrentTCB>
     fae:	d0 92 67 24 	sts	0x2467, r13	; 0x802467 <pxCurrentTCB+0x1>
     fb2:	80 91 d9 23 	lds	r24, 0x23D9	; 0x8023d9 <uxCurrentNumberOfTasks>
     fb6:	81 30       	cpi	r24, 0x01	; 1
     fb8:	09 f4       	brne	.+2      	; 0xfbc <xTaskCreate+0x15e>
     fba:	56 c0       	rjmp	.+172    	; 0x1068 <xTaskCreate+0x20a>
     fbc:	d6 01       	movw	r26, r12
     fbe:	56 96       	adiw	r26, 0x16	; 22
     fc0:	8c 91       	ld	r24, X
     fc2:	90 91 d1 23 	lds	r25, 0x23D1	; 0x8023d1 <uxTaskNumber>
     fc6:	9f 5f       	subi	r25, 0xFF	; 255
     fc8:	90 93 d1 23 	sts	0x23D1, r25	; 0x8023d1 <uxTaskNumber>
     fcc:	f6 01       	movw	r30, r12
     fce:	91 a3       	std	Z+33, r25	; 0x21
     fd0:	90 91 d6 23 	lds	r25, 0x23D6	; 0x8023d6 <uxTopReadyPriority>
     fd4:	98 17       	cp	r25, r24
     fd6:	80 f1       	brcs	.+96     	; 0x1038 <xTaskCreate+0x1da>
     fd8:	90 e0       	ldi	r25, 0x00	; 0
     fda:	9c 01       	movw	r18, r24
     fdc:	22 0f       	add	r18, r18
     fde:	33 1f       	adc	r19, r19
     fe0:	22 0f       	add	r18, r18
     fe2:	33 1f       	adc	r19, r19
     fe4:	22 0f       	add	r18, r18
     fe6:	33 1f       	adc	r19, r19
     fe8:	82 0f       	add	r24, r18
     fea:	93 1f       	adc	r25, r19
     fec:	be 01       	movw	r22, r28
     fee:	84 5f       	subi	r24, 0xF4	; 244
     ff0:	9b 4d       	sbci	r25, 0xDB	; 219
     ff2:	0e 94 10 04 	call	0x820	; 0x820 <vListInsertEnd>
     ff6:	0f 90       	pop	r0
     ff8:	0f be       	out	0x3f, r0	; 63
     ffa:	80 91 d5 23 	lds	r24, 0x23D5	; 0x8023d5 <xSchedulerRunning>
     ffe:	88 23       	and	r24, r24
    1000:	51 f0       	breq	.+20     	; 0x1016 <xTaskCreate+0x1b8>
    1002:	e0 91 66 24 	lds	r30, 0x2466	; 0x802466 <pxCurrentTCB>
    1006:	f0 91 67 24 	lds	r31, 0x2467	; 0x802467 <pxCurrentTCB+0x1>
    100a:	96 89       	ldd	r25, Z+22	; 0x16
    100c:	d6 01       	movw	r26, r12
    100e:	56 96       	adiw	r26, 0x16	; 22
    1010:	8c 91       	ld	r24, X
    1012:	98 17       	cp	r25, r24
    1014:	b0 f0       	brcs	.+44     	; 0x1042 <xTaskCreate+0x1e4>
    1016:	81 e0       	ldi	r24, 0x01	; 1
    1018:	df 91       	pop	r29
    101a:	cf 91       	pop	r28
    101c:	1f 91       	pop	r17
    101e:	0f 91       	pop	r16
    1020:	ff 90       	pop	r15
    1022:	ef 90       	pop	r14
    1024:	df 90       	pop	r13
    1026:	cf 90       	pop	r12
    1028:	bf 90       	pop	r11
    102a:	af 90       	pop	r10
    102c:	9f 90       	pop	r9
    102e:	8f 90       	pop	r8
    1030:	7f 90       	pop	r7
    1032:	6f 90       	pop	r6
    1034:	5f 90       	pop	r5
    1036:	08 95       	ret
    1038:	80 93 d6 23 	sts	0x23D6, r24	; 0x8023d6 <uxTopReadyPriority>
    103c:	cd cf       	rjmp	.-102    	; 0xfd8 <xTaskCreate+0x17a>
    103e:	09 e0       	ldi	r16, 0x09	; 9
    1040:	5d cf       	rjmp	.-326    	; 0xefc <xTaskCreate+0x9e>
    1042:	0e 94 02 05 	call	0xa04	; 0xa04 <vPortYield>
    1046:	81 e0       	ldi	r24, 0x01	; 1
    1048:	e7 cf       	rjmp	.-50     	; 0x1018 <xTaskCreate+0x1ba>
    104a:	c8 01       	movw	r24, r16
    104c:	0e 94 d3 03 	call	0x7a6	; 0x7a6 <vPortFree>
    1050:	8f ef       	ldi	r24, 0xFF	; 255
    1052:	e2 cf       	rjmp	.-60     	; 0x1018 <xTaskCreate+0x1ba>
    1054:	60 e6       	ldi	r22, 0x60	; 96
    1056:	73 e0       	ldi	r23, 0x03	; 3
    1058:	8a e1       	ldi	r24, 0x1A	; 26
    105a:	90 e2       	ldi	r25, 0x20	; 32
    105c:	0e 94 c2 0c 	call	0x1984	; 0x1984 <vAssertCalled>
    1060:	f6 01       	movw	r30, r12
    1062:	87 89       	ldd	r24, Z+23	; 0x17
    1064:	90 8d       	ldd	r25, Z+24	; 0x18
    1066:	27 cf       	rjmp	.-434    	; 0xeb6 <xTaskCreate+0x58>
    1068:	0c e0       	ldi	r16, 0x0C	; 12
    106a:	14 e2       	ldi	r17, 0x24	; 36
    106c:	56 e6       	ldi	r21, 0x66	; 102
    106e:	e5 2e       	mov	r14, r21
    1070:	54 e2       	ldi	r21, 0x24	; 36
    1072:	f5 2e       	mov	r15, r21
    1074:	c8 01       	movw	r24, r16
    1076:	0e 94 fe 03 	call	0x7fc	; 0x7fc <vListInitialise>
    107a:	07 5f       	subi	r16, 0xF7	; 247
    107c:	1f 4f       	sbci	r17, 0xFF	; 255
    107e:	e0 16       	cp	r14, r16
    1080:	f1 06       	cpc	r15, r17
    1082:	c1 f7       	brne	.-16     	; 0x1074 <xTaskCreate+0x216>
    1084:	83 e0       	ldi	r24, 0x03	; 3
    1086:	94 e2       	ldi	r25, 0x24	; 36
    1088:	0e 94 fe 03 	call	0x7fc	; 0x7fc <vListInitialise>
    108c:	8a ef       	ldi	r24, 0xFA	; 250
    108e:	93 e2       	ldi	r25, 0x23	; 35
    1090:	0e 94 fe 03 	call	0x7fc	; 0x7fc <vListInitialise>
    1094:	8d ee       	ldi	r24, 0xED	; 237
    1096:	93 e2       	ldi	r25, 0x23	; 35
    1098:	0e 94 fe 03 	call	0x7fc	; 0x7fc <vListInitialise>
    109c:	84 ee       	ldi	r24, 0xE4	; 228
    109e:	93 e2       	ldi	r25, 0x23	; 35
    10a0:	0e 94 fe 03 	call	0x7fc	; 0x7fc <vListInitialise>
    10a4:	8a ed       	ldi	r24, 0xDA	; 218
    10a6:	93 e2       	ldi	r25, 0x23	; 35
    10a8:	0e 94 fe 03 	call	0x7fc	; 0x7fc <vListInitialise>
    10ac:	83 e0       	ldi	r24, 0x03	; 3
    10ae:	94 e2       	ldi	r25, 0x24	; 36
    10b0:	80 93 f8 23 	sts	0x23F8, r24	; 0x8023f8 <pxDelayedTaskList>
    10b4:	90 93 f9 23 	sts	0x23F9, r25	; 0x8023f9 <pxDelayedTaskList+0x1>
    10b8:	8a ef       	ldi	r24, 0xFA	; 250
    10ba:	93 e2       	ldi	r25, 0x23	; 35
    10bc:	80 93 f6 23 	sts	0x23F6, r24	; 0x8023f6 <pxOverflowDelayedTaskList>
    10c0:	90 93 f7 23 	sts	0x23F7, r25	; 0x8023f7 <pxOverflowDelayedTaskList+0x1>
    10c4:	f6 01       	movw	r30, r12
    10c6:	86 89       	ldd	r24, Z+22	; 0x16
    10c8:	7c cf       	rjmp	.-264    	; 0xfc2 <xTaskCreate+0x164>

000010ca <eTaskGetState>:
    10ca:	cf 93       	push	r28
    10cc:	df 93       	push	r29
    10ce:	ec 01       	movw	r28, r24
    10d0:	89 2b       	or	r24, r25
    10d2:	09 f4       	brne	.+2      	; 0x10d6 <eTaskGetState+0xc>
    10d4:	3a c0       	rjmp	.+116    	; 0x114a <eTaskGetState+0x80>
    10d6:	80 91 66 24 	lds	r24, 0x2466	; 0x802466 <pxCurrentTCB>
    10da:	90 91 67 24 	lds	r25, 0x2467	; 0x802467 <pxCurrentTCB+0x1>
    10de:	c8 17       	cp	r28, r24
    10e0:	d9 07       	cpc	r29, r25
    10e2:	79 f1       	breq	.+94     	; 0x1142 <eTaskGetState+0x78>
    10e4:	0f b6       	in	r0, 0x3f	; 63
    10e6:	f8 94       	cli
    10e8:	0f 92       	push	r0
    10ea:	8a 85       	ldd	r24, Y+10	; 0x0a
    10ec:	9b 85       	ldd	r25, Y+11	; 0x0b
    10ee:	20 91 f8 23 	lds	r18, 0x23F8	; 0x8023f8 <pxDelayedTaskList>
    10f2:	30 91 f9 23 	lds	r19, 0x23F9	; 0x8023f9 <pxDelayedTaskList+0x1>
    10f6:	40 91 f6 23 	lds	r20, 0x23F6	; 0x8023f6 <pxOverflowDelayedTaskList>
    10fa:	50 91 f7 23 	lds	r21, 0x23F7	; 0x8023f7 <pxOverflowDelayedTaskList+0x1>
    10fe:	0f 90       	pop	r0
    1100:	0f be       	out	0x3f, r0	; 63
    1102:	82 17       	cp	r24, r18
    1104:	93 07       	cpc	r25, r19
    1106:	a9 f0       	breq	.+42     	; 0x1132 <eTaskGetState+0x68>
    1108:	84 17       	cp	r24, r20
    110a:	95 07       	cpc	r25, r21
    110c:	91 f0       	breq	.+36     	; 0x1132 <eTaskGetState+0x68>
    110e:	23 e2       	ldi	r18, 0x23	; 35
    1110:	8a 3d       	cpi	r24, 0xDA	; 218
    1112:	92 07       	cpc	r25, r18
    1114:	51 f0       	breq	.+20     	; 0x112a <eTaskGetState+0x60>
    1116:	23 e2       	ldi	r18, 0x23	; 35
    1118:	84 3e       	cpi	r24, 0xE4	; 228
    111a:	92 07       	cpc	r25, r18
    111c:	71 f0       	breq	.+28     	; 0x113a <eTaskGetState+0x70>
    111e:	89 2b       	or	r24, r25
    1120:	61 f0       	breq	.+24     	; 0x113a <eTaskGetState+0x70>
    1122:	81 e0       	ldi	r24, 0x01	; 1
    1124:	df 91       	pop	r29
    1126:	cf 91       	pop	r28
    1128:	08 95       	ret
    112a:	8c 89       	ldd	r24, Y+20	; 0x14
    112c:	9d 89       	ldd	r25, Y+21	; 0x15
    112e:	89 2b       	or	r24, r25
    1130:	99 f0       	breq	.+38     	; 0x1158 <eTaskGetState+0x8e>
    1132:	82 e0       	ldi	r24, 0x02	; 2
    1134:	df 91       	pop	r29
    1136:	cf 91       	pop	r28
    1138:	08 95       	ret
    113a:	84 e0       	ldi	r24, 0x04	; 4
    113c:	df 91       	pop	r29
    113e:	cf 91       	pop	r28
    1140:	08 95       	ret
    1142:	80 e0       	ldi	r24, 0x00	; 0
    1144:	df 91       	pop	r29
    1146:	cf 91       	pop	r28
    1148:	08 95       	ret
    114a:	6c e4       	ldi	r22, 0x4C	; 76
    114c:	75 e0       	ldi	r23, 0x05	; 5
    114e:	8a e1       	ldi	r24, 0x1A	; 26
    1150:	90 e2       	ldi	r25, 0x20	; 32
    1152:	0e 94 c2 0c 	call	0x1984	; 0x1984 <vAssertCalled>
    1156:	bf cf       	rjmp	.-130    	; 0x10d6 <eTaskGetState+0xc>
    1158:	8f a5       	ldd	r24, Y+47	; 0x2f
    115a:	81 30       	cpi	r24, 0x01	; 1
    115c:	51 f3       	breq	.-44     	; 0x1132 <eTaskGetState+0x68>
    115e:	83 e0       	ldi	r24, 0x03	; 3
    1160:	e1 cf       	rjmp	.-62     	; 0x1124 <eTaskGetState+0x5a>

00001162 <vTaskSuspend>:
    1162:	0f 93       	push	r16
    1164:	1f 93       	push	r17
    1166:	cf 93       	push	r28
    1168:	df 93       	push	r29
    116a:	ec 01       	movw	r28, r24
    116c:	0f b6       	in	r0, 0x3f	; 63
    116e:	f8 94       	cli
    1170:	0f 92       	push	r0
    1172:	89 2b       	or	r24, r25
    1174:	09 f4       	brne	.+2      	; 0x1178 <vTaskSuspend+0x16>
    1176:	62 c0       	rjmp	.+196    	; 0x123c <vTaskSuspend+0xda>
    1178:	8e 01       	movw	r16, r28
    117a:	0e 5f       	subi	r16, 0xFE	; 254
    117c:	1f 4f       	sbci	r17, 0xFF	; 255
    117e:	c8 01       	movw	r24, r16
    1180:	0e 94 31 04 	call	0x862	; 0x862 <uxListRemove>
    1184:	8c 89       	ldd	r24, Y+20	; 0x14
    1186:	9d 89       	ldd	r25, Y+21	; 0x15
    1188:	89 2b       	or	r24, r25
    118a:	21 f0       	breq	.+8      	; 0x1194 <vTaskSuspend+0x32>
    118c:	ce 01       	movw	r24, r28
    118e:	0c 96       	adiw	r24, 0x0c	; 12
    1190:	0e 94 31 04 	call	0x862	; 0x862 <uxListRemove>
    1194:	b8 01       	movw	r22, r16
    1196:	8a ed       	ldi	r24, 0xDA	; 218
    1198:	93 e2       	ldi	r25, 0x23	; 35
    119a:	0e 94 10 04 	call	0x820	; 0x820 <vListInsertEnd>
    119e:	8f a5       	ldd	r24, Y+47	; 0x2f
    11a0:	81 30       	cpi	r24, 0x01	; 1
    11a2:	21 f1       	breq	.+72     	; 0x11ec <vTaskSuspend+0x8a>
    11a4:	0f 90       	pop	r0
    11a6:	0f be       	out	0x3f, r0	; 63
    11a8:	80 91 d5 23 	lds	r24, 0x23D5	; 0x8023d5 <xSchedulerRunning>
    11ac:	88 23       	and	r24, r24
    11ae:	91 f0       	breq	.+36     	; 0x11d4 <vTaskSuspend+0x72>
    11b0:	0f b6       	in	r0, 0x3f	; 63
    11b2:	f8 94       	cli
    11b4:	0f 92       	push	r0
    11b6:	e0 91 f8 23 	lds	r30, 0x23F8	; 0x8023f8 <pxDelayedTaskList>
    11ba:	f0 91 f9 23 	lds	r31, 0x23F9	; 0x8023f9 <pxDelayedTaskList+0x1>
    11be:	80 81       	ld	r24, Z
    11c0:	81 11       	cpse	r24, r1
    11c2:	2b c0       	rjmp	.+86     	; 0x121a <vTaskSuspend+0xb8>
    11c4:	8f ef       	ldi	r24, 0xFF	; 255
    11c6:	9f ef       	ldi	r25, 0xFF	; 255
    11c8:	80 93 cf 23 	sts	0x23CF, r24	; 0x8023cf <xNextTaskUnblockTime>
    11cc:	90 93 d0 23 	sts	0x23D0, r25	; 0x8023d0 <xNextTaskUnblockTime+0x1>
    11d0:	0f 90       	pop	r0
    11d2:	0f be       	out	0x3f, r0	; 63
    11d4:	80 91 66 24 	lds	r24, 0x2466	; 0x802466 <pxCurrentTCB>
    11d8:	90 91 67 24 	lds	r25, 0x2467	; 0x802467 <pxCurrentTCB+0x1>
    11dc:	c8 17       	cp	r28, r24
    11de:	d9 07       	cpc	r29, r25
    11e0:	39 f0       	breq	.+14     	; 0x11f0 <vTaskSuspend+0x8e>
    11e2:	df 91       	pop	r29
    11e4:	cf 91       	pop	r28
    11e6:	1f 91       	pop	r17
    11e8:	0f 91       	pop	r16
    11ea:	08 95       	ret
    11ec:	1f a6       	std	Y+47, r1	; 0x2f
    11ee:	da cf       	rjmp	.-76     	; 0x11a4 <vTaskSuspend+0x42>
    11f0:	80 91 d5 23 	lds	r24, 0x23D5	; 0x8023d5 <xSchedulerRunning>
    11f4:	88 23       	and	r24, r24
    11f6:	a1 f0       	breq	.+40     	; 0x1220 <vTaskSuspend+0xbe>
    11f8:	80 91 cc 23 	lds	r24, 0x23CC	; 0x8023cc <uxSchedulerSuspended>
    11fc:	88 23       	and	r24, r24
    11fe:	31 f0       	breq	.+12     	; 0x120c <vTaskSuspend+0xaa>
    1200:	68 ec       	ldi	r22, 0xC8	; 200
    1202:	76 e0       	ldi	r23, 0x06	; 6
    1204:	8a e1       	ldi	r24, 0x1A	; 26
    1206:	90 e2       	ldi	r25, 0x20	; 32
    1208:	0e 94 c2 0c 	call	0x1984	; 0x1984 <vAssertCalled>
    120c:	0e 94 02 05 	call	0xa04	; 0xa04 <vPortYield>
    1210:	df 91       	pop	r29
    1212:	cf 91       	pop	r28
    1214:	1f 91       	pop	r17
    1216:	0f 91       	pop	r16
    1218:	08 95       	ret
    121a:	0e 94 5c 06 	call	0xcb8	; 0xcb8 <prvResetNextTaskUnblockTime.part.0>
    121e:	d8 cf       	rjmp	.-80     	; 0x11d0 <vTaskSuspend+0x6e>
    1220:	90 91 da 23 	lds	r25, 0x23DA	; 0x8023da <xSuspendedTaskList>
    1224:	80 91 d9 23 	lds	r24, 0x23D9	; 0x8023d9 <uxCurrentNumberOfTasks>
    1228:	98 17       	cp	r25, r24
    122a:	99 f0       	breq	.+38     	; 0x1252 <vTaskSuspend+0xf0>
    122c:	80 91 cc 23 	lds	r24, 0x23CC	; 0x8023cc <uxSchedulerSuspended>
    1230:	88 23       	and	r24, r24
    1232:	49 f0       	breq	.+18     	; 0x1246 <vTaskSuspend+0xe4>
    1234:	81 e0       	ldi	r24, 0x01	; 1
    1236:	80 93 d3 23 	sts	0x23D3, r24	; 0x8023d3 <xYieldPending>
    123a:	d3 cf       	rjmp	.-90     	; 0x11e2 <vTaskSuspend+0x80>
    123c:	c0 91 66 24 	lds	r28, 0x2466	; 0x802466 <pxCurrentTCB>
    1240:	d0 91 67 24 	lds	r29, 0x2467	; 0x802467 <pxCurrentTCB+0x1>
    1244:	99 cf       	rjmp	.-206    	; 0x1178 <vTaskSuspend+0x16>
    1246:	df 91       	pop	r29
    1248:	cf 91       	pop	r28
    124a:	1f 91       	pop	r17
    124c:	0f 91       	pop	r16
    124e:	0c 94 6d 06 	jmp	0xcda	; 0xcda <vTaskSwitchContext.part.5>
    1252:	10 92 66 24 	sts	0x2466, r1	; 0x802466 <pxCurrentTCB>
    1256:	10 92 67 24 	sts	0x2467, r1	; 0x802467 <pxCurrentTCB+0x1>
    125a:	c3 cf       	rjmp	.-122    	; 0x11e2 <vTaskSuspend+0x80>

0000125c <vTaskStartScheduler>:
    125c:	ef 92       	push	r14
    125e:	ff 92       	push	r15
    1260:	0f 93       	push	r16
    1262:	8d ec       	ldi	r24, 0xCD	; 205
    1264:	e8 2e       	mov	r14, r24
    1266:	83 e2       	ldi	r24, 0x23	; 35
    1268:	f8 2e       	mov	r15, r24
    126a:	00 e0       	ldi	r16, 0x00	; 0
    126c:	20 e0       	ldi	r18, 0x00	; 0
    126e:	30 e0       	ldi	r19, 0x00	; 0
    1270:	40 e0       	ldi	r20, 0x00	; 0
    1272:	51 e0       	ldi	r21, 0x01	; 1
    1274:	6e e2       	ldi	r22, 0x2E	; 46
    1276:	70 e2       	ldi	r23, 0x20	; 32
    1278:	8e e2       	ldi	r24, 0x2E	; 46
    127a:	96 e0       	ldi	r25, 0x06	; 6
    127c:	0e 94 2f 07 	call	0xe5e	; 0xe5e <xTaskCreate>
    1280:	81 30       	cpi	r24, 0x01	; 1
    1282:	79 f0       	breq	.+30     	; 0x12a2 <vTaskStartScheduler+0x46>
    1284:	8f 3f       	cpi	r24, 0xFF	; 255
    1286:	21 f0       	breq	.+8      	; 0x1290 <vTaskStartScheduler+0x34>
    1288:	0f 91       	pop	r16
    128a:	ff 90       	pop	r15
    128c:	ef 90       	pop	r14
    128e:	08 95       	ret
    1290:	67 e0       	ldi	r22, 0x07	; 7
    1292:	78 e0       	ldi	r23, 0x08	; 8
    1294:	8a e1       	ldi	r24, 0x1A	; 26
    1296:	90 e2       	ldi	r25, 0x20	; 32
    1298:	0f 91       	pop	r16
    129a:	ff 90       	pop	r15
    129c:	ef 90       	pop	r14
    129e:	0c 94 c2 0c 	jmp	0x1984	; 0x1984 <vAssertCalled>
    12a2:	f8 94       	cli
    12a4:	2f ef       	ldi	r18, 0xFF	; 255
    12a6:	3f ef       	ldi	r19, 0xFF	; 255
    12a8:	20 93 cf 23 	sts	0x23CF, r18	; 0x8023cf <xNextTaskUnblockTime>
    12ac:	30 93 d0 23 	sts	0x23D0, r19	; 0x8023d0 <xNextTaskUnblockTime+0x1>
    12b0:	80 93 d5 23 	sts	0x23D5, r24	; 0x8023d5 <xSchedulerRunning>
    12b4:	10 92 d7 23 	sts	0x23D7, r1	; 0x8023d7 <xTickCount>
    12b8:	10 92 d8 23 	sts	0x23D8, r1	; 0x8023d8 <xTickCount+0x1>
    12bc:	0e 94 ce 05 	call	0xb9c	; 0xb9c <vConfigureTimerForRunTimeStats>
    12c0:	0f 91       	pop	r16
    12c2:	ff 90       	pop	r15
    12c4:	ef 90       	pop	r14
    12c6:	0c 94 c5 04 	jmp	0x98a	; 0x98a <xPortStartScheduler>

000012ca <vTaskSuspendAll>:
    12ca:	80 91 cc 23 	lds	r24, 0x23CC	; 0x8023cc <uxSchedulerSuspended>
    12ce:	8f 5f       	subi	r24, 0xFF	; 255
    12d0:	80 93 cc 23 	sts	0x23CC, r24	; 0x8023cc <uxSchedulerSuspended>
    12d4:	08 95       	ret

000012d6 <xTaskIncrementTick>:
    12d6:	df 92       	push	r13
    12d8:	ef 92       	push	r14
    12da:	ff 92       	push	r15
    12dc:	0f 93       	push	r16
    12de:	1f 93       	push	r17
    12e0:	cf 93       	push	r28
    12e2:	df 93       	push	r29
    12e4:	80 91 cc 23 	lds	r24, 0x23CC	; 0x8023cc <uxSchedulerSuspended>
    12e8:	81 11       	cpse	r24, r1
    12ea:	b9 c0       	rjmp	.+370    	; 0x145e <xTaskIncrementTick+0x188>
    12ec:	e0 90 d7 23 	lds	r14, 0x23D7	; 0x8023d7 <xTickCount>
    12f0:	f0 90 d8 23 	lds	r15, 0x23D8	; 0x8023d8 <xTickCount+0x1>
    12f4:	8f ef       	ldi	r24, 0xFF	; 255
    12f6:	e8 1a       	sub	r14, r24
    12f8:	f8 0a       	sbc	r15, r24
    12fa:	e0 92 d7 23 	sts	0x23D7, r14	; 0x8023d7 <xTickCount>
    12fe:	f0 92 d8 23 	sts	0x23D8, r15	; 0x8023d8 <xTickCount+0x1>
    1302:	e1 14       	cp	r14, r1
    1304:	f1 04       	cpc	r15, r1
    1306:	49 f5       	brne	.+82     	; 0x135a <xTaskIncrementTick+0x84>
    1308:	e0 91 f8 23 	lds	r30, 0x23F8	; 0x8023f8 <pxDelayedTaskList>
    130c:	f0 91 f9 23 	lds	r31, 0x23F9	; 0x8023f9 <pxDelayedTaskList+0x1>
    1310:	80 81       	ld	r24, Z
    1312:	81 11       	cpse	r24, r1
    1314:	ab c0       	rjmp	.+342    	; 0x146c <xTaskIncrementTick+0x196>
    1316:	80 91 f8 23 	lds	r24, 0x23F8	; 0x8023f8 <pxDelayedTaskList>
    131a:	90 91 f9 23 	lds	r25, 0x23F9	; 0x8023f9 <pxDelayedTaskList+0x1>
    131e:	20 91 f6 23 	lds	r18, 0x23F6	; 0x8023f6 <pxOverflowDelayedTaskList>
    1322:	30 91 f7 23 	lds	r19, 0x23F7	; 0x8023f7 <pxOverflowDelayedTaskList+0x1>
    1326:	20 93 f8 23 	sts	0x23F8, r18	; 0x8023f8 <pxDelayedTaskList>
    132a:	30 93 f9 23 	sts	0x23F9, r19	; 0x8023f9 <pxDelayedTaskList+0x1>
    132e:	80 93 f6 23 	sts	0x23F6, r24	; 0x8023f6 <pxOverflowDelayedTaskList>
    1332:	90 93 f7 23 	sts	0x23F7, r25	; 0x8023f7 <pxOverflowDelayedTaskList+0x1>
    1336:	80 91 d2 23 	lds	r24, 0x23D2	; 0x8023d2 <xNumOfOverflows>
    133a:	8f 5f       	subi	r24, 0xFF	; 255
    133c:	80 93 d2 23 	sts	0x23D2, r24	; 0x8023d2 <xNumOfOverflows>
    1340:	e0 91 f8 23 	lds	r30, 0x23F8	; 0x8023f8 <pxDelayedTaskList>
    1344:	f0 91 f9 23 	lds	r31, 0x23F9	; 0x8023f9 <pxDelayedTaskList+0x1>
    1348:	80 81       	ld	r24, Z
    134a:	81 11       	cpse	r24, r1
    134c:	96 c0       	rjmp	.+300    	; 0x147a <xTaskIncrementTick+0x1a4>
    134e:	8f ef       	ldi	r24, 0xFF	; 255
    1350:	9f ef       	ldi	r25, 0xFF	; 255
    1352:	80 93 cf 23 	sts	0x23CF, r24	; 0x8023cf <xNextTaskUnblockTime>
    1356:	90 93 d0 23 	sts	0x23D0, r25	; 0x8023d0 <xNextTaskUnblockTime+0x1>
    135a:	80 91 cf 23 	lds	r24, 0x23CF	; 0x8023cf <xNextTaskUnblockTime>
    135e:	90 91 d0 23 	lds	r25, 0x23D0	; 0x8023d0 <xNextTaskUnblockTime+0x1>
    1362:	d1 2c       	mov	r13, r1
    1364:	e8 16       	cp	r14, r24
    1366:	f9 06       	cpc	r15, r25
    1368:	08 f4       	brcc	.+2      	; 0x136c <xTaskIncrementTick+0x96>
    136a:	53 c0       	rjmp	.+166    	; 0x1412 <xTaskIncrementTick+0x13c>
    136c:	e0 91 f8 23 	lds	r30, 0x23F8	; 0x8023f8 <pxDelayedTaskList>
    1370:	f0 91 f9 23 	lds	r31, 0x23F9	; 0x8023f9 <pxDelayedTaskList+0x1>
    1374:	80 81       	ld	r24, Z
    1376:	88 23       	and	r24, r24
    1378:	09 f4       	brne	.+2      	; 0x137c <xTaskIncrementTick+0xa6>
    137a:	45 c0       	rjmp	.+138    	; 0x1406 <xTaskIncrementTick+0x130>
    137c:	e0 91 f8 23 	lds	r30, 0x23F8	; 0x8023f8 <pxDelayedTaskList>
    1380:	f0 91 f9 23 	lds	r31, 0x23F9	; 0x8023f9 <pxDelayedTaskList+0x1>
    1384:	05 80       	ldd	r0, Z+5	; 0x05
    1386:	f6 81       	ldd	r31, Z+6	; 0x06
    1388:	e0 2d       	mov	r30, r0
    138a:	c6 81       	ldd	r28, Z+6	; 0x06
    138c:	d7 81       	ldd	r29, Z+7	; 0x07
    138e:	8a 81       	ldd	r24, Y+2	; 0x02
    1390:	9b 81       	ldd	r25, Y+3	; 0x03
    1392:	e8 16       	cp	r14, r24
    1394:	f9 06       	cpc	r15, r25
    1396:	08 f4       	brcc	.+2      	; 0x139a <xTaskIncrementTick+0xc4>
    1398:	73 c0       	rjmp	.+230    	; 0x1480 <xTaskIncrementTick+0x1aa>
    139a:	8e 01       	movw	r16, r28
    139c:	0e 5f       	subi	r16, 0xFE	; 254
    139e:	1f 4f       	sbci	r17, 0xFF	; 255
    13a0:	c8 01       	movw	r24, r16
    13a2:	0e 94 31 04 	call	0x862	; 0x862 <uxListRemove>
    13a6:	8c 89       	ldd	r24, Y+20	; 0x14
    13a8:	9d 89       	ldd	r25, Y+21	; 0x15
    13aa:	89 2b       	or	r24, r25
    13ac:	21 f0       	breq	.+8      	; 0x13b6 <xTaskIncrementTick+0xe0>
    13ae:	ce 01       	movw	r24, r28
    13b0:	0c 96       	adiw	r24, 0x0c	; 12
    13b2:	0e 94 31 04 	call	0x862	; 0x862 <uxListRemove>
    13b6:	8e 89       	ldd	r24, Y+22	; 0x16
    13b8:	90 91 d6 23 	lds	r25, 0x23D6	; 0x8023d6 <uxTopReadyPriority>
    13bc:	98 17       	cp	r25, r24
    13be:	10 f4       	brcc	.+4      	; 0x13c4 <xTaskIncrementTick+0xee>
    13c0:	80 93 d6 23 	sts	0x23D6, r24	; 0x8023d6 <uxTopReadyPriority>
    13c4:	90 e0       	ldi	r25, 0x00	; 0
    13c6:	9c 01       	movw	r18, r24
    13c8:	22 0f       	add	r18, r18
    13ca:	33 1f       	adc	r19, r19
    13cc:	22 0f       	add	r18, r18
    13ce:	33 1f       	adc	r19, r19
    13d0:	22 0f       	add	r18, r18
    13d2:	33 1f       	adc	r19, r19
    13d4:	82 0f       	add	r24, r18
    13d6:	93 1f       	adc	r25, r19
    13d8:	b8 01       	movw	r22, r16
    13da:	84 5f       	subi	r24, 0xF4	; 244
    13dc:	9b 4d       	sbci	r25, 0xDB	; 219
    13de:	0e 94 10 04 	call	0x820	; 0x820 <vListInsertEnd>
    13e2:	e0 91 66 24 	lds	r30, 0x2466	; 0x802466 <pxCurrentTCB>
    13e6:	f0 91 67 24 	lds	r31, 0x2467	; 0x802467 <pxCurrentTCB+0x1>
    13ea:	9e 89       	ldd	r25, Y+22	; 0x16
    13ec:	86 89       	ldd	r24, Z+22	; 0x16
    13ee:	98 17       	cp	r25, r24
    13f0:	08 f4       	brcc	.+2      	; 0x13f4 <xTaskIncrementTick+0x11e>
    13f2:	bc cf       	rjmp	.-136    	; 0x136c <xTaskIncrementTick+0x96>
    13f4:	dd 24       	eor	r13, r13
    13f6:	d3 94       	inc	r13
    13f8:	e0 91 f8 23 	lds	r30, 0x23F8	; 0x8023f8 <pxDelayedTaskList>
    13fc:	f0 91 f9 23 	lds	r31, 0x23F9	; 0x8023f9 <pxDelayedTaskList+0x1>
    1400:	80 81       	ld	r24, Z
    1402:	81 11       	cpse	r24, r1
    1404:	bb cf       	rjmp	.-138    	; 0x137c <xTaskIncrementTick+0xa6>
    1406:	8f ef       	ldi	r24, 0xFF	; 255
    1408:	9f ef       	ldi	r25, 0xFF	; 255
    140a:	80 93 cf 23 	sts	0x23CF, r24	; 0x8023cf <xNextTaskUnblockTime>
    140e:	90 93 d0 23 	sts	0x23D0, r25	; 0x8023d0 <xNextTaskUnblockTime+0x1>
    1412:	e0 91 66 24 	lds	r30, 0x2466	; 0x802466 <pxCurrentTCB>
    1416:	f0 91 67 24 	lds	r31, 0x2467	; 0x802467 <pxCurrentTCB+0x1>
    141a:	86 89       	ldd	r24, Z+22	; 0x16
    141c:	90 e0       	ldi	r25, 0x00	; 0
    141e:	fc 01       	movw	r30, r24
    1420:	ee 0f       	add	r30, r30
    1422:	ff 1f       	adc	r31, r31
    1424:	ee 0f       	add	r30, r30
    1426:	ff 1f       	adc	r31, r31
    1428:	ee 0f       	add	r30, r30
    142a:	ff 1f       	adc	r31, r31
    142c:	8e 0f       	add	r24, r30
    142e:	9f 1f       	adc	r25, r31
    1430:	fc 01       	movw	r30, r24
    1432:	e4 5f       	subi	r30, 0xF4	; 244
    1434:	fb 4d       	sbci	r31, 0xDB	; 219
    1436:	80 81       	ld	r24, Z
    1438:	82 30       	cpi	r24, 0x02	; 2
    143a:	10 f0       	brcs	.+4      	; 0x1440 <xTaskIncrementTick+0x16a>
    143c:	dd 24       	eor	r13, r13
    143e:	d3 94       	inc	r13
    1440:	80 91 d3 23 	lds	r24, 0x23D3	; 0x8023d3 <xYieldPending>
    1444:	88 23       	and	r24, r24
    1446:	11 f0       	breq	.+4      	; 0x144c <xTaskIncrementTick+0x176>
    1448:	dd 24       	eor	r13, r13
    144a:	d3 94       	inc	r13
    144c:	8d 2d       	mov	r24, r13
    144e:	df 91       	pop	r29
    1450:	cf 91       	pop	r28
    1452:	1f 91       	pop	r17
    1454:	0f 91       	pop	r16
    1456:	ff 90       	pop	r15
    1458:	ef 90       	pop	r14
    145a:	df 90       	pop	r13
    145c:	08 95       	ret
    145e:	80 91 d4 23 	lds	r24, 0x23D4	; 0x8023d4 <uxPendedTicks>
    1462:	8f 5f       	subi	r24, 0xFF	; 255
    1464:	80 93 d4 23 	sts	0x23D4, r24	; 0x8023d4 <uxPendedTicks>
    1468:	d1 2c       	mov	r13, r1
    146a:	ea cf       	rjmp	.-44     	; 0x1440 <xTaskIncrementTick+0x16a>
    146c:	66 e6       	ldi	r22, 0x66	; 102
    146e:	7a e0       	ldi	r23, 0x0A	; 10
    1470:	8a e1       	ldi	r24, 0x1A	; 26
    1472:	90 e2       	ldi	r25, 0x20	; 32
    1474:	0e 94 c2 0c 	call	0x1984	; 0x1984 <vAssertCalled>
    1478:	4e cf       	rjmp	.-356    	; 0x1316 <xTaskIncrementTick+0x40>
    147a:	0e 94 5c 06 	call	0xcb8	; 0xcb8 <prvResetNextTaskUnblockTime.part.0>
    147e:	6d cf       	rjmp	.-294    	; 0x135a <xTaskIncrementTick+0x84>
    1480:	80 93 cf 23 	sts	0x23CF, r24	; 0x8023cf <xNextTaskUnblockTime>
    1484:	90 93 d0 23 	sts	0x23D0, r25	; 0x8023d0 <xNextTaskUnblockTime+0x1>
    1488:	c4 cf       	rjmp	.-120    	; 0x1412 <xTaskIncrementTick+0x13c>

0000148a <xTaskResumeAll>:
    148a:	ff 92       	push	r15
    148c:	0f 93       	push	r16
    148e:	1f 93       	push	r17
    1490:	cf 93       	push	r28
    1492:	df 93       	push	r29
    1494:	80 91 cc 23 	lds	r24, 0x23CC	; 0x8023cc <uxSchedulerSuspended>
    1498:	88 23       	and	r24, r24
    149a:	09 f4       	brne	.+2      	; 0x149e <xTaskResumeAll+0x14>
    149c:	77 c0       	rjmp	.+238    	; 0x158c <xTaskResumeAll+0x102>
    149e:	0f b6       	in	r0, 0x3f	; 63
    14a0:	f8 94       	cli
    14a2:	0f 92       	push	r0
    14a4:	80 91 cc 23 	lds	r24, 0x23CC	; 0x8023cc <uxSchedulerSuspended>
    14a8:	81 50       	subi	r24, 0x01	; 1
    14aa:	80 93 cc 23 	sts	0x23CC, r24	; 0x8023cc <uxSchedulerSuspended>
    14ae:	80 91 cc 23 	lds	r24, 0x23CC	; 0x8023cc <uxSchedulerSuspended>
    14b2:	81 11       	cpse	r24, r1
    14b4:	62 c0       	rjmp	.+196    	; 0x157a <xTaskResumeAll+0xf0>
    14b6:	80 91 d9 23 	lds	r24, 0x23D9	; 0x8023d9 <uxCurrentNumberOfTasks>
    14ba:	88 23       	and	r24, r24
    14bc:	09 f4       	brne	.+2      	; 0x14c0 <xTaskResumeAll+0x36>
    14be:	5d c0       	rjmp	.+186    	; 0x157a <xTaskResumeAll+0xf0>
    14c0:	c0 e0       	ldi	r28, 0x00	; 0
    14c2:	d0 e0       	ldi	r29, 0x00	; 0
    14c4:	ff 24       	eor	r15, r15
    14c6:	f3 94       	inc	r15
    14c8:	80 91 ed 23 	lds	r24, 0x23ED	; 0x8023ed <xPendingReadyList>
    14cc:	88 23       	and	r24, r24
    14ce:	a1 f1       	breq	.+104    	; 0x1538 <xTaskResumeAll+0xae>
    14d0:	e0 91 f2 23 	lds	r30, 0x23F2	; 0x8023f2 <xPendingReadyList+0x5>
    14d4:	f0 91 f3 23 	lds	r31, 0x23F3	; 0x8023f3 <xPendingReadyList+0x6>
    14d8:	c6 81       	ldd	r28, Z+6	; 0x06
    14da:	d7 81       	ldd	r29, Z+7	; 0x07
    14dc:	ce 01       	movw	r24, r28
    14de:	0c 96       	adiw	r24, 0x0c	; 12
    14e0:	0e 94 31 04 	call	0x862	; 0x862 <uxListRemove>
    14e4:	8e 01       	movw	r16, r28
    14e6:	0e 5f       	subi	r16, 0xFE	; 254
    14e8:	1f 4f       	sbci	r17, 0xFF	; 255
    14ea:	c8 01       	movw	r24, r16
    14ec:	0e 94 31 04 	call	0x862	; 0x862 <uxListRemove>
    14f0:	8e 89       	ldd	r24, Y+22	; 0x16
    14f2:	90 91 d6 23 	lds	r25, 0x23D6	; 0x8023d6 <uxTopReadyPriority>
    14f6:	98 17       	cp	r25, r24
    14f8:	10 f4       	brcc	.+4      	; 0x14fe <xTaskResumeAll+0x74>
    14fa:	80 93 d6 23 	sts	0x23D6, r24	; 0x8023d6 <uxTopReadyPriority>
    14fe:	90 e0       	ldi	r25, 0x00	; 0
    1500:	9c 01       	movw	r18, r24
    1502:	22 0f       	add	r18, r18
    1504:	33 1f       	adc	r19, r19
    1506:	22 0f       	add	r18, r18
    1508:	33 1f       	adc	r19, r19
    150a:	22 0f       	add	r18, r18
    150c:	33 1f       	adc	r19, r19
    150e:	82 0f       	add	r24, r18
    1510:	93 1f       	adc	r25, r19
    1512:	b8 01       	movw	r22, r16
    1514:	84 5f       	subi	r24, 0xF4	; 244
    1516:	9b 4d       	sbci	r25, 0xDB	; 219
    1518:	0e 94 10 04 	call	0x820	; 0x820 <vListInsertEnd>
    151c:	e0 91 66 24 	lds	r30, 0x2466	; 0x802466 <pxCurrentTCB>
    1520:	f0 91 67 24 	lds	r31, 0x2467	; 0x802467 <pxCurrentTCB+0x1>
    1524:	9e 89       	ldd	r25, Y+22	; 0x16
    1526:	86 89       	ldd	r24, Z+22	; 0x16
    1528:	98 17       	cp	r25, r24
    152a:	70 f2       	brcs	.-100    	; 0x14c8 <xTaskResumeAll+0x3e>
    152c:	f0 92 d3 23 	sts	0x23D3, r15	; 0x8023d3 <xYieldPending>
    1530:	80 91 ed 23 	lds	r24, 0x23ED	; 0x8023ed <xPendingReadyList>
    1534:	81 11       	cpse	r24, r1
    1536:	cc cf       	rjmp	.-104    	; 0x14d0 <xTaskResumeAll+0x46>
    1538:	cd 2b       	or	r28, r29
    153a:	69 f0       	breq	.+26     	; 0x1556 <xTaskResumeAll+0xcc>
    153c:	e0 91 f8 23 	lds	r30, 0x23F8	; 0x8023f8 <pxDelayedTaskList>
    1540:	f0 91 f9 23 	lds	r31, 0x23F9	; 0x8023f9 <pxDelayedTaskList+0x1>
    1544:	80 81       	ld	r24, Z
    1546:	81 11       	cpse	r24, r1
    1548:	2c c0       	rjmp	.+88     	; 0x15a2 <xTaskResumeAll+0x118>
    154a:	8f ef       	ldi	r24, 0xFF	; 255
    154c:	9f ef       	ldi	r25, 0xFF	; 255
    154e:	80 93 cf 23 	sts	0x23CF, r24	; 0x8023cf <xNextTaskUnblockTime>
    1552:	90 93 d0 23 	sts	0x23D0, r25	; 0x8023d0 <xNextTaskUnblockTime+0x1>
    1556:	c0 91 d4 23 	lds	r28, 0x23D4	; 0x8023d4 <uxPendedTicks>
    155a:	cc 23       	and	r28, r28
    155c:	51 f0       	breq	.+20     	; 0x1572 <xTaskResumeAll+0xe8>
    155e:	d1 e0       	ldi	r29, 0x01	; 1
    1560:	0e 94 6b 09 	call	0x12d6	; 0x12d6 <xTaskIncrementTick>
    1564:	81 11       	cpse	r24, r1
    1566:	d0 93 d3 23 	sts	0x23D3, r29	; 0x8023d3 <xYieldPending>
    156a:	c1 50       	subi	r28, 0x01	; 1
    156c:	c9 f7       	brne	.-14     	; 0x1560 <xTaskResumeAll+0xd6>
    156e:	10 92 d4 23 	sts	0x23D4, r1	; 0x8023d4 <uxPendedTicks>
    1572:	80 91 d3 23 	lds	r24, 0x23D3	; 0x8023d3 <xYieldPending>
    1576:	81 11       	cpse	r24, r1
    1578:	10 c0       	rjmp	.+32     	; 0x159a <xTaskResumeAll+0x110>
    157a:	80 e0       	ldi	r24, 0x00	; 0
    157c:	0f 90       	pop	r0
    157e:	0f be       	out	0x3f, r0	; 63
    1580:	df 91       	pop	r29
    1582:	cf 91       	pop	r28
    1584:	1f 91       	pop	r17
    1586:	0f 91       	pop	r16
    1588:	ff 90       	pop	r15
    158a:	08 95       	ret
    158c:	6c e6       	ldi	r22, 0x6C	; 108
    158e:	78 e0       	ldi	r23, 0x08	; 8
    1590:	8a e1       	ldi	r24, 0x1A	; 26
    1592:	90 e2       	ldi	r25, 0x20	; 32
    1594:	0e 94 c2 0c 	call	0x1984	; 0x1984 <vAssertCalled>
    1598:	82 cf       	rjmp	.-252    	; 0x149e <xTaskResumeAll+0x14>
    159a:	0e 94 02 05 	call	0xa04	; 0xa04 <vPortYield>
    159e:	81 e0       	ldi	r24, 0x01	; 1
    15a0:	ed cf       	rjmp	.-38     	; 0x157c <xTaskResumeAll+0xf2>
    15a2:	0e 94 5c 06 	call	0xcb8	; 0xcb8 <prvResetNextTaskUnblockTime.part.0>
    15a6:	d7 cf       	rjmp	.-82     	; 0x1556 <xTaskResumeAll+0xcc>

000015a8 <vTaskSwitchContext>:
    15a8:	80 91 cc 23 	lds	r24, 0x23CC	; 0x8023cc <uxSchedulerSuspended>
    15ac:	81 11       	cpse	r24, r1
    15ae:	02 c0       	rjmp	.+4      	; 0x15b4 <vTaskSwitchContext+0xc>
    15b0:	0c 94 6d 06 	jmp	0xcda	; 0xcda <vTaskSwitchContext.part.5>
    15b4:	81 e0       	ldi	r24, 0x01	; 1
    15b6:	80 93 d3 23 	sts	0x23D3, r24	; 0x8023d3 <xYieldPending>
    15ba:	08 95       	ret

000015bc <vTaskGetInfo>:
/*-----------------------------------------------------------*/

#if( configUSE_TRACE_FACILITY == 1 )

	void vTaskGetInfo( TaskHandle_t xTask, TaskStatus_t *pxTaskStatus, BaseType_t xGetFreeStackSpace, eTaskState eState )
	{
    15bc:	ff 92       	push	r15
    15be:	0f 93       	push	r16
    15c0:	1f 93       	push	r17
    15c2:	cf 93       	push	r28
    15c4:	df 93       	push	r29
    15c6:	8c 01       	movw	r16, r24
    15c8:	eb 01       	movw	r28, r22
    15ca:	f4 2e       	mov	r15, r20
	TCB_t *pxTCB;

		/* xTask is NULL then get the state of the calling task. */
		pxTCB = prvGetTCBFromHandle( xTask );
    15cc:	89 2b       	or	r24, r25
    15ce:	09 f4       	brne	.+2      	; 0x15d2 <vTaskGetInfo+0x16>
    15d0:	64 c0       	rjmp	.+200    	; 0x169a <vTaskGetInfo+0xde>

		pxTaskStatus->xHandle = ( TaskHandle_t ) pxTCB;
    15d2:	08 83       	st	Y, r16
    15d4:	19 83       	std	Y+1, r17	; 0x01
		pxTaskStatus->pcTaskName = ( const char * ) &( pxTCB->pcTaskName [ 0 ] );
    15d6:	c8 01       	movw	r24, r16
    15d8:	49 96       	adiw	r24, 0x19	; 25
    15da:	8a 83       	std	Y+2, r24	; 0x02
    15dc:	9b 83       	std	Y+3, r25	; 0x03
		pxTaskStatus->uxCurrentPriority = pxTCB->uxPriority;
    15de:	d8 01       	movw	r26, r16
    15e0:	56 96       	adiw	r26, 0x16	; 22
    15e2:	8c 91       	ld	r24, X
    15e4:	56 97       	sbiw	r26, 0x16	; 22
    15e6:	8e 83       	std	Y+6, r24	; 0x06
		pxTaskStatus->pxStackBase = pxTCB->pxStack;
    15e8:	57 96       	adiw	r26, 0x17	; 23
    15ea:	8d 91       	ld	r24, X+
    15ec:	9c 91       	ld	r25, X
    15ee:	58 97       	sbiw	r26, 0x18	; 24
    15f0:	8c 87       	std	Y+12, r24	; 0x0c
    15f2:	9d 87       	std	Y+13, r25	; 0x0d
		pxTaskStatus->xTaskNumber = pxTCB->uxTCBNumber;
    15f4:	91 96       	adiw	r26, 0x21	; 33
    15f6:	8c 91       	ld	r24, X
    15f8:	91 97       	sbiw	r26, 0x21	; 33
    15fa:	8c 83       	std	Y+4, r24	; 0x04

		#if ( configUSE_MUTEXES == 1 )
		{
			pxTaskStatus->uxBasePriority = pxTCB->uxBasePriority;
    15fc:	93 96       	adiw	r26, 0x23	; 35
    15fe:	8c 91       	ld	r24, X
    1600:	93 97       	sbiw	r26, 0x23	; 35
    1602:	8f 83       	std	Y+7, r24	; 0x07
		}
		#endif

		#if ( configGENERATE_RUN_TIME_STATS == 1 )
		{
			pxTaskStatus->ulRunTimeCounter = pxTCB->ulRunTimeCounter;
    1604:	97 96       	adiw	r26, 0x27	; 39
    1606:	8d 91       	ld	r24, X+
    1608:	9d 91       	ld	r25, X+
    160a:	0d 90       	ld	r0, X+
    160c:	bc 91       	ld	r27, X
    160e:	a0 2d       	mov	r26, r0
    1610:	88 87       	std	Y+8, r24	; 0x08
    1612:	99 87       	std	Y+9, r25	; 0x09
    1614:	aa 87       	std	Y+10, r26	; 0x0a
    1616:	bb 87       	std	Y+11, r27	; 0x0b
		#endif

		/* Obtaining the task state is a little fiddly, so is only done if the
		value of eState passed into this function is eInvalid - otherwise the
		state is just set to whatever is passed in. */
		if( eState != eInvalid )
    1618:	25 30       	cpi	r18, 0x05	; 5
    161a:	09 f4       	brne	.+2      	; 0x161e <vTaskGetInfo+0x62>
    161c:	43 c0       	rjmp	.+134    	; 0x16a4 <vTaskGetInfo+0xe8>
		{
			if( pxTCB == pxCurrentTCB )
    161e:	80 91 66 24 	lds	r24, 0x2466	; 0x802466 <pxCurrentTCB>
    1622:	90 91 67 24 	lds	r25, 0x2467	; 0x802467 <pxCurrentTCB+0x1>
    1626:	08 17       	cp	r16, r24
    1628:	19 07       	cpc	r17, r25
    162a:	09 f4       	brne	.+2      	; 0x162e <vTaskGetInfo+0x72>
    162c:	40 c0       	rjmp	.+128    	; 0x16ae <vTaskGetInfo+0xf2>
			{
				pxTaskStatus->eCurrentState = eRunning;
			}
			else
			{
				pxTaskStatus->eCurrentState = eState;
    162e:	2d 83       	std	Y+5, r18	; 0x05
				#if ( INCLUDE_vTaskSuspend == 1 )
				{
					/* If the task is in the suspended list then there is a
					chance it is actually just blocked indefinitely - so really
					it should be reported as being in the Blocked state. */
					if( eState == eSuspended )
    1630:	23 30       	cpi	r18, 0x03	; 3
    1632:	21 f1       	breq	.+72     	; 0x167c <vTaskGetInfo+0xc0>
			pxTaskStatus->eCurrentState = eTaskGetState( pxTCB );
		}

		/* Obtaining the stack space takes some time, so the xGetFreeStackSpace
		parameter is provided to allow it to be skipped. */
		if( xGetFreeStackSpace != pdFALSE )
    1634:	ff 20       	and	r15, r15
    1636:	d1 f0       	breq	.+52     	; 0x166c <vTaskGetInfo+0xb0>
			{
				pxTaskStatus->usStackHighWaterMark = prvTaskCheckFreeStackSpace( ( uint8_t * ) pxTCB->pxEndOfStack );
			}
			#else
			{
				pxTaskStatus->usStackHighWaterMark = prvTaskCheckFreeStackSpace( ( uint8_t * ) pxTCB->pxStack );
    1638:	d8 01       	movw	r26, r16
    163a:	57 96       	adiw	r26, 0x17	; 23
    163c:	ed 91       	ld	r30, X+
    163e:	fc 91       	ld	r31, X
    1640:	58 97       	sbiw	r26, 0x18	; 24

	static configSTACK_DEPTH_TYPE prvTaskCheckFreeStackSpace( const uint8_t * pucStackByte )
	{
	uint32_t ulCount = 0U;

		while( *pucStackByte == ( uint8_t ) tskSTACK_FILL_BYTE )
    1642:	80 81       	ld	r24, Z
    1644:	85 3a       	cpi	r24, 0xA5	; 165
    1646:	a9 f5       	brne	.+106    	; 0x16b2 <vTaskGetInfo+0xf6>
    1648:	31 96       	adiw	r30, 0x01	; 1
    164a:	80 e0       	ldi	r24, 0x00	; 0
    164c:	90 e0       	ldi	r25, 0x00	; 0
    164e:	dc 01       	movw	r26, r24
		{
			pucStackByte -= portSTACK_GROWTH;
			ulCount++;
    1650:	01 96       	adiw	r24, 0x01	; 1
    1652:	a1 1d       	adc	r26, r1
    1654:	b1 1d       	adc	r27, r1

	static configSTACK_DEPTH_TYPE prvTaskCheckFreeStackSpace( const uint8_t * pucStackByte )
	{
	uint32_t ulCount = 0U;

		while( *pucStackByte == ( uint8_t ) tskSTACK_FILL_BYTE )
    1656:	21 91       	ld	r18, Z+
    1658:	25 3a       	cpi	r18, 0xA5	; 165
    165a:	d1 f3       	breq	.-12     	; 0x1650 <vTaskGetInfo+0x94>
			{
				pxTaskStatus->usStackHighWaterMark = prvTaskCheckFreeStackSpace( ( uint8_t * ) pxTCB->pxEndOfStack );
			}
			#else
			{
				pxTaskStatus->usStackHighWaterMark = prvTaskCheckFreeStackSpace( ( uint8_t * ) pxTCB->pxStack );
    165c:	8e 87       	std	Y+14, r24	; 0x0e
    165e:	9f 87       	std	Y+15, r25	; 0x0f
		}
		else
		{
			pxTaskStatus->usStackHighWaterMark = 0;
		}
	}
    1660:	df 91       	pop	r29
    1662:	cf 91       	pop	r28
    1664:	1f 91       	pop	r17
    1666:	0f 91       	pop	r16
    1668:	ff 90       	pop	r15
    166a:	08 95       	ret
			}
			#endif
		}
		else
		{
			pxTaskStatus->usStackHighWaterMark = 0;
    166c:	1e 86       	std	Y+14, r1	; 0x0e
    166e:	1f 86       	std	Y+15, r1	; 0x0f
		}
	}
    1670:	df 91       	pop	r29
    1672:	cf 91       	pop	r28
    1674:	1f 91       	pop	r17
    1676:	0f 91       	pop	r16
    1678:	ff 90       	pop	r15
    167a:	08 95       	ret
{
	/* A critical section is not required as the variable is of type
	BaseType_t.  Please read Richard Barry's reply in the following link to a
	post in the FreeRTOS support forum before reporting this as a bug! -
	http://goo.gl/wu4acr */
	++uxSchedulerSuspended;
    167c:	80 91 cc 23 	lds	r24, 0x23CC	; 0x8023cc <uxSchedulerSuspended>
    1680:	8f 5f       	subi	r24, 0xFF	; 255
    1682:	80 93 cc 23 	sts	0x23CC, r24	; 0x8023cc <uxSchedulerSuspended>
					it should be reported as being in the Blocked state. */
					if( eState == eSuspended )
					{
						vTaskSuspendAll();
						{
							if( listLIST_ITEM_CONTAINER( &( pxTCB->xEventListItem ) ) != NULL )
    1686:	f8 01       	movw	r30, r16
    1688:	84 89       	ldd	r24, Z+20	; 0x14
    168a:	95 89       	ldd	r25, Z+21	; 0x15
    168c:	89 2b       	or	r24, r25
    168e:	11 f0       	breq	.+4      	; 0x1694 <vTaskGetInfo+0xd8>
							{
								pxTaskStatus->eCurrentState = eBlocked;
    1690:	82 e0       	ldi	r24, 0x02	; 2
    1692:	8d 83       	std	Y+5, r24	; 0x05
							}
						}
						( void ) xTaskResumeAll();
    1694:	0e 94 45 0a 	call	0x148a	; 0x148a <xTaskResumeAll>
    1698:	cd cf       	rjmp	.-102    	; 0x1634 <vTaskGetInfo+0x78>
	void vTaskGetInfo( TaskHandle_t xTask, TaskStatus_t *pxTaskStatus, BaseType_t xGetFreeStackSpace, eTaskState eState )
	{
	TCB_t *pxTCB;

		/* xTask is NULL then get the state of the calling task. */
		pxTCB = prvGetTCBFromHandle( xTask );
    169a:	00 91 66 24 	lds	r16, 0x2466	; 0x802466 <pxCurrentTCB>
    169e:	10 91 67 24 	lds	r17, 0x2467	; 0x802467 <pxCurrentTCB+0x1>
    16a2:	97 cf       	rjmp	.-210    	; 0x15d2 <vTaskGetInfo+0x16>
				#endif /* INCLUDE_vTaskSuspend */
			}
		}
		else
		{
			pxTaskStatus->eCurrentState = eTaskGetState( pxTCB );
    16a4:	c8 01       	movw	r24, r16
    16a6:	0e 94 65 08 	call	0x10ca	; 0x10ca <eTaskGetState>
    16aa:	8d 83       	std	Y+5, r24	; 0x05
    16ac:	c3 cf       	rjmp	.-122    	; 0x1634 <vTaskGetInfo+0x78>
		state is just set to whatever is passed in. */
		if( eState != eInvalid )
		{
			if( pxTCB == pxCurrentTCB )
			{
				pxTaskStatus->eCurrentState = eRunning;
    16ae:	1d 82       	std	Y+5, r1	; 0x05
    16b0:	c1 cf       	rjmp	.-126    	; 0x1634 <vTaskGetInfo+0x78>

	static configSTACK_DEPTH_TYPE prvTaskCheckFreeStackSpace( const uint8_t * pucStackByte )
	{
	uint32_t ulCount = 0U;

		while( *pucStackByte == ( uint8_t ) tskSTACK_FILL_BYTE )
    16b2:	80 e0       	ldi	r24, 0x00	; 0
    16b4:	90 e0       	ldi	r25, 0x00	; 0
    16b6:	d2 cf       	rjmp	.-92     	; 0x165c <vTaskGetInfo+0xa0>

000016b8 <prvListTasksWithinSingleList.part.6>:
#endif /* configUSE_TRACE_FACILITY */
/*-----------------------------------------------------------*/

#if ( configUSE_TRACE_FACILITY == 1 )

	static UBaseType_t prvListTasksWithinSingleList( TaskStatus_t *pxTaskStatusArray, List_t *pxList, eTaskState eState )
    16b8:	8f 92       	push	r8
    16ba:	9f 92       	push	r9
    16bc:	af 92       	push	r10
    16be:	bf 92       	push	r11
    16c0:	cf 92       	push	r12
    16c2:	df 92       	push	r13
    16c4:	ef 92       	push	r14
    16c6:	ff 92       	push	r15
    16c8:	0f 93       	push	r16
    16ca:	1f 93       	push	r17
    16cc:	cf 93       	push	r28
    16ce:	df 93       	push	r29
    16d0:	5c 01       	movw	r10, r24
    16d2:	8b 01       	movw	r16, r22
    16d4:	d4 2f       	mov	r29, r20
	configLIST_VOLATILE TCB_t *pxNextTCB, *pxFirstTCB;
	UBaseType_t uxTask = 0;

		if( listCURRENT_LIST_LENGTH( pxList ) > ( UBaseType_t ) 0 )
		{
			listGET_OWNER_OF_NEXT_ENTRY( pxFirstTCB, pxList ); /*lint !e9079 void * is used as this macro is used with timers and co-routines too.  Alignment is known to be fine as the type of the pointer stored and retrieved is the same. */
    16d6:	db 01       	movw	r26, r22
    16d8:	11 96       	adiw	r26, 0x01	; 1
    16da:	ed 91       	ld	r30, X+
    16dc:	fc 91       	ld	r31, X
    16de:	12 97       	sbiw	r26, 0x02	; 2
    16e0:	02 80       	ldd	r0, Z+2	; 0x02
    16e2:	f3 81       	ldd	r31, Z+3	; 0x03
    16e4:	e0 2d       	mov	r30, r0
    16e6:	11 96       	adiw	r26, 0x01	; 1
    16e8:	ed 93       	st	X+, r30
    16ea:	fc 93       	st	X, r31
    16ec:	12 97       	sbiw	r26, 0x02	; 2
    16ee:	7b 01       	movw	r14, r22
    16f0:	b3 e0       	ldi	r27, 0x03	; 3
    16f2:	eb 0e       	add	r14, r27
    16f4:	f1 1c       	adc	r15, r1
    16f6:	ee 15       	cp	r30, r14
    16f8:	ff 05       	cpc	r31, r15
    16fa:	e1 f1       	breq	.+120    	; 0x1774 <prvListTasksWithinSingleList.part.6+0xbc>
    16fc:	c6 80       	ldd	r12, Z+6	; 0x06
    16fe:	d7 80       	ldd	r13, Z+7	; 0x07
#if ( configUSE_TRACE_FACILITY == 1 )

	static UBaseType_t prvListTasksWithinSingleList( TaskStatus_t *pxTaskStatusArray, List_t *pxList, eTaskState eState )
	{
	configLIST_VOLATILE TCB_t *pxNextTCB, *pxFirstTCB;
	UBaseType_t uxTask = 0;
    1700:	c0 e0       	ldi	r28, 0x00	; 0
    1702:	16 c0       	rjmp	.+44     	; 0x1730 <prvListTasksWithinSingleList.part.6+0x78>
			pxTaskStatusArray array for each task that is referenced from
			pxList.  See the definition of TaskStatus_t in task.h for the
			meaning of each TaskStatus_t structure member. */
			do
			{
				listGET_OWNER_OF_NEXT_ENTRY( pxNextTCB, pxList ); /*lint !e9079 void * is used as this macro is used with timers and co-routines too.  Alignment is known to be fine as the type of the pointer stored and retrieved is the same. */
    1704:	86 80       	ldd	r8, Z+6	; 0x06
    1706:	97 80       	ldd	r9, Z+7	; 0x07
				vTaskGetInfo( ( TaskHandle_t ) pxNextTCB, &( pxTaskStatusArray[ uxTask ] ), pdTRUE, eState );
    1708:	b5 01       	movw	r22, r10
    170a:	b0 e1       	ldi	r27, 0x10	; 16
    170c:	cb 9f       	mul	r28, r27
    170e:	60 0d       	add	r22, r0
    1710:	71 1d       	adc	r23, r1
    1712:	11 24       	eor	r1, r1
    1714:	2d 2f       	mov	r18, r29
    1716:	41 e0       	ldi	r20, 0x01	; 1
    1718:	c4 01       	movw	r24, r8
    171a:	0e 94 de 0a 	call	0x15bc	; 0x15bc <vTaskGetInfo>
				uxTask++;
    171e:	cf 5f       	subi	r28, 0xFF	; 255
			} while( pxNextTCB != pxFirstTCB );
    1720:	c8 14       	cp	r12, r8
    1722:	d9 04       	cpc	r13, r9
    1724:	c9 f0       	breq	.+50     	; 0x1758 <prvListTasksWithinSingleList.part.6+0xa0>
    1726:	d8 01       	movw	r26, r16
    1728:	11 96       	adiw	r26, 0x01	; 1
    172a:	ed 91       	ld	r30, X+
    172c:	fc 91       	ld	r31, X
    172e:	12 97       	sbiw	r26, 0x02	; 2
			pxTaskStatusArray array for each task that is referenced from
			pxList.  See the definition of TaskStatus_t in task.h for the
			meaning of each TaskStatus_t structure member. */
			do
			{
				listGET_OWNER_OF_NEXT_ENTRY( pxNextTCB, pxList ); /*lint !e9079 void * is used as this macro is used with timers and co-routines too.  Alignment is known to be fine as the type of the pointer stored and retrieved is the same. */
    1730:	02 80       	ldd	r0, Z+2	; 0x02
    1732:	f3 81       	ldd	r31, Z+3	; 0x03
    1734:	e0 2d       	mov	r30, r0
    1736:	d8 01       	movw	r26, r16
    1738:	11 96       	adiw	r26, 0x01	; 1
    173a:	ed 93       	st	X+, r30
    173c:	fc 93       	st	X, r31
    173e:	12 97       	sbiw	r26, 0x02	; 2
    1740:	ee 16       	cp	r14, r30
    1742:	ff 06       	cpc	r15, r31
    1744:	f9 f6       	brne	.-66     	; 0x1704 <prvListTasksWithinSingleList.part.6+0x4c>
    1746:	15 96       	adiw	r26, 0x05	; 5
    1748:	ed 91       	ld	r30, X+
    174a:	fc 91       	ld	r31, X
    174c:	16 97       	sbiw	r26, 0x06	; 6
    174e:	11 96       	adiw	r26, 0x01	; 1
    1750:	ed 93       	st	X+, r30
    1752:	fc 93       	st	X, r31
    1754:	12 97       	sbiw	r26, 0x02	; 2
    1756:	d6 cf       	rjmp	.-84     	; 0x1704 <prvListTasksWithinSingleList.part.6+0x4c>
		{
			mtCOVERAGE_TEST_MARKER();
		}

		return uxTask;
	}
    1758:	8c 2f       	mov	r24, r28
    175a:	df 91       	pop	r29
    175c:	cf 91       	pop	r28
    175e:	1f 91       	pop	r17
    1760:	0f 91       	pop	r16
    1762:	ff 90       	pop	r15
    1764:	ef 90       	pop	r14
    1766:	df 90       	pop	r13
    1768:	cf 90       	pop	r12
    176a:	bf 90       	pop	r11
    176c:	af 90       	pop	r10
    176e:	9f 90       	pop	r9
    1770:	8f 90       	pop	r8
    1772:	08 95       	ret
	configLIST_VOLATILE TCB_t *pxNextTCB, *pxFirstTCB;
	UBaseType_t uxTask = 0;

		if( listCURRENT_LIST_LENGTH( pxList ) > ( UBaseType_t ) 0 )
		{
			listGET_OWNER_OF_NEXT_ENTRY( pxFirstTCB, pxList ); /*lint !e9079 void * is used as this macro is used with timers and co-routines too.  Alignment is known to be fine as the type of the pointer stored and retrieved is the same. */
    1774:	02 80       	ldd	r0, Z+2	; 0x02
    1776:	f3 81       	ldd	r31, Z+3	; 0x03
    1778:	e0 2d       	mov	r30, r0
    177a:	c0 cf       	rjmp	.-128    	; 0x16fc <prvListTasksWithinSingleList.part.6+0x44>

0000177c <uxTaskGetSystemState>:
/*-----------------------------------------------------------*/

#if ( configUSE_TRACE_FACILITY == 1 )

	UBaseType_t uxTaskGetSystemState( TaskStatus_t * const pxTaskStatusArray, const UBaseType_t uxArraySize, uint32_t * const pulTotalRunTime )
	{
    177c:	ef 92       	push	r14
    177e:	ff 92       	push	r15
    1780:	0f 93       	push	r16
    1782:	1f 93       	push	r17
    1784:	cf 93       	push	r28
    1786:	df 93       	push	r29
    1788:	8c 01       	movw	r16, r24
    178a:	7a 01       	movw	r14, r20
{
	/* A critical section is not required as the variable is of type
	BaseType_t.  Please read Richard Barry's reply in the following link to a
	post in the FreeRTOS support forum before reporting this as a bug! -
	http://goo.gl/wu4acr */
	++uxSchedulerSuspended;
    178c:	80 91 cc 23 	lds	r24, 0x23CC	; 0x8023cc <uxSchedulerSuspended>
    1790:	8f 5f       	subi	r24, 0xFF	; 255
    1792:	80 93 cc 23 	sts	0x23CC, r24	; 0x8023cc <uxSchedulerSuspended>
	UBaseType_t uxTask = 0, uxQueue = configMAX_PRIORITIES;

		vTaskSuspendAll();
		{
			/* Is there a space in the array for each task in the system? */
			if( uxArraySize >= uxCurrentNumberOfTasks )
    1796:	80 91 d9 23 	lds	r24, 0x23D9	; 0x8023d9 <uxCurrentNumberOfTasks>
    179a:	68 17       	cp	r22, r24
    179c:	08 f4       	brcc	.+2      	; 0x17a0 <uxTaskGetSystemState+0x24>
    179e:	66 c0       	rjmp	.+204    	; 0x186c <uxTaskGetSystemState+0xf0>
    17a0:	ca e0       	ldi	r28, 0x0A	; 10
    17a2:	d0 e0       	ldi	r29, 0x00	; 0
    17a4:	04 c0       	rjmp	.+8      	; 0x17ae <uxTaskGetSystemState+0x32>
#if ( configUSE_TRACE_FACILITY == 1 )

	static UBaseType_t prvListTasksWithinSingleList( TaskStatus_t *pxTaskStatusArray, List_t *pxList, eTaskState eState )
	{
	configLIST_VOLATILE TCB_t *pxNextTCB, *pxFirstTCB;
	UBaseType_t uxTask = 0;
    17a6:	80 e0       	ldi	r24, 0x00	; 0
				/* Fill in an TaskStatus_t structure with information on each
				task in the Ready state. */
				do
				{
					uxQueue--;
					uxTask += prvListTasksWithinSingleList( &( pxTaskStatusArray[ uxTask ] ), &( pxReadyTasksLists[ uxQueue ] ), eReady );
    17a8:	d8 0f       	add	r29, r24

				} while( uxQueue > ( UBaseType_t ) tskIDLE_PRIORITY ); /*lint !e961 MISRA exception as the casts are only redundant for some ports. */
    17aa:	cc 23       	and	r28, r28
    17ac:	f9 f0       	breq	.+62     	; 0x17ec <uxTaskGetSystemState+0x70>
			{
				/* Fill in an TaskStatus_t structure with information on each
				task in the Ready state. */
				do
				{
					uxQueue--;
    17ae:	c1 50       	subi	r28, 0x01	; 1
					uxTask += prvListTasksWithinSingleList( &( pxTaskStatusArray[ uxTask ] ), &( pxReadyTasksLists[ uxQueue ] ), eReady );
    17b0:	6c 2f       	mov	r22, r28
    17b2:	70 e0       	ldi	r23, 0x00	; 0
	static UBaseType_t prvListTasksWithinSingleList( TaskStatus_t *pxTaskStatusArray, List_t *pxList, eTaskState eState )
	{
	configLIST_VOLATILE TCB_t *pxNextTCB, *pxFirstTCB;
	UBaseType_t uxTask = 0;

		if( listCURRENT_LIST_LENGTH( pxList ) > ( UBaseType_t ) 0 )
    17b4:	cb 01       	movw	r24, r22
    17b6:	88 0f       	add	r24, r24
    17b8:	99 1f       	adc	r25, r25
    17ba:	88 0f       	add	r24, r24
    17bc:	99 1f       	adc	r25, r25
    17be:	88 0f       	add	r24, r24
    17c0:	99 1f       	adc	r25, r25
    17c2:	68 0f       	add	r22, r24
    17c4:	79 1f       	adc	r23, r25
    17c6:	fb 01       	movw	r30, r22
    17c8:	e4 5f       	subi	r30, 0xF4	; 244
    17ca:	fb 4d       	sbci	r31, 0xDB	; 219
    17cc:	80 81       	ld	r24, Z
    17ce:	88 23       	and	r24, r24
    17d0:	51 f3       	breq	.-44     	; 0x17a6 <uxTaskGetSystemState+0x2a>
    17d2:	41 e0       	ldi	r20, 0x01	; 1
    17d4:	bf 01       	movw	r22, r30
    17d6:	c8 01       	movw	r24, r16
    17d8:	20 e1       	ldi	r18, 0x10	; 16
    17da:	d2 9f       	mul	r29, r18
    17dc:	80 0d       	add	r24, r0
    17de:	91 1d       	adc	r25, r1
    17e0:	11 24       	eor	r1, r1
    17e2:	0e 94 5c 0b 	call	0x16b8	; 0x16b8 <prvListTasksWithinSingleList.part.6>
				/* Fill in an TaskStatus_t structure with information on each
				task in the Ready state. */
				do
				{
					uxQueue--;
					uxTask += prvListTasksWithinSingleList( &( pxTaskStatusArray[ uxTask ] ), &( pxReadyTasksLists[ uxQueue ] ), eReady );
    17e6:	d8 0f       	add	r29, r24

				} while( uxQueue > ( UBaseType_t ) tskIDLE_PRIORITY ); /*lint !e961 MISRA exception as the casts are only redundant for some ports. */
    17e8:	c1 11       	cpse	r28, r1
    17ea:	e1 cf       	rjmp	.-62     	; 0x17ae <uxTaskGetSystemState+0x32>

				/* Fill in an TaskStatus_t structure with information on each
				task in the Blocked state. */
				uxTask += prvListTasksWithinSingleList( &( pxTaskStatusArray[ uxTask ] ), ( List_t * ) pxDelayedTaskList, eBlocked );
    17ec:	e0 91 f8 23 	lds	r30, 0x23F8	; 0x8023f8 <pxDelayedTaskList>
    17f0:	f0 91 f9 23 	lds	r31, 0x23F9	; 0x8023f9 <pxDelayedTaskList+0x1>
	static UBaseType_t prvListTasksWithinSingleList( TaskStatus_t *pxTaskStatusArray, List_t *pxList, eTaskState eState )
	{
	configLIST_VOLATILE TCB_t *pxNextTCB, *pxFirstTCB;
	UBaseType_t uxTask = 0;

		if( listCURRENT_LIST_LENGTH( pxList ) > ( UBaseType_t ) 0 )
    17f4:	80 81       	ld	r24, Z
    17f6:	81 11       	cpse	r24, r1
    17f8:	3b c0       	rjmp	.+118    	; 0x1870 <uxTaskGetSystemState+0xf4>
#if ( configUSE_TRACE_FACILITY == 1 )

	static UBaseType_t prvListTasksWithinSingleList( TaskStatus_t *pxTaskStatusArray, List_t *pxList, eTaskState eState )
	{
	configLIST_VOLATILE TCB_t *pxNextTCB, *pxFirstTCB;
	UBaseType_t uxTask = 0;
    17fa:	80 e0       	ldi	r24, 0x00	; 0

				} while( uxQueue > ( UBaseType_t ) tskIDLE_PRIORITY ); /*lint !e961 MISRA exception as the casts are only redundant for some ports. */

				/* Fill in an TaskStatus_t structure with information on each
				task in the Blocked state. */
				uxTask += prvListTasksWithinSingleList( &( pxTaskStatusArray[ uxTask ] ), ( List_t * ) pxDelayedTaskList, eBlocked );
    17fc:	d8 0f       	add	r29, r24
				uxTask += prvListTasksWithinSingleList( &( pxTaskStatusArray[ uxTask ] ), ( List_t * ) pxOverflowDelayedTaskList, eBlocked );
    17fe:	e0 91 f6 23 	lds	r30, 0x23F6	; 0x8023f6 <pxOverflowDelayedTaskList>
    1802:	f0 91 f7 23 	lds	r31, 0x23F7	; 0x8023f7 <pxOverflowDelayedTaskList+0x1>
	static UBaseType_t prvListTasksWithinSingleList( TaskStatus_t *pxTaskStatusArray, List_t *pxList, eTaskState eState )
	{
	configLIST_VOLATILE TCB_t *pxNextTCB, *pxFirstTCB;
	UBaseType_t uxTask = 0;

		if( listCURRENT_LIST_LENGTH( pxList ) > ( UBaseType_t ) 0 )
    1806:	80 81       	ld	r24, Z
    1808:	81 11       	cpse	r24, r1
    180a:	45 c0       	rjmp	.+138    	; 0x1896 <uxTaskGetSystemState+0x11a>
#if ( configUSE_TRACE_FACILITY == 1 )

	static UBaseType_t prvListTasksWithinSingleList( TaskStatus_t *pxTaskStatusArray, List_t *pxList, eTaskState eState )
	{
	configLIST_VOLATILE TCB_t *pxNextTCB, *pxFirstTCB;
	UBaseType_t uxTask = 0;
    180c:	80 e0       	ldi	r24, 0x00	; 0
				} while( uxQueue > ( UBaseType_t ) tskIDLE_PRIORITY ); /*lint !e961 MISRA exception as the casts are only redundant for some ports. */

				/* Fill in an TaskStatus_t structure with information on each
				task in the Blocked state. */
				uxTask += prvListTasksWithinSingleList( &( pxTaskStatusArray[ uxTask ] ), ( List_t * ) pxDelayedTaskList, eBlocked );
				uxTask += prvListTasksWithinSingleList( &( pxTaskStatusArray[ uxTask ] ), ( List_t * ) pxOverflowDelayedTaskList, eBlocked );
    180e:	d8 0f       	add	r29, r24
	static UBaseType_t prvListTasksWithinSingleList( TaskStatus_t *pxTaskStatusArray, List_t *pxList, eTaskState eState )
	{
	configLIST_VOLATILE TCB_t *pxNextTCB, *pxFirstTCB;
	UBaseType_t uxTask = 0;

		if( listCURRENT_LIST_LENGTH( pxList ) > ( UBaseType_t ) 0 )
    1810:	80 91 e4 23 	lds	r24, 0x23E4	; 0x8023e4 <xTasksWaitingTermination>
    1814:	81 11       	cpse	r24, r1
    1816:	4f c0       	rjmp	.+158    	; 0x18b6 <uxTaskGetSystemState+0x13a>
#if ( configUSE_TRACE_FACILITY == 1 )

	static UBaseType_t prvListTasksWithinSingleList( TaskStatus_t *pxTaskStatusArray, List_t *pxList, eTaskState eState )
	{
	configLIST_VOLATILE TCB_t *pxNextTCB, *pxFirstTCB;
	UBaseType_t uxTask = 0;
    1818:	80 e0       	ldi	r24, 0x00	; 0

				#if( INCLUDE_vTaskDelete == 1 )
				{
					/* Fill in an TaskStatus_t structure with information on
					each task that has been deleted but not yet cleaned up. */
					uxTask += prvListTasksWithinSingleList( &( pxTaskStatusArray[ uxTask ] ), &xTasksWaitingTermination, eDeleted );
    181a:	d8 0f       	add	r29, r24
	static UBaseType_t prvListTasksWithinSingleList( TaskStatus_t *pxTaskStatusArray, List_t *pxList, eTaskState eState )
	{
	configLIST_VOLATILE TCB_t *pxNextTCB, *pxFirstTCB;
	UBaseType_t uxTask = 0;

		if( listCURRENT_LIST_LENGTH( pxList ) > ( UBaseType_t ) 0 )
    181c:	80 91 da 23 	lds	r24, 0x23DA	; 0x8023da <xSuspendedTaskList>
    1820:	81 11       	cpse	r24, r1
    1822:	5a c0       	rjmp	.+180    	; 0x18d8 <uxTaskGetSystemState+0x15c>
#if ( configUSE_TRACE_FACILITY == 1 )

	static UBaseType_t prvListTasksWithinSingleList( TaskStatus_t *pxTaskStatusArray, List_t *pxList, eTaskState eState )
	{
	configLIST_VOLATILE TCB_t *pxNextTCB, *pxFirstTCB;
	UBaseType_t uxTask = 0;
    1824:	80 e0       	ldi	r24, 0x00	; 0

				#if ( INCLUDE_vTaskSuspend == 1 )
				{
					/* Fill in an TaskStatus_t structure with information on
					each task in the Suspended state. */
					uxTask += prvListTasksWithinSingleList( &( pxTaskStatusArray[ uxTask ] ), &xSuspendedTaskList, eSuspended );
    1826:	d8 0f       	add	r29, r24
				}
				#endif

				#if ( configGENERATE_RUN_TIME_STATS == 1)
				{
					if( pulTotalRunTime != NULL )
    1828:	e1 14       	cp	r14, r1
    182a:	f1 04       	cpc	r15, r1
    182c:	a9 f0       	breq	.+42     	; 0x1858 <uxTaskGetSystemState+0xdc>
					{
						#ifdef portALT_GET_RUN_TIME_COUNTER_VALUE
							portALT_GET_RUN_TIME_COUNTER_VALUE( ( *pulTotalRunTime ) );
						#else
							*pulTotalRunTime = portGET_RUN_TIME_COUNTER_VALUE();
    182e:	20 91 20 08 	lds	r18, 0x0820	; 0x800820 <__TEXT_REGION_LENGTH__+0x700820>
    1832:	30 91 21 08 	lds	r19, 0x0821	; 0x800821 <__TEXT_REGION_LENGTH__+0x700821>
    1836:	80 91 6a 24 	lds	r24, 0x246A	; 0x80246a <StatsTimer>
    183a:	90 91 6b 24 	lds	r25, 0x246B	; 0x80246b <StatsTimer+0x1>
    183e:	a0 91 6c 24 	lds	r26, 0x246C	; 0x80246c <StatsTimer+0x2>
    1842:	b0 91 6d 24 	lds	r27, 0x246D	; 0x80246d <StatsTimer+0x3>
    1846:	82 0f       	add	r24, r18
    1848:	93 1f       	adc	r25, r19
    184a:	a1 1d       	adc	r26, r1
    184c:	b1 1d       	adc	r27, r1
    184e:	f7 01       	movw	r30, r14
    1850:	80 83       	st	Z, r24
    1852:	91 83       	std	Z+1, r25	; 0x01
    1854:	a2 83       	std	Z+2, r26	; 0x02
    1856:	b3 83       	std	Z+3, r27	; 0x03
			else
			{
				mtCOVERAGE_TEST_MARKER();
			}
		}
		( void ) xTaskResumeAll();
    1858:	0e 94 45 0a 	call	0x148a	; 0x148a <xTaskResumeAll>

		return uxTask;
	}
    185c:	8d 2f       	mov	r24, r29
    185e:	df 91       	pop	r29
    1860:	cf 91       	pop	r28
    1862:	1f 91       	pop	r17
    1864:	0f 91       	pop	r16
    1866:	ff 90       	pop	r15
    1868:	ef 90       	pop	r14
    186a:	08 95       	ret

#if ( configUSE_TRACE_FACILITY == 1 )

	UBaseType_t uxTaskGetSystemState( TaskStatus_t * const pxTaskStatusArray, const UBaseType_t uxArraySize, uint32_t * const pulTotalRunTime )
	{
	UBaseType_t uxTask = 0, uxQueue = configMAX_PRIORITIES;
    186c:	d0 e0       	ldi	r29, 0x00	; 0
    186e:	f4 cf       	rjmp	.-24     	; 0x1858 <uxTaskGetSystemState+0xdc>
    1870:	42 e0       	ldi	r20, 0x02	; 2
    1872:	bf 01       	movw	r22, r30
    1874:	c8 01       	movw	r24, r16
    1876:	e0 e1       	ldi	r30, 0x10	; 16
    1878:	de 9f       	mul	r29, r30
    187a:	80 0d       	add	r24, r0
    187c:	91 1d       	adc	r25, r1
    187e:	11 24       	eor	r1, r1
    1880:	0e 94 5c 0b 	call	0x16b8	; 0x16b8 <prvListTasksWithinSingleList.part.6>

				} while( uxQueue > ( UBaseType_t ) tskIDLE_PRIORITY ); /*lint !e961 MISRA exception as the casts are only redundant for some ports. */

				/* Fill in an TaskStatus_t structure with information on each
				task in the Blocked state. */
				uxTask += prvListTasksWithinSingleList( &( pxTaskStatusArray[ uxTask ] ), ( List_t * ) pxDelayedTaskList, eBlocked );
    1884:	d8 0f       	add	r29, r24
				uxTask += prvListTasksWithinSingleList( &( pxTaskStatusArray[ uxTask ] ), ( List_t * ) pxOverflowDelayedTaskList, eBlocked );
    1886:	e0 91 f6 23 	lds	r30, 0x23F6	; 0x8023f6 <pxOverflowDelayedTaskList>
    188a:	f0 91 f7 23 	lds	r31, 0x23F7	; 0x8023f7 <pxOverflowDelayedTaskList+0x1>
	static UBaseType_t prvListTasksWithinSingleList( TaskStatus_t *pxTaskStatusArray, List_t *pxList, eTaskState eState )
	{
	configLIST_VOLATILE TCB_t *pxNextTCB, *pxFirstTCB;
	UBaseType_t uxTask = 0;

		if( listCURRENT_LIST_LENGTH( pxList ) > ( UBaseType_t ) 0 )
    188e:	80 81       	ld	r24, Z
    1890:	88 23       	and	r24, r24
    1892:	09 f4       	brne	.+2      	; 0x1896 <uxTaskGetSystemState+0x11a>
    1894:	bb cf       	rjmp	.-138    	; 0x180c <uxTaskGetSystemState+0x90>
    1896:	42 e0       	ldi	r20, 0x02	; 2
    1898:	bf 01       	movw	r22, r30
    189a:	c8 01       	movw	r24, r16
    189c:	f0 e1       	ldi	r31, 0x10	; 16
    189e:	df 9f       	mul	r29, r31
    18a0:	80 0d       	add	r24, r0
    18a2:	91 1d       	adc	r25, r1
    18a4:	11 24       	eor	r1, r1
    18a6:	0e 94 5c 0b 	call	0x16b8	; 0x16b8 <prvListTasksWithinSingleList.part.6>
				} while( uxQueue > ( UBaseType_t ) tskIDLE_PRIORITY ); /*lint !e961 MISRA exception as the casts are only redundant for some ports. */

				/* Fill in an TaskStatus_t structure with information on each
				task in the Blocked state. */
				uxTask += prvListTasksWithinSingleList( &( pxTaskStatusArray[ uxTask ] ), ( List_t * ) pxDelayedTaskList, eBlocked );
				uxTask += prvListTasksWithinSingleList( &( pxTaskStatusArray[ uxTask ] ), ( List_t * ) pxOverflowDelayedTaskList, eBlocked );
    18aa:	d8 0f       	add	r29, r24
	static UBaseType_t prvListTasksWithinSingleList( TaskStatus_t *pxTaskStatusArray, List_t *pxList, eTaskState eState )
	{
	configLIST_VOLATILE TCB_t *pxNextTCB, *pxFirstTCB;
	UBaseType_t uxTask = 0;

		if( listCURRENT_LIST_LENGTH( pxList ) > ( UBaseType_t ) 0 )
    18ac:	80 91 e4 23 	lds	r24, 0x23E4	; 0x8023e4 <xTasksWaitingTermination>
    18b0:	88 23       	and	r24, r24
    18b2:	09 f4       	brne	.+2      	; 0x18b6 <uxTaskGetSystemState+0x13a>
    18b4:	b1 cf       	rjmp	.-158    	; 0x1818 <uxTaskGetSystemState+0x9c>
    18b6:	44 e0       	ldi	r20, 0x04	; 4
    18b8:	64 ee       	ldi	r22, 0xE4	; 228
    18ba:	73 e2       	ldi	r23, 0x23	; 35
    18bc:	c8 01       	movw	r24, r16
    18be:	20 e1       	ldi	r18, 0x10	; 16
    18c0:	d2 9f       	mul	r29, r18
    18c2:	80 0d       	add	r24, r0
    18c4:	91 1d       	adc	r25, r1
    18c6:	11 24       	eor	r1, r1
    18c8:	0e 94 5c 0b 	call	0x16b8	; 0x16b8 <prvListTasksWithinSingleList.part.6>

				#if( INCLUDE_vTaskDelete == 1 )
				{
					/* Fill in an TaskStatus_t structure with information on
					each task that has been deleted but not yet cleaned up. */
					uxTask += prvListTasksWithinSingleList( &( pxTaskStatusArray[ uxTask ] ), &xTasksWaitingTermination, eDeleted );
    18cc:	d8 0f       	add	r29, r24
	static UBaseType_t prvListTasksWithinSingleList( TaskStatus_t *pxTaskStatusArray, List_t *pxList, eTaskState eState )
	{
	configLIST_VOLATILE TCB_t *pxNextTCB, *pxFirstTCB;
	UBaseType_t uxTask = 0;

		if( listCURRENT_LIST_LENGTH( pxList ) > ( UBaseType_t ) 0 )
    18ce:	80 91 da 23 	lds	r24, 0x23DA	; 0x8023da <xSuspendedTaskList>
    18d2:	88 23       	and	r24, r24
    18d4:	09 f4       	brne	.+2      	; 0x18d8 <uxTaskGetSystemState+0x15c>
    18d6:	a6 cf       	rjmp	.-180    	; 0x1824 <uxTaskGetSystemState+0xa8>
    18d8:	43 e0       	ldi	r20, 0x03	; 3
    18da:	6a ed       	ldi	r22, 0xDA	; 218
    18dc:	73 e2       	ldi	r23, 0x23	; 35
    18de:	c8 01       	movw	r24, r16
    18e0:	e0 e1       	ldi	r30, 0x10	; 16
    18e2:	de 9f       	mul	r29, r30
    18e4:	80 0d       	add	r24, r0
    18e6:	91 1d       	adc	r25, r1
    18e8:	11 24       	eor	r1, r1
    18ea:	0e 94 5c 0b 	call	0x16b8	; 0x16b8 <prvListTasksWithinSingleList.part.6>
    18ee:	9b cf       	rjmp	.-202    	; 0x1826 <uxTaskGetSystemState+0xaa>

000018f0 <vApplicationIdleHook>:
#define SET_ERR_LED() PORTA.OUTSET=1<<7
#define CLR_ERR_LED() PORTA.OUTCLR=1<<7


void vApplicationIdleHook( void )
{
    18f0:	08 95       	ret

000018f2 <vApplicationMallocFailedHook>:
	
}

void vApplicationMallocFailedHook(void)
{
	taskDISABLE_INTERRUPTS();
    18f2:	f8 94       	cli
	DbgPrint ("ERROR: memory allocation failed\r\n");
    18f4:	8d e5       	ldi	r24, 0x5D	; 93
    18f6:	90 e2       	ldi	r25, 0x20	; 32
    18f8:	0e 94 ac 01 	call	0x358	; 0x358 <DbgPrint>
	CFG_ERR_LED();
    18fc:	80 e8       	ldi	r24, 0x80	; 128
    18fe:	80 93 01 06 	sts	0x0601, r24	; 0x800601 <__TEXT_REGION_LENGTH__+0x700601>
	while (1)
	{
		SET_ERR_LED();
    1902:	80 93 05 06 	sts	0x0605, r24	; 0x800605 <__TEXT_REGION_LENGTH__+0x700605>
	#else
		//round up by default
		__ticks_dc = (uint32_t)(ceil(fabs(__tmp)));
	#endif

	__builtin_avr_delay_cycles(__ticks_dc);
    1906:	2f ef       	ldi	r18, 0xFF	; 255
    1908:	33 ec       	ldi	r19, 0xC3	; 195
    190a:	99 e0       	ldi	r25, 0x09	; 9
    190c:	21 50       	subi	r18, 0x01	; 1
    190e:	30 40       	sbci	r19, 0x00	; 0
    1910:	90 40       	sbci	r25, 0x00	; 0
    1912:	e1 f7       	brne	.-8      	; 0x190c <vApplicationMallocFailedHook+0x1a>
    1914:	00 c0       	rjmp	.+0      	; 0x1916 <vApplicationMallocFailedHook+0x24>
    1916:	00 00       	nop
		_delay_ms(100);
		CLR_ERR_LED();
    1918:	80 93 06 06 	sts	0x0606, r24	; 0x800606 <__TEXT_REGION_LENGTH__+0x700606>
    191c:	2f ef       	ldi	r18, 0xFF	; 255
    191e:	33 ec       	ldi	r19, 0xC3	; 195
    1920:	99 e0       	ldi	r25, 0x09	; 9
    1922:	21 50       	subi	r18, 0x01	; 1
    1924:	30 40       	sbci	r19, 0x00	; 0
    1926:	90 40       	sbci	r25, 0x00	; 0
    1928:	e1 f7       	brne	.-8      	; 0x1922 <vApplicationMallocFailedHook+0x30>
    192a:	00 c0       	rjmp	.+0      	; 0x192c <vApplicationMallocFailedHook+0x3a>
    192c:	00 00       	nop
    192e:	e9 cf       	rjmp	.-46     	; 0x1902 <vApplicationMallocFailedHook+0x10>

00001930 <vApplicationStackOverflowHook>:
}



void vApplicationStackOverflowHook( TaskHandle_t xTask,signed char *pcTaskName )
{
    1930:	eb 01       	movw	r28, r22
	taskDISABLE_INTERRUPTS();
    1932:	f8 94       	cli
	CFG_ERR_LED();
    1934:	80 e8       	ldi	r24, 0x80	; 128
    1936:	80 93 01 06 	sts	0x0601, r24	; 0x800601 <__TEXT_REGION_LENGTH__+0x700601>
	DbgPrint("STACK overflow in task ");
    193a:	8f e7       	ldi	r24, 0x7F	; 127
    193c:	90 e2       	ldi	r25, 0x20	; 32
    193e:	0e 94 ac 01 	call	0x358	; 0x358 <DbgPrint>
	DbgPrintn(pcTaskName,10);
    1942:	6a e0       	ldi	r22, 0x0A	; 10
    1944:	70 e0       	ldi	r23, 0x00	; 0
    1946:	ce 01       	movw	r24, r28
    1948:	0e 94 cb 01 	call	0x396	; 0x396 <DbgPrintn>
	DbgPrint("\r\n");
    194c:	8a e5       	ldi	r24, 0x5A	; 90
    194e:	90 e2       	ldi	r25, 0x20	; 32
    1950:	0e 94 ac 01 	call	0x358	; 0x358 <DbgPrint>
	while (1)
	{
		SET_ERR_LED();
    1954:	80 e8       	ldi	r24, 0x80	; 128
    1956:	80 93 05 06 	sts	0x0605, r24	; 0x800605 <__TEXT_REGION_LENGTH__+0x700605>
    195a:	2f ef       	ldi	r18, 0xFF	; 255
    195c:	33 ed       	ldi	r19, 0xD3	; 211
    195e:	90 e3       	ldi	r25, 0x30	; 48
    1960:	21 50       	subi	r18, 0x01	; 1
    1962:	30 40       	sbci	r19, 0x00	; 0
    1964:	90 40       	sbci	r25, 0x00	; 0
    1966:	e1 f7       	brne	.-8      	; 0x1960 <vApplicationStackOverflowHook+0x30>
    1968:	00 c0       	rjmp	.+0      	; 0x196a <vApplicationStackOverflowHook+0x3a>
    196a:	00 00       	nop
		_delay_ms(500);
		CLR_ERR_LED();
    196c:	80 93 06 06 	sts	0x0606, r24	; 0x800606 <__TEXT_REGION_LENGTH__+0x700606>
    1970:	2f ef       	ldi	r18, 0xFF	; 255
    1972:	33 ed       	ldi	r19, 0xD3	; 211
    1974:	90 e3       	ldi	r25, 0x30	; 48
    1976:	21 50       	subi	r18, 0x01	; 1
    1978:	30 40       	sbci	r19, 0x00	; 0
    197a:	90 40       	sbci	r25, 0x00	; 0
    197c:	e1 f7       	brne	.-8      	; 0x1976 <vApplicationStackOverflowHook+0x46>
    197e:	00 c0       	rjmp	.+0      	; 0x1980 <vApplicationStackOverflowHook+0x50>
    1980:	00 00       	nop
    1982:	e9 cf       	rjmp	.-46     	; 0x1956 <vApplicationStackOverflowHook+0x26>

00001984 <vAssertCalled>:
		_delay_ms(500);
	}
}

void vAssertCalled( char *File, int Line)
{
    1984:	8c 01       	movw	r16, r24
    1986:	eb 01       	movw	r28, r22
	taskDISABLE_INTERRUPTS();	
    1988:	f8 94       	cli
	CFG_ERR_LED();
    198a:	80 e8       	ldi	r24, 0x80	; 128
    198c:	80 93 01 06 	sts	0x0601, r24	; 0x800601 <__TEXT_REGION_LENGTH__+0x700601>
	DbgPrint("Assert in file ");
    1990:	87 e9       	ldi	r24, 0x97	; 151
    1992:	90 e2       	ldi	r25, 0x20	; 32
    1994:	0e 94 ac 01 	call	0x358	; 0x358 <DbgPrint>
	DbgPrintn(File,100);
    1998:	64 e6       	ldi	r22, 0x64	; 100
    199a:	70 e0       	ldi	r23, 0x00	; 0
    199c:	c8 01       	movw	r24, r16
    199e:	0e 94 cb 01 	call	0x396	; 0x396 <DbgPrintn>
	DbgPrint(", line nr ");
    19a2:	87 ea       	ldi	r24, 0xA7	; 167
    19a4:	90 e2       	ldi	r25, 0x20	; 32
    19a6:	0e 94 ac 01 	call	0x358	; 0x358 <DbgPrint>
	DbgPrintInt(Line);
    19aa:	ce 01       	movw	r24, r28
    19ac:	0e 94 f0 01 	call	0x3e0	; 0x3e0 <DbgPrintInt>
	DbgPrint("\r\n");
    19b0:	8a e5       	ldi	r24, 0x5A	; 90
    19b2:	90 e2       	ldi	r25, 0x20	; 32
    19b4:	0e 94 ac 01 	call	0x358	; 0x358 <DbgPrint>

	while (1)
	{
		SET_ERR_LED();
    19b8:	80 e8       	ldi	r24, 0x80	; 128
    19ba:	80 93 05 06 	sts	0x0605, r24	; 0x800605 <__TEXT_REGION_LENGTH__+0x700605>
    19be:	2f ef       	ldi	r18, 0xFF	; 255
    19c0:	33 ec       	ldi	r19, 0xC3	; 195
    19c2:	99 e0       	ldi	r25, 0x09	; 9
    19c4:	21 50       	subi	r18, 0x01	; 1
    19c6:	30 40       	sbci	r19, 0x00	; 0
    19c8:	90 40       	sbci	r25, 0x00	; 0
    19ca:	e1 f7       	brne	.-8      	; 0x19c4 <vAssertCalled+0x40>
    19cc:	00 c0       	rjmp	.+0      	; 0x19ce <vAssertCalled+0x4a>
    19ce:	00 00       	nop
		_delay_ms(100);
		CLR_ERR_LED();
    19d0:	80 93 06 06 	sts	0x0606, r24	; 0x800606 <__TEXT_REGION_LENGTH__+0x700606>
    19d4:	2f ef       	ldi	r18, 0xFF	; 255
    19d6:	33 ed       	ldi	r19, 0xD3	; 211
    19d8:	90 e3       	ldi	r25, 0x30	; 48
    19da:	21 50       	subi	r18, 0x01	; 1
    19dc:	30 40       	sbci	r19, 0x00	; 0
    19de:	90 40       	sbci	r25, 0x00	; 0
    19e0:	e1 f7       	brne	.-8      	; 0x19da <vAssertCalled+0x56>
    19e2:	00 c0       	rjmp	.+0      	; 0x19e4 <vAssertCalled+0x60>
    19e4:	00 00       	nop
    19e6:	e9 cf       	rjmp	.-46     	; 0x19ba <vAssertCalled+0x36>

000019e8 <main>:

volatile int Var1;
volatile int Var2=50;

int main(void)
{
    19e8:	cf 93       	push	r28
    19ea:	df 93       	push	r29
    19ec:	1f 92       	push	r1
    19ee:	1f 92       	push	r1
    19f0:	cd b7       	in	r28, 0x3d	; 61
    19f2:	de b7       	in	r29, 0x3e	; 62
	volatile int Var3=10;
    19f4:	8a e0       	ldi	r24, 0x0A	; 10
    19f6:	90 e0       	ldi	r25, 0x00	; 0
    19f8:	89 83       	std	Y+1, r24	; 0x01
    19fa:	9a 83       	std	Y+2, r25	; 0x02
	//Allocate FreeRTOS heap
	ucHeap=malloc(configTOTAL_HEAP_SIZE);
    19fc:	80 e0       	ldi	r24, 0x00	; 0
    19fe:	90 e4       	ldi	r25, 0x40	; 64
    1a00:	0e 94 db 12 	call	0x25b6	; 0x25b6 <malloc>
    1a04:	80 93 70 24 	sts	0x2470, r24	; 0x802470 <ucHeap>
    1a08:	90 93 71 24 	sts	0x2471, r25	; 0x802471 <ucHeap+0x1>
	if (ucHeap==NULL) while(1);
    1a0c:	89 2b       	or	r24, r25
    1a0e:	89 f1       	breq	.+98     	; 0x1a72 <main+0x8a>
	
	DriverSysClkXtalInit();	//Clock init
    1a10:	0e 94 4e 02 	call	0x49c	; 0x49c <DriverSysClkXtalInit>
	DriverUSARTInit();		//USART init and link to stdio
    1a14:	0e 94 1a 03 	call	0x634	; 0x634 <DriverUSARTInit>
	DriverPowerInit();		//Initialize aux power driver
    1a18:	0e 94 f6 0e 	call	0x1dec	; 0x1dec <DriverPowerInit>
	DriverPowerVccAuxSet(1);//Enable Auxillary power line
    1a1c:	81 e0       	ldi	r24, 0x01	; 1
    1a1e:	0e 94 fa 0e 	call	0x1df4	; 0x1df4 <DriverPowerVccAuxSet>

	//Enable interrupts
	PMIC.CTRL=0b111;		
    1a22:	87 e0       	ldi	r24, 0x07	; 7
    1a24:	80 93 a2 00 	sts	0x00A2, r24	; 0x8000a2 <__TEXT_REGION_LENGTH__+0x7000a2>
	sei();
    1a28:	78 94       	sei
    1a2a:	2f ef       	ldi	r18, 0xFF	; 255
    1a2c:	89 ef       	ldi	r24, 0xF9	; 249
    1a2e:	90 e0       	ldi	r25, 0x00	; 0
    1a30:	21 50       	subi	r18, 0x01	; 1
    1a32:	80 40       	sbci	r24, 0x00	; 0
    1a34:	90 40       	sbci	r25, 0x00	; 0
    1a36:	e1 f7       	brne	.-8      	; 0x1a30 <main+0x48>
    1a38:	00 c0       	rjmp	.+0      	; 0x1a3a <main+0x52>
    1a3a:	00 00       	nop

	_delay_ms(10);

	//Init tasks
	TCF0.PER=Var1;
    1a3c:	80 91 6e 24 	lds	r24, 0x246E	; 0x80246e <Var1>
    1a40:	90 91 6f 24 	lds	r25, 0x246F	; 0x80246f <Var1+0x1>
    1a44:	80 93 26 0b 	sts	0x0B26, r24	; 0x800b26 <__TEXT_REGION_LENGTH__+0x700b26>
    1a48:	90 93 27 0b 	sts	0x0B27, r25	; 0x800b27 <__TEXT_REGION_LENGTH__+0x700b27>
	TCF0.PER=Var2;
    1a4c:	80 91 16 20 	lds	r24, 0x2016	; 0x802016 <Var2>
    1a50:	90 91 17 20 	lds	r25, 0x2017	; 0x802017 <Var2+0x1>
    1a54:	80 93 26 0b 	sts	0x0B26, r24	; 0x800b26 <__TEXT_REGION_LENGTH__+0x700b26>
    1a58:	90 93 27 0b 	sts	0x0B27, r25	; 0x800b27 <__TEXT_REGION_LENGTH__+0x700b27>
	//TCF0.PER=Var3;
	InitMemTask();
    1a5c:	0e 94 e2 0e 	call	0x1dc4	; 0x1dc4 <InitMemTask>

	vTaskStartScheduler();	//Start scheduler loop
    1a60:	0e 94 2e 09 	call	0x125c	; 0x125c <vTaskStartScheduler>

	return 0;
}
    1a64:	80 e0       	ldi	r24, 0x00	; 0
    1a66:	90 e0       	ldi	r25, 0x00	; 0
    1a68:	0f 90       	pop	r0
    1a6a:	0f 90       	pop	r0
    1a6c:	df 91       	pop	r29
    1a6e:	cf 91       	pop	r28
    1a70:	08 95       	ret
    1a72:	ff cf       	rjmp	.-2      	; 0x1a72 <main+0x8a>

00001a74 <cmpfunc>:
int cmpfunc (const void * a, const void * b) {
	TaskStatus_t *TaskA, *TaskB;
	TaskA=(TaskStatus_t *) a;
	TaskB=(TaskStatus_t *) b;
	
	if (TaskA->pxStackBase<TaskB->pxStackBase) return -1;
    1a74:	fc 01       	movw	r30, r24
    1a76:	44 85       	ldd	r20, Z+12	; 0x0c
    1a78:	55 85       	ldd	r21, Z+13	; 0x0d
    1a7a:	fb 01       	movw	r30, r22
    1a7c:	24 85       	ldd	r18, Z+12	; 0x0c
    1a7e:	35 85       	ldd	r19, Z+13	; 0x0d
    1a80:	42 17       	cp	r20, r18
    1a82:	53 07       	cpc	r21, r19
    1a84:	40 f0       	brcs	.+16     	; 0x1a96 <cmpfunc+0x22>
    1a86:	81 e0       	ldi	r24, 0x01	; 1
    1a88:	90 e0       	ldi	r25, 0x00	; 0
    1a8a:	24 17       	cp	r18, r20
    1a8c:	35 07       	cpc	r19, r21
    1a8e:	08 f4       	brcc	.+2      	; 0x1a92 <cmpfunc+0x1e>
	else if (TaskA->pxStackBase>TaskB->pxStackBase) return 1;
	else return 0;
	
}
    1a90:	08 95       	ret
int cmpfunc (const void * a, const void * b) {
	TaskStatus_t *TaskA, *TaskB;
	TaskA=(TaskStatus_t *) a;
	TaskB=(TaskStatus_t *) b;
	
	if (TaskA->pxStackBase<TaskB->pxStackBase) return -1;
    1a92:	80 e0       	ldi	r24, 0x00	; 0
    1a94:	08 95       	ret
    1a96:	8f ef       	ldi	r24, 0xFF	; 255
    1a98:	9f ef       	ldi	r25, 0xFF	; 255
	else if (TaskA->pxStackBase>TaskB->pxStackBase) return 1;
	else return 0;
	
}
    1a9a:	08 95       	ret

00001a9c <MemMap>:

void MemMap()
{
    1a9c:	5f 92       	push	r5
    1a9e:	6f 92       	push	r6
    1aa0:	7f 92       	push	r7
    1aa2:	8f 92       	push	r8
    1aa4:	9f 92       	push	r9
    1aa6:	af 92       	push	r10
    1aa8:	bf 92       	push	r11
    1aaa:	cf 92       	push	r12
    1aac:	df 92       	push	r13
    1aae:	ef 92       	push	r14
    1ab0:	ff 92       	push	r15
    1ab2:	0f 93       	push	r16
    1ab4:	1f 93       	push	r17
    1ab6:	cf 93       	push	r28
    1ab8:	df 93       	push	r29
    1aba:	cd b7       	in	r28, 0x3d	; 61
    1abc:	de b7       	in	r29, 0x3e	; 62
    1abe:	c0 54       	subi	r28, 0x40	; 64
    1ac0:	d1 40       	sbci	r29, 0x01	; 1
    1ac2:	cd bf       	out	0x3d, r28	; 61
    1ac4:	de bf       	out	0x3e, r29	; 62
	uint8_t a;
	TaskStatus_t TaskStatusArray[MAX_TASKS];
	int TCBSize;
	
	
	NumTasks=uxTaskGetSystemState(TaskStatusArray,MAX_TASKS,NULL);
    1ac6:	40 e0       	ldi	r20, 0x00	; 0
    1ac8:	50 e0       	ldi	r21, 0x00	; 0
    1aca:	64 e1       	ldi	r22, 0x14	; 20
    1acc:	ce 01       	movw	r24, r28
    1ace:	01 96       	adiw	r24, 0x01	; 1
    1ad0:	0e 94 be 0b 	call	0x177c	; 0x177c <uxTaskGetSystemState>
    1ad4:	88 2e       	mov	r8, r24
    1ad6:	91 2c       	mov	r9, r1
	qsort(TaskStatusArray, NumTasks, sizeof(TaskStatus_t), cmpfunc);
    1ad8:	2a e3       	ldi	r18, 0x3A	; 58
    1ada:	3d e0       	ldi	r19, 0x0D	; 13
    1adc:	40 e1       	ldi	r20, 0x10	; 16
    1ade:	50 e0       	ldi	r21, 0x00	; 0
    1ae0:	b4 01       	movw	r22, r8
    1ae2:	ce 01       	movw	r24, r28
    1ae4:	01 96       	adiw	r24, 0x01	; 1
    1ae6:	0e 94 43 14 	call	0x2886	; 0x2886 <qsort>
	
	printf("MEMORY MAP:\r\n");
    1aea:	82 eb       	ldi	r24, 0xB2	; 178
    1aec:	90 e2       	ldi	r25, 0x20	; 32
    1aee:	0e 94 4f 17 	call	0x2e9e	; 0x2e9e <puts>
	printf("-----------\r\n");
    1af2:	8f eb       	ldi	r24, 0xBF	; 191
    1af4:	90 e2       	ldi	r25, 0x20	; 32
    1af6:	0e 94 4f 17 	call	0x2e9e	; 0x2e9e <puts>
	printf("IO registers start:\t\t\t0x%04x\r\n",MEM_IO_REGS_START);
    1afa:	1f 92       	push	r1
    1afc:	1f 92       	push	r1
    1afe:	1f 92       	push	r1
    1b00:	1f 92       	push	r1
    1b02:	8c ec       	ldi	r24, 0xCC	; 204
    1b04:	90 e2       	ldi	r25, 0x20	; 32
    1b06:	9f 93       	push	r25
    1b08:	8f 93       	push	r24
    1b0a:	0e 94 3b 17 	call	0x2e76	; 0x2e76 <printf>
	printf("IO registers end:\t\t\t0x%04x\r\n",MEM_IO_REGS_STOP);
    1b0e:	1f 92       	push	r1
    1b10:	1f 92       	push	r1
    1b12:	8f e0       	ldi	r24, 0x0F	; 15
    1b14:	8f 93       	push	r24
    1b16:	1f ef       	ldi	r17, 0xFF	; 255
    1b18:	1f 93       	push	r17
    1b1a:	8b ee       	ldi	r24, 0xEB	; 235
    1b1c:	90 e2       	ldi	r25, 0x20	; 32
    1b1e:	9f 93       	push	r25
    1b20:	8f 93       	push	r24
    1b22:	0e 94 3b 17 	call	0x2e76	; 0x2e76 <printf>
	printf("EEPROM start:\t\t\t\t0x%04x\r\n",MEM_EEPROM_START);
    1b26:	1f 92       	push	r1
    1b28:	1f 92       	push	r1
    1b2a:	80 e1       	ldi	r24, 0x10	; 16
    1b2c:	8f 93       	push	r24
    1b2e:	1f 92       	push	r1
    1b30:	88 e0       	ldi	r24, 0x08	; 8
    1b32:	91 e2       	ldi	r25, 0x21	; 33
    1b34:	9f 93       	push	r25
    1b36:	8f 93       	push	r24
    1b38:	0e 94 3b 17 	call	0x2e76	; 0x2e76 <printf>
	printf("EEPROM end:\t\t\t\t0x%04x\r\n",MEM_EEPROM_STOP);
    1b3c:	1f 92       	push	r1
    1b3e:	1f 92       	push	r1
    1b40:	8f e1       	ldi	r24, 0x1F	; 31
    1b42:	8f 93       	push	r24
    1b44:	1f 93       	push	r17
    1b46:	82 e2       	ldi	r24, 0x22	; 34
    1b48:	91 e2       	ldi	r25, 0x21	; 33
    1b4a:	9f 93       	push	r25
    1b4c:	8f 93       	push	r24
    1b4e:	0e 94 3b 17 	call	0x2e76	; 0x2e76 <printf>
	printf("SRAM start:\t\t\t\t0x%04x\r\n",MEM_SRAM_START);
    1b52:	1f 92       	push	r1
    1b54:	1f 92       	push	r1
    1b56:	80 e2       	ldi	r24, 0x20	; 32
    1b58:	8f 93       	push	r24
    1b5a:	1f 92       	push	r1
    1b5c:	8a e3       	ldi	r24, 0x3A	; 58
    1b5e:	91 e2       	ldi	r25, 0x21	; 33
    1b60:	9f 93       	push	r25
    1b62:	8f 93       	push	r24
    1b64:	0e 94 3b 17 	call	0x2e76	; 0x2e76 <printf>
	printf ("\t.DATA start:\t\t\t0x%04x\r\n",__data_start);
    1b68:	80 e0       	ldi	r24, 0x00	; 0
    1b6a:	90 e2       	ldi	r25, 0x20	; 32
    1b6c:	9f 93       	push	r25
    1b6e:	8f 93       	push	r24
    1b70:	82 e5       	ldi	r24, 0x52	; 82
    1b72:	91 e2       	ldi	r25, 0x21	; 33
    1b74:	9f 93       	push	r25
    1b76:	8f 93       	push	r24
    1b78:	0e 94 3b 17 	call	0x2e76	; 0x2e76 <printf>
	printf ("\t.DATA end:\t\t\t0x%04x\r\n",__data_end-1);
    1b7c:	cd bf       	out	0x3d, r28	; 61
    1b7e:	de bf       	out	0x3e, r29	; 62
    1b80:	8f ea       	ldi	r24, 0xAF	; 175
    1b82:	93 e2       	ldi	r25, 0x23	; 35
    1b84:	9f 93       	push	r25
    1b86:	8f 93       	push	r24
    1b88:	8b e6       	ldi	r24, 0x6B	; 107
    1b8a:	91 e2       	ldi	r25, 0x21	; 33
    1b8c:	9f 93       	push	r25
    1b8e:	8f 93       	push	r24
    1b90:	0e 94 3b 17 	call	0x2e76	; 0x2e76 <printf>
	printf ("\t.BSS start:\t\t\t0x%04x\r\n",__bss_start);
    1b94:	80 eb       	ldi	r24, 0xB0	; 176
    1b96:	93 e2       	ldi	r25, 0x23	; 35
    1b98:	9f 93       	push	r25
    1b9a:	8f 93       	push	r24
    1b9c:	82 e8       	ldi	r24, 0x82	; 130
    1b9e:	91 e2       	ldi	r25, 0x21	; 33
    1ba0:	9f 93       	push	r25
    1ba2:	8f 93       	push	r24
    1ba4:	0e 94 3b 17 	call	0x2e76	; 0x2e76 <printf>
	printf ("\t.BSS end:\t\t\t0x%04x\r\n",__bss_end-1);
    1ba8:	8b e7       	ldi	r24, 0x7B	; 123
    1baa:	94 e2       	ldi	r25, 0x24	; 36
    1bac:	9f 93       	push	r25
    1bae:	8f 93       	push	r24
    1bb0:	8a e9       	ldi	r24, 0x9A	; 154
    1bb2:	91 e2       	ldi	r25, 0x21	; 33
    1bb4:	9f 93       	push	r25
    1bb6:	8f 93       	push	r24
    1bb8:	0e 94 3b 17 	call	0x2e76	; 0x2e76 <printf>
	printf ("\t.HEAP start:\t\t\t0x%04x\r\n",ucHeap);
    1bbc:	80 91 71 24 	lds	r24, 0x2471	; 0x802471 <ucHeap+0x1>
    1bc0:	8f 93       	push	r24
    1bc2:	80 91 70 24 	lds	r24, 0x2470	; 0x802470 <ucHeap>
    1bc6:	8f 93       	push	r24
    1bc8:	80 eb       	ldi	r24, 0xB0	; 176
    1bca:	91 e2       	ldi	r25, 0x21	; 33
    1bcc:	9f 93       	push	r25
    1bce:	8f 93       	push	r24
    1bd0:	0e 94 3b 17 	call	0x2e76	; 0x2e76 <printf>
	
	for (a=0;a<NumTasks;a++)
    1bd4:	cd bf       	out	0x3d, r28	; 61
    1bd6:	de bf       	out	0x3e, r29	; 62
    1bd8:	81 14       	cp	r8, r1
    1bda:	91 04       	cpc	r9, r1
    1bdc:	09 f4       	brne	.+2      	; 0x1be0 <MemMap+0x144>
    1bde:	52 c0       	rjmp	.+164    	; 0x1c84 <MemMap+0x1e8>
    1be0:	00 e0       	ldi	r16, 0x00	; 0
    1be2:	10 e0       	ldi	r17, 0x00	; 0
    1be4:	51 2c       	mov	r5, r1
	{
		printf ("\tTask name: %s\r\n",TaskStatusArray[a].pcTaskName);
    1be6:	9c e3       	ldi	r25, 0x3C	; 60
    1be8:	a9 2e       	mov	r10, r25
    1bea:	92 e2       	ldi	r25, 0x22	; 34
    1bec:	b9 2e       	mov	r11, r25
		printf ("\t\tSTACK end:\t\t0x%04x\r\n",TaskStatusArray[a].pxStackBase);
    1bee:	2d e4       	ldi	r18, 0x4D	; 77
    1bf0:	c2 2e       	mov	r12, r18
    1bf2:	22 e2       	ldi	r18, 0x22	; 34
    1bf4:	d2 2e       	mov	r13, r18
		printf ("\t\tTCB start:\t\t0x%04x\r\n",TaskStatusArray[a].xHandle);
    1bf6:	34 e6       	ldi	r19, 0x64	; 100
    1bf8:	e3 2e       	mov	r14, r19
    1bfa:	32 e2       	ldi	r19, 0x22	; 34
    1bfc:	f3 2e       	mov	r15, r19
		TCBSize=(*(uint16_t *) ((uint16_t) (TaskStatusArray[a].xHandle)-2))-4;
		printf ("\t\tTCB end:\t\t0x%04x\r\n",(uint16_t)(TaskStatusArray[a].xHandle)+TCBSize-1);
    1bfe:	4b e7       	ldi	r20, 0x7B	; 123
    1c00:	64 2e       	mov	r6, r20
    1c02:	42 e2       	ldi	r20, 0x22	; 34
    1c04:	74 2e       	mov	r7, r20
	printf ("\t.BSS end:\t\t\t0x%04x\r\n",__bss_end-1);
	printf ("\t.HEAP start:\t\t\t0x%04x\r\n",ucHeap);
	
	for (a=0;a<NumTasks;a++)
	{
		printf ("\tTask name: %s\r\n",TaskStatusArray[a].pcTaskName);
    1c06:	02 95       	swap	r16
    1c08:	12 95       	swap	r17
    1c0a:	10 7f       	andi	r17, 0xF0	; 240
    1c0c:	10 27       	eor	r17, r16
    1c0e:	00 7f       	andi	r16, 0xF0	; 240
    1c10:	10 27       	eor	r17, r16
    1c12:	e1 e0       	ldi	r30, 0x01	; 1
    1c14:	f0 e0       	ldi	r31, 0x00	; 0
    1c16:	ec 0f       	add	r30, r28
    1c18:	fd 1f       	adc	r31, r29
    1c1a:	0e 0f       	add	r16, r30
    1c1c:	1f 1f       	adc	r17, r31
    1c1e:	f8 01       	movw	r30, r16
    1c20:	83 81       	ldd	r24, Z+3	; 0x03
    1c22:	8f 93       	push	r24
    1c24:	82 81       	ldd	r24, Z+2	; 0x02
    1c26:	8f 93       	push	r24
    1c28:	bf 92       	push	r11
    1c2a:	af 92       	push	r10
    1c2c:	0e 94 3b 17 	call	0x2e76	; 0x2e76 <printf>
		printf ("\t\tSTACK end:\t\t0x%04x\r\n",TaskStatusArray[a].pxStackBase);
    1c30:	f8 01       	movw	r30, r16
    1c32:	85 85       	ldd	r24, Z+13	; 0x0d
    1c34:	8f 93       	push	r24
    1c36:	84 85       	ldd	r24, Z+12	; 0x0c
    1c38:	8f 93       	push	r24
    1c3a:	df 92       	push	r13
    1c3c:	cf 92       	push	r12
    1c3e:	0e 94 3b 17 	call	0x2e76	; 0x2e76 <printf>
		printf ("\t\tTCB start:\t\t0x%04x\r\n",TaskStatusArray[a].xHandle);
    1c42:	f8 01       	movw	r30, r16
    1c44:	81 81       	ldd	r24, Z+1	; 0x01
    1c46:	8f 93       	push	r24
    1c48:	80 81       	ld	r24, Z
    1c4a:	8f 93       	push	r24
    1c4c:	ff 92       	push	r15
    1c4e:	ef 92       	push	r14
    1c50:	0e 94 3b 17 	call	0x2e76	; 0x2e76 <printf>
		TCBSize=(*(uint16_t *) ((uint16_t) (TaskStatusArray[a].xHandle)-2))-4;
    1c54:	f8 01       	movw	r30, r16
    1c56:	80 81       	ld	r24, Z
    1c58:	91 81       	ldd	r25, Z+1	; 0x01
    1c5a:	fc 01       	movw	r30, r24
    1c5c:	32 97       	sbiw	r30, 0x02	; 2
		printf ("\t\tTCB end:\t\t0x%04x\r\n",(uint16_t)(TaskStatusArray[a].xHandle)+TCBSize-1);
    1c5e:	05 97       	sbiw	r24, 0x05	; 5
    1c60:	20 81       	ld	r18, Z
    1c62:	31 81       	ldd	r19, Z+1	; 0x01
    1c64:	82 0f       	add	r24, r18
    1c66:	93 1f       	adc	r25, r19
    1c68:	9f 93       	push	r25
    1c6a:	8f 93       	push	r24
    1c6c:	7f 92       	push	r7
    1c6e:	6f 92       	push	r6
    1c70:	0e 94 3b 17 	call	0x2e76	; 0x2e76 <printf>
	printf ("\t.DATA end:\t\t\t0x%04x\r\n",__data_end-1);
	printf ("\t.BSS start:\t\t\t0x%04x\r\n",__bss_start);
	printf ("\t.BSS end:\t\t\t0x%04x\r\n",__bss_end-1);
	printf ("\t.HEAP start:\t\t\t0x%04x\r\n",ucHeap);
	
	for (a=0;a<NumTasks;a++)
    1c74:	53 94       	inc	r5
    1c76:	05 2d       	mov	r16, r5
    1c78:	10 e0       	ldi	r17, 0x00	; 0
    1c7a:	cd bf       	out	0x3d, r28	; 61
    1c7c:	de bf       	out	0x3e, r29	; 62
    1c7e:	08 15       	cp	r16, r8
    1c80:	19 05       	cpc	r17, r9
    1c82:	0c f2       	brlt	.-126    	; 0x1c06 <MemMap+0x16a>
		TCBSize=(*(uint16_t *) ((uint16_t) (TaskStatusArray[a].xHandle)-2))-4;
		printf ("\t\tTCB end:\t\t0x%04x\r\n",(uint16_t)(TaskStatusArray[a].xHandle)+TCBSize-1);
	}
	
	
	printf ("\t.HEAP end:\t\t\t0x%04x\r\n",ucHeap+configTOTAL_HEAP_SIZE-1);
    1c84:	80 91 70 24 	lds	r24, 0x2470	; 0x802470 <ucHeap>
    1c88:	90 91 71 24 	lds	r25, 0x2471	; 0x802471 <ucHeap+0x1>
    1c8c:	81 50       	subi	r24, 0x01	; 1
    1c8e:	90 4c       	sbci	r25, 0xC0	; 192
    1c90:	9f 93       	push	r25
    1c92:	8f 93       	push	r24
    1c94:	89 ec       	ldi	r24, 0xC9	; 201
    1c96:	91 e2       	ldi	r25, 0x21	; 33
    1c98:	9f 93       	push	r25
    1c9a:	8f 93       	push	r24
    1c9c:	0e 94 3b 17 	call	0x2e76	; 0x2e76 <printf>
	printf ("\t.Bare metal STACK end:\t\t0x%04x\r\n",ucHeap+configTOTAL_HEAP_SIZE);
    1ca0:	80 91 70 24 	lds	r24, 0x2470	; 0x802470 <ucHeap>
    1ca4:	90 91 71 24 	lds	r25, 0x2471	; 0x802471 <ucHeap+0x1>
    1ca8:	90 5c       	subi	r25, 0xC0	; 192
    1caa:	9f 93       	push	r25
    1cac:	8f 93       	push	r24
    1cae:	80 ee       	ldi	r24, 0xE0	; 224
    1cb0:	91 e2       	ldi	r25, 0x21	; 33
    1cb2:	9f 93       	push	r25
    1cb4:	8f 93       	push	r24
    1cb6:	0e 94 3b 17 	call	0x2e76	; 0x2e76 <printf>
	printf ("\t.Bare metal STACK start:\t0x%04x\r\n",MEM_SRAM_STOP);
    1cba:	1f 92       	push	r1
    1cbc:	1f 92       	push	r1
    1cbe:	0f e9       	ldi	r16, 0x9F	; 159
    1cc0:	0f 93       	push	r16
    1cc2:	1f ef       	ldi	r17, 0xFF	; 255
    1cc4:	1f 93       	push	r17
    1cc6:	82 e0       	ldi	r24, 0x02	; 2
    1cc8:	92 e2       	ldi	r25, 0x22	; 34
    1cca:	9f 93       	push	r25
    1ccc:	8f 93       	push	r24
    1cce:	0e 94 3b 17 	call	0x2e76	; 0x2e76 <printf>
	printf("SRAM stop:\t\t\t\t0x%04x\r\n",MEM_SRAM_STOP);
    1cd2:	1f 92       	push	r1
    1cd4:	1f 92       	push	r1
    1cd6:	0f 93       	push	r16
    1cd8:	1f 93       	push	r17
    1cda:	85 e2       	ldi	r24, 0x25	; 37
    1cdc:	92 e2       	ldi	r25, 0x22	; 34
    1cde:	9f 93       	push	r25
    1ce0:	8f 93       	push	r24
    1ce2:	0e 94 3b 17 	call	0x2e76	; 0x2e76 <printf>
	
	printf("-----------\r\n");
    1ce6:	8f eb       	ldi	r24, 0xBF	; 191
    1ce8:	90 e2       	ldi	r25, 0x20	; 32
    1cea:	0e 94 4f 17 	call	0x2e9e	; 0x2e9e <puts>
}
    1cee:	cd bf       	out	0x3d, r28	; 61
    1cf0:	de bf       	out	0x3e, r29	; 62
    1cf2:	c0 5c       	subi	r28, 0xC0	; 192
    1cf4:	de 4f       	sbci	r29, 0xFE	; 254
    1cf6:	cd bf       	out	0x3d, r28	; 61
    1cf8:	de bf       	out	0x3e, r29	; 62
    1cfa:	df 91       	pop	r29
    1cfc:	cf 91       	pop	r28
    1cfe:	1f 91       	pop	r17
    1d00:	0f 91       	pop	r16
    1d02:	ff 90       	pop	r15
    1d04:	ef 90       	pop	r14
    1d06:	df 90       	pop	r13
    1d08:	cf 90       	pop	r12
    1d0a:	bf 90       	pop	r11
    1d0c:	af 90       	pop	r10
    1d0e:	9f 90       	pop	r9
    1d10:	8f 90       	pop	r8
    1d12:	7f 90       	pop	r7
    1d14:	6f 90       	pop	r6
    1d16:	5f 90       	pop	r5
    1d18:	08 95       	ret

00001d1a <WorkerMemTask>:
//Function definitions
void InitMemTask(){
	xTaskCreate( WorkerMemTask, "mem", 1024, NULL, tskIDLE_PRIORITY+1, NULL );
}

void WorkerMemTask(void *pvParameters) {	
    1d1a:	cf 93       	push	r28
    1d1c:	df 93       	push	r29
    1d1e:	1f 92       	push	r1
    1d20:	1f 92       	push	r1
    1d22:	cd b7       	in	r28, 0x3d	; 61
    1d24:	de b7       	in	r29, 0x3e	; 62
	int var4;
	static int var5;
	static int var6=10;

	printf("\r\n=== OEFENING 4A - GEHEUGENADDRESSEN ===\r\n");
    1d26:	80 e9       	ldi	r24, 0x90	; 144
    1d28:	92 e2       	ldi	r25, 0x22	; 34
    1d2a:	0e 94 4f 17 	call	0x2e9e	; 0x2e9e <puts>
	printf("Globale variabelen:\r\n");
    1d2e:	8b eb       	ldi	r24, 0xBB	; 187
    1d30:	92 e2       	ldi	r25, 0x22	; 34
    1d32:	0e 94 4f 17 	call	0x2e9e	; 0x2e9e <puts>
	printf("  Var1 adres: 0x%04X\r\n", (uint16_t)&Var1);
    1d36:	8e e6       	ldi	r24, 0x6E	; 110
    1d38:	94 e2       	ldi	r25, 0x24	; 36
    1d3a:	9f 93       	push	r25
    1d3c:	8f 93       	push	r24
    1d3e:	80 ed       	ldi	r24, 0xD0	; 208
    1d40:	92 e2       	ldi	r25, 0x22	; 34
    1d42:	9f 93       	push	r25
    1d44:	8f 93       	push	r24
    1d46:	0e 94 3b 17 	call	0x2e76	; 0x2e76 <printf>
	printf("  Var2 adres: 0x%04X\r\n", (uint16_t)&Var2);
    1d4a:	86 e1       	ldi	r24, 0x16	; 22
    1d4c:	90 e2       	ldi	r25, 0x20	; 32
    1d4e:	9f 93       	push	r25
    1d50:	8f 93       	push	r24
    1d52:	87 ee       	ldi	r24, 0xE7	; 231
    1d54:	92 e2       	ldi	r25, 0x22	; 34
    1d56:	9f 93       	push	r25
    1d58:	8f 93       	push	r24
    1d5a:	0e 94 3b 17 	call	0x2e76	; 0x2e76 <printf>
	printf("\r\nLokale variabelen in WorkerMemTask():\r\n");
    1d5e:	8e ef       	ldi	r24, 0xFE	; 254
    1d60:	92 e2       	ldi	r25, 0x22	; 34
    1d62:	0e 94 4f 17 	call	0x2e9e	; 0x2e9e <puts>
	printf("  Var4 adres: 0x%04X (lokaal)\r\n", (uint16_t)&var4);
    1d66:	ce 01       	movw	r24, r28
    1d68:	01 96       	adiw	r24, 0x01	; 1
    1d6a:	9f 93       	push	r25
    1d6c:	8f 93       	push	r24
    1d6e:	87 e2       	ldi	r24, 0x27	; 39
    1d70:	93 e2       	ldi	r25, 0x23	; 35
    1d72:	9f 93       	push	r25
    1d74:	8f 93       	push	r24
    1d76:	0e 94 3b 17 	call	0x2e76	; 0x2e76 <printf>
	printf("  Var5 adres: 0x%04X (static)\r\n", (uint16_t)&var5);
    1d7a:	88 e6       	ldi	r24, 0x68	; 104
    1d7c:	94 e2       	ldi	r25, 0x24	; 36
    1d7e:	9f 93       	push	r25
    1d80:	8f 93       	push	r24
    1d82:	87 e4       	ldi	r24, 0x47	; 71
    1d84:	93 e2       	ldi	r25, 0x23	; 35
    1d86:	9f 93       	push	r25
    1d88:	8f 93       	push	r24
    1d8a:	0e 94 3b 17 	call	0x2e76	; 0x2e76 <printf>
	printf("  Var6 adres: 0x%04X (static geïnitialiseerd)\r\n", (uint16_t)&var6);
    1d8e:	88 e1       	ldi	r24, 0x18	; 24
    1d90:	90 e2       	ldi	r25, 0x20	; 32
    1d92:	9f 93       	push	r25
    1d94:	8f 93       	push	r24
    1d96:	87 e6       	ldi	r24, 0x67	; 103
    1d98:	93 e2       	ldi	r25, 0x23	; 35
    1d9a:	9f 93       	push	r25
    1d9c:	8f 93       	push	r24
    1d9e:	0e 94 3b 17 	call	0x2e76	; 0x2e76 <printf>

	printf("\r\nGeheugenmapping:\r\n");
    1da2:	88 e9       	ldi	r24, 0x98	; 152
    1da4:	93 e2       	ldi	r25, 0x23	; 35
    1da6:	0e 94 4f 17 	call	0x2e9e	; 0x2e9e <puts>
	MemMap();
    1daa:	0e 94 4e 0d 	call	0x1a9c	; 0x1a9c <MemMap>

	vTaskSuspend(NULL);
    1dae:	80 e0       	ldi	r24, 0x00	; 0
    1db0:	90 e0       	ldi	r25, 0x00	; 0
    1db2:	0e 94 b1 08 	call	0x1162	; 0x1162 <vTaskSuspend>
    1db6:	cd bf       	out	0x3d, r28	; 61
    1db8:	de bf       	out	0x3e, r29	; 62
    1dba:	0f 90       	pop	r0
    1dbc:	0f 90       	pop	r0
    1dbe:	df 91       	pop	r29
    1dc0:	cf 91       	pop	r28
    1dc2:	08 95       	ret

00001dc4 <InitMemTask>:
//Private function prototypes
void WorkerMemTask(void *pvParameters);
void MemFunction();

//Function definitions
void InitMemTask(){
    1dc4:	ef 92       	push	r14
    1dc6:	ff 92       	push	r15
    1dc8:	0f 93       	push	r16
	xTaskCreate( WorkerMemTask, "mem", 1024, NULL, tskIDLE_PRIORITY+1, NULL );
    1dca:	e1 2c       	mov	r14, r1
    1dcc:	f1 2c       	mov	r15, r1
    1dce:	01 e0       	ldi	r16, 0x01	; 1
    1dd0:	20 e0       	ldi	r18, 0x00	; 0
    1dd2:	30 e0       	ldi	r19, 0x00	; 0
    1dd4:	40 e0       	ldi	r20, 0x00	; 0
    1dd6:	54 e0       	ldi	r21, 0x04	; 4
    1dd8:	6c ea       	ldi	r22, 0xAC	; 172
    1dda:	73 e2       	ldi	r23, 0x23	; 35
    1ddc:	8d e8       	ldi	r24, 0x8D	; 141
    1dde:	9e e0       	ldi	r25, 0x0E	; 14
    1de0:	0e 94 2f 07 	call	0xe5e	; 0xe5e <xTaskCreate>
}
    1de4:	0f 91       	pop	r16
    1de6:	ff 90       	pop	r15
    1de8:	ef 90       	pop	r14
    1dea:	08 95       	ret

00001dec <DriverPowerInit>:
    1dec:	80 e2       	ldi	r24, 0x20	; 32
    1dee:	80 93 41 06 	sts	0x0641, r24	; 0x800641 <__TEXT_REGION_LENGTH__+0x700641>
    1df2:	08 95       	ret

00001df4 <DriverPowerVccAuxSet>:
    1df4:	81 11       	cpse	r24, r1
    1df6:	04 c0       	rjmp	.+8      	; 0x1e00 <DriverPowerVccAuxSet+0xc>
    1df8:	80 e2       	ldi	r24, 0x20	; 32
    1dfa:	80 93 46 06 	sts	0x0646, r24	; 0x800646 <__TEXT_REGION_LENGTH__+0x700646>
    1dfe:	08 95       	ret
    1e00:	80 e2       	ldi	r24, 0x20	; 32
    1e02:	80 93 45 06 	sts	0x0645, r24	; 0x800645 <__TEXT_REGION_LENGTH__+0x700645>
    1e06:	08 95       	ret

00001e08 <vfprintf>:
    1e08:	2f 92       	push	r2
    1e0a:	3f 92       	push	r3
    1e0c:	4f 92       	push	r4
    1e0e:	5f 92       	push	r5
    1e10:	6f 92       	push	r6
    1e12:	7f 92       	push	r7
    1e14:	8f 92       	push	r8
    1e16:	9f 92       	push	r9
    1e18:	af 92       	push	r10
    1e1a:	bf 92       	push	r11
    1e1c:	cf 92       	push	r12
    1e1e:	df 92       	push	r13
    1e20:	ef 92       	push	r14
    1e22:	ff 92       	push	r15
    1e24:	0f 93       	push	r16
    1e26:	1f 93       	push	r17
    1e28:	cf 93       	push	r28
    1e2a:	df 93       	push	r29
    1e2c:	cd b7       	in	r28, 0x3d	; 61
    1e2e:	de b7       	in	r29, 0x3e	; 62
    1e30:	60 97       	sbiw	r28, 0x10	; 16
    1e32:	cd bf       	out	0x3d, r28	; 61
    1e34:	de bf       	out	0x3e, r29	; 62
    1e36:	7c 01       	movw	r14, r24
    1e38:	1b 01       	movw	r2, r22
    1e3a:	6a 01       	movw	r12, r20
    1e3c:	fc 01       	movw	r30, r24
    1e3e:	16 82       	std	Z+6, r1	; 0x06
    1e40:	17 82       	std	Z+7, r1	; 0x07
    1e42:	83 81       	ldd	r24, Z+3	; 0x03
    1e44:	81 ff       	sbrs	r24, 1
    1e46:	44 c3       	rjmp	.+1672   	; 0x24d0 <vfprintf+0x6c8>
    1e48:	9e 01       	movw	r18, r28
    1e4a:	2f 5f       	subi	r18, 0xFF	; 255
    1e4c:	3f 4f       	sbci	r19, 0xFF	; 255
    1e4e:	39 01       	movw	r6, r18
    1e50:	f7 01       	movw	r30, r14
    1e52:	93 81       	ldd	r25, Z+3	; 0x03
    1e54:	f1 01       	movw	r30, r2
    1e56:	93 fd       	sbrc	r25, 3
    1e58:	85 91       	lpm	r24, Z+
    1e5a:	93 ff       	sbrs	r25, 3
    1e5c:	81 91       	ld	r24, Z+
    1e5e:	1f 01       	movw	r2, r30
    1e60:	88 23       	and	r24, r24
    1e62:	09 f4       	brne	.+2      	; 0x1e66 <vfprintf+0x5e>
    1e64:	31 c3       	rjmp	.+1634   	; 0x24c8 <vfprintf+0x6c0>
    1e66:	85 32       	cpi	r24, 0x25	; 37
    1e68:	39 f4       	brne	.+14     	; 0x1e78 <vfprintf+0x70>
    1e6a:	93 fd       	sbrc	r25, 3
    1e6c:	85 91       	lpm	r24, Z+
    1e6e:	93 ff       	sbrs	r25, 3
    1e70:	81 91       	ld	r24, Z+
    1e72:	1f 01       	movw	r2, r30
    1e74:	85 32       	cpi	r24, 0x25	; 37
    1e76:	39 f4       	brne	.+14     	; 0x1e86 <vfprintf+0x7e>
    1e78:	b7 01       	movw	r22, r14
    1e7a:	90 e0       	ldi	r25, 0x00	; 0
    1e7c:	0e 94 ff 16 	call	0x2dfe	; 0x2dfe <fputc>
    1e80:	56 01       	movw	r10, r12
    1e82:	65 01       	movw	r12, r10
    1e84:	e5 cf       	rjmp	.-54     	; 0x1e50 <vfprintf+0x48>
    1e86:	10 e0       	ldi	r17, 0x00	; 0
    1e88:	51 2c       	mov	r5, r1
    1e8a:	91 2c       	mov	r9, r1
    1e8c:	ff e1       	ldi	r31, 0x1F	; 31
    1e8e:	f9 15       	cp	r31, r9
    1e90:	d8 f0       	brcs	.+54     	; 0x1ec8 <vfprintf+0xc0>
    1e92:	8b 32       	cpi	r24, 0x2B	; 43
    1e94:	79 f0       	breq	.+30     	; 0x1eb4 <vfprintf+0xac>
    1e96:	38 f4       	brcc	.+14     	; 0x1ea6 <vfprintf+0x9e>
    1e98:	80 32       	cpi	r24, 0x20	; 32
    1e9a:	79 f0       	breq	.+30     	; 0x1eba <vfprintf+0xb2>
    1e9c:	83 32       	cpi	r24, 0x23	; 35
    1e9e:	a1 f4       	brne	.+40     	; 0x1ec8 <vfprintf+0xc0>
    1ea0:	f9 2d       	mov	r31, r9
    1ea2:	f0 61       	ori	r31, 0x10	; 16
    1ea4:	2e c0       	rjmp	.+92     	; 0x1f02 <vfprintf+0xfa>
    1ea6:	8d 32       	cpi	r24, 0x2D	; 45
    1ea8:	61 f0       	breq	.+24     	; 0x1ec2 <vfprintf+0xba>
    1eaa:	80 33       	cpi	r24, 0x30	; 48
    1eac:	69 f4       	brne	.+26     	; 0x1ec8 <vfprintf+0xc0>
    1eae:	29 2d       	mov	r18, r9
    1eb0:	21 60       	ori	r18, 0x01	; 1
    1eb2:	2d c0       	rjmp	.+90     	; 0x1f0e <vfprintf+0x106>
    1eb4:	39 2d       	mov	r19, r9
    1eb6:	32 60       	ori	r19, 0x02	; 2
    1eb8:	93 2e       	mov	r9, r19
    1eba:	89 2d       	mov	r24, r9
    1ebc:	84 60       	ori	r24, 0x04	; 4
    1ebe:	98 2e       	mov	r9, r24
    1ec0:	2a c0       	rjmp	.+84     	; 0x1f16 <vfprintf+0x10e>
    1ec2:	e9 2d       	mov	r30, r9
    1ec4:	e8 60       	ori	r30, 0x08	; 8
    1ec6:	15 c0       	rjmp	.+42     	; 0x1ef2 <vfprintf+0xea>
    1ec8:	97 fc       	sbrc	r9, 7
    1eca:	2d c0       	rjmp	.+90     	; 0x1f26 <vfprintf+0x11e>
    1ecc:	20 ed       	ldi	r18, 0xD0	; 208
    1ece:	28 0f       	add	r18, r24
    1ed0:	2a 30       	cpi	r18, 0x0A	; 10
    1ed2:	88 f4       	brcc	.+34     	; 0x1ef6 <vfprintf+0xee>
    1ed4:	96 fe       	sbrs	r9, 6
    1ed6:	06 c0       	rjmp	.+12     	; 0x1ee4 <vfprintf+0xdc>
    1ed8:	3a e0       	ldi	r19, 0x0A	; 10
    1eda:	13 9f       	mul	r17, r19
    1edc:	20 0d       	add	r18, r0
    1ede:	11 24       	eor	r1, r1
    1ee0:	12 2f       	mov	r17, r18
    1ee2:	19 c0       	rjmp	.+50     	; 0x1f16 <vfprintf+0x10e>
    1ee4:	8a e0       	ldi	r24, 0x0A	; 10
    1ee6:	58 9e       	mul	r5, r24
    1ee8:	20 0d       	add	r18, r0
    1eea:	11 24       	eor	r1, r1
    1eec:	52 2e       	mov	r5, r18
    1eee:	e9 2d       	mov	r30, r9
    1ef0:	e0 62       	ori	r30, 0x20	; 32
    1ef2:	9e 2e       	mov	r9, r30
    1ef4:	10 c0       	rjmp	.+32     	; 0x1f16 <vfprintf+0x10e>
    1ef6:	8e 32       	cpi	r24, 0x2E	; 46
    1ef8:	31 f4       	brne	.+12     	; 0x1f06 <vfprintf+0xfe>
    1efa:	96 fc       	sbrc	r9, 6
    1efc:	e5 c2       	rjmp	.+1482   	; 0x24c8 <vfprintf+0x6c0>
    1efe:	f9 2d       	mov	r31, r9
    1f00:	f0 64       	ori	r31, 0x40	; 64
    1f02:	9f 2e       	mov	r9, r31
    1f04:	08 c0       	rjmp	.+16     	; 0x1f16 <vfprintf+0x10e>
    1f06:	8c 36       	cpi	r24, 0x6C	; 108
    1f08:	21 f4       	brne	.+8      	; 0x1f12 <vfprintf+0x10a>
    1f0a:	29 2d       	mov	r18, r9
    1f0c:	20 68       	ori	r18, 0x80	; 128
    1f0e:	92 2e       	mov	r9, r18
    1f10:	02 c0       	rjmp	.+4      	; 0x1f16 <vfprintf+0x10e>
    1f12:	88 36       	cpi	r24, 0x68	; 104
    1f14:	41 f4       	brne	.+16     	; 0x1f26 <vfprintf+0x11e>
    1f16:	f1 01       	movw	r30, r2
    1f18:	93 fd       	sbrc	r25, 3
    1f1a:	85 91       	lpm	r24, Z+
    1f1c:	93 ff       	sbrs	r25, 3
    1f1e:	81 91       	ld	r24, Z+
    1f20:	1f 01       	movw	r2, r30
    1f22:	81 11       	cpse	r24, r1
    1f24:	b3 cf       	rjmp	.-154    	; 0x1e8c <vfprintf+0x84>
    1f26:	9b eb       	ldi	r25, 0xBB	; 187
    1f28:	98 0f       	add	r25, r24
    1f2a:	93 30       	cpi	r25, 0x03	; 3
    1f2c:	20 f4       	brcc	.+8      	; 0x1f36 <vfprintf+0x12e>
    1f2e:	99 2d       	mov	r25, r9
    1f30:	90 61       	ori	r25, 0x10	; 16
    1f32:	80 5e       	subi	r24, 0xE0	; 224
    1f34:	07 c0       	rjmp	.+14     	; 0x1f44 <vfprintf+0x13c>
    1f36:	9b e9       	ldi	r25, 0x9B	; 155
    1f38:	98 0f       	add	r25, r24
    1f3a:	93 30       	cpi	r25, 0x03	; 3
    1f3c:	08 f0       	brcs	.+2      	; 0x1f40 <vfprintf+0x138>
    1f3e:	66 c1       	rjmp	.+716    	; 0x220c <vfprintf+0x404>
    1f40:	99 2d       	mov	r25, r9
    1f42:	9f 7e       	andi	r25, 0xEF	; 239
    1f44:	96 ff       	sbrs	r25, 6
    1f46:	16 e0       	ldi	r17, 0x06	; 6
    1f48:	9f 73       	andi	r25, 0x3F	; 63
    1f4a:	99 2e       	mov	r9, r25
    1f4c:	85 36       	cpi	r24, 0x65	; 101
    1f4e:	19 f4       	brne	.+6      	; 0x1f56 <vfprintf+0x14e>
    1f50:	90 64       	ori	r25, 0x40	; 64
    1f52:	99 2e       	mov	r9, r25
    1f54:	08 c0       	rjmp	.+16     	; 0x1f66 <vfprintf+0x15e>
    1f56:	86 36       	cpi	r24, 0x66	; 102
    1f58:	21 f4       	brne	.+8      	; 0x1f62 <vfprintf+0x15a>
    1f5a:	39 2f       	mov	r19, r25
    1f5c:	30 68       	ori	r19, 0x80	; 128
    1f5e:	93 2e       	mov	r9, r19
    1f60:	02 c0       	rjmp	.+4      	; 0x1f66 <vfprintf+0x15e>
    1f62:	11 11       	cpse	r17, r1
    1f64:	11 50       	subi	r17, 0x01	; 1
    1f66:	97 fe       	sbrs	r9, 7
    1f68:	07 c0       	rjmp	.+14     	; 0x1f78 <vfprintf+0x170>
    1f6a:	1c 33       	cpi	r17, 0x3C	; 60
    1f6c:	50 f4       	brcc	.+20     	; 0x1f82 <vfprintf+0x17a>
    1f6e:	44 24       	eor	r4, r4
    1f70:	43 94       	inc	r4
    1f72:	41 0e       	add	r4, r17
    1f74:	27 e0       	ldi	r18, 0x07	; 7
    1f76:	0b c0       	rjmp	.+22     	; 0x1f8e <vfprintf+0x186>
    1f78:	18 30       	cpi	r17, 0x08	; 8
    1f7a:	38 f0       	brcs	.+14     	; 0x1f8a <vfprintf+0x182>
    1f7c:	27 e0       	ldi	r18, 0x07	; 7
    1f7e:	17 e0       	ldi	r17, 0x07	; 7
    1f80:	05 c0       	rjmp	.+10     	; 0x1f8c <vfprintf+0x184>
    1f82:	27 e0       	ldi	r18, 0x07	; 7
    1f84:	9c e3       	ldi	r25, 0x3C	; 60
    1f86:	49 2e       	mov	r4, r25
    1f88:	02 c0       	rjmp	.+4      	; 0x1f8e <vfprintf+0x186>
    1f8a:	21 2f       	mov	r18, r17
    1f8c:	41 2c       	mov	r4, r1
    1f8e:	56 01       	movw	r10, r12
    1f90:	84 e0       	ldi	r24, 0x04	; 4
    1f92:	a8 0e       	add	r10, r24
    1f94:	b1 1c       	adc	r11, r1
    1f96:	f6 01       	movw	r30, r12
    1f98:	60 81       	ld	r22, Z
    1f9a:	71 81       	ldd	r23, Z+1	; 0x01
    1f9c:	82 81       	ldd	r24, Z+2	; 0x02
    1f9e:	93 81       	ldd	r25, Z+3	; 0x03
    1fa0:	04 2d       	mov	r16, r4
    1fa2:	a3 01       	movw	r20, r6
    1fa4:	0e 94 0a 16 	call	0x2c14	; 0x2c14 <__ftoa_engine>
    1fa8:	6c 01       	movw	r12, r24
    1faa:	f9 81       	ldd	r31, Y+1	; 0x01
    1fac:	fc 87       	std	Y+12, r31	; 0x0c
    1fae:	f0 ff       	sbrs	r31, 0
    1fb0:	02 c0       	rjmp	.+4      	; 0x1fb6 <vfprintf+0x1ae>
    1fb2:	f3 ff       	sbrs	r31, 3
    1fb4:	06 c0       	rjmp	.+12     	; 0x1fc2 <vfprintf+0x1ba>
    1fb6:	91 fc       	sbrc	r9, 1
    1fb8:	06 c0       	rjmp	.+12     	; 0x1fc6 <vfprintf+0x1be>
    1fba:	92 fe       	sbrs	r9, 2
    1fbc:	06 c0       	rjmp	.+12     	; 0x1fca <vfprintf+0x1c2>
    1fbe:	00 e2       	ldi	r16, 0x20	; 32
    1fc0:	05 c0       	rjmp	.+10     	; 0x1fcc <vfprintf+0x1c4>
    1fc2:	0d e2       	ldi	r16, 0x2D	; 45
    1fc4:	03 c0       	rjmp	.+6      	; 0x1fcc <vfprintf+0x1c4>
    1fc6:	0b e2       	ldi	r16, 0x2B	; 43
    1fc8:	01 c0       	rjmp	.+2      	; 0x1fcc <vfprintf+0x1c4>
    1fca:	00 e0       	ldi	r16, 0x00	; 0
    1fcc:	8c 85       	ldd	r24, Y+12	; 0x0c
    1fce:	8c 70       	andi	r24, 0x0C	; 12
    1fd0:	19 f0       	breq	.+6      	; 0x1fd8 <vfprintf+0x1d0>
    1fd2:	01 11       	cpse	r16, r1
    1fd4:	5a c2       	rjmp	.+1204   	; 0x248a <vfprintf+0x682>
    1fd6:	9b c2       	rjmp	.+1334   	; 0x250e <vfprintf+0x706>
    1fd8:	97 fe       	sbrs	r9, 7
    1fda:	10 c0       	rjmp	.+32     	; 0x1ffc <vfprintf+0x1f4>
    1fdc:	4c 0c       	add	r4, r12
    1fde:	fc 85       	ldd	r31, Y+12	; 0x0c
    1fe0:	f4 ff       	sbrs	r31, 4
    1fe2:	04 c0       	rjmp	.+8      	; 0x1fec <vfprintf+0x1e4>
    1fe4:	8a 81       	ldd	r24, Y+2	; 0x02
    1fe6:	81 33       	cpi	r24, 0x31	; 49
    1fe8:	09 f4       	brne	.+2      	; 0x1fec <vfprintf+0x1e4>
    1fea:	4a 94       	dec	r4
    1fec:	14 14       	cp	r1, r4
    1fee:	74 f5       	brge	.+92     	; 0x204c <vfprintf+0x244>
    1ff0:	28 e0       	ldi	r18, 0x08	; 8
    1ff2:	24 15       	cp	r18, r4
    1ff4:	78 f5       	brcc	.+94     	; 0x2054 <vfprintf+0x24c>
    1ff6:	88 e0       	ldi	r24, 0x08	; 8
    1ff8:	48 2e       	mov	r4, r24
    1ffa:	2c c0       	rjmp	.+88     	; 0x2054 <vfprintf+0x24c>
    1ffc:	96 fc       	sbrc	r9, 6
    1ffe:	2a c0       	rjmp	.+84     	; 0x2054 <vfprintf+0x24c>
    2000:	81 2f       	mov	r24, r17
    2002:	90 e0       	ldi	r25, 0x00	; 0
    2004:	8c 15       	cp	r24, r12
    2006:	9d 05       	cpc	r25, r13
    2008:	9c f0       	brlt	.+38     	; 0x2030 <vfprintf+0x228>
    200a:	3c ef       	ldi	r19, 0xFC	; 252
    200c:	c3 16       	cp	r12, r19
    200e:	3f ef       	ldi	r19, 0xFF	; 255
    2010:	d3 06       	cpc	r13, r19
    2012:	74 f0       	brlt	.+28     	; 0x2030 <vfprintf+0x228>
    2014:	89 2d       	mov	r24, r9
    2016:	80 68       	ori	r24, 0x80	; 128
    2018:	98 2e       	mov	r9, r24
    201a:	0a c0       	rjmp	.+20     	; 0x2030 <vfprintf+0x228>
    201c:	e2 e0       	ldi	r30, 0x02	; 2
    201e:	f0 e0       	ldi	r31, 0x00	; 0
    2020:	ec 0f       	add	r30, r28
    2022:	fd 1f       	adc	r31, r29
    2024:	e1 0f       	add	r30, r17
    2026:	f1 1d       	adc	r31, r1
    2028:	80 81       	ld	r24, Z
    202a:	80 33       	cpi	r24, 0x30	; 48
    202c:	19 f4       	brne	.+6      	; 0x2034 <vfprintf+0x22c>
    202e:	11 50       	subi	r17, 0x01	; 1
    2030:	11 11       	cpse	r17, r1
    2032:	f4 cf       	rjmp	.-24     	; 0x201c <vfprintf+0x214>
    2034:	97 fe       	sbrs	r9, 7
    2036:	0e c0       	rjmp	.+28     	; 0x2054 <vfprintf+0x24c>
    2038:	44 24       	eor	r4, r4
    203a:	43 94       	inc	r4
    203c:	41 0e       	add	r4, r17
    203e:	81 2f       	mov	r24, r17
    2040:	90 e0       	ldi	r25, 0x00	; 0
    2042:	c8 16       	cp	r12, r24
    2044:	d9 06       	cpc	r13, r25
    2046:	2c f4       	brge	.+10     	; 0x2052 <vfprintf+0x24a>
    2048:	1c 19       	sub	r17, r12
    204a:	04 c0       	rjmp	.+8      	; 0x2054 <vfprintf+0x24c>
    204c:	44 24       	eor	r4, r4
    204e:	43 94       	inc	r4
    2050:	01 c0       	rjmp	.+2      	; 0x2054 <vfprintf+0x24c>
    2052:	10 e0       	ldi	r17, 0x00	; 0
    2054:	97 fe       	sbrs	r9, 7
    2056:	06 c0       	rjmp	.+12     	; 0x2064 <vfprintf+0x25c>
    2058:	1c 14       	cp	r1, r12
    205a:	1d 04       	cpc	r1, r13
    205c:	34 f4       	brge	.+12     	; 0x206a <vfprintf+0x262>
    205e:	c6 01       	movw	r24, r12
    2060:	01 96       	adiw	r24, 0x01	; 1
    2062:	05 c0       	rjmp	.+10     	; 0x206e <vfprintf+0x266>
    2064:	85 e0       	ldi	r24, 0x05	; 5
    2066:	90 e0       	ldi	r25, 0x00	; 0
    2068:	02 c0       	rjmp	.+4      	; 0x206e <vfprintf+0x266>
    206a:	81 e0       	ldi	r24, 0x01	; 1
    206c:	90 e0       	ldi	r25, 0x00	; 0
    206e:	01 11       	cpse	r16, r1
    2070:	01 96       	adiw	r24, 0x01	; 1
    2072:	11 23       	and	r17, r17
    2074:	31 f0       	breq	.+12     	; 0x2082 <vfprintf+0x27a>
    2076:	21 2f       	mov	r18, r17
    2078:	30 e0       	ldi	r19, 0x00	; 0
    207a:	2f 5f       	subi	r18, 0xFF	; 255
    207c:	3f 4f       	sbci	r19, 0xFF	; 255
    207e:	82 0f       	add	r24, r18
    2080:	93 1f       	adc	r25, r19
    2082:	25 2d       	mov	r18, r5
    2084:	30 e0       	ldi	r19, 0x00	; 0
    2086:	82 17       	cp	r24, r18
    2088:	93 07       	cpc	r25, r19
    208a:	14 f4       	brge	.+4      	; 0x2090 <vfprintf+0x288>
    208c:	58 1a       	sub	r5, r24
    208e:	01 c0       	rjmp	.+2      	; 0x2092 <vfprintf+0x28a>
    2090:	51 2c       	mov	r5, r1
    2092:	89 2d       	mov	r24, r9
    2094:	89 70       	andi	r24, 0x09	; 9
    2096:	49 f4       	brne	.+18     	; 0x20aa <vfprintf+0x2a2>
    2098:	55 20       	and	r5, r5
    209a:	39 f0       	breq	.+14     	; 0x20aa <vfprintf+0x2a2>
    209c:	b7 01       	movw	r22, r14
    209e:	80 e2       	ldi	r24, 0x20	; 32
    20a0:	90 e0       	ldi	r25, 0x00	; 0
    20a2:	0e 94 ff 16 	call	0x2dfe	; 0x2dfe <fputc>
    20a6:	5a 94       	dec	r5
    20a8:	f7 cf       	rjmp	.-18     	; 0x2098 <vfprintf+0x290>
    20aa:	00 23       	and	r16, r16
    20ac:	29 f0       	breq	.+10     	; 0x20b8 <vfprintf+0x2b0>
    20ae:	b7 01       	movw	r22, r14
    20b0:	80 2f       	mov	r24, r16
    20b2:	90 e0       	ldi	r25, 0x00	; 0
    20b4:	0e 94 ff 16 	call	0x2dfe	; 0x2dfe <fputc>
    20b8:	93 fc       	sbrc	r9, 3
    20ba:	09 c0       	rjmp	.+18     	; 0x20ce <vfprintf+0x2c6>
    20bc:	55 20       	and	r5, r5
    20be:	39 f0       	breq	.+14     	; 0x20ce <vfprintf+0x2c6>
    20c0:	b7 01       	movw	r22, r14
    20c2:	80 e3       	ldi	r24, 0x30	; 48
    20c4:	90 e0       	ldi	r25, 0x00	; 0
    20c6:	0e 94 ff 16 	call	0x2dfe	; 0x2dfe <fputc>
    20ca:	5a 94       	dec	r5
    20cc:	f7 cf       	rjmp	.-18     	; 0x20bc <vfprintf+0x2b4>
    20ce:	97 fe       	sbrs	r9, 7
    20d0:	4c c0       	rjmp	.+152    	; 0x216a <vfprintf+0x362>
    20d2:	46 01       	movw	r8, r12
    20d4:	d7 fe       	sbrs	r13, 7
    20d6:	02 c0       	rjmp	.+4      	; 0x20dc <vfprintf+0x2d4>
    20d8:	81 2c       	mov	r8, r1
    20da:	91 2c       	mov	r9, r1
    20dc:	c6 01       	movw	r24, r12
    20de:	88 19       	sub	r24, r8
    20e0:	99 09       	sbc	r25, r9
    20e2:	f3 01       	movw	r30, r6
    20e4:	e8 0f       	add	r30, r24
    20e6:	f9 1f       	adc	r31, r25
    20e8:	ed 87       	std	Y+13, r30	; 0x0d
    20ea:	fe 87       	std	Y+14, r31	; 0x0e
    20ec:	96 01       	movw	r18, r12
    20ee:	24 19       	sub	r18, r4
    20f0:	31 09       	sbc	r19, r1
    20f2:	2f 87       	std	Y+15, r18	; 0x0f
    20f4:	38 8b       	std	Y+16, r19	; 0x10
    20f6:	01 2f       	mov	r16, r17
    20f8:	10 e0       	ldi	r17, 0x00	; 0
    20fa:	11 95       	neg	r17
    20fc:	01 95       	neg	r16
    20fe:	11 09       	sbc	r17, r1
    2100:	3f ef       	ldi	r19, 0xFF	; 255
    2102:	83 16       	cp	r8, r19
    2104:	93 06       	cpc	r9, r19
    2106:	29 f4       	brne	.+10     	; 0x2112 <vfprintf+0x30a>
    2108:	b7 01       	movw	r22, r14
    210a:	8e e2       	ldi	r24, 0x2E	; 46
    210c:	90 e0       	ldi	r25, 0x00	; 0
    210e:	0e 94 ff 16 	call	0x2dfe	; 0x2dfe <fputc>
    2112:	c8 14       	cp	r12, r8
    2114:	d9 04       	cpc	r13, r9
    2116:	4c f0       	brlt	.+18     	; 0x212a <vfprintf+0x322>
    2118:	8f 85       	ldd	r24, Y+15	; 0x0f
    211a:	98 89       	ldd	r25, Y+16	; 0x10
    211c:	88 15       	cp	r24, r8
    211e:	99 05       	cpc	r25, r9
    2120:	24 f4       	brge	.+8      	; 0x212a <vfprintf+0x322>
    2122:	ed 85       	ldd	r30, Y+13	; 0x0d
    2124:	fe 85       	ldd	r31, Y+14	; 0x0e
    2126:	81 81       	ldd	r24, Z+1	; 0x01
    2128:	01 c0       	rjmp	.+2      	; 0x212c <vfprintf+0x324>
    212a:	80 e3       	ldi	r24, 0x30	; 48
    212c:	f1 e0       	ldi	r31, 0x01	; 1
    212e:	8f 1a       	sub	r8, r31
    2130:	91 08       	sbc	r9, r1
    2132:	2d 85       	ldd	r18, Y+13	; 0x0d
    2134:	3e 85       	ldd	r19, Y+14	; 0x0e
    2136:	2f 5f       	subi	r18, 0xFF	; 255
    2138:	3f 4f       	sbci	r19, 0xFF	; 255
    213a:	2d 87       	std	Y+13, r18	; 0x0d
    213c:	3e 87       	std	Y+14, r19	; 0x0e
    213e:	80 16       	cp	r8, r16
    2140:	91 06       	cpc	r9, r17
    2142:	2c f0       	brlt	.+10     	; 0x214e <vfprintf+0x346>
    2144:	b7 01       	movw	r22, r14
    2146:	90 e0       	ldi	r25, 0x00	; 0
    2148:	0e 94 ff 16 	call	0x2dfe	; 0x2dfe <fputc>
    214c:	d9 cf       	rjmp	.-78     	; 0x2100 <vfprintf+0x2f8>
    214e:	c8 14       	cp	r12, r8
    2150:	d9 04       	cpc	r13, r9
    2152:	41 f4       	brne	.+16     	; 0x2164 <vfprintf+0x35c>
    2154:	9a 81       	ldd	r25, Y+2	; 0x02
    2156:	96 33       	cpi	r25, 0x36	; 54
    2158:	20 f4       	brcc	.+8      	; 0x2162 <vfprintf+0x35a>
    215a:	95 33       	cpi	r25, 0x35	; 53
    215c:	19 f4       	brne	.+6      	; 0x2164 <vfprintf+0x35c>
    215e:	3c 85       	ldd	r19, Y+12	; 0x0c
    2160:	34 ff       	sbrs	r19, 4
    2162:	81 e3       	ldi	r24, 0x31	; 49
    2164:	b7 01       	movw	r22, r14
    2166:	90 e0       	ldi	r25, 0x00	; 0
    2168:	4e c0       	rjmp	.+156    	; 0x2206 <vfprintf+0x3fe>
    216a:	8a 81       	ldd	r24, Y+2	; 0x02
    216c:	81 33       	cpi	r24, 0x31	; 49
    216e:	19 f0       	breq	.+6      	; 0x2176 <vfprintf+0x36e>
    2170:	9c 85       	ldd	r25, Y+12	; 0x0c
    2172:	9f 7e       	andi	r25, 0xEF	; 239
    2174:	9c 87       	std	Y+12, r25	; 0x0c
    2176:	b7 01       	movw	r22, r14
    2178:	90 e0       	ldi	r25, 0x00	; 0
    217a:	0e 94 ff 16 	call	0x2dfe	; 0x2dfe <fputc>
    217e:	11 11       	cpse	r17, r1
    2180:	05 c0       	rjmp	.+10     	; 0x218c <vfprintf+0x384>
    2182:	94 fc       	sbrc	r9, 4
    2184:	18 c0       	rjmp	.+48     	; 0x21b6 <vfprintf+0x3ae>
    2186:	85 e6       	ldi	r24, 0x65	; 101
    2188:	90 e0       	ldi	r25, 0x00	; 0
    218a:	17 c0       	rjmp	.+46     	; 0x21ba <vfprintf+0x3b2>
    218c:	b7 01       	movw	r22, r14
    218e:	8e e2       	ldi	r24, 0x2E	; 46
    2190:	90 e0       	ldi	r25, 0x00	; 0
    2192:	0e 94 ff 16 	call	0x2dfe	; 0x2dfe <fputc>
    2196:	1e 5f       	subi	r17, 0xFE	; 254
    2198:	82 e0       	ldi	r24, 0x02	; 2
    219a:	01 e0       	ldi	r16, 0x01	; 1
    219c:	08 0f       	add	r16, r24
    219e:	f3 01       	movw	r30, r6
    21a0:	e8 0f       	add	r30, r24
    21a2:	f1 1d       	adc	r31, r1
    21a4:	80 81       	ld	r24, Z
    21a6:	b7 01       	movw	r22, r14
    21a8:	90 e0       	ldi	r25, 0x00	; 0
    21aa:	0e 94 ff 16 	call	0x2dfe	; 0x2dfe <fputc>
    21ae:	80 2f       	mov	r24, r16
    21b0:	01 13       	cpse	r16, r17
    21b2:	f3 cf       	rjmp	.-26     	; 0x219a <vfprintf+0x392>
    21b4:	e6 cf       	rjmp	.-52     	; 0x2182 <vfprintf+0x37a>
    21b6:	85 e4       	ldi	r24, 0x45	; 69
    21b8:	90 e0       	ldi	r25, 0x00	; 0
    21ba:	b7 01       	movw	r22, r14
    21bc:	0e 94 ff 16 	call	0x2dfe	; 0x2dfe <fputc>
    21c0:	d7 fc       	sbrc	r13, 7
    21c2:	06 c0       	rjmp	.+12     	; 0x21d0 <vfprintf+0x3c8>
    21c4:	c1 14       	cp	r12, r1
    21c6:	d1 04       	cpc	r13, r1
    21c8:	41 f4       	brne	.+16     	; 0x21da <vfprintf+0x3d2>
    21ca:	ec 85       	ldd	r30, Y+12	; 0x0c
    21cc:	e4 ff       	sbrs	r30, 4
    21ce:	05 c0       	rjmp	.+10     	; 0x21da <vfprintf+0x3d2>
    21d0:	d1 94       	neg	r13
    21d2:	c1 94       	neg	r12
    21d4:	d1 08       	sbc	r13, r1
    21d6:	8d e2       	ldi	r24, 0x2D	; 45
    21d8:	01 c0       	rjmp	.+2      	; 0x21dc <vfprintf+0x3d4>
    21da:	8b e2       	ldi	r24, 0x2B	; 43
    21dc:	b7 01       	movw	r22, r14
    21de:	90 e0       	ldi	r25, 0x00	; 0
    21e0:	0e 94 ff 16 	call	0x2dfe	; 0x2dfe <fputc>
    21e4:	80 e3       	ldi	r24, 0x30	; 48
    21e6:	2a e0       	ldi	r18, 0x0A	; 10
    21e8:	c2 16       	cp	r12, r18
    21ea:	d1 04       	cpc	r13, r1
    21ec:	2c f0       	brlt	.+10     	; 0x21f8 <vfprintf+0x3f0>
    21ee:	8f 5f       	subi	r24, 0xFF	; 255
    21f0:	fa e0       	ldi	r31, 0x0A	; 10
    21f2:	cf 1a       	sub	r12, r31
    21f4:	d1 08       	sbc	r13, r1
    21f6:	f7 cf       	rjmp	.-18     	; 0x21e6 <vfprintf+0x3de>
    21f8:	b7 01       	movw	r22, r14
    21fa:	90 e0       	ldi	r25, 0x00	; 0
    21fc:	0e 94 ff 16 	call	0x2dfe	; 0x2dfe <fputc>
    2200:	b7 01       	movw	r22, r14
    2202:	c6 01       	movw	r24, r12
    2204:	c0 96       	adiw	r24, 0x30	; 48
    2206:	0e 94 ff 16 	call	0x2dfe	; 0x2dfe <fputc>
    220a:	54 c1       	rjmp	.+680    	; 0x24b4 <vfprintf+0x6ac>
    220c:	83 36       	cpi	r24, 0x63	; 99
    220e:	31 f0       	breq	.+12     	; 0x221c <vfprintf+0x414>
    2210:	83 37       	cpi	r24, 0x73	; 115
    2212:	79 f0       	breq	.+30     	; 0x2232 <vfprintf+0x42a>
    2214:	83 35       	cpi	r24, 0x53	; 83
    2216:	09 f0       	breq	.+2      	; 0x221a <vfprintf+0x412>
    2218:	56 c0       	rjmp	.+172    	; 0x22c6 <vfprintf+0x4be>
    221a:	20 c0       	rjmp	.+64     	; 0x225c <vfprintf+0x454>
    221c:	56 01       	movw	r10, r12
    221e:	32 e0       	ldi	r19, 0x02	; 2
    2220:	a3 0e       	add	r10, r19
    2222:	b1 1c       	adc	r11, r1
    2224:	f6 01       	movw	r30, r12
    2226:	80 81       	ld	r24, Z
    2228:	89 83       	std	Y+1, r24	; 0x01
    222a:	01 e0       	ldi	r16, 0x01	; 1
    222c:	10 e0       	ldi	r17, 0x00	; 0
    222e:	63 01       	movw	r12, r6
    2230:	12 c0       	rjmp	.+36     	; 0x2256 <vfprintf+0x44e>
    2232:	56 01       	movw	r10, r12
    2234:	f2 e0       	ldi	r31, 0x02	; 2
    2236:	af 0e       	add	r10, r31
    2238:	b1 1c       	adc	r11, r1
    223a:	f6 01       	movw	r30, r12
    223c:	c0 80       	ld	r12, Z
    223e:	d1 80       	ldd	r13, Z+1	; 0x01
    2240:	96 fe       	sbrs	r9, 6
    2242:	03 c0       	rjmp	.+6      	; 0x224a <vfprintf+0x442>
    2244:	61 2f       	mov	r22, r17
    2246:	70 e0       	ldi	r23, 0x00	; 0
    2248:	02 c0       	rjmp	.+4      	; 0x224e <vfprintf+0x446>
    224a:	6f ef       	ldi	r22, 0xFF	; 255
    224c:	7f ef       	ldi	r23, 0xFF	; 255
    224e:	c6 01       	movw	r24, r12
    2250:	0e 94 f4 16 	call	0x2de8	; 0x2de8 <strnlen>
    2254:	8c 01       	movw	r16, r24
    2256:	f9 2d       	mov	r31, r9
    2258:	ff 77       	andi	r31, 0x7F	; 127
    225a:	14 c0       	rjmp	.+40     	; 0x2284 <vfprintf+0x47c>
    225c:	56 01       	movw	r10, r12
    225e:	22 e0       	ldi	r18, 0x02	; 2
    2260:	a2 0e       	add	r10, r18
    2262:	b1 1c       	adc	r11, r1
    2264:	f6 01       	movw	r30, r12
    2266:	c0 80       	ld	r12, Z
    2268:	d1 80       	ldd	r13, Z+1	; 0x01
    226a:	96 fe       	sbrs	r9, 6
    226c:	03 c0       	rjmp	.+6      	; 0x2274 <vfprintf+0x46c>
    226e:	61 2f       	mov	r22, r17
    2270:	70 e0       	ldi	r23, 0x00	; 0
    2272:	02 c0       	rjmp	.+4      	; 0x2278 <vfprintf+0x470>
    2274:	6f ef       	ldi	r22, 0xFF	; 255
    2276:	7f ef       	ldi	r23, 0xFF	; 255
    2278:	c6 01       	movw	r24, r12
    227a:	0e 94 e2 16 	call	0x2dc4	; 0x2dc4 <strnlen_P>
    227e:	8c 01       	movw	r16, r24
    2280:	f9 2d       	mov	r31, r9
    2282:	f0 68       	ori	r31, 0x80	; 128
    2284:	9f 2e       	mov	r9, r31
    2286:	f3 fd       	sbrc	r31, 3
    2288:	1a c0       	rjmp	.+52     	; 0x22be <vfprintf+0x4b6>
    228a:	85 2d       	mov	r24, r5
    228c:	90 e0       	ldi	r25, 0x00	; 0
    228e:	08 17       	cp	r16, r24
    2290:	19 07       	cpc	r17, r25
    2292:	a8 f4       	brcc	.+42     	; 0x22be <vfprintf+0x4b6>
    2294:	b7 01       	movw	r22, r14
    2296:	80 e2       	ldi	r24, 0x20	; 32
    2298:	90 e0       	ldi	r25, 0x00	; 0
    229a:	0e 94 ff 16 	call	0x2dfe	; 0x2dfe <fputc>
    229e:	5a 94       	dec	r5
    22a0:	f4 cf       	rjmp	.-24     	; 0x228a <vfprintf+0x482>
    22a2:	f6 01       	movw	r30, r12
    22a4:	97 fc       	sbrc	r9, 7
    22a6:	85 91       	lpm	r24, Z+
    22a8:	97 fe       	sbrs	r9, 7
    22aa:	81 91       	ld	r24, Z+
    22ac:	6f 01       	movw	r12, r30
    22ae:	b7 01       	movw	r22, r14
    22b0:	90 e0       	ldi	r25, 0x00	; 0
    22b2:	0e 94 ff 16 	call	0x2dfe	; 0x2dfe <fputc>
    22b6:	51 10       	cpse	r5, r1
    22b8:	5a 94       	dec	r5
    22ba:	01 50       	subi	r16, 0x01	; 1
    22bc:	11 09       	sbc	r17, r1
    22be:	01 15       	cp	r16, r1
    22c0:	11 05       	cpc	r17, r1
    22c2:	79 f7       	brne	.-34     	; 0x22a2 <vfprintf+0x49a>
    22c4:	f7 c0       	rjmp	.+494    	; 0x24b4 <vfprintf+0x6ac>
    22c6:	84 36       	cpi	r24, 0x64	; 100
    22c8:	11 f0       	breq	.+4      	; 0x22ce <vfprintf+0x4c6>
    22ca:	89 36       	cpi	r24, 0x69	; 105
    22cc:	61 f5       	brne	.+88     	; 0x2326 <vfprintf+0x51e>
    22ce:	56 01       	movw	r10, r12
    22d0:	97 fe       	sbrs	r9, 7
    22d2:	09 c0       	rjmp	.+18     	; 0x22e6 <vfprintf+0x4de>
    22d4:	24 e0       	ldi	r18, 0x04	; 4
    22d6:	a2 0e       	add	r10, r18
    22d8:	b1 1c       	adc	r11, r1
    22da:	f6 01       	movw	r30, r12
    22dc:	60 81       	ld	r22, Z
    22de:	71 81       	ldd	r23, Z+1	; 0x01
    22e0:	82 81       	ldd	r24, Z+2	; 0x02
    22e2:	93 81       	ldd	r25, Z+3	; 0x03
    22e4:	0a c0       	rjmp	.+20     	; 0x22fa <vfprintf+0x4f2>
    22e6:	f2 e0       	ldi	r31, 0x02	; 2
    22e8:	af 0e       	add	r10, r31
    22ea:	b1 1c       	adc	r11, r1
    22ec:	f6 01       	movw	r30, r12
    22ee:	60 81       	ld	r22, Z
    22f0:	71 81       	ldd	r23, Z+1	; 0x01
    22f2:	07 2e       	mov	r0, r23
    22f4:	00 0c       	add	r0, r0
    22f6:	88 0b       	sbc	r24, r24
    22f8:	99 0b       	sbc	r25, r25
    22fa:	f9 2d       	mov	r31, r9
    22fc:	ff 76       	andi	r31, 0x6F	; 111
    22fe:	9f 2e       	mov	r9, r31
    2300:	97 ff       	sbrs	r25, 7
    2302:	09 c0       	rjmp	.+18     	; 0x2316 <vfprintf+0x50e>
    2304:	90 95       	com	r25
    2306:	80 95       	com	r24
    2308:	70 95       	com	r23
    230a:	61 95       	neg	r22
    230c:	7f 4f       	sbci	r23, 0xFF	; 255
    230e:	8f 4f       	sbci	r24, 0xFF	; 255
    2310:	9f 4f       	sbci	r25, 0xFF	; 255
    2312:	f0 68       	ori	r31, 0x80	; 128
    2314:	9f 2e       	mov	r9, r31
    2316:	2a e0       	ldi	r18, 0x0A	; 10
    2318:	30 e0       	ldi	r19, 0x00	; 0
    231a:	a3 01       	movw	r20, r6
    231c:	0e 94 7f 17 	call	0x2efe	; 0x2efe <__ultoa_invert>
    2320:	c8 2e       	mov	r12, r24
    2322:	c6 18       	sub	r12, r6
    2324:	3f c0       	rjmp	.+126    	; 0x23a4 <vfprintf+0x59c>
    2326:	09 2d       	mov	r16, r9
    2328:	85 37       	cpi	r24, 0x75	; 117
    232a:	21 f4       	brne	.+8      	; 0x2334 <vfprintf+0x52c>
    232c:	0f 7e       	andi	r16, 0xEF	; 239
    232e:	2a e0       	ldi	r18, 0x0A	; 10
    2330:	30 e0       	ldi	r19, 0x00	; 0
    2332:	1d c0       	rjmp	.+58     	; 0x236e <vfprintf+0x566>
    2334:	09 7f       	andi	r16, 0xF9	; 249
    2336:	8f 36       	cpi	r24, 0x6F	; 111
    2338:	91 f0       	breq	.+36     	; 0x235e <vfprintf+0x556>
    233a:	18 f4       	brcc	.+6      	; 0x2342 <vfprintf+0x53a>
    233c:	88 35       	cpi	r24, 0x58	; 88
    233e:	59 f0       	breq	.+22     	; 0x2356 <vfprintf+0x54e>
    2340:	c3 c0       	rjmp	.+390    	; 0x24c8 <vfprintf+0x6c0>
    2342:	80 37       	cpi	r24, 0x70	; 112
    2344:	19 f0       	breq	.+6      	; 0x234c <vfprintf+0x544>
    2346:	88 37       	cpi	r24, 0x78	; 120
    2348:	11 f0       	breq	.+4      	; 0x234e <vfprintf+0x546>
    234a:	be c0       	rjmp	.+380    	; 0x24c8 <vfprintf+0x6c0>
    234c:	00 61       	ori	r16, 0x10	; 16
    234e:	04 ff       	sbrs	r16, 4
    2350:	09 c0       	rjmp	.+18     	; 0x2364 <vfprintf+0x55c>
    2352:	04 60       	ori	r16, 0x04	; 4
    2354:	07 c0       	rjmp	.+14     	; 0x2364 <vfprintf+0x55c>
    2356:	94 fe       	sbrs	r9, 4
    2358:	08 c0       	rjmp	.+16     	; 0x236a <vfprintf+0x562>
    235a:	06 60       	ori	r16, 0x06	; 6
    235c:	06 c0       	rjmp	.+12     	; 0x236a <vfprintf+0x562>
    235e:	28 e0       	ldi	r18, 0x08	; 8
    2360:	30 e0       	ldi	r19, 0x00	; 0
    2362:	05 c0       	rjmp	.+10     	; 0x236e <vfprintf+0x566>
    2364:	20 e1       	ldi	r18, 0x10	; 16
    2366:	30 e0       	ldi	r19, 0x00	; 0
    2368:	02 c0       	rjmp	.+4      	; 0x236e <vfprintf+0x566>
    236a:	20 e1       	ldi	r18, 0x10	; 16
    236c:	32 e0       	ldi	r19, 0x02	; 2
    236e:	56 01       	movw	r10, r12
    2370:	07 ff       	sbrs	r16, 7
    2372:	09 c0       	rjmp	.+18     	; 0x2386 <vfprintf+0x57e>
    2374:	84 e0       	ldi	r24, 0x04	; 4
    2376:	a8 0e       	add	r10, r24
    2378:	b1 1c       	adc	r11, r1
    237a:	f6 01       	movw	r30, r12
    237c:	60 81       	ld	r22, Z
    237e:	71 81       	ldd	r23, Z+1	; 0x01
    2380:	82 81       	ldd	r24, Z+2	; 0x02
    2382:	93 81       	ldd	r25, Z+3	; 0x03
    2384:	08 c0       	rjmp	.+16     	; 0x2396 <vfprintf+0x58e>
    2386:	f2 e0       	ldi	r31, 0x02	; 2
    2388:	af 0e       	add	r10, r31
    238a:	b1 1c       	adc	r11, r1
    238c:	f6 01       	movw	r30, r12
    238e:	60 81       	ld	r22, Z
    2390:	71 81       	ldd	r23, Z+1	; 0x01
    2392:	80 e0       	ldi	r24, 0x00	; 0
    2394:	90 e0       	ldi	r25, 0x00	; 0
    2396:	a3 01       	movw	r20, r6
    2398:	0e 94 7f 17 	call	0x2efe	; 0x2efe <__ultoa_invert>
    239c:	c8 2e       	mov	r12, r24
    239e:	c6 18       	sub	r12, r6
    23a0:	0f 77       	andi	r16, 0x7F	; 127
    23a2:	90 2e       	mov	r9, r16
    23a4:	96 fe       	sbrs	r9, 6
    23a6:	0b c0       	rjmp	.+22     	; 0x23be <vfprintf+0x5b6>
    23a8:	09 2d       	mov	r16, r9
    23aa:	0e 7f       	andi	r16, 0xFE	; 254
    23ac:	c1 16       	cp	r12, r17
    23ae:	50 f4       	brcc	.+20     	; 0x23c4 <vfprintf+0x5bc>
    23b0:	94 fe       	sbrs	r9, 4
    23b2:	0a c0       	rjmp	.+20     	; 0x23c8 <vfprintf+0x5c0>
    23b4:	92 fc       	sbrc	r9, 2
    23b6:	08 c0       	rjmp	.+16     	; 0x23c8 <vfprintf+0x5c0>
    23b8:	09 2d       	mov	r16, r9
    23ba:	0e 7e       	andi	r16, 0xEE	; 238
    23bc:	05 c0       	rjmp	.+10     	; 0x23c8 <vfprintf+0x5c0>
    23be:	dc 2c       	mov	r13, r12
    23c0:	09 2d       	mov	r16, r9
    23c2:	03 c0       	rjmp	.+6      	; 0x23ca <vfprintf+0x5c2>
    23c4:	dc 2c       	mov	r13, r12
    23c6:	01 c0       	rjmp	.+2      	; 0x23ca <vfprintf+0x5c2>
    23c8:	d1 2e       	mov	r13, r17
    23ca:	04 ff       	sbrs	r16, 4
    23cc:	0d c0       	rjmp	.+26     	; 0x23e8 <vfprintf+0x5e0>
    23ce:	fe 01       	movw	r30, r28
    23d0:	ec 0d       	add	r30, r12
    23d2:	f1 1d       	adc	r31, r1
    23d4:	80 81       	ld	r24, Z
    23d6:	80 33       	cpi	r24, 0x30	; 48
    23d8:	11 f4       	brne	.+4      	; 0x23de <vfprintf+0x5d6>
    23da:	09 7e       	andi	r16, 0xE9	; 233
    23dc:	09 c0       	rjmp	.+18     	; 0x23f0 <vfprintf+0x5e8>
    23de:	02 ff       	sbrs	r16, 2
    23e0:	06 c0       	rjmp	.+12     	; 0x23ee <vfprintf+0x5e6>
    23e2:	d3 94       	inc	r13
    23e4:	d3 94       	inc	r13
    23e6:	04 c0       	rjmp	.+8      	; 0x23f0 <vfprintf+0x5e8>
    23e8:	80 2f       	mov	r24, r16
    23ea:	86 78       	andi	r24, 0x86	; 134
    23ec:	09 f0       	breq	.+2      	; 0x23f0 <vfprintf+0x5e8>
    23ee:	d3 94       	inc	r13
    23f0:	03 fd       	sbrc	r16, 3
    23f2:	11 c0       	rjmp	.+34     	; 0x2416 <vfprintf+0x60e>
    23f4:	00 ff       	sbrs	r16, 0
    23f6:	06 c0       	rjmp	.+12     	; 0x2404 <vfprintf+0x5fc>
    23f8:	1c 2d       	mov	r17, r12
    23fa:	d5 14       	cp	r13, r5
    23fc:	80 f4       	brcc	.+32     	; 0x241e <vfprintf+0x616>
    23fe:	15 0d       	add	r17, r5
    2400:	1d 19       	sub	r17, r13
    2402:	0d c0       	rjmp	.+26     	; 0x241e <vfprintf+0x616>
    2404:	d5 14       	cp	r13, r5
    2406:	58 f4       	brcc	.+22     	; 0x241e <vfprintf+0x616>
    2408:	b7 01       	movw	r22, r14
    240a:	80 e2       	ldi	r24, 0x20	; 32
    240c:	90 e0       	ldi	r25, 0x00	; 0
    240e:	0e 94 ff 16 	call	0x2dfe	; 0x2dfe <fputc>
    2412:	d3 94       	inc	r13
    2414:	f7 cf       	rjmp	.-18     	; 0x2404 <vfprintf+0x5fc>
    2416:	d5 14       	cp	r13, r5
    2418:	10 f4       	brcc	.+4      	; 0x241e <vfprintf+0x616>
    241a:	5d 18       	sub	r5, r13
    241c:	01 c0       	rjmp	.+2      	; 0x2420 <vfprintf+0x618>
    241e:	51 2c       	mov	r5, r1
    2420:	04 ff       	sbrs	r16, 4
    2422:	10 c0       	rjmp	.+32     	; 0x2444 <vfprintf+0x63c>
    2424:	b7 01       	movw	r22, r14
    2426:	80 e3       	ldi	r24, 0x30	; 48
    2428:	90 e0       	ldi	r25, 0x00	; 0
    242a:	0e 94 ff 16 	call	0x2dfe	; 0x2dfe <fputc>
    242e:	02 ff       	sbrs	r16, 2
    2430:	17 c0       	rjmp	.+46     	; 0x2460 <vfprintf+0x658>
    2432:	01 fd       	sbrc	r16, 1
    2434:	03 c0       	rjmp	.+6      	; 0x243c <vfprintf+0x634>
    2436:	88 e7       	ldi	r24, 0x78	; 120
    2438:	90 e0       	ldi	r25, 0x00	; 0
    243a:	02 c0       	rjmp	.+4      	; 0x2440 <vfprintf+0x638>
    243c:	88 e5       	ldi	r24, 0x58	; 88
    243e:	90 e0       	ldi	r25, 0x00	; 0
    2440:	b7 01       	movw	r22, r14
    2442:	0c c0       	rjmp	.+24     	; 0x245c <vfprintf+0x654>
    2444:	80 2f       	mov	r24, r16
    2446:	86 78       	andi	r24, 0x86	; 134
    2448:	59 f0       	breq	.+22     	; 0x2460 <vfprintf+0x658>
    244a:	01 ff       	sbrs	r16, 1
    244c:	02 c0       	rjmp	.+4      	; 0x2452 <vfprintf+0x64a>
    244e:	8b e2       	ldi	r24, 0x2B	; 43
    2450:	01 c0       	rjmp	.+2      	; 0x2454 <vfprintf+0x64c>
    2452:	80 e2       	ldi	r24, 0x20	; 32
    2454:	07 fd       	sbrc	r16, 7
    2456:	8d e2       	ldi	r24, 0x2D	; 45
    2458:	b7 01       	movw	r22, r14
    245a:	90 e0       	ldi	r25, 0x00	; 0
    245c:	0e 94 ff 16 	call	0x2dfe	; 0x2dfe <fputc>
    2460:	c1 16       	cp	r12, r17
    2462:	38 f4       	brcc	.+14     	; 0x2472 <vfprintf+0x66a>
    2464:	b7 01       	movw	r22, r14
    2466:	80 e3       	ldi	r24, 0x30	; 48
    2468:	90 e0       	ldi	r25, 0x00	; 0
    246a:	0e 94 ff 16 	call	0x2dfe	; 0x2dfe <fputc>
    246e:	11 50       	subi	r17, 0x01	; 1
    2470:	f7 cf       	rjmp	.-18     	; 0x2460 <vfprintf+0x658>
    2472:	ca 94       	dec	r12
    2474:	f3 01       	movw	r30, r6
    2476:	ec 0d       	add	r30, r12
    2478:	f1 1d       	adc	r31, r1
    247a:	80 81       	ld	r24, Z
    247c:	b7 01       	movw	r22, r14
    247e:	90 e0       	ldi	r25, 0x00	; 0
    2480:	0e 94 ff 16 	call	0x2dfe	; 0x2dfe <fputc>
    2484:	c1 10       	cpse	r12, r1
    2486:	f5 cf       	rjmp	.-22     	; 0x2472 <vfprintf+0x66a>
    2488:	15 c0       	rjmp	.+42     	; 0x24b4 <vfprintf+0x6ac>
    248a:	f4 e0       	ldi	r31, 0x04	; 4
    248c:	f5 15       	cp	r31, r5
    248e:	60 f5       	brcc	.+88     	; 0x24e8 <vfprintf+0x6e0>
    2490:	84 e0       	ldi	r24, 0x04	; 4
    2492:	58 1a       	sub	r5, r24
    2494:	93 fe       	sbrs	r9, 3
    2496:	1f c0       	rjmp	.+62     	; 0x24d6 <vfprintf+0x6ce>
    2498:	01 11       	cpse	r16, r1
    249a:	27 c0       	rjmp	.+78     	; 0x24ea <vfprintf+0x6e2>
    249c:	2c 85       	ldd	r18, Y+12	; 0x0c
    249e:	23 ff       	sbrs	r18, 3
    24a0:	2a c0       	rjmp	.+84     	; 0x24f6 <vfprintf+0x6ee>
    24a2:	00 e1       	ldi	r16, 0x10	; 16
    24a4:	12 e0       	ldi	r17, 0x02	; 2
    24a6:	39 2d       	mov	r19, r9
    24a8:	30 71       	andi	r19, 0x10	; 16
    24aa:	93 2e       	mov	r9, r19
    24ac:	f8 01       	movw	r30, r16
    24ae:	84 91       	lpm	r24, Z
    24b0:	81 11       	cpse	r24, r1
    24b2:	24 c0       	rjmp	.+72     	; 0x24fc <vfprintf+0x6f4>
    24b4:	55 20       	and	r5, r5
    24b6:	09 f4       	brne	.+2      	; 0x24ba <vfprintf+0x6b2>
    24b8:	e4 cc       	rjmp	.-1592   	; 0x1e82 <vfprintf+0x7a>
    24ba:	b7 01       	movw	r22, r14
    24bc:	80 e2       	ldi	r24, 0x20	; 32
    24be:	90 e0       	ldi	r25, 0x00	; 0
    24c0:	0e 94 ff 16 	call	0x2dfe	; 0x2dfe <fputc>
    24c4:	5a 94       	dec	r5
    24c6:	f6 cf       	rjmp	.-20     	; 0x24b4 <vfprintf+0x6ac>
    24c8:	f7 01       	movw	r30, r14
    24ca:	86 81       	ldd	r24, Z+6	; 0x06
    24cc:	97 81       	ldd	r25, Z+7	; 0x07
    24ce:	26 c0       	rjmp	.+76     	; 0x251c <vfprintf+0x714>
    24d0:	8f ef       	ldi	r24, 0xFF	; 255
    24d2:	9f ef       	ldi	r25, 0xFF	; 255
    24d4:	23 c0       	rjmp	.+70     	; 0x251c <vfprintf+0x714>
    24d6:	b7 01       	movw	r22, r14
    24d8:	80 e2       	ldi	r24, 0x20	; 32
    24da:	90 e0       	ldi	r25, 0x00	; 0
    24dc:	0e 94 ff 16 	call	0x2dfe	; 0x2dfe <fputc>
    24e0:	5a 94       	dec	r5
    24e2:	51 10       	cpse	r5, r1
    24e4:	f8 cf       	rjmp	.-16     	; 0x24d6 <vfprintf+0x6ce>
    24e6:	d8 cf       	rjmp	.-80     	; 0x2498 <vfprintf+0x690>
    24e8:	51 2c       	mov	r5, r1
    24ea:	b7 01       	movw	r22, r14
    24ec:	80 2f       	mov	r24, r16
    24ee:	90 e0       	ldi	r25, 0x00	; 0
    24f0:	0e 94 ff 16 	call	0x2dfe	; 0x2dfe <fputc>
    24f4:	d3 cf       	rjmp	.-90     	; 0x249c <vfprintf+0x694>
    24f6:	04 e1       	ldi	r16, 0x14	; 20
    24f8:	12 e0       	ldi	r17, 0x02	; 2
    24fa:	d5 cf       	rjmp	.-86     	; 0x24a6 <vfprintf+0x69e>
    24fc:	91 10       	cpse	r9, r1
    24fe:	80 52       	subi	r24, 0x20	; 32
    2500:	b7 01       	movw	r22, r14
    2502:	90 e0       	ldi	r25, 0x00	; 0
    2504:	0e 94 ff 16 	call	0x2dfe	; 0x2dfe <fputc>
    2508:	0f 5f       	subi	r16, 0xFF	; 255
    250a:	1f 4f       	sbci	r17, 0xFF	; 255
    250c:	cf cf       	rjmp	.-98     	; 0x24ac <vfprintf+0x6a4>
    250e:	23 e0       	ldi	r18, 0x03	; 3
    2510:	25 15       	cp	r18, r5
    2512:	10 f4       	brcc	.+4      	; 0x2518 <vfprintf+0x710>
    2514:	83 e0       	ldi	r24, 0x03	; 3
    2516:	bd cf       	rjmp	.-134    	; 0x2492 <vfprintf+0x68a>
    2518:	51 2c       	mov	r5, r1
    251a:	c0 cf       	rjmp	.-128    	; 0x249c <vfprintf+0x694>
    251c:	60 96       	adiw	r28, 0x10	; 16
    251e:	cd bf       	out	0x3d, r28	; 61
    2520:	de bf       	out	0x3e, r29	; 62
    2522:	df 91       	pop	r29
    2524:	cf 91       	pop	r28
    2526:	1f 91       	pop	r17
    2528:	0f 91       	pop	r16
    252a:	ff 90       	pop	r15
    252c:	ef 90       	pop	r14
    252e:	df 90       	pop	r13
    2530:	cf 90       	pop	r12
    2532:	bf 90       	pop	r11
    2534:	af 90       	pop	r10
    2536:	9f 90       	pop	r9
    2538:	8f 90       	pop	r8
    253a:	7f 90       	pop	r7
    253c:	6f 90       	pop	r6
    253e:	5f 90       	pop	r5
    2540:	4f 90       	pop	r4
    2542:	3f 90       	pop	r3
    2544:	2f 90       	pop	r2
    2546:	08 95       	ret

00002548 <__udivmodhi4>:
    2548:	aa 1b       	sub	r26, r26
    254a:	bb 1b       	sub	r27, r27
    254c:	51 e1       	ldi	r21, 0x11	; 17
    254e:	07 c0       	rjmp	.+14     	; 0x255e <__udivmodhi4_ep>

00002550 <__udivmodhi4_loop>:
    2550:	aa 1f       	adc	r26, r26
    2552:	bb 1f       	adc	r27, r27
    2554:	a6 17       	cp	r26, r22
    2556:	b7 07       	cpc	r27, r23
    2558:	10 f0       	brcs	.+4      	; 0x255e <__udivmodhi4_ep>
    255a:	a6 1b       	sub	r26, r22
    255c:	b7 0b       	sbc	r27, r23

0000255e <__udivmodhi4_ep>:
    255e:	88 1f       	adc	r24, r24
    2560:	99 1f       	adc	r25, r25
    2562:	5a 95       	dec	r21
    2564:	a9 f7       	brne	.-22     	; 0x2550 <__udivmodhi4_loop>
    2566:	80 95       	com	r24
    2568:	90 95       	com	r25
    256a:	bc 01       	movw	r22, r24
    256c:	cd 01       	movw	r24, r26
    256e:	08 95       	ret

00002570 <__divmodhi4>:
    2570:	97 fb       	bst	r25, 7
    2572:	07 2e       	mov	r0, r23
    2574:	16 f4       	brtc	.+4      	; 0x257a <__divmodhi4+0xa>
    2576:	00 94       	com	r0
    2578:	07 d0       	rcall	.+14     	; 0x2588 <__divmodhi4_neg1>
    257a:	77 fd       	sbrc	r23, 7
    257c:	09 d0       	rcall	.+18     	; 0x2590 <__divmodhi4_neg2>
    257e:	0e 94 a4 12 	call	0x2548	; 0x2548 <__udivmodhi4>
    2582:	07 fc       	sbrc	r0, 7
    2584:	05 d0       	rcall	.+10     	; 0x2590 <__divmodhi4_neg2>
    2586:	3e f4       	brtc	.+14     	; 0x2596 <__divmodhi4_exit>

00002588 <__divmodhi4_neg1>:
    2588:	90 95       	com	r25
    258a:	81 95       	neg	r24
    258c:	9f 4f       	sbci	r25, 0xFF	; 255
    258e:	08 95       	ret

00002590 <__divmodhi4_neg2>:
    2590:	70 95       	com	r23
    2592:	61 95       	neg	r22
    2594:	7f 4f       	sbci	r23, 0xFF	; 255

00002596 <__divmodhi4_exit>:
    2596:	08 95       	ret

00002598 <__umulhisi3>:
    2598:	a2 9f       	mul	r26, r18
    259a:	b0 01       	movw	r22, r0
    259c:	b3 9f       	mul	r27, r19
    259e:	c0 01       	movw	r24, r0
    25a0:	a3 9f       	mul	r26, r19
    25a2:	70 0d       	add	r23, r0
    25a4:	81 1d       	adc	r24, r1
    25a6:	11 24       	eor	r1, r1
    25a8:	91 1d       	adc	r25, r1
    25aa:	b2 9f       	mul	r27, r18
    25ac:	70 0d       	add	r23, r0
    25ae:	81 1d       	adc	r24, r1
    25b0:	11 24       	eor	r1, r1
    25b2:	91 1d       	adc	r25, r1
    25b4:	08 95       	ret

000025b6 <malloc>:
    25b6:	0f 93       	push	r16
    25b8:	1f 93       	push	r17
    25ba:	cf 93       	push	r28
    25bc:	df 93       	push	r29
    25be:	82 30       	cpi	r24, 0x02	; 2
    25c0:	91 05       	cpc	r25, r1
    25c2:	10 f4       	brcc	.+4      	; 0x25c8 <malloc+0x12>
    25c4:	82 e0       	ldi	r24, 0x02	; 2
    25c6:	90 e0       	ldi	r25, 0x00	; 0
    25c8:	e0 91 74 24 	lds	r30, 0x2474	; 0x802474 <__flp>
    25cc:	f0 91 75 24 	lds	r31, 0x2475	; 0x802475 <__flp+0x1>
    25d0:	20 e0       	ldi	r18, 0x00	; 0
    25d2:	30 e0       	ldi	r19, 0x00	; 0
    25d4:	a0 e0       	ldi	r26, 0x00	; 0
    25d6:	b0 e0       	ldi	r27, 0x00	; 0
    25d8:	30 97       	sbiw	r30, 0x00	; 0
    25da:	19 f1       	breq	.+70     	; 0x2622 <malloc+0x6c>
    25dc:	40 81       	ld	r20, Z
    25de:	51 81       	ldd	r21, Z+1	; 0x01
    25e0:	02 81       	ldd	r16, Z+2	; 0x02
    25e2:	13 81       	ldd	r17, Z+3	; 0x03
    25e4:	48 17       	cp	r20, r24
    25e6:	59 07       	cpc	r21, r25
    25e8:	c8 f0       	brcs	.+50     	; 0x261c <malloc+0x66>
    25ea:	84 17       	cp	r24, r20
    25ec:	95 07       	cpc	r25, r21
    25ee:	69 f4       	brne	.+26     	; 0x260a <malloc+0x54>
    25f0:	10 97       	sbiw	r26, 0x00	; 0
    25f2:	31 f0       	breq	.+12     	; 0x2600 <malloc+0x4a>
    25f4:	12 96       	adiw	r26, 0x02	; 2
    25f6:	0c 93       	st	X, r16
    25f8:	12 97       	sbiw	r26, 0x02	; 2
    25fa:	13 96       	adiw	r26, 0x03	; 3
    25fc:	1c 93       	st	X, r17
    25fe:	27 c0       	rjmp	.+78     	; 0x264e <malloc+0x98>
    2600:	00 93 74 24 	sts	0x2474, r16	; 0x802474 <__flp>
    2604:	10 93 75 24 	sts	0x2475, r17	; 0x802475 <__flp+0x1>
    2608:	22 c0       	rjmp	.+68     	; 0x264e <malloc+0x98>
    260a:	21 15       	cp	r18, r1
    260c:	31 05       	cpc	r19, r1
    260e:	19 f0       	breq	.+6      	; 0x2616 <malloc+0x60>
    2610:	42 17       	cp	r20, r18
    2612:	53 07       	cpc	r21, r19
    2614:	18 f4       	brcc	.+6      	; 0x261c <malloc+0x66>
    2616:	9a 01       	movw	r18, r20
    2618:	bd 01       	movw	r22, r26
    261a:	ef 01       	movw	r28, r30
    261c:	df 01       	movw	r26, r30
    261e:	f8 01       	movw	r30, r16
    2620:	db cf       	rjmp	.-74     	; 0x25d8 <malloc+0x22>
    2622:	21 15       	cp	r18, r1
    2624:	31 05       	cpc	r19, r1
    2626:	f9 f0       	breq	.+62     	; 0x2666 <malloc+0xb0>
    2628:	28 1b       	sub	r18, r24
    262a:	39 0b       	sbc	r19, r25
    262c:	24 30       	cpi	r18, 0x04	; 4
    262e:	31 05       	cpc	r19, r1
    2630:	80 f4       	brcc	.+32     	; 0x2652 <malloc+0x9c>
    2632:	8a 81       	ldd	r24, Y+2	; 0x02
    2634:	9b 81       	ldd	r25, Y+3	; 0x03
    2636:	61 15       	cp	r22, r1
    2638:	71 05       	cpc	r23, r1
    263a:	21 f0       	breq	.+8      	; 0x2644 <malloc+0x8e>
    263c:	fb 01       	movw	r30, r22
    263e:	82 83       	std	Z+2, r24	; 0x02
    2640:	93 83       	std	Z+3, r25	; 0x03
    2642:	04 c0       	rjmp	.+8      	; 0x264c <malloc+0x96>
    2644:	80 93 74 24 	sts	0x2474, r24	; 0x802474 <__flp>
    2648:	90 93 75 24 	sts	0x2475, r25	; 0x802475 <__flp+0x1>
    264c:	fe 01       	movw	r30, r28
    264e:	32 96       	adiw	r30, 0x02	; 2
    2650:	44 c0       	rjmp	.+136    	; 0x26da <malloc+0x124>
    2652:	fe 01       	movw	r30, r28
    2654:	e2 0f       	add	r30, r18
    2656:	f3 1f       	adc	r31, r19
    2658:	81 93       	st	Z+, r24
    265a:	91 93       	st	Z+, r25
    265c:	22 50       	subi	r18, 0x02	; 2
    265e:	31 09       	sbc	r19, r1
    2660:	28 83       	st	Y, r18
    2662:	39 83       	std	Y+1, r19	; 0x01
    2664:	3a c0       	rjmp	.+116    	; 0x26da <malloc+0x124>
    2666:	20 91 72 24 	lds	r18, 0x2472	; 0x802472 <__brkval>
    266a:	30 91 73 24 	lds	r19, 0x2473	; 0x802473 <__brkval+0x1>
    266e:	23 2b       	or	r18, r19
    2670:	41 f4       	brne	.+16     	; 0x2682 <malloc+0xcc>
    2672:	20 91 02 20 	lds	r18, 0x2002	; 0x802002 <__malloc_heap_start>
    2676:	30 91 03 20 	lds	r19, 0x2003	; 0x802003 <__malloc_heap_start+0x1>
    267a:	20 93 72 24 	sts	0x2472, r18	; 0x802472 <__brkval>
    267e:	30 93 73 24 	sts	0x2473, r19	; 0x802473 <__brkval+0x1>
    2682:	20 91 00 20 	lds	r18, 0x2000	; 0x802000 <__DATA_REGION_ORIGIN__>
    2686:	30 91 01 20 	lds	r19, 0x2001	; 0x802001 <__DATA_REGION_ORIGIN__+0x1>
    268a:	21 15       	cp	r18, r1
    268c:	31 05       	cpc	r19, r1
    268e:	41 f4       	brne	.+16     	; 0x26a0 <malloc+0xea>
    2690:	2d b7       	in	r18, 0x3d	; 61
    2692:	3e b7       	in	r19, 0x3e	; 62
    2694:	40 91 04 20 	lds	r20, 0x2004	; 0x802004 <__malloc_margin>
    2698:	50 91 05 20 	lds	r21, 0x2005	; 0x802005 <__malloc_margin+0x1>
    269c:	24 1b       	sub	r18, r20
    269e:	35 0b       	sbc	r19, r21
    26a0:	e0 91 72 24 	lds	r30, 0x2472	; 0x802472 <__brkval>
    26a4:	f0 91 73 24 	lds	r31, 0x2473	; 0x802473 <__brkval+0x1>
    26a8:	e2 17       	cp	r30, r18
    26aa:	f3 07       	cpc	r31, r19
    26ac:	a0 f4       	brcc	.+40     	; 0x26d6 <malloc+0x120>
    26ae:	2e 1b       	sub	r18, r30
    26b0:	3f 0b       	sbc	r19, r31
    26b2:	28 17       	cp	r18, r24
    26b4:	39 07       	cpc	r19, r25
    26b6:	78 f0       	brcs	.+30     	; 0x26d6 <malloc+0x120>
    26b8:	ac 01       	movw	r20, r24
    26ba:	4e 5f       	subi	r20, 0xFE	; 254
    26bc:	5f 4f       	sbci	r21, 0xFF	; 255
    26be:	24 17       	cp	r18, r20
    26c0:	35 07       	cpc	r19, r21
    26c2:	48 f0       	brcs	.+18     	; 0x26d6 <malloc+0x120>
    26c4:	4e 0f       	add	r20, r30
    26c6:	5f 1f       	adc	r21, r31
    26c8:	40 93 72 24 	sts	0x2472, r20	; 0x802472 <__brkval>
    26cc:	50 93 73 24 	sts	0x2473, r21	; 0x802473 <__brkval+0x1>
    26d0:	81 93       	st	Z+, r24
    26d2:	91 93       	st	Z+, r25
    26d4:	02 c0       	rjmp	.+4      	; 0x26da <malloc+0x124>
    26d6:	e0 e0       	ldi	r30, 0x00	; 0
    26d8:	f0 e0       	ldi	r31, 0x00	; 0
    26da:	cf 01       	movw	r24, r30
    26dc:	df 91       	pop	r29
    26de:	cf 91       	pop	r28
    26e0:	1f 91       	pop	r17
    26e2:	0f 91       	pop	r16
    26e4:	08 95       	ret

000026e6 <free>:
    26e6:	cf 93       	push	r28
    26e8:	df 93       	push	r29
    26ea:	00 97       	sbiw	r24, 0x00	; 0
    26ec:	09 f4       	brne	.+2      	; 0x26f0 <free+0xa>
    26ee:	81 c0       	rjmp	.+258    	; 0x27f2 <free+0x10c>
    26f0:	fc 01       	movw	r30, r24
    26f2:	32 97       	sbiw	r30, 0x02	; 2
    26f4:	12 82       	std	Z+2, r1	; 0x02
    26f6:	13 82       	std	Z+3, r1	; 0x03
    26f8:	a0 91 74 24 	lds	r26, 0x2474	; 0x802474 <__flp>
    26fc:	b0 91 75 24 	lds	r27, 0x2475	; 0x802475 <__flp+0x1>
    2700:	10 97       	sbiw	r26, 0x00	; 0
    2702:	81 f4       	brne	.+32     	; 0x2724 <free+0x3e>
    2704:	20 81       	ld	r18, Z
    2706:	31 81       	ldd	r19, Z+1	; 0x01
    2708:	82 0f       	add	r24, r18
    270a:	93 1f       	adc	r25, r19
    270c:	20 91 72 24 	lds	r18, 0x2472	; 0x802472 <__brkval>
    2710:	30 91 73 24 	lds	r19, 0x2473	; 0x802473 <__brkval+0x1>
    2714:	28 17       	cp	r18, r24
    2716:	39 07       	cpc	r19, r25
    2718:	51 f5       	brne	.+84     	; 0x276e <free+0x88>
    271a:	e0 93 72 24 	sts	0x2472, r30	; 0x802472 <__brkval>
    271e:	f0 93 73 24 	sts	0x2473, r31	; 0x802473 <__brkval+0x1>
    2722:	67 c0       	rjmp	.+206    	; 0x27f2 <free+0x10c>
    2724:	ed 01       	movw	r28, r26
    2726:	20 e0       	ldi	r18, 0x00	; 0
    2728:	30 e0       	ldi	r19, 0x00	; 0
    272a:	ce 17       	cp	r28, r30
    272c:	df 07       	cpc	r29, r31
    272e:	40 f4       	brcc	.+16     	; 0x2740 <free+0x5a>
    2730:	4a 81       	ldd	r20, Y+2	; 0x02
    2732:	5b 81       	ldd	r21, Y+3	; 0x03
    2734:	9e 01       	movw	r18, r28
    2736:	41 15       	cp	r20, r1
    2738:	51 05       	cpc	r21, r1
    273a:	f1 f0       	breq	.+60     	; 0x2778 <free+0x92>
    273c:	ea 01       	movw	r28, r20
    273e:	f5 cf       	rjmp	.-22     	; 0x272a <free+0x44>
    2740:	c2 83       	std	Z+2, r28	; 0x02
    2742:	d3 83       	std	Z+3, r29	; 0x03
    2744:	40 81       	ld	r20, Z
    2746:	51 81       	ldd	r21, Z+1	; 0x01
    2748:	84 0f       	add	r24, r20
    274a:	95 1f       	adc	r25, r21
    274c:	c8 17       	cp	r28, r24
    274e:	d9 07       	cpc	r29, r25
    2750:	59 f4       	brne	.+22     	; 0x2768 <free+0x82>
    2752:	88 81       	ld	r24, Y
    2754:	99 81       	ldd	r25, Y+1	; 0x01
    2756:	84 0f       	add	r24, r20
    2758:	95 1f       	adc	r25, r21
    275a:	02 96       	adiw	r24, 0x02	; 2
    275c:	80 83       	st	Z, r24
    275e:	91 83       	std	Z+1, r25	; 0x01
    2760:	8a 81       	ldd	r24, Y+2	; 0x02
    2762:	9b 81       	ldd	r25, Y+3	; 0x03
    2764:	82 83       	std	Z+2, r24	; 0x02
    2766:	93 83       	std	Z+3, r25	; 0x03
    2768:	21 15       	cp	r18, r1
    276a:	31 05       	cpc	r19, r1
    276c:	29 f4       	brne	.+10     	; 0x2778 <free+0x92>
    276e:	e0 93 74 24 	sts	0x2474, r30	; 0x802474 <__flp>
    2772:	f0 93 75 24 	sts	0x2475, r31	; 0x802475 <__flp+0x1>
    2776:	3d c0       	rjmp	.+122    	; 0x27f2 <free+0x10c>
    2778:	e9 01       	movw	r28, r18
    277a:	ea 83       	std	Y+2, r30	; 0x02
    277c:	fb 83       	std	Y+3, r31	; 0x03
    277e:	49 91       	ld	r20, Y+
    2780:	59 91       	ld	r21, Y+
    2782:	c4 0f       	add	r28, r20
    2784:	d5 1f       	adc	r29, r21
    2786:	ec 17       	cp	r30, r28
    2788:	fd 07       	cpc	r31, r29
    278a:	61 f4       	brne	.+24     	; 0x27a4 <free+0xbe>
    278c:	80 81       	ld	r24, Z
    278e:	91 81       	ldd	r25, Z+1	; 0x01
    2790:	84 0f       	add	r24, r20
    2792:	95 1f       	adc	r25, r21
    2794:	02 96       	adiw	r24, 0x02	; 2
    2796:	e9 01       	movw	r28, r18
    2798:	88 83       	st	Y, r24
    279a:	99 83       	std	Y+1, r25	; 0x01
    279c:	82 81       	ldd	r24, Z+2	; 0x02
    279e:	93 81       	ldd	r25, Z+3	; 0x03
    27a0:	8a 83       	std	Y+2, r24	; 0x02
    27a2:	9b 83       	std	Y+3, r25	; 0x03
    27a4:	e0 e0       	ldi	r30, 0x00	; 0
    27a6:	f0 e0       	ldi	r31, 0x00	; 0
    27a8:	12 96       	adiw	r26, 0x02	; 2
    27aa:	8d 91       	ld	r24, X+
    27ac:	9c 91       	ld	r25, X
    27ae:	13 97       	sbiw	r26, 0x03	; 3
    27b0:	00 97       	sbiw	r24, 0x00	; 0
    27b2:	19 f0       	breq	.+6      	; 0x27ba <free+0xd4>
    27b4:	fd 01       	movw	r30, r26
    27b6:	dc 01       	movw	r26, r24
    27b8:	f7 cf       	rjmp	.-18     	; 0x27a8 <free+0xc2>
    27ba:	8d 91       	ld	r24, X+
    27bc:	9c 91       	ld	r25, X
    27be:	11 97       	sbiw	r26, 0x01	; 1
    27c0:	9d 01       	movw	r18, r26
    27c2:	2e 5f       	subi	r18, 0xFE	; 254
    27c4:	3f 4f       	sbci	r19, 0xFF	; 255
    27c6:	82 0f       	add	r24, r18
    27c8:	93 1f       	adc	r25, r19
    27ca:	20 91 72 24 	lds	r18, 0x2472	; 0x802472 <__brkval>
    27ce:	30 91 73 24 	lds	r19, 0x2473	; 0x802473 <__brkval+0x1>
    27d2:	28 17       	cp	r18, r24
    27d4:	39 07       	cpc	r19, r25
    27d6:	69 f4       	brne	.+26     	; 0x27f2 <free+0x10c>
    27d8:	30 97       	sbiw	r30, 0x00	; 0
    27da:	29 f4       	brne	.+10     	; 0x27e6 <free+0x100>
    27dc:	10 92 74 24 	sts	0x2474, r1	; 0x802474 <__flp>
    27e0:	10 92 75 24 	sts	0x2475, r1	; 0x802475 <__flp+0x1>
    27e4:	02 c0       	rjmp	.+4      	; 0x27ea <free+0x104>
    27e6:	12 82       	std	Z+2, r1	; 0x02
    27e8:	13 82       	std	Z+3, r1	; 0x03
    27ea:	a0 93 72 24 	sts	0x2472, r26	; 0x802472 <__brkval>
    27ee:	b0 93 73 24 	sts	0x2473, r27	; 0x802473 <__brkval+0x1>
    27f2:	df 91       	pop	r29
    27f4:	cf 91       	pop	r28
    27f6:	08 95       	ret

000027f8 <swapfunc>:
    27f8:	dc 01       	movw	r26, r24
    27fa:	fb 01       	movw	r30, r22
    27fc:	8c 91       	ld	r24, X
    27fe:	90 81       	ld	r25, Z
    2800:	9d 93       	st	X+, r25
    2802:	81 93       	st	Z+, r24
    2804:	41 50       	subi	r20, 0x01	; 1
    2806:	51 09       	sbc	r21, r1
    2808:	14 16       	cp	r1, r20
    280a:	15 06       	cpc	r1, r21
    280c:	bc f3       	brlt	.-18     	; 0x27fc <swapfunc+0x4>
    280e:	08 95       	ret

00002810 <med3>:
    2810:	cf 92       	push	r12
    2812:	df 92       	push	r13
    2814:	ef 92       	push	r14
    2816:	ff 92       	push	r15
    2818:	0f 93       	push	r16
    281a:	1f 93       	push	r17
    281c:	cf 93       	push	r28
    281e:	df 93       	push	r29
    2820:	7c 01       	movw	r14, r24
    2822:	6b 01       	movw	r12, r22
    2824:	d4 2f       	mov	r29, r20
    2826:	c5 2f       	mov	r28, r21
    2828:	89 01       	movw	r16, r18
    282a:	f9 01       	movw	r30, r18
    282c:	19 95       	eicall
    282e:	6d 2f       	mov	r22, r29
    2830:	7c 2f       	mov	r23, r28
    2832:	97 ff       	sbrs	r25, 7
    2834:	10 c0       	rjmp	.+32     	; 0x2856 <med3+0x46>
    2836:	c6 01       	movw	r24, r12
    2838:	f8 01       	movw	r30, r16
    283a:	19 95       	eicall
    283c:	97 ff       	sbrs	r25, 7
    283e:	02 c0       	rjmp	.+4      	; 0x2844 <med3+0x34>
    2840:	c6 01       	movw	r24, r12
    2842:	18 c0       	rjmp	.+48     	; 0x2874 <med3+0x64>
    2844:	6d 2f       	mov	r22, r29
    2846:	7c 2f       	mov	r23, r28
    2848:	c7 01       	movw	r24, r14
    284a:	f8 01       	movw	r30, r16
    284c:	19 95       	eicall
    284e:	97 fd       	sbrc	r25, 7
    2850:	0f c0       	rjmp	.+30     	; 0x2870 <med3+0x60>
    2852:	c7 01       	movw	r24, r14
    2854:	0f c0       	rjmp	.+30     	; 0x2874 <med3+0x64>
    2856:	c6 01       	movw	r24, r12
    2858:	f8 01       	movw	r30, r16
    285a:	19 95       	eicall
    285c:	18 16       	cp	r1, r24
    285e:	19 06       	cpc	r1, r25
    2860:	7c f3       	brlt	.-34     	; 0x2840 <med3+0x30>
    2862:	6d 2f       	mov	r22, r29
    2864:	7c 2f       	mov	r23, r28
    2866:	c7 01       	movw	r24, r14
    2868:	f8 01       	movw	r30, r16
    286a:	19 95       	eicall
    286c:	97 fd       	sbrc	r25, 7
    286e:	f1 cf       	rjmp	.-30     	; 0x2852 <med3+0x42>
    2870:	8d 2f       	mov	r24, r29
    2872:	9c 2f       	mov	r25, r28
    2874:	df 91       	pop	r29
    2876:	cf 91       	pop	r28
    2878:	1f 91       	pop	r17
    287a:	0f 91       	pop	r16
    287c:	ff 90       	pop	r15
    287e:	ef 90       	pop	r14
    2880:	df 90       	pop	r13
    2882:	cf 90       	pop	r12
    2884:	08 95       	ret

00002886 <qsort>:
    2886:	2f 92       	push	r2
    2888:	3f 92       	push	r3
    288a:	4f 92       	push	r4
    288c:	5f 92       	push	r5
    288e:	6f 92       	push	r6
    2890:	7f 92       	push	r7
    2892:	8f 92       	push	r8
    2894:	9f 92       	push	r9
    2896:	af 92       	push	r10
    2898:	bf 92       	push	r11
    289a:	cf 92       	push	r12
    289c:	df 92       	push	r13
    289e:	ef 92       	push	r14
    28a0:	ff 92       	push	r15
    28a2:	0f 93       	push	r16
    28a4:	1f 93       	push	r17
    28a6:	cf 93       	push	r28
    28a8:	df 93       	push	r29
    28aa:	cd b7       	in	r28, 0x3d	; 61
    28ac:	de b7       	in	r29, 0x3e	; 62
    28ae:	2a 97       	sbiw	r28, 0x0a	; 10
    28b0:	cd bf       	out	0x3d, r28	; 61
    28b2:	de bf       	out	0x3e, r29	; 62
    28b4:	8c 01       	movw	r16, r24
    28b6:	7b 01       	movw	r14, r22
    28b8:	49 87       	std	Y+9, r20	; 0x09
    28ba:	5a 87       	std	Y+10, r21	; 0x0a
    28bc:	69 01       	movw	r12, r18
    28be:	29 85       	ldd	r18, Y+9	; 0x09
    28c0:	3a 85       	ldd	r19, Y+10	; 0x0a
    28c2:	20 0f       	add	r18, r16
    28c4:	31 1f       	adc	r19, r17
    28c6:	29 83       	std	Y+1, r18	; 0x01
    28c8:	3a 83       	std	Y+2, r19	; 0x02
    28ca:	37 e0       	ldi	r19, 0x07	; 7
    28cc:	e3 16       	cp	r14, r19
    28ce:	f1 04       	cpc	r15, r1
    28d0:	70 f5       	brcc	.+92     	; 0x292e <qsort+0xa8>
    28d2:	69 80       	ldd	r6, Y+1	; 0x01
    28d4:	7a 80       	ldd	r7, Y+2	; 0x02
    28d6:	49 85       	ldd	r20, Y+9	; 0x09
    28d8:	5a 85       	ldd	r21, Y+10	; 0x0a
    28da:	e4 9e       	mul	r14, r20
    28dc:	50 01       	movw	r10, r0
    28de:	e5 9e       	mul	r14, r21
    28e0:	b0 0c       	add	r11, r0
    28e2:	f4 9e       	mul	r15, r20
    28e4:	b0 0c       	add	r11, r0
    28e6:	11 24       	eor	r1, r1
    28e8:	a0 0e       	add	r10, r16
    28ea:	b1 1e       	adc	r11, r17
    28ec:	6a 14       	cp	r6, r10
    28ee:	7b 04       	cpc	r7, r11
    28f0:	08 f0       	brcs	.+2      	; 0x28f4 <qsort+0x6e>
    28f2:	7a c1       	rjmp	.+756    	; 0x2be8 <qsort+0x362>
    28f4:	73 01       	movw	r14, r6
    28f6:	0e 15       	cp	r16, r14
    28f8:	1f 05       	cpc	r17, r15
    28fa:	28 f0       	brcs	.+10     	; 0x2906 <qsort+0x80>
    28fc:	89 85       	ldd	r24, Y+9	; 0x09
    28fe:	9a 85       	ldd	r25, Y+10	; 0x0a
    2900:	68 0e       	add	r6, r24
    2902:	79 1e       	adc	r7, r25
    2904:	f3 cf       	rjmp	.-26     	; 0x28ec <qsort+0x66>
    2906:	47 01       	movw	r8, r14
    2908:	e9 85       	ldd	r30, Y+9	; 0x09
    290a:	fa 85       	ldd	r31, Y+10	; 0x0a
    290c:	8e 1a       	sub	r8, r30
    290e:	9f 0a       	sbc	r9, r31
    2910:	b7 01       	movw	r22, r14
    2912:	c4 01       	movw	r24, r8
    2914:	f6 01       	movw	r30, r12
    2916:	19 95       	eicall
    2918:	18 16       	cp	r1, r24
    291a:	19 06       	cpc	r1, r25
    291c:	7c f7       	brge	.-34     	; 0x28fc <qsort+0x76>
    291e:	49 85       	ldd	r20, Y+9	; 0x09
    2920:	5a 85       	ldd	r21, Y+10	; 0x0a
    2922:	b4 01       	movw	r22, r8
    2924:	c7 01       	movw	r24, r14
    2926:	0e 94 fc 13 	call	0x27f8	; 0x27f8 <swapfunc>
    292a:	74 01       	movw	r14, r8
    292c:	e4 cf       	rjmp	.-56     	; 0x28f6 <qsort+0x70>
    292e:	c7 01       	movw	r24, r14
    2930:	96 95       	lsr	r25
    2932:	87 95       	ror	r24
    2934:	29 85       	ldd	r18, Y+9	; 0x09
    2936:	3a 85       	ldd	r19, Y+10	; 0x0a
    2938:	82 9f       	mul	r24, r18
    293a:	50 01       	movw	r10, r0
    293c:	83 9f       	mul	r24, r19
    293e:	b0 0c       	add	r11, r0
    2940:	92 9f       	mul	r25, r18
    2942:	b0 0c       	add	r11, r0
    2944:	11 24       	eor	r1, r1
    2946:	a0 0e       	add	r10, r16
    2948:	b1 1e       	adc	r11, r17
    294a:	a7 01       	movw	r20, r14
    294c:	41 50       	subi	r20, 0x01	; 1
    294e:	51 09       	sbc	r21, r1
    2950:	4b 83       	std	Y+3, r20	; 0x03
    2952:	5c 83       	std	Y+4, r21	; 0x04
    2954:	57 e0       	ldi	r21, 0x07	; 7
    2956:	e5 16       	cp	r14, r21
    2958:	f1 04       	cpc	r15, r1
    295a:	09 f4       	brne	.+2      	; 0x295e <qsort+0xd8>
    295c:	4c c0       	rjmp	.+152    	; 0x29f6 <qsort+0x170>
    295e:	8b 81       	ldd	r24, Y+3	; 0x03
    2960:	9c 81       	ldd	r25, Y+4	; 0x04
    2962:	82 9f       	mul	r24, r18
    2964:	30 01       	movw	r6, r0
    2966:	83 9f       	mul	r24, r19
    2968:	70 0c       	add	r7, r0
    296a:	92 9f       	mul	r25, r18
    296c:	70 0c       	add	r7, r0
    296e:	11 24       	eor	r1, r1
    2970:	60 0e       	add	r6, r16
    2972:	71 1e       	adc	r7, r17
    2974:	99 e2       	ldi	r25, 0x29	; 41
    2976:	e9 16       	cp	r14, r25
    2978:	f1 04       	cpc	r15, r1
    297a:	a8 f1       	brcs	.+106    	; 0x29e6 <qsort+0x160>
    297c:	c7 01       	movw	r24, r14
    297e:	43 e0       	ldi	r20, 0x03	; 3
    2980:	96 95       	lsr	r25
    2982:	87 95       	ror	r24
    2984:	4a 95       	dec	r20
    2986:	e1 f7       	brne	.-8      	; 0x2980 <qsort+0xfa>
    2988:	82 9f       	mul	r24, r18
    298a:	40 01       	movw	r8, r0
    298c:	83 9f       	mul	r24, r19
    298e:	90 0c       	add	r9, r0
    2990:	92 9f       	mul	r25, r18
    2992:	90 0c       	add	r9, r0
    2994:	11 24       	eor	r1, r1
    2996:	14 01       	movw	r2, r8
    2998:	22 0c       	add	r2, r2
    299a:	33 1c       	adc	r3, r3
    299c:	a8 01       	movw	r20, r16
    299e:	42 0d       	add	r20, r2
    29a0:	53 1d       	adc	r21, r3
    29a2:	b8 01       	movw	r22, r16
    29a4:	68 0d       	add	r22, r8
    29a6:	79 1d       	adc	r23, r9
    29a8:	96 01       	movw	r18, r12
    29aa:	c8 01       	movw	r24, r16
    29ac:	0e 94 08 14 	call	0x2810	; 0x2810 <med3>
    29b0:	2c 01       	movw	r4, r24
    29b2:	a5 01       	movw	r20, r10
    29b4:	48 0d       	add	r20, r8
    29b6:	59 1d       	adc	r21, r9
    29b8:	91 94       	neg	r9
    29ba:	81 94       	neg	r8
    29bc:	91 08       	sbc	r9, r1
    29be:	96 01       	movw	r18, r12
    29c0:	b5 01       	movw	r22, r10
    29c2:	c5 01       	movw	r24, r10
    29c4:	88 0d       	add	r24, r8
    29c6:	99 1d       	adc	r25, r9
    29c8:	0e 94 08 14 	call	0x2810	; 0x2810 <med3>
    29cc:	5c 01       	movw	r10, r24
    29ce:	b3 01       	movw	r22, r6
    29d0:	68 0d       	add	r22, r8
    29d2:	79 1d       	adc	r23, r9
    29d4:	96 01       	movw	r18, r12
    29d6:	a3 01       	movw	r20, r6
    29d8:	c3 01       	movw	r24, r6
    29da:	82 19       	sub	r24, r2
    29dc:	93 09       	sbc	r25, r3
    29de:	0e 94 08 14 	call	0x2810	; 0x2810 <med3>
    29e2:	3c 01       	movw	r6, r24
    29e4:	01 c0       	rjmp	.+2      	; 0x29e8 <qsort+0x162>
    29e6:	28 01       	movw	r4, r16
    29e8:	96 01       	movw	r18, r12
    29ea:	a3 01       	movw	r20, r6
    29ec:	b5 01       	movw	r22, r10
    29ee:	c2 01       	movw	r24, r4
    29f0:	0e 94 08 14 	call	0x2810	; 0x2810 <med3>
    29f4:	5c 01       	movw	r10, r24
    29f6:	49 85       	ldd	r20, Y+9	; 0x09
    29f8:	5a 85       	ldd	r21, Y+10	; 0x0a
    29fa:	b5 01       	movw	r22, r10
    29fc:	c8 01       	movw	r24, r16
    29fe:	0e 94 fc 13 	call	0x27f8	; 0x27f8 <swapfunc>
    2a02:	69 80       	ldd	r6, Y+1	; 0x01
    2a04:	7a 80       	ldd	r7, Y+2	; 0x02
    2a06:	2b 81       	ldd	r18, Y+3	; 0x03
    2a08:	3c 81       	ldd	r19, Y+4	; 0x04
    2a0a:	49 85       	ldd	r20, Y+9	; 0x09
    2a0c:	5a 85       	ldd	r21, Y+10	; 0x0a
    2a0e:	24 9f       	mul	r18, r20
    2a10:	f0 01       	movw	r30, r0
    2a12:	25 9f       	mul	r18, r21
    2a14:	f0 0d       	add	r31, r0
    2a16:	34 9f       	mul	r19, r20
    2a18:	f0 0d       	add	r31, r0
    2a1a:	11 24       	eor	r1, r1
    2a1c:	ed 83       	std	Y+5, r30	; 0x05
    2a1e:	fe 83       	std	Y+6, r31	; 0x06
    2a20:	5f 01       	movw	r10, r30
    2a22:	a0 0e       	add	r10, r16
    2a24:	b1 1e       	adc	r11, r17
    2a26:	46 0d       	add	r20, r6
    2a28:	57 1d       	adc	r21, r7
    2a2a:	4b 83       	std	Y+3, r20	; 0x03
    2a2c:	5c 83       	std	Y+4, r21	; 0x04
    2a2e:	25 01       	movw	r4, r10
    2a30:	13 01       	movw	r2, r6
    2a32:	19 82       	std	Y+1, r1	; 0x01
    2a34:	1a 82       	std	Y+2, r1	; 0x02
    2a36:	8b 80       	ldd	r8, Y+3	; 0x03
    2a38:	9c 80       	ldd	r9, Y+4	; 0x04
    2a3a:	89 85       	ldd	r24, Y+9	; 0x09
    2a3c:	9a 85       	ldd	r25, Y+10	; 0x0a
    2a3e:	88 1a       	sub	r8, r24
    2a40:	99 0a       	sbc	r9, r25
    2a42:	a8 14       	cp	r10, r8
    2a44:	b9 04       	cpc	r11, r9
    2a46:	08 f4       	brcc	.+2      	; 0x2a4a <qsort+0x1c4>
    2a48:	50 c0       	rjmp	.+160    	; 0x2aea <qsort+0x264>
    2a4a:	b8 01       	movw	r22, r16
    2a4c:	c4 01       	movw	r24, r8
    2a4e:	f6 01       	movw	r30, r12
    2a50:	19 95       	eicall
    2a52:	18 16       	cp	r1, r24
    2a54:	19 06       	cpc	r1, r25
    2a56:	c4 f1       	brlt	.+112    	; 0x2ac8 <qsort+0x242>
    2a58:	89 2b       	or	r24, r25
    2a5a:	71 f4       	brne	.+28     	; 0x2a78 <qsort+0x1f2>
    2a5c:	49 85       	ldd	r20, Y+9	; 0x09
    2a5e:	5a 85       	ldd	r21, Y+10	; 0x0a
    2a60:	b4 01       	movw	r22, r8
    2a62:	c1 01       	movw	r24, r2
    2a64:	0e 94 fc 13 	call	0x27f8	; 0x27f8 <swapfunc>
    2a68:	89 85       	ldd	r24, Y+9	; 0x09
    2a6a:	9a 85       	ldd	r25, Y+10	; 0x0a
    2a6c:	28 0e       	add	r2, r24
    2a6e:	39 1e       	adc	r3, r25
    2a70:	e1 e0       	ldi	r30, 0x01	; 1
    2a72:	f0 e0       	ldi	r31, 0x00	; 0
    2a74:	e9 83       	std	Y+1, r30	; 0x01
    2a76:	fa 83       	std	Y+2, r31	; 0x02
    2a78:	2b 81       	ldd	r18, Y+3	; 0x03
    2a7a:	3c 81       	ldd	r19, Y+4	; 0x04
    2a7c:	49 85       	ldd	r20, Y+9	; 0x09
    2a7e:	5a 85       	ldd	r21, Y+10	; 0x0a
    2a80:	24 0f       	add	r18, r20
    2a82:	35 1f       	adc	r19, r21
    2a84:	2b 83       	std	Y+3, r18	; 0x03
    2a86:	3c 83       	std	Y+4, r19	; 0x04
    2a88:	d6 cf       	rjmp	.-84     	; 0x2a36 <qsort+0x1b0>
    2a8a:	b8 01       	movw	r22, r16
    2a8c:	c5 01       	movw	r24, r10
    2a8e:	f6 01       	movw	r30, r12
    2a90:	19 95       	eicall
    2a92:	95 01       	movw	r18, r10
    2a94:	49 85       	ldd	r20, Y+9	; 0x09
    2a96:	5a 85       	ldd	r21, Y+10	; 0x0a
    2a98:	24 1b       	sub	r18, r20
    2a9a:	35 0b       	sbc	r19, r21
    2a9c:	2f 83       	std	Y+7, r18	; 0x07
    2a9e:	38 87       	std	Y+8, r19	; 0x08
    2aa0:	97 fd       	sbrc	r25, 7
    2aa2:	16 c0       	rjmp	.+44     	; 0x2ad0 <qsort+0x24a>
    2aa4:	89 2b       	or	r24, r25
    2aa6:	71 f4       	brne	.+28     	; 0x2ac4 <qsort+0x23e>
    2aa8:	49 85       	ldd	r20, Y+9	; 0x09
    2aaa:	5a 85       	ldd	r21, Y+10	; 0x0a
    2aac:	b2 01       	movw	r22, r4
    2aae:	c5 01       	movw	r24, r10
    2ab0:	0e 94 fc 13 	call	0x27f8	; 0x27f8 <swapfunc>
    2ab4:	29 85       	ldd	r18, Y+9	; 0x09
    2ab6:	3a 85       	ldd	r19, Y+10	; 0x0a
    2ab8:	42 1a       	sub	r4, r18
    2aba:	53 0a       	sbc	r5, r19
    2abc:	41 e0       	ldi	r20, 0x01	; 1
    2abe:	50 e0       	ldi	r21, 0x00	; 0
    2ac0:	49 83       	std	Y+1, r20	; 0x01
    2ac2:	5a 83       	std	Y+2, r21	; 0x02
    2ac4:	af 80       	ldd	r10, Y+7	; 0x07
    2ac6:	b8 84       	ldd	r11, Y+8	; 0x08
    2ac8:	a8 14       	cp	r10, r8
    2aca:	b9 04       	cpc	r11, r9
    2acc:	f0 f6       	brcc	.-68     	; 0x2a8a <qsort+0x204>
    2ace:	0d c0       	rjmp	.+26     	; 0x2aea <qsort+0x264>
    2ad0:	49 85       	ldd	r20, Y+9	; 0x09
    2ad2:	5a 85       	ldd	r21, Y+10	; 0x0a
    2ad4:	b5 01       	movw	r22, r10
    2ad6:	c4 01       	movw	r24, r8
    2ad8:	0e 94 fc 13 	call	0x27f8	; 0x27f8 <swapfunc>
    2adc:	af 80       	ldd	r10, Y+7	; 0x07
    2ade:	b8 84       	ldd	r11, Y+8	; 0x08
    2ae0:	41 e0       	ldi	r20, 0x01	; 1
    2ae2:	50 e0       	ldi	r21, 0x00	; 0
    2ae4:	49 83       	std	Y+1, r20	; 0x01
    2ae6:	5a 83       	std	Y+2, r21	; 0x02
    2ae8:	c7 cf       	rjmp	.-114    	; 0x2a78 <qsort+0x1f2>
    2aea:	89 81       	ldd	r24, Y+1	; 0x01
    2aec:	9a 81       	ldd	r25, Y+2	; 0x02
    2aee:	89 2b       	or	r24, r25
    2af0:	09 f4       	brne	.+2      	; 0x2af4 <qsort+0x26e>
    2af2:	4f c0       	rjmp	.+158    	; 0x2b92 <qsort+0x30c>
    2af4:	6d 80       	ldd	r6, Y+5	; 0x05
    2af6:	7e 80       	ldd	r7, Y+6	; 0x06
    2af8:	29 85       	ldd	r18, Y+9	; 0x09
    2afa:	3a 85       	ldd	r19, Y+10	; 0x0a
    2afc:	62 0e       	add	r6, r18
    2afe:	73 1e       	adc	r7, r19
    2b00:	60 0e       	add	r6, r16
    2b02:	71 1e       	adc	r7, r17
    2b04:	74 01       	movw	r14, r8
    2b06:	e2 18       	sub	r14, r2
    2b08:	f3 08       	sbc	r15, r3
    2b0a:	a1 01       	movw	r20, r2
    2b0c:	40 1b       	sub	r20, r16
    2b0e:	51 0b       	sbc	r21, r17
    2b10:	e4 16       	cp	r14, r20
    2b12:	f5 06       	cpc	r15, r21
    2b14:	0c f4       	brge	.+2      	; 0x2b18 <qsort+0x292>
    2b16:	a7 01       	movw	r20, r14
    2b18:	14 16       	cp	r1, r20
    2b1a:	15 06       	cpc	r1, r21
    2b1c:	34 f4       	brge	.+12     	; 0x2b2a <qsort+0x2a4>
    2b1e:	b4 01       	movw	r22, r8
    2b20:	64 1b       	sub	r22, r20
    2b22:	75 0b       	sbc	r23, r21
    2b24:	c8 01       	movw	r24, r16
    2b26:	0e 94 fc 13 	call	0x27f8	; 0x27f8 <swapfunc>
    2b2a:	a2 01       	movw	r20, r4
    2b2c:	4a 19       	sub	r20, r10
    2b2e:	5b 09       	sbc	r21, r11
    2b30:	5a 01       	movw	r10, r20
    2b32:	a3 01       	movw	r20, r6
    2b34:	44 19       	sub	r20, r4
    2b36:	55 09       	sbc	r21, r5
    2b38:	89 85       	ldd	r24, Y+9	; 0x09
    2b3a:	9a 85       	ldd	r25, Y+10	; 0x0a
    2b3c:	48 1b       	sub	r20, r24
    2b3e:	59 0b       	sbc	r21, r25
    2b40:	a4 16       	cp	r10, r20
    2b42:	b5 06       	cpc	r11, r21
    2b44:	08 f4       	brcc	.+2      	; 0x2b48 <qsort+0x2c2>
    2b46:	a5 01       	movw	r20, r10
    2b48:	14 16       	cp	r1, r20
    2b4a:	15 06       	cpc	r1, r21
    2b4c:	34 f4       	brge	.+12     	; 0x2b5a <qsort+0x2d4>
    2b4e:	b3 01       	movw	r22, r6
    2b50:	64 1b       	sub	r22, r20
    2b52:	75 0b       	sbc	r23, r21
    2b54:	c4 01       	movw	r24, r8
    2b56:	0e 94 fc 13 	call	0x27f8	; 0x27f8 <swapfunc>
    2b5a:	e9 85       	ldd	r30, Y+9	; 0x09
    2b5c:	fa 85       	ldd	r31, Y+10	; 0x0a
    2b5e:	ee 15       	cp	r30, r14
    2b60:	ff 05       	cpc	r31, r15
    2b62:	48 f4       	brcc	.+18     	; 0x2b76 <qsort+0x2f0>
    2b64:	c7 01       	movw	r24, r14
    2b66:	bf 01       	movw	r22, r30
    2b68:	0e 94 a4 12 	call	0x2548	; 0x2548 <__udivmodhi4>
    2b6c:	96 01       	movw	r18, r12
    2b6e:	af 01       	movw	r20, r30
    2b70:	c8 01       	movw	r24, r16
    2b72:	0e 94 43 14 	call	0x2886	; 0x2886 <qsort>
    2b76:	29 85       	ldd	r18, Y+9	; 0x09
    2b78:	3a 85       	ldd	r19, Y+10	; 0x0a
    2b7a:	2a 15       	cp	r18, r10
    2b7c:	3b 05       	cpc	r19, r11
    2b7e:	a0 f5       	brcc	.+104    	; 0x2be8 <qsort+0x362>
    2b80:	83 01       	movw	r16, r6
    2b82:	0a 19       	sub	r16, r10
    2b84:	1b 09       	sbc	r17, r11
    2b86:	c5 01       	movw	r24, r10
    2b88:	b9 01       	movw	r22, r18
    2b8a:	0e 94 a4 12 	call	0x2548	; 0x2548 <__udivmodhi4>
    2b8e:	7b 01       	movw	r14, r22
    2b90:	96 ce       	rjmp	.-724    	; 0x28be <qsort+0x38>
    2b92:	e9 85       	ldd	r30, Y+9	; 0x09
    2b94:	fa 85       	ldd	r31, Y+10	; 0x0a
    2b96:	ee 9e       	mul	r14, r30
    2b98:	50 01       	movw	r10, r0
    2b9a:	ef 9e       	mul	r14, r31
    2b9c:	b0 0c       	add	r11, r0
    2b9e:	fe 9e       	mul	r15, r30
    2ba0:	b0 0c       	add	r11, r0
    2ba2:	11 24       	eor	r1, r1
    2ba4:	a0 0e       	add	r10, r16
    2ba6:	b1 1e       	adc	r11, r17
    2ba8:	6a 14       	cp	r6, r10
    2baa:	7b 04       	cpc	r7, r11
    2bac:	e8 f4       	brcc	.+58     	; 0x2be8 <qsort+0x362>
    2bae:	73 01       	movw	r14, r6
    2bb0:	0e 15       	cp	r16, r14
    2bb2:	1f 05       	cpc	r17, r15
    2bb4:	28 f0       	brcs	.+10     	; 0x2bc0 <qsort+0x33a>
    2bb6:	89 85       	ldd	r24, Y+9	; 0x09
    2bb8:	9a 85       	ldd	r25, Y+10	; 0x0a
    2bba:	68 0e       	add	r6, r24
    2bbc:	79 1e       	adc	r7, r25
    2bbe:	f4 cf       	rjmp	.-24     	; 0x2ba8 <qsort+0x322>
    2bc0:	47 01       	movw	r8, r14
    2bc2:	e9 85       	ldd	r30, Y+9	; 0x09
    2bc4:	fa 85       	ldd	r31, Y+10	; 0x0a
    2bc6:	8e 1a       	sub	r8, r30
    2bc8:	9f 0a       	sbc	r9, r31
    2bca:	b7 01       	movw	r22, r14
    2bcc:	c4 01       	movw	r24, r8
    2bce:	f6 01       	movw	r30, r12
    2bd0:	19 95       	eicall
    2bd2:	18 16       	cp	r1, r24
    2bd4:	19 06       	cpc	r1, r25
    2bd6:	7c f7       	brge	.-34     	; 0x2bb6 <qsort+0x330>
    2bd8:	49 85       	ldd	r20, Y+9	; 0x09
    2bda:	5a 85       	ldd	r21, Y+10	; 0x0a
    2bdc:	b4 01       	movw	r22, r8
    2bde:	c7 01       	movw	r24, r14
    2be0:	0e 94 fc 13 	call	0x27f8	; 0x27f8 <swapfunc>
    2be4:	74 01       	movw	r14, r8
    2be6:	e4 cf       	rjmp	.-56     	; 0x2bb0 <qsort+0x32a>
    2be8:	2a 96       	adiw	r28, 0x0a	; 10
    2bea:	cd bf       	out	0x3d, r28	; 61
    2bec:	de bf       	out	0x3e, r29	; 62
    2bee:	df 91       	pop	r29
    2bf0:	cf 91       	pop	r28
    2bf2:	1f 91       	pop	r17
    2bf4:	0f 91       	pop	r16
    2bf6:	ff 90       	pop	r15
    2bf8:	ef 90       	pop	r14
    2bfa:	df 90       	pop	r13
    2bfc:	cf 90       	pop	r12
    2bfe:	bf 90       	pop	r11
    2c00:	af 90       	pop	r10
    2c02:	9f 90       	pop	r9
    2c04:	8f 90       	pop	r8
    2c06:	7f 90       	pop	r7
    2c08:	6f 90       	pop	r6
    2c0a:	5f 90       	pop	r5
    2c0c:	4f 90       	pop	r4
    2c0e:	3f 90       	pop	r3
    2c10:	2f 90       	pop	r2
    2c12:	08 95       	ret

00002c14 <__ftoa_engine>:
    2c14:	28 30       	cpi	r18, 0x08	; 8
    2c16:	08 f0       	brcs	.+2      	; 0x2c1a <__ftoa_engine+0x6>
    2c18:	27 e0       	ldi	r18, 0x07	; 7
    2c1a:	33 27       	eor	r19, r19
    2c1c:	da 01       	movw	r26, r20
    2c1e:	99 0f       	add	r25, r25
    2c20:	31 1d       	adc	r19, r1
    2c22:	87 fd       	sbrc	r24, 7
    2c24:	91 60       	ori	r25, 0x01	; 1
    2c26:	00 96       	adiw	r24, 0x00	; 0
    2c28:	61 05       	cpc	r22, r1
    2c2a:	71 05       	cpc	r23, r1
    2c2c:	39 f4       	brne	.+14     	; 0x2c3c <__ftoa_engine+0x28>
    2c2e:	32 60       	ori	r19, 0x02	; 2
    2c30:	2e 5f       	subi	r18, 0xFE	; 254
    2c32:	3d 93       	st	X+, r19
    2c34:	30 e3       	ldi	r19, 0x30	; 48
    2c36:	2a 95       	dec	r18
    2c38:	e1 f7       	brne	.-8      	; 0x2c32 <__ftoa_engine+0x1e>
    2c3a:	08 95       	ret
    2c3c:	9f 3f       	cpi	r25, 0xFF	; 255
    2c3e:	30 f0       	brcs	.+12     	; 0x2c4c <__ftoa_engine+0x38>
    2c40:	80 38       	cpi	r24, 0x80	; 128
    2c42:	71 05       	cpc	r23, r1
    2c44:	61 05       	cpc	r22, r1
    2c46:	09 f0       	breq	.+2      	; 0x2c4a <__ftoa_engine+0x36>
    2c48:	3c 5f       	subi	r19, 0xFC	; 252
    2c4a:	3c 5f       	subi	r19, 0xFC	; 252
    2c4c:	3d 93       	st	X+, r19
    2c4e:	91 30       	cpi	r25, 0x01	; 1
    2c50:	08 f0       	brcs	.+2      	; 0x2c54 <__ftoa_engine+0x40>
    2c52:	80 68       	ori	r24, 0x80	; 128
    2c54:	91 1d       	adc	r25, r1
    2c56:	df 93       	push	r29
    2c58:	cf 93       	push	r28
    2c5a:	1f 93       	push	r17
    2c5c:	0f 93       	push	r16
    2c5e:	ff 92       	push	r15
    2c60:	ef 92       	push	r14
    2c62:	19 2f       	mov	r17, r25
    2c64:	98 7f       	andi	r25, 0xF8	; 248
    2c66:	96 95       	lsr	r25
    2c68:	e9 2f       	mov	r30, r25
    2c6a:	96 95       	lsr	r25
    2c6c:	96 95       	lsr	r25
    2c6e:	e9 0f       	add	r30, r25
    2c70:	ff 27       	eor	r31, r31
    2c72:	ee 58       	subi	r30, 0x8E	; 142
    2c74:	fd 4f       	sbci	r31, 0xFD	; 253
    2c76:	99 27       	eor	r25, r25
    2c78:	33 27       	eor	r19, r19
    2c7a:	ee 24       	eor	r14, r14
    2c7c:	ff 24       	eor	r15, r15
    2c7e:	a7 01       	movw	r20, r14
    2c80:	e7 01       	movw	r28, r14
    2c82:	05 90       	lpm	r0, Z+
    2c84:	08 94       	sec
    2c86:	07 94       	ror	r0
    2c88:	28 f4       	brcc	.+10     	; 0x2c94 <__ftoa_engine+0x80>
    2c8a:	36 0f       	add	r19, r22
    2c8c:	e7 1e       	adc	r14, r23
    2c8e:	f8 1e       	adc	r15, r24
    2c90:	49 1f       	adc	r20, r25
    2c92:	51 1d       	adc	r21, r1
    2c94:	66 0f       	add	r22, r22
    2c96:	77 1f       	adc	r23, r23
    2c98:	88 1f       	adc	r24, r24
    2c9a:	99 1f       	adc	r25, r25
    2c9c:	06 94       	lsr	r0
    2c9e:	a1 f7       	brne	.-24     	; 0x2c88 <__ftoa_engine+0x74>
    2ca0:	05 90       	lpm	r0, Z+
    2ca2:	07 94       	ror	r0
    2ca4:	28 f4       	brcc	.+10     	; 0x2cb0 <__ftoa_engine+0x9c>
    2ca6:	e7 0e       	add	r14, r23
    2ca8:	f8 1e       	adc	r15, r24
    2caa:	49 1f       	adc	r20, r25
    2cac:	56 1f       	adc	r21, r22
    2cae:	c1 1d       	adc	r28, r1
    2cb0:	77 0f       	add	r23, r23
    2cb2:	88 1f       	adc	r24, r24
    2cb4:	99 1f       	adc	r25, r25
    2cb6:	66 1f       	adc	r22, r22
    2cb8:	06 94       	lsr	r0
    2cba:	a1 f7       	brne	.-24     	; 0x2ca4 <__ftoa_engine+0x90>
    2cbc:	05 90       	lpm	r0, Z+
    2cbe:	07 94       	ror	r0
    2cc0:	28 f4       	brcc	.+10     	; 0x2ccc <__ftoa_engine+0xb8>
    2cc2:	f8 0e       	add	r15, r24
    2cc4:	49 1f       	adc	r20, r25
    2cc6:	56 1f       	adc	r21, r22
    2cc8:	c7 1f       	adc	r28, r23
    2cca:	d1 1d       	adc	r29, r1
    2ccc:	88 0f       	add	r24, r24
    2cce:	99 1f       	adc	r25, r25
    2cd0:	66 1f       	adc	r22, r22
    2cd2:	77 1f       	adc	r23, r23
    2cd4:	06 94       	lsr	r0
    2cd6:	a1 f7       	brne	.-24     	; 0x2cc0 <__ftoa_engine+0xac>
    2cd8:	05 90       	lpm	r0, Z+
    2cda:	07 94       	ror	r0
    2cdc:	20 f4       	brcc	.+8      	; 0x2ce6 <__ftoa_engine+0xd2>
    2cde:	49 0f       	add	r20, r25
    2ce0:	56 1f       	adc	r21, r22
    2ce2:	c7 1f       	adc	r28, r23
    2ce4:	d8 1f       	adc	r29, r24
    2ce6:	99 0f       	add	r25, r25
    2ce8:	66 1f       	adc	r22, r22
    2cea:	77 1f       	adc	r23, r23
    2cec:	88 1f       	adc	r24, r24
    2cee:	06 94       	lsr	r0
    2cf0:	a9 f7       	brne	.-22     	; 0x2cdc <__ftoa_engine+0xc8>
    2cf2:	84 91       	lpm	r24, Z
    2cf4:	10 95       	com	r17
    2cf6:	17 70       	andi	r17, 0x07	; 7
    2cf8:	41 f0       	breq	.+16     	; 0x2d0a <__ftoa_engine+0xf6>
    2cfa:	d6 95       	lsr	r29
    2cfc:	c7 95       	ror	r28
    2cfe:	57 95       	ror	r21
    2d00:	47 95       	ror	r20
    2d02:	f7 94       	ror	r15
    2d04:	e7 94       	ror	r14
    2d06:	1a 95       	dec	r17
    2d08:	c1 f7       	brne	.-16     	; 0x2cfa <__ftoa_engine+0xe6>
    2d0a:	e8 e1       	ldi	r30, 0x18	; 24
    2d0c:	f2 e0       	ldi	r31, 0x02	; 2
    2d0e:	68 94       	set
    2d10:	15 90       	lpm	r1, Z+
    2d12:	15 91       	lpm	r17, Z+
    2d14:	35 91       	lpm	r19, Z+
    2d16:	65 91       	lpm	r22, Z+
    2d18:	95 91       	lpm	r25, Z+
    2d1a:	05 90       	lpm	r0, Z+
    2d1c:	7f e2       	ldi	r23, 0x2F	; 47
    2d1e:	73 95       	inc	r23
    2d20:	e1 18       	sub	r14, r1
    2d22:	f1 0a       	sbc	r15, r17
    2d24:	43 0b       	sbc	r20, r19
    2d26:	56 0b       	sbc	r21, r22
    2d28:	c9 0b       	sbc	r28, r25
    2d2a:	d0 09       	sbc	r29, r0
    2d2c:	c0 f7       	brcc	.-16     	; 0x2d1e <__ftoa_engine+0x10a>
    2d2e:	e1 0c       	add	r14, r1
    2d30:	f1 1e       	adc	r15, r17
    2d32:	43 1f       	adc	r20, r19
    2d34:	56 1f       	adc	r21, r22
    2d36:	c9 1f       	adc	r28, r25
    2d38:	d0 1d       	adc	r29, r0
    2d3a:	7e f4       	brtc	.+30     	; 0x2d5a <__ftoa_engine+0x146>
    2d3c:	70 33       	cpi	r23, 0x30	; 48
    2d3e:	11 f4       	brne	.+4      	; 0x2d44 <__ftoa_engine+0x130>
    2d40:	8a 95       	dec	r24
    2d42:	e6 cf       	rjmp	.-52     	; 0x2d10 <__ftoa_engine+0xfc>
    2d44:	e8 94       	clt
    2d46:	01 50       	subi	r16, 0x01	; 1
    2d48:	30 f0       	brcs	.+12     	; 0x2d56 <__ftoa_engine+0x142>
    2d4a:	08 0f       	add	r16, r24
    2d4c:	0a f4       	brpl	.+2      	; 0x2d50 <__ftoa_engine+0x13c>
    2d4e:	00 27       	eor	r16, r16
    2d50:	02 17       	cp	r16, r18
    2d52:	08 f4       	brcc	.+2      	; 0x2d56 <__ftoa_engine+0x142>
    2d54:	20 2f       	mov	r18, r16
    2d56:	23 95       	inc	r18
    2d58:	02 2f       	mov	r16, r18
    2d5a:	7a 33       	cpi	r23, 0x3A	; 58
    2d5c:	28 f0       	brcs	.+10     	; 0x2d68 <__ftoa_engine+0x154>
    2d5e:	79 e3       	ldi	r23, 0x39	; 57
    2d60:	7d 93       	st	X+, r23
    2d62:	2a 95       	dec	r18
    2d64:	e9 f7       	brne	.-6      	; 0x2d60 <__ftoa_engine+0x14c>
    2d66:	10 c0       	rjmp	.+32     	; 0x2d88 <__ftoa_engine+0x174>
    2d68:	7d 93       	st	X+, r23
    2d6a:	2a 95       	dec	r18
    2d6c:	89 f6       	brne	.-94     	; 0x2d10 <__ftoa_engine+0xfc>
    2d6e:	06 94       	lsr	r0
    2d70:	97 95       	ror	r25
    2d72:	67 95       	ror	r22
    2d74:	37 95       	ror	r19
    2d76:	17 95       	ror	r17
    2d78:	17 94       	ror	r1
    2d7a:	e1 18       	sub	r14, r1
    2d7c:	f1 0a       	sbc	r15, r17
    2d7e:	43 0b       	sbc	r20, r19
    2d80:	56 0b       	sbc	r21, r22
    2d82:	c9 0b       	sbc	r28, r25
    2d84:	d0 09       	sbc	r29, r0
    2d86:	98 f0       	brcs	.+38     	; 0x2dae <__ftoa_engine+0x19a>
    2d88:	23 95       	inc	r18
    2d8a:	7e 91       	ld	r23, -X
    2d8c:	73 95       	inc	r23
    2d8e:	7a 33       	cpi	r23, 0x3A	; 58
    2d90:	08 f0       	brcs	.+2      	; 0x2d94 <__ftoa_engine+0x180>
    2d92:	70 e3       	ldi	r23, 0x30	; 48
    2d94:	7c 93       	st	X, r23
    2d96:	20 13       	cpse	r18, r16
    2d98:	b8 f7       	brcc	.-18     	; 0x2d88 <__ftoa_engine+0x174>
    2d9a:	7e 91       	ld	r23, -X
    2d9c:	70 61       	ori	r23, 0x10	; 16
    2d9e:	7d 93       	st	X+, r23
    2da0:	30 f0       	brcs	.+12     	; 0x2dae <__ftoa_engine+0x19a>
    2da2:	83 95       	inc	r24
    2da4:	71 e3       	ldi	r23, 0x31	; 49
    2da6:	7d 93       	st	X+, r23
    2da8:	70 e3       	ldi	r23, 0x30	; 48
    2daa:	2a 95       	dec	r18
    2dac:	e1 f7       	brne	.-8      	; 0x2da6 <__ftoa_engine+0x192>
    2dae:	11 24       	eor	r1, r1
    2db0:	ef 90       	pop	r14
    2db2:	ff 90       	pop	r15
    2db4:	0f 91       	pop	r16
    2db6:	1f 91       	pop	r17
    2db8:	cf 91       	pop	r28
    2dba:	df 91       	pop	r29
    2dbc:	99 27       	eor	r25, r25
    2dbe:	87 fd       	sbrc	r24, 7
    2dc0:	90 95       	com	r25
    2dc2:	08 95       	ret

00002dc4 <strnlen_P>:
    2dc4:	fc 01       	movw	r30, r24
    2dc6:	05 90       	lpm	r0, Z+
    2dc8:	61 50       	subi	r22, 0x01	; 1
    2dca:	70 40       	sbci	r23, 0x00	; 0
    2dcc:	01 10       	cpse	r0, r1
    2dce:	d8 f7       	brcc	.-10     	; 0x2dc6 <strnlen_P+0x2>
    2dd0:	80 95       	com	r24
    2dd2:	90 95       	com	r25
    2dd4:	8e 0f       	add	r24, r30
    2dd6:	9f 1f       	adc	r25, r31
    2dd8:	08 95       	ret

00002dda <memset>:
    2dda:	dc 01       	movw	r26, r24
    2ddc:	01 c0       	rjmp	.+2      	; 0x2de0 <memset+0x6>
    2dde:	6d 93       	st	X+, r22
    2de0:	41 50       	subi	r20, 0x01	; 1
    2de2:	50 40       	sbci	r21, 0x00	; 0
    2de4:	e0 f7       	brcc	.-8      	; 0x2dde <memset+0x4>
    2de6:	08 95       	ret

00002de8 <strnlen>:
    2de8:	fc 01       	movw	r30, r24
    2dea:	61 50       	subi	r22, 0x01	; 1
    2dec:	70 40       	sbci	r23, 0x00	; 0
    2dee:	01 90       	ld	r0, Z+
    2df0:	01 10       	cpse	r0, r1
    2df2:	d8 f7       	brcc	.-10     	; 0x2dea <strnlen+0x2>
    2df4:	80 95       	com	r24
    2df6:	90 95       	com	r25
    2df8:	8e 0f       	add	r24, r30
    2dfa:	9f 1f       	adc	r25, r31
    2dfc:	08 95       	ret

00002dfe <fputc>:
    2dfe:	0f 93       	push	r16
    2e00:	1f 93       	push	r17
    2e02:	cf 93       	push	r28
    2e04:	df 93       	push	r29
    2e06:	fb 01       	movw	r30, r22
    2e08:	23 81       	ldd	r18, Z+3	; 0x03
    2e0a:	21 fd       	sbrc	r18, 1
    2e0c:	03 c0       	rjmp	.+6      	; 0x2e14 <fputc+0x16>
    2e0e:	8f ef       	ldi	r24, 0xFF	; 255
    2e10:	9f ef       	ldi	r25, 0xFF	; 255
    2e12:	2c c0       	rjmp	.+88     	; 0x2e6c <fputc+0x6e>
    2e14:	22 ff       	sbrs	r18, 2
    2e16:	16 c0       	rjmp	.+44     	; 0x2e44 <fputc+0x46>
    2e18:	46 81       	ldd	r20, Z+6	; 0x06
    2e1a:	57 81       	ldd	r21, Z+7	; 0x07
    2e1c:	24 81       	ldd	r18, Z+4	; 0x04
    2e1e:	35 81       	ldd	r19, Z+5	; 0x05
    2e20:	42 17       	cp	r20, r18
    2e22:	53 07       	cpc	r21, r19
    2e24:	44 f4       	brge	.+16     	; 0x2e36 <fputc+0x38>
    2e26:	a0 81       	ld	r26, Z
    2e28:	b1 81       	ldd	r27, Z+1	; 0x01
    2e2a:	9d 01       	movw	r18, r26
    2e2c:	2f 5f       	subi	r18, 0xFF	; 255
    2e2e:	3f 4f       	sbci	r19, 0xFF	; 255
    2e30:	20 83       	st	Z, r18
    2e32:	31 83       	std	Z+1, r19	; 0x01
    2e34:	8c 93       	st	X, r24
    2e36:	26 81       	ldd	r18, Z+6	; 0x06
    2e38:	37 81       	ldd	r19, Z+7	; 0x07
    2e3a:	2f 5f       	subi	r18, 0xFF	; 255
    2e3c:	3f 4f       	sbci	r19, 0xFF	; 255
    2e3e:	26 83       	std	Z+6, r18	; 0x06
    2e40:	37 83       	std	Z+7, r19	; 0x07
    2e42:	14 c0       	rjmp	.+40     	; 0x2e6c <fputc+0x6e>
    2e44:	8b 01       	movw	r16, r22
    2e46:	ec 01       	movw	r28, r24
    2e48:	fb 01       	movw	r30, r22
    2e4a:	00 84       	ldd	r0, Z+8	; 0x08
    2e4c:	f1 85       	ldd	r31, Z+9	; 0x09
    2e4e:	e0 2d       	mov	r30, r0
    2e50:	19 95       	eicall
    2e52:	89 2b       	or	r24, r25
    2e54:	e1 f6       	brne	.-72     	; 0x2e0e <fputc+0x10>
    2e56:	d8 01       	movw	r26, r16
    2e58:	16 96       	adiw	r26, 0x06	; 6
    2e5a:	8d 91       	ld	r24, X+
    2e5c:	9c 91       	ld	r25, X
    2e5e:	17 97       	sbiw	r26, 0x07	; 7
    2e60:	01 96       	adiw	r24, 0x01	; 1
    2e62:	16 96       	adiw	r26, 0x06	; 6
    2e64:	8d 93       	st	X+, r24
    2e66:	9c 93       	st	X, r25
    2e68:	17 97       	sbiw	r26, 0x07	; 7
    2e6a:	ce 01       	movw	r24, r28
    2e6c:	df 91       	pop	r29
    2e6e:	cf 91       	pop	r28
    2e70:	1f 91       	pop	r17
    2e72:	0f 91       	pop	r16
    2e74:	08 95       	ret

00002e76 <printf>:
    2e76:	cf 93       	push	r28
    2e78:	df 93       	push	r29
    2e7a:	cd b7       	in	r28, 0x3d	; 61
    2e7c:	de b7       	in	r29, 0x3e	; 62
    2e7e:	ae 01       	movw	r20, r28
    2e80:	4a 5f       	subi	r20, 0xFA	; 250
    2e82:	5f 4f       	sbci	r21, 0xFF	; 255
    2e84:	fa 01       	movw	r30, r20
    2e86:	61 91       	ld	r22, Z+
    2e88:	71 91       	ld	r23, Z+
    2e8a:	af 01       	movw	r20, r30
    2e8c:	80 91 78 24 	lds	r24, 0x2478	; 0x802478 <__iob+0x2>
    2e90:	90 91 79 24 	lds	r25, 0x2479	; 0x802479 <__iob+0x3>
    2e94:	0e 94 04 0f 	call	0x1e08	; 0x1e08 <vfprintf>
    2e98:	df 91       	pop	r29
    2e9a:	cf 91       	pop	r28
    2e9c:	08 95       	ret

00002e9e <puts>:
    2e9e:	0f 93       	push	r16
    2ea0:	1f 93       	push	r17
    2ea2:	cf 93       	push	r28
    2ea4:	df 93       	push	r29
    2ea6:	e0 91 78 24 	lds	r30, 0x2478	; 0x802478 <__iob+0x2>
    2eaa:	f0 91 79 24 	lds	r31, 0x2479	; 0x802479 <__iob+0x3>
    2eae:	23 81       	ldd	r18, Z+3	; 0x03
    2eb0:	21 ff       	sbrs	r18, 1
    2eb2:	1b c0       	rjmp	.+54     	; 0x2eea <puts+0x4c>
    2eb4:	8c 01       	movw	r16, r24
    2eb6:	d0 e0       	ldi	r29, 0x00	; 0
    2eb8:	c0 e0       	ldi	r28, 0x00	; 0
    2eba:	f8 01       	movw	r30, r16
    2ebc:	81 91       	ld	r24, Z+
    2ebe:	8f 01       	movw	r16, r30
    2ec0:	60 91 78 24 	lds	r22, 0x2478	; 0x802478 <__iob+0x2>
    2ec4:	70 91 79 24 	lds	r23, 0x2479	; 0x802479 <__iob+0x3>
    2ec8:	db 01       	movw	r26, r22
    2eca:	18 96       	adiw	r26, 0x08	; 8
    2ecc:	ed 91       	ld	r30, X+
    2ece:	fc 91       	ld	r31, X
    2ed0:	19 97       	sbiw	r26, 0x09	; 9
    2ed2:	88 23       	and	r24, r24
    2ed4:	31 f0       	breq	.+12     	; 0x2ee2 <puts+0x44>
    2ed6:	19 95       	eicall
    2ed8:	89 2b       	or	r24, r25
    2eda:	79 f3       	breq	.-34     	; 0x2eba <puts+0x1c>
    2edc:	df ef       	ldi	r29, 0xFF	; 255
    2ede:	cf ef       	ldi	r28, 0xFF	; 255
    2ee0:	ec cf       	rjmp	.-40     	; 0x2eba <puts+0x1c>
    2ee2:	8a e0       	ldi	r24, 0x0A	; 10
    2ee4:	19 95       	eicall
    2ee6:	89 2b       	or	r24, r25
    2ee8:	19 f0       	breq	.+6      	; 0x2ef0 <puts+0x52>
    2eea:	8f ef       	ldi	r24, 0xFF	; 255
    2eec:	9f ef       	ldi	r25, 0xFF	; 255
    2eee:	02 c0       	rjmp	.+4      	; 0x2ef4 <puts+0x56>
    2ef0:	8d 2f       	mov	r24, r29
    2ef2:	9c 2f       	mov	r25, r28
    2ef4:	df 91       	pop	r29
    2ef6:	cf 91       	pop	r28
    2ef8:	1f 91       	pop	r17
    2efa:	0f 91       	pop	r16
    2efc:	08 95       	ret

00002efe <__ultoa_invert>:
    2efe:	fa 01       	movw	r30, r20
    2f00:	aa 27       	eor	r26, r26
    2f02:	28 30       	cpi	r18, 0x08	; 8
    2f04:	51 f1       	breq	.+84     	; 0x2f5a <__ultoa_invert+0x5c>
    2f06:	20 31       	cpi	r18, 0x10	; 16
    2f08:	81 f1       	breq	.+96     	; 0x2f6a <__ultoa_invert+0x6c>
    2f0a:	e8 94       	clt
    2f0c:	6f 93       	push	r22
    2f0e:	6e 7f       	andi	r22, 0xFE	; 254
    2f10:	6e 5f       	subi	r22, 0xFE	; 254
    2f12:	7f 4f       	sbci	r23, 0xFF	; 255
    2f14:	8f 4f       	sbci	r24, 0xFF	; 255
    2f16:	9f 4f       	sbci	r25, 0xFF	; 255
    2f18:	af 4f       	sbci	r26, 0xFF	; 255
    2f1a:	b1 e0       	ldi	r27, 0x01	; 1
    2f1c:	3e d0       	rcall	.+124    	; 0x2f9a <__ultoa_invert+0x9c>
    2f1e:	b4 e0       	ldi	r27, 0x04	; 4
    2f20:	3c d0       	rcall	.+120    	; 0x2f9a <__ultoa_invert+0x9c>
    2f22:	67 0f       	add	r22, r23
    2f24:	78 1f       	adc	r23, r24
    2f26:	89 1f       	adc	r24, r25
    2f28:	9a 1f       	adc	r25, r26
    2f2a:	a1 1d       	adc	r26, r1
    2f2c:	68 0f       	add	r22, r24
    2f2e:	79 1f       	adc	r23, r25
    2f30:	8a 1f       	adc	r24, r26
    2f32:	91 1d       	adc	r25, r1
    2f34:	a1 1d       	adc	r26, r1
    2f36:	6a 0f       	add	r22, r26
    2f38:	71 1d       	adc	r23, r1
    2f3a:	81 1d       	adc	r24, r1
    2f3c:	91 1d       	adc	r25, r1
    2f3e:	a1 1d       	adc	r26, r1
    2f40:	20 d0       	rcall	.+64     	; 0x2f82 <__ultoa_invert+0x84>
    2f42:	09 f4       	brne	.+2      	; 0x2f46 <__ultoa_invert+0x48>
    2f44:	68 94       	set
    2f46:	3f 91       	pop	r19
    2f48:	2a e0       	ldi	r18, 0x0A	; 10
    2f4a:	26 9f       	mul	r18, r22
    2f4c:	11 24       	eor	r1, r1
    2f4e:	30 19       	sub	r19, r0
    2f50:	30 5d       	subi	r19, 0xD0	; 208
    2f52:	31 93       	st	Z+, r19
    2f54:	de f6       	brtc	.-74     	; 0x2f0c <__ultoa_invert+0xe>
    2f56:	cf 01       	movw	r24, r30
    2f58:	08 95       	ret
    2f5a:	46 2f       	mov	r20, r22
    2f5c:	47 70       	andi	r20, 0x07	; 7
    2f5e:	40 5d       	subi	r20, 0xD0	; 208
    2f60:	41 93       	st	Z+, r20
    2f62:	b3 e0       	ldi	r27, 0x03	; 3
    2f64:	0f d0       	rcall	.+30     	; 0x2f84 <__ultoa_invert+0x86>
    2f66:	c9 f7       	brne	.-14     	; 0x2f5a <__ultoa_invert+0x5c>
    2f68:	f6 cf       	rjmp	.-20     	; 0x2f56 <__ultoa_invert+0x58>
    2f6a:	46 2f       	mov	r20, r22
    2f6c:	4f 70       	andi	r20, 0x0F	; 15
    2f6e:	40 5d       	subi	r20, 0xD0	; 208
    2f70:	4a 33       	cpi	r20, 0x3A	; 58
    2f72:	18 f0       	brcs	.+6      	; 0x2f7a <__ultoa_invert+0x7c>
    2f74:	49 5d       	subi	r20, 0xD9	; 217
    2f76:	31 fd       	sbrc	r19, 1
    2f78:	40 52       	subi	r20, 0x20	; 32
    2f7a:	41 93       	st	Z+, r20
    2f7c:	02 d0       	rcall	.+4      	; 0x2f82 <__ultoa_invert+0x84>
    2f7e:	a9 f7       	brne	.-22     	; 0x2f6a <__ultoa_invert+0x6c>
    2f80:	ea cf       	rjmp	.-44     	; 0x2f56 <__ultoa_invert+0x58>
    2f82:	b4 e0       	ldi	r27, 0x04	; 4
    2f84:	a6 95       	lsr	r26
    2f86:	97 95       	ror	r25
    2f88:	87 95       	ror	r24
    2f8a:	77 95       	ror	r23
    2f8c:	67 95       	ror	r22
    2f8e:	ba 95       	dec	r27
    2f90:	c9 f7       	brne	.-14     	; 0x2f84 <__ultoa_invert+0x86>
    2f92:	00 97       	sbiw	r24, 0x00	; 0
    2f94:	61 05       	cpc	r22, r1
    2f96:	71 05       	cpc	r23, r1
    2f98:	08 95       	ret
    2f9a:	9b 01       	movw	r18, r22
    2f9c:	ac 01       	movw	r20, r24
    2f9e:	0a 2e       	mov	r0, r26
    2fa0:	06 94       	lsr	r0
    2fa2:	57 95       	ror	r21
    2fa4:	47 95       	ror	r20
    2fa6:	37 95       	ror	r19
    2fa8:	27 95       	ror	r18
    2faa:	ba 95       	dec	r27
    2fac:	c9 f7       	brne	.-14     	; 0x2fa0 <__ultoa_invert+0xa2>
    2fae:	62 0f       	add	r22, r18
    2fb0:	73 1f       	adc	r23, r19
    2fb2:	84 1f       	adc	r24, r20
    2fb4:	95 1f       	adc	r25, r21
    2fb6:	a0 1d       	adc	r26, r0
    2fb8:	08 95       	ret

00002fba <_exit>:
    2fba:	f8 94       	cli

00002fbc <__stop_program>:
    2fbc:	ff cf       	rjmp	.-2      	; 0x2fbc <__stop_program>
