
LinebotTemplate1.elf:     file format elf32-avr

Sections:
Idx Name          Size      VMA       LMA       File off  Algn
  0 .text         00006488  00000000  00000000  00000094  2**1
                  CONTENTS, ALLOC, LOAD, READONLY, CODE
  1 .data         00000274  00802000  00006488  0000651c  2**0
                  CONTENTS, ALLOC, LOAD, DATA
  2 .bss          000000d4  00802274  00802274  00006790  2**0
                  ALLOC
  3 .comment      0000005c  00000000  00000000  00006790  2**0
                  CONTENTS, READONLY
  4 .note.gnu.avr.deviceinfo 00000040  00000000  00000000  000067ec  2**2
                  CONTENTS, READONLY
  5 .debug_aranges 000006d0  00000000  00000000  0000682c  2**0
                  CONTENTS, READONLY, DEBUGGING
  6 .debug_info   00009870  00000000  00000000  00006efc  2**0
                  CONTENTS, READONLY, DEBUGGING
  7 .debug_abbrev 00003ea7  00000000  00000000  0001076c  2**0
                  CONTENTS, READONLY, DEBUGGING
  8 .debug_line   00005ad0  00000000  00000000  00014613  2**0
                  CONTENTS, READONLY, DEBUGGING
  9 .debug_frame  00001770  00000000  00000000  0001a0e4  2**2
                  CONTENTS, READONLY, DEBUGGING
 10 .debug_str    000042e8  00000000  00000000  0001b854  2**0
                  CONTENTS, READONLY, DEBUGGING
 11 .debug_loc    00002fbd  00000000  00000000  0001fb3c  2**0
                  CONTENTS, READONLY, DEBUGGING
 12 .debug_ranges 000005d0  00000000  00000000  00022af9  2**0
                  CONTENTS, READONLY, DEBUGGING

Disassembly of section .text:

00000000 <__vectors>:
       0:	0c 94 cc 01 	jmp	0x398	; 0x398 <__ctors_end>
       4:	0c 94 ed 01 	jmp	0x3da	; 0x3da <__bad_interrupt>
       8:	0c 94 a6 03 	jmp	0x74c	; 0x74c <__vector_2>
       c:	0c 94 03 04 	jmp	0x806	; 0x806 <__vector_3>
      10:	0c 94 ed 01 	jmp	0x3da	; 0x3da <__bad_interrupt>
      14:	0c 94 ed 01 	jmp	0x3da	; 0x3da <__bad_interrupt>
      18:	0c 94 ed 01 	jmp	0x3da	; 0x3da <__bad_interrupt>
      1c:	0c 94 ed 01 	jmp	0x3da	; 0x3da <__bad_interrupt>
      20:	0c 94 ed 01 	jmp	0x3da	; 0x3da <__bad_interrupt>
      24:	0c 94 ed 01 	jmp	0x3da	; 0x3da <__bad_interrupt>
      28:	0c 94 ed 01 	jmp	0x3da	; 0x3da <__bad_interrupt>
      2c:	0c 94 ed 01 	jmp	0x3da	; 0x3da <__bad_interrupt>
      30:	0c 94 ed 01 	jmp	0x3da	; 0x3da <__bad_interrupt>
      34:	0c 94 ed 01 	jmp	0x3da	; 0x3da <__bad_interrupt>
      38:	0c 94 98 0e 	jmp	0x1d30	; 0x1d30 <__vector_14>
      3c:	0c 94 ed 01 	jmp	0x3da	; 0x3da <__bad_interrupt>
      40:	0c 94 18 0f 	jmp	0x1e30	; 0x1e30 <__vector_16>
      44:	0c 94 ed 01 	jmp	0x3da	; 0x3da <__bad_interrupt>
      48:	0c 94 ed 01 	jmp	0x3da	; 0x3da <__bad_interrupt>
      4c:	0c 94 ed 01 	jmp	0x3da	; 0x3da <__bad_interrupt>
      50:	0c 94 ed 01 	jmp	0x3da	; 0x3da <__bad_interrupt>
      54:	0c 94 ed 01 	jmp	0x3da	; 0x3da <__bad_interrupt>
      58:	0c 94 ed 01 	jmp	0x3da	; 0x3da <__bad_interrupt>
      5c:	0c 94 ed 01 	jmp	0x3da	; 0x3da <__bad_interrupt>
      60:	0c 94 ed 01 	jmp	0x3da	; 0x3da <__bad_interrupt>
      64:	0c 94 ed 01 	jmp	0x3da	; 0x3da <__bad_interrupt>
      68:	0c 94 ed 01 	jmp	0x3da	; 0x3da <__bad_interrupt>
      6c:	0c 94 ed 01 	jmp	0x3da	; 0x3da <__bad_interrupt>
      70:	0c 94 ed 01 	jmp	0x3da	; 0x3da <__bad_interrupt>
      74:	0c 94 ed 01 	jmp	0x3da	; 0x3da <__bad_interrupt>
      78:	0c 94 ed 01 	jmp	0x3da	; 0x3da <__bad_interrupt>
      7c:	0c 94 ed 01 	jmp	0x3da	; 0x3da <__bad_interrupt>
      80:	0c 94 ed 01 	jmp	0x3da	; 0x3da <__bad_interrupt>
      84:	0c 94 ed 01 	jmp	0x3da	; 0x3da <__bad_interrupt>
      88:	0c 94 ed 01 	jmp	0x3da	; 0x3da <__bad_interrupt>
      8c:	0c 94 ed 01 	jmp	0x3da	; 0x3da <__bad_interrupt>
      90:	0c 94 ed 01 	jmp	0x3da	; 0x3da <__bad_interrupt>
      94:	0c 94 ed 01 	jmp	0x3da	; 0x3da <__bad_interrupt>
      98:	0c 94 ed 01 	jmp	0x3da	; 0x3da <__bad_interrupt>
      9c:	0c 94 ed 01 	jmp	0x3da	; 0x3da <__bad_interrupt>
      a0:	0c 94 ed 01 	jmp	0x3da	; 0x3da <__bad_interrupt>
      a4:	0c 94 ed 01 	jmp	0x3da	; 0x3da <__bad_interrupt>
      a8:	0c 94 ed 01 	jmp	0x3da	; 0x3da <__bad_interrupt>
      ac:	0c 94 64 04 	jmp	0x8c8	; 0x8c8 <__vector_43>
      b0:	0c 94 c9 04 	jmp	0x992	; 0x992 <__vector_44>
      b4:	0c 94 ed 01 	jmp	0x3da	; 0x3da <__bad_interrupt>
      b8:	0c 94 69 06 	jmp	0xcd2	; 0xcd2 <__vector_46>
      bc:	0c 94 ed 01 	jmp	0x3da	; 0x3da <__bad_interrupt>
      c0:	0c 94 ed 01 	jmp	0x3da	; 0x3da <__bad_interrupt>
      c4:	0c 94 ed 01 	jmp	0x3da	; 0x3da <__bad_interrupt>
      c8:	0c 94 ed 01 	jmp	0x3da	; 0x3da <__bad_interrupt>
      cc:	0c 94 ed 01 	jmp	0x3da	; 0x3da <__bad_interrupt>
      d0:	0c 94 ed 01 	jmp	0x3da	; 0x3da <__bad_interrupt>
      d4:	0c 94 ed 01 	jmp	0x3da	; 0x3da <__bad_interrupt>
      d8:	0c 94 ed 01 	jmp	0x3da	; 0x3da <__bad_interrupt>
      dc:	0c 94 ed 01 	jmp	0x3da	; 0x3da <__bad_interrupt>
      e0:	0c 94 ed 01 	jmp	0x3da	; 0x3da <__bad_interrupt>
      e4:	0c 94 ed 01 	jmp	0x3da	; 0x3da <__bad_interrupt>
      e8:	0c 94 ed 01 	jmp	0x3da	; 0x3da <__bad_interrupt>
      ec:	0c 94 ed 01 	jmp	0x3da	; 0x3da <__bad_interrupt>
      f0:	0c 94 ed 01 	jmp	0x3da	; 0x3da <__bad_interrupt>
      f4:	0c 94 ed 01 	jmp	0x3da	; 0x3da <__bad_interrupt>
      f8:	0c 94 ed 01 	jmp	0x3da	; 0x3da <__bad_interrupt>
      fc:	0c 94 ed 01 	jmp	0x3da	; 0x3da <__bad_interrupt>
     100:	0c 94 ed 01 	jmp	0x3da	; 0x3da <__bad_interrupt>
     104:	0c 94 ed 01 	jmp	0x3da	; 0x3da <__bad_interrupt>
     108:	0c 94 ed 01 	jmp	0x3da	; 0x3da <__bad_interrupt>
     10c:	0c 94 ed 01 	jmp	0x3da	; 0x3da <__bad_interrupt>
     110:	0c 94 ed 01 	jmp	0x3da	; 0x3da <__bad_interrupt>
     114:	0c 94 ed 01 	jmp	0x3da	; 0x3da <__bad_interrupt>
     118:	0c 94 ed 01 	jmp	0x3da	; 0x3da <__bad_interrupt>
     11c:	0c 94 ed 01 	jmp	0x3da	; 0x3da <__bad_interrupt>
     120:	0c 94 ed 01 	jmp	0x3da	; 0x3da <__bad_interrupt>
     124:	0c 94 ed 01 	jmp	0x3da	; 0x3da <__bad_interrupt>
     128:	0c 94 ed 01 	jmp	0x3da	; 0x3da <__bad_interrupt>
     12c:	0c 94 ed 01 	jmp	0x3da	; 0x3da <__bad_interrupt>
     130:	0c 94 ed 01 	jmp	0x3da	; 0x3da <__bad_interrupt>
     134:	0c 94 ed 01 	jmp	0x3da	; 0x3da <__bad_interrupt>
     138:	0c 94 ed 01 	jmp	0x3da	; 0x3da <__bad_interrupt>
     13c:	0c 94 ed 01 	jmp	0x3da	; 0x3da <__bad_interrupt>
     140:	0c 94 ed 01 	jmp	0x3da	; 0x3da <__bad_interrupt>
     144:	0c 94 ed 01 	jmp	0x3da	; 0x3da <__bad_interrupt>
     148:	0c 94 ed 01 	jmp	0x3da	; 0x3da <__bad_interrupt>
     14c:	0c 94 ed 01 	jmp	0x3da	; 0x3da <__bad_interrupt>
     150:	0c 94 ed 01 	jmp	0x3da	; 0x3da <__bad_interrupt>
     154:	0c 94 ed 01 	jmp	0x3da	; 0x3da <__bad_interrupt>
     158:	0c 94 ed 01 	jmp	0x3da	; 0x3da <__bad_interrupt>
     15c:	0c 94 ed 01 	jmp	0x3da	; 0x3da <__bad_interrupt>
     160:	0c 94 ed 01 	jmp	0x3da	; 0x3da <__bad_interrupt>
     164:	0c 94 ed 01 	jmp	0x3da	; 0x3da <__bad_interrupt>
     168:	0c 94 ed 01 	jmp	0x3da	; 0x3da <__bad_interrupt>
     16c:	0c 94 ed 01 	jmp	0x3da	; 0x3da <__bad_interrupt>
     170:	0c 94 ed 01 	jmp	0x3da	; 0x3da <__bad_interrupt>
     174:	0c 94 ed 01 	jmp	0x3da	; 0x3da <__bad_interrupt>
     178:	0c 94 ed 01 	jmp	0x3da	; 0x3da <__bad_interrupt>
     17c:	0c 94 ed 01 	jmp	0x3da	; 0x3da <__bad_interrupt>
     180:	0c 94 ed 01 	jmp	0x3da	; 0x3da <__bad_interrupt>
     184:	0c 94 ed 01 	jmp	0x3da	; 0x3da <__bad_interrupt>
     188:	0c 94 ed 01 	jmp	0x3da	; 0x3da <__bad_interrupt>
     18c:	0c 94 ed 01 	jmp	0x3da	; 0x3da <__bad_interrupt>
     190:	0c 94 ed 01 	jmp	0x3da	; 0x3da <__bad_interrupt>
     194:	0c 94 ed 01 	jmp	0x3da	; 0x3da <__bad_interrupt>
     198:	0c 94 ed 01 	jmp	0x3da	; 0x3da <__bad_interrupt>
     19c:	0c 94 ed 01 	jmp	0x3da	; 0x3da <__bad_interrupt>
     1a0:	0c 94 ed 01 	jmp	0x3da	; 0x3da <__bad_interrupt>
     1a4:	0c 94 ed 01 	jmp	0x3da	; 0x3da <__bad_interrupt>
     1a8:	0c 94 ed 01 	jmp	0x3da	; 0x3da <__bad_interrupt>
     1ac:	0c 94 ed 01 	jmp	0x3da	; 0x3da <__bad_interrupt>
     1b0:	0c 94 ed 01 	jmp	0x3da	; 0x3da <__bad_interrupt>
     1b4:	0c 94 ed 01 	jmp	0x3da	; 0x3da <__bad_interrupt>
     1b8:	0c 94 ed 01 	jmp	0x3da	; 0x3da <__bad_interrupt>
     1bc:	0c 94 ed 01 	jmp	0x3da	; 0x3da <__bad_interrupt>
     1c0:	0c 94 ed 01 	jmp	0x3da	; 0x3da <__bad_interrupt>
     1c4:	0c 94 ed 01 	jmp	0x3da	; 0x3da <__bad_interrupt>
     1c8:	0c 94 ed 01 	jmp	0x3da	; 0x3da <__bad_interrupt>
     1cc:	0c 94 ed 01 	jmp	0x3da	; 0x3da <__bad_interrupt>
     1d0:	0c 94 ed 01 	jmp	0x3da	; 0x3da <__bad_interrupt>
     1d4:	0c 94 ed 01 	jmp	0x3da	; 0x3da <__bad_interrupt>
     1d8:	0c 94 ed 01 	jmp	0x3da	; 0x3da <__bad_interrupt>
     1dc:	0c 94 ed 01 	jmp	0x3da	; 0x3da <__bad_interrupt>
     1e0:	0c 94 ed 01 	jmp	0x3da	; 0x3da <__bad_interrupt>
     1e4:	0c 94 ed 01 	jmp	0x3da	; 0x3da <__bad_interrupt>
     1e8:	0c 94 ed 01 	jmp	0x3da	; 0x3da <__bad_interrupt>
     1ec:	0c 94 ed 01 	jmp	0x3da	; 0x3da <__bad_interrupt>
     1f0:	0c 94 ed 01 	jmp	0x3da	; 0x3da <__bad_interrupt>
     1f4:	0c 94 ed 01 	jmp	0x3da	; 0x3da <__bad_interrupt>
     1f8:	0c 94 ed 01 	jmp	0x3da	; 0x3da <__bad_interrupt>
     1fc:	07 63       	ori	r16, 0x37	; 55
     1fe:	42 36       	cpi	r20, 0x62	; 98
     200:	b7 9b       	sbis	0x16, 7	; 22
     202:	d8 a7       	std	Y+40, r29	; 0x28
     204:	1a 39       	cpi	r17, 0x9A	; 154
     206:	68 56       	subi	r22, 0x68	; 104
     208:	18 ae       	std	Y+56, r1	; 0x38
     20a:	ba ab       	std	Y+50, r27	; 0x32
     20c:	55 8c       	ldd	r5, Z+29	; 0x1d
     20e:	1d 3c       	cpi	r17, 0xCD	; 205
     210:	b7 cc       	rjmp	.-1682   	; 0xfffffb80 <__eeprom_end+0xff7efb80>
     212:	57 63       	ori	r21, 0x37	; 55
     214:	bd 6d       	ori	r27, 0xDD	; 221
     216:	ed fd       	.word	0xfded	; ????
     218:	75 3e       	cpi	r23, 0xE5	; 229
     21a:	f6 17       	cp	r31, r22
     21c:	72 31       	cpi	r23, 0x12	; 18
     21e:	bf 00       	.word	0x00bf	; ????
     220:	00 00       	nop
     222:	80 3f       	cpi	r24, 0xF0	; 240
     224:	08 00       	.word	0x0008	; ????
     226:	00 00       	nop
     228:	be 92       	st	-X, r11
     22a:	24 49       	sbci	r18, 0x94	; 148
     22c:	12 3e       	cpi	r17, 0xE2	; 226
     22e:	ab aa       	std	Y+51, r10	; 0x33
     230:	aa 2a       	or	r10, r26
     232:	be cd       	rjmp	.-1156   	; 0xfffffdb0 <__eeprom_end+0xff7efdb0>
     234:	cc cc       	rjmp	.-1640   	; 0xfffffbce <__eeprom_end+0xff7efbce>
     236:	4c 3e       	cpi	r20, 0xEC	; 236
     238:	00 00       	nop
     23a:	00 80       	ld	r0, Z
     23c:	be ab       	std	Y+54, r27	; 0x36
     23e:	aa aa       	std	Y+50, r10	; 0x32
     240:	aa 3e       	cpi	r26, 0xEA	; 234
     242:	00 00       	nop
     244:	00 00       	nop
     246:	bf 00       	.word	0x00bf	; ????
     248:	00 00       	nop
     24a:	80 3f       	cpi	r24, 0xF0	; 240
     24c:	00 00       	nop
     24e:	00 00       	nop
     250:	00 08       	sbc	r0, r0
     252:	41 78       	andi	r20, 0x81	; 129
     254:	d3 bb       	out	0x13, r29	; 19
     256:	43 87       	std	Z+11, r20	; 0x0b
     258:	d1 13       	cpse	r29, r17
     25a:	3d 19       	sub	r19, r13
     25c:	0e 3c       	cpi	r16, 0xCE	; 206
     25e:	c3 bd       	out	0x23, r28	; 35
     260:	42 82       	std	Z+2, r4	; 0x02
     262:	ad 2b       	or	r26, r29
     264:	3e 68       	ori	r19, 0x8E	; 142
     266:	ec 82       	std	Y+4, r14	; 0x04
     268:	76 be       	out	0x36, r7	; 54
     26a:	d9 8f       	std	Y+25, r29	; 0x19
     26c:	e1 a9       	ldd	r30, Z+49	; 0x31
     26e:	3e 4c       	sbci	r19, 0xCE	; 206
     270:	80 ef       	ldi	r24, 0xF0	; 240
     272:	ff be       	out	0x3f, r15	; 63
     274:	01 c4       	rjmp	.+2050   	; 0xa78 <DriverPowerVccAuxSet+0x2>
     276:	ff 7f       	andi	r31, 0xFF	; 255
     278:	3f 00       	.word	0x003f	; ????
     27a:	00 00       	nop
	...

0000027e <__trampolines_start>:
     27e:	0c 94 ca 24 	jmp	0x4994	; 0x4994 <WorkerRunningLight>
     282:	0c 94 de 1b 	jmp	0x37bc	; 0x37bc <prvIdleTask>
     286:	0c 94 9c 25 	jmp	0x4b38	; 0x4b38 <WorkerTerminal>
     28a:	0c 94 20 09 	jmp	0x1240	; 0x1240 <stdio_getchar>
     28e:	0c 94 fb 08 	jmp	0x11f6	; 0x11f6 <stdio_putchar>
     292:	0c 94 2c 24 	jmp	0x4858	; 0x4858 <WorkerCursorstick>

00000296 <__trampolines_end>:
     296:	6e 61       	ori	r22, 0x1E	; 30
     298:	6e 00       	.word	0x006e	; ????

0000029a <__c.2332>:
     29a:	69 6e 66 00 00 40 7a 10 f3 5a 00 a0 72 4e 18 09     inf..@z..Z..rN..
     2aa:	00 10 a5 d4 e8 00 00 e8 76 48 17 00 00 e4 0b 54     ........vH.....T
     2ba:	02 00 00 ca 9a 3b 00 00 00 e1 f5 05 00 00 80 96     .....;..........
     2ca:	98 00 00 00 40 42 0f 00 00 00 a0 86 01 00 00 00     ....@B..........
     2da:	10 27 00 00 00 00 e8 03 00 00 00 00 64 00 00 00     .'..........d...
     2ea:	00 00 0a 00 00 00 00 00 01 00 00 00 00 00 2c 76     ..............,v
     2fa:	d8 88 dc 67 4f 08 23 df c1 df ae 59 e1 b1 b7 96     ...gO.#....Y....
     30a:	e5 e3 e4 53 c6 3a e6 51 99 76 96 e8 e6 c2 84 26     ...S.:.Q.v.....&
     31a:	eb 89 8c 9b 62 ed 40 7c 6f fc ef bc 9c 9f 40 f2     ....b.@|o.....@.
     32a:	ba a5 6f a5 f4 90 05 5a 2a f7 5c 93 6b 6c f9 67     ..o....Z*.\.kl.g
     33a:	6d c1 1b fc e0 e4 0d 47 fe f5 20 e6 b5 00 d0 ed     m......G.. .....
     34a:	90 2e 03 00 94 35 77 05 00 80 84 1e 08 00 00 20     .....5w........ 
     35a:	4e 0a 00 00 00 c8 0c 33 33 33 33 0f 98 6e 12 83     N......3333..n..
     36a:	11 41 ef 8d 21 14 89 3b e6 55 16 cf fe e6 db 18     .A..!..;.U......
     37a:	d1 84 4b 38 1b f7 7c 1d 90 1d a4 bb e4 24 20 32     ..K8..|......$ 2
     38a:	84 72 5e 22 81 00 c9 f1 24 ec a1 e5 3d 27           .r^"....$...='

00000398 <__ctors_end>:
     398:	11 24       	eor	r1, r1
     39a:	1f be       	out	0x3f, r1	; 63
     39c:	cf ef       	ldi	r28, 0xFF	; 255
     39e:	cd bf       	out	0x3d, r28	; 61
     3a0:	df e9       	ldi	r29, 0x9F	; 159
     3a2:	de bf       	out	0x3e, r29	; 62
     3a4:	00 e0       	ldi	r16, 0x00	; 0
     3a6:	0c bf       	out	0x3c, r16	; 60

000003a8 <__do_copy_data>:
     3a8:	12 e2       	ldi	r17, 0x22	; 34
     3aa:	a0 e0       	ldi	r26, 0x00	; 0
     3ac:	b0 e2       	ldi	r27, 0x20	; 32
     3ae:	e8 e8       	ldi	r30, 0x88	; 136
     3b0:	f4 e6       	ldi	r31, 0x64	; 100
     3b2:	00 e0       	ldi	r16, 0x00	; 0
     3b4:	0b bf       	out	0x3b, r16	; 59
     3b6:	02 c0       	rjmp	.+4      	; 0x3bc <__do_copy_data+0x14>
     3b8:	07 90       	elpm	r0, Z+
     3ba:	0d 92       	st	X+, r0
     3bc:	a4 37       	cpi	r26, 0x74	; 116
     3be:	b1 07       	cpc	r27, r17
     3c0:	d9 f7       	brne	.-10     	; 0x3b8 <__do_copy_data+0x10>

000003c2 <__do_clear_bss>:
     3c2:	23 e2       	ldi	r18, 0x23	; 35
     3c4:	a4 e7       	ldi	r26, 0x74	; 116
     3c6:	b2 e2       	ldi	r27, 0x22	; 34
     3c8:	01 c0       	rjmp	.+2      	; 0x3cc <.do_clear_bss_start>

000003ca <.do_clear_bss_loop>:
     3ca:	1d 92       	st	X+, r1

000003cc <.do_clear_bss_start>:
     3cc:	a8 34       	cpi	r26, 0x48	; 72
     3ce:	b2 07       	cpc	r27, r18
     3d0:	e1 f7       	brne	.-8      	; 0x3ca <.do_clear_bss_loop>
     3d2:	0e 94 c7 23 	call	0x478e	; 0x478e <main>
     3d6:	0c 94 42 32 	jmp	0x6484	; 0x6484 <_exit>

000003da <__bad_interrupt>:
     3da:	0c 94 00 00 	jmp	0	; 0x0 <__vectors>

000003de <DriverAdcInit>:
**/
#include "DriverAdc.h"
#include <avr/io.h>
#include <avr/interrupt.h>

void DriverAdcInit(void) {
     3de:	cf 93       	push	r28
     3e0:	df 93       	push	r29
     3e2:	cd b7       	in	r28, 0x3d	; 61
     3e4:	de b7       	in	r29, 0x3e	; 62
	// ADCA.CTRLA=
	// ADCA.CTRLB=
	// ADCA.REFCTRL=
	// ADCA.PRESCALER=
	// ADCA.CH0.INTCTRL=	
}
     3e6:	00 00       	nop
     3e8:	df 91       	pop	r29
     3ea:	cf 91       	pop	r28
     3ec:	08 95       	ret

000003ee <DriverCursorstickInit>:
    * @see https://eliasdh.com
    * @since 10/03/2026
**/
#include "DriverCursorstick.h"

void DriverCursorstickInit(void) {
     3ee:	cf 93       	push	r28
     3f0:	df 93       	push	r29
     3f2:	cd b7       	in	r28, 0x3d	; 61
     3f4:	de b7       	in	r29, 0x3e	; 62
	// Configure PB3-PB7 as inputs
	PORTB.DIRCLR = 0xF8;  // Clear bits 3-7 (0xF8 = 0b11111000) -> input
     3f6:	80 e2       	ldi	r24, 0x20	; 32
     3f8:	96 e0       	ldi	r25, 0x06	; 6
     3fa:	28 ef       	ldi	r18, 0xF8	; 248
     3fc:	fc 01       	movw	r30, r24
     3fe:	22 83       	std	Z+2, r18	; 0x02

	// Enable pull-up and invert on PB3-PB7
	// Invert: pressed switch = '1' in PORTB.IN
	// Pull-up: ensures stable signal when switch is not pressed
	PORTB.PIN3CTRL = PORT_INVEN_bm | PORT_OPC_PULLUP_gc;  // SWU (Up)
     400:	80 e2       	ldi	r24, 0x20	; 32
     402:	96 e0       	ldi	r25, 0x06	; 6
     404:	28 e5       	ldi	r18, 0x58	; 88
     406:	fc 01       	movw	r30, r24
     408:	23 8b       	std	Z+19, r18	; 0x13
	PORTB.PIN4CTRL = PORT_INVEN_bm | PORT_OPC_PULLUP_gc;  // SWL (Left)
     40a:	80 e2       	ldi	r24, 0x20	; 32
     40c:	96 e0       	ldi	r25, 0x06	; 6
     40e:	28 e5       	ldi	r18, 0x58	; 88
     410:	fc 01       	movw	r30, r24
     412:	24 8b       	std	Z+20, r18	; 0x14
	PORTB.PIN5CTRL = PORT_INVEN_bm | PORT_OPC_PULLUP_gc;  // SWD (Down)
     414:	80 e2       	ldi	r24, 0x20	; 32
     416:	96 e0       	ldi	r25, 0x06	; 6
     418:	28 e5       	ldi	r18, 0x58	; 88
     41a:	fc 01       	movw	r30, r24
     41c:	25 8b       	std	Z+21, r18	; 0x15
	PORTB.PIN6CTRL = PORT_INVEN_bm | PORT_OPC_PULLUP_gc;  // SWR (Right)
     41e:	80 e2       	ldi	r24, 0x20	; 32
     420:	96 e0       	ldi	r25, 0x06	; 6
     422:	28 e5       	ldi	r18, 0x58	; 88
     424:	fc 01       	movw	r30, r24
     426:	26 8b       	std	Z+22, r18	; 0x16
	PORTB.PIN7CTRL = PORT_INVEN_bm | PORT_OPC_PULLUP_gc;  // SWC (Center)
     428:	80 e2       	ldi	r24, 0x20	; 32
     42a:	96 e0       	ldi	r25, 0x06	; 6
     42c:	28 e5       	ldi	r18, 0x58	; 88
     42e:	fc 01       	movw	r30, r24
     430:	27 8b       	std	Z+23, r18	; 0x17
}
     432:	00 00       	nop
     434:	df 91       	pop	r29
     436:	cf 91       	pop	r28
     438:	08 95       	ret

0000043a <DriverCursorstickGet>:

uint8_t DriverCursorstickGet(void) {
     43a:	cf 93       	push	r28
     43c:	df 93       	push	r29
     43e:	1f 92       	push	r1
     440:	1f 92       	push	r1
     442:	cd b7       	in	r28, 0x3d	; 61
     444:	de b7       	in	r29, 0x3e	; 62
	// B4: SWU (PB3)
	// B3: SWL (PB4)
	// B2: SWD (PB5)
	// B1: SWR (PB6)
	// B0: SWC (PB7)
	uint8_t portb = PORTB.IN;
     446:	80 e2       	ldi	r24, 0x20	; 32
     448:	96 e0       	ldi	r25, 0x06	; 6
     44a:	fc 01       	movw	r30, r24
     44c:	80 85       	ldd	r24, Z+8	; 0x08
     44e:	8a 83       	std	Y+2, r24	; 0x02
	uint8_t result = 0;
     450:	19 82       	std	Y+1, r1	; 0x01

	if (portb & (1 << 3)) result |= (1 << 4);  // PB3 (SWU) -> bit 4
     452:	8a 81       	ldd	r24, Y+2	; 0x02
     454:	88 2f       	mov	r24, r24
     456:	90 e0       	ldi	r25, 0x00	; 0
     458:	88 70       	andi	r24, 0x08	; 8
     45a:	99 27       	eor	r25, r25
     45c:	89 2b       	or	r24, r25
     45e:	19 f0       	breq	.+6      	; 0x466 <DriverCursorstickGet+0x2c>
     460:	89 81       	ldd	r24, Y+1	; 0x01
     462:	80 61       	ori	r24, 0x10	; 16
     464:	89 83       	std	Y+1, r24	; 0x01
	if (portb & (1 << 4)) result |= (1 << 3);  // PB4 (SWL) -> bit 3
     466:	8a 81       	ldd	r24, Y+2	; 0x02
     468:	88 2f       	mov	r24, r24
     46a:	90 e0       	ldi	r25, 0x00	; 0
     46c:	80 71       	andi	r24, 0x10	; 16
     46e:	99 27       	eor	r25, r25
     470:	89 2b       	or	r24, r25
     472:	19 f0       	breq	.+6      	; 0x47a <DriverCursorstickGet+0x40>
     474:	89 81       	ldd	r24, Y+1	; 0x01
     476:	88 60       	ori	r24, 0x08	; 8
     478:	89 83       	std	Y+1, r24	; 0x01
	if (portb & (1 << 5)) result |= (1 << 2);  // PB5 (SWD) -> bit 2
     47a:	8a 81       	ldd	r24, Y+2	; 0x02
     47c:	88 2f       	mov	r24, r24
     47e:	90 e0       	ldi	r25, 0x00	; 0
     480:	80 72       	andi	r24, 0x20	; 32
     482:	99 27       	eor	r25, r25
     484:	89 2b       	or	r24, r25
     486:	19 f0       	breq	.+6      	; 0x48e <DriverCursorstickGet+0x54>
     488:	89 81       	ldd	r24, Y+1	; 0x01
     48a:	84 60       	ori	r24, 0x04	; 4
     48c:	89 83       	std	Y+1, r24	; 0x01
	if (portb & (1 << 6)) result |= (1 << 1);  // PB6 (SWR) -> bit 1
     48e:	8a 81       	ldd	r24, Y+2	; 0x02
     490:	88 2f       	mov	r24, r24
     492:	90 e0       	ldi	r25, 0x00	; 0
     494:	80 74       	andi	r24, 0x40	; 64
     496:	99 27       	eor	r25, r25
     498:	89 2b       	or	r24, r25
     49a:	19 f0       	breq	.+6      	; 0x4a2 <DriverCursorstickGet+0x68>
     49c:	89 81       	ldd	r24, Y+1	; 0x01
     49e:	82 60       	ori	r24, 0x02	; 2
     4a0:	89 83       	std	Y+1, r24	; 0x01
	if (portb & (1 << 7)) result |= (1 << 0);  // PB7 (SWC) -> bit 0
     4a2:	8a 81       	ldd	r24, Y+2	; 0x02
     4a4:	88 23       	and	r24, r24
     4a6:	1c f4       	brge	.+6      	; 0x4ae <DriverCursorstickGet+0x74>
     4a8:	89 81       	ldd	r24, Y+1	; 0x01
     4aa:	81 60       	ori	r24, 0x01	; 1
     4ac:	89 83       	std	Y+1, r24	; 0x01

	return result;
     4ae:	89 81       	ldd	r24, Y+1	; 0x01
     4b0:	0f 90       	pop	r0
     4b2:	0f 90       	pop	r0
     4b4:	df 91       	pop	r29
     4b6:	cf 91       	pop	r28
     4b8:	08 95       	ret

000004ba <DbgPrint>:
    * @see https://eliasdh.com
    * @since 10/03/2026
**/
#include "DriverDbgUSART.h"

void DbgPrint(char *Text) {
     4ba:	cf 93       	push	r28
     4bc:	df 93       	push	r29
     4be:	1f 92       	push	r1
     4c0:	1f 92       	push	r1
     4c2:	cd b7       	in	r28, 0x3d	; 61
     4c4:	de b7       	in	r29, 0x3e	; 62
     4c6:	89 83       	std	Y+1, r24	; 0x01
     4c8:	9a 83       	std	Y+2, r25	; 0x02
	DbgPrintn(Text,0);	
     4ca:	89 81       	ldd	r24, Y+1	; 0x01
     4cc:	9a 81       	ldd	r25, Y+2	; 0x02
     4ce:	60 e0       	ldi	r22, 0x00	; 0
     4d0:	70 e0       	ldi	r23, 0x00	; 0
     4d2:	0e 94 71 02 	call	0x4e2	; 0x4e2 <DbgPrintn>
}
     4d6:	00 00       	nop
     4d8:	0f 90       	pop	r0
     4da:	0f 90       	pop	r0
     4dc:	df 91       	pop	r29
     4de:	cf 91       	pop	r28
     4e0:	08 95       	ret

000004e2 <DbgPrintn>:

void DbgPrintn(char *Text,int n) {
     4e2:	cf 93       	push	r28
     4e4:	df 93       	push	r29
     4e6:	00 d0       	rcall	.+0      	; 0x4e8 <DbgPrintn+0x6>
     4e8:	1f 92       	push	r1
     4ea:	cd b7       	in	r28, 0x3d	; 61
     4ec:	de b7       	in	r29, 0x3e	; 62
     4ee:	89 83       	std	Y+1, r24	; 0x01
     4f0:	9a 83       	std	Y+2, r25	; 0x02
     4f2:	6b 83       	std	Y+3, r22	; 0x03
     4f4:	7c 83       	std	Y+4, r23	; 0x04
	static int i;
	i=0;
     4f6:	10 92 74 22 	sts	0x2274, r1	; 0x802274 <__data_end>
     4fa:	10 92 75 22 	sts	0x2275, r1	; 0x802275 <__data_end+0x1>
	while (*Text!=0 && (i<n || n==0)) {
     4fe:	26 c0       	rjmp	.+76     	; 0x54c <DbgPrintn+0x6a>
		USART.DATA = *Text;
     500:	80 ea       	ldi	r24, 0xA0	; 160
     502:	9a e0       	ldi	r25, 0x0A	; 10
     504:	29 81       	ldd	r18, Y+1	; 0x01
     506:	3a 81       	ldd	r19, Y+2	; 0x02
     508:	f9 01       	movw	r30, r18
     50a:	20 81       	ld	r18, Z
     50c:	fc 01       	movw	r30, r24
     50e:	20 83       	st	Z, r18
		while (!(USART.STATUS & 0b01000000));
     510:	00 00       	nop
     512:	80 ea       	ldi	r24, 0xA0	; 160
     514:	9a e0       	ldi	r25, 0x0A	; 10
     516:	fc 01       	movw	r30, r24
     518:	81 81       	ldd	r24, Z+1	; 0x01
     51a:	88 2f       	mov	r24, r24
     51c:	90 e0       	ldi	r25, 0x00	; 0
     51e:	80 74       	andi	r24, 0x40	; 64
     520:	99 27       	eor	r25, r25
     522:	89 2b       	or	r24, r25
     524:	b1 f3       	breq	.-20     	; 0x512 <DbgPrintn+0x30>
		USART.STATUS=0b01000000;
     526:	80 ea       	ldi	r24, 0xA0	; 160
     528:	9a e0       	ldi	r25, 0x0A	; 10
     52a:	20 e4       	ldi	r18, 0x40	; 64
     52c:	fc 01       	movw	r30, r24
     52e:	21 83       	std	Z+1, r18	; 0x01
		Text++;
     530:	89 81       	ldd	r24, Y+1	; 0x01
     532:	9a 81       	ldd	r25, Y+2	; 0x02
     534:	01 96       	adiw	r24, 0x01	; 1
     536:	89 83       	std	Y+1, r24	; 0x01
     538:	9a 83       	std	Y+2, r25	; 0x02
		i++;
     53a:	80 91 74 22 	lds	r24, 0x2274	; 0x802274 <__data_end>
     53e:	90 91 75 22 	lds	r25, 0x2275	; 0x802275 <__data_end+0x1>
     542:	01 96       	adiw	r24, 0x01	; 1
     544:	80 93 74 22 	sts	0x2274, r24	; 0x802274 <__data_end>
     548:	90 93 75 22 	sts	0x2275, r25	; 0x802275 <__data_end+0x1>
}

void DbgPrintn(char *Text,int n) {
	static int i;
	i=0;
	while (*Text!=0 && (i<n || n==0)) {
     54c:	89 81       	ldd	r24, Y+1	; 0x01
     54e:	9a 81       	ldd	r25, Y+2	; 0x02
     550:	fc 01       	movw	r30, r24
     552:	80 81       	ld	r24, Z
     554:	88 23       	and	r24, r24
     556:	69 f0       	breq	.+26     	; 0x572 <DbgPrintn+0x90>
     558:	20 91 74 22 	lds	r18, 0x2274	; 0x802274 <__data_end>
     55c:	30 91 75 22 	lds	r19, 0x2275	; 0x802275 <__data_end+0x1>
     560:	8b 81       	ldd	r24, Y+3	; 0x03
     562:	9c 81       	ldd	r25, Y+4	; 0x04
     564:	28 17       	cp	r18, r24
     566:	39 07       	cpc	r19, r25
     568:	5c f2       	brlt	.-106    	; 0x500 <DbgPrintn+0x1e>
     56a:	8b 81       	ldd	r24, Y+3	; 0x03
     56c:	9c 81       	ldd	r25, Y+4	; 0x04
     56e:	89 2b       	or	r24, r25
     570:	39 f2       	breq	.-114    	; 0x500 <DbgPrintn+0x1e>
		while (!(USART.STATUS & 0b01000000));
		USART.STATUS=0b01000000;
		Text++;
		i++;
	}
}
     572:	00 00       	nop
     574:	24 96       	adiw	r28, 0x04	; 4
     576:	cd bf       	out	0x3d, r28	; 61
     578:	de bf       	out	0x3e, r29	; 62
     57a:	df 91       	pop	r29
     57c:	cf 91       	pop	r28
     57e:	08 95       	ret

00000580 <DbgPrintInt>:

void DbgPrintInt(uint16_t Data) {
     580:	cf 93       	push	r28
     582:	df 93       	push	r29
     584:	1f 92       	push	r1
     586:	1f 92       	push	r1
     588:	cd b7       	in	r28, 0x3d	; 61
     58a:	de b7       	in	r29, 0x3e	; 62
     58c:	89 83       	std	Y+1, r24	; 0x01
     58e:	9a 83       	std	Y+2, r25	; 0x02
	static int i;
	static uint8_t pf;

	i=10000;
     590:	80 e1       	ldi	r24, 0x10	; 16
     592:	97 e2       	ldi	r25, 0x27	; 39
     594:	80 93 76 22 	sts	0x2276, r24	; 0x802276 <i.3634>
     598:	90 93 77 22 	sts	0x2277, r25	; 0x802277 <i.3634+0x1>
	pf=0;
     59c:	10 92 78 22 	sts	0x2278, r1	; 0x802278 <pf.3635>
	while (i>0) {
     5a0:	73 c0       	rjmp	.+230    	; 0x688 <DbgPrintInt+0x108>
		if (((Data/i)%10)!=0 || pf) {
     5a2:	80 91 76 22 	lds	r24, 0x2276	; 0x802276 <i.3634>
     5a6:	90 91 77 22 	lds	r25, 0x2277	; 0x802277 <i.3634+0x1>
     5aa:	9c 01       	movw	r18, r24
     5ac:	89 81       	ldd	r24, Y+1	; 0x01
     5ae:	9a 81       	ldd	r25, Y+2	; 0x02
     5b0:	b9 01       	movw	r22, r18
     5b2:	0e 94 66 2e 	call	0x5ccc	; 0x5ccc <__udivmodhi4>
     5b6:	cb 01       	movw	r24, r22
     5b8:	ac 01       	movw	r20, r24
     5ba:	9a 01       	movw	r18, r20
     5bc:	ad ec       	ldi	r26, 0xCD	; 205
     5be:	bc ec       	ldi	r27, 0xCC	; 204
     5c0:	0e 94 b0 2e 	call	0x5d60	; 0x5d60 <__umulhisi3>
     5c4:	96 95       	lsr	r25
     5c6:	87 95       	ror	r24
     5c8:	96 95       	lsr	r25
     5ca:	87 95       	ror	r24
     5cc:	96 95       	lsr	r25
     5ce:	87 95       	ror	r24
     5d0:	88 0f       	add	r24, r24
     5d2:	99 1f       	adc	r25, r25
     5d4:	9c 01       	movw	r18, r24
     5d6:	22 0f       	add	r18, r18
     5d8:	33 1f       	adc	r19, r19
     5da:	22 0f       	add	r18, r18
     5dc:	33 1f       	adc	r19, r19
     5de:	82 0f       	add	r24, r18
     5e0:	93 1f       	adc	r25, r19
     5e2:	9a 01       	movw	r18, r20
     5e4:	28 1b       	sub	r18, r24
     5e6:	39 0b       	sbc	r19, r25
     5e8:	c9 01       	movw	r24, r18
     5ea:	89 2b       	or	r24, r25
     5ec:	21 f4       	brne	.+8      	; 0x5f6 <DbgPrintInt+0x76>
     5ee:	80 91 78 22 	lds	r24, 0x2278	; 0x802278 <pf.3635>
     5f2:	88 23       	and	r24, r24
     5f4:	d9 f1       	breq	.+118    	; 0x66c <DbgPrintInt+0xec>
			USART.DATA = '0'+ ((Data/i)%10);
     5f6:	e0 ea       	ldi	r30, 0xA0	; 160
     5f8:	fa e0       	ldi	r31, 0x0A	; 10
     5fa:	80 91 76 22 	lds	r24, 0x2276	; 0x802276 <i.3634>
     5fe:	90 91 77 22 	lds	r25, 0x2277	; 0x802277 <i.3634+0x1>
     602:	9c 01       	movw	r18, r24
     604:	89 81       	ldd	r24, Y+1	; 0x01
     606:	9a 81       	ldd	r25, Y+2	; 0x02
     608:	b9 01       	movw	r22, r18
     60a:	0e 94 66 2e 	call	0x5ccc	; 0x5ccc <__udivmodhi4>
     60e:	cb 01       	movw	r24, r22
     610:	ac 01       	movw	r20, r24
     612:	9a 01       	movw	r18, r20
     614:	ad ec       	ldi	r26, 0xCD	; 205
     616:	bc ec       	ldi	r27, 0xCC	; 204
     618:	0e 94 b0 2e 	call	0x5d60	; 0x5d60 <__umulhisi3>
     61c:	96 95       	lsr	r25
     61e:	87 95       	ror	r24
     620:	96 95       	lsr	r25
     622:	87 95       	ror	r24
     624:	96 95       	lsr	r25
     626:	87 95       	ror	r24
     628:	88 0f       	add	r24, r24
     62a:	99 1f       	adc	r25, r25
     62c:	9c 01       	movw	r18, r24
     62e:	22 0f       	add	r18, r18
     630:	33 1f       	adc	r19, r19
     632:	22 0f       	add	r18, r18
     634:	33 1f       	adc	r19, r19
     636:	82 0f       	add	r24, r18
     638:	93 1f       	adc	r25, r19
     63a:	9a 01       	movw	r18, r20
     63c:	28 1b       	sub	r18, r24
     63e:	39 0b       	sbc	r19, r25
     640:	c9 01       	movw	r24, r18
     642:	80 5d       	subi	r24, 0xD0	; 208
     644:	80 83       	st	Z, r24
			while (!(USART.STATUS & 0b01000000));
     646:	00 00       	nop
     648:	80 ea       	ldi	r24, 0xA0	; 160
     64a:	9a e0       	ldi	r25, 0x0A	; 10
     64c:	fc 01       	movw	r30, r24
     64e:	81 81       	ldd	r24, Z+1	; 0x01
     650:	88 2f       	mov	r24, r24
     652:	90 e0       	ldi	r25, 0x00	; 0
     654:	80 74       	andi	r24, 0x40	; 64
     656:	99 27       	eor	r25, r25
     658:	89 2b       	or	r24, r25
     65a:	b1 f3       	breq	.-20     	; 0x648 <DbgPrintInt+0xc8>
			USART.STATUS=0b01000000;
     65c:	80 ea       	ldi	r24, 0xA0	; 160
     65e:	9a e0       	ldi	r25, 0x0A	; 10
     660:	20 e4       	ldi	r18, 0x40	; 64
     662:	fc 01       	movw	r30, r24
     664:	21 83       	std	Z+1, r18	; 0x01
			pf=1;		
     666:	81 e0       	ldi	r24, 0x01	; 1
     668:	80 93 78 22 	sts	0x2278, r24	; 0x802278 <pf.3635>
		}
		i/=10;
     66c:	80 91 76 22 	lds	r24, 0x2276	; 0x802276 <i.3634>
     670:	90 91 77 22 	lds	r25, 0x2277	; 0x802277 <i.3634+0x1>
     674:	2a e0       	ldi	r18, 0x0A	; 10
     676:	30 e0       	ldi	r19, 0x00	; 0
     678:	b9 01       	movw	r22, r18
     67a:	0e 94 7a 2e 	call	0x5cf4	; 0x5cf4 <__divmodhi4>
     67e:	cb 01       	movw	r24, r22
     680:	80 93 76 22 	sts	0x2276, r24	; 0x802276 <i.3634>
     684:	90 93 77 22 	sts	0x2277, r25	; 0x802277 <i.3634+0x1>
	static int i;
	static uint8_t pf;

	i=10000;
	pf=0;
	while (i>0) {
     688:	80 91 76 22 	lds	r24, 0x2276	; 0x802276 <i.3634>
     68c:	90 91 77 22 	lds	r25, 0x2277	; 0x802277 <i.3634+0x1>
     690:	18 16       	cp	r1, r24
     692:	19 06       	cpc	r1, r25
     694:	0c f4       	brge	.+2      	; 0x698 <DbgPrintInt+0x118>
     696:	85 cf       	rjmp	.-246    	; 0x5a2 <DbgPrintInt+0x22>
			USART.STATUS=0b01000000;
			pf=1;		
		}
		i/=10;
	}
     698:	00 00       	nop
     69a:	0f 90       	pop	r0
     69c:	0f 90       	pop	r0
     69e:	df 91       	pop	r29
     6a0:	cf 91       	pop	r28
     6a2:	08 95       	ret

000006a4 <DriverLedInit>:
    * @see https://eliasdh.com
    * @since 10/03/2026
**/
#include "DriverLed.h"

void DriverLedInit(void) {
     6a4:	cf 93       	push	r28
     6a6:	df 93       	push	r29
     6a8:	cd b7       	in	r28, 0x3d	; 61
     6aa:	de b7       	in	r29, 0x3e	; 62
	// Configure PB0, PB1, PB2 as outputs
	PORTB.DIRSET = 0x07;  // Set bits 0-2 as output (0x07 = 0b00000111)
     6ac:	80 e2       	ldi	r24, 0x20	; 32
     6ae:	96 e0       	ldi	r25, 0x06	; 6
     6b0:	27 e0       	ldi	r18, 0x07	; 7
     6b2:	fc 01       	movw	r30, r24
     6b4:	21 83       	std	Z+1, r18	; 0x01

	// Configure PA7 as output
	PORTA.DIRSET = 0x80;  // Set bit 7 as output (0x80 = 0b10000000)
     6b6:	80 e0       	ldi	r24, 0x00	; 0
     6b8:	96 e0       	ldi	r25, 0x06	; 6
     6ba:	20 e8       	ldi	r18, 0x80	; 128
     6bc:	fc 01       	movw	r30, r24
     6be:	21 83       	std	Z+1, r18	; 0x01

	// Enable invert on PB0, PB1, PB2 (active-low LEDs, so invert to make '1' = LED on)
	PORTB.PIN0CTRL = PORT_INVEN_bm;
     6c0:	80 e2       	ldi	r24, 0x20	; 32
     6c2:	96 e0       	ldi	r25, 0x06	; 6
     6c4:	20 e4       	ldi	r18, 0x40	; 64
     6c6:	fc 01       	movw	r30, r24
     6c8:	20 8b       	std	Z+16, r18	; 0x10
	PORTB.PIN1CTRL = PORT_INVEN_bm;
     6ca:	80 e2       	ldi	r24, 0x20	; 32
     6cc:	96 e0       	ldi	r25, 0x06	; 6
     6ce:	20 e4       	ldi	r18, 0x40	; 64
     6d0:	fc 01       	movw	r30, r24
     6d2:	21 8b       	std	Z+17, r18	; 0x11
	PORTB.PIN2CTRL = PORT_INVEN_bm;
     6d4:	80 e2       	ldi	r24, 0x20	; 32
     6d6:	96 e0       	ldi	r25, 0x06	; 6
     6d8:	20 e4       	ldi	r18, 0x40	; 64
     6da:	fc 01       	movw	r30, r24
     6dc:	22 8b       	std	Z+18, r18	; 0x12

	// Enable invert on PA7
	PORTA.PIN7CTRL = PORT_INVEN_bm;
     6de:	80 e0       	ldi	r24, 0x00	; 0
     6e0:	96 e0       	ldi	r25, 0x06	; 6
     6e2:	20 e4       	ldi	r18, 0x40	; 64
     6e4:	fc 01       	movw	r30, r24
     6e6:	27 8b       	std	Z+23, r18	; 0x17
}
     6e8:	00 00       	nop
     6ea:	df 91       	pop	r29
     6ec:	cf 91       	pop	r28
     6ee:	08 95       	ret

000006f0 <DriverLedWrite>:

void DriverLedWrite(uint8_t LedData) {
     6f0:	cf 93       	push	r28
     6f2:	df 93       	push	r29
     6f4:	1f 92       	push	r1
     6f6:	cd b7       	in	r28, 0x3d	; 61
     6f8:	de b7       	in	r29, 0x3e	; 62
     6fa:	89 83       	std	Y+1, r24	; 0x01
	// Map LedData bits 0-2 to PB0-PB2, bit 3 to PA7
	// Preserve other pins on both ports

	// PB0-PB2: Clear bits 0-2, then set based on LedData
	PORTB.OUT = (PORTB.OUT & 0xF8) | (LedData & 0x07); // (0xF8 = 0b11111000 & 0x07 = 0b00000111)
     6fc:	80 e2       	ldi	r24, 0x20	; 32
     6fe:	96 e0       	ldi	r25, 0x06	; 6
     700:	20 e2       	ldi	r18, 0x20	; 32
     702:	36 e0       	ldi	r19, 0x06	; 6
     704:	f9 01       	movw	r30, r18
     706:	24 81       	ldd	r18, Z+4	; 0x04
     708:	32 2f       	mov	r19, r18
     70a:	38 7f       	andi	r19, 0xF8	; 248
     70c:	29 81       	ldd	r18, Y+1	; 0x01
     70e:	27 70       	andi	r18, 0x07	; 7
     710:	23 2b       	or	r18, r19
     712:	fc 01       	movw	r30, r24
     714:	24 83       	std	Z+4, r18	; 0x04

	// PA7: Clear bit 7, then set based on LedData bit 3
	PORTA.OUT = (PORTA.OUT & 0x7F) | ((LedData & 0x08) << 4); // (0x7F = 0b01111111 & 0x08 = 0b00001000)
     716:	80 e0       	ldi	r24, 0x00	; 0
     718:	96 e0       	ldi	r25, 0x06	; 6
     71a:	20 e0       	ldi	r18, 0x00	; 0
     71c:	36 e0       	ldi	r19, 0x06	; 6
     71e:	f9 01       	movw	r30, r18
     720:	24 81       	ldd	r18, Z+4	; 0x04
     722:	42 2f       	mov	r20, r18
     724:	4f 77       	andi	r20, 0x7F	; 127
     726:	29 81       	ldd	r18, Y+1	; 0x01
     728:	22 2f       	mov	r18, r18
     72a:	30 e0       	ldi	r19, 0x00	; 0
     72c:	28 70       	andi	r18, 0x08	; 8
     72e:	33 27       	eor	r19, r19
     730:	22 95       	swap	r18
     732:	32 95       	swap	r19
     734:	30 7f       	andi	r19, 0xF0	; 240
     736:	32 27       	eor	r19, r18
     738:	20 7f       	andi	r18, 0xF0	; 240
     73a:	32 27       	eor	r19, r18
     73c:	24 2b       	or	r18, r20
     73e:	fc 01       	movw	r30, r24
     740:	24 83       	std	Z+4, r18	; 0x04
}
     742:	00 00       	nop
     744:	0f 90       	pop	r0
     746:	df 91       	pop	r29
     748:	cf 91       	pop	r28
     74a:	08 95       	ret

0000074c <__vector_2>:
// Without volatile, the compiler may cache values and miss interrupt-driven updates.
static volatile int16_t encoderPosA = 0; // Encoder pulse counter for motor A.
static volatile int16_t encoderPosB = 0; // Encoder pulse counter for motor B.

// Interrupt for encoder A, phase A (PC6).
ISR(PORTC_INT0_vect) {
     74c:	1f 92       	push	r1
     74e:	0f 92       	push	r0
     750:	00 90 3f 00 	lds	r0, 0x003F	; 0x80003f <__TEXT_REGION_LENGTH__+0x70003f>
     754:	0f 92       	push	r0
     756:	11 24       	eor	r1, r1
     758:	00 90 3b 00 	lds	r0, 0x003B	; 0x80003b <__TEXT_REGION_LENGTH__+0x70003b>
     75c:	0f 92       	push	r0
     75e:	2f 93       	push	r18
     760:	3f 93       	push	r19
     762:	8f 93       	push	r24
     764:	9f 93       	push	r25
     766:	ef 93       	push	r30
     768:	ff 93       	push	r31
     76a:	cf 93       	push	r28
     76c:	df 93       	push	r29
     76e:	1f 92       	push	r1
     770:	cd b7       	in	r28, 0x3d	; 61
     772:	de b7       	in	r29, 0x3e	; 62
	uint8_t pins = PORTC.IN; 										// Read both encoder input levels once.
     774:	80 e4       	ldi	r24, 0x40	; 64
     776:	96 e0       	ldi	r25, 0x06	; 6
     778:	fc 01       	movw	r30, r24
     77a:	80 85       	ldd	r24, Z+8	; 0x08
     77c:	89 83       	std	Y+1, r24	; 0x01
	if (pins & PIN6_bm) encoderPosA += (pins & PIN7_bm) ? -1 : +1; 	// (If phase A is currently high) Direction depends on phase B.
     77e:	89 81       	ldd	r24, Y+1	; 0x01
     780:	88 2f       	mov	r24, r24
     782:	90 e0       	ldi	r25, 0x00	; 0
     784:	80 74       	andi	r24, 0x40	; 64
     786:	99 27       	eor	r25, r25
     788:	89 2b       	or	r24, r25
     78a:	99 f0       	breq	.+38     	; 0x7b2 <__vector_2+0x66>
     78c:	89 81       	ldd	r24, Y+1	; 0x01
     78e:	88 23       	and	r24, r24
     790:	1c f4       	brge	.+6      	; 0x798 <__vector_2+0x4c>
     792:	8f ef       	ldi	r24, 0xFF	; 255
     794:	9f ef       	ldi	r25, 0xFF	; 255
     796:	02 c0       	rjmp	.+4      	; 0x79c <__vector_2+0x50>
     798:	81 e0       	ldi	r24, 0x01	; 1
     79a:	90 e0       	ldi	r25, 0x00	; 0
     79c:	20 91 79 22 	lds	r18, 0x2279	; 0x802279 <encoderPosA>
     7a0:	30 91 7a 22 	lds	r19, 0x227A	; 0x80227a <encoderPosA+0x1>
     7a4:	82 0f       	add	r24, r18
     7a6:	93 1f       	adc	r25, r19
     7a8:	80 93 79 22 	sts	0x2279, r24	; 0x802279 <encoderPosA>
     7ac:	90 93 7a 22 	sts	0x227A, r25	; 0x80227a <encoderPosA+0x1>
     7b0:	12 c0       	rjmp	.+36     	; 0x7d6 <__vector_2+0x8a>
	else encoderPosA += (pins & PIN7_bm) ? +1 : -1; 				// (If phase A is currently low) Direction depends on phase B.
     7b2:	89 81       	ldd	r24, Y+1	; 0x01
     7b4:	88 23       	and	r24, r24
     7b6:	1c f4       	brge	.+6      	; 0x7be <__vector_2+0x72>
     7b8:	81 e0       	ldi	r24, 0x01	; 1
     7ba:	90 e0       	ldi	r25, 0x00	; 0
     7bc:	02 c0       	rjmp	.+4      	; 0x7c2 <__vector_2+0x76>
     7be:	8f ef       	ldi	r24, 0xFF	; 255
     7c0:	9f ef       	ldi	r25, 0xFF	; 255
     7c2:	20 91 79 22 	lds	r18, 0x2279	; 0x802279 <encoderPosA>
     7c6:	30 91 7a 22 	lds	r19, 0x227A	; 0x80227a <encoderPosA+0x1>
     7ca:	82 0f       	add	r24, r18
     7cc:	93 1f       	adc	r25, r19
     7ce:	80 93 79 22 	sts	0x2279, r24	; 0x802279 <encoderPosA>
     7d2:	90 93 7a 22 	sts	0x227A, r25	; 0x80227a <encoderPosA+0x1>
	PORTC.INTFLAGS = PORT_INT0IF_bm; 								// Clear INT0 interrupt flag on PORTC.
     7d6:	80 e4       	ldi	r24, 0x40	; 64
     7d8:	96 e0       	ldi	r25, 0x06	; 6
     7da:	21 e0       	ldi	r18, 0x01	; 1
     7dc:	fc 01       	movw	r30, r24
     7de:	24 87       	std	Z+12, r18	; 0x0c
}
     7e0:	00 00       	nop
     7e2:	0f 90       	pop	r0
     7e4:	df 91       	pop	r29
     7e6:	cf 91       	pop	r28
     7e8:	ff 91       	pop	r31
     7ea:	ef 91       	pop	r30
     7ec:	9f 91       	pop	r25
     7ee:	8f 91       	pop	r24
     7f0:	3f 91       	pop	r19
     7f2:	2f 91       	pop	r18
     7f4:	0f 90       	pop	r0
     7f6:	00 92 3b 00 	sts	0x003B, r0	; 0x80003b <__TEXT_REGION_LENGTH__+0x70003b>
     7fa:	0f 90       	pop	r0
     7fc:	00 92 3f 00 	sts	0x003F, r0	; 0x80003f <__TEXT_REGION_LENGTH__+0x70003f>
     800:	0f 90       	pop	r0
     802:	1f 90       	pop	r1
     804:	18 95       	reti

00000806 <__vector_3>:

// Interrupt for encoder A, phase B (PC7).
ISR(PORTC_INT1_vect) {
     806:	1f 92       	push	r1
     808:	0f 92       	push	r0
     80a:	00 90 3f 00 	lds	r0, 0x003F	; 0x80003f <__TEXT_REGION_LENGTH__+0x70003f>
     80e:	0f 92       	push	r0
     810:	11 24       	eor	r1, r1
     812:	00 90 3b 00 	lds	r0, 0x003B	; 0x80003b <__TEXT_REGION_LENGTH__+0x70003b>
     816:	0f 92       	push	r0
     818:	2f 93       	push	r18
     81a:	3f 93       	push	r19
     81c:	8f 93       	push	r24
     81e:	9f 93       	push	r25
     820:	ef 93       	push	r30
     822:	ff 93       	push	r31
     824:	cf 93       	push	r28
     826:	df 93       	push	r29
     828:	1f 92       	push	r1
     82a:	cd b7       	in	r28, 0x3d	; 61
     82c:	de b7       	in	r29, 0x3e	; 62
	uint8_t pins = PORTC.IN;										// Read both encoder input levels once.
     82e:	80 e4       	ldi	r24, 0x40	; 64
     830:	96 e0       	ldi	r25, 0x06	; 6
     832:	fc 01       	movw	r30, r24
     834:	80 85       	ldd	r24, Z+8	; 0x08
     836:	89 83       	std	Y+1, r24	; 0x01
	if (pins & PIN7_bm) encoderPosA += (pins & PIN6_bm) ? +1 : -1; 	// (If phase B is currently high) Direction depends on phase A.
     838:	89 81       	ldd	r24, Y+1	; 0x01
     83a:	88 23       	and	r24, r24
     83c:	bc f4       	brge	.+46     	; 0x86c <__vector_3+0x66>
     83e:	89 81       	ldd	r24, Y+1	; 0x01
     840:	88 2f       	mov	r24, r24
     842:	90 e0       	ldi	r25, 0x00	; 0
     844:	80 74       	andi	r24, 0x40	; 64
     846:	99 27       	eor	r25, r25
     848:	89 2b       	or	r24, r25
     84a:	19 f0       	breq	.+6      	; 0x852 <__vector_3+0x4c>
     84c:	81 e0       	ldi	r24, 0x01	; 1
     84e:	90 e0       	ldi	r25, 0x00	; 0
     850:	02 c0       	rjmp	.+4      	; 0x856 <__vector_3+0x50>
     852:	8f ef       	ldi	r24, 0xFF	; 255
     854:	9f ef       	ldi	r25, 0xFF	; 255
     856:	20 91 79 22 	lds	r18, 0x2279	; 0x802279 <encoderPosA>
     85a:	30 91 7a 22 	lds	r19, 0x227A	; 0x80227a <encoderPosA+0x1>
     85e:	82 0f       	add	r24, r18
     860:	93 1f       	adc	r25, r19
     862:	80 93 79 22 	sts	0x2279, r24	; 0x802279 <encoderPosA>
     866:	90 93 7a 22 	sts	0x227A, r25	; 0x80227a <encoderPosA+0x1>
     86a:	16 c0       	rjmp	.+44     	; 0x898 <__vector_3+0x92>
	else encoderPosA += (pins & PIN6_bm) ? -1 : +1;					// (If phase B is currently low) Direction depends on phase A.
     86c:	89 81       	ldd	r24, Y+1	; 0x01
     86e:	88 2f       	mov	r24, r24
     870:	90 e0       	ldi	r25, 0x00	; 0
     872:	80 74       	andi	r24, 0x40	; 64
     874:	99 27       	eor	r25, r25
     876:	89 2b       	or	r24, r25
     878:	19 f0       	breq	.+6      	; 0x880 <__vector_3+0x7a>
     87a:	8f ef       	ldi	r24, 0xFF	; 255
     87c:	9f ef       	ldi	r25, 0xFF	; 255
     87e:	02 c0       	rjmp	.+4      	; 0x884 <__vector_3+0x7e>
     880:	81 e0       	ldi	r24, 0x01	; 1
     882:	90 e0       	ldi	r25, 0x00	; 0
     884:	20 91 79 22 	lds	r18, 0x2279	; 0x802279 <encoderPosA>
     888:	30 91 7a 22 	lds	r19, 0x227A	; 0x80227a <encoderPosA+0x1>
     88c:	82 0f       	add	r24, r18
     88e:	93 1f       	adc	r25, r19
     890:	80 93 79 22 	sts	0x2279, r24	; 0x802279 <encoderPosA>
     894:	90 93 7a 22 	sts	0x227A, r25	; 0x80227a <encoderPosA+0x1>
	PORTC.INTFLAGS = PORT_INT1IF_bm;								// Clear INT1 interrupt flag on PORTC.
     898:	80 e4       	ldi	r24, 0x40	; 64
     89a:	96 e0       	ldi	r25, 0x06	; 6
     89c:	22 e0       	ldi	r18, 0x02	; 2
     89e:	fc 01       	movw	r30, r24
     8a0:	24 87       	std	Z+12, r18	; 0x0c
}
     8a2:	00 00       	nop
     8a4:	0f 90       	pop	r0
     8a6:	df 91       	pop	r29
     8a8:	cf 91       	pop	r28
     8aa:	ff 91       	pop	r31
     8ac:	ef 91       	pop	r30
     8ae:	9f 91       	pop	r25
     8b0:	8f 91       	pop	r24
     8b2:	3f 91       	pop	r19
     8b4:	2f 91       	pop	r18
     8b6:	0f 90       	pop	r0
     8b8:	00 92 3b 00 	sts	0x003B, r0	; 0x80003b <__TEXT_REGION_LENGTH__+0x70003b>
     8bc:	0f 90       	pop	r0
     8be:	00 92 3f 00 	sts	0x003F, r0	; 0x80003f <__TEXT_REGION_LENGTH__+0x70003f>
     8c2:	0f 90       	pop	r0
     8c4:	1f 90       	pop	r1
     8c6:	18 95       	reti

000008c8 <__vector_43>:

// Interrupt for encoder B, phase A (PE4).
ISR(PORTE_INT0_vect) {
     8c8:	1f 92       	push	r1
     8ca:	0f 92       	push	r0
     8cc:	00 90 3f 00 	lds	r0, 0x003F	; 0x80003f <__TEXT_REGION_LENGTH__+0x70003f>
     8d0:	0f 92       	push	r0
     8d2:	11 24       	eor	r1, r1
     8d4:	00 90 3b 00 	lds	r0, 0x003B	; 0x80003b <__TEXT_REGION_LENGTH__+0x70003b>
     8d8:	0f 92       	push	r0
     8da:	2f 93       	push	r18
     8dc:	3f 93       	push	r19
     8de:	8f 93       	push	r24
     8e0:	9f 93       	push	r25
     8e2:	ef 93       	push	r30
     8e4:	ff 93       	push	r31
     8e6:	cf 93       	push	r28
     8e8:	df 93       	push	r29
     8ea:	1f 92       	push	r1
     8ec:	cd b7       	in	r28, 0x3d	; 61
     8ee:	de b7       	in	r29, 0x3e	; 62
	uint8_t pins = PORTE.IN;										// Read both encoder input levels once.
     8f0:	80 e8       	ldi	r24, 0x80	; 128
     8f2:	96 e0       	ldi	r25, 0x06	; 6
     8f4:	fc 01       	movw	r30, r24
     8f6:	80 85       	ldd	r24, Z+8	; 0x08
     8f8:	89 83       	std	Y+1, r24	; 0x01
	if (pins & PIN4_bm) encoderPosB += (pins & PIN5_bm) ? -1 : +1; 	// (If phase A is currently high) Direction depends on phase B.
     8fa:	89 81       	ldd	r24, Y+1	; 0x01
     8fc:	88 2f       	mov	r24, r24
     8fe:	90 e0       	ldi	r25, 0x00	; 0
     900:	80 71       	andi	r24, 0x10	; 16
     902:	99 27       	eor	r25, r25
     904:	89 2b       	or	r24, r25
     906:	b9 f0       	breq	.+46     	; 0x936 <__vector_43+0x6e>
     908:	89 81       	ldd	r24, Y+1	; 0x01
     90a:	88 2f       	mov	r24, r24
     90c:	90 e0       	ldi	r25, 0x00	; 0
     90e:	80 72       	andi	r24, 0x20	; 32
     910:	99 27       	eor	r25, r25
     912:	89 2b       	or	r24, r25
     914:	19 f0       	breq	.+6      	; 0x91c <__vector_43+0x54>
     916:	8f ef       	ldi	r24, 0xFF	; 255
     918:	9f ef       	ldi	r25, 0xFF	; 255
     91a:	02 c0       	rjmp	.+4      	; 0x920 <__vector_43+0x58>
     91c:	81 e0       	ldi	r24, 0x01	; 1
     91e:	90 e0       	ldi	r25, 0x00	; 0
     920:	20 91 7b 22 	lds	r18, 0x227B	; 0x80227b <encoderPosB>
     924:	30 91 7c 22 	lds	r19, 0x227C	; 0x80227c <encoderPosB+0x1>
     928:	82 0f       	add	r24, r18
     92a:	93 1f       	adc	r25, r19
     92c:	80 93 7b 22 	sts	0x227B, r24	; 0x80227b <encoderPosB>
     930:	90 93 7c 22 	sts	0x227C, r25	; 0x80227c <encoderPosB+0x1>
     934:	16 c0       	rjmp	.+44     	; 0x962 <__vector_43+0x9a>
	else encoderPosB += (pins & PIN5_bm) ? +1 : -1;					// (If phase A is currently low) Direction depends on phase B.
     936:	89 81       	ldd	r24, Y+1	; 0x01
     938:	88 2f       	mov	r24, r24
     93a:	90 e0       	ldi	r25, 0x00	; 0
     93c:	80 72       	andi	r24, 0x20	; 32
     93e:	99 27       	eor	r25, r25
     940:	89 2b       	or	r24, r25
     942:	19 f0       	breq	.+6      	; 0x94a <__vector_43+0x82>
     944:	81 e0       	ldi	r24, 0x01	; 1
     946:	90 e0       	ldi	r25, 0x00	; 0
     948:	02 c0       	rjmp	.+4      	; 0x94e <__vector_43+0x86>
     94a:	8f ef       	ldi	r24, 0xFF	; 255
     94c:	9f ef       	ldi	r25, 0xFF	; 255
     94e:	20 91 7b 22 	lds	r18, 0x227B	; 0x80227b <encoderPosB>
     952:	30 91 7c 22 	lds	r19, 0x227C	; 0x80227c <encoderPosB+0x1>
     956:	82 0f       	add	r24, r18
     958:	93 1f       	adc	r25, r19
     95a:	80 93 7b 22 	sts	0x227B, r24	; 0x80227b <encoderPosB>
     95e:	90 93 7c 22 	sts	0x227C, r25	; 0x80227c <encoderPosB+0x1>
	PORTE.INTFLAGS = PORT_INT0IF_bm;								// Clear INT0 interrupt flag on PORTE.
     962:	80 e8       	ldi	r24, 0x80	; 128
     964:	96 e0       	ldi	r25, 0x06	; 6
     966:	21 e0       	ldi	r18, 0x01	; 1
     968:	fc 01       	movw	r30, r24
     96a:	24 87       	std	Z+12, r18	; 0x0c
}
     96c:	00 00       	nop
     96e:	0f 90       	pop	r0
     970:	df 91       	pop	r29
     972:	cf 91       	pop	r28
     974:	ff 91       	pop	r31
     976:	ef 91       	pop	r30
     978:	9f 91       	pop	r25
     97a:	8f 91       	pop	r24
     97c:	3f 91       	pop	r19
     97e:	2f 91       	pop	r18
     980:	0f 90       	pop	r0
     982:	00 92 3b 00 	sts	0x003B, r0	; 0x80003b <__TEXT_REGION_LENGTH__+0x70003b>
     986:	0f 90       	pop	r0
     988:	00 92 3f 00 	sts	0x003F, r0	; 0x80003f <__TEXT_REGION_LENGTH__+0x70003f>
     98c:	0f 90       	pop	r0
     98e:	1f 90       	pop	r1
     990:	18 95       	reti

00000992 <__vector_44>:

// Interrupt for encoder B, phase B (PE5).
ISR(PORTE_INT1_vect) {
     992:	1f 92       	push	r1
     994:	0f 92       	push	r0
     996:	00 90 3f 00 	lds	r0, 0x003F	; 0x80003f <__TEXT_REGION_LENGTH__+0x70003f>
     99a:	0f 92       	push	r0
     99c:	11 24       	eor	r1, r1
     99e:	00 90 3b 00 	lds	r0, 0x003B	; 0x80003b <__TEXT_REGION_LENGTH__+0x70003b>
     9a2:	0f 92       	push	r0
     9a4:	2f 93       	push	r18
     9a6:	3f 93       	push	r19
     9a8:	8f 93       	push	r24
     9aa:	9f 93       	push	r25
     9ac:	ef 93       	push	r30
     9ae:	ff 93       	push	r31
     9b0:	cf 93       	push	r28
     9b2:	df 93       	push	r29
     9b4:	1f 92       	push	r1
     9b6:	cd b7       	in	r28, 0x3d	; 61
     9b8:	de b7       	in	r29, 0x3e	; 62
	uint8_t pins = PORTE.IN;										// Read both encoder input levels once.
     9ba:	80 e8       	ldi	r24, 0x80	; 128
     9bc:	96 e0       	ldi	r25, 0x06	; 6
     9be:	fc 01       	movw	r30, r24
     9c0:	80 85       	ldd	r24, Z+8	; 0x08
     9c2:	89 83       	std	Y+1, r24	; 0x01
	if (pins & PIN5_bm) encoderPosB += (pins & PIN4_bm) ? +1 : -1; 	// (If phase B is currently high) Direction depends on phase A.
     9c4:	89 81       	ldd	r24, Y+1	; 0x01
     9c6:	88 2f       	mov	r24, r24
     9c8:	90 e0       	ldi	r25, 0x00	; 0
     9ca:	80 72       	andi	r24, 0x20	; 32
     9cc:	99 27       	eor	r25, r25
     9ce:	89 2b       	or	r24, r25
     9d0:	b9 f0       	breq	.+46     	; 0xa00 <__vector_44+0x6e>
     9d2:	89 81       	ldd	r24, Y+1	; 0x01
     9d4:	88 2f       	mov	r24, r24
     9d6:	90 e0       	ldi	r25, 0x00	; 0
     9d8:	80 71       	andi	r24, 0x10	; 16
     9da:	99 27       	eor	r25, r25
     9dc:	89 2b       	or	r24, r25
     9de:	19 f0       	breq	.+6      	; 0x9e6 <__vector_44+0x54>
     9e0:	81 e0       	ldi	r24, 0x01	; 1
     9e2:	90 e0       	ldi	r25, 0x00	; 0
     9e4:	02 c0       	rjmp	.+4      	; 0x9ea <__vector_44+0x58>
     9e6:	8f ef       	ldi	r24, 0xFF	; 255
     9e8:	9f ef       	ldi	r25, 0xFF	; 255
     9ea:	20 91 7b 22 	lds	r18, 0x227B	; 0x80227b <encoderPosB>
     9ee:	30 91 7c 22 	lds	r19, 0x227C	; 0x80227c <encoderPosB+0x1>
     9f2:	82 0f       	add	r24, r18
     9f4:	93 1f       	adc	r25, r19
     9f6:	80 93 7b 22 	sts	0x227B, r24	; 0x80227b <encoderPosB>
     9fa:	90 93 7c 22 	sts	0x227C, r25	; 0x80227c <encoderPosB+0x1>
     9fe:	16 c0       	rjmp	.+44     	; 0xa2c <__vector_44+0x9a>
	else encoderPosB += (pins & PIN4_bm) ? -1 : +1;					// (If phase B is currently low) Direction depends on phase A.
     a00:	89 81       	ldd	r24, Y+1	; 0x01
     a02:	88 2f       	mov	r24, r24
     a04:	90 e0       	ldi	r25, 0x00	; 0
     a06:	80 71       	andi	r24, 0x10	; 16
     a08:	99 27       	eor	r25, r25
     a0a:	89 2b       	or	r24, r25
     a0c:	19 f0       	breq	.+6      	; 0xa14 <__vector_44+0x82>
     a0e:	8f ef       	ldi	r24, 0xFF	; 255
     a10:	9f ef       	ldi	r25, 0xFF	; 255
     a12:	02 c0       	rjmp	.+4      	; 0xa18 <__vector_44+0x86>
     a14:	81 e0       	ldi	r24, 0x01	; 1
     a16:	90 e0       	ldi	r25, 0x00	; 0
     a18:	20 91 7b 22 	lds	r18, 0x227B	; 0x80227b <encoderPosB>
     a1c:	30 91 7c 22 	lds	r19, 0x227C	; 0x80227c <encoderPosB+0x1>
     a20:	82 0f       	add	r24, r18
     a22:	93 1f       	adc	r25, r19
     a24:	80 93 7b 22 	sts	0x227B, r24	; 0x80227b <encoderPosB>
     a28:	90 93 7c 22 	sts	0x227C, r25	; 0x80227c <encoderPosB+0x1>
	PORTE.INTFLAGS = PORT_INT1IF_bm;								// Clear INT1 interrupt flag on PORTE.
     a2c:	80 e8       	ldi	r24, 0x80	; 128
     a2e:	96 e0       	ldi	r25, 0x06	; 6
     a30:	22 e0       	ldi	r18, 0x02	; 2
     a32:	fc 01       	movw	r30, r24
     a34:	24 87       	std	Z+12, r18	; 0x0c
}
     a36:	00 00       	nop
     a38:	0f 90       	pop	r0
     a3a:	df 91       	pop	r29
     a3c:	cf 91       	pop	r28
     a3e:	ff 91       	pop	r31
     a40:	ef 91       	pop	r30
     a42:	9f 91       	pop	r25
     a44:	8f 91       	pop	r24
     a46:	3f 91       	pop	r19
     a48:	2f 91       	pop	r18
     a4a:	0f 90       	pop	r0
     a4c:	00 92 3b 00 	sts	0x003B, r0	; 0x80003b <__TEXT_REGION_LENGTH__+0x70003b>
     a50:	0f 90       	pop	r0
     a52:	00 92 3f 00 	sts	0x003F, r0	; 0x80003f <__TEXT_REGION_LENGTH__+0x70003f>
     a56:	0f 90       	pop	r0
     a58:	1f 90       	pop	r1
     a5a:	18 95       	reti

00000a5c <DriverPowerInit>:
    * @see https://eliasdh.com
    * @since 10/03/2026
**/
#include "DriverPower.h"

void DriverPowerInit(void) {
     a5c:	cf 93       	push	r28
     a5e:	df 93       	push	r29
     a60:	cd b7       	in	r28, 0x3d	; 61
     a62:	de b7       	in	r29, 0x3e	; 62
	PORTC.DIRSET=1<<5;
     a64:	80 e4       	ldi	r24, 0x40	; 64
     a66:	96 e0       	ldi	r25, 0x06	; 6
     a68:	20 e2       	ldi	r18, 0x20	; 32
     a6a:	fc 01       	movw	r30, r24
     a6c:	21 83       	std	Z+1, r18	; 0x01
}
     a6e:	00 00       	nop
     a70:	df 91       	pop	r29
     a72:	cf 91       	pop	r28
     a74:	08 95       	ret

00000a76 <DriverPowerVccAuxSet>:

void DriverPowerVccAuxSet(uint8_t State) {
     a76:	cf 93       	push	r28
     a78:	df 93       	push	r29
     a7a:	1f 92       	push	r1
     a7c:	cd b7       	in	r28, 0x3d	; 61
     a7e:	de b7       	in	r29, 0x3e	; 62
     a80:	89 83       	std	Y+1, r24	; 0x01
	if (State) PORTC.OUTSET=1<<5;
     a82:	89 81       	ldd	r24, Y+1	; 0x01
     a84:	88 23       	and	r24, r24
     a86:	31 f0       	breq	.+12     	; 0xa94 <DriverPowerVccAuxSet+0x1e>
     a88:	80 e4       	ldi	r24, 0x40	; 64
     a8a:	96 e0       	ldi	r25, 0x06	; 6
     a8c:	20 e2       	ldi	r18, 0x20	; 32
     a8e:	fc 01       	movw	r30, r24
     a90:	25 83       	std	Z+5, r18	; 0x05
	else PORTC.OUTCLR=1<<5;
     a92:	05 c0       	rjmp	.+10     	; 0xa9e <DriverPowerVccAuxSet+0x28>
	PORTC.DIRSET=1<<5;
}

void DriverPowerVccAuxSet(uint8_t State) {
	if (State) PORTC.OUTSET=1<<5;
	else PORTC.OUTCLR=1<<5;
     a94:	80 e4       	ldi	r24, 0x40	; 64
     a96:	96 e0       	ldi	r25, 0x06	; 6
     a98:	20 e2       	ldi	r18, 0x20	; 32
     a9a:	fc 01       	movw	r30, r24
     a9c:	26 83       	std	Z+6, r18	; 0x06
     a9e:	00 00       	nop
     aa0:	0f 90       	pop	r0
     aa2:	df 91       	pop	r29
     aa4:	cf 91       	pop	r28
     aa6:	08 95       	ret

00000aa8 <DriverSysClkXtalInit>:
    uint8_t Mult;
    if (F_XTAL<400E3) return -1;
    if (F_XTAL<=2E6) OSC.XOSCCTRL=0b00001011;
    else if(F_XTAL<=9E6) OSC.XOSCCTRL=0b01001011;
    else if(F_XTAL<=12E6) OSC.XOSCCTRL=0b10001011;
    else if(F_XTAL<=16E6) OSC.XOSCCTRL=0b11001011;
     aa8:	8b ec       	ldi	r24, 0xCB	; 203
     aaa:	80 93 52 00 	sts	0x0052, r24	; 0x800052 <__TEXT_REGION_LENGTH__+0x700052>
    else return -1;
    OSC.CTRL=0b01000;
     aae:	88 e0       	ldi	r24, 0x08	; 8
     ab0:	80 93 50 00 	sts	0x0050, r24	; 0x800050 <__TEXT_REGION_LENGTH__+0x700050>

    while (!(OSC.STATUS&0b1000)); 
     ab4:	80 91 51 00 	lds	r24, 0x0051	; 0x800051 <__TEXT_REGION_LENGTH__+0x700051>
     ab8:	83 ff       	sbrs	r24, 3
     aba:	fc cf       	rjmp	.-8      	; 0xab4 <DriverSysClkXtalInit+0xc>
	}	
	else if (F_CPU>F_XTAL) {
		Mult=F_CPU/F_XTAL;
		if (Mult>31) return -1;
		if (F_XTAL * (uint32_t) Mult !=F_CPU) return -1;
		OSC.PLLCTRL=0b11000000 | (Mult);
     abc:	82 ec       	ldi	r24, 0xC2	; 194
     abe:	80 93 55 00 	sts	0x0055, r24	; 0x800055 <__TEXT_REGION_LENGTH__+0x700055>
		OSC.CTRL=0b00011000;
     ac2:	88 e1       	ldi	r24, 0x18	; 24
     ac4:	80 93 50 00 	sts	0x0050, r24	; 0x800050 <__TEXT_REGION_LENGTH__+0x700050>

		while (!(OSC.STATUS & 0b00010000));
     ac8:	80 91 51 00 	lds	r24, 0x0051	; 0x800051 <__TEXT_REGION_LENGTH__+0x700051>
     acc:	84 ff       	sbrs	r24, 4
     ace:	fc cf       	rjmp	.-8      	; 0xac8 <DriverSysClkXtalInit+0x20>

		CCP=0xd8;
     ad0:	88 ed       	ldi	r24, 0xD8	; 216
     ad2:	84 bf       	out	0x34, r24	; 52
		CLK.CTRL=0b100;
     ad4:	84 e0       	ldi	r24, 0x04	; 4
     ad6:	80 93 40 00 	sts	0x0040, r24	; 0x800040 <__TEXT_REGION_LENGTH__+0x700040>
	}
	return 0;
}
     ada:	80 e0       	ldi	r24, 0x00	; 0
     adc:	08 95       	ret

00000ade <DriverTWIMInit>:
		}
	} 
	else {
		return false;
	}
}
     ade:	cf 93       	push	r28
     ae0:	df 93       	push	r29
     ae2:	cd b7       	in	r28, 0x3d	; 61
     ae4:	de b7       	in	r29, 0x3e	; 62
     ae6:	10 92 86 22 	sts	0x2286, r1	; 0x802286 <Twim_status>
     aea:	80 e8       	ldi	r24, 0x80	; 128
     aec:	96 e0       	ldi	r25, 0x06	; 6
     aee:	28 e1       	ldi	r18, 0x18	; 24
     af0:	fc 01       	movw	r30, r24
     af2:	20 8b       	std	Z+16, r18	; 0x10
     af4:	80 e8       	ldi	r24, 0x80	; 128
     af6:	96 e0       	ldi	r25, 0x06	; 6
     af8:	28 e1       	ldi	r18, 0x18	; 24
     afa:	fc 01       	movw	r30, r24
     afc:	21 8b       	std	Z+17, r18	; 0x11
     afe:	80 ea       	ldi	r24, 0xA0	; 160
     b00:	94 e0       	ldi	r25, 0x04	; 4
     b02:	28 e7       	ldi	r18, 0x78	; 120
     b04:	fc 01       	movw	r30, r24
     b06:	21 83       	std	Z+1, r18	; 0x01
     b08:	80 ea       	ldi	r24, 0xA0	; 160
     b0a:	94 e0       	ldi	r25, 0x04	; 4
     b0c:	23 e2       	ldi	r18, 0x23	; 35
     b0e:	fc 01       	movw	r30, r24
     b10:	25 83       	std	Z+5, r18	; 0x05
     b12:	80 ea       	ldi	r24, 0xA0	; 160
     b14:	94 e0       	ldi	r25, 0x04	; 4
     b16:	21 e0       	ldi	r18, 0x01	; 1
     b18:	fc 01       	movw	r30, r24
     b1a:	24 83       	std	Z+4, r18	; 0x04
     b1c:	00 00       	nop
     b1e:	df 91       	pop	r29
     b20:	cf 91       	pop	r28
     b22:	08 95       	ret

00000b24 <TWIMArbitrationLostBusErrorHandler>:

void TWIMArbitrationLostBusErrorHandler() {
     b24:	cf 93       	push	r28
     b26:	df 93       	push	r29
     b28:	1f 92       	push	r1
     b2a:	cd b7       	in	r28, 0x3d	; 61
     b2c:	de b7       	in	r29, 0x3e	; 62
	uint8_t currentStatus = TWIM_BUS.MASTER.STATUS;
     b2e:	80 ea       	ldi	r24, 0xA0	; 160
     b30:	94 e0       	ldi	r25, 0x04	; 4
     b32:	fc 01       	movw	r30, r24
     b34:	84 81       	ldd	r24, Z+4	; 0x04
     b36:	89 83       	std	Y+1, r24	; 0x01

	if (currentStatus & TWI_MASTER_BUSERR_bm) {
     b38:	89 81       	ldd	r24, Y+1	; 0x01
     b3a:	88 2f       	mov	r24, r24
     b3c:	90 e0       	ldi	r25, 0x00	; 0
     b3e:	84 70       	andi	r24, 0x04	; 4
     b40:	99 27       	eor	r25, r25
     b42:	89 2b       	or	r24, r25
     b44:	21 f0       	breq	.+8      	; 0xb4e <TWIMArbitrationLostBusErrorHandler+0x2a>
		Twim_result = TWIM_RESULT_BUS_ERROR;
     b46:	84 e0       	ldi	r24, 0x04	; 4
     b48:	80 93 87 22 	sts	0x2287, r24	; 0x802287 <Twim_result>
     b4c:	03 c0       	rjmp	.+6      	; 0xb54 <TWIMArbitrationLostBusErrorHandler+0x30>
	}

	else {
		Twim_result = TWIM_RESULT_ARBITRATION_LOST;
     b4e:	83 e0       	ldi	r24, 0x03	; 3
     b50:	80 93 87 22 	sts	0x2287, r24	; 0x802287 <Twim_result>
	}

	TWIM_BUS.MASTER.STATUS = currentStatus | TWI_MASTER_ARBLOST_bm;
     b54:	80 ea       	ldi	r24, 0xA0	; 160
     b56:	94 e0       	ldi	r25, 0x04	; 4
     b58:	29 81       	ldd	r18, Y+1	; 0x01
     b5a:	28 60       	ori	r18, 0x08	; 8
     b5c:	fc 01       	movw	r30, r24
     b5e:	24 83       	std	Z+4, r18	; 0x04

	Twim_status = TWIM_STATUS_READY;
     b60:	10 92 86 22 	sts	0x2286, r1	; 0x802286 <Twim_status>
}
     b64:	00 00       	nop
     b66:	0f 90       	pop	r0
     b68:	df 91       	pop	r29
     b6a:	cf 91       	pop	r28
     b6c:	08 95       	ret

00000b6e <TWIMWriteHandler>:

void TWIMWriteHandler() {
     b6e:	cf 93       	push	r28
     b70:	df 93       	push	r29
     b72:	00 d0       	rcall	.+0      	; 0xb74 <TWIMWriteHandler+0x6>
     b74:	1f 92       	push	r1
     b76:	cd b7       	in	r28, 0x3d	; 61
     b78:	de b7       	in	r29, 0x3e	; 62
	uint8_t bytesToWrite  = Twim_bytesToWrite;
     b7a:	80 91 82 22 	lds	r24, 0x2282	; 0x802282 <Twim_bytesToWrite>
     b7e:	89 83       	std	Y+1, r24	; 0x01
	uint8_t bytesToRead   = Twim_bytesToRead;
     b80:	80 91 83 22 	lds	r24, 0x2283	; 0x802283 <Twim_bytesToRead>
     b84:	8a 83       	std	Y+2, r24	; 0x02

	if (TWIM_BUS.MASTER.STATUS & TWI_MASTER_RXACK_bm) {
     b86:	80 ea       	ldi	r24, 0xA0	; 160
     b88:	94 e0       	ldi	r25, 0x04	; 4
     b8a:	fc 01       	movw	r30, r24
     b8c:	84 81       	ldd	r24, Z+4	; 0x04
     b8e:	88 2f       	mov	r24, r24
     b90:	90 e0       	ldi	r25, 0x00	; 0
     b92:	80 71       	andi	r24, 0x10	; 16
     b94:	99 27       	eor	r25, r25
     b96:	89 2b       	or	r24, r25
     b98:	59 f0       	breq	.+22     	; 0xbb0 <TWIMWriteHandler+0x42>
		TWIM_BUS.MASTER.CTRLC = TWI_MASTER_CMD_STOP_gc;
     b9a:	80 ea       	ldi	r24, 0xA0	; 160
     b9c:	94 e0       	ldi	r25, 0x04	; 4
     b9e:	23 e0       	ldi	r18, 0x03	; 3
     ba0:	fc 01       	movw	r30, r24
     ba2:	23 83       	std	Z+3, r18	; 0x03
		Twim_result = TWIM_RESULT_NACK_RECEIVED;
     ba4:	85 e0       	ldi	r24, 0x05	; 5
     ba6:	80 93 87 22 	sts	0x2287, r24	; 0x802287 <Twim_result>
		Twim_status = TWIM_STATUS_READY;
     baa:	10 92 86 22 	sts	0x2286, r1	; 0x802286 <Twim_status>

	else {
		TWIM_BUS.MASTER.CTRLC = TWI_MASTER_CMD_STOP_gc;
		TWIMTransactionFinished(TWIM_RESULT_OK);
	}
}
     bae:	34 c0       	rjmp	.+104    	; 0xc18 <TWIMWriteHandler+0xaa>
		TWIM_BUS.MASTER.CTRLC = TWI_MASTER_CMD_STOP_gc;
		Twim_result = TWIM_RESULT_NACK_RECEIVED;
		Twim_status = TWIM_STATUS_READY;
	}

	else if (Twim_bytesWritten < bytesToWrite) {
     bb0:	90 91 84 22 	lds	r25, 0x2284	; 0x802284 <Twim_bytesWritten>
     bb4:	89 81       	ldd	r24, Y+1	; 0x01
     bb6:	98 17       	cp	r25, r24
     bb8:	c0 f4       	brcc	.+48     	; 0xbea <TWIMWriteHandler+0x7c>
		uint8_t data = Twim_writeData[Twim_bytesWritten];
     bba:	20 91 7e 22 	lds	r18, 0x227E	; 0x80227e <Twim_writeData>
     bbe:	30 91 7f 22 	lds	r19, 0x227F	; 0x80227f <Twim_writeData+0x1>
     bc2:	80 91 84 22 	lds	r24, 0x2284	; 0x802284 <Twim_bytesWritten>
     bc6:	88 2f       	mov	r24, r24
     bc8:	90 e0       	ldi	r25, 0x00	; 0
     bca:	82 0f       	add	r24, r18
     bcc:	93 1f       	adc	r25, r19
     bce:	fc 01       	movw	r30, r24
     bd0:	80 81       	ld	r24, Z
     bd2:	8b 83       	std	Y+3, r24	; 0x03
		TWIM_BUS.MASTER.DATA = data;
     bd4:	80 ea       	ldi	r24, 0xA0	; 160
     bd6:	94 e0       	ldi	r25, 0x04	; 4
     bd8:	2b 81       	ldd	r18, Y+3	; 0x03
     bda:	fc 01       	movw	r30, r24
     bdc:	27 83       	std	Z+7, r18	; 0x07
		++Twim_bytesWritten;
     bde:	80 91 84 22 	lds	r24, 0x2284	; 0x802284 <Twim_bytesWritten>
     be2:	8f 5f       	subi	r24, 0xFF	; 255
     be4:	80 93 84 22 	sts	0x2284, r24	; 0x802284 <Twim_bytesWritten>

	else {
		TWIM_BUS.MASTER.CTRLC = TWI_MASTER_CMD_STOP_gc;
		TWIMTransactionFinished(TWIM_RESULT_OK);
	}
}
     be8:	17 c0       	rjmp	.+46     	; 0xc18 <TWIMWriteHandler+0xaa>
		uint8_t data = Twim_writeData[Twim_bytesWritten];
		TWIM_BUS.MASTER.DATA = data;
		++Twim_bytesWritten;
	}

	else if (Twim_bytesRead < bytesToRead) {
     bea:	90 91 85 22 	lds	r25, 0x2285	; 0x802285 <Twim_bytesRead>
     bee:	8a 81       	ldd	r24, Y+2	; 0x02
     bf0:	98 17       	cp	r25, r24
     bf2:	50 f4       	brcc	.+20     	; 0xc08 <TWIMWriteHandler+0x9a>
		uint8_t readAddress = Twim_address | 0x01;
     bf4:	80 91 7d 22 	lds	r24, 0x227D	; 0x80227d <Twim_address>
     bf8:	81 60       	ori	r24, 0x01	; 1
     bfa:	8c 83       	std	Y+4, r24	; 0x04
		TWIM_BUS.MASTER.ADDR = readAddress;
     bfc:	80 ea       	ldi	r24, 0xA0	; 160
     bfe:	94 e0       	ldi	r25, 0x04	; 4
     c00:	2c 81       	ldd	r18, Y+4	; 0x04
     c02:	fc 01       	movw	r30, r24
     c04:	26 83       	std	Z+6, r18	; 0x06

	else {
		TWIM_BUS.MASTER.CTRLC = TWI_MASTER_CMD_STOP_gc;
		TWIMTransactionFinished(TWIM_RESULT_OK);
	}
}
     c06:	08 c0       	rjmp	.+16     	; 0xc18 <TWIMWriteHandler+0xaa>
		uint8_t readAddress = Twim_address | 0x01;
		TWIM_BUS.MASTER.ADDR = readAddress;
	}

	else {
		TWIM_BUS.MASTER.CTRLC = TWI_MASTER_CMD_STOP_gc;
     c08:	80 ea       	ldi	r24, 0xA0	; 160
     c0a:	94 e0       	ldi	r25, 0x04	; 4
     c0c:	23 e0       	ldi	r18, 0x03	; 3
     c0e:	fc 01       	movw	r30, r24
     c10:	23 83       	std	Z+3, r18	; 0x03
		TWIMTransactionFinished(TWIM_RESULT_OK);
     c12:	81 e0       	ldi	r24, 0x01	; 1
     c14:	0e 94 59 06 	call	0xcb2	; 0xcb2 <TWIMTransactionFinished>
	}
}
     c18:	00 00       	nop
     c1a:	24 96       	adiw	r28, 0x04	; 4
     c1c:	cd bf       	out	0x3d, r28	; 61
     c1e:	de bf       	out	0x3e, r29	; 62
     c20:	df 91       	pop	r29
     c22:	cf 91       	pop	r28
     c24:	08 95       	ret

00000c26 <TWIMReadHandler>:

void TWIMReadHandler() {
     c26:	cf 93       	push	r28
     c28:	df 93       	push	r29
     c2a:	1f 92       	push	r1
     c2c:	1f 92       	push	r1
     c2e:	cd b7       	in	r28, 0x3d	; 61
     c30:	de b7       	in	r29, 0x3e	; 62
	if (Twim_bytesRead < TWIM_READ_BUFFER_SIZE) {
     c32:	80 91 85 22 	lds	r24, 0x2285	; 0x802285 <Twim_bytesRead>
     c36:	80 32       	cpi	r24, 0x20	; 32
     c38:	c0 f4       	brcc	.+48     	; 0xc6a <TWIMReadHandler+0x44>
		uint8_t data = TWIM_BUS.MASTER.DATA;
     c3a:	80 ea       	ldi	r24, 0xA0	; 160
     c3c:	94 e0       	ldi	r25, 0x04	; 4
     c3e:	fc 01       	movw	r30, r24
     c40:	87 81       	ldd	r24, Z+7	; 0x07
     c42:	89 83       	std	Y+1, r24	; 0x01
		Twim_readData[Twim_bytesRead] = data;
     c44:	20 91 80 22 	lds	r18, 0x2280	; 0x802280 <Twim_readData>
     c48:	30 91 81 22 	lds	r19, 0x2281	; 0x802281 <Twim_readData+0x1>
     c4c:	80 91 85 22 	lds	r24, 0x2285	; 0x802285 <Twim_bytesRead>
     c50:	88 2f       	mov	r24, r24
     c52:	90 e0       	ldi	r25, 0x00	; 0
     c54:	82 0f       	add	r24, r18
     c56:	93 1f       	adc	r25, r19
     c58:	29 81       	ldd	r18, Y+1	; 0x01
     c5a:	fc 01       	movw	r30, r24
     c5c:	20 83       	st	Z, r18
		Twim_bytesRead++;
     c5e:	80 91 85 22 	lds	r24, 0x2285	; 0x802285 <Twim_bytesRead>
     c62:	8f 5f       	subi	r24, 0xFF	; 255
     c64:	80 93 85 22 	sts	0x2285, r24	; 0x802285 <Twim_bytesRead>
     c68:	08 c0       	rjmp	.+16     	; 0xc7a <TWIMReadHandler+0x54>
	}

	else {
		TWIM_BUS.MASTER.CTRLC = TWI_MASTER_CMD_STOP_gc;
     c6a:	80 ea       	ldi	r24, 0xA0	; 160
     c6c:	94 e0       	ldi	r25, 0x04	; 4
     c6e:	23 e0       	ldi	r18, 0x03	; 3
     c70:	fc 01       	movw	r30, r24
     c72:	23 83       	std	Z+3, r18	; 0x03
		TWIMTransactionFinished(TWIM_RESULT_BUFFER_OVERFLOW);
     c74:	82 e0       	ldi	r24, 0x02	; 2
     c76:	0e 94 59 06 	call	0xcb2	; 0xcb2 <TWIMTransactionFinished>
	}

	uint8_t bytesToRead = Twim_bytesToRead;
     c7a:	80 91 83 22 	lds	r24, 0x2283	; 0x802283 <Twim_bytesToRead>
     c7e:	8a 83       	std	Y+2, r24	; 0x02

	if (Twim_bytesRead < bytesToRead) {
     c80:	90 91 85 22 	lds	r25, 0x2285	; 0x802285 <Twim_bytesRead>
     c84:	8a 81       	ldd	r24, Y+2	; 0x02
     c86:	98 17       	cp	r25, r24
     c88:	30 f4       	brcc	.+12     	; 0xc96 <TWIMReadHandler+0x70>
		TWIM_BUS.MASTER.CTRLC = TWI_MASTER_CMD_RECVTRANS_gc;
     c8a:	80 ea       	ldi	r24, 0xA0	; 160
     c8c:	94 e0       	ldi	r25, 0x04	; 4
     c8e:	22 e0       	ldi	r18, 0x02	; 2
     c90:	fc 01       	movw	r30, r24
     c92:	23 83       	std	Z+3, r18	; 0x03

	else {
		TWIM_BUS.MASTER.CTRLC = TWI_MASTER_ACKACT_bm | TWI_MASTER_CMD_STOP_gc;
		TWIMTransactionFinished(TWIM_RESULT_OK);
	}
}
     c94:	08 c0       	rjmp	.+16     	; 0xca6 <TWIMReadHandler+0x80>
	if (Twim_bytesRead < bytesToRead) {
		TWIM_BUS.MASTER.CTRLC = TWI_MASTER_CMD_RECVTRANS_gc;
	}

	else {
		TWIM_BUS.MASTER.CTRLC = TWI_MASTER_ACKACT_bm | TWI_MASTER_CMD_STOP_gc;
     c96:	80 ea       	ldi	r24, 0xA0	; 160
     c98:	94 e0       	ldi	r25, 0x04	; 4
     c9a:	27 e0       	ldi	r18, 0x07	; 7
     c9c:	fc 01       	movw	r30, r24
     c9e:	23 83       	std	Z+3, r18	; 0x03
		TWIMTransactionFinished(TWIM_RESULT_OK);
     ca0:	81 e0       	ldi	r24, 0x01	; 1
     ca2:	0e 94 59 06 	call	0xcb2	; 0xcb2 <TWIMTransactionFinished>
	}
}
     ca6:	00 00       	nop
     ca8:	0f 90       	pop	r0
     caa:	0f 90       	pop	r0
     cac:	df 91       	pop	r29
     cae:	cf 91       	pop	r28
     cb0:	08 95       	ret

00000cb2 <TWIMTransactionFinished>:

void TWIMTransactionFinished( uint8_t result) {
     cb2:	cf 93       	push	r28
     cb4:	df 93       	push	r29
     cb6:	1f 92       	push	r1
     cb8:	cd b7       	in	r28, 0x3d	; 61
     cba:	de b7       	in	r29, 0x3e	; 62
     cbc:	89 83       	std	Y+1, r24	; 0x01
	Twim_result = result;
     cbe:	89 81       	ldd	r24, Y+1	; 0x01
     cc0:	80 93 87 22 	sts	0x2287, r24	; 0x802287 <Twim_result>
	Twim_status = TWIM_STATUS_READY;
     cc4:	10 92 86 22 	sts	0x2286, r1	; 0x802286 <Twim_status>
}
     cc8:	00 00       	nop
     cca:	0f 90       	pop	r0
     ccc:	df 91       	pop	r29
     cce:	cf 91       	pop	r28
     cd0:	08 95       	ret

00000cd2 <__vector_46>:

ISR (TWIM_BUS_vect) {
     cd2:	1f 92       	push	r1
     cd4:	0f 92       	push	r0
     cd6:	00 90 3f 00 	lds	r0, 0x003F	; 0x80003f <__TEXT_REGION_LENGTH__+0x70003f>
     cda:	0f 92       	push	r0
     cdc:	11 24       	eor	r1, r1
     cde:	00 90 3b 00 	lds	r0, 0x003B	; 0x80003b <__TEXT_REGION_LENGTH__+0x70003b>
     ce2:	0f 92       	push	r0
     ce4:	2f 93       	push	r18
     ce6:	3f 93       	push	r19
     ce8:	4f 93       	push	r20
     cea:	5f 93       	push	r21
     cec:	6f 93       	push	r22
     cee:	7f 93       	push	r23
     cf0:	8f 93       	push	r24
     cf2:	9f 93       	push	r25
     cf4:	af 93       	push	r26
     cf6:	bf 93       	push	r27
     cf8:	ef 93       	push	r30
     cfa:	ff 93       	push	r31
     cfc:	cf 93       	push	r28
     cfe:	df 93       	push	r29
     d00:	1f 92       	push	r1
     d02:	cd b7       	in	r28, 0x3d	; 61
     d04:	de b7       	in	r29, 0x3e	; 62
	uint8_t currentStatus = TWIM_BUS.MASTER.STATUS;
     d06:	80 ea       	ldi	r24, 0xA0	; 160
     d08:	94 e0       	ldi	r25, 0x04	; 4
     d0a:	fc 01       	movw	r30, r24
     d0c:	84 81       	ldd	r24, Z+4	; 0x04
     d0e:	89 83       	std	Y+1, r24	; 0x01

	if ((currentStatus & TWI_MASTER_ARBLOST_bm) || (currentStatus & TWI_MASTER_BUSERR_bm)) {
     d10:	89 81       	ldd	r24, Y+1	; 0x01
     d12:	88 2f       	mov	r24, r24
     d14:	90 e0       	ldi	r25, 0x00	; 0
     d16:	88 70       	andi	r24, 0x08	; 8
     d18:	99 27       	eor	r25, r25
     d1a:	89 2b       	or	r24, r25
     d1c:	39 f4       	brne	.+14     	; 0xd2c <__vector_46+0x5a>
     d1e:	89 81       	ldd	r24, Y+1	; 0x01
     d20:	88 2f       	mov	r24, r24
     d22:	90 e0       	ldi	r25, 0x00	; 0
     d24:	84 70       	andi	r24, 0x04	; 4
     d26:	99 27       	eor	r25, r25
     d28:	89 2b       	or	r24, r25
     d2a:	19 f0       	breq	.+6      	; 0xd32 <__vector_46+0x60>
		TWIMArbitrationLostBusErrorHandler();
     d2c:	0e 94 92 05 	call	0xb24	; 0xb24 <TWIMArbitrationLostBusErrorHandler>
     d30:	13 c0       	rjmp	.+38     	; 0xd58 <__vector_46+0x86>
	}

	else if (currentStatus & TWI_MASTER_WIF_bm) {
     d32:	89 81       	ldd	r24, Y+1	; 0x01
     d34:	88 2f       	mov	r24, r24
     d36:	90 e0       	ldi	r25, 0x00	; 0
     d38:	80 74       	andi	r24, 0x40	; 64
     d3a:	99 27       	eor	r25, r25
     d3c:	89 2b       	or	r24, r25
     d3e:	19 f0       	breq	.+6      	; 0xd46 <__vector_46+0x74>
		TWIMWriteHandler();
     d40:	0e 94 b7 05 	call	0xb6e	; 0xb6e <TWIMWriteHandler>
     d44:	09 c0       	rjmp	.+18     	; 0xd58 <__vector_46+0x86>
	}

	else if (currentStatus & TWI_MASTER_RIF_bm) {
     d46:	89 81       	ldd	r24, Y+1	; 0x01
     d48:	88 23       	and	r24, r24
     d4a:	1c f4       	brge	.+6      	; 0xd52 <__vector_46+0x80>
		TWIMReadHandler();
     d4c:	0e 94 13 06 	call	0xc26	; 0xc26 <TWIMReadHandler>
     d50:	03 c0       	rjmp	.+6      	; 0xd58 <__vector_46+0x86>
	}

	else {
		TWIMTransactionFinished(TWIM_RESULT_FAIL);
     d52:	86 e0       	ldi	r24, 0x06	; 6
     d54:	0e 94 59 06 	call	0xcb2	; 0xcb2 <TWIMTransactionFinished>
	}
	
	if (Twim_status == TWIM_STATUS_READY) { //Transaction finished
     d58:	80 91 86 22 	lds	r24, 0x2286	; 0x802286 <Twim_status>
	}
     d5c:	00 00       	nop
     d5e:	0f 90       	pop	r0
     d60:	df 91       	pop	r29
     d62:	cf 91       	pop	r28
     d64:	ff 91       	pop	r31
     d66:	ef 91       	pop	r30
     d68:	bf 91       	pop	r27
     d6a:	af 91       	pop	r26
     d6c:	9f 91       	pop	r25
     d6e:	8f 91       	pop	r24
     d70:	7f 91       	pop	r23
     d72:	6f 91       	pop	r22
     d74:	5f 91       	pop	r21
     d76:	4f 91       	pop	r20
     d78:	3f 91       	pop	r19
     d7a:	2f 91       	pop	r18
     d7c:	0f 90       	pop	r0
     d7e:	00 92 3b 00 	sts	0x003B, r0	; 0x80003b <__TEXT_REGION_LENGTH__+0x70003b>
     d82:	0f 90       	pop	r0
     d84:	00 92 3f 00 	sts	0x003F, r0	; 0x80003f <__TEXT_REGION_LENGTH__+0x70003f>
     d88:	0f 90       	pop	r0
     d8a:	1f 90       	pop	r1
     d8c:	18 95       	reti

00000d8e <DriverUSARTInit>:
	float rel_error;
} baud_result; // Result of baud search: register values + absolute/relative error.

baud_result calculate_baud(uint32_t baud);

void DriverUSARTInit(void) {
     d8e:	cf 93       	push	r28
     d90:	df 93       	push	r29
     d92:	cd b7       	in	r28, 0x3d	; 61
     d94:	de b7       	in	r29, 0x3e	; 62
     d96:	2b 97       	sbiw	r28, 0x0b	; 11
     d98:	cd bf       	out	0x3d, r28	; 61
     d9a:	de bf       	out	0x3e, r29	; 62
    USART_PORT.DIRSET = 0x08; // TX pin as output.
     d9c:	80 e8       	ldi	r24, 0x80	; 128
     d9e:	96 e0       	ldi	r25, 0x06	; 6
     da0:	28 e0       	ldi	r18, 0x08	; 8
     da2:	fc 01       	movw	r30, r24
     da4:	21 83       	std	Z+1, r18	; 0x01
    USART_PORT.DIRCLR = 0x04; // RX pin as input.
     da6:	80 e8       	ldi	r24, 0x80	; 128
     da8:	96 e0       	ldi	r25, 0x06	; 6
     daa:	24 e0       	ldi	r18, 0x04	; 4
     dac:	fc 01       	movw	r30, r24
     dae:	22 83       	std	Z+2, r18	; 0x02

    USART.CTRLA = 0x00; // No USART interrupts.
     db0:	80 ea       	ldi	r24, 0xA0	; 160
     db2:	9a e0       	ldi	r25, 0x0A	; 10
     db4:	fc 01       	movw	r30, r24
     db6:	13 82       	std	Z+3, r1	; 0x03
    USART.CTRLB = 0x18; // Enable TX and RX.
     db8:	80 ea       	ldi	r24, 0xA0	; 160
     dba:	9a e0       	ldi	r25, 0x0A	; 10
     dbc:	28 e1       	ldi	r18, 0x18	; 24
     dbe:	fc 01       	movw	r30, r24
     dc0:	24 83       	std	Z+4, r18	; 0x04
    USART.CTRLC = 0x03; // Asynchronous mode, 8 data bits, no parity, 1 stop bit.
     dc2:	80 ea       	ldi	r24, 0xA0	; 160
     dc4:	9a e0       	ldi	r25, 0x0A	; 10
     dc6:	23 e0       	ldi	r18, 0x03	; 3
     dc8:	fc 01       	movw	r30, r24
     dca:	25 83       	std	Z+5, r18	; 0x05

    // Compute best BSCALE/BSEL for target baud rate.
	baud_result result = calculate_baud(115200);
     dcc:	40 e0       	ldi	r20, 0x00	; 0
     dce:	52 ec       	ldi	r21, 0xC2	; 194
     dd0:	61 e0       	ldi	r22, 0x01	; 1
     dd2:	70 e0       	ldi	r23, 0x00	; 0
     dd4:	ce 01       	movw	r24, r28
     dd6:	01 96       	adiw	r24, 0x01	; 1
     dd8:	0e 94 15 07 	call	0xe2a	; 0xe2a <calculate_baud>

    // Program BAUD registers from computed values.
    USART.BAUDCTRLA = (uint8_t)(result.bsel & 0xFF); // BSEL low byte [7:0].
     ddc:	80 ea       	ldi	r24, 0xA0	; 160
     dde:	9a e0       	ldi	r25, 0x0A	; 10
     de0:	2a 81       	ldd	r18, Y+2	; 0x02
     de2:	3b 81       	ldd	r19, Y+3	; 0x03
     de4:	fc 01       	movw	r30, r24
     de6:	26 83       	std	Z+6, r18	; 0x06
    USART.BAUDCTRLB = ((result.bscale << 4) & 0xF0) | ((result.bsel >> 8) & 0x0F); // BSCALE in [7:4], BSEL[11:8] in [3:0].
     de8:	80 ea       	ldi	r24, 0xA0	; 160
     dea:	9a e0       	ldi	r25, 0x0A	; 10
     dec:	29 81       	ldd	r18, Y+1	; 0x01
     dee:	42 2f       	mov	r20, r18
     df0:	42 95       	swap	r20
     df2:	40 7f       	andi	r20, 0xF0	; 240
     df4:	2a 81       	ldd	r18, Y+2	; 0x02
     df6:	3b 81       	ldd	r19, Y+3	; 0x03
     df8:	23 2f       	mov	r18, r19
     dfa:	33 27       	eor	r19, r19
     dfc:	2f 70       	andi	r18, 0x0F	; 15
     dfe:	24 2b       	or	r18, r20
     e00:	fc 01       	movw	r30, r24
     e02:	27 83       	std	Z+7, r18	; 0x07

    stdout = &UsartStdio; // Route printf/puts to USART.
     e04:	86 e0       	ldi	r24, 0x06	; 6
     e06:	90 e2       	ldi	r25, 0x20	; 32
     e08:	80 93 44 23 	sts	0x2344, r24	; 0x802344 <__iob+0x2>
     e0c:	90 93 45 23 	sts	0x2345, r25	; 0x802345 <__iob+0x3>
    stdin = &UsartStdio;   // Route scanf/getchar to USART.
     e10:	86 e0       	ldi	r24, 0x06	; 6
     e12:	90 e2       	ldi	r25, 0x20	; 32
     e14:	80 93 42 23 	sts	0x2342, r24	; 0x802342 <__iob>
     e18:	90 93 43 23 	sts	0x2343, r25	; 0x802343 <__iob+0x1>
}
     e1c:	00 00       	nop
     e1e:	2b 96       	adiw	r28, 0x0b	; 11
     e20:	cd bf       	out	0x3d, r28	; 61
     e22:	de bf       	out	0x3e, r29	; 62
     e24:	df 91       	pop	r29
     e26:	cf 91       	pop	r28
     e28:	08 95       	ret

00000e2a <calculate_baud>:
// Sweep all BSCALE values (-7..+7) and pick BSEL that minimizes absolute baud error.
// Formulas used:
// - BSCALE >= 0: f_baud = f_cpu / (16 * 2^bscale * (BSEL + 1))
// - BSCALE <  0: f_baud = f_cpu / (16 * (2^bscale * BSEL + 1))
// Input: target baud rate in bits/s.
baud_result calculate_baud(uint32_t baud) {
     e2a:	cf 92       	push	r12
     e2c:	df 92       	push	r13
     e2e:	ef 92       	push	r14
     e30:	ff 92       	push	r15
     e32:	cf 93       	push	r28
     e34:	df 93       	push	r29
     e36:	cd b7       	in	r28, 0x3d	; 61
     e38:	de b7       	in	r29, 0x3e	; 62
     e3a:	e0 97       	sbiw	r28, 0x30	; 48
     e3c:	cd bf       	out	0x3d, r28	; 61
     e3e:	de bf       	out	0x3e, r29	; 62
     e40:	8b a7       	std	Y+43, r24	; 0x2b
     e42:	9c a7       	std	Y+44, r25	; 0x2c
     e44:	4d a7       	std	Y+45, r20	; 0x2d
     e46:	5e a7       	std	Y+46, r21	; 0x2e
     e48:	6f a7       	std	Y+47, r22	; 0x2f
     e4a:	78 ab       	std	Y+48, r23	; 0x30
    baud_result best;
    best.rel_error = 1e9;
     e4c:	88 e2       	ldi	r24, 0x28	; 40
     e4e:	9b e6       	ldi	r25, 0x6B	; 107
     e50:	ae e6       	ldi	r26, 0x6E	; 110
     e52:	be e4       	ldi	r27, 0x4E	; 78
     e54:	8f a3       	std	Y+39, r24	; 0x27
     e56:	98 a7       	std	Y+40, r25	; 0x28
     e58:	a9 a7       	std	Y+41, r26	; 0x29
     e5a:	ba a7       	std	Y+42, r27	; 0x2a
    float best_error = 1e9;
     e5c:	88 e2       	ldi	r24, 0x28	; 40
     e5e:	9b e6       	ldi	r25, 0x6B	; 107
     e60:	ae e6       	ldi	r26, 0x6E	; 110
     e62:	be e4       	ldi	r27, 0x4E	; 78
     e64:	89 83       	std	Y+1, r24	; 0x01
     e66:	9a 83       	std	Y+2, r25	; 0x02
     e68:	ab 83       	std	Y+3, r26	; 0x03
     e6a:	bc 83       	std	Y+4, r27	; 0x04

    for (int8_t bscale = -7; bscale <= 7; bscale++) {
     e6c:	89 ef       	ldi	r24, 0xF9	; 249
     e6e:	8d 83       	std	Y+5, r24	; 0x05
     e70:	a8 c1       	rjmp	.+848    	; 0x11c2 <calculate_baud+0x398>
        float factor = pow(2.0, bscale);
     e72:	8d 81       	ldd	r24, Y+5	; 0x05
     e74:	08 2e       	mov	r0, r24
     e76:	00 0c       	add	r0, r0
     e78:	99 0b       	sbc	r25, r25
     e7a:	aa 0b       	sbc	r26, r26
     e7c:	bb 0b       	sbc	r27, r27
     e7e:	bc 01       	movw	r22, r24
     e80:	cd 01       	movw	r24, r26
     e82:	0e 94 1f 28 	call	0x503e	; 0x503e <__floatsisf>
     e86:	dc 01       	movw	r26, r24
     e88:	cb 01       	movw	r24, r22
     e8a:	9c 01       	movw	r18, r24
     e8c:	ad 01       	movw	r20, r26
     e8e:	60 e0       	ldi	r22, 0x00	; 0
     e90:	70 e0       	ldi	r23, 0x00	; 0
     e92:	80 e0       	ldi	r24, 0x00	; 0
     e94:	90 e4       	ldi	r25, 0x40	; 64
     e96:	0e 94 41 29 	call	0x5282	; 0x5282 <pow>
     e9a:	dc 01       	movw	r26, r24
     e9c:	cb 01       	movw	r24, r22
     e9e:	8c 87       	std	Y+12, r24	; 0x0c
     ea0:	9d 87       	std	Y+13, r25	; 0x0d
     ea2:	ae 87       	std	Y+14, r26	; 0x0e
     ea4:	bf 87       	std	Y+15, r27	; 0x0f
        uint16_t bsel;
        float real_baud;

        if (bscale >= 0) {
     ea6:	8d 81       	ldd	r24, Y+5	; 0x05
     ea8:	88 23       	and	r24, r24
     eaa:	0c f4       	brge	.+2      	; 0xeae <calculate_baud+0x84>
     eac:	94 c0       	rjmp	.+296    	; 0xfd6 <calculate_baud+0x1ac>
            float bsel_f = ((float)CPU_SPEED / (16.0 * factor * baud)) - 1.0;
     eae:	20 e0       	ldi	r18, 0x00	; 0
     eb0:	30 e0       	ldi	r19, 0x00	; 0
     eb2:	40 e8       	ldi	r20, 0x80	; 128
     eb4:	51 e4       	ldi	r21, 0x41	; 65
     eb6:	6c 85       	ldd	r22, Y+12	; 0x0c
     eb8:	7d 85       	ldd	r23, Y+13	; 0x0d
     eba:	8e 85       	ldd	r24, Y+14	; 0x0e
     ebc:	9f 85       	ldd	r25, Y+15	; 0x0f
     ebe:	0e 94 d4 28 	call	0x51a8	; 0x51a8 <__mulsf3>
     ec2:	dc 01       	movw	r26, r24
     ec4:	cb 01       	movw	r24, r22
     ec6:	6c 01       	movw	r12, r24
     ec8:	7d 01       	movw	r14, r26
     eca:	6d a5       	ldd	r22, Y+45	; 0x2d
     ecc:	7e a5       	ldd	r23, Y+46	; 0x2e
     ece:	8f a5       	ldd	r24, Y+47	; 0x2f
     ed0:	98 a9       	ldd	r25, Y+48	; 0x30
     ed2:	0e 94 1d 28 	call	0x503a	; 0x503a <__floatunsisf>
     ed6:	dc 01       	movw	r26, r24
     ed8:	cb 01       	movw	r24, r22
     eda:	9c 01       	movw	r18, r24
     edc:	ad 01       	movw	r20, r26
     ede:	c7 01       	movw	r24, r14
     ee0:	b6 01       	movw	r22, r12
     ee2:	0e 94 d4 28 	call	0x51a8	; 0x51a8 <__mulsf3>
     ee6:	dc 01       	movw	r26, r24
     ee8:	cb 01       	movw	r24, r22
     eea:	9c 01       	movw	r18, r24
     eec:	ad 01       	movw	r20, r26
     eee:	60 e0       	ldi	r22, 0x00	; 0
     ef0:	74 e2       	ldi	r23, 0x24	; 36
     ef2:	84 ef       	ldi	r24, 0xF4	; 244
     ef4:	9b e4       	ldi	r25, 0x4B	; 75
     ef6:	0e 94 7c 27 	call	0x4ef8	; 0x4ef8 <__divsf3>
     efa:	dc 01       	movw	r26, r24
     efc:	cb 01       	movw	r24, r22
     efe:	20 e0       	ldi	r18, 0x00	; 0
     f00:	30 e0       	ldi	r19, 0x00	; 0
     f02:	40 e8       	ldi	r20, 0x80	; 128
     f04:	5f e3       	ldi	r21, 0x3F	; 63
     f06:	bc 01       	movw	r22, r24
     f08:	cd 01       	movw	r24, r26
     f0a:	0e 94 0a 27 	call	0x4e14	; 0x4e14 <__subsf3>
     f0e:	dc 01       	movw	r26, r24
     f10:	cb 01       	movw	r24, r22
     f12:	88 8b       	std	Y+16, r24	; 0x10
     f14:	99 8b       	std	Y+17, r25	; 0x11
     f16:	aa 8b       	std	Y+18, r26	; 0x12
     f18:	bb 8b       	std	Y+19, r27	; 0x13
            if (bsel_f < 0 || bsel_f > 4095) continue;
     f1a:	20 e0       	ldi	r18, 0x00	; 0
     f1c:	30 e0       	ldi	r19, 0x00	; 0
     f1e:	a9 01       	movw	r20, r18
     f20:	68 89       	ldd	r22, Y+16	; 0x10
     f22:	79 89       	ldd	r23, Y+17	; 0x11
     f24:	8a 89       	ldd	r24, Y+18	; 0x12
     f26:	9b 89       	ldd	r25, Y+19	; 0x13
     f28:	0e 94 77 27 	call	0x4eee	; 0x4eee <__cmpsf2>
     f2c:	88 23       	and	r24, r24
     f2e:	0c f4       	brge	.+2      	; 0xf32 <calculate_baud+0x108>
     f30:	42 c1       	rjmp	.+644    	; 0x11b6 <calculate_baud+0x38c>
     f32:	20 e0       	ldi	r18, 0x00	; 0
     f34:	30 ef       	ldi	r19, 0xF0	; 240
     f36:	4f e7       	ldi	r20, 0x7F	; 127
     f38:	55 e4       	ldi	r21, 0x45	; 69
     f3a:	68 89       	ldd	r22, Y+16	; 0x10
     f3c:	79 89       	ldd	r23, Y+17	; 0x11
     f3e:	8a 89       	ldd	r24, Y+18	; 0x12
     f40:	9b 89       	ldd	r25, Y+19	; 0x13
     f42:	0e 94 cf 28 	call	0x519e	; 0x519e <__gesf2>
     f46:	18 16       	cp	r1, r24
     f48:	0c f4       	brge	.+2      	; 0xf4c <calculate_baud+0x122>
     f4a:	35 c1       	rjmp	.+618    	; 0x11b6 <calculate_baud+0x38c>
            bsel = (uint16_t)(bsel_f + 0.5);
     f4c:	20 e0       	ldi	r18, 0x00	; 0
     f4e:	30 e0       	ldi	r19, 0x00	; 0
     f50:	40 e0       	ldi	r20, 0x00	; 0
     f52:	5f e3       	ldi	r21, 0x3F	; 63
     f54:	68 89       	ldd	r22, Y+16	; 0x10
     f56:	79 89       	ldd	r23, Y+17	; 0x11
     f58:	8a 89       	ldd	r24, Y+18	; 0x12
     f5a:	9b 89       	ldd	r25, Y+19	; 0x13
     f5c:	0e 94 0b 27 	call	0x4e16	; 0x4e16 <__addsf3>
     f60:	dc 01       	movw	r26, r24
     f62:	cb 01       	movw	r24, r22
     f64:	bc 01       	movw	r22, r24
     f66:	cd 01       	movw	r24, r26
     f68:	0e 94 ee 27 	call	0x4fdc	; 0x4fdc <__fixunssfsi>
     f6c:	dc 01       	movw	r26, r24
     f6e:	cb 01       	movw	r24, r22
     f70:	8e 83       	std	Y+6, r24	; 0x06
     f72:	9f 83       	std	Y+7, r25	; 0x07
            real_baud = (float)CPU_SPEED / (16.0 * factor * (bsel + 1));
     f74:	20 e0       	ldi	r18, 0x00	; 0
     f76:	30 e0       	ldi	r19, 0x00	; 0
     f78:	40 e8       	ldi	r20, 0x80	; 128
     f7a:	51 e4       	ldi	r21, 0x41	; 65
     f7c:	6c 85       	ldd	r22, Y+12	; 0x0c
     f7e:	7d 85       	ldd	r23, Y+13	; 0x0d
     f80:	8e 85       	ldd	r24, Y+14	; 0x0e
     f82:	9f 85       	ldd	r25, Y+15	; 0x0f
     f84:	0e 94 d4 28 	call	0x51a8	; 0x51a8 <__mulsf3>
     f88:	dc 01       	movw	r26, r24
     f8a:	cb 01       	movw	r24, r22
     f8c:	6c 01       	movw	r12, r24
     f8e:	7d 01       	movw	r14, r26
     f90:	8e 81       	ldd	r24, Y+6	; 0x06
     f92:	9f 81       	ldd	r25, Y+7	; 0x07
     f94:	01 96       	adiw	r24, 0x01	; 1
     f96:	cc 01       	movw	r24, r24
     f98:	a0 e0       	ldi	r26, 0x00	; 0
     f9a:	b0 e0       	ldi	r27, 0x00	; 0
     f9c:	bc 01       	movw	r22, r24
     f9e:	cd 01       	movw	r24, r26
     fa0:	0e 94 1d 28 	call	0x503a	; 0x503a <__floatunsisf>
     fa4:	dc 01       	movw	r26, r24
     fa6:	cb 01       	movw	r24, r22
     fa8:	9c 01       	movw	r18, r24
     faa:	ad 01       	movw	r20, r26
     fac:	c7 01       	movw	r24, r14
     fae:	b6 01       	movw	r22, r12
     fb0:	0e 94 d4 28 	call	0x51a8	; 0x51a8 <__mulsf3>
     fb4:	dc 01       	movw	r26, r24
     fb6:	cb 01       	movw	r24, r22
     fb8:	9c 01       	movw	r18, r24
     fba:	ad 01       	movw	r20, r26
     fbc:	60 e0       	ldi	r22, 0x00	; 0
     fbe:	74 e2       	ldi	r23, 0x24	; 36
     fc0:	84 ef       	ldi	r24, 0xF4	; 244
     fc2:	9b e4       	ldi	r25, 0x4B	; 75
     fc4:	0e 94 7c 27 	call	0x4ef8	; 0x4ef8 <__divsf3>
     fc8:	dc 01       	movw	r26, r24
     fca:	cb 01       	movw	r24, r22
     fcc:	88 87       	std	Y+8, r24	; 0x08
     fce:	99 87       	std	Y+9, r25	; 0x09
     fd0:	aa 87       	std	Y+10, r26	; 0x0a
     fd2:	bb 87       	std	Y+11, r27	; 0x0b
     fd4:	98 c0       	rjmp	.+304    	; 0x1106 <calculate_baud+0x2dc>
        } else {
            float bsel_f = ((float)CPU_SPEED / (16.0 * baud) - 1.0) / factor;
     fd6:	6d a5       	ldd	r22, Y+45	; 0x2d
     fd8:	7e a5       	ldd	r23, Y+46	; 0x2e
     fda:	8f a5       	ldd	r24, Y+47	; 0x2f
     fdc:	98 a9       	ldd	r25, Y+48	; 0x30
     fde:	0e 94 1d 28 	call	0x503a	; 0x503a <__floatunsisf>
     fe2:	dc 01       	movw	r26, r24
     fe4:	cb 01       	movw	r24, r22
     fe6:	20 e0       	ldi	r18, 0x00	; 0
     fe8:	30 e0       	ldi	r19, 0x00	; 0
     fea:	40 e8       	ldi	r20, 0x80	; 128
     fec:	51 e4       	ldi	r21, 0x41	; 65
     fee:	bc 01       	movw	r22, r24
     ff0:	cd 01       	movw	r24, r26
     ff2:	0e 94 d4 28 	call	0x51a8	; 0x51a8 <__mulsf3>
     ff6:	dc 01       	movw	r26, r24
     ff8:	cb 01       	movw	r24, r22
     ffa:	9c 01       	movw	r18, r24
     ffc:	ad 01       	movw	r20, r26
     ffe:	60 e0       	ldi	r22, 0x00	; 0
    1000:	74 e2       	ldi	r23, 0x24	; 36
    1002:	84 ef       	ldi	r24, 0xF4	; 244
    1004:	9b e4       	ldi	r25, 0x4B	; 75
    1006:	0e 94 7c 27 	call	0x4ef8	; 0x4ef8 <__divsf3>
    100a:	dc 01       	movw	r26, r24
    100c:	cb 01       	movw	r24, r22
    100e:	20 e0       	ldi	r18, 0x00	; 0
    1010:	30 e0       	ldi	r19, 0x00	; 0
    1012:	40 e8       	ldi	r20, 0x80	; 128
    1014:	5f e3       	ldi	r21, 0x3F	; 63
    1016:	bc 01       	movw	r22, r24
    1018:	cd 01       	movw	r24, r26
    101a:	0e 94 0a 27 	call	0x4e14	; 0x4e14 <__subsf3>
    101e:	dc 01       	movw	r26, r24
    1020:	cb 01       	movw	r24, r22
    1022:	2c 85       	ldd	r18, Y+12	; 0x0c
    1024:	3d 85       	ldd	r19, Y+13	; 0x0d
    1026:	4e 85       	ldd	r20, Y+14	; 0x0e
    1028:	5f 85       	ldd	r21, Y+15	; 0x0f
    102a:	bc 01       	movw	r22, r24
    102c:	cd 01       	movw	r24, r26
    102e:	0e 94 7c 27 	call	0x4ef8	; 0x4ef8 <__divsf3>
    1032:	dc 01       	movw	r26, r24
    1034:	cb 01       	movw	r24, r22
    1036:	8c 8b       	std	Y+20, r24	; 0x14
    1038:	9d 8b       	std	Y+21, r25	; 0x15
    103a:	ae 8b       	std	Y+22, r26	; 0x16
    103c:	bf 8b       	std	Y+23, r27	; 0x17
            if (bsel_f < 0 || bsel_f > 4095) continue;
    103e:	20 e0       	ldi	r18, 0x00	; 0
    1040:	30 e0       	ldi	r19, 0x00	; 0
    1042:	a9 01       	movw	r20, r18
    1044:	6c 89       	ldd	r22, Y+20	; 0x14
    1046:	7d 89       	ldd	r23, Y+21	; 0x15
    1048:	8e 89       	ldd	r24, Y+22	; 0x16
    104a:	9f 89       	ldd	r25, Y+23	; 0x17
    104c:	0e 94 77 27 	call	0x4eee	; 0x4eee <__cmpsf2>
    1050:	88 23       	and	r24, r24
    1052:	0c f4       	brge	.+2      	; 0x1056 <calculate_baud+0x22c>
    1054:	b2 c0       	rjmp	.+356    	; 0x11ba <calculate_baud+0x390>
    1056:	20 e0       	ldi	r18, 0x00	; 0
    1058:	30 ef       	ldi	r19, 0xF0	; 240
    105a:	4f e7       	ldi	r20, 0x7F	; 127
    105c:	55 e4       	ldi	r21, 0x45	; 69
    105e:	6c 89       	ldd	r22, Y+20	; 0x14
    1060:	7d 89       	ldd	r23, Y+21	; 0x15
    1062:	8e 89       	ldd	r24, Y+22	; 0x16
    1064:	9f 89       	ldd	r25, Y+23	; 0x17
    1066:	0e 94 cf 28 	call	0x519e	; 0x519e <__gesf2>
    106a:	18 16       	cp	r1, r24
    106c:	0c f4       	brge	.+2      	; 0x1070 <calculate_baud+0x246>
    106e:	a5 c0       	rjmp	.+330    	; 0x11ba <calculate_baud+0x390>
            bsel = (uint16_t)(bsel_f + 0.5);
    1070:	20 e0       	ldi	r18, 0x00	; 0
    1072:	30 e0       	ldi	r19, 0x00	; 0
    1074:	40 e0       	ldi	r20, 0x00	; 0
    1076:	5f e3       	ldi	r21, 0x3F	; 63
    1078:	6c 89       	ldd	r22, Y+20	; 0x14
    107a:	7d 89       	ldd	r23, Y+21	; 0x15
    107c:	8e 89       	ldd	r24, Y+22	; 0x16
    107e:	9f 89       	ldd	r25, Y+23	; 0x17
    1080:	0e 94 0b 27 	call	0x4e16	; 0x4e16 <__addsf3>
    1084:	dc 01       	movw	r26, r24
    1086:	cb 01       	movw	r24, r22
    1088:	bc 01       	movw	r22, r24
    108a:	cd 01       	movw	r24, r26
    108c:	0e 94 ee 27 	call	0x4fdc	; 0x4fdc <__fixunssfsi>
    1090:	dc 01       	movw	r26, r24
    1092:	cb 01       	movw	r24, r22
    1094:	8e 83       	std	Y+6, r24	; 0x06
    1096:	9f 83       	std	Y+7, r25	; 0x07
            real_baud = (float)CPU_SPEED / (16.0 * (factor * bsel + 1.0));
    1098:	8e 81       	ldd	r24, Y+6	; 0x06
    109a:	9f 81       	ldd	r25, Y+7	; 0x07
    109c:	cc 01       	movw	r24, r24
    109e:	a0 e0       	ldi	r26, 0x00	; 0
    10a0:	b0 e0       	ldi	r27, 0x00	; 0
    10a2:	bc 01       	movw	r22, r24
    10a4:	cd 01       	movw	r24, r26
    10a6:	0e 94 1d 28 	call	0x503a	; 0x503a <__floatunsisf>
    10aa:	dc 01       	movw	r26, r24
    10ac:	cb 01       	movw	r24, r22
    10ae:	2c 85       	ldd	r18, Y+12	; 0x0c
    10b0:	3d 85       	ldd	r19, Y+13	; 0x0d
    10b2:	4e 85       	ldd	r20, Y+14	; 0x0e
    10b4:	5f 85       	ldd	r21, Y+15	; 0x0f
    10b6:	bc 01       	movw	r22, r24
    10b8:	cd 01       	movw	r24, r26
    10ba:	0e 94 d4 28 	call	0x51a8	; 0x51a8 <__mulsf3>
    10be:	dc 01       	movw	r26, r24
    10c0:	cb 01       	movw	r24, r22
    10c2:	20 e0       	ldi	r18, 0x00	; 0
    10c4:	30 e0       	ldi	r19, 0x00	; 0
    10c6:	40 e8       	ldi	r20, 0x80	; 128
    10c8:	5f e3       	ldi	r21, 0x3F	; 63
    10ca:	bc 01       	movw	r22, r24
    10cc:	cd 01       	movw	r24, r26
    10ce:	0e 94 0b 27 	call	0x4e16	; 0x4e16 <__addsf3>
    10d2:	dc 01       	movw	r26, r24
    10d4:	cb 01       	movw	r24, r22
    10d6:	20 e0       	ldi	r18, 0x00	; 0
    10d8:	30 e0       	ldi	r19, 0x00	; 0
    10da:	40 e8       	ldi	r20, 0x80	; 128
    10dc:	51 e4       	ldi	r21, 0x41	; 65
    10de:	bc 01       	movw	r22, r24
    10e0:	cd 01       	movw	r24, r26
    10e2:	0e 94 d4 28 	call	0x51a8	; 0x51a8 <__mulsf3>
    10e6:	dc 01       	movw	r26, r24
    10e8:	cb 01       	movw	r24, r22
    10ea:	9c 01       	movw	r18, r24
    10ec:	ad 01       	movw	r20, r26
    10ee:	60 e0       	ldi	r22, 0x00	; 0
    10f0:	74 e2       	ldi	r23, 0x24	; 36
    10f2:	84 ef       	ldi	r24, 0xF4	; 244
    10f4:	9b e4       	ldi	r25, 0x4B	; 75
    10f6:	0e 94 7c 27 	call	0x4ef8	; 0x4ef8 <__divsf3>
    10fa:	dc 01       	movw	r26, r24
    10fc:	cb 01       	movw	r24, r22
    10fe:	88 87       	std	Y+8, r24	; 0x08
    1100:	99 87       	std	Y+9, r25	; 0x09
    1102:	aa 87       	std	Y+10, r26	; 0x0a
    1104:	bb 87       	std	Y+11, r27	; 0x0b
        }

        float abs_error = fabs(real_baud - baud);
    1106:	6d a5       	ldd	r22, Y+45	; 0x2d
    1108:	7e a5       	ldd	r23, Y+46	; 0x2e
    110a:	8f a5       	ldd	r24, Y+47	; 0x2f
    110c:	98 a9       	ldd	r25, Y+48	; 0x30
    110e:	0e 94 1d 28 	call	0x503a	; 0x503a <__floatunsisf>
    1112:	dc 01       	movw	r26, r24
    1114:	cb 01       	movw	r24, r22
    1116:	9c 01       	movw	r18, r24
    1118:	ad 01       	movw	r20, r26
    111a:	68 85       	ldd	r22, Y+8	; 0x08
    111c:	79 85       	ldd	r23, Y+9	; 0x09
    111e:	8a 85       	ldd	r24, Y+10	; 0x0a
    1120:	9b 85       	ldd	r25, Y+11	; 0x0b
    1122:	0e 94 0a 27 	call	0x4e14	; 0x4e14 <__subsf3>
    1126:	dc 01       	movw	r26, r24
    1128:	cb 01       	movw	r24, r22
    112a:	bf 77       	andi	r27, 0x7F	; 127
    112c:	88 8f       	std	Y+24, r24	; 0x18
    112e:	99 8f       	std	Y+25, r25	; 0x19
    1130:	aa 8f       	std	Y+26, r26	; 0x1a
    1132:	bb 8f       	std	Y+27, r27	; 0x1b
        float rel_error = abs_error / baud;
    1134:	6d a5       	ldd	r22, Y+45	; 0x2d
    1136:	7e a5       	ldd	r23, Y+46	; 0x2e
    1138:	8f a5       	ldd	r24, Y+47	; 0x2f
    113a:	98 a9       	ldd	r25, Y+48	; 0x30
    113c:	0e 94 1d 28 	call	0x503a	; 0x503a <__floatunsisf>
    1140:	dc 01       	movw	r26, r24
    1142:	cb 01       	movw	r24, r22
    1144:	9c 01       	movw	r18, r24
    1146:	ad 01       	movw	r20, r26
    1148:	68 8d       	ldd	r22, Y+24	; 0x18
    114a:	79 8d       	ldd	r23, Y+25	; 0x19
    114c:	8a 8d       	ldd	r24, Y+26	; 0x1a
    114e:	9b 8d       	ldd	r25, Y+27	; 0x1b
    1150:	0e 94 7c 27 	call	0x4ef8	; 0x4ef8 <__divsf3>
    1154:	dc 01       	movw	r26, r24
    1156:	cb 01       	movw	r24, r22
    1158:	8c 8f       	std	Y+28, r24	; 0x1c
    115a:	9d 8f       	std	Y+29, r25	; 0x1d
    115c:	ae 8f       	std	Y+30, r26	; 0x1e
    115e:	bf 8f       	std	Y+31, r27	; 0x1f

        if (abs_error < best_error) {
    1160:	29 81       	ldd	r18, Y+1	; 0x01
    1162:	3a 81       	ldd	r19, Y+2	; 0x02
    1164:	4b 81       	ldd	r20, Y+3	; 0x03
    1166:	5c 81       	ldd	r21, Y+4	; 0x04
    1168:	68 8d       	ldd	r22, Y+24	; 0x18
    116a:	79 8d       	ldd	r23, Y+25	; 0x19
    116c:	8a 8d       	ldd	r24, Y+26	; 0x1a
    116e:	9b 8d       	ldd	r25, Y+27	; 0x1b
    1170:	0e 94 77 27 	call	0x4eee	; 0x4eee <__cmpsf2>
    1174:	88 23       	and	r24, r24
    1176:	14 f5       	brge	.+68     	; 0x11bc <calculate_baud+0x392>
            best_error = abs_error;
    1178:	88 8d       	ldd	r24, Y+24	; 0x18
    117a:	99 8d       	ldd	r25, Y+25	; 0x19
    117c:	aa 8d       	ldd	r26, Y+26	; 0x1a
    117e:	bb 8d       	ldd	r27, Y+27	; 0x1b
    1180:	89 83       	std	Y+1, r24	; 0x01
    1182:	9a 83       	std	Y+2, r25	; 0x02
    1184:	ab 83       	std	Y+3, r26	; 0x03
    1186:	bc 83       	std	Y+4, r27	; 0x04
            best.bscale = bscale;
    1188:	8d 81       	ldd	r24, Y+5	; 0x05
    118a:	88 a3       	std	Y+32, r24	; 0x20
            best.bsel = bsel;
    118c:	8e 81       	ldd	r24, Y+6	; 0x06
    118e:	9f 81       	ldd	r25, Y+7	; 0x07
    1190:	89 a3       	std	Y+33, r24	; 0x21
    1192:	9a a3       	std	Y+34, r25	; 0x22
            best.abs_error = abs_error;
    1194:	88 8d       	ldd	r24, Y+24	; 0x18
    1196:	99 8d       	ldd	r25, Y+25	; 0x19
    1198:	aa 8d       	ldd	r26, Y+26	; 0x1a
    119a:	bb 8d       	ldd	r27, Y+27	; 0x1b
    119c:	8b a3       	std	Y+35, r24	; 0x23
    119e:	9c a3       	std	Y+36, r25	; 0x24
    11a0:	ad a3       	std	Y+37, r26	; 0x25
    11a2:	be a3       	std	Y+38, r27	; 0x26
            best.rel_error = rel_error;
    11a4:	8c 8d       	ldd	r24, Y+28	; 0x1c
    11a6:	9d 8d       	ldd	r25, Y+29	; 0x1d
    11a8:	ae 8d       	ldd	r26, Y+30	; 0x1e
    11aa:	bf 8d       	ldd	r27, Y+31	; 0x1f
    11ac:	8f a3       	std	Y+39, r24	; 0x27
    11ae:	98 a7       	std	Y+40, r25	; 0x28
    11b0:	a9 a7       	std	Y+41, r26	; 0x29
    11b2:	ba a7       	std	Y+42, r27	; 0x2a
    11b4:	03 c0       	rjmp	.+6      	; 0x11bc <calculate_baud+0x392>
        uint16_t bsel;
        float real_baud;

        if (bscale >= 0) {
            float bsel_f = ((float)CPU_SPEED / (16.0 * factor * baud)) - 1.0;
            if (bsel_f < 0 || bsel_f > 4095) continue;
    11b6:	00 00       	nop
    11b8:	01 c0       	rjmp	.+2      	; 0x11bc <calculate_baud+0x392>
            bsel = (uint16_t)(bsel_f + 0.5);
            real_baud = (float)CPU_SPEED / (16.0 * factor * (bsel + 1));
        } else {
            float bsel_f = ((float)CPU_SPEED / (16.0 * baud) - 1.0) / factor;
            if (bsel_f < 0 || bsel_f > 4095) continue;
    11ba:	00 00       	nop
baud_result calculate_baud(uint32_t baud) {
    baud_result best;
    best.rel_error = 1e9;
    float best_error = 1e9;

    for (int8_t bscale = -7; bscale <= 7; bscale++) {
    11bc:	8d 81       	ldd	r24, Y+5	; 0x05
    11be:	8f 5f       	subi	r24, 0xFF	; 255
    11c0:	8d 83       	std	Y+5, r24	; 0x05
    11c2:	8d 81       	ldd	r24, Y+5	; 0x05
    11c4:	88 30       	cpi	r24, 0x08	; 8
    11c6:	0c f4       	brge	.+2      	; 0x11ca <calculate_baud+0x3a0>
    11c8:	54 ce       	rjmp	.-856    	; 0xe72 <calculate_baud+0x48>
            best.bsel = bsel;
            best.abs_error = abs_error;
            best.rel_error = rel_error;
        }
    }
    return best;
    11ca:	8b a5       	ldd	r24, Y+43	; 0x2b
    11cc:	9c a5       	ldd	r25, Y+44	; 0x2c
    11ce:	2b e0       	ldi	r18, 0x0B	; 11
    11d0:	fe 01       	movw	r30, r28
    11d2:	b0 96       	adiw	r30, 0x20	; 32
    11d4:	dc 01       	movw	r26, r24
    11d6:	01 90       	ld	r0, Z+
    11d8:	0d 92       	st	X+, r0
    11da:	2a 95       	dec	r18
    11dc:	e1 f7       	brne	.-8      	; 0x11d6 <calculate_baud+0x3ac>
}
    11de:	8b a5       	ldd	r24, Y+43	; 0x2b
    11e0:	9c a5       	ldd	r25, Y+44	; 0x2c
    11e2:	e0 96       	adiw	r28, 0x30	; 48
    11e4:	cd bf       	out	0x3d, r28	; 61
    11e6:	de bf       	out	0x3e, r29	; 62
    11e8:	df 91       	pop	r29
    11ea:	cf 91       	pop	r28
    11ec:	ff 90       	pop	r15
    11ee:	ef 90       	pop	r14
    11f0:	df 90       	pop	r13
    11f2:	cf 90       	pop	r12
    11f4:	08 95       	ret

000011f6 <stdio_putchar>:

static int stdio_putchar(char c, FILE * stream) {
    11f6:	cf 93       	push	r28
    11f8:	df 93       	push	r29
    11fa:	00 d0       	rcall	.+0      	; 0x11fc <stdio_putchar+0x6>
    11fc:	cd b7       	in	r28, 0x3d	; 61
    11fe:	de b7       	in	r29, 0x3e	; 62
    1200:	89 83       	std	Y+1, r24	; 0x01
    1202:	6a 83       	std	Y+2, r22	; 0x02
    1204:	7b 83       	std	Y+3, r23	; 0x03
    (void)stream;
	USART.DATA = c;
    1206:	80 ea       	ldi	r24, 0xA0	; 160
    1208:	9a e0       	ldi	r25, 0x0A	; 10
    120a:	29 81       	ldd	r18, Y+1	; 0x01
    120c:	fc 01       	movw	r30, r24
    120e:	20 83       	st	Z, r18
    while (!(USART.STATUS & 0x40)); // Wait for TX complete flag.
    1210:	00 00       	nop
    1212:	80 ea       	ldi	r24, 0xA0	; 160
    1214:	9a e0       	ldi	r25, 0x0A	; 10
    1216:	fc 01       	movw	r30, r24
    1218:	81 81       	ldd	r24, Z+1	; 0x01
    121a:	88 2f       	mov	r24, r24
    121c:	90 e0       	ldi	r25, 0x00	; 0
    121e:	80 74       	andi	r24, 0x40	; 64
    1220:	99 27       	eor	r25, r25
    1222:	89 2b       	or	r24, r25
    1224:	b1 f3       	breq	.-20     	; 0x1212 <stdio_putchar+0x1c>
    USART.STATUS = 0x40;            // Clear TX complete flag.
    1226:	80 ea       	ldi	r24, 0xA0	; 160
    1228:	9a e0       	ldi	r25, 0x0A	; 10
    122a:	20 e4       	ldi	r18, 0x40	; 64
    122c:	fc 01       	movw	r30, r24
    122e:	21 83       	std	Z+1, r18	; 0x01
	return 0;
    1230:	80 e0       	ldi	r24, 0x00	; 0
    1232:	90 e0       	ldi	r25, 0x00	; 0
}
    1234:	23 96       	adiw	r28, 0x03	; 3
    1236:	cd bf       	out	0x3d, r28	; 61
    1238:	de bf       	out	0x3e, r29	; 62
    123a:	df 91       	pop	r29
    123c:	cf 91       	pop	r28
    123e:	08 95       	ret

00001240 <stdio_getchar>:
	
static int stdio_getchar(FILE *stream) {
    1240:	cf 93       	push	r28
    1242:	df 93       	push	r29
    1244:	1f 92       	push	r1
    1246:	1f 92       	push	r1
    1248:	cd b7       	in	r28, 0x3d	; 61
    124a:	de b7       	in	r29, 0x3e	; 62
    124c:	89 83       	std	Y+1, r24	; 0x01
    124e:	9a 83       	std	Y+2, r25	; 0x02
    (void)stream;
    while (!(USART.STATUS & 0x80)); // Wait for RX complete flag.
    1250:	00 00       	nop
    1252:	80 ea       	ldi	r24, 0xA0	; 160
    1254:	9a e0       	ldi	r25, 0x0A	; 10
    1256:	fc 01       	movw	r30, r24
    1258:	81 81       	ldd	r24, Z+1	; 0x01
    125a:	88 23       	and	r24, r24
    125c:	d4 f7       	brge	.-12     	; 0x1252 <stdio_getchar+0x12>
	return USART.DATA;
    125e:	80 ea       	ldi	r24, 0xA0	; 160
    1260:	9a e0       	ldi	r25, 0x0A	; 10
    1262:	fc 01       	movw	r30, r24
    1264:	80 81       	ld	r24, Z
    1266:	88 2f       	mov	r24, r24
    1268:	90 e0       	ldi	r25, 0x00	; 0
    126a:	0f 90       	pop	r0
    126c:	0f 90       	pop	r0
    126e:	df 91       	pop	r29
    1270:	cf 91       	pop	r28
    1272:	08 95       	ret

00001274 <pvPortMalloc>:
/*-----------------------------------------------------------*/

void vPortInitialiseBlocks( void )
{
	/* This just exists to keep the linker quiet. */
}
    1274:	cf 93       	push	r28
    1276:	df 93       	push	r29
    1278:	cd b7       	in	r28, 0x3d	; 61
    127a:	de b7       	in	r29, 0x3e	; 62
    127c:	2e 97       	sbiw	r28, 0x0e	; 14
    127e:	cd bf       	out	0x3d, r28	; 61
    1280:	de bf       	out	0x3e, r29	; 62
    1282:	8d 87       	std	Y+13, r24	; 0x0d
    1284:	9e 87       	std	Y+14, r25	; 0x0e
    1286:	1d 82       	std	Y+5, r1	; 0x05
    1288:	1e 82       	std	Y+6, r1	; 0x06
    128a:	0e 94 d4 16 	call	0x2da8	; 0x2da8 <vTaskSuspendAll>
    128e:	80 91 90 22 	lds	r24, 0x2290	; 0x802290 <xHeapHasBeenInitialised.4125>
    1292:	88 23       	and	r24, r24
    1294:	29 f4       	brne	.+10     	; 0x12a0 <pvPortMalloc+0x2c>
    1296:	0e 94 95 0a 	call	0x152a	; 0x152a <prvHeapInit>
    129a:	81 e0       	ldi	r24, 0x01	; 1
    129c:	80 93 90 22 	sts	0x2290, r24	; 0x802290 <xHeapHasBeenInitialised.4125>
    12a0:	8d 85       	ldd	r24, Y+13	; 0x0d
    12a2:	9e 85       	ldd	r25, Y+14	; 0x0e
    12a4:	89 2b       	or	r24, r25
    12a6:	41 f0       	breq	.+16     	; 0x12b8 <pvPortMalloc+0x44>
    12a8:	84 e0       	ldi	r24, 0x04	; 4
    12aa:	90 e0       	ldi	r25, 0x00	; 0
    12ac:	2d 85       	ldd	r18, Y+13	; 0x0d
    12ae:	3e 85       	ldd	r19, Y+14	; 0x0e
    12b0:	82 0f       	add	r24, r18
    12b2:	93 1f       	adc	r25, r19
    12b4:	8d 87       	std	Y+13, r24	; 0x0d
    12b6:	9e 87       	std	Y+14, r25	; 0x0e
    12b8:	8d 85       	ldd	r24, Y+13	; 0x0d
    12ba:	9e 85       	ldd	r25, Y+14	; 0x0e
    12bc:	89 2b       	or	r24, r25
    12be:	09 f4       	brne	.+2      	; 0x12c2 <pvPortMalloc+0x4e>
    12c0:	b8 c0       	rjmp	.+368    	; 0x1432 <pvPortMalloc+0x1be>
    12c2:	8d 85       	ldd	r24, Y+13	; 0x0d
    12c4:	9e 85       	ldd	r25, Y+14	; 0x0e
    12c6:	8f 3f       	cpi	r24, 0xFF	; 255
    12c8:	9f 43       	sbci	r25, 0x3F	; 63
    12ca:	08 f0       	brcs	.+2      	; 0x12ce <pvPortMalloc+0x5a>
    12cc:	b2 c0       	rjmp	.+356    	; 0x1432 <pvPortMalloc+0x1be>
    12ce:	88 e8       	ldi	r24, 0x88	; 136
    12d0:	92 e2       	ldi	r25, 0x22	; 34
    12d2:	8b 83       	std	Y+3, r24	; 0x03
    12d4:	9c 83       	std	Y+4, r25	; 0x04
    12d6:	80 91 88 22 	lds	r24, 0x2288	; 0x802288 <xStart>
    12da:	90 91 89 22 	lds	r25, 0x2289	; 0x802289 <xStart+0x1>
    12de:	89 83       	std	Y+1, r24	; 0x01
    12e0:	9a 83       	std	Y+2, r25	; 0x02
    12e2:	0b c0       	rjmp	.+22     	; 0x12fa <pvPortMalloc+0x86>
    12e4:	89 81       	ldd	r24, Y+1	; 0x01
    12e6:	9a 81       	ldd	r25, Y+2	; 0x02
    12e8:	8b 83       	std	Y+3, r24	; 0x03
    12ea:	9c 83       	std	Y+4, r25	; 0x04
    12ec:	89 81       	ldd	r24, Y+1	; 0x01
    12ee:	9a 81       	ldd	r25, Y+2	; 0x02
    12f0:	fc 01       	movw	r30, r24
    12f2:	80 81       	ld	r24, Z
    12f4:	91 81       	ldd	r25, Z+1	; 0x01
    12f6:	89 83       	std	Y+1, r24	; 0x01
    12f8:	9a 83       	std	Y+2, r25	; 0x02
    12fa:	89 81       	ldd	r24, Y+1	; 0x01
    12fc:	9a 81       	ldd	r25, Y+2	; 0x02
    12fe:	fc 01       	movw	r30, r24
    1300:	22 81       	ldd	r18, Z+2	; 0x02
    1302:	33 81       	ldd	r19, Z+3	; 0x03
    1304:	8d 85       	ldd	r24, Y+13	; 0x0d
    1306:	9e 85       	ldd	r25, Y+14	; 0x0e
    1308:	28 17       	cp	r18, r24
    130a:	39 07       	cpc	r19, r25
    130c:	38 f4       	brcc	.+14     	; 0x131c <pvPortMalloc+0xa8>
    130e:	89 81       	ldd	r24, Y+1	; 0x01
    1310:	9a 81       	ldd	r25, Y+2	; 0x02
    1312:	fc 01       	movw	r30, r24
    1314:	80 81       	ld	r24, Z
    1316:	91 81       	ldd	r25, Z+1	; 0x01
    1318:	89 2b       	or	r24, r25
    131a:	21 f7       	brne	.-56     	; 0x12e4 <pvPortMalloc+0x70>
    131c:	89 81       	ldd	r24, Y+1	; 0x01
    131e:	9a 81       	ldd	r25, Y+2	; 0x02
    1320:	8c 58       	subi	r24, 0x8C	; 140
    1322:	92 42       	sbci	r25, 0x22	; 34
    1324:	09 f4       	brne	.+2      	; 0x1328 <pvPortMalloc+0xb4>
    1326:	85 c0       	rjmp	.+266    	; 0x1432 <pvPortMalloc+0x1be>
    1328:	8b 81       	ldd	r24, Y+3	; 0x03
    132a:	9c 81       	ldd	r25, Y+4	; 0x04
    132c:	fc 01       	movw	r30, r24
    132e:	20 81       	ld	r18, Z
    1330:	31 81       	ldd	r19, Z+1	; 0x01
    1332:	84 e0       	ldi	r24, 0x04	; 4
    1334:	90 e0       	ldi	r25, 0x00	; 0
    1336:	82 0f       	add	r24, r18
    1338:	93 1f       	adc	r25, r19
    133a:	8d 83       	std	Y+5, r24	; 0x05
    133c:	9e 83       	std	Y+6, r25	; 0x06
    133e:	89 81       	ldd	r24, Y+1	; 0x01
    1340:	9a 81       	ldd	r25, Y+2	; 0x02
    1342:	fc 01       	movw	r30, r24
    1344:	20 81       	ld	r18, Z
    1346:	31 81       	ldd	r19, Z+1	; 0x01
    1348:	8b 81       	ldd	r24, Y+3	; 0x03
    134a:	9c 81       	ldd	r25, Y+4	; 0x04
    134c:	fc 01       	movw	r30, r24
    134e:	20 83       	st	Z, r18
    1350:	31 83       	std	Z+1, r19	; 0x01
    1352:	89 81       	ldd	r24, Y+1	; 0x01
    1354:	9a 81       	ldd	r25, Y+2	; 0x02
    1356:	fc 01       	movw	r30, r24
    1358:	22 81       	ldd	r18, Z+2	; 0x02
    135a:	33 81       	ldd	r19, Z+3	; 0x03
    135c:	8d 85       	ldd	r24, Y+13	; 0x0d
    135e:	9e 85       	ldd	r25, Y+14	; 0x0e
    1360:	28 1b       	sub	r18, r24
    1362:	39 0b       	sbc	r19, r25
    1364:	84 e0       	ldi	r24, 0x04	; 4
    1366:	90 e0       	ldi	r25, 0x00	; 0
    1368:	88 0f       	add	r24, r24
    136a:	99 1f       	adc	r25, r25
    136c:	82 17       	cp	r24, r18
    136e:	93 07       	cpc	r25, r19
    1370:	08 f0       	brcs	.+2      	; 0x1374 <pvPortMalloc+0x100>
    1372:	4e c0       	rjmp	.+156    	; 0x1410 <pvPortMalloc+0x19c>
    1374:	29 81       	ldd	r18, Y+1	; 0x01
    1376:	3a 81       	ldd	r19, Y+2	; 0x02
    1378:	8d 85       	ldd	r24, Y+13	; 0x0d
    137a:	9e 85       	ldd	r25, Y+14	; 0x0e
    137c:	82 0f       	add	r24, r18
    137e:	93 1f       	adc	r25, r19
    1380:	89 87       	std	Y+9, r24	; 0x09
    1382:	9a 87       	std	Y+10, r25	; 0x0a
    1384:	89 81       	ldd	r24, Y+1	; 0x01
    1386:	9a 81       	ldd	r25, Y+2	; 0x02
    1388:	fc 01       	movw	r30, r24
    138a:	22 81       	ldd	r18, Z+2	; 0x02
    138c:	33 81       	ldd	r19, Z+3	; 0x03
    138e:	8d 85       	ldd	r24, Y+13	; 0x0d
    1390:	9e 85       	ldd	r25, Y+14	; 0x0e
    1392:	28 1b       	sub	r18, r24
    1394:	39 0b       	sbc	r19, r25
    1396:	89 85       	ldd	r24, Y+9	; 0x09
    1398:	9a 85       	ldd	r25, Y+10	; 0x0a
    139a:	fc 01       	movw	r30, r24
    139c:	22 83       	std	Z+2, r18	; 0x02
    139e:	33 83       	std	Z+3, r19	; 0x03
    13a0:	89 81       	ldd	r24, Y+1	; 0x01
    13a2:	9a 81       	ldd	r25, Y+2	; 0x02
    13a4:	2d 85       	ldd	r18, Y+13	; 0x0d
    13a6:	3e 85       	ldd	r19, Y+14	; 0x0e
    13a8:	fc 01       	movw	r30, r24
    13aa:	22 83       	std	Z+2, r18	; 0x02
    13ac:	33 83       	std	Z+3, r19	; 0x03
    13ae:	89 85       	ldd	r24, Y+9	; 0x09
    13b0:	9a 85       	ldd	r25, Y+10	; 0x0a
    13b2:	fc 01       	movw	r30, r24
    13b4:	82 81       	ldd	r24, Z+2	; 0x02
    13b6:	93 81       	ldd	r25, Z+3	; 0x03
    13b8:	8b 87       	std	Y+11, r24	; 0x0b
    13ba:	9c 87       	std	Y+12, r25	; 0x0c
    13bc:	88 e8       	ldi	r24, 0x88	; 136
    13be:	92 e2       	ldi	r25, 0x22	; 34
    13c0:	8f 83       	std	Y+7, r24	; 0x07
    13c2:	98 87       	std	Y+8, r25	; 0x08
    13c4:	07 c0       	rjmp	.+14     	; 0x13d4 <pvPortMalloc+0x160>
    13c6:	8f 81       	ldd	r24, Y+7	; 0x07
    13c8:	98 85       	ldd	r25, Y+8	; 0x08
    13ca:	fc 01       	movw	r30, r24
    13cc:	80 81       	ld	r24, Z
    13ce:	91 81       	ldd	r25, Z+1	; 0x01
    13d0:	8f 83       	std	Y+7, r24	; 0x07
    13d2:	98 87       	std	Y+8, r25	; 0x08
    13d4:	8f 81       	ldd	r24, Y+7	; 0x07
    13d6:	98 85       	ldd	r25, Y+8	; 0x08
    13d8:	fc 01       	movw	r30, r24
    13da:	80 81       	ld	r24, Z
    13dc:	91 81       	ldd	r25, Z+1	; 0x01
    13de:	fc 01       	movw	r30, r24
    13e0:	22 81       	ldd	r18, Z+2	; 0x02
    13e2:	33 81       	ldd	r19, Z+3	; 0x03
    13e4:	8b 85       	ldd	r24, Y+11	; 0x0b
    13e6:	9c 85       	ldd	r25, Y+12	; 0x0c
    13e8:	28 17       	cp	r18, r24
    13ea:	39 07       	cpc	r19, r25
    13ec:	60 f3       	brcs	.-40     	; 0x13c6 <pvPortMalloc+0x152>
    13ee:	8f 81       	ldd	r24, Y+7	; 0x07
    13f0:	98 85       	ldd	r25, Y+8	; 0x08
    13f2:	fc 01       	movw	r30, r24
    13f4:	20 81       	ld	r18, Z
    13f6:	31 81       	ldd	r19, Z+1	; 0x01
    13f8:	89 85       	ldd	r24, Y+9	; 0x09
    13fa:	9a 85       	ldd	r25, Y+10	; 0x0a
    13fc:	fc 01       	movw	r30, r24
    13fe:	20 83       	st	Z, r18
    1400:	31 83       	std	Z+1, r19	; 0x01
    1402:	8f 81       	ldd	r24, Y+7	; 0x07
    1404:	98 85       	ldd	r25, Y+8	; 0x08
    1406:	29 85       	ldd	r18, Y+9	; 0x09
    1408:	3a 85       	ldd	r19, Y+10	; 0x0a
    140a:	fc 01       	movw	r30, r24
    140c:	20 83       	st	Z, r18
    140e:	31 83       	std	Z+1, r19	; 0x01
    1410:	20 91 14 20 	lds	r18, 0x2014	; 0x802014 <xFreeBytesRemaining>
    1414:	30 91 15 20 	lds	r19, 0x2015	; 0x802015 <xFreeBytesRemaining+0x1>
    1418:	89 81       	ldd	r24, Y+1	; 0x01
    141a:	9a 81       	ldd	r25, Y+2	; 0x02
    141c:	fc 01       	movw	r30, r24
    141e:	82 81       	ldd	r24, Z+2	; 0x02
    1420:	93 81       	ldd	r25, Z+3	; 0x03
    1422:	a9 01       	movw	r20, r18
    1424:	48 1b       	sub	r20, r24
    1426:	59 0b       	sbc	r21, r25
    1428:	ca 01       	movw	r24, r20
    142a:	80 93 14 20 	sts	0x2014, r24	; 0x802014 <xFreeBytesRemaining>
    142e:	90 93 15 20 	sts	0x2015, r25	; 0x802015 <xFreeBytesRemaining+0x1>
    1432:	0e 94 e1 16 	call	0x2dc2	; 0x2dc2 <xTaskResumeAll>
    1436:	8d 81       	ldd	r24, Y+5	; 0x05
    1438:	9e 81       	ldd	r25, Y+6	; 0x06
    143a:	89 2b       	or	r24, r25
    143c:	11 f4       	brne	.+4      	; 0x1442 <pvPortMalloc+0x1ce>
    143e:	0e 94 7a 20 	call	0x40f4	; 0x40f4 <vApplicationMallocFailedHook>
    1442:	8d 81       	ldd	r24, Y+5	; 0x05
    1444:	9e 81       	ldd	r25, Y+6	; 0x06
    1446:	2e 96       	adiw	r28, 0x0e	; 14
    1448:	cd bf       	out	0x3d, r28	; 61
    144a:	de bf       	out	0x3e, r29	; 62
    144c:	df 91       	pop	r29
    144e:	cf 91       	pop	r28
    1450:	08 95       	ret

00001452 <vPortFree>:
    1452:	cf 93       	push	r28
    1454:	df 93       	push	r29
    1456:	cd b7       	in	r28, 0x3d	; 61
    1458:	de b7       	in	r29, 0x3e	; 62
    145a:	2a 97       	sbiw	r28, 0x0a	; 10
    145c:	cd bf       	out	0x3d, r28	; 61
    145e:	de bf       	out	0x3e, r29	; 62
    1460:	89 87       	std	Y+9, r24	; 0x09
    1462:	9a 87       	std	Y+10, r25	; 0x0a
    1464:	89 85       	ldd	r24, Y+9	; 0x09
    1466:	9a 85       	ldd	r25, Y+10	; 0x0a
    1468:	8b 83       	std	Y+3, r24	; 0x03
    146a:	9c 83       	std	Y+4, r25	; 0x04
    146c:	89 85       	ldd	r24, Y+9	; 0x09
    146e:	9a 85       	ldd	r25, Y+10	; 0x0a
    1470:	89 2b       	or	r24, r25
    1472:	09 f4       	brne	.+2      	; 0x1476 <vPortFree+0x24>
    1474:	53 c0       	rjmp	.+166    	; 0x151c <vPortFree+0xca>
    1476:	84 e0       	ldi	r24, 0x04	; 4
    1478:	90 e0       	ldi	r25, 0x00	; 0
    147a:	91 95       	neg	r25
    147c:	81 95       	neg	r24
    147e:	91 09       	sbc	r25, r1
    1480:	2b 81       	ldd	r18, Y+3	; 0x03
    1482:	3c 81       	ldd	r19, Y+4	; 0x04
    1484:	82 0f       	add	r24, r18
    1486:	93 1f       	adc	r25, r19
    1488:	8b 83       	std	Y+3, r24	; 0x03
    148a:	9c 83       	std	Y+4, r25	; 0x04
    148c:	8b 81       	ldd	r24, Y+3	; 0x03
    148e:	9c 81       	ldd	r25, Y+4	; 0x04
    1490:	8d 83       	std	Y+5, r24	; 0x05
    1492:	9e 83       	std	Y+6, r25	; 0x06
    1494:	0e 94 d4 16 	call	0x2da8	; 0x2da8 <vTaskSuspendAll>
    1498:	8d 81       	ldd	r24, Y+5	; 0x05
    149a:	9e 81       	ldd	r25, Y+6	; 0x06
    149c:	fc 01       	movw	r30, r24
    149e:	82 81       	ldd	r24, Z+2	; 0x02
    14a0:	93 81       	ldd	r25, Z+3	; 0x03
    14a2:	8f 83       	std	Y+7, r24	; 0x07
    14a4:	98 87       	std	Y+8, r25	; 0x08
    14a6:	88 e8       	ldi	r24, 0x88	; 136
    14a8:	92 e2       	ldi	r25, 0x22	; 34
    14aa:	89 83       	std	Y+1, r24	; 0x01
    14ac:	9a 83       	std	Y+2, r25	; 0x02
    14ae:	07 c0       	rjmp	.+14     	; 0x14be <vPortFree+0x6c>
    14b0:	89 81       	ldd	r24, Y+1	; 0x01
    14b2:	9a 81       	ldd	r25, Y+2	; 0x02
    14b4:	fc 01       	movw	r30, r24
    14b6:	80 81       	ld	r24, Z
    14b8:	91 81       	ldd	r25, Z+1	; 0x01
    14ba:	89 83       	std	Y+1, r24	; 0x01
    14bc:	9a 83       	std	Y+2, r25	; 0x02
    14be:	89 81       	ldd	r24, Y+1	; 0x01
    14c0:	9a 81       	ldd	r25, Y+2	; 0x02
    14c2:	fc 01       	movw	r30, r24
    14c4:	80 81       	ld	r24, Z
    14c6:	91 81       	ldd	r25, Z+1	; 0x01
    14c8:	fc 01       	movw	r30, r24
    14ca:	22 81       	ldd	r18, Z+2	; 0x02
    14cc:	33 81       	ldd	r19, Z+3	; 0x03
    14ce:	8f 81       	ldd	r24, Y+7	; 0x07
    14d0:	98 85       	ldd	r25, Y+8	; 0x08
    14d2:	28 17       	cp	r18, r24
    14d4:	39 07       	cpc	r19, r25
    14d6:	60 f3       	brcs	.-40     	; 0x14b0 <vPortFree+0x5e>
    14d8:	89 81       	ldd	r24, Y+1	; 0x01
    14da:	9a 81       	ldd	r25, Y+2	; 0x02
    14dc:	fc 01       	movw	r30, r24
    14de:	20 81       	ld	r18, Z
    14e0:	31 81       	ldd	r19, Z+1	; 0x01
    14e2:	8d 81       	ldd	r24, Y+5	; 0x05
    14e4:	9e 81       	ldd	r25, Y+6	; 0x06
    14e6:	fc 01       	movw	r30, r24
    14e8:	20 83       	st	Z, r18
    14ea:	31 83       	std	Z+1, r19	; 0x01
    14ec:	89 81       	ldd	r24, Y+1	; 0x01
    14ee:	9a 81       	ldd	r25, Y+2	; 0x02
    14f0:	2d 81       	ldd	r18, Y+5	; 0x05
    14f2:	3e 81       	ldd	r19, Y+6	; 0x06
    14f4:	fc 01       	movw	r30, r24
    14f6:	20 83       	st	Z, r18
    14f8:	31 83       	std	Z+1, r19	; 0x01
    14fa:	8d 81       	ldd	r24, Y+5	; 0x05
    14fc:	9e 81       	ldd	r25, Y+6	; 0x06
    14fe:	fc 01       	movw	r30, r24
    1500:	22 81       	ldd	r18, Z+2	; 0x02
    1502:	33 81       	ldd	r19, Z+3	; 0x03
    1504:	80 91 14 20 	lds	r24, 0x2014	; 0x802014 <xFreeBytesRemaining>
    1508:	90 91 15 20 	lds	r25, 0x2015	; 0x802015 <xFreeBytesRemaining+0x1>
    150c:	82 0f       	add	r24, r18
    150e:	93 1f       	adc	r25, r19
    1510:	80 93 14 20 	sts	0x2014, r24	; 0x802014 <xFreeBytesRemaining>
    1514:	90 93 15 20 	sts	0x2015, r25	; 0x802015 <xFreeBytesRemaining+0x1>
    1518:	0e 94 e1 16 	call	0x2dc2	; 0x2dc2 <xTaskResumeAll>
    151c:	00 00       	nop
    151e:	2a 96       	adiw	r28, 0x0a	; 10
    1520:	cd bf       	out	0x3d, r28	; 61
    1522:	de bf       	out	0x3e, r29	; 62
    1524:	df 91       	pop	r29
    1526:	cf 91       	pop	r28
    1528:	08 95       	ret

0000152a <prvHeapInit>:
/*-----------------------------------------------------------*/

static void prvHeapInit( void )
{
    152a:	cf 93       	push	r28
    152c:	df 93       	push	r29
    152e:	00 d0       	rcall	.+0      	; 0x1530 <prvHeapInit+0x6>
    1530:	1f 92       	push	r1
    1532:	cd b7       	in	r28, 0x3d	; 61
    1534:	de b7       	in	r29, 0x3e	; 62
BlockLink_t *pxFirstFreeBlock;
uint8_t *pucAlignedHeap;

	/* Ensure the heap starts on a correctly aligned boundary. */
	pucAlignedHeap = ( uint8_t * ) ( ( ( portPOINTER_SIZE_TYPE ) &ucHeap[ portBYTE_ALIGNMENT ] ) & ( ~( ( portPOINTER_SIZE_TYPE ) portBYTE_ALIGNMENT_MASK ) ) );
    1536:	80 91 3c 23 	lds	r24, 0x233C	; 0x80233c <ucHeap>
    153a:	90 91 3d 23 	lds	r25, 0x233D	; 0x80233d <ucHeap+0x1>
    153e:	01 96       	adiw	r24, 0x01	; 1
    1540:	89 83       	std	Y+1, r24	; 0x01
    1542:	9a 83       	std	Y+2, r25	; 0x02

	/* xStart is used to hold a pointer to the first item in the list of free
	blocks.  The void cast is used to prevent compiler warnings. */
	xStart.pxNextFreeBlock = ( void * ) pucAlignedHeap;
    1544:	89 81       	ldd	r24, Y+1	; 0x01
    1546:	9a 81       	ldd	r25, Y+2	; 0x02
    1548:	80 93 88 22 	sts	0x2288, r24	; 0x802288 <xStart>
    154c:	90 93 89 22 	sts	0x2289, r25	; 0x802289 <xStart+0x1>
	xStart.xBlockSize = ( size_t ) 0;
    1550:	10 92 8a 22 	sts	0x228A, r1	; 0x80228a <xStart+0x2>
    1554:	10 92 8b 22 	sts	0x228B, r1	; 0x80228b <xStart+0x3>

	/* xEnd is used to mark the end of the list of free blocks. */
	xEnd.xBlockSize = configADJUSTED_HEAP_SIZE;
    1558:	8f ef       	ldi	r24, 0xFF	; 255
    155a:	9f e3       	ldi	r25, 0x3F	; 63
    155c:	80 93 8e 22 	sts	0x228E, r24	; 0x80228e <xEnd+0x2>
    1560:	90 93 8f 22 	sts	0x228F, r25	; 0x80228f <xEnd+0x3>
	xEnd.pxNextFreeBlock = NULL;
    1564:	10 92 8c 22 	sts	0x228C, r1	; 0x80228c <xEnd>
    1568:	10 92 8d 22 	sts	0x228D, r1	; 0x80228d <xEnd+0x1>

	/* To start with there is a single free block that is sized to take up the
	entire heap space. */
	pxFirstFreeBlock = ( void * ) pucAlignedHeap;
    156c:	89 81       	ldd	r24, Y+1	; 0x01
    156e:	9a 81       	ldd	r25, Y+2	; 0x02
    1570:	8b 83       	std	Y+3, r24	; 0x03
    1572:	9c 83       	std	Y+4, r25	; 0x04
	pxFirstFreeBlock->xBlockSize = configADJUSTED_HEAP_SIZE;
    1574:	8b 81       	ldd	r24, Y+3	; 0x03
    1576:	9c 81       	ldd	r25, Y+4	; 0x04
    1578:	2f ef       	ldi	r18, 0xFF	; 255
    157a:	3f e3       	ldi	r19, 0x3F	; 63
    157c:	fc 01       	movw	r30, r24
    157e:	22 83       	std	Z+2, r18	; 0x02
    1580:	33 83       	std	Z+3, r19	; 0x03
	pxFirstFreeBlock->pxNextFreeBlock = &xEnd;
    1582:	8b 81       	ldd	r24, Y+3	; 0x03
    1584:	9c 81       	ldd	r25, Y+4	; 0x04
    1586:	2c e8       	ldi	r18, 0x8C	; 140
    1588:	32 e2       	ldi	r19, 0x22	; 34
    158a:	fc 01       	movw	r30, r24
    158c:	20 83       	st	Z, r18
    158e:	31 83       	std	Z+1, r19	; 0x01
}
    1590:	00 00       	nop
    1592:	24 96       	adiw	r28, 0x04	; 4
    1594:	cd bf       	out	0x3d, r28	; 61
    1596:	de bf       	out	0x3e, r29	; 62
    1598:	df 91       	pop	r29
    159a:	cf 91       	pop	r28
    159c:	08 95       	ret

0000159e <vListInitialise>:
/*-----------------------------------------------------------
 * PUBLIC LIST API documented in list.h
 *----------------------------------------------------------*/

void vListInitialise( List_t * const pxList )
{
    159e:	cf 93       	push	r28
    15a0:	df 93       	push	r29
    15a2:	1f 92       	push	r1
    15a4:	1f 92       	push	r1
    15a6:	cd b7       	in	r28, 0x3d	; 61
    15a8:	de b7       	in	r29, 0x3e	; 62
    15aa:	89 83       	std	Y+1, r24	; 0x01
    15ac:	9a 83       	std	Y+2, r25	; 0x02
	/* The list structure contains a list item which is used to mark the
	end of the list.  To initialise the list the list end is inserted
	as the only list entry. */
	pxList->pxIndex = ( ListItem_t * ) &( pxList->xListEnd );			/*lint !e826 !e740 !e9087 The mini list structure is used as the list end to save RAM.  This is checked and valid. */
    15ae:	89 81       	ldd	r24, Y+1	; 0x01
    15b0:	9a 81       	ldd	r25, Y+2	; 0x02
    15b2:	9c 01       	movw	r18, r24
    15b4:	2d 5f       	subi	r18, 0xFD	; 253
    15b6:	3f 4f       	sbci	r19, 0xFF	; 255
    15b8:	89 81       	ldd	r24, Y+1	; 0x01
    15ba:	9a 81       	ldd	r25, Y+2	; 0x02
    15bc:	fc 01       	movw	r30, r24
    15be:	21 83       	std	Z+1, r18	; 0x01
    15c0:	32 83       	std	Z+2, r19	; 0x02

	/* The list end value is the highest possible value in the list to
	ensure it remains at the end of the list. */
	pxList->xListEnd.xItemValue = portMAX_DELAY;
    15c2:	89 81       	ldd	r24, Y+1	; 0x01
    15c4:	9a 81       	ldd	r25, Y+2	; 0x02
    15c6:	2f ef       	ldi	r18, 0xFF	; 255
    15c8:	3f ef       	ldi	r19, 0xFF	; 255
    15ca:	fc 01       	movw	r30, r24
    15cc:	23 83       	std	Z+3, r18	; 0x03
    15ce:	34 83       	std	Z+4, r19	; 0x04

	/* The list end next and previous pointers point to itself so we know
	when the list is empty. */
	pxList->xListEnd.pxNext = ( ListItem_t * ) &( pxList->xListEnd );	/*lint !e826 !e740 !e9087 The mini list structure is used as the list end to save RAM.  This is checked and valid. */
    15d0:	89 81       	ldd	r24, Y+1	; 0x01
    15d2:	9a 81       	ldd	r25, Y+2	; 0x02
    15d4:	9c 01       	movw	r18, r24
    15d6:	2d 5f       	subi	r18, 0xFD	; 253
    15d8:	3f 4f       	sbci	r19, 0xFF	; 255
    15da:	89 81       	ldd	r24, Y+1	; 0x01
    15dc:	9a 81       	ldd	r25, Y+2	; 0x02
    15de:	fc 01       	movw	r30, r24
    15e0:	25 83       	std	Z+5, r18	; 0x05
    15e2:	36 83       	std	Z+6, r19	; 0x06
	pxList->xListEnd.pxPrevious = ( ListItem_t * ) &( pxList->xListEnd );/*lint !e826 !e740 !e9087 The mini list structure is used as the list end to save RAM.  This is checked and valid. */
    15e4:	89 81       	ldd	r24, Y+1	; 0x01
    15e6:	9a 81       	ldd	r25, Y+2	; 0x02
    15e8:	9c 01       	movw	r18, r24
    15ea:	2d 5f       	subi	r18, 0xFD	; 253
    15ec:	3f 4f       	sbci	r19, 0xFF	; 255
    15ee:	89 81       	ldd	r24, Y+1	; 0x01
    15f0:	9a 81       	ldd	r25, Y+2	; 0x02
    15f2:	fc 01       	movw	r30, r24
    15f4:	27 83       	std	Z+7, r18	; 0x07
    15f6:	30 87       	std	Z+8, r19	; 0x08

	pxList->uxNumberOfItems = ( UBaseType_t ) 0U;
    15f8:	89 81       	ldd	r24, Y+1	; 0x01
    15fa:	9a 81       	ldd	r25, Y+2	; 0x02
    15fc:	fc 01       	movw	r30, r24
    15fe:	10 82       	st	Z, r1

	/* Write known values into the list if
	configUSE_LIST_DATA_INTEGRITY_CHECK_BYTES is set to 1. */
	listSET_LIST_INTEGRITY_CHECK_1_VALUE( pxList );
	listSET_LIST_INTEGRITY_CHECK_2_VALUE( pxList );
}
    1600:	00 00       	nop
    1602:	0f 90       	pop	r0
    1604:	0f 90       	pop	r0
    1606:	df 91       	pop	r29
    1608:	cf 91       	pop	r28
    160a:	08 95       	ret

0000160c <vListInitialiseItem>:
/*-----------------------------------------------------------*/

void vListInitialiseItem( ListItem_t * const pxItem )
{
    160c:	cf 93       	push	r28
    160e:	df 93       	push	r29
    1610:	1f 92       	push	r1
    1612:	1f 92       	push	r1
    1614:	cd b7       	in	r28, 0x3d	; 61
    1616:	de b7       	in	r29, 0x3e	; 62
    1618:	89 83       	std	Y+1, r24	; 0x01
    161a:	9a 83       	std	Y+2, r25	; 0x02
	/* Make sure the list item is not recorded as being on a list. */
	pxItem->pxContainer = NULL;
    161c:	89 81       	ldd	r24, Y+1	; 0x01
    161e:	9a 81       	ldd	r25, Y+2	; 0x02
    1620:	fc 01       	movw	r30, r24
    1622:	10 86       	std	Z+8, r1	; 0x08
    1624:	11 86       	std	Z+9, r1	; 0x09

	/* Write known values into the list item if
	configUSE_LIST_DATA_INTEGRITY_CHECK_BYTES is set to 1. */
	listSET_FIRST_LIST_ITEM_INTEGRITY_CHECK_VALUE( pxItem );
	listSET_SECOND_LIST_ITEM_INTEGRITY_CHECK_VALUE( pxItem );
}
    1626:	00 00       	nop
    1628:	0f 90       	pop	r0
    162a:	0f 90       	pop	r0
    162c:	df 91       	pop	r29
    162e:	cf 91       	pop	r28
    1630:	08 95       	ret

00001632 <vListInsertEnd>:
/*-----------------------------------------------------------*/

void vListInsertEnd( List_t * const pxList, ListItem_t * const pxNewListItem )
{
    1632:	cf 93       	push	r28
    1634:	df 93       	push	r29
    1636:	00 d0       	rcall	.+0      	; 0x1638 <vListInsertEnd+0x6>
    1638:	00 d0       	rcall	.+0      	; 0x163a <vListInsertEnd+0x8>
    163a:	cd b7       	in	r28, 0x3d	; 61
    163c:	de b7       	in	r29, 0x3e	; 62
    163e:	8b 83       	std	Y+3, r24	; 0x03
    1640:	9c 83       	std	Y+4, r25	; 0x04
    1642:	6d 83       	std	Y+5, r22	; 0x05
    1644:	7e 83       	std	Y+6, r23	; 0x06
ListItem_t * const pxIndex = pxList->pxIndex;
    1646:	8b 81       	ldd	r24, Y+3	; 0x03
    1648:	9c 81       	ldd	r25, Y+4	; 0x04
    164a:	fc 01       	movw	r30, r24
    164c:	81 81       	ldd	r24, Z+1	; 0x01
    164e:	92 81       	ldd	r25, Z+2	; 0x02
    1650:	89 83       	std	Y+1, r24	; 0x01
    1652:	9a 83       	std	Y+2, r25	; 0x02
	listTEST_LIST_ITEM_INTEGRITY( pxNewListItem );

	/* Insert a new list item into pxList, but rather than sort the list,
	makes the new list item the last item to be removed by a call to
	listGET_OWNER_OF_NEXT_ENTRY(). */
	pxNewListItem->pxNext = pxIndex;
    1654:	8d 81       	ldd	r24, Y+5	; 0x05
    1656:	9e 81       	ldd	r25, Y+6	; 0x06
    1658:	29 81       	ldd	r18, Y+1	; 0x01
    165a:	3a 81       	ldd	r19, Y+2	; 0x02
    165c:	fc 01       	movw	r30, r24
    165e:	22 83       	std	Z+2, r18	; 0x02
    1660:	33 83       	std	Z+3, r19	; 0x03
	pxNewListItem->pxPrevious = pxIndex->pxPrevious;
    1662:	89 81       	ldd	r24, Y+1	; 0x01
    1664:	9a 81       	ldd	r25, Y+2	; 0x02
    1666:	fc 01       	movw	r30, r24
    1668:	24 81       	ldd	r18, Z+4	; 0x04
    166a:	35 81       	ldd	r19, Z+5	; 0x05
    166c:	8d 81       	ldd	r24, Y+5	; 0x05
    166e:	9e 81       	ldd	r25, Y+6	; 0x06
    1670:	fc 01       	movw	r30, r24
    1672:	24 83       	std	Z+4, r18	; 0x04
    1674:	35 83       	std	Z+5, r19	; 0x05

	/* Only used during decision coverage testing. */
	mtCOVERAGE_TEST_DELAY();

	pxIndex->pxPrevious->pxNext = pxNewListItem;
    1676:	89 81       	ldd	r24, Y+1	; 0x01
    1678:	9a 81       	ldd	r25, Y+2	; 0x02
    167a:	fc 01       	movw	r30, r24
    167c:	84 81       	ldd	r24, Z+4	; 0x04
    167e:	95 81       	ldd	r25, Z+5	; 0x05
    1680:	2d 81       	ldd	r18, Y+5	; 0x05
    1682:	3e 81       	ldd	r19, Y+6	; 0x06
    1684:	fc 01       	movw	r30, r24
    1686:	22 83       	std	Z+2, r18	; 0x02
    1688:	33 83       	std	Z+3, r19	; 0x03
	pxIndex->pxPrevious = pxNewListItem;
    168a:	89 81       	ldd	r24, Y+1	; 0x01
    168c:	9a 81       	ldd	r25, Y+2	; 0x02
    168e:	2d 81       	ldd	r18, Y+5	; 0x05
    1690:	3e 81       	ldd	r19, Y+6	; 0x06
    1692:	fc 01       	movw	r30, r24
    1694:	24 83       	std	Z+4, r18	; 0x04
    1696:	35 83       	std	Z+5, r19	; 0x05

	/* Remember which list the item is in. */
	pxNewListItem->pxContainer = pxList;
    1698:	8d 81       	ldd	r24, Y+5	; 0x05
    169a:	9e 81       	ldd	r25, Y+6	; 0x06
    169c:	2b 81       	ldd	r18, Y+3	; 0x03
    169e:	3c 81       	ldd	r19, Y+4	; 0x04
    16a0:	fc 01       	movw	r30, r24
    16a2:	20 87       	std	Z+8, r18	; 0x08
    16a4:	31 87       	std	Z+9, r19	; 0x09

	( pxList->uxNumberOfItems )++;
    16a6:	8b 81       	ldd	r24, Y+3	; 0x03
    16a8:	9c 81       	ldd	r25, Y+4	; 0x04
    16aa:	fc 01       	movw	r30, r24
    16ac:	80 81       	ld	r24, Z
    16ae:	21 e0       	ldi	r18, 0x01	; 1
    16b0:	28 0f       	add	r18, r24
    16b2:	8b 81       	ldd	r24, Y+3	; 0x03
    16b4:	9c 81       	ldd	r25, Y+4	; 0x04
    16b6:	fc 01       	movw	r30, r24
    16b8:	20 83       	st	Z, r18
}
    16ba:	00 00       	nop
    16bc:	26 96       	adiw	r28, 0x06	; 6
    16be:	cd bf       	out	0x3d, r28	; 61
    16c0:	de bf       	out	0x3e, r29	; 62
    16c2:	df 91       	pop	r29
    16c4:	cf 91       	pop	r28
    16c6:	08 95       	ret

000016c8 <vListInsert>:
/*-----------------------------------------------------------*/

void vListInsert( List_t * const pxList, ListItem_t * const pxNewListItem )
{
    16c8:	cf 93       	push	r28
    16ca:	df 93       	push	r29
    16cc:	cd b7       	in	r28, 0x3d	; 61
    16ce:	de b7       	in	r29, 0x3e	; 62
    16d0:	28 97       	sbiw	r28, 0x08	; 8
    16d2:	cd bf       	out	0x3d, r28	; 61
    16d4:	de bf       	out	0x3e, r29	; 62
    16d6:	8d 83       	std	Y+5, r24	; 0x05
    16d8:	9e 83       	std	Y+6, r25	; 0x06
    16da:	6f 83       	std	Y+7, r22	; 0x07
    16dc:	78 87       	std	Y+8, r23	; 0x08
ListItem_t *pxIterator;
const TickType_t xValueOfInsertion = pxNewListItem->xItemValue;
    16de:	8f 81       	ldd	r24, Y+7	; 0x07
    16e0:	98 85       	ldd	r25, Y+8	; 0x08
    16e2:	fc 01       	movw	r30, r24
    16e4:	80 81       	ld	r24, Z
    16e6:	91 81       	ldd	r25, Z+1	; 0x01
    16e8:	8b 83       	std	Y+3, r24	; 0x03
    16ea:	9c 83       	std	Y+4, r25	; 0x04
	new list item should be placed after it.  This ensures that TCBs which are
	stored in ready lists (all of which have the same xItemValue value) get a
	share of the CPU.  However, if the xItemValue is the same as the back marker
	the iteration loop below will not end.  Therefore the value is checked
	first, and the algorithm slightly modified if necessary. */
	if( xValueOfInsertion == portMAX_DELAY )
    16ec:	8b 81       	ldd	r24, Y+3	; 0x03
    16ee:	9c 81       	ldd	r25, Y+4	; 0x04
    16f0:	01 96       	adiw	r24, 0x01	; 1
    16f2:	41 f4       	brne	.+16     	; 0x1704 <vListInsert+0x3c>
	{
		pxIterator = pxList->xListEnd.pxPrevious;
    16f4:	8d 81       	ldd	r24, Y+5	; 0x05
    16f6:	9e 81       	ldd	r25, Y+6	; 0x06
    16f8:	fc 01       	movw	r30, r24
    16fa:	87 81       	ldd	r24, Z+7	; 0x07
    16fc:	90 85       	ldd	r25, Z+8	; 0x08
    16fe:	89 83       	std	Y+1, r24	; 0x01
    1700:	9a 83       	std	Y+2, r25	; 0x02
    1702:	1a c0       	rjmp	.+52     	; 0x1738 <vListInsert+0x70>
			4) Using a queue or semaphore before it has been initialised or
			   before the scheduler has been started (are interrupts firing
			   before vTaskStartScheduler() has been called?).
		**********************************************************************/

		for( pxIterator = ( ListItem_t * ) &( pxList->xListEnd ); pxIterator->pxNext->xItemValue <= xValueOfInsertion; pxIterator = pxIterator->pxNext ) /*lint !e826 !e740 !e9087 The mini list structure is used as the list end to save RAM.  This is checked and valid. *//*lint !e440 The iterator moves to a different value, not xValueOfInsertion. */
    1704:	8d 81       	ldd	r24, Y+5	; 0x05
    1706:	9e 81       	ldd	r25, Y+6	; 0x06
    1708:	03 96       	adiw	r24, 0x03	; 3
    170a:	89 83       	std	Y+1, r24	; 0x01
    170c:	9a 83       	std	Y+2, r25	; 0x02
    170e:	07 c0       	rjmp	.+14     	; 0x171e <vListInsert+0x56>
    1710:	89 81       	ldd	r24, Y+1	; 0x01
    1712:	9a 81       	ldd	r25, Y+2	; 0x02
    1714:	fc 01       	movw	r30, r24
    1716:	82 81       	ldd	r24, Z+2	; 0x02
    1718:	93 81       	ldd	r25, Z+3	; 0x03
    171a:	89 83       	std	Y+1, r24	; 0x01
    171c:	9a 83       	std	Y+2, r25	; 0x02
    171e:	89 81       	ldd	r24, Y+1	; 0x01
    1720:	9a 81       	ldd	r25, Y+2	; 0x02
    1722:	fc 01       	movw	r30, r24
    1724:	82 81       	ldd	r24, Z+2	; 0x02
    1726:	93 81       	ldd	r25, Z+3	; 0x03
    1728:	fc 01       	movw	r30, r24
    172a:	20 81       	ld	r18, Z
    172c:	31 81       	ldd	r19, Z+1	; 0x01
    172e:	8b 81       	ldd	r24, Y+3	; 0x03
    1730:	9c 81       	ldd	r25, Y+4	; 0x04
    1732:	82 17       	cp	r24, r18
    1734:	93 07       	cpc	r25, r19
    1736:	60 f7       	brcc	.-40     	; 0x1710 <vListInsert+0x48>
			/* There is nothing to do here, just iterating to the wanted
			insertion position. */
		}
	}

	pxNewListItem->pxNext = pxIterator->pxNext;
    1738:	89 81       	ldd	r24, Y+1	; 0x01
    173a:	9a 81       	ldd	r25, Y+2	; 0x02
    173c:	fc 01       	movw	r30, r24
    173e:	22 81       	ldd	r18, Z+2	; 0x02
    1740:	33 81       	ldd	r19, Z+3	; 0x03
    1742:	8f 81       	ldd	r24, Y+7	; 0x07
    1744:	98 85       	ldd	r25, Y+8	; 0x08
    1746:	fc 01       	movw	r30, r24
    1748:	22 83       	std	Z+2, r18	; 0x02
    174a:	33 83       	std	Z+3, r19	; 0x03
	pxNewListItem->pxNext->pxPrevious = pxNewListItem;
    174c:	8f 81       	ldd	r24, Y+7	; 0x07
    174e:	98 85       	ldd	r25, Y+8	; 0x08
    1750:	fc 01       	movw	r30, r24
    1752:	82 81       	ldd	r24, Z+2	; 0x02
    1754:	93 81       	ldd	r25, Z+3	; 0x03
    1756:	2f 81       	ldd	r18, Y+7	; 0x07
    1758:	38 85       	ldd	r19, Y+8	; 0x08
    175a:	fc 01       	movw	r30, r24
    175c:	24 83       	std	Z+4, r18	; 0x04
    175e:	35 83       	std	Z+5, r19	; 0x05
	pxNewListItem->pxPrevious = pxIterator;
    1760:	8f 81       	ldd	r24, Y+7	; 0x07
    1762:	98 85       	ldd	r25, Y+8	; 0x08
    1764:	29 81       	ldd	r18, Y+1	; 0x01
    1766:	3a 81       	ldd	r19, Y+2	; 0x02
    1768:	fc 01       	movw	r30, r24
    176a:	24 83       	std	Z+4, r18	; 0x04
    176c:	35 83       	std	Z+5, r19	; 0x05
	pxIterator->pxNext = pxNewListItem;
    176e:	89 81       	ldd	r24, Y+1	; 0x01
    1770:	9a 81       	ldd	r25, Y+2	; 0x02
    1772:	2f 81       	ldd	r18, Y+7	; 0x07
    1774:	38 85       	ldd	r19, Y+8	; 0x08
    1776:	fc 01       	movw	r30, r24
    1778:	22 83       	std	Z+2, r18	; 0x02
    177a:	33 83       	std	Z+3, r19	; 0x03

	/* Remember which list the item is in.  This allows fast removal of the
	item later. */
	pxNewListItem->pxContainer = pxList;
    177c:	8f 81       	ldd	r24, Y+7	; 0x07
    177e:	98 85       	ldd	r25, Y+8	; 0x08
    1780:	2d 81       	ldd	r18, Y+5	; 0x05
    1782:	3e 81       	ldd	r19, Y+6	; 0x06
    1784:	fc 01       	movw	r30, r24
    1786:	20 87       	std	Z+8, r18	; 0x08
    1788:	31 87       	std	Z+9, r19	; 0x09

	( pxList->uxNumberOfItems )++;
    178a:	8d 81       	ldd	r24, Y+5	; 0x05
    178c:	9e 81       	ldd	r25, Y+6	; 0x06
    178e:	fc 01       	movw	r30, r24
    1790:	80 81       	ld	r24, Z
    1792:	21 e0       	ldi	r18, 0x01	; 1
    1794:	28 0f       	add	r18, r24
    1796:	8d 81       	ldd	r24, Y+5	; 0x05
    1798:	9e 81       	ldd	r25, Y+6	; 0x06
    179a:	fc 01       	movw	r30, r24
    179c:	20 83       	st	Z, r18
}
    179e:	00 00       	nop
    17a0:	28 96       	adiw	r28, 0x08	; 8
    17a2:	cd bf       	out	0x3d, r28	; 61
    17a4:	de bf       	out	0x3e, r29	; 62
    17a6:	df 91       	pop	r29
    17a8:	cf 91       	pop	r28
    17aa:	08 95       	ret

000017ac <uxListRemove>:
/*-----------------------------------------------------------*/

UBaseType_t uxListRemove( ListItem_t * const pxItemToRemove )
{
    17ac:	cf 93       	push	r28
    17ae:	df 93       	push	r29
    17b0:	00 d0       	rcall	.+0      	; 0x17b2 <uxListRemove+0x6>
    17b2:	1f 92       	push	r1
    17b4:	cd b7       	in	r28, 0x3d	; 61
    17b6:	de b7       	in	r29, 0x3e	; 62
    17b8:	8b 83       	std	Y+3, r24	; 0x03
    17ba:	9c 83       	std	Y+4, r25	; 0x04
/* The list item knows which list it is in.  Obtain the list from the list
item. */
List_t * const pxList = pxItemToRemove->pxContainer;
    17bc:	8b 81       	ldd	r24, Y+3	; 0x03
    17be:	9c 81       	ldd	r25, Y+4	; 0x04
    17c0:	fc 01       	movw	r30, r24
    17c2:	80 85       	ldd	r24, Z+8	; 0x08
    17c4:	91 85       	ldd	r25, Z+9	; 0x09
    17c6:	89 83       	std	Y+1, r24	; 0x01
    17c8:	9a 83       	std	Y+2, r25	; 0x02

	pxItemToRemove->pxNext->pxPrevious = pxItemToRemove->pxPrevious;
    17ca:	8b 81       	ldd	r24, Y+3	; 0x03
    17cc:	9c 81       	ldd	r25, Y+4	; 0x04
    17ce:	fc 01       	movw	r30, r24
    17d0:	82 81       	ldd	r24, Z+2	; 0x02
    17d2:	93 81       	ldd	r25, Z+3	; 0x03
    17d4:	2b 81       	ldd	r18, Y+3	; 0x03
    17d6:	3c 81       	ldd	r19, Y+4	; 0x04
    17d8:	f9 01       	movw	r30, r18
    17da:	24 81       	ldd	r18, Z+4	; 0x04
    17dc:	35 81       	ldd	r19, Z+5	; 0x05
    17de:	fc 01       	movw	r30, r24
    17e0:	24 83       	std	Z+4, r18	; 0x04
    17e2:	35 83       	std	Z+5, r19	; 0x05
	pxItemToRemove->pxPrevious->pxNext = pxItemToRemove->pxNext;
    17e4:	8b 81       	ldd	r24, Y+3	; 0x03
    17e6:	9c 81       	ldd	r25, Y+4	; 0x04
    17e8:	fc 01       	movw	r30, r24
    17ea:	84 81       	ldd	r24, Z+4	; 0x04
    17ec:	95 81       	ldd	r25, Z+5	; 0x05
    17ee:	2b 81       	ldd	r18, Y+3	; 0x03
    17f0:	3c 81       	ldd	r19, Y+4	; 0x04
    17f2:	f9 01       	movw	r30, r18
    17f4:	22 81       	ldd	r18, Z+2	; 0x02
    17f6:	33 81       	ldd	r19, Z+3	; 0x03
    17f8:	fc 01       	movw	r30, r24
    17fa:	22 83       	std	Z+2, r18	; 0x02
    17fc:	33 83       	std	Z+3, r19	; 0x03

	/* Only used during decision coverage testing. */
	mtCOVERAGE_TEST_DELAY();

	/* Make sure the index is left pointing to a valid item. */
	if( pxList->pxIndex == pxItemToRemove )
    17fe:	89 81       	ldd	r24, Y+1	; 0x01
    1800:	9a 81       	ldd	r25, Y+2	; 0x02
    1802:	fc 01       	movw	r30, r24
    1804:	21 81       	ldd	r18, Z+1	; 0x01
    1806:	32 81       	ldd	r19, Z+2	; 0x02
    1808:	8b 81       	ldd	r24, Y+3	; 0x03
    180a:	9c 81       	ldd	r25, Y+4	; 0x04
    180c:	28 17       	cp	r18, r24
    180e:	39 07       	cpc	r19, r25
    1810:	51 f4       	brne	.+20     	; 0x1826 <uxListRemove+0x7a>
	{
		pxList->pxIndex = pxItemToRemove->pxPrevious;
    1812:	8b 81       	ldd	r24, Y+3	; 0x03
    1814:	9c 81       	ldd	r25, Y+4	; 0x04
    1816:	fc 01       	movw	r30, r24
    1818:	24 81       	ldd	r18, Z+4	; 0x04
    181a:	35 81       	ldd	r19, Z+5	; 0x05
    181c:	89 81       	ldd	r24, Y+1	; 0x01
    181e:	9a 81       	ldd	r25, Y+2	; 0x02
    1820:	fc 01       	movw	r30, r24
    1822:	21 83       	std	Z+1, r18	; 0x01
    1824:	32 83       	std	Z+2, r19	; 0x02
	else
	{
		mtCOVERAGE_TEST_MARKER();
	}

	pxItemToRemove->pxContainer = NULL;
    1826:	8b 81       	ldd	r24, Y+3	; 0x03
    1828:	9c 81       	ldd	r25, Y+4	; 0x04
    182a:	fc 01       	movw	r30, r24
    182c:	10 86       	std	Z+8, r1	; 0x08
    182e:	11 86       	std	Z+9, r1	; 0x09
	( pxList->uxNumberOfItems )--;
    1830:	89 81       	ldd	r24, Y+1	; 0x01
    1832:	9a 81       	ldd	r25, Y+2	; 0x02
    1834:	fc 01       	movw	r30, r24
    1836:	80 81       	ld	r24, Z
    1838:	2f ef       	ldi	r18, 0xFF	; 255
    183a:	28 0f       	add	r18, r24
    183c:	89 81       	ldd	r24, Y+1	; 0x01
    183e:	9a 81       	ldd	r25, Y+2	; 0x02
    1840:	fc 01       	movw	r30, r24
    1842:	20 83       	st	Z, r18

	return pxList->uxNumberOfItems;
    1844:	89 81       	ldd	r24, Y+1	; 0x01
    1846:	9a 81       	ldd	r25, Y+2	; 0x02
    1848:	fc 01       	movw	r30, r24
    184a:	80 81       	ld	r24, Z
}
    184c:	24 96       	adiw	r28, 0x04	; 4
    184e:	cd bf       	out	0x3d, r28	; 61
    1850:	de bf       	out	0x3e, r29	; 62
    1852:	df 91       	pop	r29
    1854:	cf 91       	pop	r28
    1856:	08 95       	ret

00001858 <pxPortInitialiseStack>:
void vPortYieldISR( void )
{
	TCC0.CCA=TCC0.CNT+100;
	if (TCC0.CCA>=TCC0.PER) TCC0.CCA-= TCC0.PER;
	asm volatile ( "ret" );
}
    1858:	cf 93       	push	r28
    185a:	df 93       	push	r29
    185c:	cd b7       	in	r28, 0x3d	; 61
    185e:	de b7       	in	r29, 0x3e	; 62
    1860:	28 97       	sbiw	r28, 0x08	; 8
    1862:	cd bf       	out	0x3d, r28	; 61
    1864:	de bf       	out	0x3e, r29	; 62
    1866:	8b 83       	std	Y+3, r24	; 0x03
    1868:	9c 83       	std	Y+4, r25	; 0x04
    186a:	6d 83       	std	Y+5, r22	; 0x05
    186c:	7e 83       	std	Y+6, r23	; 0x06
    186e:	4f 83       	std	Y+7, r20	; 0x07
    1870:	58 87       	std	Y+8, r21	; 0x08
    1872:	8b 81       	ldd	r24, Y+3	; 0x03
    1874:	9c 81       	ldd	r25, Y+4	; 0x04
    1876:	21 e1       	ldi	r18, 0x11	; 17
    1878:	fc 01       	movw	r30, r24
    187a:	20 83       	st	Z, r18
    187c:	8b 81       	ldd	r24, Y+3	; 0x03
    187e:	9c 81       	ldd	r25, Y+4	; 0x04
    1880:	01 97       	sbiw	r24, 0x01	; 1
    1882:	8b 83       	std	Y+3, r24	; 0x03
    1884:	9c 83       	std	Y+4, r25	; 0x04
    1886:	8b 81       	ldd	r24, Y+3	; 0x03
    1888:	9c 81       	ldd	r25, Y+4	; 0x04
    188a:	22 e2       	ldi	r18, 0x22	; 34
    188c:	fc 01       	movw	r30, r24
    188e:	20 83       	st	Z, r18
    1890:	8b 81       	ldd	r24, Y+3	; 0x03
    1892:	9c 81       	ldd	r25, Y+4	; 0x04
    1894:	01 97       	sbiw	r24, 0x01	; 1
    1896:	8b 83       	std	Y+3, r24	; 0x03
    1898:	9c 83       	std	Y+4, r25	; 0x04
    189a:	8b 81       	ldd	r24, Y+3	; 0x03
    189c:	9c 81       	ldd	r25, Y+4	; 0x04
    189e:	23 e3       	ldi	r18, 0x33	; 51
    18a0:	fc 01       	movw	r30, r24
    18a2:	20 83       	st	Z, r18
    18a4:	8b 81       	ldd	r24, Y+3	; 0x03
    18a6:	9c 81       	ldd	r25, Y+4	; 0x04
    18a8:	01 97       	sbiw	r24, 0x01	; 1
    18aa:	8b 83       	std	Y+3, r24	; 0x03
    18ac:	9c 83       	std	Y+4, r25	; 0x04
    18ae:	8d 81       	ldd	r24, Y+5	; 0x05
    18b0:	9e 81       	ldd	r25, Y+6	; 0x06
    18b2:	89 83       	std	Y+1, r24	; 0x01
    18b4:	9a 83       	std	Y+2, r25	; 0x02
    18b6:	29 81       	ldd	r18, Y+1	; 0x01
    18b8:	8b 81       	ldd	r24, Y+3	; 0x03
    18ba:	9c 81       	ldd	r25, Y+4	; 0x04
    18bc:	fc 01       	movw	r30, r24
    18be:	20 83       	st	Z, r18
    18c0:	8b 81       	ldd	r24, Y+3	; 0x03
    18c2:	9c 81       	ldd	r25, Y+4	; 0x04
    18c4:	01 97       	sbiw	r24, 0x01	; 1
    18c6:	8b 83       	std	Y+3, r24	; 0x03
    18c8:	9c 83       	std	Y+4, r25	; 0x04
    18ca:	89 81       	ldd	r24, Y+1	; 0x01
    18cc:	9a 81       	ldd	r25, Y+2	; 0x02
    18ce:	89 2f       	mov	r24, r25
    18d0:	99 27       	eor	r25, r25
    18d2:	89 83       	std	Y+1, r24	; 0x01
    18d4:	9a 83       	std	Y+2, r25	; 0x02
    18d6:	29 81       	ldd	r18, Y+1	; 0x01
    18d8:	8b 81       	ldd	r24, Y+3	; 0x03
    18da:	9c 81       	ldd	r25, Y+4	; 0x04
    18dc:	fc 01       	movw	r30, r24
    18de:	20 83       	st	Z, r18
    18e0:	8b 81       	ldd	r24, Y+3	; 0x03
    18e2:	9c 81       	ldd	r25, Y+4	; 0x04
    18e4:	01 97       	sbiw	r24, 0x01	; 1
    18e6:	8b 83       	std	Y+3, r24	; 0x03
    18e8:	9c 83       	std	Y+4, r25	; 0x04
    18ea:	89 81       	ldd	r24, Y+1	; 0x01
    18ec:	9a 81       	ldd	r25, Y+2	; 0x02
    18ee:	89 2f       	mov	r24, r25
    18f0:	99 27       	eor	r25, r25
    18f2:	89 83       	std	Y+1, r24	; 0x01
    18f4:	9a 83       	std	Y+2, r25	; 0x02
    18f6:	29 81       	ldd	r18, Y+1	; 0x01
    18f8:	8b 81       	ldd	r24, Y+3	; 0x03
    18fa:	9c 81       	ldd	r25, Y+4	; 0x04
    18fc:	fc 01       	movw	r30, r24
    18fe:	20 83       	st	Z, r18
    1900:	8b 81       	ldd	r24, Y+3	; 0x03
    1902:	9c 81       	ldd	r25, Y+4	; 0x04
    1904:	01 97       	sbiw	r24, 0x01	; 1
    1906:	8b 83       	std	Y+3, r24	; 0x03
    1908:	9c 83       	std	Y+4, r25	; 0x04
    190a:	8b 81       	ldd	r24, Y+3	; 0x03
    190c:	9c 81       	ldd	r25, Y+4	; 0x04
    190e:	fc 01       	movw	r30, r24
    1910:	10 82       	st	Z, r1
    1912:	8b 81       	ldd	r24, Y+3	; 0x03
    1914:	9c 81       	ldd	r25, Y+4	; 0x04
    1916:	01 97       	sbiw	r24, 0x01	; 1
    1918:	8b 83       	std	Y+3, r24	; 0x03
    191a:	9c 83       	std	Y+4, r25	; 0x04
    191c:	8b 81       	ldd	r24, Y+3	; 0x03
    191e:	9c 81       	ldd	r25, Y+4	; 0x04
    1920:	20 e8       	ldi	r18, 0x80	; 128
    1922:	fc 01       	movw	r30, r24
    1924:	20 83       	st	Z, r18
    1926:	8b 81       	ldd	r24, Y+3	; 0x03
    1928:	9c 81       	ldd	r25, Y+4	; 0x04
    192a:	01 97       	sbiw	r24, 0x01	; 1
    192c:	8b 83       	std	Y+3, r24	; 0x03
    192e:	9c 83       	std	Y+4, r25	; 0x04
    1930:	8b 81       	ldd	r24, Y+3	; 0x03
    1932:	9c 81       	ldd	r25, Y+4	; 0x04
    1934:	fc 01       	movw	r30, r24
    1936:	10 82       	st	Z, r1
    1938:	8b 81       	ldd	r24, Y+3	; 0x03
    193a:	9c 81       	ldd	r25, Y+4	; 0x04
    193c:	01 97       	sbiw	r24, 0x01	; 1
    193e:	8b 83       	std	Y+3, r24	; 0x03
    1940:	9c 83       	std	Y+4, r25	; 0x04
    1942:	8b 81       	ldd	r24, Y+3	; 0x03
    1944:	9c 81       	ldd	r25, Y+4	; 0x04
    1946:	22 e0       	ldi	r18, 0x02	; 2
    1948:	fc 01       	movw	r30, r24
    194a:	20 83       	st	Z, r18
    194c:	8b 81       	ldd	r24, Y+3	; 0x03
    194e:	9c 81       	ldd	r25, Y+4	; 0x04
    1950:	01 97       	sbiw	r24, 0x01	; 1
    1952:	8b 83       	std	Y+3, r24	; 0x03
    1954:	9c 83       	std	Y+4, r25	; 0x04
    1956:	8b 81       	ldd	r24, Y+3	; 0x03
    1958:	9c 81       	ldd	r25, Y+4	; 0x04
    195a:	23 e0       	ldi	r18, 0x03	; 3
    195c:	fc 01       	movw	r30, r24
    195e:	20 83       	st	Z, r18
    1960:	8b 81       	ldd	r24, Y+3	; 0x03
    1962:	9c 81       	ldd	r25, Y+4	; 0x04
    1964:	01 97       	sbiw	r24, 0x01	; 1
    1966:	8b 83       	std	Y+3, r24	; 0x03
    1968:	9c 83       	std	Y+4, r25	; 0x04
    196a:	8b 81       	ldd	r24, Y+3	; 0x03
    196c:	9c 81       	ldd	r25, Y+4	; 0x04
    196e:	24 e0       	ldi	r18, 0x04	; 4
    1970:	fc 01       	movw	r30, r24
    1972:	20 83       	st	Z, r18
    1974:	8b 81       	ldd	r24, Y+3	; 0x03
    1976:	9c 81       	ldd	r25, Y+4	; 0x04
    1978:	01 97       	sbiw	r24, 0x01	; 1
    197a:	8b 83       	std	Y+3, r24	; 0x03
    197c:	9c 83       	std	Y+4, r25	; 0x04
    197e:	8b 81       	ldd	r24, Y+3	; 0x03
    1980:	9c 81       	ldd	r25, Y+4	; 0x04
    1982:	25 e0       	ldi	r18, 0x05	; 5
    1984:	fc 01       	movw	r30, r24
    1986:	20 83       	st	Z, r18
    1988:	8b 81       	ldd	r24, Y+3	; 0x03
    198a:	9c 81       	ldd	r25, Y+4	; 0x04
    198c:	01 97       	sbiw	r24, 0x01	; 1
    198e:	8b 83       	std	Y+3, r24	; 0x03
    1990:	9c 83       	std	Y+4, r25	; 0x04
    1992:	8b 81       	ldd	r24, Y+3	; 0x03
    1994:	9c 81       	ldd	r25, Y+4	; 0x04
    1996:	26 e0       	ldi	r18, 0x06	; 6
    1998:	fc 01       	movw	r30, r24
    199a:	20 83       	st	Z, r18
    199c:	8b 81       	ldd	r24, Y+3	; 0x03
    199e:	9c 81       	ldd	r25, Y+4	; 0x04
    19a0:	01 97       	sbiw	r24, 0x01	; 1
    19a2:	8b 83       	std	Y+3, r24	; 0x03
    19a4:	9c 83       	std	Y+4, r25	; 0x04
    19a6:	8b 81       	ldd	r24, Y+3	; 0x03
    19a8:	9c 81       	ldd	r25, Y+4	; 0x04
    19aa:	27 e0       	ldi	r18, 0x07	; 7
    19ac:	fc 01       	movw	r30, r24
    19ae:	20 83       	st	Z, r18
    19b0:	8b 81       	ldd	r24, Y+3	; 0x03
    19b2:	9c 81       	ldd	r25, Y+4	; 0x04
    19b4:	01 97       	sbiw	r24, 0x01	; 1
    19b6:	8b 83       	std	Y+3, r24	; 0x03
    19b8:	9c 83       	std	Y+4, r25	; 0x04
    19ba:	8b 81       	ldd	r24, Y+3	; 0x03
    19bc:	9c 81       	ldd	r25, Y+4	; 0x04
    19be:	28 e0       	ldi	r18, 0x08	; 8
    19c0:	fc 01       	movw	r30, r24
    19c2:	20 83       	st	Z, r18
    19c4:	8b 81       	ldd	r24, Y+3	; 0x03
    19c6:	9c 81       	ldd	r25, Y+4	; 0x04
    19c8:	01 97       	sbiw	r24, 0x01	; 1
    19ca:	8b 83       	std	Y+3, r24	; 0x03
    19cc:	9c 83       	std	Y+4, r25	; 0x04
    19ce:	8b 81       	ldd	r24, Y+3	; 0x03
    19d0:	9c 81       	ldd	r25, Y+4	; 0x04
    19d2:	29 e0       	ldi	r18, 0x09	; 9
    19d4:	fc 01       	movw	r30, r24
    19d6:	20 83       	st	Z, r18
    19d8:	8b 81       	ldd	r24, Y+3	; 0x03
    19da:	9c 81       	ldd	r25, Y+4	; 0x04
    19dc:	01 97       	sbiw	r24, 0x01	; 1
    19de:	8b 83       	std	Y+3, r24	; 0x03
    19e0:	9c 83       	std	Y+4, r25	; 0x04
    19e2:	8b 81       	ldd	r24, Y+3	; 0x03
    19e4:	9c 81       	ldd	r25, Y+4	; 0x04
    19e6:	20 e1       	ldi	r18, 0x10	; 16
    19e8:	fc 01       	movw	r30, r24
    19ea:	20 83       	st	Z, r18
    19ec:	8b 81       	ldd	r24, Y+3	; 0x03
    19ee:	9c 81       	ldd	r25, Y+4	; 0x04
    19f0:	01 97       	sbiw	r24, 0x01	; 1
    19f2:	8b 83       	std	Y+3, r24	; 0x03
    19f4:	9c 83       	std	Y+4, r25	; 0x04
    19f6:	8b 81       	ldd	r24, Y+3	; 0x03
    19f8:	9c 81       	ldd	r25, Y+4	; 0x04
    19fa:	21 e1       	ldi	r18, 0x11	; 17
    19fc:	fc 01       	movw	r30, r24
    19fe:	20 83       	st	Z, r18
    1a00:	8b 81       	ldd	r24, Y+3	; 0x03
    1a02:	9c 81       	ldd	r25, Y+4	; 0x04
    1a04:	01 97       	sbiw	r24, 0x01	; 1
    1a06:	8b 83       	std	Y+3, r24	; 0x03
    1a08:	9c 83       	std	Y+4, r25	; 0x04
    1a0a:	8b 81       	ldd	r24, Y+3	; 0x03
    1a0c:	9c 81       	ldd	r25, Y+4	; 0x04
    1a0e:	22 e1       	ldi	r18, 0x12	; 18
    1a10:	fc 01       	movw	r30, r24
    1a12:	20 83       	st	Z, r18
    1a14:	8b 81       	ldd	r24, Y+3	; 0x03
    1a16:	9c 81       	ldd	r25, Y+4	; 0x04
    1a18:	01 97       	sbiw	r24, 0x01	; 1
    1a1a:	8b 83       	std	Y+3, r24	; 0x03
    1a1c:	9c 83       	std	Y+4, r25	; 0x04
    1a1e:	8b 81       	ldd	r24, Y+3	; 0x03
    1a20:	9c 81       	ldd	r25, Y+4	; 0x04
    1a22:	23 e1       	ldi	r18, 0x13	; 19
    1a24:	fc 01       	movw	r30, r24
    1a26:	20 83       	st	Z, r18
    1a28:	8b 81       	ldd	r24, Y+3	; 0x03
    1a2a:	9c 81       	ldd	r25, Y+4	; 0x04
    1a2c:	01 97       	sbiw	r24, 0x01	; 1
    1a2e:	8b 83       	std	Y+3, r24	; 0x03
    1a30:	9c 83       	std	Y+4, r25	; 0x04
    1a32:	8b 81       	ldd	r24, Y+3	; 0x03
    1a34:	9c 81       	ldd	r25, Y+4	; 0x04
    1a36:	24 e1       	ldi	r18, 0x14	; 20
    1a38:	fc 01       	movw	r30, r24
    1a3a:	20 83       	st	Z, r18
    1a3c:	8b 81       	ldd	r24, Y+3	; 0x03
    1a3e:	9c 81       	ldd	r25, Y+4	; 0x04
    1a40:	01 97       	sbiw	r24, 0x01	; 1
    1a42:	8b 83       	std	Y+3, r24	; 0x03
    1a44:	9c 83       	std	Y+4, r25	; 0x04
    1a46:	8b 81       	ldd	r24, Y+3	; 0x03
    1a48:	9c 81       	ldd	r25, Y+4	; 0x04
    1a4a:	25 e1       	ldi	r18, 0x15	; 21
    1a4c:	fc 01       	movw	r30, r24
    1a4e:	20 83       	st	Z, r18
    1a50:	8b 81       	ldd	r24, Y+3	; 0x03
    1a52:	9c 81       	ldd	r25, Y+4	; 0x04
    1a54:	01 97       	sbiw	r24, 0x01	; 1
    1a56:	8b 83       	std	Y+3, r24	; 0x03
    1a58:	9c 83       	std	Y+4, r25	; 0x04
    1a5a:	8b 81       	ldd	r24, Y+3	; 0x03
    1a5c:	9c 81       	ldd	r25, Y+4	; 0x04
    1a5e:	26 e1       	ldi	r18, 0x16	; 22
    1a60:	fc 01       	movw	r30, r24
    1a62:	20 83       	st	Z, r18
    1a64:	8b 81       	ldd	r24, Y+3	; 0x03
    1a66:	9c 81       	ldd	r25, Y+4	; 0x04
    1a68:	01 97       	sbiw	r24, 0x01	; 1
    1a6a:	8b 83       	std	Y+3, r24	; 0x03
    1a6c:	9c 83       	std	Y+4, r25	; 0x04
    1a6e:	8b 81       	ldd	r24, Y+3	; 0x03
    1a70:	9c 81       	ldd	r25, Y+4	; 0x04
    1a72:	27 e1       	ldi	r18, 0x17	; 23
    1a74:	fc 01       	movw	r30, r24
    1a76:	20 83       	st	Z, r18
    1a78:	8b 81       	ldd	r24, Y+3	; 0x03
    1a7a:	9c 81       	ldd	r25, Y+4	; 0x04
    1a7c:	01 97       	sbiw	r24, 0x01	; 1
    1a7e:	8b 83       	std	Y+3, r24	; 0x03
    1a80:	9c 83       	std	Y+4, r25	; 0x04
    1a82:	8b 81       	ldd	r24, Y+3	; 0x03
    1a84:	9c 81       	ldd	r25, Y+4	; 0x04
    1a86:	28 e1       	ldi	r18, 0x18	; 24
    1a88:	fc 01       	movw	r30, r24
    1a8a:	20 83       	st	Z, r18
    1a8c:	8b 81       	ldd	r24, Y+3	; 0x03
    1a8e:	9c 81       	ldd	r25, Y+4	; 0x04
    1a90:	01 97       	sbiw	r24, 0x01	; 1
    1a92:	8b 83       	std	Y+3, r24	; 0x03
    1a94:	9c 83       	std	Y+4, r25	; 0x04
    1a96:	8b 81       	ldd	r24, Y+3	; 0x03
    1a98:	9c 81       	ldd	r25, Y+4	; 0x04
    1a9a:	29 e1       	ldi	r18, 0x19	; 25
    1a9c:	fc 01       	movw	r30, r24
    1a9e:	20 83       	st	Z, r18
    1aa0:	8b 81       	ldd	r24, Y+3	; 0x03
    1aa2:	9c 81       	ldd	r25, Y+4	; 0x04
    1aa4:	01 97       	sbiw	r24, 0x01	; 1
    1aa6:	8b 83       	std	Y+3, r24	; 0x03
    1aa8:	9c 83       	std	Y+4, r25	; 0x04
    1aaa:	8b 81       	ldd	r24, Y+3	; 0x03
    1aac:	9c 81       	ldd	r25, Y+4	; 0x04
    1aae:	20 e2       	ldi	r18, 0x20	; 32
    1ab0:	fc 01       	movw	r30, r24
    1ab2:	20 83       	st	Z, r18
    1ab4:	8b 81       	ldd	r24, Y+3	; 0x03
    1ab6:	9c 81       	ldd	r25, Y+4	; 0x04
    1ab8:	01 97       	sbiw	r24, 0x01	; 1
    1aba:	8b 83       	std	Y+3, r24	; 0x03
    1abc:	9c 83       	std	Y+4, r25	; 0x04
    1abe:	8b 81       	ldd	r24, Y+3	; 0x03
    1ac0:	9c 81       	ldd	r25, Y+4	; 0x04
    1ac2:	21 e2       	ldi	r18, 0x21	; 33
    1ac4:	fc 01       	movw	r30, r24
    1ac6:	20 83       	st	Z, r18
    1ac8:	8b 81       	ldd	r24, Y+3	; 0x03
    1aca:	9c 81       	ldd	r25, Y+4	; 0x04
    1acc:	01 97       	sbiw	r24, 0x01	; 1
    1ace:	8b 83       	std	Y+3, r24	; 0x03
    1ad0:	9c 83       	std	Y+4, r25	; 0x04
    1ad2:	8b 81       	ldd	r24, Y+3	; 0x03
    1ad4:	9c 81       	ldd	r25, Y+4	; 0x04
    1ad6:	22 e2       	ldi	r18, 0x22	; 34
    1ad8:	fc 01       	movw	r30, r24
    1ada:	20 83       	st	Z, r18
    1adc:	8b 81       	ldd	r24, Y+3	; 0x03
    1ade:	9c 81       	ldd	r25, Y+4	; 0x04
    1ae0:	01 97       	sbiw	r24, 0x01	; 1
    1ae2:	8b 83       	std	Y+3, r24	; 0x03
    1ae4:	9c 83       	std	Y+4, r25	; 0x04
    1ae6:	8b 81       	ldd	r24, Y+3	; 0x03
    1ae8:	9c 81       	ldd	r25, Y+4	; 0x04
    1aea:	23 e2       	ldi	r18, 0x23	; 35
    1aec:	fc 01       	movw	r30, r24
    1aee:	20 83       	st	Z, r18
    1af0:	8b 81       	ldd	r24, Y+3	; 0x03
    1af2:	9c 81       	ldd	r25, Y+4	; 0x04
    1af4:	01 97       	sbiw	r24, 0x01	; 1
    1af6:	8b 83       	std	Y+3, r24	; 0x03
    1af8:	9c 83       	std	Y+4, r25	; 0x04
    1afa:	8f 81       	ldd	r24, Y+7	; 0x07
    1afc:	98 85       	ldd	r25, Y+8	; 0x08
    1afe:	89 83       	std	Y+1, r24	; 0x01
    1b00:	9a 83       	std	Y+2, r25	; 0x02
    1b02:	29 81       	ldd	r18, Y+1	; 0x01
    1b04:	8b 81       	ldd	r24, Y+3	; 0x03
    1b06:	9c 81       	ldd	r25, Y+4	; 0x04
    1b08:	fc 01       	movw	r30, r24
    1b0a:	20 83       	st	Z, r18
    1b0c:	8b 81       	ldd	r24, Y+3	; 0x03
    1b0e:	9c 81       	ldd	r25, Y+4	; 0x04
    1b10:	01 97       	sbiw	r24, 0x01	; 1
    1b12:	8b 83       	std	Y+3, r24	; 0x03
    1b14:	9c 83       	std	Y+4, r25	; 0x04
    1b16:	89 81       	ldd	r24, Y+1	; 0x01
    1b18:	9a 81       	ldd	r25, Y+2	; 0x02
    1b1a:	89 2f       	mov	r24, r25
    1b1c:	99 27       	eor	r25, r25
    1b1e:	89 83       	std	Y+1, r24	; 0x01
    1b20:	9a 83       	std	Y+2, r25	; 0x02
    1b22:	29 81       	ldd	r18, Y+1	; 0x01
    1b24:	8b 81       	ldd	r24, Y+3	; 0x03
    1b26:	9c 81       	ldd	r25, Y+4	; 0x04
    1b28:	fc 01       	movw	r30, r24
    1b2a:	20 83       	st	Z, r18
    1b2c:	8b 81       	ldd	r24, Y+3	; 0x03
    1b2e:	9c 81       	ldd	r25, Y+4	; 0x04
    1b30:	01 97       	sbiw	r24, 0x01	; 1
    1b32:	8b 83       	std	Y+3, r24	; 0x03
    1b34:	9c 83       	std	Y+4, r25	; 0x04
    1b36:	8b 81       	ldd	r24, Y+3	; 0x03
    1b38:	9c 81       	ldd	r25, Y+4	; 0x04
    1b3a:	26 e2       	ldi	r18, 0x26	; 38
    1b3c:	fc 01       	movw	r30, r24
    1b3e:	20 83       	st	Z, r18
    1b40:	8b 81       	ldd	r24, Y+3	; 0x03
    1b42:	9c 81       	ldd	r25, Y+4	; 0x04
    1b44:	01 97       	sbiw	r24, 0x01	; 1
    1b46:	8b 83       	std	Y+3, r24	; 0x03
    1b48:	9c 83       	std	Y+4, r25	; 0x04
    1b4a:	8b 81       	ldd	r24, Y+3	; 0x03
    1b4c:	9c 81       	ldd	r25, Y+4	; 0x04
    1b4e:	27 e2       	ldi	r18, 0x27	; 39
    1b50:	fc 01       	movw	r30, r24
    1b52:	20 83       	st	Z, r18
    1b54:	8b 81       	ldd	r24, Y+3	; 0x03
    1b56:	9c 81       	ldd	r25, Y+4	; 0x04
    1b58:	01 97       	sbiw	r24, 0x01	; 1
    1b5a:	8b 83       	std	Y+3, r24	; 0x03
    1b5c:	9c 83       	std	Y+4, r25	; 0x04
    1b5e:	8b 81       	ldd	r24, Y+3	; 0x03
    1b60:	9c 81       	ldd	r25, Y+4	; 0x04
    1b62:	28 e2       	ldi	r18, 0x28	; 40
    1b64:	fc 01       	movw	r30, r24
    1b66:	20 83       	st	Z, r18
    1b68:	8b 81       	ldd	r24, Y+3	; 0x03
    1b6a:	9c 81       	ldd	r25, Y+4	; 0x04
    1b6c:	01 97       	sbiw	r24, 0x01	; 1
    1b6e:	8b 83       	std	Y+3, r24	; 0x03
    1b70:	9c 83       	std	Y+4, r25	; 0x04
    1b72:	8b 81       	ldd	r24, Y+3	; 0x03
    1b74:	9c 81       	ldd	r25, Y+4	; 0x04
    1b76:	29 e2       	ldi	r18, 0x29	; 41
    1b78:	fc 01       	movw	r30, r24
    1b7a:	20 83       	st	Z, r18
    1b7c:	8b 81       	ldd	r24, Y+3	; 0x03
    1b7e:	9c 81       	ldd	r25, Y+4	; 0x04
    1b80:	01 97       	sbiw	r24, 0x01	; 1
    1b82:	8b 83       	std	Y+3, r24	; 0x03
    1b84:	9c 83       	std	Y+4, r25	; 0x04
    1b86:	8b 81       	ldd	r24, Y+3	; 0x03
    1b88:	9c 81       	ldd	r25, Y+4	; 0x04
    1b8a:	20 e3       	ldi	r18, 0x30	; 48
    1b8c:	fc 01       	movw	r30, r24
    1b8e:	20 83       	st	Z, r18
    1b90:	8b 81       	ldd	r24, Y+3	; 0x03
    1b92:	9c 81       	ldd	r25, Y+4	; 0x04
    1b94:	01 97       	sbiw	r24, 0x01	; 1
    1b96:	8b 83       	std	Y+3, r24	; 0x03
    1b98:	9c 83       	std	Y+4, r25	; 0x04
    1b9a:	8b 81       	ldd	r24, Y+3	; 0x03
    1b9c:	9c 81       	ldd	r25, Y+4	; 0x04
    1b9e:	21 e3       	ldi	r18, 0x31	; 49
    1ba0:	fc 01       	movw	r30, r24
    1ba2:	20 83       	st	Z, r18
    1ba4:	8b 81       	ldd	r24, Y+3	; 0x03
    1ba6:	9c 81       	ldd	r25, Y+4	; 0x04
    1ba8:	01 97       	sbiw	r24, 0x01	; 1
    1baa:	8b 83       	std	Y+3, r24	; 0x03
    1bac:	9c 83       	std	Y+4, r25	; 0x04
    1bae:	8b 81       	ldd	r24, Y+3	; 0x03
    1bb0:	9c 81       	ldd	r25, Y+4	; 0x04
    1bb2:	28 96       	adiw	r28, 0x08	; 8
    1bb4:	cd bf       	out	0x3d, r28	; 61
    1bb6:	de bf       	out	0x3e, r29	; 62
    1bb8:	df 91       	pop	r29
    1bba:	cf 91       	pop	r28
    1bbc:	08 95       	ret

00001bbe <xPortStartScheduler>:
    1bbe:	cf 93       	push	r28
    1bc0:	df 93       	push	r29
    1bc2:	cd b7       	in	r28, 0x3d	; 61
    1bc4:	de b7       	in	r29, 0x3e	; 62
    1bc6:	0e 94 6e 0e 	call	0x1cdc	; 0x1cdc <prvSetupTimerInterrupt>
    1bca:	a0 91 91 22 	lds	r26, 0x2291	; 0x802291 <pxCurrentTCB>
    1bce:	b0 91 92 22 	lds	r27, 0x2292	; 0x802292 <pxCurrentTCB+0x1>
    1bd2:	cd 91       	ld	r28, X+
    1bd4:	cd bf       	out	0x3d, r28	; 61
    1bd6:	dd 91       	ld	r29, X+
    1bd8:	de bf       	out	0x3e, r29	; 62
    1bda:	ff 91       	pop	r31
    1bdc:	ef 91       	pop	r30
    1bde:	df 91       	pop	r29
    1be0:	cf 91       	pop	r28
    1be2:	bf 91       	pop	r27
    1be4:	af 91       	pop	r26
    1be6:	9f 91       	pop	r25
    1be8:	8f 91       	pop	r24
    1bea:	7f 91       	pop	r23
    1bec:	6f 91       	pop	r22
    1bee:	5f 91       	pop	r21
    1bf0:	4f 91       	pop	r20
    1bf2:	3f 91       	pop	r19
    1bf4:	2f 91       	pop	r18
    1bf6:	1f 91       	pop	r17
    1bf8:	0f 91       	pop	r16
    1bfa:	ff 90       	pop	r15
    1bfc:	ef 90       	pop	r14
    1bfe:	df 90       	pop	r13
    1c00:	cf 90       	pop	r12
    1c02:	bf 90       	pop	r11
    1c04:	af 90       	pop	r10
    1c06:	9f 90       	pop	r9
    1c08:	8f 90       	pop	r8
    1c0a:	7f 90       	pop	r7
    1c0c:	6f 90       	pop	r6
    1c0e:	5f 90       	pop	r5
    1c10:	4f 90       	pop	r4
    1c12:	3f 90       	pop	r3
    1c14:	2f 90       	pop	r2
    1c16:	1f 90       	pop	r1
    1c18:	0f 90       	pop	r0
    1c1a:	0f be       	out	0x3f, r0	; 63
    1c1c:	0f 90       	pop	r0
    1c1e:	08 95       	ret
    1c20:	81 e0       	ldi	r24, 0x01	; 1
    1c22:	df 91       	pop	r29
    1c24:	cf 91       	pop	r28
    1c26:	08 95       	ret

00001c28 <vPortYield>:
    1c28:	0f 92       	push	r0
    1c2a:	0f b6       	in	r0, 0x3f	; 63
    1c2c:	f8 94       	cli
    1c2e:	0f 92       	push	r0
    1c30:	1f 92       	push	r1
    1c32:	11 24       	eor	r1, r1
    1c34:	2f 92       	push	r2
    1c36:	3f 92       	push	r3
    1c38:	4f 92       	push	r4
    1c3a:	5f 92       	push	r5
    1c3c:	6f 92       	push	r6
    1c3e:	7f 92       	push	r7
    1c40:	8f 92       	push	r8
    1c42:	9f 92       	push	r9
    1c44:	af 92       	push	r10
    1c46:	bf 92       	push	r11
    1c48:	cf 92       	push	r12
    1c4a:	df 92       	push	r13
    1c4c:	ef 92       	push	r14
    1c4e:	ff 92       	push	r15
    1c50:	0f 93       	push	r16
    1c52:	1f 93       	push	r17
    1c54:	2f 93       	push	r18
    1c56:	3f 93       	push	r19
    1c58:	4f 93       	push	r20
    1c5a:	5f 93       	push	r21
    1c5c:	6f 93       	push	r22
    1c5e:	7f 93       	push	r23
    1c60:	8f 93       	push	r24
    1c62:	9f 93       	push	r25
    1c64:	af 93       	push	r26
    1c66:	bf 93       	push	r27
    1c68:	cf 93       	push	r28
    1c6a:	df 93       	push	r29
    1c6c:	ef 93       	push	r30
    1c6e:	ff 93       	push	r31
    1c70:	a0 91 91 22 	lds	r26, 0x2291	; 0x802291 <pxCurrentTCB>
    1c74:	b0 91 92 22 	lds	r27, 0x2292	; 0x802292 <pxCurrentTCB+0x1>
    1c78:	0d b6       	in	r0, 0x3d	; 61
    1c7a:	0d 92       	st	X+, r0
    1c7c:	0e b6       	in	r0, 0x3e	; 62
    1c7e:	0d 92       	st	X+, r0
    1c80:	0e 94 3a 19 	call	0x3274	; 0x3274 <vTaskSwitchContext>
    1c84:	a0 91 91 22 	lds	r26, 0x2291	; 0x802291 <pxCurrentTCB>
    1c88:	b0 91 92 22 	lds	r27, 0x2292	; 0x802292 <pxCurrentTCB+0x1>
    1c8c:	cd 91       	ld	r28, X+
    1c8e:	cd bf       	out	0x3d, r28	; 61
    1c90:	dd 91       	ld	r29, X+
    1c92:	de bf       	out	0x3e, r29	; 62
    1c94:	ff 91       	pop	r31
    1c96:	ef 91       	pop	r30
    1c98:	df 91       	pop	r29
    1c9a:	cf 91       	pop	r28
    1c9c:	bf 91       	pop	r27
    1c9e:	af 91       	pop	r26
    1ca0:	9f 91       	pop	r25
    1ca2:	8f 91       	pop	r24
    1ca4:	7f 91       	pop	r23
    1ca6:	6f 91       	pop	r22
    1ca8:	5f 91       	pop	r21
    1caa:	4f 91       	pop	r20
    1cac:	3f 91       	pop	r19
    1cae:	2f 91       	pop	r18
    1cb0:	1f 91       	pop	r17
    1cb2:	0f 91       	pop	r16
    1cb4:	ff 90       	pop	r15
    1cb6:	ef 90       	pop	r14
    1cb8:	df 90       	pop	r13
    1cba:	cf 90       	pop	r12
    1cbc:	bf 90       	pop	r11
    1cbe:	af 90       	pop	r10
    1cc0:	9f 90       	pop	r9
    1cc2:	8f 90       	pop	r8
    1cc4:	7f 90       	pop	r7
    1cc6:	6f 90       	pop	r6
    1cc8:	5f 90       	pop	r5
    1cca:	4f 90       	pop	r4
    1ccc:	3f 90       	pop	r3
    1cce:	2f 90       	pop	r2
    1cd0:	1f 90       	pop	r1
    1cd2:	0f 90       	pop	r0
    1cd4:	0f be       	out	0x3f, r0	; 63
    1cd6:	0f 90       	pop	r0
    1cd8:	08 95       	ret
	...

00001cdc <prvSetupTimerInterrupt>:
/*
 * Setup timer to generate a tick timer interrupt
 */

static void prvSetupTimerInterrupt( void )
{
    1cdc:	cf 93       	push	r28
    1cde:	df 93       	push	r29
    1ce0:	cd b7       	in	r28, 0x3d	; 61
    1ce2:	de b7       	in	r29, 0x3e	; 62
	//TCC0 is used as tick timer
	TCC0.CCA=65535;
    1ce4:	80 e0       	ldi	r24, 0x00	; 0
    1ce6:	98 e0       	ldi	r25, 0x08	; 8
    1ce8:	2f ef       	ldi	r18, 0xFF	; 255
    1cea:	3f ef       	ldi	r19, 0xFF	; 255
    1cec:	fc 01       	movw	r30, r24
    1cee:	20 a7       	std	Z+40, r18	; 0x28
    1cf0:	31 a7       	std	Z+41, r19	; 0x29
	TCC0.CTRLA=0b00000001; //DIV1
    1cf2:	80 e0       	ldi	r24, 0x00	; 0
    1cf4:	98 e0       	ldi	r25, 0x08	; 8
    1cf6:	21 e0       	ldi	r18, 0x01	; 1
    1cf8:	fc 01       	movw	r30, r24
    1cfa:	20 83       	st	Z, r18
	TCC0.CTRLB=1<<6;
    1cfc:	80 e0       	ldi	r24, 0x00	; 0
    1cfe:	98 e0       	ldi	r25, 0x08	; 8
    1d00:	20 e4       	ldi	r18, 0x40	; 64
    1d02:	fc 01       	movw	r30, r24
    1d04:	21 83       	std	Z+1, r18	; 0x01
	TCC0.INTCTRLA=0b00000001; //OVF priority LOW
    1d06:	80 e0       	ldi	r24, 0x00	; 0
    1d08:	98 e0       	ldi	r25, 0x08	; 8
    1d0a:	21 e0       	ldi	r18, 0x01	; 1
    1d0c:	fc 01       	movw	r30, r24
    1d0e:	26 83       	std	Z+6, r18	; 0x06
	TCC0.INTCTRLB=0b00000001; //CCA priority LOW
    1d10:	80 e0       	ldi	r24, 0x00	; 0
    1d12:	98 e0       	ldi	r25, 0x08	; 8
    1d14:	21 e0       	ldi	r18, 0x01	; 1
    1d16:	fc 01       	movw	r30, r24
    1d18:	27 83       	std	Z+7, r18	; 0x07
	TCC0.PER=configCPU_CLOCK_HZ / configTICK_RATE_HZ;
    1d1a:	80 e0       	ldi	r24, 0x00	; 0
    1d1c:	98 e0       	ldi	r25, 0x08	; 8
    1d1e:	20 e0       	ldi	r18, 0x00	; 0
    1d20:	3d e7       	ldi	r19, 0x7D	; 125
    1d22:	fc 01       	movw	r30, r24
    1d24:	26 a3       	std	Z+38, r18	; 0x26
    1d26:	37 a3       	std	Z+39, r19	; 0x27
	//TCC0.PER=configCPU_CLOCK_HZ / 1000;

}
    1d28:	00 00       	nop
    1d2a:	df 91       	pop	r29
    1d2c:	cf 91       	pop	r28
    1d2e:	08 95       	ret

00001d30 <__vector_14>:
	 * the context is saved at the start of the ISR.  The tick
	 * count is incremented after the context is saved.
	 */	
	ISR(TCC0_OVF_vect,ISR_NAKED)
	{
		portSAVE_CONTEXT();
    1d30:	0f 92       	push	r0
    1d32:	0f b6       	in	r0, 0x3f	; 63
    1d34:	f8 94       	cli
    1d36:	0f 92       	push	r0
    1d38:	1f 92       	push	r1
    1d3a:	11 24       	eor	r1, r1
    1d3c:	2f 92       	push	r2
    1d3e:	3f 92       	push	r3
    1d40:	4f 92       	push	r4
    1d42:	5f 92       	push	r5
    1d44:	6f 92       	push	r6
    1d46:	7f 92       	push	r7
    1d48:	8f 92       	push	r8
    1d4a:	9f 92       	push	r9
    1d4c:	af 92       	push	r10
    1d4e:	bf 92       	push	r11
    1d50:	cf 92       	push	r12
    1d52:	df 92       	push	r13
    1d54:	ef 92       	push	r14
    1d56:	ff 92       	push	r15
    1d58:	0f 93       	push	r16
    1d5a:	1f 93       	push	r17
    1d5c:	2f 93       	push	r18
    1d5e:	3f 93       	push	r19
    1d60:	4f 93       	push	r20
    1d62:	5f 93       	push	r21
    1d64:	6f 93       	push	r22
    1d66:	7f 93       	push	r23
    1d68:	8f 93       	push	r24
    1d6a:	9f 93       	push	r25
    1d6c:	af 93       	push	r26
    1d6e:	bf 93       	push	r27
    1d70:	cf 93       	push	r28
    1d72:	df 93       	push	r29
    1d74:	ef 93       	push	r30
    1d76:	ff 93       	push	r31
    1d78:	a0 91 91 22 	lds	r26, 0x2291	; 0x802291 <pxCurrentTCB>
    1d7c:	b0 91 92 22 	lds	r27, 0x2292	; 0x802292 <pxCurrentTCB+0x1>
    1d80:	0d b6       	in	r0, 0x3d	; 61
    1d82:	0d 92       	st	X+, r0
    1d84:	0e b6       	in	r0, 0x3e	; 62
    1d86:	0d 92       	st	X+, r0
		StatsTimer+=TCC0.PER;
    1d88:	80 e0       	ldi	r24, 0x00	; 0
    1d8a:	98 e0       	ldi	r25, 0x08	; 8
    1d8c:	fc 01       	movw	r30, r24
    1d8e:	86 a1       	ldd	r24, Z+38	; 0x26
    1d90:	97 a1       	ldd	r25, Z+39	; 0x27
    1d92:	9c 01       	movw	r18, r24
    1d94:	40 e0       	ldi	r20, 0x00	; 0
    1d96:	50 e0       	ldi	r21, 0x00	; 0
    1d98:	80 91 38 23 	lds	r24, 0x2338	; 0x802338 <StatsTimer>
    1d9c:	90 91 39 23 	lds	r25, 0x2339	; 0x802339 <StatsTimer+0x1>
    1da0:	a0 91 3a 23 	lds	r26, 0x233A	; 0x80233a <StatsTimer+0x2>
    1da4:	b0 91 3b 23 	lds	r27, 0x233B	; 0x80233b <StatsTimer+0x3>
    1da8:	82 0f       	add	r24, r18
    1daa:	93 1f       	adc	r25, r19
    1dac:	a4 1f       	adc	r26, r20
    1dae:	b5 1f       	adc	r27, r21
    1db0:	80 93 38 23 	sts	0x2338, r24	; 0x802338 <StatsTimer>
    1db4:	90 93 39 23 	sts	0x2339, r25	; 0x802339 <StatsTimer+0x1>
    1db8:	a0 93 3a 23 	sts	0x233A, r26	; 0x80233a <StatsTimer+0x2>
    1dbc:	b0 93 3b 23 	sts	0x233B, r27	; 0x80233b <StatsTimer+0x3>
		xTaskIncrementTick();
    1dc0:	0e 94 45 18 	call	0x308a	; 0x308a <xTaskIncrementTick>
		vTaskSwitchContext();
    1dc4:	0e 94 3a 19 	call	0x3274	; 0x3274 <vTaskSwitchContext>
		portRESTORE_CONTEXT();
    1dc8:	a0 91 91 22 	lds	r26, 0x2291	; 0x802291 <pxCurrentTCB>
    1dcc:	b0 91 92 22 	lds	r27, 0x2292	; 0x802292 <pxCurrentTCB+0x1>
    1dd0:	cd 91       	ld	r28, X+
    1dd2:	cd bf       	out	0x3d, r28	; 61
    1dd4:	dd 91       	ld	r29, X+
    1dd6:	de bf       	out	0x3e, r29	; 62
    1dd8:	ff 91       	pop	r31
    1dda:	ef 91       	pop	r30
    1ddc:	df 91       	pop	r29
    1dde:	cf 91       	pop	r28
    1de0:	bf 91       	pop	r27
    1de2:	af 91       	pop	r26
    1de4:	9f 91       	pop	r25
    1de6:	8f 91       	pop	r24
    1de8:	7f 91       	pop	r23
    1dea:	6f 91       	pop	r22
    1dec:	5f 91       	pop	r21
    1dee:	4f 91       	pop	r20
    1df0:	3f 91       	pop	r19
    1df2:	2f 91       	pop	r18
    1df4:	1f 91       	pop	r17
    1df6:	0f 91       	pop	r16
    1df8:	ff 90       	pop	r15
    1dfa:	ef 90       	pop	r14
    1dfc:	df 90       	pop	r13
    1dfe:	cf 90       	pop	r12
    1e00:	bf 90       	pop	r11
    1e02:	af 90       	pop	r10
    1e04:	9f 90       	pop	r9
    1e06:	8f 90       	pop	r8
    1e08:	7f 90       	pop	r7
    1e0a:	6f 90       	pop	r6
    1e0c:	5f 90       	pop	r5
    1e0e:	4f 90       	pop	r4
    1e10:	3f 90       	pop	r3
    1e12:	2f 90       	pop	r2
    1e14:	1f 90       	pop	r1
    1e16:	0f 90       	pop	r0
    1e18:	0f be       	out	0x3f, r0	; 63
    1e1a:	0f 90       	pop	r0

		asm volatile ( "reti" );
    1e1c:	18 95       	reti
	...

00001e20 <vConfigureTimerForRunTimeStats>:
 */

volatile uint32_t StatsTimer;

void vConfigureTimerForRunTimeStats(void)
{
    1e20:	cf 93       	push	r28
    1e22:	df 93       	push	r29
    1e24:	cd b7       	in	r28, 0x3d	; 61
    1e26:	de b7       	in	r29, 0x3e	; 62
	//TCC1 is used as stats timer
	//TCC1.CTRLA=0b0111; //DIV1024	
	//TCC1.INTCTRLA=0b00000001; //OVF priority LOW
}
    1e28:	00 00       	nop
    1e2a:	df 91       	pop	r29
    1e2c:	cf 91       	pop	r28
    1e2e:	08 95       	ret

00001e30 <__vector_16>:

ISR(TCC0_CCA_vect,ISR_NAKED)
	{
	portSAVE_CONTEXT();
    1e30:	0f 92       	push	r0
    1e32:	0f b6       	in	r0, 0x3f	; 63
    1e34:	f8 94       	cli
    1e36:	0f 92       	push	r0
    1e38:	1f 92       	push	r1
    1e3a:	11 24       	eor	r1, r1
    1e3c:	2f 92       	push	r2
    1e3e:	3f 92       	push	r3
    1e40:	4f 92       	push	r4
    1e42:	5f 92       	push	r5
    1e44:	6f 92       	push	r6
    1e46:	7f 92       	push	r7
    1e48:	8f 92       	push	r8
    1e4a:	9f 92       	push	r9
    1e4c:	af 92       	push	r10
    1e4e:	bf 92       	push	r11
    1e50:	cf 92       	push	r12
    1e52:	df 92       	push	r13
    1e54:	ef 92       	push	r14
    1e56:	ff 92       	push	r15
    1e58:	0f 93       	push	r16
    1e5a:	1f 93       	push	r17
    1e5c:	2f 93       	push	r18
    1e5e:	3f 93       	push	r19
    1e60:	4f 93       	push	r20
    1e62:	5f 93       	push	r21
    1e64:	6f 93       	push	r22
    1e66:	7f 93       	push	r23
    1e68:	8f 93       	push	r24
    1e6a:	9f 93       	push	r25
    1e6c:	af 93       	push	r26
    1e6e:	bf 93       	push	r27
    1e70:	cf 93       	push	r28
    1e72:	df 93       	push	r29
    1e74:	ef 93       	push	r30
    1e76:	ff 93       	push	r31
    1e78:	a0 91 91 22 	lds	r26, 0x2291	; 0x802291 <pxCurrentTCB>
    1e7c:	b0 91 92 22 	lds	r27, 0x2292	; 0x802292 <pxCurrentTCB+0x1>
    1e80:	0d b6       	in	r0, 0x3d	; 61
    1e82:	0d 92       	st	X+, r0
    1e84:	0e b6       	in	r0, 0x3e	; 62
    1e86:	0d 92       	st	X+, r0
	TCC0.CCA=65535;
    1e88:	80 e0       	ldi	r24, 0x00	; 0
    1e8a:	98 e0       	ldi	r25, 0x08	; 8
    1e8c:	2f ef       	ldi	r18, 0xFF	; 255
    1e8e:	3f ef       	ldi	r19, 0xFF	; 255
    1e90:	fc 01       	movw	r30, r24
    1e92:	20 a7       	std	Z+40, r18	; 0x28
    1e94:	31 a7       	std	Z+41, r19	; 0x29
	vTaskSwitchContext();
    1e96:	0e 94 3a 19 	call	0x3274	; 0x3274 <vTaskSwitchContext>
	portRESTORE_CONTEXT();
    1e9a:	a0 91 91 22 	lds	r26, 0x2291	; 0x802291 <pxCurrentTCB>
    1e9e:	b0 91 92 22 	lds	r27, 0x2292	; 0x802292 <pxCurrentTCB+0x1>
    1ea2:	cd 91       	ld	r28, X+
    1ea4:	cd bf       	out	0x3d, r28	; 61
    1ea6:	dd 91       	ld	r29, X+
    1ea8:	de bf       	out	0x3e, r29	; 62
    1eaa:	ff 91       	pop	r31
    1eac:	ef 91       	pop	r30
    1eae:	df 91       	pop	r29
    1eb0:	cf 91       	pop	r28
    1eb2:	bf 91       	pop	r27
    1eb4:	af 91       	pop	r26
    1eb6:	9f 91       	pop	r25
    1eb8:	8f 91       	pop	r24
    1eba:	7f 91       	pop	r23
    1ebc:	6f 91       	pop	r22
    1ebe:	5f 91       	pop	r21
    1ec0:	4f 91       	pop	r20
    1ec2:	3f 91       	pop	r19
    1ec4:	2f 91       	pop	r18
    1ec6:	1f 91       	pop	r17
    1ec8:	0f 91       	pop	r16
    1eca:	ff 90       	pop	r15
    1ecc:	ef 90       	pop	r14
    1ece:	df 90       	pop	r13
    1ed0:	cf 90       	pop	r12
    1ed2:	bf 90       	pop	r11
    1ed4:	af 90       	pop	r10
    1ed6:	9f 90       	pop	r9
    1ed8:	8f 90       	pop	r8
    1eda:	7f 90       	pop	r7
    1edc:	6f 90       	pop	r6
    1ede:	5f 90       	pop	r5
    1ee0:	4f 90       	pop	r4
    1ee2:	3f 90       	pop	r3
    1ee4:	2f 90       	pop	r2
    1ee6:	1f 90       	pop	r1
    1ee8:	0f 90       	pop	r0
    1eea:	0f be       	out	0x3f, r0	; 63
    1eec:	0f 90       	pop	r0
	asm volatile ( "reti" );
    1eee:	18 95       	reti
	...

00001ef2 <xQueueGenericReset>:
	{
		xReturn = pdFALSE;
	}

	return xReturn;
} /*lint !e818 xQueue could not be pointer to const because it is a typedef. */
    1ef2:	cf 93       	push	r28
    1ef4:	df 93       	push	r29
    1ef6:	cd b7       	in	r28, 0x3d	; 61
    1ef8:	de b7       	in	r29, 0x3e	; 62
    1efa:	25 97       	sbiw	r28, 0x05	; 5
    1efc:	cd bf       	out	0x3d, r28	; 61
    1efe:	de bf       	out	0x3e, r29	; 62
    1f00:	8b 83       	std	Y+3, r24	; 0x03
    1f02:	9c 83       	std	Y+4, r25	; 0x04
    1f04:	6d 83       	std	Y+5, r22	; 0x05
    1f06:	8b 81       	ldd	r24, Y+3	; 0x03
    1f08:	9c 81       	ldd	r25, Y+4	; 0x04
    1f0a:	89 83       	std	Y+1, r24	; 0x01
    1f0c:	9a 83       	std	Y+2, r25	; 0x02
    1f0e:	89 81       	ldd	r24, Y+1	; 0x01
    1f10:	9a 81       	ldd	r25, Y+2	; 0x02
    1f12:	89 2b       	or	r24, r25
    1f14:	31 f4       	brne	.+12     	; 0x1f22 <xQueueGenericReset+0x30>
    1f16:	63 e0       	ldi	r22, 0x03	; 3
    1f18:	71 e0       	ldi	r23, 0x01	; 1
    1f1a:	87 e1       	ldi	r24, 0x17	; 23
    1f1c:	90 e2       	ldi	r25, 0x20	; 32
    1f1e:	0e 94 88 22 	call	0x4510	; 0x4510 <vAssertCalled>
    1f22:	0f b6       	in	r0, 0x3f	; 63
    1f24:	f8 94       	cli
    1f26:	0f 92       	push	r0
    1f28:	89 81       	ldd	r24, Y+1	; 0x01
    1f2a:	9a 81       	ldd	r25, Y+2	; 0x02
    1f2c:	fc 01       	movw	r30, r24
    1f2e:	80 81       	ld	r24, Z
    1f30:	91 81       	ldd	r25, Z+1	; 0x01
    1f32:	29 81       	ldd	r18, Y+1	; 0x01
    1f34:	3a 81       	ldd	r19, Y+2	; 0x02
    1f36:	f9 01       	movw	r30, r18
    1f38:	23 8d       	ldd	r18, Z+27	; 0x1b
    1f3a:	42 2f       	mov	r20, r18
    1f3c:	50 e0       	ldi	r21, 0x00	; 0
    1f3e:	29 81       	ldd	r18, Y+1	; 0x01
    1f40:	3a 81       	ldd	r19, Y+2	; 0x02
    1f42:	f9 01       	movw	r30, r18
    1f44:	24 8d       	ldd	r18, Z+28	; 0x1c
    1f46:	22 2f       	mov	r18, r18
    1f48:	30 e0       	ldi	r19, 0x00	; 0
    1f4a:	42 9f       	mul	r20, r18
    1f4c:	b0 01       	movw	r22, r0
    1f4e:	43 9f       	mul	r20, r19
    1f50:	70 0d       	add	r23, r0
    1f52:	52 9f       	mul	r21, r18
    1f54:	70 0d       	add	r23, r0
    1f56:	11 24       	eor	r1, r1
    1f58:	9b 01       	movw	r18, r22
    1f5a:	28 0f       	add	r18, r24
    1f5c:	39 1f       	adc	r19, r25
    1f5e:	89 81       	ldd	r24, Y+1	; 0x01
    1f60:	9a 81       	ldd	r25, Y+2	; 0x02
    1f62:	fc 01       	movw	r30, r24
    1f64:	24 83       	std	Z+4, r18	; 0x04
    1f66:	35 83       	std	Z+5, r19	; 0x05
    1f68:	89 81       	ldd	r24, Y+1	; 0x01
    1f6a:	9a 81       	ldd	r25, Y+2	; 0x02
    1f6c:	fc 01       	movw	r30, r24
    1f6e:	12 8e       	std	Z+26, r1	; 0x1a
    1f70:	89 81       	ldd	r24, Y+1	; 0x01
    1f72:	9a 81       	ldd	r25, Y+2	; 0x02
    1f74:	fc 01       	movw	r30, r24
    1f76:	20 81       	ld	r18, Z
    1f78:	31 81       	ldd	r19, Z+1	; 0x01
    1f7a:	89 81       	ldd	r24, Y+1	; 0x01
    1f7c:	9a 81       	ldd	r25, Y+2	; 0x02
    1f7e:	fc 01       	movw	r30, r24
    1f80:	22 83       	std	Z+2, r18	; 0x02
    1f82:	33 83       	std	Z+3, r19	; 0x03
    1f84:	89 81       	ldd	r24, Y+1	; 0x01
    1f86:	9a 81       	ldd	r25, Y+2	; 0x02
    1f88:	fc 01       	movw	r30, r24
    1f8a:	20 81       	ld	r18, Z
    1f8c:	31 81       	ldd	r19, Z+1	; 0x01
    1f8e:	89 81       	ldd	r24, Y+1	; 0x01
    1f90:	9a 81       	ldd	r25, Y+2	; 0x02
    1f92:	fc 01       	movw	r30, r24
    1f94:	83 8d       	ldd	r24, Z+27	; 0x1b
    1f96:	88 2f       	mov	r24, r24
    1f98:	90 e0       	ldi	r25, 0x00	; 0
    1f9a:	bc 01       	movw	r22, r24
    1f9c:	61 50       	subi	r22, 0x01	; 1
    1f9e:	71 09       	sbc	r23, r1
    1fa0:	89 81       	ldd	r24, Y+1	; 0x01
    1fa2:	9a 81       	ldd	r25, Y+2	; 0x02
    1fa4:	fc 01       	movw	r30, r24
    1fa6:	84 8d       	ldd	r24, Z+28	; 0x1c
    1fa8:	48 2f       	mov	r20, r24
    1faa:	50 e0       	ldi	r21, 0x00	; 0
    1fac:	64 9f       	mul	r22, r20
    1fae:	c0 01       	movw	r24, r0
    1fb0:	65 9f       	mul	r22, r21
    1fb2:	90 0d       	add	r25, r0
    1fb4:	74 9f       	mul	r23, r20
    1fb6:	90 0d       	add	r25, r0
    1fb8:	11 24       	eor	r1, r1
    1fba:	28 0f       	add	r18, r24
    1fbc:	39 1f       	adc	r19, r25
    1fbe:	89 81       	ldd	r24, Y+1	; 0x01
    1fc0:	9a 81       	ldd	r25, Y+2	; 0x02
    1fc2:	fc 01       	movw	r30, r24
    1fc4:	26 83       	std	Z+6, r18	; 0x06
    1fc6:	37 83       	std	Z+7, r19	; 0x07
    1fc8:	89 81       	ldd	r24, Y+1	; 0x01
    1fca:	9a 81       	ldd	r25, Y+2	; 0x02
    1fcc:	2f ef       	ldi	r18, 0xFF	; 255
    1fce:	fc 01       	movw	r30, r24
    1fd0:	25 8f       	std	Z+29, r18	; 0x1d
    1fd2:	89 81       	ldd	r24, Y+1	; 0x01
    1fd4:	9a 81       	ldd	r25, Y+2	; 0x02
    1fd6:	2f ef       	ldi	r18, 0xFF	; 255
    1fd8:	fc 01       	movw	r30, r24
    1fda:	26 8f       	std	Z+30, r18	; 0x1e
    1fdc:	8d 81       	ldd	r24, Y+5	; 0x05
    1fde:	88 23       	and	r24, r24
    1fe0:	81 f4       	brne	.+32     	; 0x2002 <xQueueGenericReset+0x110>
    1fe2:	89 81       	ldd	r24, Y+1	; 0x01
    1fe4:	9a 81       	ldd	r25, Y+2	; 0x02
    1fe6:	fc 01       	movw	r30, r24
    1fe8:	80 85       	ldd	r24, Z+8	; 0x08
    1fea:	88 23       	and	r24, r24
    1fec:	a1 f0       	breq	.+40     	; 0x2016 <xQueueGenericReset+0x124>
    1fee:	89 81       	ldd	r24, Y+1	; 0x01
    1ff0:	9a 81       	ldd	r25, Y+2	; 0x02
    1ff2:	08 96       	adiw	r24, 0x08	; 8
    1ff4:	0e 94 c0 1a 	call	0x3580	; 0x3580 <xTaskRemoveFromEventList>
    1ff8:	88 23       	and	r24, r24
    1ffa:	69 f0       	breq	.+26     	; 0x2016 <xQueueGenericReset+0x124>
    1ffc:	0e 94 14 0e 	call	0x1c28	; 0x1c28 <vPortYield>
    2000:	0a c0       	rjmp	.+20     	; 0x2016 <xQueueGenericReset+0x124>
    2002:	89 81       	ldd	r24, Y+1	; 0x01
    2004:	9a 81       	ldd	r25, Y+2	; 0x02
    2006:	08 96       	adiw	r24, 0x08	; 8
    2008:	0e 94 cf 0a 	call	0x159e	; 0x159e <vListInitialise>
    200c:	89 81       	ldd	r24, Y+1	; 0x01
    200e:	9a 81       	ldd	r25, Y+2	; 0x02
    2010:	41 96       	adiw	r24, 0x11	; 17
    2012:	0e 94 cf 0a 	call	0x159e	; 0x159e <vListInitialise>
    2016:	0f 90       	pop	r0
    2018:	0f be       	out	0x3f, r0	; 63
    201a:	81 e0       	ldi	r24, 0x01	; 1
    201c:	25 96       	adiw	r28, 0x05	; 5
    201e:	cd bf       	out	0x3d, r28	; 61
    2020:	de bf       	out	0x3e, r29	; 62
    2022:	df 91       	pop	r29
    2024:	cf 91       	pop	r28
    2026:	08 95       	ret

00002028 <xQueueGenericCreate>:
    2028:	0f 93       	push	r16
    202a:	1f 93       	push	r17
    202c:	cf 93       	push	r28
    202e:	df 93       	push	r29
    2030:	cd b7       	in	r28, 0x3d	; 61
    2032:	de b7       	in	r29, 0x3e	; 62
    2034:	29 97       	sbiw	r28, 0x09	; 9
    2036:	cd bf       	out	0x3d, r28	; 61
    2038:	de bf       	out	0x3e, r29	; 62
    203a:	8f 83       	std	Y+7, r24	; 0x07
    203c:	68 87       	std	Y+8, r22	; 0x08
    203e:	49 87       	std	Y+9, r20	; 0x09
    2040:	8f 81       	ldd	r24, Y+7	; 0x07
    2042:	88 23       	and	r24, r24
    2044:	31 f4       	brne	.+12     	; 0x2052 <xQueueGenericCreate+0x2a>
    2046:	66 e7       	ldi	r22, 0x76	; 118
    2048:	71 e0       	ldi	r23, 0x01	; 1
    204a:	87 e1       	ldi	r24, 0x17	; 23
    204c:	90 e2       	ldi	r25, 0x20	; 32
    204e:	0e 94 88 22 	call	0x4510	; 0x4510 <vAssertCalled>
    2052:	88 85       	ldd	r24, Y+8	; 0x08
    2054:	88 23       	and	r24, r24
    2056:	19 f4       	brne	.+6      	; 0x205e <xQueueGenericCreate+0x36>
    2058:	19 82       	std	Y+1, r1	; 0x01
    205a:	1a 82       	std	Y+2, r1	; 0x02
    205c:	0f c0       	rjmp	.+30     	; 0x207c <xQueueGenericCreate+0x54>
    205e:	8f 81       	ldd	r24, Y+7	; 0x07
    2060:	48 2f       	mov	r20, r24
    2062:	50 e0       	ldi	r21, 0x00	; 0
    2064:	88 85       	ldd	r24, Y+8	; 0x08
    2066:	28 2f       	mov	r18, r24
    2068:	30 e0       	ldi	r19, 0x00	; 0
    206a:	42 9f       	mul	r20, r18
    206c:	c0 01       	movw	r24, r0
    206e:	43 9f       	mul	r20, r19
    2070:	90 0d       	add	r25, r0
    2072:	52 9f       	mul	r21, r18
    2074:	90 0d       	add	r25, r0
    2076:	11 24       	eor	r1, r1
    2078:	89 83       	std	Y+1, r24	; 0x01
    207a:	9a 83       	std	Y+2, r25	; 0x02
    207c:	89 81       	ldd	r24, Y+1	; 0x01
    207e:	9a 81       	ldd	r25, Y+2	; 0x02
    2080:	81 96       	adiw	r24, 0x21	; 33
    2082:	0e 94 3a 09 	call	0x1274	; 0x1274 <pvPortMalloc>
    2086:	8b 83       	std	Y+3, r24	; 0x03
    2088:	9c 83       	std	Y+4, r25	; 0x04
    208a:	8b 81       	ldd	r24, Y+3	; 0x03
    208c:	9c 81       	ldd	r25, Y+4	; 0x04
    208e:	89 2b       	or	r24, r25
    2090:	a1 f0       	breq	.+40     	; 0x20ba <xQueueGenericCreate+0x92>
    2092:	8b 81       	ldd	r24, Y+3	; 0x03
    2094:	9c 81       	ldd	r25, Y+4	; 0x04
    2096:	8d 83       	std	Y+5, r24	; 0x05
    2098:	9e 83       	std	Y+6, r25	; 0x06
    209a:	8d 81       	ldd	r24, Y+5	; 0x05
    209c:	9e 81       	ldd	r25, Y+6	; 0x06
    209e:	81 96       	adiw	r24, 0x21	; 33
    20a0:	8d 83       	std	Y+5, r24	; 0x05
    20a2:	9e 83       	std	Y+6, r25	; 0x06
    20a4:	2b 81       	ldd	r18, Y+3	; 0x03
    20a6:	3c 81       	ldd	r19, Y+4	; 0x04
    20a8:	8d 81       	ldd	r24, Y+5	; 0x05
    20aa:	9e 81       	ldd	r25, Y+6	; 0x06
    20ac:	89 01       	movw	r16, r18
    20ae:	29 85       	ldd	r18, Y+9	; 0x09
    20b0:	ac 01       	movw	r20, r24
    20b2:	68 85       	ldd	r22, Y+8	; 0x08
    20b4:	8f 81       	ldd	r24, Y+7	; 0x07
    20b6:	0e 94 67 10 	call	0x20ce	; 0x20ce <prvInitialiseNewQueue>
    20ba:	8b 81       	ldd	r24, Y+3	; 0x03
    20bc:	9c 81       	ldd	r25, Y+4	; 0x04
    20be:	29 96       	adiw	r28, 0x09	; 9
    20c0:	cd bf       	out	0x3d, r28	; 61
    20c2:	de bf       	out	0x3e, r29	; 62
    20c4:	df 91       	pop	r29
    20c6:	cf 91       	pop	r28
    20c8:	1f 91       	pop	r17
    20ca:	0f 91       	pop	r16
    20cc:	08 95       	ret

000020ce <prvInitialiseNewQueue>:
    20ce:	0f 93       	push	r16
    20d0:	1f 93       	push	r17
    20d2:	cf 93       	push	r28
    20d4:	df 93       	push	r29
    20d6:	cd b7       	in	r28, 0x3d	; 61
    20d8:	de b7       	in	r29, 0x3e	; 62
    20da:	27 97       	sbiw	r28, 0x07	; 7
    20dc:	cd bf       	out	0x3d, r28	; 61
    20de:	de bf       	out	0x3e, r29	; 62
    20e0:	89 83       	std	Y+1, r24	; 0x01
    20e2:	6a 83       	std	Y+2, r22	; 0x02
    20e4:	4b 83       	std	Y+3, r20	; 0x03
    20e6:	5c 83       	std	Y+4, r21	; 0x04
    20e8:	2d 83       	std	Y+5, r18	; 0x05
    20ea:	0e 83       	std	Y+6, r16	; 0x06
    20ec:	1f 83       	std	Y+7, r17	; 0x07
    20ee:	8a 81       	ldd	r24, Y+2	; 0x02
    20f0:	88 23       	and	r24, r24
    20f2:	41 f4       	brne	.+16     	; 0x2104 <prvInitialiseNewQueue+0x36>
    20f4:	8e 81       	ldd	r24, Y+6	; 0x06
    20f6:	9f 81       	ldd	r25, Y+7	; 0x07
    20f8:	2e 81       	ldd	r18, Y+6	; 0x06
    20fa:	3f 81       	ldd	r19, Y+7	; 0x07
    20fc:	fc 01       	movw	r30, r24
    20fe:	20 83       	st	Z, r18
    2100:	31 83       	std	Z+1, r19	; 0x01
    2102:	07 c0       	rjmp	.+14     	; 0x2112 <prvInitialiseNewQueue+0x44>
    2104:	8e 81       	ldd	r24, Y+6	; 0x06
    2106:	9f 81       	ldd	r25, Y+7	; 0x07
    2108:	2b 81       	ldd	r18, Y+3	; 0x03
    210a:	3c 81       	ldd	r19, Y+4	; 0x04
    210c:	fc 01       	movw	r30, r24
    210e:	20 83       	st	Z, r18
    2110:	31 83       	std	Z+1, r19	; 0x01
    2112:	8e 81       	ldd	r24, Y+6	; 0x06
    2114:	9f 81       	ldd	r25, Y+7	; 0x07
    2116:	29 81       	ldd	r18, Y+1	; 0x01
    2118:	fc 01       	movw	r30, r24
    211a:	23 8f       	std	Z+27, r18	; 0x1b
    211c:	8e 81       	ldd	r24, Y+6	; 0x06
    211e:	9f 81       	ldd	r25, Y+7	; 0x07
    2120:	2a 81       	ldd	r18, Y+2	; 0x02
    2122:	fc 01       	movw	r30, r24
    2124:	24 8f       	std	Z+28, r18	; 0x1c
    2126:	8e 81       	ldd	r24, Y+6	; 0x06
    2128:	9f 81       	ldd	r25, Y+7	; 0x07
    212a:	61 e0       	ldi	r22, 0x01	; 1
    212c:	0e 94 79 0f 	call	0x1ef2	; 0x1ef2 <xQueueGenericReset>
    2130:	8e 81       	ldd	r24, Y+6	; 0x06
    2132:	9f 81       	ldd	r25, Y+7	; 0x07
    2134:	2d 81       	ldd	r18, Y+5	; 0x05
    2136:	fc 01       	movw	r30, r24
    2138:	20 a3       	std	Z+32, r18	; 0x20
    213a:	00 00       	nop
    213c:	27 96       	adiw	r28, 0x07	; 7
    213e:	cd bf       	out	0x3d, r28	; 61
    2140:	de bf       	out	0x3e, r29	; 62
    2142:	df 91       	pop	r29
    2144:	cf 91       	pop	r28
    2146:	1f 91       	pop	r17
    2148:	0f 91       	pop	r16
    214a:	08 95       	ret

0000214c <xQueueGenericSend>:
    214c:	cf 93       	push	r28
    214e:	df 93       	push	r29
    2150:	cd b7       	in	r28, 0x3d	; 61
    2152:	de b7       	in	r29, 0x3e	; 62
    2154:	2e 97       	sbiw	r28, 0x0e	; 14
    2156:	cd bf       	out	0x3d, r28	; 61
    2158:	de bf       	out	0x3e, r29	; 62
    215a:	88 87       	std	Y+8, r24	; 0x08
    215c:	99 87       	std	Y+9, r25	; 0x09
    215e:	6a 87       	std	Y+10, r22	; 0x0a
    2160:	7b 87       	std	Y+11, r23	; 0x0b
    2162:	4c 87       	std	Y+12, r20	; 0x0c
    2164:	5d 87       	std	Y+13, r21	; 0x0d
    2166:	2e 87       	std	Y+14, r18	; 0x0e
    2168:	19 82       	std	Y+1, r1	; 0x01
    216a:	88 85       	ldd	r24, Y+8	; 0x08
    216c:	99 85       	ldd	r25, Y+9	; 0x09
    216e:	8a 83       	std	Y+2, r24	; 0x02
    2170:	9b 83       	std	Y+3, r25	; 0x03
    2172:	8a 81       	ldd	r24, Y+2	; 0x02
    2174:	9b 81       	ldd	r25, Y+3	; 0x03
    2176:	89 2b       	or	r24, r25
    2178:	31 f4       	brne	.+12     	; 0x2186 <xQueueGenericSend+0x3a>
    217a:	61 ef       	ldi	r22, 0xF1	; 241
    217c:	72 e0       	ldi	r23, 0x02	; 2
    217e:	87 e1       	ldi	r24, 0x17	; 23
    2180:	90 e2       	ldi	r25, 0x20	; 32
    2182:	0e 94 88 22 	call	0x4510	; 0x4510 <vAssertCalled>
    2186:	8a 85       	ldd	r24, Y+10	; 0x0a
    2188:	9b 85       	ldd	r25, Y+11	; 0x0b
    218a:	89 2b       	or	r24, r25
    218c:	31 f4       	brne	.+12     	; 0x219a <xQueueGenericSend+0x4e>
    218e:	8a 81       	ldd	r24, Y+2	; 0x02
    2190:	9b 81       	ldd	r25, Y+3	; 0x03
    2192:	fc 01       	movw	r30, r24
    2194:	84 8d       	ldd	r24, Z+28	; 0x1c
    2196:	88 23       	and	r24, r24
    2198:	19 f4       	brne	.+6      	; 0x21a0 <xQueueGenericSend+0x54>
    219a:	81 e0       	ldi	r24, 0x01	; 1
    219c:	90 e0       	ldi	r25, 0x00	; 0
    219e:	02 c0       	rjmp	.+4      	; 0x21a4 <xQueueGenericSend+0x58>
    21a0:	80 e0       	ldi	r24, 0x00	; 0
    21a2:	90 e0       	ldi	r25, 0x00	; 0
    21a4:	89 2b       	or	r24, r25
    21a6:	31 f4       	brne	.+12     	; 0x21b4 <xQueueGenericSend+0x68>
    21a8:	62 ef       	ldi	r22, 0xF2	; 242
    21aa:	72 e0       	ldi	r23, 0x02	; 2
    21ac:	87 e1       	ldi	r24, 0x17	; 23
    21ae:	90 e2       	ldi	r25, 0x20	; 32
    21b0:	0e 94 88 22 	call	0x4510	; 0x4510 <vAssertCalled>
    21b4:	8e 85       	ldd	r24, Y+14	; 0x0e
    21b6:	82 30       	cpi	r24, 0x02	; 2
    21b8:	31 f4       	brne	.+12     	; 0x21c6 <xQueueGenericSend+0x7a>
    21ba:	8a 81       	ldd	r24, Y+2	; 0x02
    21bc:	9b 81       	ldd	r25, Y+3	; 0x03
    21be:	fc 01       	movw	r30, r24
    21c0:	83 8d       	ldd	r24, Z+27	; 0x1b
    21c2:	81 30       	cpi	r24, 0x01	; 1
    21c4:	19 f4       	brne	.+6      	; 0x21cc <xQueueGenericSend+0x80>
    21c6:	81 e0       	ldi	r24, 0x01	; 1
    21c8:	90 e0       	ldi	r25, 0x00	; 0
    21ca:	02 c0       	rjmp	.+4      	; 0x21d0 <xQueueGenericSend+0x84>
    21cc:	80 e0       	ldi	r24, 0x00	; 0
    21ce:	90 e0       	ldi	r25, 0x00	; 0
    21d0:	89 2b       	or	r24, r25
    21d2:	31 f4       	brne	.+12     	; 0x21e0 <xQueueGenericSend+0x94>
    21d4:	63 ef       	ldi	r22, 0xF3	; 243
    21d6:	72 e0       	ldi	r23, 0x02	; 2
    21d8:	87 e1       	ldi	r24, 0x17	; 23
    21da:	90 e2       	ldi	r25, 0x20	; 32
    21dc:	0e 94 88 22 	call	0x4510	; 0x4510 <vAssertCalled>
    21e0:	0f b6       	in	r0, 0x3f	; 63
    21e2:	f8 94       	cli
    21e4:	0f 92       	push	r0
    21e6:	8a 81       	ldd	r24, Y+2	; 0x02
    21e8:	9b 81       	ldd	r25, Y+3	; 0x03
    21ea:	fc 01       	movw	r30, r24
    21ec:	22 8d       	ldd	r18, Z+26	; 0x1a
    21ee:	8a 81       	ldd	r24, Y+2	; 0x02
    21f0:	9b 81       	ldd	r25, Y+3	; 0x03
    21f2:	fc 01       	movw	r30, r24
    21f4:	83 8d       	ldd	r24, Z+27	; 0x1b
    21f6:	28 17       	cp	r18, r24
    21f8:	18 f0       	brcs	.+6      	; 0x2200 <xQueueGenericSend+0xb4>
    21fa:	8e 85       	ldd	r24, Y+14	; 0x0e
    21fc:	82 30       	cpi	r24, 0x02	; 2
    21fe:	11 f5       	brne	.+68     	; 0x2244 <xQueueGenericSend+0xf8>
    2200:	2a 85       	ldd	r18, Y+10	; 0x0a
    2202:	3b 85       	ldd	r19, Y+11	; 0x0b
    2204:	8a 81       	ldd	r24, Y+2	; 0x02
    2206:	9b 81       	ldd	r25, Y+3	; 0x03
    2208:	4e 85       	ldd	r20, Y+14	; 0x0e
    220a:	b9 01       	movw	r22, r18
    220c:	0e 94 54 12 	call	0x24a8	; 0x24a8 <prvCopyDataToQueue>
    2210:	8c 83       	std	Y+4, r24	; 0x04
    2212:	8a 81       	ldd	r24, Y+2	; 0x02
    2214:	9b 81       	ldd	r25, Y+3	; 0x03
    2216:	fc 01       	movw	r30, r24
    2218:	81 89       	ldd	r24, Z+17	; 0x11
    221a:	88 23       	and	r24, r24
    221c:	51 f0       	breq	.+20     	; 0x2232 <xQueueGenericSend+0xe6>
    221e:	8a 81       	ldd	r24, Y+2	; 0x02
    2220:	9b 81       	ldd	r25, Y+3	; 0x03
    2222:	41 96       	adiw	r24, 0x11	; 17
    2224:	0e 94 c0 1a 	call	0x3580	; 0x3580 <xTaskRemoveFromEventList>
    2228:	88 23       	and	r24, r24
    222a:	41 f0       	breq	.+16     	; 0x223c <xQueueGenericSend+0xf0>
    222c:	0e 94 14 0e 	call	0x1c28	; 0x1c28 <vPortYield>
    2230:	05 c0       	rjmp	.+10     	; 0x223c <xQueueGenericSend+0xf0>
    2232:	8c 81       	ldd	r24, Y+4	; 0x04
    2234:	88 23       	and	r24, r24
    2236:	11 f0       	breq	.+4      	; 0x223c <xQueueGenericSend+0xf0>
    2238:	0e 94 14 0e 	call	0x1c28	; 0x1c28 <vPortYield>
    223c:	0f 90       	pop	r0
    223e:	0f be       	out	0x3f, r0	; 63
    2240:	81 e0       	ldi	r24, 0x01	; 1
    2242:	60 c0       	rjmp	.+192    	; 0x2304 <xQueueGenericSend+0x1b8>
    2244:	8c 85       	ldd	r24, Y+12	; 0x0c
    2246:	9d 85       	ldd	r25, Y+13	; 0x0d
    2248:	89 2b       	or	r24, r25
    224a:	21 f4       	brne	.+8      	; 0x2254 <xQueueGenericSend+0x108>
    224c:	0f 90       	pop	r0
    224e:	0f be       	out	0x3f, r0	; 63
    2250:	80 e0       	ldi	r24, 0x00	; 0
    2252:	58 c0       	rjmp	.+176    	; 0x2304 <xQueueGenericSend+0x1b8>
    2254:	89 81       	ldd	r24, Y+1	; 0x01
    2256:	88 23       	and	r24, r24
    2258:	31 f4       	brne	.+12     	; 0x2266 <xQueueGenericSend+0x11a>
    225a:	ce 01       	movw	r24, r28
    225c:	05 96       	adiw	r24, 0x05	; 5
    225e:	0e 94 35 1b 	call	0x366a	; 0x366a <vTaskInternalSetTimeOutState>
    2262:	81 e0       	ldi	r24, 0x01	; 1
    2264:	89 83       	std	Y+1, r24	; 0x01
    2266:	0f 90       	pop	r0
    2268:	0f be       	out	0x3f, r0	; 63
    226a:	0e 94 d4 16 	call	0x2da8	; 0x2da8 <vTaskSuspendAll>
    226e:	0f b6       	in	r0, 0x3f	; 63
    2270:	f8 94       	cli
    2272:	0f 92       	push	r0
    2274:	8a 81       	ldd	r24, Y+2	; 0x02
    2276:	9b 81       	ldd	r25, Y+3	; 0x03
    2278:	fc 01       	movw	r30, r24
    227a:	85 8d       	ldd	r24, Z+29	; 0x1d
    227c:	8f 3f       	cpi	r24, 0xFF	; 255
    227e:	21 f4       	brne	.+8      	; 0x2288 <xQueueGenericSend+0x13c>
    2280:	8a 81       	ldd	r24, Y+2	; 0x02
    2282:	9b 81       	ldd	r25, Y+3	; 0x03
    2284:	fc 01       	movw	r30, r24
    2286:	15 8e       	std	Z+29, r1	; 0x1d
    2288:	8a 81       	ldd	r24, Y+2	; 0x02
    228a:	9b 81       	ldd	r25, Y+3	; 0x03
    228c:	fc 01       	movw	r30, r24
    228e:	86 8d       	ldd	r24, Z+30	; 0x1e
    2290:	8f 3f       	cpi	r24, 0xFF	; 255
    2292:	21 f4       	brne	.+8      	; 0x229c <xQueueGenericSend+0x150>
    2294:	8a 81       	ldd	r24, Y+2	; 0x02
    2296:	9b 81       	ldd	r25, Y+3	; 0x03
    2298:	fc 01       	movw	r30, r24
    229a:	16 8e       	std	Z+30, r1	; 0x1e
    229c:	0f 90       	pop	r0
    229e:	0f be       	out	0x3f, r0	; 63
    22a0:	9e 01       	movw	r18, r28
    22a2:	24 5f       	subi	r18, 0xF4	; 244
    22a4:	3f 4f       	sbci	r19, 0xFF	; 255
    22a6:	ce 01       	movw	r24, r28
    22a8:	05 96       	adiw	r24, 0x05	; 5
    22aa:	b9 01       	movw	r22, r18
    22ac:	0e 94 52 1b 	call	0x36a4	; 0x36a4 <xTaskCheckForTimeOut>
    22b0:	88 23       	and	r24, r24
    22b2:	09 f5       	brne	.+66     	; 0x22f6 <xQueueGenericSend+0x1aa>
    22b4:	8a 81       	ldd	r24, Y+2	; 0x02
    22b6:	9b 81       	ldd	r25, Y+3	; 0x03
    22b8:	0e 94 e8 13 	call	0x27d0	; 0x27d0 <prvIsQueueFull>
    22bc:	88 23       	and	r24, r24
    22be:	a1 f0       	breq	.+40     	; 0x22e8 <xQueueGenericSend+0x19c>
    22c0:	2c 85       	ldd	r18, Y+12	; 0x0c
    22c2:	3d 85       	ldd	r19, Y+13	; 0x0d
    22c4:	8a 81       	ldd	r24, Y+2	; 0x02
    22c6:	9b 81       	ldd	r25, Y+3	; 0x03
    22c8:	08 96       	adiw	r24, 0x08	; 8
    22ca:	b9 01       	movw	r22, r18
    22cc:	0e 94 94 1a 	call	0x3528	; 0x3528 <vTaskPlaceOnEventList>
    22d0:	8a 81       	ldd	r24, Y+2	; 0x02
    22d2:	9b 81       	ldd	r25, Y+3	; 0x03
    22d4:	0e 94 6e 13 	call	0x26dc	; 0x26dc <prvUnlockQueue>
    22d8:	0e 94 e1 16 	call	0x2dc2	; 0x2dc2 <xTaskResumeAll>
    22dc:	88 23       	and	r24, r24
    22de:	09 f0       	breq	.+2      	; 0x22e2 <xQueueGenericSend+0x196>
    22e0:	7f cf       	rjmp	.-258    	; 0x21e0 <xQueueGenericSend+0x94>
    22e2:	0e 94 14 0e 	call	0x1c28	; 0x1c28 <vPortYield>
    22e6:	7c cf       	rjmp	.-264    	; 0x21e0 <xQueueGenericSend+0x94>
    22e8:	8a 81       	ldd	r24, Y+2	; 0x02
    22ea:	9b 81       	ldd	r25, Y+3	; 0x03
    22ec:	0e 94 6e 13 	call	0x26dc	; 0x26dc <prvUnlockQueue>
    22f0:	0e 94 e1 16 	call	0x2dc2	; 0x2dc2 <xTaskResumeAll>
    22f4:	75 cf       	rjmp	.-278    	; 0x21e0 <xQueueGenericSend+0x94>
    22f6:	8a 81       	ldd	r24, Y+2	; 0x02
    22f8:	9b 81       	ldd	r25, Y+3	; 0x03
    22fa:	0e 94 6e 13 	call	0x26dc	; 0x26dc <prvUnlockQueue>
    22fe:	0e 94 e1 16 	call	0x2dc2	; 0x2dc2 <xTaskResumeAll>
    2302:	80 e0       	ldi	r24, 0x00	; 0
    2304:	2e 96       	adiw	r28, 0x0e	; 14
    2306:	cd bf       	out	0x3d, r28	; 61
    2308:	de bf       	out	0x3e, r29	; 62
    230a:	df 91       	pop	r29
    230c:	cf 91       	pop	r28
    230e:	08 95       	ret

00002310 <xQueueReceive>:
    2310:	cf 93       	push	r28
    2312:	df 93       	push	r29
    2314:	cd b7       	in	r28, 0x3d	; 61
    2316:	de b7       	in	r29, 0x3e	; 62
    2318:	2d 97       	sbiw	r28, 0x0d	; 13
    231a:	cd bf       	out	0x3d, r28	; 61
    231c:	de bf       	out	0x3e, r29	; 62
    231e:	88 87       	std	Y+8, r24	; 0x08
    2320:	99 87       	std	Y+9, r25	; 0x09
    2322:	6a 87       	std	Y+10, r22	; 0x0a
    2324:	7b 87       	std	Y+11, r23	; 0x0b
    2326:	4c 87       	std	Y+12, r20	; 0x0c
    2328:	5d 87       	std	Y+13, r21	; 0x0d
    232a:	19 82       	std	Y+1, r1	; 0x01
    232c:	88 85       	ldd	r24, Y+8	; 0x08
    232e:	99 85       	ldd	r25, Y+9	; 0x09
    2330:	8a 83       	std	Y+2, r24	; 0x02
    2332:	9b 83       	std	Y+3, r25	; 0x03
    2334:	8a 81       	ldd	r24, Y+2	; 0x02
    2336:	9b 81       	ldd	r25, Y+3	; 0x03
    2338:	89 2b       	or	r24, r25
    233a:	31 f4       	brne	.+12     	; 0x2348 <xQueueReceive+0x38>
    233c:	60 e0       	ldi	r22, 0x00	; 0
    233e:	75 e0       	ldi	r23, 0x05	; 5
    2340:	87 e1       	ldi	r24, 0x17	; 23
    2342:	90 e2       	ldi	r25, 0x20	; 32
    2344:	0e 94 88 22 	call	0x4510	; 0x4510 <vAssertCalled>
    2348:	8a 85       	ldd	r24, Y+10	; 0x0a
    234a:	9b 85       	ldd	r25, Y+11	; 0x0b
    234c:	89 2b       	or	r24, r25
    234e:	31 f4       	brne	.+12     	; 0x235c <xQueueReceive+0x4c>
    2350:	8a 81       	ldd	r24, Y+2	; 0x02
    2352:	9b 81       	ldd	r25, Y+3	; 0x03
    2354:	fc 01       	movw	r30, r24
    2356:	84 8d       	ldd	r24, Z+28	; 0x1c
    2358:	88 23       	and	r24, r24
    235a:	19 f4       	brne	.+6      	; 0x2362 <xQueueReceive+0x52>
    235c:	81 e0       	ldi	r24, 0x01	; 1
    235e:	90 e0       	ldi	r25, 0x00	; 0
    2360:	02 c0       	rjmp	.+4      	; 0x2366 <xQueueReceive+0x56>
    2362:	80 e0       	ldi	r24, 0x00	; 0
    2364:	90 e0       	ldi	r25, 0x00	; 0
    2366:	89 2b       	or	r24, r25
    2368:	31 f4       	brne	.+12     	; 0x2376 <xQueueReceive+0x66>
    236a:	64 e0       	ldi	r22, 0x04	; 4
    236c:	75 e0       	ldi	r23, 0x05	; 5
    236e:	87 e1       	ldi	r24, 0x17	; 23
    2370:	90 e2       	ldi	r25, 0x20	; 32
    2372:	0e 94 88 22 	call	0x4510	; 0x4510 <vAssertCalled>
    2376:	0f b6       	in	r0, 0x3f	; 63
    2378:	f8 94       	cli
    237a:	0f 92       	push	r0
    237c:	8a 81       	ldd	r24, Y+2	; 0x02
    237e:	9b 81       	ldd	r25, Y+3	; 0x03
    2380:	fc 01       	movw	r30, r24
    2382:	82 8d       	ldd	r24, Z+26	; 0x1a
    2384:	8c 83       	std	Y+4, r24	; 0x04
    2386:	8c 81       	ldd	r24, Y+4	; 0x04
    2388:	88 23       	and	r24, r24
    238a:	09 f1       	breq	.+66     	; 0x23ce <xQueueReceive+0xbe>
    238c:	2a 85       	ldd	r18, Y+10	; 0x0a
    238e:	3b 85       	ldd	r19, Y+11	; 0x0b
    2390:	8a 81       	ldd	r24, Y+2	; 0x02
    2392:	9b 81       	ldd	r25, Y+3	; 0x03
    2394:	b9 01       	movw	r22, r18
    2396:	0e 94 1e 13 	call	0x263c	; 0x263c <prvCopyDataFromQueue>
    239a:	8c 81       	ldd	r24, Y+4	; 0x04
    239c:	2f ef       	ldi	r18, 0xFF	; 255
    239e:	28 0f       	add	r18, r24
    23a0:	8a 81       	ldd	r24, Y+2	; 0x02
    23a2:	9b 81       	ldd	r25, Y+3	; 0x03
    23a4:	fc 01       	movw	r30, r24
    23a6:	22 8f       	std	Z+26, r18	; 0x1a
    23a8:	8a 81       	ldd	r24, Y+2	; 0x02
    23aa:	9b 81       	ldd	r25, Y+3	; 0x03
    23ac:	fc 01       	movw	r30, r24
    23ae:	80 85       	ldd	r24, Z+8	; 0x08
    23b0:	88 23       	and	r24, r24
    23b2:	49 f0       	breq	.+18     	; 0x23c6 <xQueueReceive+0xb6>
    23b4:	8a 81       	ldd	r24, Y+2	; 0x02
    23b6:	9b 81       	ldd	r25, Y+3	; 0x03
    23b8:	08 96       	adiw	r24, 0x08	; 8
    23ba:	0e 94 c0 1a 	call	0x3580	; 0x3580 <xTaskRemoveFromEventList>
    23be:	88 23       	and	r24, r24
    23c0:	11 f0       	breq	.+4      	; 0x23c6 <xQueueReceive+0xb6>
    23c2:	0e 94 14 0e 	call	0x1c28	; 0x1c28 <vPortYield>
    23c6:	0f 90       	pop	r0
    23c8:	0f be       	out	0x3f, r0	; 63
    23ca:	81 e0       	ldi	r24, 0x01	; 1
    23cc:	67 c0       	rjmp	.+206    	; 0x249c <xQueueReceive+0x18c>
    23ce:	8c 85       	ldd	r24, Y+12	; 0x0c
    23d0:	9d 85       	ldd	r25, Y+13	; 0x0d
    23d2:	89 2b       	or	r24, r25
    23d4:	21 f4       	brne	.+8      	; 0x23de <xQueueReceive+0xce>
    23d6:	0f 90       	pop	r0
    23d8:	0f be       	out	0x3f, r0	; 63
    23da:	80 e0       	ldi	r24, 0x00	; 0
    23dc:	5f c0       	rjmp	.+190    	; 0x249c <xQueueReceive+0x18c>
    23de:	89 81       	ldd	r24, Y+1	; 0x01
    23e0:	88 23       	and	r24, r24
    23e2:	31 f4       	brne	.+12     	; 0x23f0 <xQueueReceive+0xe0>
    23e4:	ce 01       	movw	r24, r28
    23e6:	05 96       	adiw	r24, 0x05	; 5
    23e8:	0e 94 35 1b 	call	0x366a	; 0x366a <vTaskInternalSetTimeOutState>
    23ec:	81 e0       	ldi	r24, 0x01	; 1
    23ee:	89 83       	std	Y+1, r24	; 0x01
    23f0:	0f 90       	pop	r0
    23f2:	0f be       	out	0x3f, r0	; 63
    23f4:	0e 94 d4 16 	call	0x2da8	; 0x2da8 <vTaskSuspendAll>
    23f8:	0f b6       	in	r0, 0x3f	; 63
    23fa:	f8 94       	cli
    23fc:	0f 92       	push	r0
    23fe:	8a 81       	ldd	r24, Y+2	; 0x02
    2400:	9b 81       	ldd	r25, Y+3	; 0x03
    2402:	fc 01       	movw	r30, r24
    2404:	85 8d       	ldd	r24, Z+29	; 0x1d
    2406:	8f 3f       	cpi	r24, 0xFF	; 255
    2408:	21 f4       	brne	.+8      	; 0x2412 <xQueueReceive+0x102>
    240a:	8a 81       	ldd	r24, Y+2	; 0x02
    240c:	9b 81       	ldd	r25, Y+3	; 0x03
    240e:	fc 01       	movw	r30, r24
    2410:	15 8e       	std	Z+29, r1	; 0x1d
    2412:	8a 81       	ldd	r24, Y+2	; 0x02
    2414:	9b 81       	ldd	r25, Y+3	; 0x03
    2416:	fc 01       	movw	r30, r24
    2418:	86 8d       	ldd	r24, Z+30	; 0x1e
    241a:	8f 3f       	cpi	r24, 0xFF	; 255
    241c:	21 f4       	brne	.+8      	; 0x2426 <xQueueReceive+0x116>
    241e:	8a 81       	ldd	r24, Y+2	; 0x02
    2420:	9b 81       	ldd	r25, Y+3	; 0x03
    2422:	fc 01       	movw	r30, r24
    2424:	16 8e       	std	Z+30, r1	; 0x1e
    2426:	0f 90       	pop	r0
    2428:	0f be       	out	0x3f, r0	; 63
    242a:	9e 01       	movw	r18, r28
    242c:	24 5f       	subi	r18, 0xF4	; 244
    242e:	3f 4f       	sbci	r19, 0xFF	; 255
    2430:	ce 01       	movw	r24, r28
    2432:	05 96       	adiw	r24, 0x05	; 5
    2434:	b9 01       	movw	r22, r18
    2436:	0e 94 52 1b 	call	0x36a4	; 0x36a4 <xTaskCheckForTimeOut>
    243a:	88 23       	and	r24, r24
    243c:	09 f5       	brne	.+66     	; 0x2480 <xQueueReceive+0x170>
    243e:	8a 81       	ldd	r24, Y+2	; 0x02
    2440:	9b 81       	ldd	r25, Y+3	; 0x03
    2442:	0e 94 cb 13 	call	0x2796	; 0x2796 <prvIsQueueEmpty>
    2446:	88 23       	and	r24, r24
    2448:	a1 f0       	breq	.+40     	; 0x2472 <xQueueReceive+0x162>
    244a:	2c 85       	ldd	r18, Y+12	; 0x0c
    244c:	3d 85       	ldd	r19, Y+13	; 0x0d
    244e:	8a 81       	ldd	r24, Y+2	; 0x02
    2450:	9b 81       	ldd	r25, Y+3	; 0x03
    2452:	41 96       	adiw	r24, 0x11	; 17
    2454:	b9 01       	movw	r22, r18
    2456:	0e 94 94 1a 	call	0x3528	; 0x3528 <vTaskPlaceOnEventList>
    245a:	8a 81       	ldd	r24, Y+2	; 0x02
    245c:	9b 81       	ldd	r25, Y+3	; 0x03
    245e:	0e 94 6e 13 	call	0x26dc	; 0x26dc <prvUnlockQueue>
    2462:	0e 94 e1 16 	call	0x2dc2	; 0x2dc2 <xTaskResumeAll>
    2466:	88 23       	and	r24, r24
    2468:	09 f0       	breq	.+2      	; 0x246c <xQueueReceive+0x15c>
    246a:	85 cf       	rjmp	.-246    	; 0x2376 <xQueueReceive+0x66>
    246c:	0e 94 14 0e 	call	0x1c28	; 0x1c28 <vPortYield>
    2470:	82 cf       	rjmp	.-252    	; 0x2376 <xQueueReceive+0x66>
    2472:	8a 81       	ldd	r24, Y+2	; 0x02
    2474:	9b 81       	ldd	r25, Y+3	; 0x03
    2476:	0e 94 6e 13 	call	0x26dc	; 0x26dc <prvUnlockQueue>
    247a:	0e 94 e1 16 	call	0x2dc2	; 0x2dc2 <xTaskResumeAll>
    247e:	7b cf       	rjmp	.-266    	; 0x2376 <xQueueReceive+0x66>
    2480:	8a 81       	ldd	r24, Y+2	; 0x02
    2482:	9b 81       	ldd	r25, Y+3	; 0x03
    2484:	0e 94 6e 13 	call	0x26dc	; 0x26dc <prvUnlockQueue>
    2488:	0e 94 e1 16 	call	0x2dc2	; 0x2dc2 <xTaskResumeAll>
    248c:	8a 81       	ldd	r24, Y+2	; 0x02
    248e:	9b 81       	ldd	r25, Y+3	; 0x03
    2490:	0e 94 cb 13 	call	0x2796	; 0x2796 <prvIsQueueEmpty>
    2494:	88 23       	and	r24, r24
    2496:	09 f4       	brne	.+2      	; 0x249a <xQueueReceive+0x18a>
    2498:	6e cf       	rjmp	.-292    	; 0x2376 <xQueueReceive+0x66>
    249a:	80 e0       	ldi	r24, 0x00	; 0
    249c:	2d 96       	adiw	r28, 0x0d	; 13
    249e:	cd bf       	out	0x3d, r28	; 61
    24a0:	de bf       	out	0x3e, r29	; 62
    24a2:	df 91       	pop	r29
    24a4:	cf 91       	pop	r28
    24a6:	08 95       	ret

000024a8 <prvCopyDataToQueue>:
    24a8:	cf 93       	push	r28
    24aa:	df 93       	push	r29
    24ac:	cd b7       	in	r28, 0x3d	; 61
    24ae:	de b7       	in	r29, 0x3e	; 62
    24b0:	27 97       	sbiw	r28, 0x07	; 7
    24b2:	cd bf       	out	0x3d, r28	; 61
    24b4:	de bf       	out	0x3e, r29	; 62
    24b6:	8b 83       	std	Y+3, r24	; 0x03
    24b8:	9c 83       	std	Y+4, r25	; 0x04
    24ba:	6d 83       	std	Y+5, r22	; 0x05
    24bc:	7e 83       	std	Y+6, r23	; 0x06
    24be:	4f 83       	std	Y+7, r20	; 0x07
    24c0:	19 82       	std	Y+1, r1	; 0x01
    24c2:	8b 81       	ldd	r24, Y+3	; 0x03
    24c4:	9c 81       	ldd	r25, Y+4	; 0x04
    24c6:	fc 01       	movw	r30, r24
    24c8:	82 8d       	ldd	r24, Z+26	; 0x1a
    24ca:	8a 83       	std	Y+2, r24	; 0x02
    24cc:	8b 81       	ldd	r24, Y+3	; 0x03
    24ce:	9c 81       	ldd	r25, Y+4	; 0x04
    24d0:	fc 01       	movw	r30, r24
    24d2:	84 8d       	ldd	r24, Z+28	; 0x1c
    24d4:	88 23       	and	r24, r24
    24d6:	b1 f4       	brne	.+44     	; 0x2504 <prvCopyDataToQueue+0x5c>
    24d8:	8b 81       	ldd	r24, Y+3	; 0x03
    24da:	9c 81       	ldd	r25, Y+4	; 0x04
    24dc:	fc 01       	movw	r30, r24
    24de:	80 81       	ld	r24, Z
    24e0:	91 81       	ldd	r25, Z+1	; 0x01
    24e2:	89 2b       	or	r24, r25
    24e4:	09 f0       	breq	.+2      	; 0x24e8 <prvCopyDataToQueue+0x40>
    24e6:	9c c0       	rjmp	.+312    	; 0x2620 <prvCopyDataToQueue+0x178>
    24e8:	8b 81       	ldd	r24, Y+3	; 0x03
    24ea:	9c 81       	ldd	r25, Y+4	; 0x04
    24ec:	fc 01       	movw	r30, r24
    24ee:	84 81       	ldd	r24, Z+4	; 0x04
    24f0:	95 81       	ldd	r25, Z+5	; 0x05
    24f2:	0e 94 24 1e 	call	0x3c48	; 0x3c48 <xTaskPriorityDisinherit>
    24f6:	89 83       	std	Y+1, r24	; 0x01
    24f8:	8b 81       	ldd	r24, Y+3	; 0x03
    24fa:	9c 81       	ldd	r25, Y+4	; 0x04
    24fc:	fc 01       	movw	r30, r24
    24fe:	14 82       	std	Z+4, r1	; 0x04
    2500:	15 82       	std	Z+5, r1	; 0x05
    2502:	8e c0       	rjmp	.+284    	; 0x2620 <prvCopyDataToQueue+0x178>
    2504:	8f 81       	ldd	r24, Y+7	; 0x07
    2506:	88 23       	and	r24, r24
    2508:	d9 f5       	brne	.+118    	; 0x2580 <prvCopyDataToQueue+0xd8>
    250a:	8b 81       	ldd	r24, Y+3	; 0x03
    250c:	9c 81       	ldd	r25, Y+4	; 0x04
    250e:	fc 01       	movw	r30, r24
    2510:	84 8d       	ldd	r24, Z+28	; 0x1c
    2512:	48 2f       	mov	r20, r24
    2514:	50 e0       	ldi	r21, 0x00	; 0
    2516:	8b 81       	ldd	r24, Y+3	; 0x03
    2518:	9c 81       	ldd	r25, Y+4	; 0x04
    251a:	fc 01       	movw	r30, r24
    251c:	82 81       	ldd	r24, Z+2	; 0x02
    251e:	93 81       	ldd	r25, Z+3	; 0x03
    2520:	2d 81       	ldd	r18, Y+5	; 0x05
    2522:	3e 81       	ldd	r19, Y+6	; 0x06
    2524:	b9 01       	movw	r22, r18
    2526:	0e 94 c3 30 	call	0x6186	; 0x6186 <memcpy>
    252a:	8b 81       	ldd	r24, Y+3	; 0x03
    252c:	9c 81       	ldd	r25, Y+4	; 0x04
    252e:	fc 01       	movw	r30, r24
    2530:	22 81       	ldd	r18, Z+2	; 0x02
    2532:	33 81       	ldd	r19, Z+3	; 0x03
    2534:	8b 81       	ldd	r24, Y+3	; 0x03
    2536:	9c 81       	ldd	r25, Y+4	; 0x04
    2538:	fc 01       	movw	r30, r24
    253a:	84 8d       	ldd	r24, Z+28	; 0x1c
    253c:	88 2f       	mov	r24, r24
    253e:	90 e0       	ldi	r25, 0x00	; 0
    2540:	28 0f       	add	r18, r24
    2542:	39 1f       	adc	r19, r25
    2544:	8b 81       	ldd	r24, Y+3	; 0x03
    2546:	9c 81       	ldd	r25, Y+4	; 0x04
    2548:	fc 01       	movw	r30, r24
    254a:	22 83       	std	Z+2, r18	; 0x02
    254c:	33 83       	std	Z+3, r19	; 0x03
    254e:	8b 81       	ldd	r24, Y+3	; 0x03
    2550:	9c 81       	ldd	r25, Y+4	; 0x04
    2552:	fc 01       	movw	r30, r24
    2554:	22 81       	ldd	r18, Z+2	; 0x02
    2556:	33 81       	ldd	r19, Z+3	; 0x03
    2558:	8b 81       	ldd	r24, Y+3	; 0x03
    255a:	9c 81       	ldd	r25, Y+4	; 0x04
    255c:	fc 01       	movw	r30, r24
    255e:	84 81       	ldd	r24, Z+4	; 0x04
    2560:	95 81       	ldd	r25, Z+5	; 0x05
    2562:	28 17       	cp	r18, r24
    2564:	39 07       	cpc	r19, r25
    2566:	08 f4       	brcc	.+2      	; 0x256a <prvCopyDataToQueue+0xc2>
    2568:	5b c0       	rjmp	.+182    	; 0x2620 <prvCopyDataToQueue+0x178>
    256a:	8b 81       	ldd	r24, Y+3	; 0x03
    256c:	9c 81       	ldd	r25, Y+4	; 0x04
    256e:	fc 01       	movw	r30, r24
    2570:	20 81       	ld	r18, Z
    2572:	31 81       	ldd	r19, Z+1	; 0x01
    2574:	8b 81       	ldd	r24, Y+3	; 0x03
    2576:	9c 81       	ldd	r25, Y+4	; 0x04
    2578:	fc 01       	movw	r30, r24
    257a:	22 83       	std	Z+2, r18	; 0x02
    257c:	33 83       	std	Z+3, r19	; 0x03
    257e:	50 c0       	rjmp	.+160    	; 0x2620 <prvCopyDataToQueue+0x178>
    2580:	8b 81       	ldd	r24, Y+3	; 0x03
    2582:	9c 81       	ldd	r25, Y+4	; 0x04
    2584:	fc 01       	movw	r30, r24
    2586:	84 8d       	ldd	r24, Z+28	; 0x1c
    2588:	48 2f       	mov	r20, r24
    258a:	50 e0       	ldi	r21, 0x00	; 0
    258c:	8b 81       	ldd	r24, Y+3	; 0x03
    258e:	9c 81       	ldd	r25, Y+4	; 0x04
    2590:	fc 01       	movw	r30, r24
    2592:	86 81       	ldd	r24, Z+6	; 0x06
    2594:	97 81       	ldd	r25, Z+7	; 0x07
    2596:	2d 81       	ldd	r18, Y+5	; 0x05
    2598:	3e 81       	ldd	r19, Y+6	; 0x06
    259a:	b9 01       	movw	r22, r18
    259c:	0e 94 c3 30 	call	0x6186	; 0x6186 <memcpy>
    25a0:	8b 81       	ldd	r24, Y+3	; 0x03
    25a2:	9c 81       	ldd	r25, Y+4	; 0x04
    25a4:	fc 01       	movw	r30, r24
    25a6:	26 81       	ldd	r18, Z+6	; 0x06
    25a8:	37 81       	ldd	r19, Z+7	; 0x07
    25aa:	8b 81       	ldd	r24, Y+3	; 0x03
    25ac:	9c 81       	ldd	r25, Y+4	; 0x04
    25ae:	fc 01       	movw	r30, r24
    25b0:	84 8d       	ldd	r24, Z+28	; 0x1c
    25b2:	88 2f       	mov	r24, r24
    25b4:	90 e0       	ldi	r25, 0x00	; 0
    25b6:	91 95       	neg	r25
    25b8:	81 95       	neg	r24
    25ba:	91 09       	sbc	r25, r1
    25bc:	28 0f       	add	r18, r24
    25be:	39 1f       	adc	r19, r25
    25c0:	8b 81       	ldd	r24, Y+3	; 0x03
    25c2:	9c 81       	ldd	r25, Y+4	; 0x04
    25c4:	fc 01       	movw	r30, r24
    25c6:	26 83       	std	Z+6, r18	; 0x06
    25c8:	37 83       	std	Z+7, r19	; 0x07
    25ca:	8b 81       	ldd	r24, Y+3	; 0x03
    25cc:	9c 81       	ldd	r25, Y+4	; 0x04
    25ce:	fc 01       	movw	r30, r24
    25d0:	26 81       	ldd	r18, Z+6	; 0x06
    25d2:	37 81       	ldd	r19, Z+7	; 0x07
    25d4:	8b 81       	ldd	r24, Y+3	; 0x03
    25d6:	9c 81       	ldd	r25, Y+4	; 0x04
    25d8:	fc 01       	movw	r30, r24
    25da:	80 81       	ld	r24, Z
    25dc:	91 81       	ldd	r25, Z+1	; 0x01
    25de:	28 17       	cp	r18, r24
    25e0:	39 07       	cpc	r19, r25
    25e2:	a8 f4       	brcc	.+42     	; 0x260e <prvCopyDataToQueue+0x166>
    25e4:	8b 81       	ldd	r24, Y+3	; 0x03
    25e6:	9c 81       	ldd	r25, Y+4	; 0x04
    25e8:	fc 01       	movw	r30, r24
    25ea:	24 81       	ldd	r18, Z+4	; 0x04
    25ec:	35 81       	ldd	r19, Z+5	; 0x05
    25ee:	8b 81       	ldd	r24, Y+3	; 0x03
    25f0:	9c 81       	ldd	r25, Y+4	; 0x04
    25f2:	fc 01       	movw	r30, r24
    25f4:	84 8d       	ldd	r24, Z+28	; 0x1c
    25f6:	88 2f       	mov	r24, r24
    25f8:	90 e0       	ldi	r25, 0x00	; 0
    25fa:	91 95       	neg	r25
    25fc:	81 95       	neg	r24
    25fe:	91 09       	sbc	r25, r1
    2600:	28 0f       	add	r18, r24
    2602:	39 1f       	adc	r19, r25
    2604:	8b 81       	ldd	r24, Y+3	; 0x03
    2606:	9c 81       	ldd	r25, Y+4	; 0x04
    2608:	fc 01       	movw	r30, r24
    260a:	26 83       	std	Z+6, r18	; 0x06
    260c:	37 83       	std	Z+7, r19	; 0x07
    260e:	8f 81       	ldd	r24, Y+7	; 0x07
    2610:	82 30       	cpi	r24, 0x02	; 2
    2612:	31 f4       	brne	.+12     	; 0x2620 <prvCopyDataToQueue+0x178>
    2614:	8a 81       	ldd	r24, Y+2	; 0x02
    2616:	88 23       	and	r24, r24
    2618:	19 f0       	breq	.+6      	; 0x2620 <prvCopyDataToQueue+0x178>
    261a:	8a 81       	ldd	r24, Y+2	; 0x02
    261c:	81 50       	subi	r24, 0x01	; 1
    261e:	8a 83       	std	Y+2, r24	; 0x02
    2620:	8a 81       	ldd	r24, Y+2	; 0x02
    2622:	21 e0       	ldi	r18, 0x01	; 1
    2624:	28 0f       	add	r18, r24
    2626:	8b 81       	ldd	r24, Y+3	; 0x03
    2628:	9c 81       	ldd	r25, Y+4	; 0x04
    262a:	fc 01       	movw	r30, r24
    262c:	22 8f       	std	Z+26, r18	; 0x1a
    262e:	89 81       	ldd	r24, Y+1	; 0x01
    2630:	27 96       	adiw	r28, 0x07	; 7
    2632:	cd bf       	out	0x3d, r28	; 61
    2634:	de bf       	out	0x3e, r29	; 62
    2636:	df 91       	pop	r29
    2638:	cf 91       	pop	r28
    263a:	08 95       	ret

0000263c <prvCopyDataFromQueue>:
    263c:	cf 93       	push	r28
    263e:	df 93       	push	r29
    2640:	00 d0       	rcall	.+0      	; 0x2642 <prvCopyDataFromQueue+0x6>
    2642:	1f 92       	push	r1
    2644:	cd b7       	in	r28, 0x3d	; 61
    2646:	de b7       	in	r29, 0x3e	; 62
    2648:	89 83       	std	Y+1, r24	; 0x01
    264a:	9a 83       	std	Y+2, r25	; 0x02
    264c:	6b 83       	std	Y+3, r22	; 0x03
    264e:	7c 83       	std	Y+4, r23	; 0x04
    2650:	89 81       	ldd	r24, Y+1	; 0x01
    2652:	9a 81       	ldd	r25, Y+2	; 0x02
    2654:	fc 01       	movw	r30, r24
    2656:	84 8d       	ldd	r24, Z+28	; 0x1c
    2658:	88 23       	and	r24, r24
    265a:	c9 f1       	breq	.+114    	; 0x26ce <prvCopyDataFromQueue+0x92>
    265c:	89 81       	ldd	r24, Y+1	; 0x01
    265e:	9a 81       	ldd	r25, Y+2	; 0x02
    2660:	fc 01       	movw	r30, r24
    2662:	26 81       	ldd	r18, Z+6	; 0x06
    2664:	37 81       	ldd	r19, Z+7	; 0x07
    2666:	89 81       	ldd	r24, Y+1	; 0x01
    2668:	9a 81       	ldd	r25, Y+2	; 0x02
    266a:	fc 01       	movw	r30, r24
    266c:	84 8d       	ldd	r24, Z+28	; 0x1c
    266e:	88 2f       	mov	r24, r24
    2670:	90 e0       	ldi	r25, 0x00	; 0
    2672:	28 0f       	add	r18, r24
    2674:	39 1f       	adc	r19, r25
    2676:	89 81       	ldd	r24, Y+1	; 0x01
    2678:	9a 81       	ldd	r25, Y+2	; 0x02
    267a:	fc 01       	movw	r30, r24
    267c:	26 83       	std	Z+6, r18	; 0x06
    267e:	37 83       	std	Z+7, r19	; 0x07
    2680:	89 81       	ldd	r24, Y+1	; 0x01
    2682:	9a 81       	ldd	r25, Y+2	; 0x02
    2684:	fc 01       	movw	r30, r24
    2686:	26 81       	ldd	r18, Z+6	; 0x06
    2688:	37 81       	ldd	r19, Z+7	; 0x07
    268a:	89 81       	ldd	r24, Y+1	; 0x01
    268c:	9a 81       	ldd	r25, Y+2	; 0x02
    268e:	fc 01       	movw	r30, r24
    2690:	84 81       	ldd	r24, Z+4	; 0x04
    2692:	95 81       	ldd	r25, Z+5	; 0x05
    2694:	28 17       	cp	r18, r24
    2696:	39 07       	cpc	r19, r25
    2698:	50 f0       	brcs	.+20     	; 0x26ae <prvCopyDataFromQueue+0x72>
    269a:	89 81       	ldd	r24, Y+1	; 0x01
    269c:	9a 81       	ldd	r25, Y+2	; 0x02
    269e:	fc 01       	movw	r30, r24
    26a0:	20 81       	ld	r18, Z
    26a2:	31 81       	ldd	r19, Z+1	; 0x01
    26a4:	89 81       	ldd	r24, Y+1	; 0x01
    26a6:	9a 81       	ldd	r25, Y+2	; 0x02
    26a8:	fc 01       	movw	r30, r24
    26aa:	26 83       	std	Z+6, r18	; 0x06
    26ac:	37 83       	std	Z+7, r19	; 0x07
    26ae:	89 81       	ldd	r24, Y+1	; 0x01
    26b0:	9a 81       	ldd	r25, Y+2	; 0x02
    26b2:	fc 01       	movw	r30, r24
    26b4:	84 8d       	ldd	r24, Z+28	; 0x1c
    26b6:	48 2f       	mov	r20, r24
    26b8:	50 e0       	ldi	r21, 0x00	; 0
    26ba:	89 81       	ldd	r24, Y+1	; 0x01
    26bc:	9a 81       	ldd	r25, Y+2	; 0x02
    26be:	fc 01       	movw	r30, r24
    26c0:	26 81       	ldd	r18, Z+6	; 0x06
    26c2:	37 81       	ldd	r19, Z+7	; 0x07
    26c4:	8b 81       	ldd	r24, Y+3	; 0x03
    26c6:	9c 81       	ldd	r25, Y+4	; 0x04
    26c8:	b9 01       	movw	r22, r18
    26ca:	0e 94 c3 30 	call	0x6186	; 0x6186 <memcpy>
    26ce:	00 00       	nop
    26d0:	24 96       	adiw	r28, 0x04	; 4
    26d2:	cd bf       	out	0x3d, r28	; 61
    26d4:	de bf       	out	0x3e, r29	; 62
    26d6:	df 91       	pop	r29
    26d8:	cf 91       	pop	r28
    26da:	08 95       	ret

000026dc <prvUnlockQueue>:
    26dc:	cf 93       	push	r28
    26de:	df 93       	push	r29
    26e0:	00 d0       	rcall	.+0      	; 0x26e2 <prvUnlockQueue+0x6>
    26e2:	1f 92       	push	r1
    26e4:	cd b7       	in	r28, 0x3d	; 61
    26e6:	de b7       	in	r29, 0x3e	; 62
    26e8:	8b 83       	std	Y+3, r24	; 0x03
    26ea:	9c 83       	std	Y+4, r25	; 0x04
    26ec:	0f b6       	in	r0, 0x3f	; 63
    26ee:	f8 94       	cli
    26f0:	0f 92       	push	r0
    26f2:	8b 81       	ldd	r24, Y+3	; 0x03
    26f4:	9c 81       	ldd	r25, Y+4	; 0x04
    26f6:	fc 01       	movw	r30, r24
    26f8:	86 8d       	ldd	r24, Z+30	; 0x1e
    26fa:	89 83       	std	Y+1, r24	; 0x01
    26fc:	12 c0       	rjmp	.+36     	; 0x2722 <prvUnlockQueue+0x46>
    26fe:	8b 81       	ldd	r24, Y+3	; 0x03
    2700:	9c 81       	ldd	r25, Y+4	; 0x04
    2702:	fc 01       	movw	r30, r24
    2704:	81 89       	ldd	r24, Z+17	; 0x11
    2706:	88 23       	and	r24, r24
    2708:	81 f0       	breq	.+32     	; 0x272a <prvUnlockQueue+0x4e>
    270a:	8b 81       	ldd	r24, Y+3	; 0x03
    270c:	9c 81       	ldd	r25, Y+4	; 0x04
    270e:	41 96       	adiw	r24, 0x11	; 17
    2710:	0e 94 c0 1a 	call	0x3580	; 0x3580 <xTaskRemoveFromEventList>
    2714:	88 23       	and	r24, r24
    2716:	11 f0       	breq	.+4      	; 0x271c <prvUnlockQueue+0x40>
    2718:	0e 94 d3 1b 	call	0x37a6	; 0x37a6 <vTaskMissedYield>
    271c:	89 81       	ldd	r24, Y+1	; 0x01
    271e:	81 50       	subi	r24, 0x01	; 1
    2720:	89 83       	std	Y+1, r24	; 0x01
    2722:	89 81       	ldd	r24, Y+1	; 0x01
    2724:	18 16       	cp	r1, r24
    2726:	5c f3       	brlt	.-42     	; 0x26fe <prvUnlockQueue+0x22>
    2728:	01 c0       	rjmp	.+2      	; 0x272c <prvUnlockQueue+0x50>
    272a:	00 00       	nop
    272c:	8b 81       	ldd	r24, Y+3	; 0x03
    272e:	9c 81       	ldd	r25, Y+4	; 0x04
    2730:	2f ef       	ldi	r18, 0xFF	; 255
    2732:	fc 01       	movw	r30, r24
    2734:	26 8f       	std	Z+30, r18	; 0x1e
    2736:	0f 90       	pop	r0
    2738:	0f be       	out	0x3f, r0	; 63
    273a:	0f b6       	in	r0, 0x3f	; 63
    273c:	f8 94       	cli
    273e:	0f 92       	push	r0
    2740:	8b 81       	ldd	r24, Y+3	; 0x03
    2742:	9c 81       	ldd	r25, Y+4	; 0x04
    2744:	fc 01       	movw	r30, r24
    2746:	85 8d       	ldd	r24, Z+29	; 0x1d
    2748:	8a 83       	std	Y+2, r24	; 0x02
    274a:	12 c0       	rjmp	.+36     	; 0x2770 <prvUnlockQueue+0x94>
    274c:	8b 81       	ldd	r24, Y+3	; 0x03
    274e:	9c 81       	ldd	r25, Y+4	; 0x04
    2750:	fc 01       	movw	r30, r24
    2752:	80 85       	ldd	r24, Z+8	; 0x08
    2754:	88 23       	and	r24, r24
    2756:	81 f0       	breq	.+32     	; 0x2778 <prvUnlockQueue+0x9c>
    2758:	8b 81       	ldd	r24, Y+3	; 0x03
    275a:	9c 81       	ldd	r25, Y+4	; 0x04
    275c:	08 96       	adiw	r24, 0x08	; 8
    275e:	0e 94 c0 1a 	call	0x3580	; 0x3580 <xTaskRemoveFromEventList>
    2762:	88 23       	and	r24, r24
    2764:	11 f0       	breq	.+4      	; 0x276a <prvUnlockQueue+0x8e>
    2766:	0e 94 d3 1b 	call	0x37a6	; 0x37a6 <vTaskMissedYield>
    276a:	8a 81       	ldd	r24, Y+2	; 0x02
    276c:	81 50       	subi	r24, 0x01	; 1
    276e:	8a 83       	std	Y+2, r24	; 0x02
    2770:	8a 81       	ldd	r24, Y+2	; 0x02
    2772:	18 16       	cp	r1, r24
    2774:	5c f3       	brlt	.-42     	; 0x274c <prvUnlockQueue+0x70>
    2776:	01 c0       	rjmp	.+2      	; 0x277a <prvUnlockQueue+0x9e>
    2778:	00 00       	nop
    277a:	8b 81       	ldd	r24, Y+3	; 0x03
    277c:	9c 81       	ldd	r25, Y+4	; 0x04
    277e:	2f ef       	ldi	r18, 0xFF	; 255
    2780:	fc 01       	movw	r30, r24
    2782:	25 8f       	std	Z+29, r18	; 0x1d
    2784:	0f 90       	pop	r0
    2786:	0f be       	out	0x3f, r0	; 63
    2788:	00 00       	nop
    278a:	24 96       	adiw	r28, 0x04	; 4
    278c:	cd bf       	out	0x3d, r28	; 61
    278e:	de bf       	out	0x3e, r29	; 62
    2790:	df 91       	pop	r29
    2792:	cf 91       	pop	r28
    2794:	08 95       	ret

00002796 <prvIsQueueEmpty>:
    2796:	cf 93       	push	r28
    2798:	df 93       	push	r29
    279a:	00 d0       	rcall	.+0      	; 0x279c <prvIsQueueEmpty+0x6>
    279c:	cd b7       	in	r28, 0x3d	; 61
    279e:	de b7       	in	r29, 0x3e	; 62
    27a0:	8a 83       	std	Y+2, r24	; 0x02
    27a2:	9b 83       	std	Y+3, r25	; 0x03
    27a4:	0f b6       	in	r0, 0x3f	; 63
    27a6:	f8 94       	cli
    27a8:	0f 92       	push	r0
    27aa:	8a 81       	ldd	r24, Y+2	; 0x02
    27ac:	9b 81       	ldd	r25, Y+3	; 0x03
    27ae:	fc 01       	movw	r30, r24
    27b0:	82 8d       	ldd	r24, Z+26	; 0x1a
    27b2:	88 23       	and	r24, r24
    27b4:	19 f4       	brne	.+6      	; 0x27bc <prvIsQueueEmpty+0x26>
    27b6:	81 e0       	ldi	r24, 0x01	; 1
    27b8:	89 83       	std	Y+1, r24	; 0x01
    27ba:	01 c0       	rjmp	.+2      	; 0x27be <prvIsQueueEmpty+0x28>
    27bc:	19 82       	std	Y+1, r1	; 0x01
    27be:	0f 90       	pop	r0
    27c0:	0f be       	out	0x3f, r0	; 63
    27c2:	89 81       	ldd	r24, Y+1	; 0x01
    27c4:	23 96       	adiw	r28, 0x03	; 3
    27c6:	cd bf       	out	0x3d, r28	; 61
    27c8:	de bf       	out	0x3e, r29	; 62
    27ca:	df 91       	pop	r29
    27cc:	cf 91       	pop	r28
    27ce:	08 95       	ret

000027d0 <prvIsQueueFull>:
/*-----------------------------------------------------------*/

static BaseType_t prvIsQueueFull( const Queue_t *pxQueue )
{
    27d0:	cf 93       	push	r28
    27d2:	df 93       	push	r29
    27d4:	00 d0       	rcall	.+0      	; 0x27d6 <prvIsQueueFull+0x6>
    27d6:	cd b7       	in	r28, 0x3d	; 61
    27d8:	de b7       	in	r29, 0x3e	; 62
    27da:	8a 83       	std	Y+2, r24	; 0x02
    27dc:	9b 83       	std	Y+3, r25	; 0x03
BaseType_t xReturn;

	taskENTER_CRITICAL();
    27de:	0f b6       	in	r0, 0x3f	; 63
    27e0:	f8 94       	cli
    27e2:	0f 92       	push	r0
	{
		if( pxQueue->uxMessagesWaiting == pxQueue->uxLength )
    27e4:	8a 81       	ldd	r24, Y+2	; 0x02
    27e6:	9b 81       	ldd	r25, Y+3	; 0x03
    27e8:	fc 01       	movw	r30, r24
    27ea:	22 8d       	ldd	r18, Z+26	; 0x1a
    27ec:	8a 81       	ldd	r24, Y+2	; 0x02
    27ee:	9b 81       	ldd	r25, Y+3	; 0x03
    27f0:	fc 01       	movw	r30, r24
    27f2:	83 8d       	ldd	r24, Z+27	; 0x1b
    27f4:	28 17       	cp	r18, r24
    27f6:	19 f4       	brne	.+6      	; 0x27fe <prvIsQueueFull+0x2e>
		{
			xReturn = pdTRUE;
    27f8:	81 e0       	ldi	r24, 0x01	; 1
    27fa:	89 83       	std	Y+1, r24	; 0x01
    27fc:	01 c0       	rjmp	.+2      	; 0x2800 <prvIsQueueFull+0x30>
		}
		else
		{
			xReturn = pdFALSE;
    27fe:	19 82       	std	Y+1, r1	; 0x01
		}
	}
	taskEXIT_CRITICAL();
    2800:	0f 90       	pop	r0
    2802:	0f be       	out	0x3f, r0	; 63

	return xReturn;
    2804:	89 81       	ldd	r24, Y+1	; 0x01
}
    2806:	23 96       	adiw	r28, 0x03	; 3
    2808:	cd bf       	out	0x3d, r28	; 61
    280a:	de bf       	out	0x3e, r29	; 62
    280c:	df 91       	pop	r29
    280e:	cf 91       	pop	r28
    2810:	08 95       	ret

00002812 <xTaskCreate>:
			}
		}
		taskEXIT_CRITICAL();

		return xReturn;
	}
    2812:	8f 92       	push	r8
    2814:	9f 92       	push	r9
    2816:	af 92       	push	r10
    2818:	bf 92       	push	r11
    281a:	cf 92       	push	r12
    281c:	df 92       	push	r13
    281e:	ef 92       	push	r14
    2820:	ff 92       	push	r15
    2822:	0f 93       	push	r16
    2824:	1f 93       	push	r17
    2826:	cf 93       	push	r28
    2828:	df 93       	push	r29
    282a:	cd b7       	in	r28, 0x3d	; 61
    282c:	de b7       	in	r29, 0x3e	; 62
    282e:	60 97       	sbiw	r28, 0x10	; 16
    2830:	cd bf       	out	0x3d, r28	; 61
    2832:	de bf       	out	0x3e, r29	; 62
    2834:	8e 83       	std	Y+6, r24	; 0x06
    2836:	9f 83       	std	Y+7, r25	; 0x07
    2838:	68 87       	std	Y+8, r22	; 0x08
    283a:	79 87       	std	Y+9, r23	; 0x09
    283c:	4a 87       	std	Y+10, r20	; 0x0a
    283e:	5b 87       	std	Y+11, r21	; 0x0b
    2840:	2c 87       	std	Y+12, r18	; 0x0c
    2842:	3d 87       	std	Y+13, r19	; 0x0d
    2844:	0e 87       	std	Y+14, r16	; 0x0e
    2846:	ef 86       	std	Y+15, r14	; 0x0f
    2848:	f8 8a       	std	Y+16, r15	; 0x10
    284a:	8a 85       	ldd	r24, Y+10	; 0x0a
    284c:	9b 85       	ldd	r25, Y+11	; 0x0b
    284e:	0e 94 3a 09 	call	0x1274	; 0x1274 <pvPortMalloc>
    2852:	8c 83       	std	Y+4, r24	; 0x04
    2854:	9d 83       	std	Y+5, r25	; 0x05
    2856:	8c 81       	ldd	r24, Y+4	; 0x04
    2858:	9d 81       	ldd	r25, Y+5	; 0x05
    285a:	89 2b       	or	r24, r25
    285c:	b9 f0       	breq	.+46     	; 0x288c <xTaskCreate+0x7a>
    285e:	80 e3       	ldi	r24, 0x30	; 48
    2860:	90 e0       	ldi	r25, 0x00	; 0
    2862:	0e 94 3a 09 	call	0x1274	; 0x1274 <pvPortMalloc>
    2866:	89 83       	std	Y+1, r24	; 0x01
    2868:	9a 83       	std	Y+2, r25	; 0x02
    286a:	89 81       	ldd	r24, Y+1	; 0x01
    286c:	9a 81       	ldd	r25, Y+2	; 0x02
    286e:	89 2b       	or	r24, r25
    2870:	41 f0       	breq	.+16     	; 0x2882 <xTaskCreate+0x70>
    2872:	89 81       	ldd	r24, Y+1	; 0x01
    2874:	9a 81       	ldd	r25, Y+2	; 0x02
    2876:	2c 81       	ldd	r18, Y+4	; 0x04
    2878:	3d 81       	ldd	r19, Y+5	; 0x05
    287a:	fc 01       	movw	r30, r24
    287c:	27 8b       	std	Z+23, r18	; 0x17
    287e:	30 8f       	std	Z+24, r19	; 0x18
    2880:	07 c0       	rjmp	.+14     	; 0x2890 <xTaskCreate+0x7e>
    2882:	8c 81       	ldd	r24, Y+4	; 0x04
    2884:	9d 81       	ldd	r25, Y+5	; 0x05
    2886:	0e 94 29 0a 	call	0x1452	; 0x1452 <vPortFree>
    288a:	02 c0       	rjmp	.+4      	; 0x2890 <xTaskCreate+0x7e>
    288c:	19 82       	std	Y+1, r1	; 0x01
    288e:	1a 82       	std	Y+2, r1	; 0x02
    2890:	89 81       	ldd	r24, Y+1	; 0x01
    2892:	9a 81       	ldd	r25, Y+2	; 0x02
    2894:	89 2b       	or	r24, r25
    2896:	09 f1       	breq	.+66     	; 0x28da <xTaskCreate+0xc8>
    2898:	8a 85       	ldd	r24, Y+10	; 0x0a
    289a:	9b 85       	ldd	r25, Y+11	; 0x0b
    289c:	cc 01       	movw	r24, r24
    289e:	a0 e0       	ldi	r26, 0x00	; 0
    28a0:	b0 e0       	ldi	r27, 0x00	; 0
    28a2:	09 81       	ldd	r16, Y+1	; 0x01
    28a4:	1a 81       	ldd	r17, Y+2	; 0x02
    28a6:	4f 85       	ldd	r20, Y+15	; 0x0f
    28a8:	58 89       	ldd	r21, Y+16	; 0x10
    28aa:	2c 85       	ldd	r18, Y+12	; 0x0c
    28ac:	3d 85       	ldd	r19, Y+13	; 0x0d
    28ae:	68 85       	ldd	r22, Y+8	; 0x08
    28b0:	79 85       	ldd	r23, Y+9	; 0x09
    28b2:	ee 81       	ldd	r30, Y+6	; 0x06
    28b4:	ff 81       	ldd	r31, Y+7	; 0x07
    28b6:	81 2c       	mov	r8, r1
    28b8:	91 2c       	mov	r9, r1
    28ba:	58 01       	movw	r10, r16
    28bc:	6a 01       	movw	r12, r20
    28be:	ee 84       	ldd	r14, Y+14	; 0x0e
    28c0:	89 01       	movw	r16, r18
    28c2:	9c 01       	movw	r18, r24
    28c4:	ad 01       	movw	r20, r26
    28c6:	cf 01       	movw	r24, r30
    28c8:	0e 94 80 14 	call	0x2900	; 0x2900 <prvInitialiseNewTask>
    28cc:	89 81       	ldd	r24, Y+1	; 0x01
    28ce:	9a 81       	ldd	r25, Y+2	; 0x02
    28d0:	0e 94 67 15 	call	0x2ace	; 0x2ace <prvAddNewTaskToReadyList>
    28d4:	81 e0       	ldi	r24, 0x01	; 1
    28d6:	8b 83       	std	Y+3, r24	; 0x03
    28d8:	02 c0       	rjmp	.+4      	; 0x28de <xTaskCreate+0xcc>
    28da:	8f ef       	ldi	r24, 0xFF	; 255
    28dc:	8b 83       	std	Y+3, r24	; 0x03
    28de:	8b 81       	ldd	r24, Y+3	; 0x03
    28e0:	60 96       	adiw	r28, 0x10	; 16
    28e2:	cd bf       	out	0x3d, r28	; 61
    28e4:	de bf       	out	0x3e, r29	; 62
    28e6:	df 91       	pop	r29
    28e8:	cf 91       	pop	r28
    28ea:	1f 91       	pop	r17
    28ec:	0f 91       	pop	r16
    28ee:	ff 90       	pop	r15
    28f0:	ef 90       	pop	r14
    28f2:	df 90       	pop	r13
    28f4:	cf 90       	pop	r12
    28f6:	bf 90       	pop	r11
    28f8:	af 90       	pop	r10
    28fa:	9f 90       	pop	r9
    28fc:	8f 90       	pop	r8
    28fe:	08 95       	ret

00002900 <prvInitialiseNewTask>:
    2900:	8f 92       	push	r8
    2902:	9f 92       	push	r9
    2904:	af 92       	push	r10
    2906:	bf 92       	push	r11
    2908:	cf 92       	push	r12
    290a:	df 92       	push	r13
    290c:	ef 92       	push	r14
    290e:	0f 93       	push	r16
    2910:	1f 93       	push	r17
    2912:	cf 93       	push	r28
    2914:	df 93       	push	r29
    2916:	cd b7       	in	r28, 0x3d	; 61
    2918:	de b7       	in	r29, 0x3e	; 62
    291a:	64 97       	sbiw	r28, 0x14	; 20
    291c:	cd bf       	out	0x3d, r28	; 61
    291e:	de bf       	out	0x3e, r29	; 62
    2920:	8c 83       	std	Y+4, r24	; 0x04
    2922:	9d 83       	std	Y+5, r25	; 0x05
    2924:	6e 83       	std	Y+6, r22	; 0x06
    2926:	7f 83       	std	Y+7, r23	; 0x07
    2928:	28 87       	std	Y+8, r18	; 0x08
    292a:	39 87       	std	Y+9, r19	; 0x09
    292c:	4a 87       	std	Y+10, r20	; 0x0a
    292e:	5b 87       	std	Y+11, r21	; 0x0b
    2930:	0c 87       	std	Y+12, r16	; 0x0c
    2932:	1d 87       	std	Y+13, r17	; 0x0d
    2934:	ee 86       	std	Y+14, r14	; 0x0e
    2936:	cf 86       	std	Y+15, r12	; 0x0f
    2938:	d8 8a       	std	Y+16, r13	; 0x10
    293a:	a9 8a       	std	Y+17, r10	; 0x11
    293c:	ba 8a       	std	Y+18, r11	; 0x12
    293e:	8b 8a       	std	Y+19, r8	; 0x13
    2940:	9c 8a       	std	Y+20, r9	; 0x14
    2942:	8e 81       	ldd	r24, Y+6	; 0x06
    2944:	9f 81       	ldd	r25, Y+7	; 0x07
    2946:	89 2b       	or	r24, r25
    2948:	31 f4       	brne	.+12     	; 0x2956 <prvInitialiseNewTask+0x56>
    294a:	60 e6       	ldi	r22, 0x60	; 96
    294c:	73 e0       	ldi	r23, 0x03	; 3
    294e:	8b e2       	ldi	r24, 0x2B	; 43
    2950:	90 e2       	ldi	r25, 0x20	; 32
    2952:	0e 94 88 22 	call	0x4510	; 0x4510 <vAssertCalled>
    2956:	28 85       	ldd	r18, Y+8	; 0x08
    2958:	39 85       	ldd	r19, Y+9	; 0x09
    295a:	89 89       	ldd	r24, Y+17	; 0x11
    295c:	9a 89       	ldd	r25, Y+18	; 0x12
    295e:	fc 01       	movw	r30, r24
    2960:	87 89       	ldd	r24, Z+23	; 0x17
    2962:	90 8d       	ldd	r25, Z+24	; 0x18
    2964:	a9 01       	movw	r20, r18
    2966:	65 ea       	ldi	r22, 0xA5	; 165
    2968:	70 e0       	ldi	r23, 0x00	; 0
    296a:	0e 94 cc 30 	call	0x6198	; 0x6198 <memset>
    296e:	89 89       	ldd	r24, Y+17	; 0x11
    2970:	9a 89       	ldd	r25, Y+18	; 0x12
    2972:	fc 01       	movw	r30, r24
    2974:	27 89       	ldd	r18, Z+23	; 0x17
    2976:	30 8d       	ldd	r19, Z+24	; 0x18
    2978:	88 85       	ldd	r24, Y+8	; 0x08
    297a:	99 85       	ldd	r25, Y+9	; 0x09
    297c:	01 97       	sbiw	r24, 0x01	; 1
    297e:	82 0f       	add	r24, r18
    2980:	93 1f       	adc	r25, r19
    2982:	8a 83       	std	Y+2, r24	; 0x02
    2984:	9b 83       	std	Y+3, r25	; 0x03
    2986:	19 82       	std	Y+1, r1	; 0x01
    2988:	21 c0       	rjmp	.+66     	; 0x29cc <prvInitialiseNewTask+0xcc>
    298a:	89 81       	ldd	r24, Y+1	; 0x01
    298c:	88 2f       	mov	r24, r24
    298e:	90 e0       	ldi	r25, 0x00	; 0
    2990:	29 81       	ldd	r18, Y+1	; 0x01
    2992:	22 2f       	mov	r18, r18
    2994:	30 e0       	ldi	r19, 0x00	; 0
    2996:	4e 81       	ldd	r20, Y+6	; 0x06
    2998:	5f 81       	ldd	r21, Y+7	; 0x07
    299a:	24 0f       	add	r18, r20
    299c:	35 1f       	adc	r19, r21
    299e:	f9 01       	movw	r30, r18
    29a0:	40 81       	ld	r20, Z
    29a2:	29 89       	ldd	r18, Y+17	; 0x11
    29a4:	3a 89       	ldd	r19, Y+18	; 0x12
    29a6:	82 0f       	add	r24, r18
    29a8:	93 1f       	adc	r25, r19
    29aa:	49 96       	adiw	r24, 0x19	; 25
    29ac:	fc 01       	movw	r30, r24
    29ae:	40 83       	st	Z, r20
    29b0:	89 81       	ldd	r24, Y+1	; 0x01
    29b2:	88 2f       	mov	r24, r24
    29b4:	90 e0       	ldi	r25, 0x00	; 0
    29b6:	2e 81       	ldd	r18, Y+6	; 0x06
    29b8:	3f 81       	ldd	r19, Y+7	; 0x07
    29ba:	82 0f       	add	r24, r18
    29bc:	93 1f       	adc	r25, r19
    29be:	fc 01       	movw	r30, r24
    29c0:	80 81       	ld	r24, Z
    29c2:	88 23       	and	r24, r24
    29c4:	39 f0       	breq	.+14     	; 0x29d4 <prvInitialiseNewTask+0xd4>
    29c6:	89 81       	ldd	r24, Y+1	; 0x01
    29c8:	8f 5f       	subi	r24, 0xFF	; 255
    29ca:	89 83       	std	Y+1, r24	; 0x01
    29cc:	89 81       	ldd	r24, Y+1	; 0x01
    29ce:	88 30       	cpi	r24, 0x08	; 8
    29d0:	e0 f2       	brcs	.-72     	; 0x298a <prvInitialiseNewTask+0x8a>
    29d2:	01 c0       	rjmp	.+2      	; 0x29d6 <prvInitialiseNewTask+0xd6>
    29d4:	00 00       	nop
    29d6:	89 89       	ldd	r24, Y+17	; 0x11
    29d8:	9a 89       	ldd	r25, Y+18	; 0x12
    29da:	fc 01       	movw	r30, r24
    29dc:	10 a2       	std	Z+32, r1	; 0x20
    29de:	8e 85       	ldd	r24, Y+14	; 0x0e
    29e0:	8a 30       	cpi	r24, 0x0A	; 10
    29e2:	10 f0       	brcs	.+4      	; 0x29e8 <prvInitialiseNewTask+0xe8>
    29e4:	89 e0       	ldi	r24, 0x09	; 9
    29e6:	8e 87       	std	Y+14, r24	; 0x0e
    29e8:	89 89       	ldd	r24, Y+17	; 0x11
    29ea:	9a 89       	ldd	r25, Y+18	; 0x12
    29ec:	2e 85       	ldd	r18, Y+14	; 0x0e
    29ee:	fc 01       	movw	r30, r24
    29f0:	26 8b       	std	Z+22, r18	; 0x16
    29f2:	89 89       	ldd	r24, Y+17	; 0x11
    29f4:	9a 89       	ldd	r25, Y+18	; 0x12
    29f6:	2e 85       	ldd	r18, Y+14	; 0x0e
    29f8:	fc 01       	movw	r30, r24
    29fa:	23 a3       	std	Z+35, r18	; 0x23
    29fc:	89 89       	ldd	r24, Y+17	; 0x11
    29fe:	9a 89       	ldd	r25, Y+18	; 0x12
    2a00:	fc 01       	movw	r30, r24
    2a02:	14 a2       	std	Z+36, r1	; 0x24
    2a04:	89 89       	ldd	r24, Y+17	; 0x11
    2a06:	9a 89       	ldd	r25, Y+18	; 0x12
    2a08:	02 96       	adiw	r24, 0x02	; 2
    2a0a:	0e 94 06 0b 	call	0x160c	; 0x160c <vListInitialiseItem>
    2a0e:	89 89       	ldd	r24, Y+17	; 0x11
    2a10:	9a 89       	ldd	r25, Y+18	; 0x12
    2a12:	0c 96       	adiw	r24, 0x0c	; 12
    2a14:	0e 94 06 0b 	call	0x160c	; 0x160c <vListInitialiseItem>
    2a18:	89 89       	ldd	r24, Y+17	; 0x11
    2a1a:	9a 89       	ldd	r25, Y+18	; 0x12
    2a1c:	29 89       	ldd	r18, Y+17	; 0x11
    2a1e:	3a 89       	ldd	r19, Y+18	; 0x12
    2a20:	fc 01       	movw	r30, r24
    2a22:	20 87       	std	Z+8, r18	; 0x08
    2a24:	31 87       	std	Z+9, r19	; 0x09
    2a26:	8e 85       	ldd	r24, Y+14	; 0x0e
    2a28:	88 2f       	mov	r24, r24
    2a2a:	90 e0       	ldi	r25, 0x00	; 0
    2a2c:	2a e0       	ldi	r18, 0x0A	; 10
    2a2e:	30 e0       	ldi	r19, 0x00	; 0
    2a30:	28 1b       	sub	r18, r24
    2a32:	39 0b       	sbc	r19, r25
    2a34:	89 89       	ldd	r24, Y+17	; 0x11
    2a36:	9a 89       	ldd	r25, Y+18	; 0x12
    2a38:	fc 01       	movw	r30, r24
    2a3a:	24 87       	std	Z+12, r18	; 0x0c
    2a3c:	35 87       	std	Z+13, r19	; 0x0d
    2a3e:	89 89       	ldd	r24, Y+17	; 0x11
    2a40:	9a 89       	ldd	r25, Y+18	; 0x12
    2a42:	29 89       	ldd	r18, Y+17	; 0x11
    2a44:	3a 89       	ldd	r19, Y+18	; 0x12
    2a46:	fc 01       	movw	r30, r24
    2a48:	22 8b       	std	Z+18, r18	; 0x12
    2a4a:	33 8b       	std	Z+19, r19	; 0x13
    2a4c:	89 89       	ldd	r24, Y+17	; 0x11
    2a4e:	9a 89       	ldd	r25, Y+18	; 0x12
    2a50:	fc 01       	movw	r30, r24
    2a52:	15 a2       	std	Z+37, r1	; 0x25
    2a54:	16 a2       	std	Z+38, r1	; 0x26
    2a56:	89 89       	ldd	r24, Y+17	; 0x11
    2a58:	9a 89       	ldd	r25, Y+18	; 0x12
    2a5a:	fc 01       	movw	r30, r24
    2a5c:	17 a2       	std	Z+39, r1	; 0x27
    2a5e:	10 a6       	std	Z+40, r1	; 0x28
    2a60:	11 a6       	std	Z+41, r1	; 0x29
    2a62:	12 a6       	std	Z+42, r1	; 0x2a
    2a64:	89 89       	ldd	r24, Y+17	; 0x11
    2a66:	9a 89       	ldd	r25, Y+18	; 0x12
    2a68:	fc 01       	movw	r30, r24
    2a6a:	13 a6       	std	Z+43, r1	; 0x2b
    2a6c:	14 a6       	std	Z+44, r1	; 0x2c
    2a6e:	15 a6       	std	Z+45, r1	; 0x2d
    2a70:	16 a6       	std	Z+46, r1	; 0x2e
    2a72:	89 89       	ldd	r24, Y+17	; 0x11
    2a74:	9a 89       	ldd	r25, Y+18	; 0x12
    2a76:	fc 01       	movw	r30, r24
    2a78:	17 a6       	std	Z+47, r1	; 0x2f
    2a7a:	4c 85       	ldd	r20, Y+12	; 0x0c
    2a7c:	5d 85       	ldd	r21, Y+13	; 0x0d
    2a7e:	2c 81       	ldd	r18, Y+4	; 0x04
    2a80:	3d 81       	ldd	r19, Y+5	; 0x05
    2a82:	8a 81       	ldd	r24, Y+2	; 0x02
    2a84:	9b 81       	ldd	r25, Y+3	; 0x03
    2a86:	b9 01       	movw	r22, r18
    2a88:	0e 94 2c 0c 	call	0x1858	; 0x1858 <pxPortInitialiseStack>
    2a8c:	9c 01       	movw	r18, r24
    2a8e:	89 89       	ldd	r24, Y+17	; 0x11
    2a90:	9a 89       	ldd	r25, Y+18	; 0x12
    2a92:	fc 01       	movw	r30, r24
    2a94:	20 83       	st	Z, r18
    2a96:	31 83       	std	Z+1, r19	; 0x01
    2a98:	8f 85       	ldd	r24, Y+15	; 0x0f
    2a9a:	98 89       	ldd	r25, Y+16	; 0x10
    2a9c:	89 2b       	or	r24, r25
    2a9e:	39 f0       	breq	.+14     	; 0x2aae <prvInitialiseNewTask+0x1ae>
    2aa0:	8f 85       	ldd	r24, Y+15	; 0x0f
    2aa2:	98 89       	ldd	r25, Y+16	; 0x10
    2aa4:	29 89       	ldd	r18, Y+17	; 0x11
    2aa6:	3a 89       	ldd	r19, Y+18	; 0x12
    2aa8:	fc 01       	movw	r30, r24
    2aaa:	20 83       	st	Z, r18
    2aac:	31 83       	std	Z+1, r19	; 0x01
    2aae:	00 00       	nop
    2ab0:	64 96       	adiw	r28, 0x14	; 20
    2ab2:	cd bf       	out	0x3d, r28	; 61
    2ab4:	de bf       	out	0x3e, r29	; 62
    2ab6:	df 91       	pop	r29
    2ab8:	cf 91       	pop	r28
    2aba:	1f 91       	pop	r17
    2abc:	0f 91       	pop	r16
    2abe:	ef 90       	pop	r14
    2ac0:	df 90       	pop	r13
    2ac2:	cf 90       	pop	r12
    2ac4:	bf 90       	pop	r11
    2ac6:	af 90       	pop	r10
    2ac8:	9f 90       	pop	r9
    2aca:	8f 90       	pop	r8
    2acc:	08 95       	ret

00002ace <prvAddNewTaskToReadyList>:
    2ace:	cf 93       	push	r28
    2ad0:	df 93       	push	r29
    2ad2:	1f 92       	push	r1
    2ad4:	1f 92       	push	r1
    2ad6:	cd b7       	in	r28, 0x3d	; 61
    2ad8:	de b7       	in	r29, 0x3e	; 62
    2ada:	89 83       	std	Y+1, r24	; 0x01
    2adc:	9a 83       	std	Y+2, r25	; 0x02
    2ade:	0f b6       	in	r0, 0x3f	; 63
    2ae0:	f8 94       	cli
    2ae2:	0f 92       	push	r0
    2ae4:	80 91 1f 23 	lds	r24, 0x231F	; 0x80231f <uxCurrentNumberOfTasks>
    2ae8:	8f 5f       	subi	r24, 0xFF	; 255
    2aea:	80 93 1f 23 	sts	0x231F, r24	; 0x80231f <uxCurrentNumberOfTasks>
    2aee:	80 91 91 22 	lds	r24, 0x2291	; 0x802291 <pxCurrentTCB>
    2af2:	90 91 92 22 	lds	r25, 0x2292	; 0x802292 <pxCurrentTCB+0x1>
    2af6:	89 2b       	or	r24, r25
    2af8:	69 f4       	brne	.+26     	; 0x2b14 <prvAddNewTaskToReadyList+0x46>
    2afa:	89 81       	ldd	r24, Y+1	; 0x01
    2afc:	9a 81       	ldd	r25, Y+2	; 0x02
    2afe:	80 93 91 22 	sts	0x2291, r24	; 0x802291 <pxCurrentTCB>
    2b02:	90 93 92 22 	sts	0x2292, r25	; 0x802292 <pxCurrentTCB+0x1>
    2b06:	80 91 1f 23 	lds	r24, 0x231F	; 0x80231f <uxCurrentNumberOfTasks>
    2b0a:	81 30       	cpi	r24, 0x01	; 1
    2b0c:	c9 f4       	brne	.+50     	; 0x2b40 <prvAddNewTaskToReadyList+0x72>
    2b0e:	0e 94 f1 1b 	call	0x37e2	; 0x37e2 <prvInitialiseTaskLists>
    2b12:	16 c0       	rjmp	.+44     	; 0x2b40 <prvAddNewTaskToReadyList+0x72>
    2b14:	80 91 23 23 	lds	r24, 0x2323	; 0x802323 <xSchedulerRunning>
    2b18:	88 23       	and	r24, r24
    2b1a:	91 f4       	brne	.+36     	; 0x2b40 <prvAddNewTaskToReadyList+0x72>
    2b1c:	80 91 91 22 	lds	r24, 0x2291	; 0x802291 <pxCurrentTCB>
    2b20:	90 91 92 22 	lds	r25, 0x2292	; 0x802292 <pxCurrentTCB+0x1>
    2b24:	fc 01       	movw	r30, r24
    2b26:	26 89       	ldd	r18, Z+22	; 0x16
    2b28:	89 81       	ldd	r24, Y+1	; 0x01
    2b2a:	9a 81       	ldd	r25, Y+2	; 0x02
    2b2c:	fc 01       	movw	r30, r24
    2b2e:	86 89       	ldd	r24, Z+22	; 0x16
    2b30:	82 17       	cp	r24, r18
    2b32:	30 f0       	brcs	.+12     	; 0x2b40 <prvAddNewTaskToReadyList+0x72>
    2b34:	89 81       	ldd	r24, Y+1	; 0x01
    2b36:	9a 81       	ldd	r25, Y+2	; 0x02
    2b38:	80 93 91 22 	sts	0x2291, r24	; 0x802291 <pxCurrentTCB>
    2b3c:	90 93 92 22 	sts	0x2292, r25	; 0x802292 <pxCurrentTCB+0x1>
    2b40:	80 91 27 23 	lds	r24, 0x2327	; 0x802327 <uxTaskNumber>
    2b44:	8f 5f       	subi	r24, 0xFF	; 255
    2b46:	80 93 27 23 	sts	0x2327, r24	; 0x802327 <uxTaskNumber>
    2b4a:	20 91 27 23 	lds	r18, 0x2327	; 0x802327 <uxTaskNumber>
    2b4e:	89 81       	ldd	r24, Y+1	; 0x01
    2b50:	9a 81       	ldd	r25, Y+2	; 0x02
    2b52:	fc 01       	movw	r30, r24
    2b54:	21 a3       	std	Z+33, r18	; 0x21
    2b56:	89 81       	ldd	r24, Y+1	; 0x01
    2b58:	9a 81       	ldd	r25, Y+2	; 0x02
    2b5a:	fc 01       	movw	r30, r24
    2b5c:	96 89       	ldd	r25, Z+22	; 0x16
    2b5e:	80 91 22 23 	lds	r24, 0x2322	; 0x802322 <uxTopReadyPriority>
    2b62:	89 17       	cp	r24, r25
    2b64:	30 f4       	brcc	.+12     	; 0x2b72 <prvAddNewTaskToReadyList+0xa4>
    2b66:	89 81       	ldd	r24, Y+1	; 0x01
    2b68:	9a 81       	ldd	r25, Y+2	; 0x02
    2b6a:	fc 01       	movw	r30, r24
    2b6c:	86 89       	ldd	r24, Z+22	; 0x16
    2b6e:	80 93 22 23 	sts	0x2322, r24	; 0x802322 <uxTopReadyPriority>
    2b72:	89 81       	ldd	r24, Y+1	; 0x01
    2b74:	9a 81       	ldd	r25, Y+2	; 0x02
    2b76:	ac 01       	movw	r20, r24
    2b78:	4e 5f       	subi	r20, 0xFE	; 254
    2b7a:	5f 4f       	sbci	r21, 0xFF	; 255
    2b7c:	89 81       	ldd	r24, Y+1	; 0x01
    2b7e:	9a 81       	ldd	r25, Y+2	; 0x02
    2b80:	fc 01       	movw	r30, r24
    2b82:	86 89       	ldd	r24, Z+22	; 0x16
    2b84:	28 2f       	mov	r18, r24
    2b86:	30 e0       	ldi	r19, 0x00	; 0
    2b88:	c9 01       	movw	r24, r18
    2b8a:	88 0f       	add	r24, r24
    2b8c:	99 1f       	adc	r25, r25
    2b8e:	88 0f       	add	r24, r24
    2b90:	99 1f       	adc	r25, r25
    2b92:	88 0f       	add	r24, r24
    2b94:	99 1f       	adc	r25, r25
    2b96:	82 0f       	add	r24, r18
    2b98:	93 1f       	adc	r25, r19
    2b9a:	8d 56       	subi	r24, 0x6D	; 109
    2b9c:	9d 4d       	sbci	r25, 0xDD	; 221
    2b9e:	ba 01       	movw	r22, r20
    2ba0:	0e 94 19 0b 	call	0x1632	; 0x1632 <vListInsertEnd>
    2ba4:	0f 90       	pop	r0
    2ba6:	0f be       	out	0x3f, r0	; 63
    2ba8:	80 91 23 23 	lds	r24, 0x2323	; 0x802323 <xSchedulerRunning>
    2bac:	88 23       	and	r24, r24
    2bae:	71 f0       	breq	.+28     	; 0x2bcc <prvAddNewTaskToReadyList+0xfe>
    2bb0:	80 91 91 22 	lds	r24, 0x2291	; 0x802291 <pxCurrentTCB>
    2bb4:	90 91 92 22 	lds	r25, 0x2292	; 0x802292 <pxCurrentTCB+0x1>
    2bb8:	fc 01       	movw	r30, r24
    2bba:	26 89       	ldd	r18, Z+22	; 0x16
    2bbc:	89 81       	ldd	r24, Y+1	; 0x01
    2bbe:	9a 81       	ldd	r25, Y+2	; 0x02
    2bc0:	fc 01       	movw	r30, r24
    2bc2:	86 89       	ldd	r24, Z+22	; 0x16
    2bc4:	28 17       	cp	r18, r24
    2bc6:	10 f4       	brcc	.+4      	; 0x2bcc <prvAddNewTaskToReadyList+0xfe>
    2bc8:	0e 94 14 0e 	call	0x1c28	; 0x1c28 <vPortYield>
    2bcc:	00 00       	nop
    2bce:	0f 90       	pop	r0
    2bd0:	0f 90       	pop	r0
    2bd2:	df 91       	pop	r29
    2bd4:	cf 91       	pop	r28
    2bd6:	08 95       	ret

00002bd8 <vTaskDelay>:
    2bd8:	cf 93       	push	r28
    2bda:	df 93       	push	r29
    2bdc:	00 d0       	rcall	.+0      	; 0x2bde <vTaskDelay+0x6>
    2bde:	cd b7       	in	r28, 0x3d	; 61
    2be0:	de b7       	in	r29, 0x3e	; 62
    2be2:	8a 83       	std	Y+2, r24	; 0x02
    2be4:	9b 83       	std	Y+3, r25	; 0x03
    2be6:	19 82       	std	Y+1, r1	; 0x01
    2be8:	8a 81       	ldd	r24, Y+2	; 0x02
    2bea:	9b 81       	ldd	r25, Y+3	; 0x03
    2bec:	89 2b       	or	r24, r25
    2bee:	a1 f0       	breq	.+40     	; 0x2c18 <vTaskDelay+0x40>
    2bf0:	80 91 2c 23 	lds	r24, 0x232C	; 0x80232c <uxSchedulerSuspended>
    2bf4:	88 23       	and	r24, r24
    2bf6:	31 f0       	breq	.+12     	; 0x2c04 <vTaskDelay+0x2c>
    2bf8:	60 e2       	ldi	r22, 0x20	; 32
    2bfa:	75 e0       	ldi	r23, 0x05	; 5
    2bfc:	8b e2       	ldi	r24, 0x2B	; 43
    2bfe:	90 e2       	ldi	r25, 0x20	; 32
    2c00:	0e 94 88 22 	call	0x4510	; 0x4510 <vAssertCalled>
    2c04:	0e 94 d4 16 	call	0x2da8	; 0x2da8 <vTaskSuspendAll>
    2c08:	8a 81       	ldd	r24, Y+2	; 0x02
    2c0a:	9b 81       	ldd	r25, Y+3	; 0x03
    2c0c:	60 e0       	ldi	r22, 0x00	; 0
    2c0e:	0e 94 fe 1f 	call	0x3ffc	; 0x3ffc <prvAddCurrentTaskToDelayedList>
    2c12:	0e 94 e1 16 	call	0x2dc2	; 0x2dc2 <xTaskResumeAll>
    2c16:	89 83       	std	Y+1, r24	; 0x01
    2c18:	89 81       	ldd	r24, Y+1	; 0x01
    2c1a:	88 23       	and	r24, r24
    2c1c:	11 f4       	brne	.+4      	; 0x2c22 <vTaskDelay+0x4a>
    2c1e:	0e 94 14 0e 	call	0x1c28	; 0x1c28 <vPortYield>
    2c22:	00 00       	nop
    2c24:	23 96       	adiw	r28, 0x03	; 3
    2c26:	cd bf       	out	0x3d, r28	; 61
    2c28:	de bf       	out	0x3e, r29	; 62
    2c2a:	df 91       	pop	r29
    2c2c:	cf 91       	pop	r28
    2c2e:	08 95       	ret

00002c30 <eTaskGetState>:
    2c30:	cf 93       	push	r28
    2c32:	df 93       	push	r29
    2c34:	cd b7       	in	r28, 0x3d	; 61
    2c36:	de b7       	in	r29, 0x3e	; 62
    2c38:	2b 97       	sbiw	r28, 0x0b	; 11
    2c3a:	cd bf       	out	0x3d, r28	; 61
    2c3c:	de bf       	out	0x3e, r29	; 62
    2c3e:	8a 87       	std	Y+10, r24	; 0x0a
    2c40:	9b 87       	std	Y+11, r25	; 0x0b
    2c42:	8a 85       	ldd	r24, Y+10	; 0x0a
    2c44:	9b 85       	ldd	r25, Y+11	; 0x0b
    2c46:	8a 83       	std	Y+2, r24	; 0x02
    2c48:	9b 83       	std	Y+3, r25	; 0x03
    2c4a:	8a 81       	ldd	r24, Y+2	; 0x02
    2c4c:	9b 81       	ldd	r25, Y+3	; 0x03
    2c4e:	89 2b       	or	r24, r25
    2c50:	31 f4       	brne	.+12     	; 0x2c5e <eTaskGetState+0x2e>
    2c52:	6c e4       	ldi	r22, 0x4C	; 76
    2c54:	75 e0       	ldi	r23, 0x05	; 5
    2c56:	8b e2       	ldi	r24, 0x2B	; 43
    2c58:	90 e2       	ldi	r25, 0x20	; 32
    2c5a:	0e 94 88 22 	call	0x4510	; 0x4510 <vAssertCalled>
    2c5e:	80 91 91 22 	lds	r24, 0x2291	; 0x802291 <pxCurrentTCB>
    2c62:	90 91 92 22 	lds	r25, 0x2292	; 0x802292 <pxCurrentTCB+0x1>
    2c66:	2a 81       	ldd	r18, Y+2	; 0x02
    2c68:	3b 81       	ldd	r19, Y+3	; 0x03
    2c6a:	28 17       	cp	r18, r24
    2c6c:	39 07       	cpc	r19, r25
    2c6e:	11 f4       	brne	.+4      	; 0x2c74 <eTaskGetState+0x44>
    2c70:	19 82       	std	Y+1, r1	; 0x01
    2c72:	52 c0       	rjmp	.+164    	; 0x2d18 <eTaskGetState+0xe8>
    2c74:	0f b6       	in	r0, 0x3f	; 63
    2c76:	f8 94       	cli
    2c78:	0f 92       	push	r0
    2c7a:	8a 81       	ldd	r24, Y+2	; 0x02
    2c7c:	9b 81       	ldd	r25, Y+3	; 0x03
    2c7e:	fc 01       	movw	r30, r24
    2c80:	82 85       	ldd	r24, Z+10	; 0x0a
    2c82:	93 85       	ldd	r25, Z+11	; 0x0b
    2c84:	8c 83       	std	Y+4, r24	; 0x04
    2c86:	9d 83       	std	Y+5, r25	; 0x05
    2c88:	80 91 ff 22 	lds	r24, 0x22FF	; 0x8022ff <pxDelayedTaskList>
    2c8c:	90 91 00 23 	lds	r25, 0x2300	; 0x802300 <pxDelayedTaskList+0x1>
    2c90:	8e 83       	std	Y+6, r24	; 0x06
    2c92:	9f 83       	std	Y+7, r25	; 0x07
    2c94:	80 91 01 23 	lds	r24, 0x2301	; 0x802301 <pxOverflowDelayedTaskList>
    2c98:	90 91 02 23 	lds	r25, 0x2302	; 0x802302 <pxOverflowDelayedTaskList+0x1>
    2c9c:	88 87       	std	Y+8, r24	; 0x08
    2c9e:	99 87       	std	Y+9, r25	; 0x09
    2ca0:	0f 90       	pop	r0
    2ca2:	0f be       	out	0x3f, r0	; 63
    2ca4:	2c 81       	ldd	r18, Y+4	; 0x04
    2ca6:	3d 81       	ldd	r19, Y+5	; 0x05
    2ca8:	8e 81       	ldd	r24, Y+6	; 0x06
    2caa:	9f 81       	ldd	r25, Y+7	; 0x07
    2cac:	28 17       	cp	r18, r24
    2cae:	39 07       	cpc	r19, r25
    2cb0:	39 f0       	breq	.+14     	; 0x2cc0 <eTaskGetState+0x90>
    2cb2:	2c 81       	ldd	r18, Y+4	; 0x04
    2cb4:	3d 81       	ldd	r19, Y+5	; 0x05
    2cb6:	88 85       	ldd	r24, Y+8	; 0x08
    2cb8:	99 85       	ldd	r25, Y+9	; 0x09
    2cba:	28 17       	cp	r18, r24
    2cbc:	39 07       	cpc	r19, r25
    2cbe:	19 f4       	brne	.+6      	; 0x2cc6 <eTaskGetState+0x96>
    2cc0:	82 e0       	ldi	r24, 0x02	; 2
    2cc2:	89 83       	std	Y+1, r24	; 0x01
    2cc4:	29 c0       	rjmp	.+82     	; 0x2d18 <eTaskGetState+0xe8>
    2cc6:	8c 81       	ldd	r24, Y+4	; 0x04
    2cc8:	9d 81       	ldd	r25, Y+5	; 0x05
    2cca:	86 51       	subi	r24, 0x16	; 22
    2ccc:	93 42       	sbci	r25, 0x23	; 35
    2cce:	b1 f4       	brne	.+44     	; 0x2cfc <eTaskGetState+0xcc>
    2cd0:	8a 81       	ldd	r24, Y+2	; 0x02
    2cd2:	9b 81       	ldd	r25, Y+3	; 0x03
    2cd4:	fc 01       	movw	r30, r24
    2cd6:	84 89       	ldd	r24, Z+20	; 0x14
    2cd8:	95 89       	ldd	r25, Z+21	; 0x15
    2cda:	89 2b       	or	r24, r25
    2cdc:	61 f4       	brne	.+24     	; 0x2cf6 <eTaskGetState+0xc6>
    2cde:	8a 81       	ldd	r24, Y+2	; 0x02
    2ce0:	9b 81       	ldd	r25, Y+3	; 0x03
    2ce2:	fc 01       	movw	r30, r24
    2ce4:	87 a5       	ldd	r24, Z+47	; 0x2f
    2ce6:	81 30       	cpi	r24, 0x01	; 1
    2ce8:	19 f4       	brne	.+6      	; 0x2cf0 <eTaskGetState+0xc0>
    2cea:	82 e0       	ldi	r24, 0x02	; 2
    2cec:	89 83       	std	Y+1, r24	; 0x01
    2cee:	14 c0       	rjmp	.+40     	; 0x2d18 <eTaskGetState+0xe8>
    2cf0:	83 e0       	ldi	r24, 0x03	; 3
    2cf2:	89 83       	std	Y+1, r24	; 0x01
    2cf4:	11 c0       	rjmp	.+34     	; 0x2d18 <eTaskGetState+0xe8>
    2cf6:	82 e0       	ldi	r24, 0x02	; 2
    2cf8:	89 83       	std	Y+1, r24	; 0x01
    2cfa:	0e c0       	rjmp	.+28     	; 0x2d18 <eTaskGetState+0xe8>
    2cfc:	8c 81       	ldd	r24, Y+4	; 0x04
    2cfe:	9d 81       	ldd	r25, Y+5	; 0x05
    2d00:	8c 50       	subi	r24, 0x0C	; 12
    2d02:	93 42       	sbci	r25, 0x23	; 35
    2d04:	21 f0       	breq	.+8      	; 0x2d0e <eTaskGetState+0xde>
    2d06:	8c 81       	ldd	r24, Y+4	; 0x04
    2d08:	9d 81       	ldd	r25, Y+5	; 0x05
    2d0a:	89 2b       	or	r24, r25
    2d0c:	19 f4       	brne	.+6      	; 0x2d14 <eTaskGetState+0xe4>
    2d0e:	84 e0       	ldi	r24, 0x04	; 4
    2d10:	89 83       	std	Y+1, r24	; 0x01
    2d12:	02 c0       	rjmp	.+4      	; 0x2d18 <eTaskGetState+0xe8>
    2d14:	81 e0       	ldi	r24, 0x01	; 1
    2d16:	89 83       	std	Y+1, r24	; 0x01
    2d18:	89 81       	ldd	r24, Y+1	; 0x01
    2d1a:	2b 96       	adiw	r28, 0x0b	; 11
    2d1c:	cd bf       	out	0x3d, r28	; 61
    2d1e:	de bf       	out	0x3e, r29	; 62
    2d20:	df 91       	pop	r29
    2d22:	cf 91       	pop	r28
    2d24:	08 95       	ret

00002d26 <vTaskStartScheduler>:
    2d26:	ef 92       	push	r14
    2d28:	ff 92       	push	r15
    2d2a:	0f 93       	push	r16
    2d2c:	cf 93       	push	r28
    2d2e:	df 93       	push	r29
    2d30:	1f 92       	push	r1
    2d32:	cd b7       	in	r28, 0x3d	; 61
    2d34:	de b7       	in	r29, 0x3e	; 62
    2d36:	0f 2e       	mov	r0, r31
    2d38:	fa e2       	ldi	r31, 0x2A	; 42
    2d3a:	ef 2e       	mov	r14, r31
    2d3c:	f3 e2       	ldi	r31, 0x23	; 35
    2d3e:	ff 2e       	mov	r15, r31
    2d40:	f0 2d       	mov	r31, r0
    2d42:	00 e0       	ldi	r16, 0x00	; 0
    2d44:	20 e0       	ldi	r18, 0x00	; 0
    2d46:	30 e0       	ldi	r19, 0x00	; 0
    2d48:	40 e0       	ldi	r20, 0x00	; 0
    2d4a:	51 e0       	ldi	r21, 0x01	; 1
    2d4c:	6f e3       	ldi	r22, 0x3F	; 63
    2d4e:	70 e2       	ldi	r23, 0x20	; 32
    2d50:	8e ed       	ldi	r24, 0xDE	; 222
    2d52:	9b e1       	ldi	r25, 0x1B	; 27
    2d54:	0e 94 09 14 	call	0x2812	; 0x2812 <xTaskCreate>
    2d58:	89 83       	std	Y+1, r24	; 0x01
    2d5a:	89 81       	ldd	r24, Y+1	; 0x01
    2d5c:	81 30       	cpi	r24, 0x01	; 1
    2d5e:	99 f4       	brne	.+38     	; 0x2d86 <vTaskStartScheduler+0x60>
    2d60:	f8 94       	cli
    2d62:	8f ef       	ldi	r24, 0xFF	; 255
    2d64:	9f ef       	ldi	r25, 0xFF	; 255
    2d66:	80 93 28 23 	sts	0x2328, r24	; 0x802328 <xNextTaskUnblockTime>
    2d6a:	90 93 29 23 	sts	0x2329, r25	; 0x802329 <xNextTaskUnblockTime+0x1>
    2d6e:	81 e0       	ldi	r24, 0x01	; 1
    2d70:	80 93 23 23 	sts	0x2323, r24	; 0x802323 <xSchedulerRunning>
    2d74:	10 92 20 23 	sts	0x2320, r1	; 0x802320 <xTickCount>
    2d78:	10 92 21 23 	sts	0x2321, r1	; 0x802321 <xTickCount+0x1>
    2d7c:	0e 94 10 0f 	call	0x1e20	; 0x1e20 <vConfigureTimerForRunTimeStats>
    2d80:	0e 94 df 0d 	call	0x1bbe	; 0x1bbe <xPortStartScheduler>
    2d84:	09 c0       	rjmp	.+18     	; 0x2d98 <vTaskStartScheduler+0x72>
    2d86:	89 81       	ldd	r24, Y+1	; 0x01
    2d88:	8f 3f       	cpi	r24, 0xFF	; 255
    2d8a:	31 f4       	brne	.+12     	; 0x2d98 <vTaskStartScheduler+0x72>
    2d8c:	67 e0       	ldi	r22, 0x07	; 7
    2d8e:	78 e0       	ldi	r23, 0x08	; 8
    2d90:	8b e2       	ldi	r24, 0x2B	; 43
    2d92:	90 e2       	ldi	r25, 0x20	; 32
    2d94:	0e 94 88 22 	call	0x4510	; 0x4510 <vAssertCalled>
    2d98:	00 00       	nop
    2d9a:	0f 90       	pop	r0
    2d9c:	df 91       	pop	r29
    2d9e:	cf 91       	pop	r28
    2da0:	0f 91       	pop	r16
    2da2:	ff 90       	pop	r15
    2da4:	ef 90       	pop	r14
    2da6:	08 95       	ret

00002da8 <vTaskSuspendAll>:
    2da8:	cf 93       	push	r28
    2daa:	df 93       	push	r29
    2dac:	cd b7       	in	r28, 0x3d	; 61
    2dae:	de b7       	in	r29, 0x3e	; 62
    2db0:	80 91 2c 23 	lds	r24, 0x232C	; 0x80232c <uxSchedulerSuspended>
    2db4:	8f 5f       	subi	r24, 0xFF	; 255
    2db6:	80 93 2c 23 	sts	0x232C, r24	; 0x80232c <uxSchedulerSuspended>
    2dba:	00 00       	nop
    2dbc:	df 91       	pop	r29
    2dbe:	cf 91       	pop	r28
    2dc0:	08 95       	ret

00002dc2 <xTaskResumeAll>:
    2dc2:	cf 93       	push	r28
    2dc4:	df 93       	push	r29
    2dc6:	00 d0       	rcall	.+0      	; 0x2dc8 <xTaskResumeAll+0x6>
    2dc8:	1f 92       	push	r1
    2dca:	cd b7       	in	r28, 0x3d	; 61
    2dcc:	de b7       	in	r29, 0x3e	; 62
    2dce:	19 82       	std	Y+1, r1	; 0x01
    2dd0:	1a 82       	std	Y+2, r1	; 0x02
    2dd2:	1b 82       	std	Y+3, r1	; 0x03
    2dd4:	80 91 2c 23 	lds	r24, 0x232C	; 0x80232c <uxSchedulerSuspended>
    2dd8:	88 23       	and	r24, r24
    2dda:	31 f4       	brne	.+12     	; 0x2de8 <xTaskResumeAll+0x26>
    2ddc:	6c e6       	ldi	r22, 0x6C	; 108
    2dde:	78 e0       	ldi	r23, 0x08	; 8
    2de0:	8b e2       	ldi	r24, 0x2B	; 43
    2de2:	90 e2       	ldi	r25, 0x20	; 32
    2de4:	0e 94 88 22 	call	0x4510	; 0x4510 <vAssertCalled>
    2de8:	0f b6       	in	r0, 0x3f	; 63
    2dea:	f8 94       	cli
    2dec:	0f 92       	push	r0
    2dee:	80 91 2c 23 	lds	r24, 0x232C	; 0x80232c <uxSchedulerSuspended>
    2df2:	81 50       	subi	r24, 0x01	; 1
    2df4:	80 93 2c 23 	sts	0x232C, r24	; 0x80232c <uxSchedulerSuspended>
    2df8:	80 91 2c 23 	lds	r24, 0x232C	; 0x80232c <uxSchedulerSuspended>
    2dfc:	88 23       	and	r24, r24
    2dfe:	09 f0       	breq	.+2      	; 0x2e02 <xTaskResumeAll+0x40>
    2e00:	77 c0       	rjmp	.+238    	; 0x2ef0 <xTaskResumeAll+0x12e>
    2e02:	80 91 1f 23 	lds	r24, 0x231F	; 0x80231f <uxCurrentNumberOfTasks>
    2e06:	88 23       	and	r24, r24
    2e08:	09 f4       	brne	.+2      	; 0x2e0c <xTaskResumeAll+0x4a>
    2e0a:	72 c0       	rjmp	.+228    	; 0x2ef0 <xTaskResumeAll+0x12e>
    2e0c:	49 c0       	rjmp	.+146    	; 0x2ea0 <xTaskResumeAll+0xde>
    2e0e:	80 91 08 23 	lds	r24, 0x2308	; 0x802308 <xPendingReadyList+0x5>
    2e12:	90 91 09 23 	lds	r25, 0x2309	; 0x802309 <xPendingReadyList+0x6>
    2e16:	fc 01       	movw	r30, r24
    2e18:	86 81       	ldd	r24, Z+6	; 0x06
    2e1a:	97 81       	ldd	r25, Z+7	; 0x07
    2e1c:	89 83       	std	Y+1, r24	; 0x01
    2e1e:	9a 83       	std	Y+2, r25	; 0x02
    2e20:	89 81       	ldd	r24, Y+1	; 0x01
    2e22:	9a 81       	ldd	r25, Y+2	; 0x02
    2e24:	0c 96       	adiw	r24, 0x0c	; 12
    2e26:	0e 94 d6 0b 	call	0x17ac	; 0x17ac <uxListRemove>
    2e2a:	89 81       	ldd	r24, Y+1	; 0x01
    2e2c:	9a 81       	ldd	r25, Y+2	; 0x02
    2e2e:	02 96       	adiw	r24, 0x02	; 2
    2e30:	0e 94 d6 0b 	call	0x17ac	; 0x17ac <uxListRemove>
    2e34:	89 81       	ldd	r24, Y+1	; 0x01
    2e36:	9a 81       	ldd	r25, Y+2	; 0x02
    2e38:	fc 01       	movw	r30, r24
    2e3a:	96 89       	ldd	r25, Z+22	; 0x16
    2e3c:	80 91 22 23 	lds	r24, 0x2322	; 0x802322 <uxTopReadyPriority>
    2e40:	89 17       	cp	r24, r25
    2e42:	30 f4       	brcc	.+12     	; 0x2e50 <xTaskResumeAll+0x8e>
    2e44:	89 81       	ldd	r24, Y+1	; 0x01
    2e46:	9a 81       	ldd	r25, Y+2	; 0x02
    2e48:	fc 01       	movw	r30, r24
    2e4a:	86 89       	ldd	r24, Z+22	; 0x16
    2e4c:	80 93 22 23 	sts	0x2322, r24	; 0x802322 <uxTopReadyPriority>
    2e50:	89 81       	ldd	r24, Y+1	; 0x01
    2e52:	9a 81       	ldd	r25, Y+2	; 0x02
    2e54:	ac 01       	movw	r20, r24
    2e56:	4e 5f       	subi	r20, 0xFE	; 254
    2e58:	5f 4f       	sbci	r21, 0xFF	; 255
    2e5a:	89 81       	ldd	r24, Y+1	; 0x01
    2e5c:	9a 81       	ldd	r25, Y+2	; 0x02
    2e5e:	fc 01       	movw	r30, r24
    2e60:	86 89       	ldd	r24, Z+22	; 0x16
    2e62:	28 2f       	mov	r18, r24
    2e64:	30 e0       	ldi	r19, 0x00	; 0
    2e66:	c9 01       	movw	r24, r18
    2e68:	88 0f       	add	r24, r24
    2e6a:	99 1f       	adc	r25, r25
    2e6c:	88 0f       	add	r24, r24
    2e6e:	99 1f       	adc	r25, r25
    2e70:	88 0f       	add	r24, r24
    2e72:	99 1f       	adc	r25, r25
    2e74:	82 0f       	add	r24, r18
    2e76:	93 1f       	adc	r25, r19
    2e78:	8d 56       	subi	r24, 0x6D	; 109
    2e7a:	9d 4d       	sbci	r25, 0xDD	; 221
    2e7c:	ba 01       	movw	r22, r20
    2e7e:	0e 94 19 0b 	call	0x1632	; 0x1632 <vListInsertEnd>
    2e82:	89 81       	ldd	r24, Y+1	; 0x01
    2e84:	9a 81       	ldd	r25, Y+2	; 0x02
    2e86:	fc 01       	movw	r30, r24
    2e88:	26 89       	ldd	r18, Z+22	; 0x16
    2e8a:	80 91 91 22 	lds	r24, 0x2291	; 0x802291 <pxCurrentTCB>
    2e8e:	90 91 92 22 	lds	r25, 0x2292	; 0x802292 <pxCurrentTCB+0x1>
    2e92:	fc 01       	movw	r30, r24
    2e94:	86 89       	ldd	r24, Z+22	; 0x16
    2e96:	28 17       	cp	r18, r24
    2e98:	18 f0       	brcs	.+6      	; 0x2ea0 <xTaskResumeAll+0xde>
    2e9a:	81 e0       	ldi	r24, 0x01	; 1
    2e9c:	80 93 25 23 	sts	0x2325, r24	; 0x802325 <xYieldPending>
    2ea0:	80 91 03 23 	lds	r24, 0x2303	; 0x802303 <xPendingReadyList>
    2ea4:	88 23       	and	r24, r24
    2ea6:	09 f0       	breq	.+2      	; 0x2eaa <xTaskResumeAll+0xe8>
    2ea8:	b2 cf       	rjmp	.-156    	; 0x2e0e <xTaskResumeAll+0x4c>
    2eaa:	89 81       	ldd	r24, Y+1	; 0x01
    2eac:	9a 81       	ldd	r25, Y+2	; 0x02
    2eae:	89 2b       	or	r24, r25
    2eb0:	11 f0       	breq	.+4      	; 0x2eb6 <xTaskResumeAll+0xf4>
    2eb2:	0e 94 f4 1d 	call	0x3be8	; 0x3be8 <prvResetNextTaskUnblockTime>
    2eb6:	80 91 24 23 	lds	r24, 0x2324	; 0x802324 <uxPendedTicks>
    2eba:	8c 83       	std	Y+4, r24	; 0x04
    2ebc:	8c 81       	ldd	r24, Y+4	; 0x04
    2ebe:	88 23       	and	r24, r24
    2ec0:	79 f0       	breq	.+30     	; 0x2ee0 <xTaskResumeAll+0x11e>
    2ec2:	0e 94 45 18 	call	0x308a	; 0x308a <xTaskIncrementTick>
    2ec6:	88 23       	and	r24, r24
    2ec8:	19 f0       	breq	.+6      	; 0x2ed0 <xTaskResumeAll+0x10e>
    2eca:	81 e0       	ldi	r24, 0x01	; 1
    2ecc:	80 93 25 23 	sts	0x2325, r24	; 0x802325 <xYieldPending>
    2ed0:	8c 81       	ldd	r24, Y+4	; 0x04
    2ed2:	81 50       	subi	r24, 0x01	; 1
    2ed4:	8c 83       	std	Y+4, r24	; 0x04
    2ed6:	8c 81       	ldd	r24, Y+4	; 0x04
    2ed8:	88 23       	and	r24, r24
    2eda:	99 f7       	brne	.-26     	; 0x2ec2 <xTaskResumeAll+0x100>
    2edc:	10 92 24 23 	sts	0x2324, r1	; 0x802324 <uxPendedTicks>
    2ee0:	80 91 25 23 	lds	r24, 0x2325	; 0x802325 <xYieldPending>
    2ee4:	88 23       	and	r24, r24
    2ee6:	21 f0       	breq	.+8      	; 0x2ef0 <xTaskResumeAll+0x12e>
    2ee8:	81 e0       	ldi	r24, 0x01	; 1
    2eea:	8b 83       	std	Y+3, r24	; 0x03
    2eec:	0e 94 14 0e 	call	0x1c28	; 0x1c28 <vPortYield>
    2ef0:	0f 90       	pop	r0
    2ef2:	0f be       	out	0x3f, r0	; 63
    2ef4:	8b 81       	ldd	r24, Y+3	; 0x03
    2ef6:	24 96       	adiw	r28, 0x04	; 4
    2ef8:	cd bf       	out	0x3d, r28	; 61
    2efa:	de bf       	out	0x3e, r29	; 62
    2efc:	df 91       	pop	r29
    2efe:	cf 91       	pop	r28
    2f00:	08 95       	ret

00002f02 <uxTaskGetSystemState>:
    2f02:	cf 93       	push	r28
    2f04:	df 93       	push	r29
    2f06:	cd b7       	in	r28, 0x3d	; 61
    2f08:	de b7       	in	r29, 0x3e	; 62
    2f0a:	27 97       	sbiw	r28, 0x07	; 7
    2f0c:	cd bf       	out	0x3d, r28	; 61
    2f0e:	de bf       	out	0x3e, r29	; 62
    2f10:	8b 83       	std	Y+3, r24	; 0x03
    2f12:	9c 83       	std	Y+4, r25	; 0x04
    2f14:	6d 83       	std	Y+5, r22	; 0x05
    2f16:	4e 83       	std	Y+6, r20	; 0x06
    2f18:	5f 83       	std	Y+7, r21	; 0x07
    2f1a:	19 82       	std	Y+1, r1	; 0x01
    2f1c:	8a e0       	ldi	r24, 0x0A	; 10
    2f1e:	8a 83       	std	Y+2, r24	; 0x02
    2f20:	0e 94 d4 16 	call	0x2da8	; 0x2da8 <vTaskSuspendAll>
    2f24:	80 91 1f 23 	lds	r24, 0x231F	; 0x80231f <uxCurrentNumberOfTasks>
    2f28:	9d 81       	ldd	r25, Y+5	; 0x05
    2f2a:	98 17       	cp	r25, r24
    2f2c:	08 f4       	brcc	.+2      	; 0x2f30 <uxTaskGetSystemState+0x2e>
    2f2e:	a4 c0       	rjmp	.+328    	; 0x3078 <uxTaskGetSystemState+0x176>
    2f30:	8a 81       	ldd	r24, Y+2	; 0x02
    2f32:	81 50       	subi	r24, 0x01	; 1
    2f34:	8a 83       	std	Y+2, r24	; 0x02
    2f36:	8a 81       	ldd	r24, Y+2	; 0x02
    2f38:	28 2f       	mov	r18, r24
    2f3a:	30 e0       	ldi	r19, 0x00	; 0
    2f3c:	c9 01       	movw	r24, r18
    2f3e:	88 0f       	add	r24, r24
    2f40:	99 1f       	adc	r25, r25
    2f42:	88 0f       	add	r24, r24
    2f44:	99 1f       	adc	r25, r25
    2f46:	88 0f       	add	r24, r24
    2f48:	99 1f       	adc	r25, r25
    2f4a:	82 0f       	add	r24, r18
    2f4c:	93 1f       	adc	r25, r19
    2f4e:	bc 01       	movw	r22, r24
    2f50:	6d 56       	subi	r22, 0x6D	; 109
    2f52:	7d 4d       	sbci	r23, 0xDD	; 221
    2f54:	89 81       	ldd	r24, Y+1	; 0x01
    2f56:	88 2f       	mov	r24, r24
    2f58:	90 e0       	ldi	r25, 0x00	; 0
    2f5a:	82 95       	swap	r24
    2f5c:	92 95       	swap	r25
    2f5e:	90 7f       	andi	r25, 0xF0	; 240
    2f60:	98 27       	eor	r25, r24
    2f62:	80 7f       	andi	r24, 0xF0	; 240
    2f64:	98 27       	eor	r25, r24
    2f66:	2b 81       	ldd	r18, Y+3	; 0x03
    2f68:	3c 81       	ldd	r19, Y+4	; 0x04
    2f6a:	82 0f       	add	r24, r18
    2f6c:	93 1f       	adc	r25, r19
    2f6e:	41 e0       	ldi	r20, 0x01	; 1
    2f70:	0e 94 10 1d 	call	0x3a20	; 0x3a20 <prvListTasksWithinSingleList>
    2f74:	98 2f       	mov	r25, r24
    2f76:	89 81       	ldd	r24, Y+1	; 0x01
    2f78:	89 0f       	add	r24, r25
    2f7a:	89 83       	std	Y+1, r24	; 0x01
    2f7c:	8a 81       	ldd	r24, Y+2	; 0x02
    2f7e:	88 23       	and	r24, r24
    2f80:	b9 f6       	brne	.-82     	; 0x2f30 <uxTaskGetSystemState+0x2e>
    2f82:	60 91 ff 22 	lds	r22, 0x22FF	; 0x8022ff <pxDelayedTaskList>
    2f86:	70 91 00 23 	lds	r23, 0x2300	; 0x802300 <pxDelayedTaskList+0x1>
    2f8a:	89 81       	ldd	r24, Y+1	; 0x01
    2f8c:	88 2f       	mov	r24, r24
    2f8e:	90 e0       	ldi	r25, 0x00	; 0
    2f90:	82 95       	swap	r24
    2f92:	92 95       	swap	r25
    2f94:	90 7f       	andi	r25, 0xF0	; 240
    2f96:	98 27       	eor	r25, r24
    2f98:	80 7f       	andi	r24, 0xF0	; 240
    2f9a:	98 27       	eor	r25, r24
    2f9c:	2b 81       	ldd	r18, Y+3	; 0x03
    2f9e:	3c 81       	ldd	r19, Y+4	; 0x04
    2fa0:	82 0f       	add	r24, r18
    2fa2:	93 1f       	adc	r25, r19
    2fa4:	42 e0       	ldi	r20, 0x02	; 2
    2fa6:	0e 94 10 1d 	call	0x3a20	; 0x3a20 <prvListTasksWithinSingleList>
    2faa:	98 2f       	mov	r25, r24
    2fac:	89 81       	ldd	r24, Y+1	; 0x01
    2fae:	89 0f       	add	r24, r25
    2fb0:	89 83       	std	Y+1, r24	; 0x01
    2fb2:	60 91 01 23 	lds	r22, 0x2301	; 0x802301 <pxOverflowDelayedTaskList>
    2fb6:	70 91 02 23 	lds	r23, 0x2302	; 0x802302 <pxOverflowDelayedTaskList+0x1>
    2fba:	89 81       	ldd	r24, Y+1	; 0x01
    2fbc:	88 2f       	mov	r24, r24
    2fbe:	90 e0       	ldi	r25, 0x00	; 0
    2fc0:	82 95       	swap	r24
    2fc2:	92 95       	swap	r25
    2fc4:	90 7f       	andi	r25, 0xF0	; 240
    2fc6:	98 27       	eor	r25, r24
    2fc8:	80 7f       	andi	r24, 0xF0	; 240
    2fca:	98 27       	eor	r25, r24
    2fcc:	2b 81       	ldd	r18, Y+3	; 0x03
    2fce:	3c 81       	ldd	r19, Y+4	; 0x04
    2fd0:	82 0f       	add	r24, r18
    2fd2:	93 1f       	adc	r25, r19
    2fd4:	42 e0       	ldi	r20, 0x02	; 2
    2fd6:	0e 94 10 1d 	call	0x3a20	; 0x3a20 <prvListTasksWithinSingleList>
    2fda:	98 2f       	mov	r25, r24
    2fdc:	89 81       	ldd	r24, Y+1	; 0x01
    2fde:	89 0f       	add	r24, r25
    2fe0:	89 83       	std	Y+1, r24	; 0x01
    2fe2:	89 81       	ldd	r24, Y+1	; 0x01
    2fe4:	88 2f       	mov	r24, r24
    2fe6:	90 e0       	ldi	r25, 0x00	; 0
    2fe8:	82 95       	swap	r24
    2fea:	92 95       	swap	r25
    2fec:	90 7f       	andi	r25, 0xF0	; 240
    2fee:	98 27       	eor	r25, r24
    2ff0:	80 7f       	andi	r24, 0xF0	; 240
    2ff2:	98 27       	eor	r25, r24
    2ff4:	2b 81       	ldd	r18, Y+3	; 0x03
    2ff6:	3c 81       	ldd	r19, Y+4	; 0x04
    2ff8:	82 0f       	add	r24, r18
    2ffa:	93 1f       	adc	r25, r19
    2ffc:	44 e0       	ldi	r20, 0x04	; 4
    2ffe:	6c e0       	ldi	r22, 0x0C	; 12
    3000:	73 e2       	ldi	r23, 0x23	; 35
    3002:	0e 94 10 1d 	call	0x3a20	; 0x3a20 <prvListTasksWithinSingleList>
    3006:	98 2f       	mov	r25, r24
    3008:	89 81       	ldd	r24, Y+1	; 0x01
    300a:	89 0f       	add	r24, r25
    300c:	89 83       	std	Y+1, r24	; 0x01
    300e:	89 81       	ldd	r24, Y+1	; 0x01
    3010:	88 2f       	mov	r24, r24
    3012:	90 e0       	ldi	r25, 0x00	; 0
    3014:	82 95       	swap	r24
    3016:	92 95       	swap	r25
    3018:	90 7f       	andi	r25, 0xF0	; 240
    301a:	98 27       	eor	r25, r24
    301c:	80 7f       	andi	r24, 0xF0	; 240
    301e:	98 27       	eor	r25, r24
    3020:	2b 81       	ldd	r18, Y+3	; 0x03
    3022:	3c 81       	ldd	r19, Y+4	; 0x04
    3024:	82 0f       	add	r24, r18
    3026:	93 1f       	adc	r25, r19
    3028:	43 e0       	ldi	r20, 0x03	; 3
    302a:	66 e1       	ldi	r22, 0x16	; 22
    302c:	73 e2       	ldi	r23, 0x23	; 35
    302e:	0e 94 10 1d 	call	0x3a20	; 0x3a20 <prvListTasksWithinSingleList>
    3032:	98 2f       	mov	r25, r24
    3034:	89 81       	ldd	r24, Y+1	; 0x01
    3036:	89 0f       	add	r24, r25
    3038:	89 83       	std	Y+1, r24	; 0x01
    303a:	8e 81       	ldd	r24, Y+6	; 0x06
    303c:	9f 81       	ldd	r25, Y+7	; 0x07
    303e:	89 2b       	or	r24, r25
    3040:	d9 f0       	breq	.+54     	; 0x3078 <uxTaskGetSystemState+0x176>
    3042:	80 e0       	ldi	r24, 0x00	; 0
    3044:	98 e0       	ldi	r25, 0x08	; 8
    3046:	fc 01       	movw	r30, r24
    3048:	80 a1       	ldd	r24, Z+32	; 0x20
    304a:	91 a1       	ldd	r25, Z+33	; 0x21
    304c:	9c 01       	movw	r18, r24
    304e:	40 e0       	ldi	r20, 0x00	; 0
    3050:	50 e0       	ldi	r21, 0x00	; 0
    3052:	80 91 38 23 	lds	r24, 0x2338	; 0x802338 <StatsTimer>
    3056:	90 91 39 23 	lds	r25, 0x2339	; 0x802339 <StatsTimer+0x1>
    305a:	a0 91 3a 23 	lds	r26, 0x233A	; 0x80233a <StatsTimer+0x2>
    305e:	b0 91 3b 23 	lds	r27, 0x233B	; 0x80233b <StatsTimer+0x3>
    3062:	82 0f       	add	r24, r18
    3064:	93 1f       	adc	r25, r19
    3066:	a4 1f       	adc	r26, r20
    3068:	b5 1f       	adc	r27, r21
    306a:	2e 81       	ldd	r18, Y+6	; 0x06
    306c:	3f 81       	ldd	r19, Y+7	; 0x07
    306e:	f9 01       	movw	r30, r18
    3070:	80 83       	st	Z, r24
    3072:	91 83       	std	Z+1, r25	; 0x01
    3074:	a2 83       	std	Z+2, r26	; 0x02
    3076:	b3 83       	std	Z+3, r27	; 0x03
    3078:	0e 94 e1 16 	call	0x2dc2	; 0x2dc2 <xTaskResumeAll>
    307c:	89 81       	ldd	r24, Y+1	; 0x01
    307e:	27 96       	adiw	r28, 0x07	; 7
    3080:	cd bf       	out	0x3d, r28	; 61
    3082:	de bf       	out	0x3e, r29	; 62
    3084:	df 91       	pop	r29
    3086:	cf 91       	pop	r28
    3088:	08 95       	ret

0000308a <xTaskIncrementTick>:
    308a:	cf 93       	push	r28
    308c:	df 93       	push	r29
    308e:	cd b7       	in	r28, 0x3d	; 61
    3090:	de b7       	in	r29, 0x3e	; 62
    3092:	29 97       	sbiw	r28, 0x09	; 9
    3094:	cd bf       	out	0x3d, r28	; 61
    3096:	de bf       	out	0x3e, r29	; 62
    3098:	19 82       	std	Y+1, r1	; 0x01
    309a:	80 91 2c 23 	lds	r24, 0x232C	; 0x80232c <uxSchedulerSuspended>
    309e:	88 23       	and	r24, r24
    30a0:	09 f0       	breq	.+2      	; 0x30a4 <xTaskIncrementTick+0x1a>
    30a2:	d6 c0       	rjmp	.+428    	; 0x3250 <xTaskIncrementTick+0x1c6>
    30a4:	80 91 20 23 	lds	r24, 0x2320	; 0x802320 <xTickCount>
    30a8:	90 91 21 23 	lds	r25, 0x2321	; 0x802321 <xTickCount+0x1>
    30ac:	01 96       	adiw	r24, 0x01	; 1
    30ae:	8a 83       	std	Y+2, r24	; 0x02
    30b0:	9b 83       	std	Y+3, r25	; 0x03
    30b2:	8a 81       	ldd	r24, Y+2	; 0x02
    30b4:	9b 81       	ldd	r25, Y+3	; 0x03
    30b6:	80 93 20 23 	sts	0x2320, r24	; 0x802320 <xTickCount>
    30ba:	90 93 21 23 	sts	0x2321, r25	; 0x802321 <xTickCount+0x1>
    30be:	8a 81       	ldd	r24, Y+2	; 0x02
    30c0:	9b 81       	ldd	r25, Y+3	; 0x03
    30c2:	89 2b       	or	r24, r25
    30c4:	49 f5       	brne	.+82     	; 0x3118 <xTaskIncrementTick+0x8e>
    30c6:	80 91 ff 22 	lds	r24, 0x22FF	; 0x8022ff <pxDelayedTaskList>
    30ca:	90 91 00 23 	lds	r25, 0x2300	; 0x802300 <pxDelayedTaskList+0x1>
    30ce:	fc 01       	movw	r30, r24
    30d0:	80 81       	ld	r24, Z
    30d2:	88 23       	and	r24, r24
    30d4:	31 f0       	breq	.+12     	; 0x30e2 <xTaskIncrementTick+0x58>
    30d6:	66 e6       	ldi	r22, 0x66	; 102
    30d8:	7a e0       	ldi	r23, 0x0A	; 10
    30da:	8b e2       	ldi	r24, 0x2B	; 43
    30dc:	90 e2       	ldi	r25, 0x20	; 32
    30de:	0e 94 88 22 	call	0x4510	; 0x4510 <vAssertCalled>
    30e2:	80 91 ff 22 	lds	r24, 0x22FF	; 0x8022ff <pxDelayedTaskList>
    30e6:	90 91 00 23 	lds	r25, 0x2300	; 0x802300 <pxDelayedTaskList+0x1>
    30ea:	8c 83       	std	Y+4, r24	; 0x04
    30ec:	9d 83       	std	Y+5, r25	; 0x05
    30ee:	80 91 01 23 	lds	r24, 0x2301	; 0x802301 <pxOverflowDelayedTaskList>
    30f2:	90 91 02 23 	lds	r25, 0x2302	; 0x802302 <pxOverflowDelayedTaskList+0x1>
    30f6:	80 93 ff 22 	sts	0x22FF, r24	; 0x8022ff <pxDelayedTaskList>
    30fa:	90 93 00 23 	sts	0x2300, r25	; 0x802300 <pxDelayedTaskList+0x1>
    30fe:	8c 81       	ldd	r24, Y+4	; 0x04
    3100:	9d 81       	ldd	r25, Y+5	; 0x05
    3102:	80 93 01 23 	sts	0x2301, r24	; 0x802301 <pxOverflowDelayedTaskList>
    3106:	90 93 02 23 	sts	0x2302, r25	; 0x802302 <pxOverflowDelayedTaskList+0x1>
    310a:	80 91 26 23 	lds	r24, 0x2326	; 0x802326 <xNumOfOverflows>
    310e:	8f 5f       	subi	r24, 0xFF	; 255
    3110:	80 93 26 23 	sts	0x2326, r24	; 0x802326 <xNumOfOverflows>
    3114:	0e 94 f4 1d 	call	0x3be8	; 0x3be8 <prvResetNextTaskUnblockTime>
    3118:	80 91 28 23 	lds	r24, 0x2328	; 0x802328 <xNextTaskUnblockTime>
    311c:	90 91 29 23 	lds	r25, 0x2329	; 0x802329 <xNextTaskUnblockTime+0x1>
    3120:	2a 81       	ldd	r18, Y+2	; 0x02
    3122:	3b 81       	ldd	r19, Y+3	; 0x03
    3124:	28 17       	cp	r18, r24
    3126:	39 07       	cpc	r19, r25
    3128:	08 f4       	brcc	.+2      	; 0x312c <xTaskIncrementTick+0xa2>
    312a:	78 c0       	rjmp	.+240    	; 0x321c <xTaskIncrementTick+0x192>
    312c:	80 91 ff 22 	lds	r24, 0x22FF	; 0x8022ff <pxDelayedTaskList>
    3130:	90 91 00 23 	lds	r25, 0x2300	; 0x802300 <pxDelayedTaskList+0x1>
    3134:	fc 01       	movw	r30, r24
    3136:	80 81       	ld	r24, Z
    3138:	88 23       	and	r24, r24
    313a:	39 f4       	brne	.+14     	; 0x314a <xTaskIncrementTick+0xc0>
    313c:	8f ef       	ldi	r24, 0xFF	; 255
    313e:	9f ef       	ldi	r25, 0xFF	; 255
    3140:	80 93 28 23 	sts	0x2328, r24	; 0x802328 <xNextTaskUnblockTime>
    3144:	90 93 29 23 	sts	0x2329, r25	; 0x802329 <xNextTaskUnblockTime+0x1>
    3148:	69 c0       	rjmp	.+210    	; 0x321c <xTaskIncrementTick+0x192>
    314a:	80 91 ff 22 	lds	r24, 0x22FF	; 0x8022ff <pxDelayedTaskList>
    314e:	90 91 00 23 	lds	r25, 0x2300	; 0x802300 <pxDelayedTaskList+0x1>
    3152:	fc 01       	movw	r30, r24
    3154:	85 81       	ldd	r24, Z+5	; 0x05
    3156:	96 81       	ldd	r25, Z+6	; 0x06
    3158:	fc 01       	movw	r30, r24
    315a:	86 81       	ldd	r24, Z+6	; 0x06
    315c:	97 81       	ldd	r25, Z+7	; 0x07
    315e:	8e 83       	std	Y+6, r24	; 0x06
    3160:	9f 83       	std	Y+7, r25	; 0x07
    3162:	8e 81       	ldd	r24, Y+6	; 0x06
    3164:	9f 81       	ldd	r25, Y+7	; 0x07
    3166:	fc 01       	movw	r30, r24
    3168:	82 81       	ldd	r24, Z+2	; 0x02
    316a:	93 81       	ldd	r25, Z+3	; 0x03
    316c:	88 87       	std	Y+8, r24	; 0x08
    316e:	99 87       	std	Y+9, r25	; 0x09
    3170:	2a 81       	ldd	r18, Y+2	; 0x02
    3172:	3b 81       	ldd	r19, Y+3	; 0x03
    3174:	88 85       	ldd	r24, Y+8	; 0x08
    3176:	99 85       	ldd	r25, Y+9	; 0x09
    3178:	28 17       	cp	r18, r24
    317a:	39 07       	cpc	r19, r25
    317c:	38 f4       	brcc	.+14     	; 0x318c <xTaskIncrementTick+0x102>
    317e:	88 85       	ldd	r24, Y+8	; 0x08
    3180:	99 85       	ldd	r25, Y+9	; 0x09
    3182:	80 93 28 23 	sts	0x2328, r24	; 0x802328 <xNextTaskUnblockTime>
    3186:	90 93 29 23 	sts	0x2329, r25	; 0x802329 <xNextTaskUnblockTime+0x1>
    318a:	48 c0       	rjmp	.+144    	; 0x321c <xTaskIncrementTick+0x192>
    318c:	8e 81       	ldd	r24, Y+6	; 0x06
    318e:	9f 81       	ldd	r25, Y+7	; 0x07
    3190:	02 96       	adiw	r24, 0x02	; 2
    3192:	0e 94 d6 0b 	call	0x17ac	; 0x17ac <uxListRemove>
    3196:	8e 81       	ldd	r24, Y+6	; 0x06
    3198:	9f 81       	ldd	r25, Y+7	; 0x07
    319a:	fc 01       	movw	r30, r24
    319c:	84 89       	ldd	r24, Z+20	; 0x14
    319e:	95 89       	ldd	r25, Z+21	; 0x15
    31a0:	89 2b       	or	r24, r25
    31a2:	29 f0       	breq	.+10     	; 0x31ae <xTaskIncrementTick+0x124>
    31a4:	8e 81       	ldd	r24, Y+6	; 0x06
    31a6:	9f 81       	ldd	r25, Y+7	; 0x07
    31a8:	0c 96       	adiw	r24, 0x0c	; 12
    31aa:	0e 94 d6 0b 	call	0x17ac	; 0x17ac <uxListRemove>
    31ae:	8e 81       	ldd	r24, Y+6	; 0x06
    31b0:	9f 81       	ldd	r25, Y+7	; 0x07
    31b2:	fc 01       	movw	r30, r24
    31b4:	96 89       	ldd	r25, Z+22	; 0x16
    31b6:	80 91 22 23 	lds	r24, 0x2322	; 0x802322 <uxTopReadyPriority>
    31ba:	89 17       	cp	r24, r25
    31bc:	30 f4       	brcc	.+12     	; 0x31ca <xTaskIncrementTick+0x140>
    31be:	8e 81       	ldd	r24, Y+6	; 0x06
    31c0:	9f 81       	ldd	r25, Y+7	; 0x07
    31c2:	fc 01       	movw	r30, r24
    31c4:	86 89       	ldd	r24, Z+22	; 0x16
    31c6:	80 93 22 23 	sts	0x2322, r24	; 0x802322 <uxTopReadyPriority>
    31ca:	8e 81       	ldd	r24, Y+6	; 0x06
    31cc:	9f 81       	ldd	r25, Y+7	; 0x07
    31ce:	ac 01       	movw	r20, r24
    31d0:	4e 5f       	subi	r20, 0xFE	; 254
    31d2:	5f 4f       	sbci	r21, 0xFF	; 255
    31d4:	8e 81       	ldd	r24, Y+6	; 0x06
    31d6:	9f 81       	ldd	r25, Y+7	; 0x07
    31d8:	fc 01       	movw	r30, r24
    31da:	86 89       	ldd	r24, Z+22	; 0x16
    31dc:	28 2f       	mov	r18, r24
    31de:	30 e0       	ldi	r19, 0x00	; 0
    31e0:	c9 01       	movw	r24, r18
    31e2:	88 0f       	add	r24, r24
    31e4:	99 1f       	adc	r25, r25
    31e6:	88 0f       	add	r24, r24
    31e8:	99 1f       	adc	r25, r25
    31ea:	88 0f       	add	r24, r24
    31ec:	99 1f       	adc	r25, r25
    31ee:	82 0f       	add	r24, r18
    31f0:	93 1f       	adc	r25, r19
    31f2:	8d 56       	subi	r24, 0x6D	; 109
    31f4:	9d 4d       	sbci	r25, 0xDD	; 221
    31f6:	ba 01       	movw	r22, r20
    31f8:	0e 94 19 0b 	call	0x1632	; 0x1632 <vListInsertEnd>
    31fc:	8e 81       	ldd	r24, Y+6	; 0x06
    31fe:	9f 81       	ldd	r25, Y+7	; 0x07
    3200:	fc 01       	movw	r30, r24
    3202:	26 89       	ldd	r18, Z+22	; 0x16
    3204:	80 91 91 22 	lds	r24, 0x2291	; 0x802291 <pxCurrentTCB>
    3208:	90 91 92 22 	lds	r25, 0x2292	; 0x802292 <pxCurrentTCB+0x1>
    320c:	fc 01       	movw	r30, r24
    320e:	86 89       	ldd	r24, Z+22	; 0x16
    3210:	28 17       	cp	r18, r24
    3212:	08 f4       	brcc	.+2      	; 0x3216 <xTaskIncrementTick+0x18c>
    3214:	8b cf       	rjmp	.-234    	; 0x312c <xTaskIncrementTick+0xa2>
    3216:	81 e0       	ldi	r24, 0x01	; 1
    3218:	89 83       	std	Y+1, r24	; 0x01
    321a:	88 cf       	rjmp	.-240    	; 0x312c <xTaskIncrementTick+0xa2>
    321c:	80 91 91 22 	lds	r24, 0x2291	; 0x802291 <pxCurrentTCB>
    3220:	90 91 92 22 	lds	r25, 0x2292	; 0x802292 <pxCurrentTCB+0x1>
    3224:	fc 01       	movw	r30, r24
    3226:	86 89       	ldd	r24, Z+22	; 0x16
    3228:	28 2f       	mov	r18, r24
    322a:	30 e0       	ldi	r19, 0x00	; 0
    322c:	c9 01       	movw	r24, r18
    322e:	88 0f       	add	r24, r24
    3230:	99 1f       	adc	r25, r25
    3232:	88 0f       	add	r24, r24
    3234:	99 1f       	adc	r25, r25
    3236:	88 0f       	add	r24, r24
    3238:	99 1f       	adc	r25, r25
    323a:	82 0f       	add	r24, r18
    323c:	93 1f       	adc	r25, r19
    323e:	8d 56       	subi	r24, 0x6D	; 109
    3240:	9d 4d       	sbci	r25, 0xDD	; 221
    3242:	fc 01       	movw	r30, r24
    3244:	80 81       	ld	r24, Z
    3246:	82 30       	cpi	r24, 0x02	; 2
    3248:	40 f0       	brcs	.+16     	; 0x325a <xTaskIncrementTick+0x1d0>
    324a:	81 e0       	ldi	r24, 0x01	; 1
    324c:	89 83       	std	Y+1, r24	; 0x01
    324e:	05 c0       	rjmp	.+10     	; 0x325a <xTaskIncrementTick+0x1d0>
    3250:	80 91 24 23 	lds	r24, 0x2324	; 0x802324 <uxPendedTicks>
    3254:	8f 5f       	subi	r24, 0xFF	; 255
    3256:	80 93 24 23 	sts	0x2324, r24	; 0x802324 <uxPendedTicks>
    325a:	80 91 25 23 	lds	r24, 0x2325	; 0x802325 <xYieldPending>
    325e:	88 23       	and	r24, r24
    3260:	11 f0       	breq	.+4      	; 0x3266 <xTaskIncrementTick+0x1dc>
    3262:	81 e0       	ldi	r24, 0x01	; 1
    3264:	89 83       	std	Y+1, r24	; 0x01
    3266:	89 81       	ldd	r24, Y+1	; 0x01
    3268:	29 96       	adiw	r28, 0x09	; 9
    326a:	cd bf       	out	0x3d, r28	; 61
    326c:	de bf       	out	0x3e, r29	; 62
    326e:	df 91       	pop	r29
    3270:	cf 91       	pop	r28
    3272:	08 95       	ret

00003274 <vTaskSwitchContext>:
    3274:	af 92       	push	r10
    3276:	bf 92       	push	r11
    3278:	cf 92       	push	r12
    327a:	df 92       	push	r13
    327c:	ef 92       	push	r14
    327e:	ff 92       	push	r15
    3280:	0f 93       	push	r16
    3282:	1f 93       	push	r17
    3284:	cf 93       	push	r28
    3286:	df 93       	push	r29
    3288:	cd b7       	in	r28, 0x3d	; 61
    328a:	de b7       	in	r29, 0x3e	; 62
    328c:	29 97       	sbiw	r28, 0x09	; 9
    328e:	cd bf       	out	0x3d, r28	; 61
    3290:	de bf       	out	0x3e, r29	; 62
    3292:	80 91 2c 23 	lds	r24, 0x232C	; 0x80232c <uxSchedulerSuspended>
    3296:	88 23       	and	r24, r24
    3298:	21 f0       	breq	.+8      	; 0x32a2 <vTaskSwitchContext+0x2e>
    329a:	81 e0       	ldi	r24, 0x01	; 1
    329c:	80 93 25 23 	sts	0x2325, r24	; 0x802325 <xYieldPending>
    32a0:	34 c1       	rjmp	.+616    	; 0x350a <vTaskSwitchContext+0x296>
    32a2:	10 92 25 23 	sts	0x2325, r1	; 0x802325 <xYieldPending>
    32a6:	80 e0       	ldi	r24, 0x00	; 0
    32a8:	98 e0       	ldi	r25, 0x08	; 8
    32aa:	fc 01       	movw	r30, r24
    32ac:	80 a1       	ldd	r24, Z+32	; 0x20
    32ae:	91 a1       	ldd	r25, Z+33	; 0x21
    32b0:	9c 01       	movw	r18, r24
    32b2:	40 e0       	ldi	r20, 0x00	; 0
    32b4:	50 e0       	ldi	r21, 0x00	; 0
    32b6:	80 91 38 23 	lds	r24, 0x2338	; 0x802338 <StatsTimer>
    32ba:	90 91 39 23 	lds	r25, 0x2339	; 0x802339 <StatsTimer+0x1>
    32be:	a0 91 3a 23 	lds	r26, 0x233A	; 0x80233a <StatsTimer+0x2>
    32c2:	b0 91 3b 23 	lds	r27, 0x233B	; 0x80233b <StatsTimer+0x3>
    32c6:	82 0f       	add	r24, r18
    32c8:	93 1f       	adc	r25, r19
    32ca:	a4 1f       	adc	r26, r20
    32cc:	b5 1f       	adc	r27, r21
    32ce:	80 93 31 23 	sts	0x2331, r24	; 0x802331 <ulTotalRunTime>
    32d2:	90 93 32 23 	sts	0x2332, r25	; 0x802332 <ulTotalRunTime+0x1>
    32d6:	a0 93 33 23 	sts	0x2333, r26	; 0x802333 <ulTotalRunTime+0x2>
    32da:	b0 93 34 23 	sts	0x2334, r27	; 0x802334 <ulTotalRunTime+0x3>
    32de:	20 91 31 23 	lds	r18, 0x2331	; 0x802331 <ulTotalRunTime>
    32e2:	30 91 32 23 	lds	r19, 0x2332	; 0x802332 <ulTotalRunTime+0x1>
    32e6:	40 91 33 23 	lds	r20, 0x2333	; 0x802333 <ulTotalRunTime+0x2>
    32ea:	50 91 34 23 	lds	r21, 0x2334	; 0x802334 <ulTotalRunTime+0x3>
    32ee:	80 91 2d 23 	lds	r24, 0x232D	; 0x80232d <ulTaskSwitchedInTime>
    32f2:	90 91 2e 23 	lds	r25, 0x232E	; 0x80232e <ulTaskSwitchedInTime+0x1>
    32f6:	a0 91 2f 23 	lds	r26, 0x232F	; 0x80232f <ulTaskSwitchedInTime+0x2>
    32fa:	b0 91 30 23 	lds	r27, 0x2330	; 0x802330 <ulTaskSwitchedInTime+0x3>
    32fe:	82 17       	cp	r24, r18
    3300:	93 07       	cpc	r25, r19
    3302:	a4 07       	cpc	r26, r20
    3304:	b5 07       	cpc	r27, r21
    3306:	50 f5       	brcc	.+84     	; 0x335c <vTaskSwitchContext+0xe8>
    3308:	60 91 91 22 	lds	r22, 0x2291	; 0x802291 <pxCurrentTCB>
    330c:	70 91 92 22 	lds	r23, 0x2292	; 0x802292 <pxCurrentTCB+0x1>
    3310:	fb 01       	movw	r30, r22
    3312:	27 a1       	ldd	r18, Z+39	; 0x27
    3314:	30 a5       	ldd	r19, Z+40	; 0x28
    3316:	41 a5       	ldd	r20, Z+41	; 0x29
    3318:	52 a5       	ldd	r21, Z+42	; 0x2a
    331a:	e0 90 31 23 	lds	r14, 0x2331	; 0x802331 <ulTotalRunTime>
    331e:	f0 90 32 23 	lds	r15, 0x2332	; 0x802332 <ulTotalRunTime+0x1>
    3322:	00 91 33 23 	lds	r16, 0x2333	; 0x802333 <ulTotalRunTime+0x2>
    3326:	10 91 34 23 	lds	r17, 0x2334	; 0x802334 <ulTotalRunTime+0x3>
    332a:	80 91 2d 23 	lds	r24, 0x232D	; 0x80232d <ulTaskSwitchedInTime>
    332e:	90 91 2e 23 	lds	r25, 0x232E	; 0x80232e <ulTaskSwitchedInTime+0x1>
    3332:	a0 91 2f 23 	lds	r26, 0x232F	; 0x80232f <ulTaskSwitchedInTime+0x2>
    3336:	b0 91 30 23 	lds	r27, 0x2330	; 0x802330 <ulTaskSwitchedInTime+0x3>
    333a:	57 01       	movw	r10, r14
    333c:	68 01       	movw	r12, r16
    333e:	a8 1a       	sub	r10, r24
    3340:	b9 0a       	sbc	r11, r25
    3342:	ca 0a       	sbc	r12, r26
    3344:	db 0a       	sbc	r13, r27
    3346:	d6 01       	movw	r26, r12
    3348:	c5 01       	movw	r24, r10
    334a:	82 0f       	add	r24, r18
    334c:	93 1f       	adc	r25, r19
    334e:	a4 1f       	adc	r26, r20
    3350:	b5 1f       	adc	r27, r21
    3352:	fb 01       	movw	r30, r22
    3354:	87 a3       	std	Z+39, r24	; 0x27
    3356:	90 a7       	std	Z+40, r25	; 0x28
    3358:	a1 a7       	std	Z+41, r26	; 0x29
    335a:	b2 a7       	std	Z+42, r27	; 0x2a
    335c:	80 91 31 23 	lds	r24, 0x2331	; 0x802331 <ulTotalRunTime>
    3360:	90 91 32 23 	lds	r25, 0x2332	; 0x802332 <ulTotalRunTime+0x1>
    3364:	a0 91 33 23 	lds	r26, 0x2333	; 0x802333 <ulTotalRunTime+0x2>
    3368:	b0 91 34 23 	lds	r27, 0x2334	; 0x802334 <ulTotalRunTime+0x3>
    336c:	80 93 2d 23 	sts	0x232D, r24	; 0x80232d <ulTaskSwitchedInTime>
    3370:	90 93 2e 23 	sts	0x232E, r25	; 0x80232e <ulTaskSwitchedInTime+0x1>
    3374:	a0 93 2f 23 	sts	0x232F, r26	; 0x80232f <ulTaskSwitchedInTime+0x2>
    3378:	b0 93 30 23 	sts	0x2330, r27	; 0x802330 <ulTaskSwitchedInTime+0x3>
    337c:	80 91 91 22 	lds	r24, 0x2291	; 0x802291 <pxCurrentTCB>
    3380:	90 91 92 22 	lds	r25, 0x2292	; 0x802292 <pxCurrentTCB+0x1>
    3384:	fc 01       	movw	r30, r24
    3386:	87 89       	ldd	r24, Z+23	; 0x17
    3388:	90 8d       	ldd	r25, Z+24	; 0x18
    338a:	8a 83       	std	Y+2, r24	; 0x02
    338c:	9b 83       	std	Y+3, r25	; 0x03
    338e:	85 ea       	ldi	r24, 0xA5	; 165
    3390:	95 ea       	ldi	r25, 0xA5	; 165
    3392:	dc 01       	movw	r26, r24
    3394:	8c 83       	std	Y+4, r24	; 0x04
    3396:	9d 83       	std	Y+5, r25	; 0x05
    3398:	ae 83       	std	Y+6, r26	; 0x06
    339a:	bf 83       	std	Y+7, r27	; 0x07
    339c:	8a 81       	ldd	r24, Y+2	; 0x02
    339e:	9b 81       	ldd	r25, Y+3	; 0x03
    33a0:	fc 01       	movw	r30, r24
    33a2:	20 81       	ld	r18, Z
    33a4:	31 81       	ldd	r19, Z+1	; 0x01
    33a6:	42 81       	ldd	r20, Z+2	; 0x02
    33a8:	53 81       	ldd	r21, Z+3	; 0x03
    33aa:	8c 81       	ldd	r24, Y+4	; 0x04
    33ac:	9d 81       	ldd	r25, Y+5	; 0x05
    33ae:	ae 81       	ldd	r26, Y+6	; 0x06
    33b0:	bf 81       	ldd	r27, Y+7	; 0x07
    33b2:	28 17       	cp	r18, r24
    33b4:	39 07       	cpc	r19, r25
    33b6:	4a 07       	cpc	r20, r26
    33b8:	5b 07       	cpc	r21, r27
    33ba:	99 f5       	brne	.+102    	; 0x3422 <vTaskSwitchContext+0x1ae>
    33bc:	8a 81       	ldd	r24, Y+2	; 0x02
    33be:	9b 81       	ldd	r25, Y+3	; 0x03
    33c0:	04 96       	adiw	r24, 0x04	; 4
    33c2:	fc 01       	movw	r30, r24
    33c4:	20 81       	ld	r18, Z
    33c6:	31 81       	ldd	r19, Z+1	; 0x01
    33c8:	42 81       	ldd	r20, Z+2	; 0x02
    33ca:	53 81       	ldd	r21, Z+3	; 0x03
    33cc:	8c 81       	ldd	r24, Y+4	; 0x04
    33ce:	9d 81       	ldd	r25, Y+5	; 0x05
    33d0:	ae 81       	ldd	r26, Y+6	; 0x06
    33d2:	bf 81       	ldd	r27, Y+7	; 0x07
    33d4:	28 17       	cp	r18, r24
    33d6:	39 07       	cpc	r19, r25
    33d8:	4a 07       	cpc	r20, r26
    33da:	5b 07       	cpc	r21, r27
    33dc:	11 f5       	brne	.+68     	; 0x3422 <vTaskSwitchContext+0x1ae>
    33de:	8a 81       	ldd	r24, Y+2	; 0x02
    33e0:	9b 81       	ldd	r25, Y+3	; 0x03
    33e2:	08 96       	adiw	r24, 0x08	; 8
    33e4:	fc 01       	movw	r30, r24
    33e6:	20 81       	ld	r18, Z
    33e8:	31 81       	ldd	r19, Z+1	; 0x01
    33ea:	42 81       	ldd	r20, Z+2	; 0x02
    33ec:	53 81       	ldd	r21, Z+3	; 0x03
    33ee:	8c 81       	ldd	r24, Y+4	; 0x04
    33f0:	9d 81       	ldd	r25, Y+5	; 0x05
    33f2:	ae 81       	ldd	r26, Y+6	; 0x06
    33f4:	bf 81       	ldd	r27, Y+7	; 0x07
    33f6:	28 17       	cp	r18, r24
    33f8:	39 07       	cpc	r19, r25
    33fa:	4a 07       	cpc	r20, r26
    33fc:	5b 07       	cpc	r21, r27
    33fe:	89 f4       	brne	.+34     	; 0x3422 <vTaskSwitchContext+0x1ae>
    3400:	8a 81       	ldd	r24, Y+2	; 0x02
    3402:	9b 81       	ldd	r25, Y+3	; 0x03
    3404:	0c 96       	adiw	r24, 0x0c	; 12
    3406:	fc 01       	movw	r30, r24
    3408:	20 81       	ld	r18, Z
    340a:	31 81       	ldd	r19, Z+1	; 0x01
    340c:	42 81       	ldd	r20, Z+2	; 0x02
    340e:	53 81       	ldd	r21, Z+3	; 0x03
    3410:	8c 81       	ldd	r24, Y+4	; 0x04
    3412:	9d 81       	ldd	r25, Y+5	; 0x05
    3414:	ae 81       	ldd	r26, Y+6	; 0x06
    3416:	bf 81       	ldd	r27, Y+7	; 0x07
    3418:	28 17       	cp	r18, r24
    341a:	39 07       	cpc	r19, r25
    341c:	4a 07       	cpc	r20, r26
    341e:	5b 07       	cpc	r21, r27
    3420:	71 f0       	breq	.+28     	; 0x343e <vTaskSwitchContext+0x1ca>
    3422:	80 91 91 22 	lds	r24, 0x2291	; 0x802291 <pxCurrentTCB>
    3426:	90 91 92 22 	lds	r25, 0x2292	; 0x802292 <pxCurrentTCB+0x1>
    342a:	9c 01       	movw	r18, r24
    342c:	27 5e       	subi	r18, 0xE7	; 231
    342e:	3f 4f       	sbci	r19, 0xFF	; 255
    3430:	80 91 91 22 	lds	r24, 0x2291	; 0x802291 <pxCurrentTCB>
    3434:	90 91 92 22 	lds	r25, 0x2292	; 0x802292 <pxCurrentTCB+0x1>
    3438:	b9 01       	movw	r22, r18
    343a:	0e 94 7a 21 	call	0x42f4	; 0x42f4 <vApplicationStackOverflowHook>
    343e:	80 91 22 23 	lds	r24, 0x2322	; 0x802322 <uxTopReadyPriority>
    3442:	89 83       	std	Y+1, r24	; 0x01
    3444:	0c c0       	rjmp	.+24     	; 0x345e <vTaskSwitchContext+0x1ea>
    3446:	89 81       	ldd	r24, Y+1	; 0x01
    3448:	88 23       	and	r24, r24
    344a:	31 f4       	brne	.+12     	; 0x3458 <vTaskSwitchContext+0x1e4>
    344c:	6c e8       	ldi	r22, 0x8C	; 140
    344e:	7b e0       	ldi	r23, 0x0B	; 11
    3450:	8b e2       	ldi	r24, 0x2B	; 43
    3452:	90 e2       	ldi	r25, 0x20	; 32
    3454:	0e 94 88 22 	call	0x4510	; 0x4510 <vAssertCalled>
    3458:	89 81       	ldd	r24, Y+1	; 0x01
    345a:	81 50       	subi	r24, 0x01	; 1
    345c:	89 83       	std	Y+1, r24	; 0x01
    345e:	89 81       	ldd	r24, Y+1	; 0x01
    3460:	28 2f       	mov	r18, r24
    3462:	30 e0       	ldi	r19, 0x00	; 0
    3464:	c9 01       	movw	r24, r18
    3466:	88 0f       	add	r24, r24
    3468:	99 1f       	adc	r25, r25
    346a:	88 0f       	add	r24, r24
    346c:	99 1f       	adc	r25, r25
    346e:	88 0f       	add	r24, r24
    3470:	99 1f       	adc	r25, r25
    3472:	82 0f       	add	r24, r18
    3474:	93 1f       	adc	r25, r19
    3476:	8d 56       	subi	r24, 0x6D	; 109
    3478:	9d 4d       	sbci	r25, 0xDD	; 221
    347a:	fc 01       	movw	r30, r24
    347c:	80 81       	ld	r24, Z
    347e:	88 23       	and	r24, r24
    3480:	11 f3       	breq	.-60     	; 0x3446 <vTaskSwitchContext+0x1d2>
    3482:	89 81       	ldd	r24, Y+1	; 0x01
    3484:	28 2f       	mov	r18, r24
    3486:	30 e0       	ldi	r19, 0x00	; 0
    3488:	c9 01       	movw	r24, r18
    348a:	88 0f       	add	r24, r24
    348c:	99 1f       	adc	r25, r25
    348e:	88 0f       	add	r24, r24
    3490:	99 1f       	adc	r25, r25
    3492:	88 0f       	add	r24, r24
    3494:	99 1f       	adc	r25, r25
    3496:	82 0f       	add	r24, r18
    3498:	93 1f       	adc	r25, r19
    349a:	8d 56       	subi	r24, 0x6D	; 109
    349c:	9d 4d       	sbci	r25, 0xDD	; 221
    349e:	88 87       	std	Y+8, r24	; 0x08
    34a0:	99 87       	std	Y+9, r25	; 0x09
    34a2:	88 85       	ldd	r24, Y+8	; 0x08
    34a4:	99 85       	ldd	r25, Y+9	; 0x09
    34a6:	fc 01       	movw	r30, r24
    34a8:	81 81       	ldd	r24, Z+1	; 0x01
    34aa:	92 81       	ldd	r25, Z+2	; 0x02
    34ac:	fc 01       	movw	r30, r24
    34ae:	22 81       	ldd	r18, Z+2	; 0x02
    34b0:	33 81       	ldd	r19, Z+3	; 0x03
    34b2:	88 85       	ldd	r24, Y+8	; 0x08
    34b4:	99 85       	ldd	r25, Y+9	; 0x09
    34b6:	fc 01       	movw	r30, r24
    34b8:	21 83       	std	Z+1, r18	; 0x01
    34ba:	32 83       	std	Z+2, r19	; 0x02
    34bc:	88 85       	ldd	r24, Y+8	; 0x08
    34be:	99 85       	ldd	r25, Y+9	; 0x09
    34c0:	fc 01       	movw	r30, r24
    34c2:	21 81       	ldd	r18, Z+1	; 0x01
    34c4:	32 81       	ldd	r19, Z+2	; 0x02
    34c6:	88 85       	ldd	r24, Y+8	; 0x08
    34c8:	99 85       	ldd	r25, Y+9	; 0x09
    34ca:	03 96       	adiw	r24, 0x03	; 3
    34cc:	28 17       	cp	r18, r24
    34ce:	39 07       	cpc	r19, r25
    34d0:	69 f4       	brne	.+26     	; 0x34ec <vTaskSwitchContext+0x278>
    34d2:	88 85       	ldd	r24, Y+8	; 0x08
    34d4:	99 85       	ldd	r25, Y+9	; 0x09
    34d6:	fc 01       	movw	r30, r24
    34d8:	81 81       	ldd	r24, Z+1	; 0x01
    34da:	92 81       	ldd	r25, Z+2	; 0x02
    34dc:	fc 01       	movw	r30, r24
    34de:	22 81       	ldd	r18, Z+2	; 0x02
    34e0:	33 81       	ldd	r19, Z+3	; 0x03
    34e2:	88 85       	ldd	r24, Y+8	; 0x08
    34e4:	99 85       	ldd	r25, Y+9	; 0x09
    34e6:	fc 01       	movw	r30, r24
    34e8:	21 83       	std	Z+1, r18	; 0x01
    34ea:	32 83       	std	Z+2, r19	; 0x02
    34ec:	88 85       	ldd	r24, Y+8	; 0x08
    34ee:	99 85       	ldd	r25, Y+9	; 0x09
    34f0:	fc 01       	movw	r30, r24
    34f2:	81 81       	ldd	r24, Z+1	; 0x01
    34f4:	92 81       	ldd	r25, Z+2	; 0x02
    34f6:	fc 01       	movw	r30, r24
    34f8:	86 81       	ldd	r24, Z+6	; 0x06
    34fa:	97 81       	ldd	r25, Z+7	; 0x07
    34fc:	80 93 91 22 	sts	0x2291, r24	; 0x802291 <pxCurrentTCB>
    3500:	90 93 92 22 	sts	0x2292, r25	; 0x802292 <pxCurrentTCB+0x1>
    3504:	89 81       	ldd	r24, Y+1	; 0x01
    3506:	80 93 22 23 	sts	0x2322, r24	; 0x802322 <uxTopReadyPriority>
    350a:	00 00       	nop
    350c:	29 96       	adiw	r28, 0x09	; 9
    350e:	cd bf       	out	0x3d, r28	; 61
    3510:	de bf       	out	0x3e, r29	; 62
    3512:	df 91       	pop	r29
    3514:	cf 91       	pop	r28
    3516:	1f 91       	pop	r17
    3518:	0f 91       	pop	r16
    351a:	ff 90       	pop	r15
    351c:	ef 90       	pop	r14
    351e:	df 90       	pop	r13
    3520:	cf 90       	pop	r12
    3522:	bf 90       	pop	r11
    3524:	af 90       	pop	r10
    3526:	08 95       	ret

00003528 <vTaskPlaceOnEventList>:
    3528:	cf 93       	push	r28
    352a:	df 93       	push	r29
    352c:	00 d0       	rcall	.+0      	; 0x352e <vTaskPlaceOnEventList+0x6>
    352e:	1f 92       	push	r1
    3530:	cd b7       	in	r28, 0x3d	; 61
    3532:	de b7       	in	r29, 0x3e	; 62
    3534:	89 83       	std	Y+1, r24	; 0x01
    3536:	9a 83       	std	Y+2, r25	; 0x02
    3538:	6b 83       	std	Y+3, r22	; 0x03
    353a:	7c 83       	std	Y+4, r23	; 0x04
    353c:	89 81       	ldd	r24, Y+1	; 0x01
    353e:	9a 81       	ldd	r25, Y+2	; 0x02
    3540:	89 2b       	or	r24, r25
    3542:	31 f4       	brne	.+12     	; 0x3550 <vTaskPlaceOnEventList+0x28>
    3544:	63 ea       	ldi	r22, 0xA3	; 163
    3546:	7b e0       	ldi	r23, 0x0B	; 11
    3548:	8b e2       	ldi	r24, 0x2B	; 43
    354a:	90 e2       	ldi	r25, 0x20	; 32
    354c:	0e 94 88 22 	call	0x4510	; 0x4510 <vAssertCalled>
    3550:	80 91 91 22 	lds	r24, 0x2291	; 0x802291 <pxCurrentTCB>
    3554:	90 91 92 22 	lds	r25, 0x2292	; 0x802292 <pxCurrentTCB+0x1>
    3558:	9c 01       	movw	r18, r24
    355a:	24 5f       	subi	r18, 0xF4	; 244
    355c:	3f 4f       	sbci	r19, 0xFF	; 255
    355e:	89 81       	ldd	r24, Y+1	; 0x01
    3560:	9a 81       	ldd	r25, Y+2	; 0x02
    3562:	b9 01       	movw	r22, r18
    3564:	0e 94 64 0b 	call	0x16c8	; 0x16c8 <vListInsert>
    3568:	8b 81       	ldd	r24, Y+3	; 0x03
    356a:	9c 81       	ldd	r25, Y+4	; 0x04
    356c:	61 e0       	ldi	r22, 0x01	; 1
    356e:	0e 94 fe 1f 	call	0x3ffc	; 0x3ffc <prvAddCurrentTaskToDelayedList>
    3572:	00 00       	nop
    3574:	24 96       	adiw	r28, 0x04	; 4
    3576:	cd bf       	out	0x3d, r28	; 61
    3578:	de bf       	out	0x3e, r29	; 62
    357a:	df 91       	pop	r29
    357c:	cf 91       	pop	r28
    357e:	08 95       	ret

00003580 <xTaskRemoveFromEventList>:
    3580:	cf 93       	push	r28
    3582:	df 93       	push	r29
    3584:	cd b7       	in	r28, 0x3d	; 61
    3586:	de b7       	in	r29, 0x3e	; 62
    3588:	25 97       	sbiw	r28, 0x05	; 5
    358a:	cd bf       	out	0x3d, r28	; 61
    358c:	de bf       	out	0x3e, r29	; 62
    358e:	8c 83       	std	Y+4, r24	; 0x04
    3590:	9d 83       	std	Y+5, r25	; 0x05
    3592:	8c 81       	ldd	r24, Y+4	; 0x04
    3594:	9d 81       	ldd	r25, Y+5	; 0x05
    3596:	fc 01       	movw	r30, r24
    3598:	85 81       	ldd	r24, Z+5	; 0x05
    359a:	96 81       	ldd	r25, Z+6	; 0x06
    359c:	fc 01       	movw	r30, r24
    359e:	86 81       	ldd	r24, Z+6	; 0x06
    35a0:	97 81       	ldd	r25, Z+7	; 0x07
    35a2:	8a 83       	std	Y+2, r24	; 0x02
    35a4:	9b 83       	std	Y+3, r25	; 0x03
    35a6:	8a 81       	ldd	r24, Y+2	; 0x02
    35a8:	9b 81       	ldd	r25, Y+3	; 0x03
    35aa:	89 2b       	or	r24, r25
    35ac:	31 f4       	brne	.+12     	; 0x35ba <xTaskRemoveFromEventList+0x3a>
    35ae:	6e ef       	ldi	r22, 0xFE	; 254
    35b0:	7b e0       	ldi	r23, 0x0B	; 11
    35b2:	8b e2       	ldi	r24, 0x2B	; 43
    35b4:	90 e2       	ldi	r25, 0x20	; 32
    35b6:	0e 94 88 22 	call	0x4510	; 0x4510 <vAssertCalled>
    35ba:	8a 81       	ldd	r24, Y+2	; 0x02
    35bc:	9b 81       	ldd	r25, Y+3	; 0x03
    35be:	0c 96       	adiw	r24, 0x0c	; 12
    35c0:	0e 94 d6 0b 	call	0x17ac	; 0x17ac <uxListRemove>
    35c4:	80 91 2c 23 	lds	r24, 0x232C	; 0x80232c <uxSchedulerSuspended>
    35c8:	88 23       	and	r24, r24
    35ca:	69 f5       	brne	.+90     	; 0x3626 <xTaskRemoveFromEventList+0xa6>
    35cc:	8a 81       	ldd	r24, Y+2	; 0x02
    35ce:	9b 81       	ldd	r25, Y+3	; 0x03
    35d0:	02 96       	adiw	r24, 0x02	; 2
    35d2:	0e 94 d6 0b 	call	0x17ac	; 0x17ac <uxListRemove>
    35d6:	8a 81       	ldd	r24, Y+2	; 0x02
    35d8:	9b 81       	ldd	r25, Y+3	; 0x03
    35da:	fc 01       	movw	r30, r24
    35dc:	96 89       	ldd	r25, Z+22	; 0x16
    35de:	80 91 22 23 	lds	r24, 0x2322	; 0x802322 <uxTopReadyPriority>
    35e2:	89 17       	cp	r24, r25
    35e4:	30 f4       	brcc	.+12     	; 0x35f2 <xTaskRemoveFromEventList+0x72>
    35e6:	8a 81       	ldd	r24, Y+2	; 0x02
    35e8:	9b 81       	ldd	r25, Y+3	; 0x03
    35ea:	fc 01       	movw	r30, r24
    35ec:	86 89       	ldd	r24, Z+22	; 0x16
    35ee:	80 93 22 23 	sts	0x2322, r24	; 0x802322 <uxTopReadyPriority>
    35f2:	8a 81       	ldd	r24, Y+2	; 0x02
    35f4:	9b 81       	ldd	r25, Y+3	; 0x03
    35f6:	ac 01       	movw	r20, r24
    35f8:	4e 5f       	subi	r20, 0xFE	; 254
    35fa:	5f 4f       	sbci	r21, 0xFF	; 255
    35fc:	8a 81       	ldd	r24, Y+2	; 0x02
    35fe:	9b 81       	ldd	r25, Y+3	; 0x03
    3600:	fc 01       	movw	r30, r24
    3602:	86 89       	ldd	r24, Z+22	; 0x16
    3604:	28 2f       	mov	r18, r24
    3606:	30 e0       	ldi	r19, 0x00	; 0
    3608:	c9 01       	movw	r24, r18
    360a:	88 0f       	add	r24, r24
    360c:	99 1f       	adc	r25, r25
    360e:	88 0f       	add	r24, r24
    3610:	99 1f       	adc	r25, r25
    3612:	88 0f       	add	r24, r24
    3614:	99 1f       	adc	r25, r25
    3616:	82 0f       	add	r24, r18
    3618:	93 1f       	adc	r25, r19
    361a:	8d 56       	subi	r24, 0x6D	; 109
    361c:	9d 4d       	sbci	r25, 0xDD	; 221
    361e:	ba 01       	movw	r22, r20
    3620:	0e 94 19 0b 	call	0x1632	; 0x1632 <vListInsertEnd>
    3624:	08 c0       	rjmp	.+16     	; 0x3636 <xTaskRemoveFromEventList+0xb6>
    3626:	8a 81       	ldd	r24, Y+2	; 0x02
    3628:	9b 81       	ldd	r25, Y+3	; 0x03
    362a:	0c 96       	adiw	r24, 0x0c	; 12
    362c:	bc 01       	movw	r22, r24
    362e:	83 e0       	ldi	r24, 0x03	; 3
    3630:	93 e2       	ldi	r25, 0x23	; 35
    3632:	0e 94 19 0b 	call	0x1632	; 0x1632 <vListInsertEnd>
    3636:	8a 81       	ldd	r24, Y+2	; 0x02
    3638:	9b 81       	ldd	r25, Y+3	; 0x03
    363a:	fc 01       	movw	r30, r24
    363c:	26 89       	ldd	r18, Z+22	; 0x16
    363e:	80 91 91 22 	lds	r24, 0x2291	; 0x802291 <pxCurrentTCB>
    3642:	90 91 92 22 	lds	r25, 0x2292	; 0x802292 <pxCurrentTCB+0x1>
    3646:	fc 01       	movw	r30, r24
    3648:	86 89       	ldd	r24, Z+22	; 0x16
    364a:	82 17       	cp	r24, r18
    364c:	30 f4       	brcc	.+12     	; 0x365a <xTaskRemoveFromEventList+0xda>
    364e:	81 e0       	ldi	r24, 0x01	; 1
    3650:	89 83       	std	Y+1, r24	; 0x01
    3652:	81 e0       	ldi	r24, 0x01	; 1
    3654:	80 93 25 23 	sts	0x2325, r24	; 0x802325 <xYieldPending>
    3658:	01 c0       	rjmp	.+2      	; 0x365c <xTaskRemoveFromEventList+0xdc>
    365a:	19 82       	std	Y+1, r1	; 0x01
    365c:	89 81       	ldd	r24, Y+1	; 0x01
    365e:	25 96       	adiw	r28, 0x05	; 5
    3660:	cd bf       	out	0x3d, r28	; 61
    3662:	de bf       	out	0x3e, r29	; 62
    3664:	df 91       	pop	r29
    3666:	cf 91       	pop	r28
    3668:	08 95       	ret

0000366a <vTaskInternalSetTimeOutState>:
    366a:	cf 93       	push	r28
    366c:	df 93       	push	r29
    366e:	1f 92       	push	r1
    3670:	1f 92       	push	r1
    3672:	cd b7       	in	r28, 0x3d	; 61
    3674:	de b7       	in	r29, 0x3e	; 62
    3676:	89 83       	std	Y+1, r24	; 0x01
    3678:	9a 83       	std	Y+2, r25	; 0x02
    367a:	20 91 26 23 	lds	r18, 0x2326	; 0x802326 <xNumOfOverflows>
    367e:	89 81       	ldd	r24, Y+1	; 0x01
    3680:	9a 81       	ldd	r25, Y+2	; 0x02
    3682:	fc 01       	movw	r30, r24
    3684:	20 83       	st	Z, r18
    3686:	20 91 20 23 	lds	r18, 0x2320	; 0x802320 <xTickCount>
    368a:	30 91 21 23 	lds	r19, 0x2321	; 0x802321 <xTickCount+0x1>
    368e:	89 81       	ldd	r24, Y+1	; 0x01
    3690:	9a 81       	ldd	r25, Y+2	; 0x02
    3692:	fc 01       	movw	r30, r24
    3694:	21 83       	std	Z+1, r18	; 0x01
    3696:	32 83       	std	Z+2, r19	; 0x02
    3698:	00 00       	nop
    369a:	0f 90       	pop	r0
    369c:	0f 90       	pop	r0
    369e:	df 91       	pop	r29
    36a0:	cf 91       	pop	r28
    36a2:	08 95       	ret

000036a4 <xTaskCheckForTimeOut>:
    36a4:	cf 93       	push	r28
    36a6:	df 93       	push	r29
    36a8:	cd b7       	in	r28, 0x3d	; 61
    36aa:	de b7       	in	r29, 0x3e	; 62
    36ac:	29 97       	sbiw	r28, 0x09	; 9
    36ae:	cd bf       	out	0x3d, r28	; 61
    36b0:	de bf       	out	0x3e, r29	; 62
    36b2:	8e 83       	std	Y+6, r24	; 0x06
    36b4:	9f 83       	std	Y+7, r25	; 0x07
    36b6:	68 87       	std	Y+8, r22	; 0x08
    36b8:	79 87       	std	Y+9, r23	; 0x09
    36ba:	8e 81       	ldd	r24, Y+6	; 0x06
    36bc:	9f 81       	ldd	r25, Y+7	; 0x07
    36be:	89 2b       	or	r24, r25
    36c0:	31 f4       	brne	.+12     	; 0x36ce <xTaskCheckForTimeOut+0x2a>
    36c2:	69 e6       	ldi	r22, 0x69	; 105
    36c4:	7c e0       	ldi	r23, 0x0C	; 12
    36c6:	8b e2       	ldi	r24, 0x2B	; 43
    36c8:	90 e2       	ldi	r25, 0x20	; 32
    36ca:	0e 94 88 22 	call	0x4510	; 0x4510 <vAssertCalled>
    36ce:	88 85       	ldd	r24, Y+8	; 0x08
    36d0:	99 85       	ldd	r25, Y+9	; 0x09
    36d2:	89 2b       	or	r24, r25
    36d4:	31 f4       	brne	.+12     	; 0x36e2 <xTaskCheckForTimeOut+0x3e>
    36d6:	6a e6       	ldi	r22, 0x6A	; 106
    36d8:	7c e0       	ldi	r23, 0x0C	; 12
    36da:	8b e2       	ldi	r24, 0x2B	; 43
    36dc:	90 e2       	ldi	r25, 0x20	; 32
    36de:	0e 94 88 22 	call	0x4510	; 0x4510 <vAssertCalled>
    36e2:	0f b6       	in	r0, 0x3f	; 63
    36e4:	f8 94       	cli
    36e6:	0f 92       	push	r0
    36e8:	80 91 20 23 	lds	r24, 0x2320	; 0x802320 <xTickCount>
    36ec:	90 91 21 23 	lds	r25, 0x2321	; 0x802321 <xTickCount+0x1>
    36f0:	8a 83       	std	Y+2, r24	; 0x02
    36f2:	9b 83       	std	Y+3, r25	; 0x03
    36f4:	8e 81       	ldd	r24, Y+6	; 0x06
    36f6:	9f 81       	ldd	r25, Y+7	; 0x07
    36f8:	fc 01       	movw	r30, r24
    36fa:	81 81       	ldd	r24, Z+1	; 0x01
    36fc:	92 81       	ldd	r25, Z+2	; 0x02
    36fe:	2a 81       	ldd	r18, Y+2	; 0x02
    3700:	3b 81       	ldd	r19, Y+3	; 0x03
    3702:	a9 01       	movw	r20, r18
    3704:	48 1b       	sub	r20, r24
    3706:	59 0b       	sbc	r21, r25
    3708:	ca 01       	movw	r24, r20
    370a:	8c 83       	std	Y+4, r24	; 0x04
    370c:	9d 83       	std	Y+5, r25	; 0x05
    370e:	88 85       	ldd	r24, Y+8	; 0x08
    3710:	99 85       	ldd	r25, Y+9	; 0x09
    3712:	fc 01       	movw	r30, r24
    3714:	80 81       	ld	r24, Z
    3716:	91 81       	ldd	r25, Z+1	; 0x01
    3718:	01 96       	adiw	r24, 0x01	; 1
    371a:	11 f4       	brne	.+4      	; 0x3720 <xTaskCheckForTimeOut+0x7c>
    371c:	19 82       	std	Y+1, r1	; 0x01
    371e:	3a c0       	rjmp	.+116    	; 0x3794 <xTaskCheckForTimeOut+0xf0>
    3720:	8e 81       	ldd	r24, Y+6	; 0x06
    3722:	9f 81       	ldd	r25, Y+7	; 0x07
    3724:	fc 01       	movw	r30, r24
    3726:	90 81       	ld	r25, Z
    3728:	80 91 26 23 	lds	r24, 0x2326	; 0x802326 <xNumOfOverflows>
    372c:	98 17       	cp	r25, r24
    372e:	69 f0       	breq	.+26     	; 0x374a <xTaskCheckForTimeOut+0xa6>
    3730:	8e 81       	ldd	r24, Y+6	; 0x06
    3732:	9f 81       	ldd	r25, Y+7	; 0x07
    3734:	fc 01       	movw	r30, r24
    3736:	21 81       	ldd	r18, Z+1	; 0x01
    3738:	32 81       	ldd	r19, Z+2	; 0x02
    373a:	8a 81       	ldd	r24, Y+2	; 0x02
    373c:	9b 81       	ldd	r25, Y+3	; 0x03
    373e:	82 17       	cp	r24, r18
    3740:	93 07       	cpc	r25, r19
    3742:	18 f0       	brcs	.+6      	; 0x374a <xTaskCheckForTimeOut+0xa6>
    3744:	81 e0       	ldi	r24, 0x01	; 1
    3746:	89 83       	std	Y+1, r24	; 0x01
    3748:	25 c0       	rjmp	.+74     	; 0x3794 <xTaskCheckForTimeOut+0xf0>
    374a:	88 85       	ldd	r24, Y+8	; 0x08
    374c:	99 85       	ldd	r25, Y+9	; 0x09
    374e:	fc 01       	movw	r30, r24
    3750:	20 81       	ld	r18, Z
    3752:	31 81       	ldd	r19, Z+1	; 0x01
    3754:	8c 81       	ldd	r24, Y+4	; 0x04
    3756:	9d 81       	ldd	r25, Y+5	; 0x05
    3758:	82 17       	cp	r24, r18
    375a:	93 07       	cpc	r25, r19
    375c:	a0 f4       	brcc	.+40     	; 0x3786 <xTaskCheckForTimeOut+0xe2>
    375e:	88 85       	ldd	r24, Y+8	; 0x08
    3760:	99 85       	ldd	r25, Y+9	; 0x09
    3762:	fc 01       	movw	r30, r24
    3764:	20 81       	ld	r18, Z
    3766:	31 81       	ldd	r19, Z+1	; 0x01
    3768:	8c 81       	ldd	r24, Y+4	; 0x04
    376a:	9d 81       	ldd	r25, Y+5	; 0x05
    376c:	28 1b       	sub	r18, r24
    376e:	39 0b       	sbc	r19, r25
    3770:	88 85       	ldd	r24, Y+8	; 0x08
    3772:	99 85       	ldd	r25, Y+9	; 0x09
    3774:	fc 01       	movw	r30, r24
    3776:	20 83       	st	Z, r18
    3778:	31 83       	std	Z+1, r19	; 0x01
    377a:	8e 81       	ldd	r24, Y+6	; 0x06
    377c:	9f 81       	ldd	r25, Y+7	; 0x07
    377e:	0e 94 35 1b 	call	0x366a	; 0x366a <vTaskInternalSetTimeOutState>
    3782:	19 82       	std	Y+1, r1	; 0x01
    3784:	07 c0       	rjmp	.+14     	; 0x3794 <xTaskCheckForTimeOut+0xf0>
    3786:	88 85       	ldd	r24, Y+8	; 0x08
    3788:	99 85       	ldd	r25, Y+9	; 0x09
    378a:	fc 01       	movw	r30, r24
    378c:	10 82       	st	Z, r1
    378e:	11 82       	std	Z+1, r1	; 0x01
    3790:	81 e0       	ldi	r24, 0x01	; 1
    3792:	89 83       	std	Y+1, r24	; 0x01
    3794:	0f 90       	pop	r0
    3796:	0f be       	out	0x3f, r0	; 63
    3798:	89 81       	ldd	r24, Y+1	; 0x01
    379a:	29 96       	adiw	r28, 0x09	; 9
    379c:	cd bf       	out	0x3d, r28	; 61
    379e:	de bf       	out	0x3e, r29	; 62
    37a0:	df 91       	pop	r29
    37a2:	cf 91       	pop	r28
    37a4:	08 95       	ret

000037a6 <vTaskMissedYield>:
    37a6:	cf 93       	push	r28
    37a8:	df 93       	push	r29
    37aa:	cd b7       	in	r28, 0x3d	; 61
    37ac:	de b7       	in	r29, 0x3e	; 62
    37ae:	81 e0       	ldi	r24, 0x01	; 1
    37b0:	80 93 25 23 	sts	0x2325, r24	; 0x802325 <xYieldPending>
    37b4:	00 00       	nop
    37b6:	df 91       	pop	r29
    37b8:	cf 91       	pop	r28
    37ba:	08 95       	ret

000037bc <prvIdleTask>:
    37bc:	cf 93       	push	r28
    37be:	df 93       	push	r29
    37c0:	1f 92       	push	r1
    37c2:	1f 92       	push	r1
    37c4:	cd b7       	in	r28, 0x3d	; 61
    37c6:	de b7       	in	r29, 0x3e	; 62
    37c8:	89 83       	std	Y+1, r24	; 0x01
    37ca:	9a 83       	std	Y+2, r25	; 0x02
    37cc:	0e 94 33 1c 	call	0x3866	; 0x3866 <prvCheckTasksWaitingTermination>
    37d0:	80 91 93 22 	lds	r24, 0x2293	; 0x802293 <pxReadyTasksLists>
    37d4:	82 30       	cpi	r24, 0x02	; 2
    37d6:	10 f0       	brcs	.+4      	; 0x37dc <prvIdleTask+0x20>
    37d8:	0e 94 14 0e 	call	0x1c28	; 0x1c28 <vPortYield>
    37dc:	0e 94 72 20 	call	0x40e4	; 0x40e4 <vApplicationIdleHook>
    37e0:	f5 cf       	rjmp	.-22     	; 0x37cc <prvIdleTask+0x10>

000037e2 <prvInitialiseTaskLists>:
    37e2:	cf 93       	push	r28
    37e4:	df 93       	push	r29
    37e6:	1f 92       	push	r1
    37e8:	cd b7       	in	r28, 0x3d	; 61
    37ea:	de b7       	in	r29, 0x3e	; 62
    37ec:	19 82       	std	Y+1, r1	; 0x01
    37ee:	13 c0       	rjmp	.+38     	; 0x3816 <prvInitialiseTaskLists+0x34>
    37f0:	89 81       	ldd	r24, Y+1	; 0x01
    37f2:	28 2f       	mov	r18, r24
    37f4:	30 e0       	ldi	r19, 0x00	; 0
    37f6:	c9 01       	movw	r24, r18
    37f8:	88 0f       	add	r24, r24
    37fa:	99 1f       	adc	r25, r25
    37fc:	88 0f       	add	r24, r24
    37fe:	99 1f       	adc	r25, r25
    3800:	88 0f       	add	r24, r24
    3802:	99 1f       	adc	r25, r25
    3804:	82 0f       	add	r24, r18
    3806:	93 1f       	adc	r25, r19
    3808:	8d 56       	subi	r24, 0x6D	; 109
    380a:	9d 4d       	sbci	r25, 0xDD	; 221
    380c:	0e 94 cf 0a 	call	0x159e	; 0x159e <vListInitialise>
    3810:	89 81       	ldd	r24, Y+1	; 0x01
    3812:	8f 5f       	subi	r24, 0xFF	; 255
    3814:	89 83       	std	Y+1, r24	; 0x01
    3816:	89 81       	ldd	r24, Y+1	; 0x01
    3818:	8a 30       	cpi	r24, 0x0A	; 10
    381a:	50 f3       	brcs	.-44     	; 0x37f0 <prvInitialiseTaskLists+0xe>
    381c:	8d ee       	ldi	r24, 0xED	; 237
    381e:	92 e2       	ldi	r25, 0x22	; 34
    3820:	0e 94 cf 0a 	call	0x159e	; 0x159e <vListInitialise>
    3824:	86 ef       	ldi	r24, 0xF6	; 246
    3826:	92 e2       	ldi	r25, 0x22	; 34
    3828:	0e 94 cf 0a 	call	0x159e	; 0x159e <vListInitialise>
    382c:	83 e0       	ldi	r24, 0x03	; 3
    382e:	93 e2       	ldi	r25, 0x23	; 35
    3830:	0e 94 cf 0a 	call	0x159e	; 0x159e <vListInitialise>
    3834:	8c e0       	ldi	r24, 0x0C	; 12
    3836:	93 e2       	ldi	r25, 0x23	; 35
    3838:	0e 94 cf 0a 	call	0x159e	; 0x159e <vListInitialise>
    383c:	86 e1       	ldi	r24, 0x16	; 22
    383e:	93 e2       	ldi	r25, 0x23	; 35
    3840:	0e 94 cf 0a 	call	0x159e	; 0x159e <vListInitialise>
    3844:	8d ee       	ldi	r24, 0xED	; 237
    3846:	92 e2       	ldi	r25, 0x22	; 34
    3848:	80 93 ff 22 	sts	0x22FF, r24	; 0x8022ff <pxDelayedTaskList>
    384c:	90 93 00 23 	sts	0x2300, r25	; 0x802300 <pxDelayedTaskList+0x1>
    3850:	86 ef       	ldi	r24, 0xF6	; 246
    3852:	92 e2       	ldi	r25, 0x22	; 34
    3854:	80 93 01 23 	sts	0x2301, r24	; 0x802301 <pxOverflowDelayedTaskList>
    3858:	90 93 02 23 	sts	0x2302, r25	; 0x802302 <pxOverflowDelayedTaskList+0x1>
    385c:	00 00       	nop
    385e:	0f 90       	pop	r0
    3860:	df 91       	pop	r29
    3862:	cf 91       	pop	r28
    3864:	08 95       	ret

00003866 <prvCheckTasksWaitingTermination>:
    3866:	cf 93       	push	r28
    3868:	df 93       	push	r29
    386a:	1f 92       	push	r1
    386c:	1f 92       	push	r1
    386e:	cd b7       	in	r28, 0x3d	; 61
    3870:	de b7       	in	r29, 0x3e	; 62
    3872:	21 c0       	rjmp	.+66     	; 0x38b6 <prvCheckTasksWaitingTermination+0x50>
    3874:	0f b6       	in	r0, 0x3f	; 63
    3876:	f8 94       	cli
    3878:	0f 92       	push	r0
    387a:	80 91 11 23 	lds	r24, 0x2311	; 0x802311 <xTasksWaitingTermination+0x5>
    387e:	90 91 12 23 	lds	r25, 0x2312	; 0x802312 <xTasksWaitingTermination+0x6>
    3882:	fc 01       	movw	r30, r24
    3884:	86 81       	ldd	r24, Z+6	; 0x06
    3886:	97 81       	ldd	r25, Z+7	; 0x07
    3888:	89 83       	std	Y+1, r24	; 0x01
    388a:	9a 83       	std	Y+2, r25	; 0x02
    388c:	89 81       	ldd	r24, Y+1	; 0x01
    388e:	9a 81       	ldd	r25, Y+2	; 0x02
    3890:	02 96       	adiw	r24, 0x02	; 2
    3892:	0e 94 d6 0b 	call	0x17ac	; 0x17ac <uxListRemove>
    3896:	80 91 1f 23 	lds	r24, 0x231F	; 0x80231f <uxCurrentNumberOfTasks>
    389a:	81 50       	subi	r24, 0x01	; 1
    389c:	80 93 1f 23 	sts	0x231F, r24	; 0x80231f <uxCurrentNumberOfTasks>
    38a0:	80 91 15 23 	lds	r24, 0x2315	; 0x802315 <uxDeletedTasksWaitingCleanUp>
    38a4:	81 50       	subi	r24, 0x01	; 1
    38a6:	80 93 15 23 	sts	0x2315, r24	; 0x802315 <uxDeletedTasksWaitingCleanUp>
    38aa:	0f 90       	pop	r0
    38ac:	0f be       	out	0x3f, r0	; 63
    38ae:	89 81       	ldd	r24, Y+1	; 0x01
    38b0:	9a 81       	ldd	r25, Y+2	; 0x02
    38b2:	0e 94 db 1d 	call	0x3bb6	; 0x3bb6 <prvDeleteTCB>
    38b6:	80 91 15 23 	lds	r24, 0x2315	; 0x802315 <uxDeletedTasksWaitingCleanUp>
    38ba:	88 23       	and	r24, r24
    38bc:	d9 f6       	brne	.-74     	; 0x3874 <prvCheckTasksWaitingTermination+0xe>
    38be:	00 00       	nop
    38c0:	0f 90       	pop	r0
    38c2:	0f 90       	pop	r0
    38c4:	df 91       	pop	r29
    38c6:	cf 91       	pop	r28
    38c8:	08 95       	ret

000038ca <vTaskGetInfo>:
    38ca:	cf 93       	push	r28
    38cc:	df 93       	push	r29
    38ce:	cd b7       	in	r28, 0x3d	; 61
    38d0:	de b7       	in	r29, 0x3e	; 62
    38d2:	28 97       	sbiw	r28, 0x08	; 8
    38d4:	cd bf       	out	0x3d, r28	; 61
    38d6:	de bf       	out	0x3e, r29	; 62
    38d8:	8b 83       	std	Y+3, r24	; 0x03
    38da:	9c 83       	std	Y+4, r25	; 0x04
    38dc:	6d 83       	std	Y+5, r22	; 0x05
    38de:	7e 83       	std	Y+6, r23	; 0x06
    38e0:	4f 83       	std	Y+7, r20	; 0x07
    38e2:	28 87       	std	Y+8, r18	; 0x08
    38e4:	8b 81       	ldd	r24, Y+3	; 0x03
    38e6:	9c 81       	ldd	r25, Y+4	; 0x04
    38e8:	89 2b       	or	r24, r25
    38ea:	29 f4       	brne	.+10     	; 0x38f6 <vTaskGetInfo+0x2c>
    38ec:	80 91 91 22 	lds	r24, 0x2291	; 0x802291 <pxCurrentTCB>
    38f0:	90 91 92 22 	lds	r25, 0x2292	; 0x802292 <pxCurrentTCB+0x1>
    38f4:	02 c0       	rjmp	.+4      	; 0x38fa <vTaskGetInfo+0x30>
    38f6:	8b 81       	ldd	r24, Y+3	; 0x03
    38f8:	9c 81       	ldd	r25, Y+4	; 0x04
    38fa:	89 83       	std	Y+1, r24	; 0x01
    38fc:	9a 83       	std	Y+2, r25	; 0x02
    38fe:	8d 81       	ldd	r24, Y+5	; 0x05
    3900:	9e 81       	ldd	r25, Y+6	; 0x06
    3902:	29 81       	ldd	r18, Y+1	; 0x01
    3904:	3a 81       	ldd	r19, Y+2	; 0x02
    3906:	fc 01       	movw	r30, r24
    3908:	20 83       	st	Z, r18
    390a:	31 83       	std	Z+1, r19	; 0x01
    390c:	89 81       	ldd	r24, Y+1	; 0x01
    390e:	9a 81       	ldd	r25, Y+2	; 0x02
    3910:	9c 01       	movw	r18, r24
    3912:	27 5e       	subi	r18, 0xE7	; 231
    3914:	3f 4f       	sbci	r19, 0xFF	; 255
    3916:	8d 81       	ldd	r24, Y+5	; 0x05
    3918:	9e 81       	ldd	r25, Y+6	; 0x06
    391a:	fc 01       	movw	r30, r24
    391c:	22 83       	std	Z+2, r18	; 0x02
    391e:	33 83       	std	Z+3, r19	; 0x03
    3920:	89 81       	ldd	r24, Y+1	; 0x01
    3922:	9a 81       	ldd	r25, Y+2	; 0x02
    3924:	fc 01       	movw	r30, r24
    3926:	26 89       	ldd	r18, Z+22	; 0x16
    3928:	8d 81       	ldd	r24, Y+5	; 0x05
    392a:	9e 81       	ldd	r25, Y+6	; 0x06
    392c:	fc 01       	movw	r30, r24
    392e:	26 83       	std	Z+6, r18	; 0x06
    3930:	89 81       	ldd	r24, Y+1	; 0x01
    3932:	9a 81       	ldd	r25, Y+2	; 0x02
    3934:	fc 01       	movw	r30, r24
    3936:	27 89       	ldd	r18, Z+23	; 0x17
    3938:	30 8d       	ldd	r19, Z+24	; 0x18
    393a:	8d 81       	ldd	r24, Y+5	; 0x05
    393c:	9e 81       	ldd	r25, Y+6	; 0x06
    393e:	fc 01       	movw	r30, r24
    3940:	24 87       	std	Z+12, r18	; 0x0c
    3942:	35 87       	std	Z+13, r19	; 0x0d
    3944:	89 81       	ldd	r24, Y+1	; 0x01
    3946:	9a 81       	ldd	r25, Y+2	; 0x02
    3948:	fc 01       	movw	r30, r24
    394a:	21 a1       	ldd	r18, Z+33	; 0x21
    394c:	8d 81       	ldd	r24, Y+5	; 0x05
    394e:	9e 81       	ldd	r25, Y+6	; 0x06
    3950:	fc 01       	movw	r30, r24
    3952:	24 83       	std	Z+4, r18	; 0x04
    3954:	89 81       	ldd	r24, Y+1	; 0x01
    3956:	9a 81       	ldd	r25, Y+2	; 0x02
    3958:	fc 01       	movw	r30, r24
    395a:	23 a1       	ldd	r18, Z+35	; 0x23
    395c:	8d 81       	ldd	r24, Y+5	; 0x05
    395e:	9e 81       	ldd	r25, Y+6	; 0x06
    3960:	fc 01       	movw	r30, r24
    3962:	27 83       	std	Z+7, r18	; 0x07
    3964:	89 81       	ldd	r24, Y+1	; 0x01
    3966:	9a 81       	ldd	r25, Y+2	; 0x02
    3968:	fc 01       	movw	r30, r24
    396a:	87 a1       	ldd	r24, Z+39	; 0x27
    396c:	90 a5       	ldd	r25, Z+40	; 0x28
    396e:	a1 a5       	ldd	r26, Z+41	; 0x29
    3970:	b2 a5       	ldd	r27, Z+42	; 0x2a
    3972:	2d 81       	ldd	r18, Y+5	; 0x05
    3974:	3e 81       	ldd	r19, Y+6	; 0x06
    3976:	f9 01       	movw	r30, r18
    3978:	80 87       	std	Z+8, r24	; 0x08
    397a:	91 87       	std	Z+9, r25	; 0x09
    397c:	a2 87       	std	Z+10, r26	; 0x0a
    397e:	b3 87       	std	Z+11, r27	; 0x0b
    3980:	88 85       	ldd	r24, Y+8	; 0x08
    3982:	85 30       	cpi	r24, 0x05	; 5
    3984:	39 f1       	breq	.+78     	; 0x39d4 <vTaskGetInfo+0x10a>
    3986:	80 91 91 22 	lds	r24, 0x2291	; 0x802291 <pxCurrentTCB>
    398a:	90 91 92 22 	lds	r25, 0x2292	; 0x802292 <pxCurrentTCB+0x1>
    398e:	29 81       	ldd	r18, Y+1	; 0x01
    3990:	3a 81       	ldd	r19, Y+2	; 0x02
    3992:	28 17       	cp	r18, r24
    3994:	39 07       	cpc	r19, r25
    3996:	29 f4       	brne	.+10     	; 0x39a2 <vTaskGetInfo+0xd8>
    3998:	8d 81       	ldd	r24, Y+5	; 0x05
    399a:	9e 81       	ldd	r25, Y+6	; 0x06
    399c:	fc 01       	movw	r30, r24
    399e:	15 82       	std	Z+5, r1	; 0x05
    39a0:	22 c0       	rjmp	.+68     	; 0x39e6 <vTaskGetInfo+0x11c>
    39a2:	8d 81       	ldd	r24, Y+5	; 0x05
    39a4:	9e 81       	ldd	r25, Y+6	; 0x06
    39a6:	28 85       	ldd	r18, Y+8	; 0x08
    39a8:	fc 01       	movw	r30, r24
    39aa:	25 83       	std	Z+5, r18	; 0x05
    39ac:	88 85       	ldd	r24, Y+8	; 0x08
    39ae:	83 30       	cpi	r24, 0x03	; 3
    39b0:	d1 f4       	brne	.+52     	; 0x39e6 <vTaskGetInfo+0x11c>
    39b2:	0e 94 d4 16 	call	0x2da8	; 0x2da8 <vTaskSuspendAll>
    39b6:	89 81       	ldd	r24, Y+1	; 0x01
    39b8:	9a 81       	ldd	r25, Y+2	; 0x02
    39ba:	fc 01       	movw	r30, r24
    39bc:	84 89       	ldd	r24, Z+20	; 0x14
    39be:	95 89       	ldd	r25, Z+21	; 0x15
    39c0:	89 2b       	or	r24, r25
    39c2:	29 f0       	breq	.+10     	; 0x39ce <vTaskGetInfo+0x104>
    39c4:	8d 81       	ldd	r24, Y+5	; 0x05
    39c6:	9e 81       	ldd	r25, Y+6	; 0x06
    39c8:	22 e0       	ldi	r18, 0x02	; 2
    39ca:	fc 01       	movw	r30, r24
    39cc:	25 83       	std	Z+5, r18	; 0x05
    39ce:	0e 94 e1 16 	call	0x2dc2	; 0x2dc2 <xTaskResumeAll>
    39d2:	09 c0       	rjmp	.+18     	; 0x39e6 <vTaskGetInfo+0x11c>
    39d4:	89 81       	ldd	r24, Y+1	; 0x01
    39d6:	9a 81       	ldd	r25, Y+2	; 0x02
    39d8:	0e 94 18 16 	call	0x2c30	; 0x2c30 <eTaskGetState>
    39dc:	28 2f       	mov	r18, r24
    39de:	8d 81       	ldd	r24, Y+5	; 0x05
    39e0:	9e 81       	ldd	r25, Y+6	; 0x06
    39e2:	fc 01       	movw	r30, r24
    39e4:	25 83       	std	Z+5, r18	; 0x05
    39e6:	8f 81       	ldd	r24, Y+7	; 0x07
    39e8:	88 23       	and	r24, r24
    39ea:	71 f0       	breq	.+28     	; 0x3a08 <vTaskGetInfo+0x13e>
    39ec:	89 81       	ldd	r24, Y+1	; 0x01
    39ee:	9a 81       	ldd	r25, Y+2	; 0x02
    39f0:	fc 01       	movw	r30, r24
    39f2:	87 89       	ldd	r24, Z+23	; 0x17
    39f4:	90 8d       	ldd	r25, Z+24	; 0x18
    39f6:	0e 94 b0 1d 	call	0x3b60	; 0x3b60 <prvTaskCheckFreeStackSpace>
    39fa:	9c 01       	movw	r18, r24
    39fc:	8d 81       	ldd	r24, Y+5	; 0x05
    39fe:	9e 81       	ldd	r25, Y+6	; 0x06
    3a00:	fc 01       	movw	r30, r24
    3a02:	26 87       	std	Z+14, r18	; 0x0e
    3a04:	37 87       	std	Z+15, r19	; 0x0f
    3a06:	05 c0       	rjmp	.+10     	; 0x3a12 <vTaskGetInfo+0x148>
    3a08:	8d 81       	ldd	r24, Y+5	; 0x05
    3a0a:	9e 81       	ldd	r25, Y+6	; 0x06
    3a0c:	fc 01       	movw	r30, r24
    3a0e:	16 86       	std	Z+14, r1	; 0x0e
    3a10:	17 86       	std	Z+15, r1	; 0x0f
    3a12:	00 00       	nop
    3a14:	28 96       	adiw	r28, 0x08	; 8
    3a16:	cd bf       	out	0x3d, r28	; 61
    3a18:	de bf       	out	0x3e, r29	; 62
    3a1a:	df 91       	pop	r29
    3a1c:	cf 91       	pop	r28
    3a1e:	08 95       	ret

00003a20 <prvListTasksWithinSingleList>:
    3a20:	cf 93       	push	r28
    3a22:	df 93       	push	r29
    3a24:	cd b7       	in	r28, 0x3d	; 61
    3a26:	de b7       	in	r29, 0x3e	; 62
    3a28:	2e 97       	sbiw	r28, 0x0e	; 14
    3a2a:	cd bf       	out	0x3d, r28	; 61
    3a2c:	de bf       	out	0x3e, r29	; 62
    3a2e:	8a 87       	std	Y+10, r24	; 0x0a
    3a30:	9b 87       	std	Y+11, r25	; 0x0b
    3a32:	6c 87       	std	Y+12, r22	; 0x0c
    3a34:	7d 87       	std	Y+13, r23	; 0x0d
    3a36:	4e 87       	std	Y+14, r20	; 0x0e
    3a38:	19 82       	std	Y+1, r1	; 0x01
    3a3a:	8c 85       	ldd	r24, Y+12	; 0x0c
    3a3c:	9d 85       	ldd	r25, Y+13	; 0x0d
    3a3e:	fc 01       	movw	r30, r24
    3a40:	80 81       	ld	r24, Z
    3a42:	88 23       	and	r24, r24
    3a44:	09 f4       	brne	.+2      	; 0x3a48 <prvListTasksWithinSingleList+0x28>
    3a46:	85 c0       	rjmp	.+266    	; 0x3b52 <prvListTasksWithinSingleList+0x132>
    3a48:	8c 85       	ldd	r24, Y+12	; 0x0c
    3a4a:	9d 85       	ldd	r25, Y+13	; 0x0d
    3a4c:	8a 83       	std	Y+2, r24	; 0x02
    3a4e:	9b 83       	std	Y+3, r25	; 0x03
    3a50:	8a 81       	ldd	r24, Y+2	; 0x02
    3a52:	9b 81       	ldd	r25, Y+3	; 0x03
    3a54:	fc 01       	movw	r30, r24
    3a56:	81 81       	ldd	r24, Z+1	; 0x01
    3a58:	92 81       	ldd	r25, Z+2	; 0x02
    3a5a:	fc 01       	movw	r30, r24
    3a5c:	22 81       	ldd	r18, Z+2	; 0x02
    3a5e:	33 81       	ldd	r19, Z+3	; 0x03
    3a60:	8a 81       	ldd	r24, Y+2	; 0x02
    3a62:	9b 81       	ldd	r25, Y+3	; 0x03
    3a64:	fc 01       	movw	r30, r24
    3a66:	21 83       	std	Z+1, r18	; 0x01
    3a68:	32 83       	std	Z+2, r19	; 0x02
    3a6a:	8a 81       	ldd	r24, Y+2	; 0x02
    3a6c:	9b 81       	ldd	r25, Y+3	; 0x03
    3a6e:	fc 01       	movw	r30, r24
    3a70:	21 81       	ldd	r18, Z+1	; 0x01
    3a72:	32 81       	ldd	r19, Z+2	; 0x02
    3a74:	8a 81       	ldd	r24, Y+2	; 0x02
    3a76:	9b 81       	ldd	r25, Y+3	; 0x03
    3a78:	03 96       	adiw	r24, 0x03	; 3
    3a7a:	28 17       	cp	r18, r24
    3a7c:	39 07       	cpc	r19, r25
    3a7e:	69 f4       	brne	.+26     	; 0x3a9a <prvListTasksWithinSingleList+0x7a>
    3a80:	8a 81       	ldd	r24, Y+2	; 0x02
    3a82:	9b 81       	ldd	r25, Y+3	; 0x03
    3a84:	fc 01       	movw	r30, r24
    3a86:	81 81       	ldd	r24, Z+1	; 0x01
    3a88:	92 81       	ldd	r25, Z+2	; 0x02
    3a8a:	fc 01       	movw	r30, r24
    3a8c:	22 81       	ldd	r18, Z+2	; 0x02
    3a8e:	33 81       	ldd	r19, Z+3	; 0x03
    3a90:	8a 81       	ldd	r24, Y+2	; 0x02
    3a92:	9b 81       	ldd	r25, Y+3	; 0x03
    3a94:	fc 01       	movw	r30, r24
    3a96:	21 83       	std	Z+1, r18	; 0x01
    3a98:	32 83       	std	Z+2, r19	; 0x02
    3a9a:	8a 81       	ldd	r24, Y+2	; 0x02
    3a9c:	9b 81       	ldd	r25, Y+3	; 0x03
    3a9e:	fc 01       	movw	r30, r24
    3aa0:	81 81       	ldd	r24, Z+1	; 0x01
    3aa2:	92 81       	ldd	r25, Z+2	; 0x02
    3aa4:	fc 01       	movw	r30, r24
    3aa6:	86 81       	ldd	r24, Z+6	; 0x06
    3aa8:	97 81       	ldd	r25, Z+7	; 0x07
    3aaa:	8c 83       	std	Y+4, r24	; 0x04
    3aac:	9d 83       	std	Y+5, r25	; 0x05
    3aae:	8c 85       	ldd	r24, Y+12	; 0x0c
    3ab0:	9d 85       	ldd	r25, Y+13	; 0x0d
    3ab2:	8e 83       	std	Y+6, r24	; 0x06
    3ab4:	9f 83       	std	Y+7, r25	; 0x07
    3ab6:	8e 81       	ldd	r24, Y+6	; 0x06
    3ab8:	9f 81       	ldd	r25, Y+7	; 0x07
    3aba:	fc 01       	movw	r30, r24
    3abc:	81 81       	ldd	r24, Z+1	; 0x01
    3abe:	92 81       	ldd	r25, Z+2	; 0x02
    3ac0:	fc 01       	movw	r30, r24
    3ac2:	22 81       	ldd	r18, Z+2	; 0x02
    3ac4:	33 81       	ldd	r19, Z+3	; 0x03
    3ac6:	8e 81       	ldd	r24, Y+6	; 0x06
    3ac8:	9f 81       	ldd	r25, Y+7	; 0x07
    3aca:	fc 01       	movw	r30, r24
    3acc:	21 83       	std	Z+1, r18	; 0x01
    3ace:	32 83       	std	Z+2, r19	; 0x02
    3ad0:	8e 81       	ldd	r24, Y+6	; 0x06
    3ad2:	9f 81       	ldd	r25, Y+7	; 0x07
    3ad4:	fc 01       	movw	r30, r24
    3ad6:	21 81       	ldd	r18, Z+1	; 0x01
    3ad8:	32 81       	ldd	r19, Z+2	; 0x02
    3ada:	8e 81       	ldd	r24, Y+6	; 0x06
    3adc:	9f 81       	ldd	r25, Y+7	; 0x07
    3ade:	03 96       	adiw	r24, 0x03	; 3
    3ae0:	28 17       	cp	r18, r24
    3ae2:	39 07       	cpc	r19, r25
    3ae4:	69 f4       	brne	.+26     	; 0x3b00 <prvListTasksWithinSingleList+0xe0>
    3ae6:	8e 81       	ldd	r24, Y+6	; 0x06
    3ae8:	9f 81       	ldd	r25, Y+7	; 0x07
    3aea:	fc 01       	movw	r30, r24
    3aec:	81 81       	ldd	r24, Z+1	; 0x01
    3aee:	92 81       	ldd	r25, Z+2	; 0x02
    3af0:	fc 01       	movw	r30, r24
    3af2:	22 81       	ldd	r18, Z+2	; 0x02
    3af4:	33 81       	ldd	r19, Z+3	; 0x03
    3af6:	8e 81       	ldd	r24, Y+6	; 0x06
    3af8:	9f 81       	ldd	r25, Y+7	; 0x07
    3afa:	fc 01       	movw	r30, r24
    3afc:	21 83       	std	Z+1, r18	; 0x01
    3afe:	32 83       	std	Z+2, r19	; 0x02
    3b00:	8e 81       	ldd	r24, Y+6	; 0x06
    3b02:	9f 81       	ldd	r25, Y+7	; 0x07
    3b04:	fc 01       	movw	r30, r24
    3b06:	81 81       	ldd	r24, Z+1	; 0x01
    3b08:	92 81       	ldd	r25, Z+2	; 0x02
    3b0a:	fc 01       	movw	r30, r24
    3b0c:	86 81       	ldd	r24, Z+6	; 0x06
    3b0e:	97 81       	ldd	r25, Z+7	; 0x07
    3b10:	88 87       	std	Y+8, r24	; 0x08
    3b12:	99 87       	std	Y+9, r25	; 0x09
    3b14:	89 81       	ldd	r24, Y+1	; 0x01
    3b16:	88 2f       	mov	r24, r24
    3b18:	90 e0       	ldi	r25, 0x00	; 0
    3b1a:	82 95       	swap	r24
    3b1c:	92 95       	swap	r25
    3b1e:	90 7f       	andi	r25, 0xF0	; 240
    3b20:	98 27       	eor	r25, r24
    3b22:	80 7f       	andi	r24, 0xF0	; 240
    3b24:	98 27       	eor	r25, r24
    3b26:	2a 85       	ldd	r18, Y+10	; 0x0a
    3b28:	3b 85       	ldd	r19, Y+11	; 0x0b
    3b2a:	b9 01       	movw	r22, r18
    3b2c:	68 0f       	add	r22, r24
    3b2e:	79 1f       	adc	r23, r25
    3b30:	88 85       	ldd	r24, Y+8	; 0x08
    3b32:	99 85       	ldd	r25, Y+9	; 0x09
    3b34:	2e 85       	ldd	r18, Y+14	; 0x0e
    3b36:	41 e0       	ldi	r20, 0x01	; 1
    3b38:	0e 94 65 1c 	call	0x38ca	; 0x38ca <vTaskGetInfo>
    3b3c:	89 81       	ldd	r24, Y+1	; 0x01
    3b3e:	8f 5f       	subi	r24, 0xFF	; 255
    3b40:	89 83       	std	Y+1, r24	; 0x01
    3b42:	28 85       	ldd	r18, Y+8	; 0x08
    3b44:	39 85       	ldd	r19, Y+9	; 0x09
    3b46:	8c 81       	ldd	r24, Y+4	; 0x04
    3b48:	9d 81       	ldd	r25, Y+5	; 0x05
    3b4a:	28 17       	cp	r18, r24
    3b4c:	39 07       	cpc	r19, r25
    3b4e:	09 f0       	breq	.+2      	; 0x3b52 <prvListTasksWithinSingleList+0x132>
    3b50:	ae cf       	rjmp	.-164    	; 0x3aae <prvListTasksWithinSingleList+0x8e>
    3b52:	89 81       	ldd	r24, Y+1	; 0x01
    3b54:	2e 96       	adiw	r28, 0x0e	; 14
    3b56:	cd bf       	out	0x3d, r28	; 61
    3b58:	de bf       	out	0x3e, r29	; 62
    3b5a:	df 91       	pop	r29
    3b5c:	cf 91       	pop	r28
    3b5e:	08 95       	ret

00003b60 <prvTaskCheckFreeStackSpace>:
    3b60:	cf 93       	push	r28
    3b62:	df 93       	push	r29
    3b64:	00 d0       	rcall	.+0      	; 0x3b66 <prvTaskCheckFreeStackSpace+0x6>
    3b66:	00 d0       	rcall	.+0      	; 0x3b68 <prvTaskCheckFreeStackSpace+0x8>
    3b68:	cd b7       	in	r28, 0x3d	; 61
    3b6a:	de b7       	in	r29, 0x3e	; 62
    3b6c:	8d 83       	std	Y+5, r24	; 0x05
    3b6e:	9e 83       	std	Y+6, r25	; 0x06
    3b70:	19 82       	std	Y+1, r1	; 0x01
    3b72:	1a 82       	std	Y+2, r1	; 0x02
    3b74:	1b 82       	std	Y+3, r1	; 0x03
    3b76:	1c 82       	std	Y+4, r1	; 0x04
    3b78:	10 c0       	rjmp	.+32     	; 0x3b9a <prvTaskCheckFreeStackSpace+0x3a>
    3b7a:	8d 81       	ldd	r24, Y+5	; 0x05
    3b7c:	9e 81       	ldd	r25, Y+6	; 0x06
    3b7e:	01 96       	adiw	r24, 0x01	; 1
    3b80:	8d 83       	std	Y+5, r24	; 0x05
    3b82:	9e 83       	std	Y+6, r25	; 0x06
    3b84:	89 81       	ldd	r24, Y+1	; 0x01
    3b86:	9a 81       	ldd	r25, Y+2	; 0x02
    3b88:	ab 81       	ldd	r26, Y+3	; 0x03
    3b8a:	bc 81       	ldd	r27, Y+4	; 0x04
    3b8c:	01 96       	adiw	r24, 0x01	; 1
    3b8e:	a1 1d       	adc	r26, r1
    3b90:	b1 1d       	adc	r27, r1
    3b92:	89 83       	std	Y+1, r24	; 0x01
    3b94:	9a 83       	std	Y+2, r25	; 0x02
    3b96:	ab 83       	std	Y+3, r26	; 0x03
    3b98:	bc 83       	std	Y+4, r27	; 0x04
    3b9a:	8d 81       	ldd	r24, Y+5	; 0x05
    3b9c:	9e 81       	ldd	r25, Y+6	; 0x06
    3b9e:	fc 01       	movw	r30, r24
    3ba0:	80 81       	ld	r24, Z
    3ba2:	85 3a       	cpi	r24, 0xA5	; 165
    3ba4:	51 f3       	breq	.-44     	; 0x3b7a <prvTaskCheckFreeStackSpace+0x1a>
    3ba6:	89 81       	ldd	r24, Y+1	; 0x01
    3ba8:	9a 81       	ldd	r25, Y+2	; 0x02
    3baa:	26 96       	adiw	r28, 0x06	; 6
    3bac:	cd bf       	out	0x3d, r28	; 61
    3bae:	de bf       	out	0x3e, r29	; 62
    3bb0:	df 91       	pop	r29
    3bb2:	cf 91       	pop	r28
    3bb4:	08 95       	ret

00003bb6 <prvDeleteTCB>:
    3bb6:	cf 93       	push	r28
    3bb8:	df 93       	push	r29
    3bba:	1f 92       	push	r1
    3bbc:	1f 92       	push	r1
    3bbe:	cd b7       	in	r28, 0x3d	; 61
    3bc0:	de b7       	in	r29, 0x3e	; 62
    3bc2:	89 83       	std	Y+1, r24	; 0x01
    3bc4:	9a 83       	std	Y+2, r25	; 0x02
    3bc6:	89 81       	ldd	r24, Y+1	; 0x01
    3bc8:	9a 81       	ldd	r25, Y+2	; 0x02
    3bca:	fc 01       	movw	r30, r24
    3bcc:	87 89       	ldd	r24, Z+23	; 0x17
    3bce:	90 8d       	ldd	r25, Z+24	; 0x18
    3bd0:	0e 94 29 0a 	call	0x1452	; 0x1452 <vPortFree>
    3bd4:	89 81       	ldd	r24, Y+1	; 0x01
    3bd6:	9a 81       	ldd	r25, Y+2	; 0x02
    3bd8:	0e 94 29 0a 	call	0x1452	; 0x1452 <vPortFree>
    3bdc:	00 00       	nop
    3bde:	0f 90       	pop	r0
    3be0:	0f 90       	pop	r0
    3be2:	df 91       	pop	r29
    3be4:	cf 91       	pop	r28
    3be6:	08 95       	ret

00003be8 <prvResetNextTaskUnblockTime>:
    3be8:	cf 93       	push	r28
    3bea:	df 93       	push	r29
    3bec:	1f 92       	push	r1
    3bee:	1f 92       	push	r1
    3bf0:	cd b7       	in	r28, 0x3d	; 61
    3bf2:	de b7       	in	r29, 0x3e	; 62
    3bf4:	80 91 ff 22 	lds	r24, 0x22FF	; 0x8022ff <pxDelayedTaskList>
    3bf8:	90 91 00 23 	lds	r25, 0x2300	; 0x802300 <pxDelayedTaskList+0x1>
    3bfc:	fc 01       	movw	r30, r24
    3bfe:	80 81       	ld	r24, Z
    3c00:	88 23       	and	r24, r24
    3c02:	39 f4       	brne	.+14     	; 0x3c12 <prvResetNextTaskUnblockTime+0x2a>
    3c04:	8f ef       	ldi	r24, 0xFF	; 255
    3c06:	9f ef       	ldi	r25, 0xFF	; 255
    3c08:	80 93 28 23 	sts	0x2328, r24	; 0x802328 <xNextTaskUnblockTime>
    3c0c:	90 93 29 23 	sts	0x2329, r25	; 0x802329 <xNextTaskUnblockTime+0x1>
    3c10:	15 c0       	rjmp	.+42     	; 0x3c3c <prvResetNextTaskUnblockTime+0x54>
    3c12:	80 91 ff 22 	lds	r24, 0x22FF	; 0x8022ff <pxDelayedTaskList>
    3c16:	90 91 00 23 	lds	r25, 0x2300	; 0x802300 <pxDelayedTaskList+0x1>
    3c1a:	fc 01       	movw	r30, r24
    3c1c:	85 81       	ldd	r24, Z+5	; 0x05
    3c1e:	96 81       	ldd	r25, Z+6	; 0x06
    3c20:	fc 01       	movw	r30, r24
    3c22:	86 81       	ldd	r24, Z+6	; 0x06
    3c24:	97 81       	ldd	r25, Z+7	; 0x07
    3c26:	89 83       	std	Y+1, r24	; 0x01
    3c28:	9a 83       	std	Y+2, r25	; 0x02
    3c2a:	89 81       	ldd	r24, Y+1	; 0x01
    3c2c:	9a 81       	ldd	r25, Y+2	; 0x02
    3c2e:	fc 01       	movw	r30, r24
    3c30:	82 81       	ldd	r24, Z+2	; 0x02
    3c32:	93 81       	ldd	r25, Z+3	; 0x03
    3c34:	80 93 28 23 	sts	0x2328, r24	; 0x802328 <xNextTaskUnblockTime>
    3c38:	90 93 29 23 	sts	0x2329, r25	; 0x802329 <xNextTaskUnblockTime+0x1>
    3c3c:	00 00       	nop
    3c3e:	0f 90       	pop	r0
    3c40:	0f 90       	pop	r0
    3c42:	df 91       	pop	r29
    3c44:	cf 91       	pop	r28
    3c46:	08 95       	ret

00003c48 <xTaskPriorityDisinherit>:
    3c48:	cf 93       	push	r28
    3c4a:	df 93       	push	r29
    3c4c:	cd b7       	in	r28, 0x3d	; 61
    3c4e:	de b7       	in	r29, 0x3e	; 62
    3c50:	25 97       	sbiw	r28, 0x05	; 5
    3c52:	cd bf       	out	0x3d, r28	; 61
    3c54:	de bf       	out	0x3e, r29	; 62
    3c56:	8c 83       	std	Y+4, r24	; 0x04
    3c58:	9d 83       	std	Y+5, r25	; 0x05
    3c5a:	8c 81       	ldd	r24, Y+4	; 0x04
    3c5c:	9d 81       	ldd	r25, Y+5	; 0x05
    3c5e:	8a 83       	std	Y+2, r24	; 0x02
    3c60:	9b 83       	std	Y+3, r25	; 0x03
    3c62:	19 82       	std	Y+1, r1	; 0x01
    3c64:	8c 81       	ldd	r24, Y+4	; 0x04
    3c66:	9d 81       	ldd	r25, Y+5	; 0x05
    3c68:	89 2b       	or	r24, r25
    3c6a:	09 f4       	brne	.+2      	; 0x3c6e <xTaskPriorityDisinherit+0x26>
    3c6c:	7c c0       	rjmp	.+248    	; 0x3d66 <xTaskPriorityDisinherit+0x11e>
    3c6e:	80 91 91 22 	lds	r24, 0x2291	; 0x802291 <pxCurrentTCB>
    3c72:	90 91 92 22 	lds	r25, 0x2292	; 0x802292 <pxCurrentTCB+0x1>
    3c76:	2a 81       	ldd	r18, Y+2	; 0x02
    3c78:	3b 81       	ldd	r19, Y+3	; 0x03
    3c7a:	28 17       	cp	r18, r24
    3c7c:	39 07       	cpc	r19, r25
    3c7e:	31 f0       	breq	.+12     	; 0x3c8c <xTaskPriorityDisinherit+0x44>
    3c80:	6e e7       	ldi	r22, 0x7E	; 126
    3c82:	7f e0       	ldi	r23, 0x0F	; 15
    3c84:	8b e2       	ldi	r24, 0x2B	; 43
    3c86:	90 e2       	ldi	r25, 0x20	; 32
    3c88:	0e 94 88 22 	call	0x4510	; 0x4510 <vAssertCalled>
    3c8c:	8a 81       	ldd	r24, Y+2	; 0x02
    3c8e:	9b 81       	ldd	r25, Y+3	; 0x03
    3c90:	fc 01       	movw	r30, r24
    3c92:	84 a1       	ldd	r24, Z+36	; 0x24
    3c94:	88 23       	and	r24, r24
    3c96:	31 f4       	brne	.+12     	; 0x3ca4 <xTaskPriorityDisinherit+0x5c>
    3c98:	6f e7       	ldi	r22, 0x7F	; 127
    3c9a:	7f e0       	ldi	r23, 0x0F	; 15
    3c9c:	8b e2       	ldi	r24, 0x2B	; 43
    3c9e:	90 e2       	ldi	r25, 0x20	; 32
    3ca0:	0e 94 88 22 	call	0x4510	; 0x4510 <vAssertCalled>
    3ca4:	8a 81       	ldd	r24, Y+2	; 0x02
    3ca6:	9b 81       	ldd	r25, Y+3	; 0x03
    3ca8:	fc 01       	movw	r30, r24
    3caa:	84 a1       	ldd	r24, Z+36	; 0x24
    3cac:	2f ef       	ldi	r18, 0xFF	; 255
    3cae:	28 0f       	add	r18, r24
    3cb0:	8a 81       	ldd	r24, Y+2	; 0x02
    3cb2:	9b 81       	ldd	r25, Y+3	; 0x03
    3cb4:	fc 01       	movw	r30, r24
    3cb6:	24 a3       	std	Z+36, r18	; 0x24
    3cb8:	8a 81       	ldd	r24, Y+2	; 0x02
    3cba:	9b 81       	ldd	r25, Y+3	; 0x03
    3cbc:	fc 01       	movw	r30, r24
    3cbe:	26 89       	ldd	r18, Z+22	; 0x16
    3cc0:	8a 81       	ldd	r24, Y+2	; 0x02
    3cc2:	9b 81       	ldd	r25, Y+3	; 0x03
    3cc4:	fc 01       	movw	r30, r24
    3cc6:	83 a1       	ldd	r24, Z+35	; 0x23
    3cc8:	28 17       	cp	r18, r24
    3cca:	09 f4       	brne	.+2      	; 0x3cce <xTaskPriorityDisinherit+0x86>
    3ccc:	4c c0       	rjmp	.+152    	; 0x3d66 <xTaskPriorityDisinherit+0x11e>
    3cce:	8a 81       	ldd	r24, Y+2	; 0x02
    3cd0:	9b 81       	ldd	r25, Y+3	; 0x03
    3cd2:	fc 01       	movw	r30, r24
    3cd4:	84 a1       	ldd	r24, Z+36	; 0x24
    3cd6:	88 23       	and	r24, r24
    3cd8:	09 f0       	breq	.+2      	; 0x3cdc <xTaskPriorityDisinherit+0x94>
    3cda:	45 c0       	rjmp	.+138    	; 0x3d66 <xTaskPriorityDisinherit+0x11e>
    3cdc:	8a 81       	ldd	r24, Y+2	; 0x02
    3cde:	9b 81       	ldd	r25, Y+3	; 0x03
    3ce0:	02 96       	adiw	r24, 0x02	; 2
    3ce2:	0e 94 d6 0b 	call	0x17ac	; 0x17ac <uxListRemove>
    3ce6:	8a 81       	ldd	r24, Y+2	; 0x02
    3ce8:	9b 81       	ldd	r25, Y+3	; 0x03
    3cea:	fc 01       	movw	r30, r24
    3cec:	23 a1       	ldd	r18, Z+35	; 0x23
    3cee:	8a 81       	ldd	r24, Y+2	; 0x02
    3cf0:	9b 81       	ldd	r25, Y+3	; 0x03
    3cf2:	fc 01       	movw	r30, r24
    3cf4:	26 8b       	std	Z+22, r18	; 0x16
    3cf6:	8a 81       	ldd	r24, Y+2	; 0x02
    3cf8:	9b 81       	ldd	r25, Y+3	; 0x03
    3cfa:	fc 01       	movw	r30, r24
    3cfc:	86 89       	ldd	r24, Z+22	; 0x16
    3cfe:	88 2f       	mov	r24, r24
    3d00:	90 e0       	ldi	r25, 0x00	; 0
    3d02:	2a e0       	ldi	r18, 0x0A	; 10
    3d04:	30 e0       	ldi	r19, 0x00	; 0
    3d06:	28 1b       	sub	r18, r24
    3d08:	39 0b       	sbc	r19, r25
    3d0a:	8a 81       	ldd	r24, Y+2	; 0x02
    3d0c:	9b 81       	ldd	r25, Y+3	; 0x03
    3d0e:	fc 01       	movw	r30, r24
    3d10:	24 87       	std	Z+12, r18	; 0x0c
    3d12:	35 87       	std	Z+13, r19	; 0x0d
    3d14:	8a 81       	ldd	r24, Y+2	; 0x02
    3d16:	9b 81       	ldd	r25, Y+3	; 0x03
    3d18:	fc 01       	movw	r30, r24
    3d1a:	96 89       	ldd	r25, Z+22	; 0x16
    3d1c:	80 91 22 23 	lds	r24, 0x2322	; 0x802322 <uxTopReadyPriority>
    3d20:	89 17       	cp	r24, r25
    3d22:	30 f4       	brcc	.+12     	; 0x3d30 <xTaskPriorityDisinherit+0xe8>
    3d24:	8a 81       	ldd	r24, Y+2	; 0x02
    3d26:	9b 81       	ldd	r25, Y+3	; 0x03
    3d28:	fc 01       	movw	r30, r24
    3d2a:	86 89       	ldd	r24, Z+22	; 0x16
    3d2c:	80 93 22 23 	sts	0x2322, r24	; 0x802322 <uxTopReadyPriority>
    3d30:	8a 81       	ldd	r24, Y+2	; 0x02
    3d32:	9b 81       	ldd	r25, Y+3	; 0x03
    3d34:	ac 01       	movw	r20, r24
    3d36:	4e 5f       	subi	r20, 0xFE	; 254
    3d38:	5f 4f       	sbci	r21, 0xFF	; 255
    3d3a:	8a 81       	ldd	r24, Y+2	; 0x02
    3d3c:	9b 81       	ldd	r25, Y+3	; 0x03
    3d3e:	fc 01       	movw	r30, r24
    3d40:	86 89       	ldd	r24, Z+22	; 0x16
    3d42:	28 2f       	mov	r18, r24
    3d44:	30 e0       	ldi	r19, 0x00	; 0
    3d46:	c9 01       	movw	r24, r18
    3d48:	88 0f       	add	r24, r24
    3d4a:	99 1f       	adc	r25, r25
    3d4c:	88 0f       	add	r24, r24
    3d4e:	99 1f       	adc	r25, r25
    3d50:	88 0f       	add	r24, r24
    3d52:	99 1f       	adc	r25, r25
    3d54:	82 0f       	add	r24, r18
    3d56:	93 1f       	adc	r25, r19
    3d58:	8d 56       	subi	r24, 0x6D	; 109
    3d5a:	9d 4d       	sbci	r25, 0xDD	; 221
    3d5c:	ba 01       	movw	r22, r20
    3d5e:	0e 94 19 0b 	call	0x1632	; 0x1632 <vListInsertEnd>
    3d62:	81 e0       	ldi	r24, 0x01	; 1
    3d64:	89 83       	std	Y+1, r24	; 0x01
    3d66:	89 81       	ldd	r24, Y+1	; 0x01
    3d68:	25 96       	adiw	r28, 0x05	; 5
    3d6a:	cd bf       	out	0x3d, r28	; 61
    3d6c:	de bf       	out	0x3e, r29	; 62
    3d6e:	df 91       	pop	r29
    3d70:	cf 91       	pop	r28
    3d72:	08 95       	ret

00003d74 <prvWriteNameToBuffer>:
    3d74:	cf 93       	push	r28
    3d76:	df 93       	push	r29
    3d78:	00 d0       	rcall	.+0      	; 0x3d7a <prvWriteNameToBuffer+0x6>
    3d7a:	00 d0       	rcall	.+0      	; 0x3d7c <prvWriteNameToBuffer+0x8>
    3d7c:	cd b7       	in	r28, 0x3d	; 61
    3d7e:	de b7       	in	r29, 0x3e	; 62
    3d80:	8b 83       	std	Y+3, r24	; 0x03
    3d82:	9c 83       	std	Y+4, r25	; 0x04
    3d84:	6d 83       	std	Y+5, r22	; 0x05
    3d86:	7e 83       	std	Y+6, r23	; 0x06
    3d88:	2d 81       	ldd	r18, Y+5	; 0x05
    3d8a:	3e 81       	ldd	r19, Y+6	; 0x06
    3d8c:	8b 81       	ldd	r24, Y+3	; 0x03
    3d8e:	9c 81       	ldd	r25, Y+4	; 0x04
    3d90:	b9 01       	movw	r22, r18
    3d92:	0e 94 dc 30 	call	0x61b8	; 0x61b8 <strcpy>
    3d96:	8b 81       	ldd	r24, Y+3	; 0x03
    3d98:	9c 81       	ldd	r25, Y+4	; 0x04
    3d9a:	0e 94 e3 30 	call	0x61c6	; 0x61c6 <strlen>
    3d9e:	89 83       	std	Y+1, r24	; 0x01
    3da0:	9a 83       	std	Y+2, r25	; 0x02
    3da2:	0e c0       	rjmp	.+28     	; 0x3dc0 <prvWriteNameToBuffer+0x4c>
    3da4:	2b 81       	ldd	r18, Y+3	; 0x03
    3da6:	3c 81       	ldd	r19, Y+4	; 0x04
    3da8:	89 81       	ldd	r24, Y+1	; 0x01
    3daa:	9a 81       	ldd	r25, Y+2	; 0x02
    3dac:	82 0f       	add	r24, r18
    3dae:	93 1f       	adc	r25, r19
    3db0:	20 e2       	ldi	r18, 0x20	; 32
    3db2:	fc 01       	movw	r30, r24
    3db4:	20 83       	st	Z, r18
    3db6:	89 81       	ldd	r24, Y+1	; 0x01
    3db8:	9a 81       	ldd	r25, Y+2	; 0x02
    3dba:	01 96       	adiw	r24, 0x01	; 1
    3dbc:	89 83       	std	Y+1, r24	; 0x01
    3dbe:	9a 83       	std	Y+2, r25	; 0x02
    3dc0:	89 81       	ldd	r24, Y+1	; 0x01
    3dc2:	9a 81       	ldd	r25, Y+2	; 0x02
    3dc4:	07 97       	sbiw	r24, 0x07	; 7
    3dc6:	70 f3       	brcs	.-36     	; 0x3da4 <prvWriteNameToBuffer+0x30>
    3dc8:	2b 81       	ldd	r18, Y+3	; 0x03
    3dca:	3c 81       	ldd	r19, Y+4	; 0x04
    3dcc:	89 81       	ldd	r24, Y+1	; 0x01
    3dce:	9a 81       	ldd	r25, Y+2	; 0x02
    3dd0:	82 0f       	add	r24, r18
    3dd2:	93 1f       	adc	r25, r19
    3dd4:	fc 01       	movw	r30, r24
    3dd6:	10 82       	st	Z, r1
    3dd8:	2b 81       	ldd	r18, Y+3	; 0x03
    3dda:	3c 81       	ldd	r19, Y+4	; 0x04
    3ddc:	89 81       	ldd	r24, Y+1	; 0x01
    3dde:	9a 81       	ldd	r25, Y+2	; 0x02
    3de0:	82 0f       	add	r24, r18
    3de2:	93 1f       	adc	r25, r19
    3de4:	26 96       	adiw	r28, 0x06	; 6
    3de6:	cd bf       	out	0x3d, r28	; 61
    3de8:	de bf       	out	0x3e, r29	; 62
    3dea:	df 91       	pop	r29
    3dec:	cf 91       	pop	r28
    3dee:	08 95       	ret

00003df0 <vTaskGetRunTimeStats>:
    3df0:	cf 93       	push	r28
    3df2:	df 93       	push	r29
    3df4:	cd b7       	in	r28, 0x3d	; 61
    3df6:	de b7       	in	r29, 0x3e	; 62
    3df8:	2e 97       	sbiw	r28, 0x0e	; 14
    3dfa:	cd bf       	out	0x3d, r28	; 61
    3dfc:	de bf       	out	0x3e, r29	; 62
    3dfe:	8d 87       	std	Y+13, r24	; 0x0d
    3e00:	9e 87       	std	Y+14, r25	; 0x0e
    3e02:	8d 85       	ldd	r24, Y+13	; 0x0d
    3e04:	9e 85       	ldd	r25, Y+14	; 0x0e
    3e06:	fc 01       	movw	r30, r24
    3e08:	10 82       	st	Z, r1
    3e0a:	80 91 1f 23 	lds	r24, 0x231F	; 0x80231f <uxCurrentNumberOfTasks>
    3e0e:	8a 83       	std	Y+2, r24	; 0x02
    3e10:	80 91 1f 23 	lds	r24, 0x231F	; 0x80231f <uxCurrentNumberOfTasks>
    3e14:	88 2f       	mov	r24, r24
    3e16:	90 e0       	ldi	r25, 0x00	; 0
    3e18:	82 95       	swap	r24
    3e1a:	92 95       	swap	r25
    3e1c:	90 7f       	andi	r25, 0xF0	; 240
    3e1e:	98 27       	eor	r25, r24
    3e20:	80 7f       	andi	r24, 0xF0	; 240
    3e22:	98 27       	eor	r25, r24
    3e24:	0e 94 3a 09 	call	0x1274	; 0x1274 <pvPortMalloc>
    3e28:	8b 83       	std	Y+3, r24	; 0x03
    3e2a:	9c 83       	std	Y+4, r25	; 0x04
    3e2c:	8b 81       	ldd	r24, Y+3	; 0x03
    3e2e:	9c 81       	ldd	r25, Y+4	; 0x04
    3e30:	89 2b       	or	r24, r25
    3e32:	09 f4       	brne	.+2      	; 0x3e36 <vTaskGetRunTimeStats+0x46>
    3e34:	dc c0       	rjmp	.+440    	; 0x3fee <vTaskGetRunTimeStats+0x1fe>
    3e36:	9e 01       	movw	r18, r28
    3e38:	27 5f       	subi	r18, 0xF7	; 247
    3e3a:	3f 4f       	sbci	r19, 0xFF	; 255
    3e3c:	8b 81       	ldd	r24, Y+3	; 0x03
    3e3e:	9c 81       	ldd	r25, Y+4	; 0x04
    3e40:	a9 01       	movw	r20, r18
    3e42:	6a 81       	ldd	r22, Y+2	; 0x02
    3e44:	0e 94 81 17 	call	0x2f02	; 0x2f02 <uxTaskGetSystemState>
    3e48:	8a 83       	std	Y+2, r24	; 0x02
    3e4a:	89 85       	ldd	r24, Y+9	; 0x09
    3e4c:	9a 85       	ldd	r25, Y+10	; 0x0a
    3e4e:	ab 85       	ldd	r26, Y+11	; 0x0b
    3e50:	bc 85       	ldd	r27, Y+12	; 0x0c
    3e52:	24 e6       	ldi	r18, 0x64	; 100
    3e54:	30 e0       	ldi	r19, 0x00	; 0
    3e56:	40 e0       	ldi	r20, 0x00	; 0
    3e58:	50 e0       	ldi	r21, 0x00	; 0
    3e5a:	bc 01       	movw	r22, r24
    3e5c:	cd 01       	movw	r24, r26
    3e5e:	0e 94 8e 2e 	call	0x5d1c	; 0x5d1c <__udivmodsi4>
    3e62:	da 01       	movw	r26, r20
    3e64:	c9 01       	movw	r24, r18
    3e66:	89 87       	std	Y+9, r24	; 0x09
    3e68:	9a 87       	std	Y+10, r25	; 0x0a
    3e6a:	ab 87       	std	Y+11, r26	; 0x0b
    3e6c:	bc 87       	std	Y+12, r27	; 0x0c
    3e6e:	89 85       	ldd	r24, Y+9	; 0x09
    3e70:	9a 85       	ldd	r25, Y+10	; 0x0a
    3e72:	ab 85       	ldd	r26, Y+11	; 0x0b
    3e74:	bc 85       	ldd	r27, Y+12	; 0x0c
    3e76:	89 2b       	or	r24, r25
    3e78:	8a 2b       	or	r24, r26
    3e7a:	8b 2b       	or	r24, r27
    3e7c:	09 f4       	brne	.+2      	; 0x3e80 <vTaskGetRunTimeStats+0x90>
    3e7e:	b3 c0       	rjmp	.+358    	; 0x3fe6 <vTaskGetRunTimeStats+0x1f6>
    3e80:	19 82       	std	Y+1, r1	; 0x01
    3e82:	ac c0       	rjmp	.+344    	; 0x3fdc <vTaskGetRunTimeStats+0x1ec>
    3e84:	89 81       	ldd	r24, Y+1	; 0x01
    3e86:	88 2f       	mov	r24, r24
    3e88:	90 e0       	ldi	r25, 0x00	; 0
    3e8a:	82 95       	swap	r24
    3e8c:	92 95       	swap	r25
    3e8e:	90 7f       	andi	r25, 0xF0	; 240
    3e90:	98 27       	eor	r25, r24
    3e92:	80 7f       	andi	r24, 0xF0	; 240
    3e94:	98 27       	eor	r25, r24
    3e96:	2b 81       	ldd	r18, Y+3	; 0x03
    3e98:	3c 81       	ldd	r19, Y+4	; 0x04
    3e9a:	82 0f       	add	r24, r18
    3e9c:	93 1f       	adc	r25, r19
    3e9e:	fc 01       	movw	r30, r24
    3ea0:	80 85       	ldd	r24, Z+8	; 0x08
    3ea2:	91 85       	ldd	r25, Z+9	; 0x09
    3ea4:	a2 85       	ldd	r26, Z+10	; 0x0a
    3ea6:	b3 85       	ldd	r27, Z+11	; 0x0b
    3ea8:	29 85       	ldd	r18, Y+9	; 0x09
    3eaa:	3a 85       	ldd	r19, Y+10	; 0x0a
    3eac:	4b 85       	ldd	r20, Y+11	; 0x0b
    3eae:	5c 85       	ldd	r21, Y+12	; 0x0c
    3eb0:	bc 01       	movw	r22, r24
    3eb2:	cd 01       	movw	r24, r26
    3eb4:	0e 94 8e 2e 	call	0x5d1c	; 0x5d1c <__udivmodsi4>
    3eb8:	da 01       	movw	r26, r20
    3eba:	c9 01       	movw	r24, r18
    3ebc:	8d 83       	std	Y+5, r24	; 0x05
    3ebe:	9e 83       	std	Y+6, r25	; 0x06
    3ec0:	af 83       	std	Y+7, r26	; 0x07
    3ec2:	b8 87       	std	Y+8, r27	; 0x08
    3ec4:	89 81       	ldd	r24, Y+1	; 0x01
    3ec6:	88 2f       	mov	r24, r24
    3ec8:	90 e0       	ldi	r25, 0x00	; 0
    3eca:	82 95       	swap	r24
    3ecc:	92 95       	swap	r25
    3ece:	90 7f       	andi	r25, 0xF0	; 240
    3ed0:	98 27       	eor	r25, r24
    3ed2:	80 7f       	andi	r24, 0xF0	; 240
    3ed4:	98 27       	eor	r25, r24
    3ed6:	2b 81       	ldd	r18, Y+3	; 0x03
    3ed8:	3c 81       	ldd	r19, Y+4	; 0x04
    3eda:	82 0f       	add	r24, r18
    3edc:	93 1f       	adc	r25, r19
    3ede:	fc 01       	movw	r30, r24
    3ee0:	22 81       	ldd	r18, Z+2	; 0x02
    3ee2:	33 81       	ldd	r19, Z+3	; 0x03
    3ee4:	8d 85       	ldd	r24, Y+13	; 0x0d
    3ee6:	9e 85       	ldd	r25, Y+14	; 0x0e
    3ee8:	b9 01       	movw	r22, r18
    3eea:	0e 94 ba 1e 	call	0x3d74	; 0x3d74 <prvWriteNameToBuffer>
    3eee:	8d 87       	std	Y+13, r24	; 0x0d
    3ef0:	9e 87       	std	Y+14, r25	; 0x0e
    3ef2:	8d 81       	ldd	r24, Y+5	; 0x05
    3ef4:	9e 81       	ldd	r25, Y+6	; 0x06
    3ef6:	af 81       	ldd	r26, Y+7	; 0x07
    3ef8:	b8 85       	ldd	r27, Y+8	; 0x08
    3efa:	89 2b       	or	r24, r25
    3efc:	8a 2b       	or	r24, r26
    3efe:	8b 2b       	or	r24, r27
    3f00:	a1 f1       	breq	.+104    	; 0x3f6a <vTaskGetRunTimeStats+0x17a>
    3f02:	89 81       	ldd	r24, Y+1	; 0x01
    3f04:	88 2f       	mov	r24, r24
    3f06:	90 e0       	ldi	r25, 0x00	; 0
    3f08:	82 95       	swap	r24
    3f0a:	92 95       	swap	r25
    3f0c:	90 7f       	andi	r25, 0xF0	; 240
    3f0e:	98 27       	eor	r25, r24
    3f10:	80 7f       	andi	r24, 0xF0	; 240
    3f12:	98 27       	eor	r25, r24
    3f14:	2b 81       	ldd	r18, Y+3	; 0x03
    3f16:	3c 81       	ldd	r19, Y+4	; 0x04
    3f18:	82 0f       	add	r24, r18
    3f1a:	93 1f       	adc	r25, r19
    3f1c:	fc 01       	movw	r30, r24
    3f1e:	80 85       	ldd	r24, Z+8	; 0x08
    3f20:	91 85       	ldd	r25, Z+9	; 0x09
    3f22:	a2 85       	ldd	r26, Z+10	; 0x0a
    3f24:	b3 85       	ldd	r27, Z+11	; 0x0b
    3f26:	28 85       	ldd	r18, Y+8	; 0x08
    3f28:	2f 93       	push	r18
    3f2a:	2f 81       	ldd	r18, Y+7	; 0x07
    3f2c:	2f 93       	push	r18
    3f2e:	2e 81       	ldd	r18, Y+6	; 0x06
    3f30:	2f 93       	push	r18
    3f32:	2d 81       	ldd	r18, Y+5	; 0x05
    3f34:	2f 93       	push	r18
    3f36:	2b 2f       	mov	r18, r27
    3f38:	2f 93       	push	r18
    3f3a:	2a 2f       	mov	r18, r26
    3f3c:	2f 93       	push	r18
    3f3e:	29 2f       	mov	r18, r25
    3f40:	2f 93       	push	r18
    3f42:	8f 93       	push	r24
    3f44:	83 e5       	ldi	r24, 0x53	; 83
    3f46:	90 e2       	ldi	r25, 0x20	; 32
    3f48:	89 2f       	mov	r24, r25
    3f4a:	8f 93       	push	r24
    3f4c:	83 e5       	ldi	r24, 0x53	; 83
    3f4e:	90 e2       	ldi	r25, 0x20	; 32
    3f50:	8f 93       	push	r24
    3f52:	8e 85       	ldd	r24, Y+14	; 0x0e
    3f54:	8f 93       	push	r24
    3f56:	8d 85       	ldd	r24, Y+13	; 0x0d
    3f58:	8f 93       	push	r24
    3f5a:	0e 94 bb 31 	call	0x6376	; 0x6376 <sprintf>
    3f5e:	8d b7       	in	r24, 0x3d	; 61
    3f60:	9e b7       	in	r25, 0x3e	; 62
    3f62:	0c 96       	adiw	r24, 0x0c	; 12
    3f64:	cd bf       	out	0x3d, r28	; 61
    3f66:	de bf       	out	0x3e, r29	; 62
    3f68:	2b c0       	rjmp	.+86     	; 0x3fc0 <vTaskGetRunTimeStats+0x1d0>
    3f6a:	89 81       	ldd	r24, Y+1	; 0x01
    3f6c:	88 2f       	mov	r24, r24
    3f6e:	90 e0       	ldi	r25, 0x00	; 0
    3f70:	82 95       	swap	r24
    3f72:	92 95       	swap	r25
    3f74:	90 7f       	andi	r25, 0xF0	; 240
    3f76:	98 27       	eor	r25, r24
    3f78:	80 7f       	andi	r24, 0xF0	; 240
    3f7a:	98 27       	eor	r25, r24
    3f7c:	2b 81       	ldd	r18, Y+3	; 0x03
    3f7e:	3c 81       	ldd	r19, Y+4	; 0x04
    3f80:	82 0f       	add	r24, r18
    3f82:	93 1f       	adc	r25, r19
    3f84:	fc 01       	movw	r30, r24
    3f86:	80 85       	ldd	r24, Z+8	; 0x08
    3f88:	91 85       	ldd	r25, Z+9	; 0x09
    3f8a:	a2 85       	ldd	r26, Z+10	; 0x0a
    3f8c:	b3 85       	ldd	r27, Z+11	; 0x0b
    3f8e:	2b 2f       	mov	r18, r27
    3f90:	2f 93       	push	r18
    3f92:	2a 2f       	mov	r18, r26
    3f94:	2f 93       	push	r18
    3f96:	29 2f       	mov	r18, r25
    3f98:	2f 93       	push	r18
    3f9a:	8f 93       	push	r24
    3f9c:	81 e6       	ldi	r24, 0x61	; 97
    3f9e:	90 e2       	ldi	r25, 0x20	; 32
    3fa0:	89 2f       	mov	r24, r25
    3fa2:	8f 93       	push	r24
    3fa4:	81 e6       	ldi	r24, 0x61	; 97
    3fa6:	90 e2       	ldi	r25, 0x20	; 32
    3fa8:	8f 93       	push	r24
    3faa:	8e 85       	ldd	r24, Y+14	; 0x0e
    3fac:	8f 93       	push	r24
    3fae:	8d 85       	ldd	r24, Y+13	; 0x0d
    3fb0:	8f 93       	push	r24
    3fb2:	0e 94 bb 31 	call	0x6376	; 0x6376 <sprintf>
    3fb6:	8d b7       	in	r24, 0x3d	; 61
    3fb8:	9e b7       	in	r25, 0x3e	; 62
    3fba:	08 96       	adiw	r24, 0x08	; 8
    3fbc:	cd bf       	out	0x3d, r28	; 61
    3fbe:	de bf       	out	0x3e, r29	; 62
    3fc0:	8d 85       	ldd	r24, Y+13	; 0x0d
    3fc2:	9e 85       	ldd	r25, Y+14	; 0x0e
    3fc4:	0e 94 e3 30 	call	0x61c6	; 0x61c6 <strlen>
    3fc8:	9c 01       	movw	r18, r24
    3fca:	8d 85       	ldd	r24, Y+13	; 0x0d
    3fcc:	9e 85       	ldd	r25, Y+14	; 0x0e
    3fce:	82 0f       	add	r24, r18
    3fd0:	93 1f       	adc	r25, r19
    3fd2:	8d 87       	std	Y+13, r24	; 0x0d
    3fd4:	9e 87       	std	Y+14, r25	; 0x0e
    3fd6:	89 81       	ldd	r24, Y+1	; 0x01
    3fd8:	8f 5f       	subi	r24, 0xFF	; 255
    3fda:	89 83       	std	Y+1, r24	; 0x01
    3fdc:	99 81       	ldd	r25, Y+1	; 0x01
    3fde:	8a 81       	ldd	r24, Y+2	; 0x02
    3fe0:	98 17       	cp	r25, r24
    3fe2:	08 f4       	brcc	.+2      	; 0x3fe6 <vTaskGetRunTimeStats+0x1f6>
    3fe4:	4f cf       	rjmp	.-354    	; 0x3e84 <vTaskGetRunTimeStats+0x94>
    3fe6:	8b 81       	ldd	r24, Y+3	; 0x03
    3fe8:	9c 81       	ldd	r25, Y+4	; 0x04
    3fea:	0e 94 29 0a 	call	0x1452	; 0x1452 <vPortFree>
    3fee:	00 00       	nop
    3ff0:	2e 96       	adiw	r28, 0x0e	; 14
    3ff2:	cd bf       	out	0x3d, r28	; 61
    3ff4:	de bf       	out	0x3e, r29	; 62
    3ff6:	df 91       	pop	r29
    3ff8:	cf 91       	pop	r28
    3ffa:	08 95       	ret

00003ffc <prvAddCurrentTaskToDelayedList>:
#endif /* configUSE_TASK_NOTIFICATIONS */
/*-----------------------------------------------------------*/


static void prvAddCurrentTaskToDelayedList( TickType_t xTicksToWait, const BaseType_t xCanBlockIndefinitely )
{
    3ffc:	cf 93       	push	r28
    3ffe:	df 93       	push	r29
    4000:	cd b7       	in	r28, 0x3d	; 61
    4002:	de b7       	in	r29, 0x3e	; 62
    4004:	27 97       	sbiw	r28, 0x07	; 7
    4006:	cd bf       	out	0x3d, r28	; 61
    4008:	de bf       	out	0x3e, r29	; 62
    400a:	8d 83       	std	Y+5, r24	; 0x05
    400c:	9e 83       	std	Y+6, r25	; 0x06
    400e:	6f 83       	std	Y+7, r22	; 0x07
TickType_t xTimeToWake;
const TickType_t xConstTickCount = xTickCount;
    4010:	80 91 20 23 	lds	r24, 0x2320	; 0x802320 <xTickCount>
    4014:	90 91 21 23 	lds	r25, 0x2321	; 0x802321 <xTickCount+0x1>
    4018:	89 83       	std	Y+1, r24	; 0x01
    401a:	9a 83       	std	Y+2, r25	; 0x02
	}
	#endif

	/* Remove the task from the ready list before adding it to the blocked list
	as the same list item is used for both lists. */
	if( uxListRemove( &( pxCurrentTCB->xStateListItem ) ) == ( UBaseType_t ) 0 )
    401c:	80 91 91 22 	lds	r24, 0x2291	; 0x802291 <pxCurrentTCB>
    4020:	90 91 92 22 	lds	r25, 0x2292	; 0x802292 <pxCurrentTCB+0x1>
    4024:	02 96       	adiw	r24, 0x02	; 2
    4026:	0e 94 d6 0b 	call	0x17ac	; 0x17ac <uxListRemove>
		mtCOVERAGE_TEST_MARKER();
	}

	#if ( INCLUDE_vTaskSuspend == 1 )
	{
		if( ( xTicksToWait == portMAX_DELAY ) && ( xCanBlockIndefinitely != pdFALSE ) )
    402a:	8d 81       	ldd	r24, Y+5	; 0x05
    402c:	9e 81       	ldd	r25, Y+6	; 0x06
    402e:	01 96       	adiw	r24, 0x01	; 1
    4030:	71 f4       	brne	.+28     	; 0x404e <prvAddCurrentTaskToDelayedList+0x52>
    4032:	8f 81       	ldd	r24, Y+7	; 0x07
    4034:	88 23       	and	r24, r24
    4036:	59 f0       	breq	.+22     	; 0x404e <prvAddCurrentTaskToDelayedList+0x52>
		{
			/* Add the task to the suspended task list instead of a delayed task
			list to ensure it is not woken by a timing event.  It will block
			indefinitely. */
			vListInsertEnd( &xSuspendedTaskList, &( pxCurrentTCB->xStateListItem ) );
    4038:	80 91 91 22 	lds	r24, 0x2291	; 0x802291 <pxCurrentTCB>
    403c:	90 91 92 22 	lds	r25, 0x2292	; 0x802292 <pxCurrentTCB+0x1>
    4040:	02 96       	adiw	r24, 0x02	; 2
    4042:	bc 01       	movw	r22, r24
    4044:	86 e1       	ldi	r24, 0x16	; 22
    4046:	93 e2       	ldi	r25, 0x23	; 35
    4048:	0e 94 19 0b 	call	0x1632	; 0x1632 <vListInsertEnd>

		/* Avoid compiler warning when INCLUDE_vTaskSuspend is not 1. */
		( void ) xCanBlockIndefinitely;
	}
	#endif /* INCLUDE_vTaskSuspend */
}
    404c:	44 c0       	rjmp	.+136    	; 0x40d6 <prvAddCurrentTaskToDelayedList+0xda>
		else
		{
			/* Calculate the time at which the task should be woken if the event
			does not occur.  This may overflow but this doesn't matter, the
			kernel will manage it correctly. */
			xTimeToWake = xConstTickCount + xTicksToWait;
    404e:	29 81       	ldd	r18, Y+1	; 0x01
    4050:	3a 81       	ldd	r19, Y+2	; 0x02
    4052:	8d 81       	ldd	r24, Y+5	; 0x05
    4054:	9e 81       	ldd	r25, Y+6	; 0x06
    4056:	82 0f       	add	r24, r18
    4058:	93 1f       	adc	r25, r19
    405a:	8b 83       	std	Y+3, r24	; 0x03
    405c:	9c 83       	std	Y+4, r25	; 0x04

			/* The list item will be inserted in wake time order. */
			listSET_LIST_ITEM_VALUE( &( pxCurrentTCB->xStateListItem ), xTimeToWake );
    405e:	80 91 91 22 	lds	r24, 0x2291	; 0x802291 <pxCurrentTCB>
    4062:	90 91 92 22 	lds	r25, 0x2292	; 0x802292 <pxCurrentTCB+0x1>
    4066:	2b 81       	ldd	r18, Y+3	; 0x03
    4068:	3c 81       	ldd	r19, Y+4	; 0x04
    406a:	fc 01       	movw	r30, r24
    406c:	22 83       	std	Z+2, r18	; 0x02
    406e:	33 83       	std	Z+3, r19	; 0x03

			if( xTimeToWake < xConstTickCount )
    4070:	2b 81       	ldd	r18, Y+3	; 0x03
    4072:	3c 81       	ldd	r19, Y+4	; 0x04
    4074:	89 81       	ldd	r24, Y+1	; 0x01
    4076:	9a 81       	ldd	r25, Y+2	; 0x02
    4078:	28 17       	cp	r18, r24
    407a:	39 07       	cpc	r19, r25
    407c:	78 f4       	brcc	.+30     	; 0x409c <prvAddCurrentTaskToDelayedList+0xa0>
			{
				/* Wake time has overflowed.  Place this item in the overflow
				list. */
				vListInsert( pxOverflowDelayedTaskList, &( pxCurrentTCB->xStateListItem ) );
    407e:	80 91 91 22 	lds	r24, 0x2291	; 0x802291 <pxCurrentTCB>
    4082:	90 91 92 22 	lds	r25, 0x2292	; 0x802292 <pxCurrentTCB+0x1>
    4086:	9c 01       	movw	r18, r24
    4088:	2e 5f       	subi	r18, 0xFE	; 254
    408a:	3f 4f       	sbci	r19, 0xFF	; 255
    408c:	80 91 01 23 	lds	r24, 0x2301	; 0x802301 <pxOverflowDelayedTaskList>
    4090:	90 91 02 23 	lds	r25, 0x2302	; 0x802302 <pxOverflowDelayedTaskList+0x1>
    4094:	b9 01       	movw	r22, r18
    4096:	0e 94 64 0b 	call	0x16c8	; 0x16c8 <vListInsert>

		/* Avoid compiler warning when INCLUDE_vTaskSuspend is not 1. */
		( void ) xCanBlockIndefinitely;
	}
	#endif /* INCLUDE_vTaskSuspend */
}
    409a:	1d c0       	rjmp	.+58     	; 0x40d6 <prvAddCurrentTaskToDelayedList+0xda>
			}
			else
			{
				/* The wake time has not overflowed, so the current block list
				is used. */
				vListInsert( pxDelayedTaskList, &( pxCurrentTCB->xStateListItem ) );
    409c:	80 91 91 22 	lds	r24, 0x2291	; 0x802291 <pxCurrentTCB>
    40a0:	90 91 92 22 	lds	r25, 0x2292	; 0x802292 <pxCurrentTCB+0x1>
    40a4:	9c 01       	movw	r18, r24
    40a6:	2e 5f       	subi	r18, 0xFE	; 254
    40a8:	3f 4f       	sbci	r19, 0xFF	; 255
    40aa:	80 91 ff 22 	lds	r24, 0x22FF	; 0x8022ff <pxDelayedTaskList>
    40ae:	90 91 00 23 	lds	r25, 0x2300	; 0x802300 <pxDelayedTaskList+0x1>
    40b2:	b9 01       	movw	r22, r18
    40b4:	0e 94 64 0b 	call	0x16c8	; 0x16c8 <vListInsert>

				/* If the task entering the blocked state was placed at the
				head of the list of blocked tasks then xNextTaskUnblockTime
				needs to be updated too. */
				if( xTimeToWake < xNextTaskUnblockTime )
    40b8:	80 91 28 23 	lds	r24, 0x2328	; 0x802328 <xNextTaskUnblockTime>
    40bc:	90 91 29 23 	lds	r25, 0x2329	; 0x802329 <xNextTaskUnblockTime+0x1>
    40c0:	2b 81       	ldd	r18, Y+3	; 0x03
    40c2:	3c 81       	ldd	r19, Y+4	; 0x04
    40c4:	28 17       	cp	r18, r24
    40c6:	39 07       	cpc	r19, r25
    40c8:	30 f4       	brcc	.+12     	; 0x40d6 <prvAddCurrentTaskToDelayedList+0xda>
				{
					xNextTaskUnblockTime = xTimeToWake;
    40ca:	8b 81       	ldd	r24, Y+3	; 0x03
    40cc:	9c 81       	ldd	r25, Y+4	; 0x04
    40ce:	80 93 28 23 	sts	0x2328, r24	; 0x802328 <xNextTaskUnblockTime>
    40d2:	90 93 29 23 	sts	0x2329, r25	; 0x802329 <xNextTaskUnblockTime+0x1>

		/* Avoid compiler warning when INCLUDE_vTaskSuspend is not 1. */
		( void ) xCanBlockIndefinitely;
	}
	#endif /* INCLUDE_vTaskSuspend */
}
    40d6:	00 00       	nop
    40d8:	27 96       	adiw	r28, 0x07	; 7
    40da:	cd bf       	out	0x3d, r28	; 61
    40dc:	de bf       	out	0x3e, r29	; 62
    40de:	df 91       	pop	r29
    40e0:	cf 91       	pop	r28
    40e2:	08 95       	ret

000040e4 <vApplicationIdleHook>:
#define SET_ERR_LED() PORTA.OUTSET=1<<7
#define CLR_ERR_LED() PORTA.OUTCLR=1<<7


void vApplicationIdleHook( void )
{
    40e4:	cf 93       	push	r28
    40e6:	df 93       	push	r29
    40e8:	cd b7       	in	r28, 0x3d	; 61
    40ea:	de b7       	in	r29, 0x3e	; 62
	
}
    40ec:	00 00       	nop
    40ee:	df 91       	pop	r29
    40f0:	cf 91       	pop	r28
    40f2:	08 95       	ret

000040f4 <vApplicationMallocFailedHook>:

void vApplicationMallocFailedHook(void)
{
    40f4:	cf 93       	push	r28
    40f6:	df 93       	push	r29
    40f8:	cd b7       	in	r28, 0x3d	; 61
    40fa:	de b7       	in	r29, 0x3e	; 62
    40fc:	6c 97       	sbiw	r28, 0x1c	; 28
    40fe:	cd bf       	out	0x3d, r28	; 61
    4100:	de bf       	out	0x3e, r29	; 62
	taskDISABLE_INTERRUPTS();
    4102:	f8 94       	cli
	DbgPrint ("ERROR: memory allocation failed\r\n");
    4104:	8e e6       	ldi	r24, 0x6E	; 110
    4106:	90 e2       	ldi	r25, 0x20	; 32
    4108:	0e 94 5d 02 	call	0x4ba	; 0x4ba <DbgPrint>
	CFG_ERR_LED();
    410c:	80 e0       	ldi	r24, 0x00	; 0
    410e:	96 e0       	ldi	r25, 0x06	; 6
    4110:	20 e8       	ldi	r18, 0x80	; 128
    4112:	fc 01       	movw	r30, r24
    4114:	21 83       	std	Z+1, r18	; 0x01
	while (1)
	{
		SET_ERR_LED();
    4116:	80 e0       	ldi	r24, 0x00	; 0
    4118:	96 e0       	ldi	r25, 0x06	; 6
    411a:	20 e8       	ldi	r18, 0x80	; 128
    411c:	fc 01       	movw	r30, r24
    411e:	25 83       	std	Z+5, r18	; 0x05
    4120:	80 e0       	ldi	r24, 0x00	; 0
    4122:	90 e0       	ldi	r25, 0x00	; 0
    4124:	a8 ec       	ldi	r26, 0xC8	; 200
    4126:	b2 e4       	ldi	r27, 0x42	; 66
    4128:	89 83       	std	Y+1, r24	; 0x01
    412a:	9a 83       	std	Y+2, r25	; 0x02
    412c:	ab 83       	std	Y+3, r26	; 0x03
    412e:	bc 83       	std	Y+4, r27	; 0x04

	__builtin_avr_delay_cycles(__ticks_dc);

#else
	uint16_t __ticks;
	__tmp = ((F_CPU) / 4e3) * __ms;
    4130:	20 e0       	ldi	r18, 0x00	; 0
    4132:	30 e0       	ldi	r19, 0x00	; 0
    4134:	4a ef       	ldi	r20, 0xFA	; 250
    4136:	55 e4       	ldi	r21, 0x45	; 69
    4138:	69 81       	ldd	r22, Y+1	; 0x01
    413a:	7a 81       	ldd	r23, Y+2	; 0x02
    413c:	8b 81       	ldd	r24, Y+3	; 0x03
    413e:	9c 81       	ldd	r25, Y+4	; 0x04
    4140:	0e 94 d4 28 	call	0x51a8	; 0x51a8 <__mulsf3>
    4144:	dc 01       	movw	r26, r24
    4146:	cb 01       	movw	r24, r22
    4148:	8b 8b       	std	Y+19, r24	; 0x13
    414a:	9c 8b       	std	Y+20, r25	; 0x14
    414c:	ad 8b       	std	Y+21, r26	; 0x15
    414e:	be 8b       	std	Y+22, r27	; 0x16
	if (__tmp < 1.0)
    4150:	20 e0       	ldi	r18, 0x00	; 0
    4152:	30 e0       	ldi	r19, 0x00	; 0
    4154:	40 e8       	ldi	r20, 0x80	; 128
    4156:	5f e3       	ldi	r21, 0x3F	; 63
    4158:	6b 89       	ldd	r22, Y+19	; 0x13
    415a:	7c 89       	ldd	r23, Y+20	; 0x14
    415c:	8d 89       	ldd	r24, Y+21	; 0x15
    415e:	9e 89       	ldd	r25, Y+22	; 0x16
    4160:	0e 94 77 27 	call	0x4eee	; 0x4eee <__cmpsf2>
    4164:	88 23       	and	r24, r24
    4166:	2c f4       	brge	.+10     	; 0x4172 <vApplicationMallocFailedHook+0x7e>
		__ticks = 1;
    4168:	81 e0       	ldi	r24, 0x01	; 1
    416a:	90 e0       	ldi	r25, 0x00	; 0
    416c:	8f 8b       	std	Y+23, r24	; 0x17
    416e:	98 8f       	std	Y+24, r25	; 0x18
    4170:	3f c0       	rjmp	.+126    	; 0x41f0 <vApplicationMallocFailedHook+0xfc>
	else if (__tmp > 65535)
    4172:	20 e0       	ldi	r18, 0x00	; 0
    4174:	3f ef       	ldi	r19, 0xFF	; 255
    4176:	4f e7       	ldi	r20, 0x7F	; 127
    4178:	57 e4       	ldi	r21, 0x47	; 71
    417a:	6b 89       	ldd	r22, Y+19	; 0x13
    417c:	7c 89       	ldd	r23, Y+20	; 0x14
    417e:	8d 89       	ldd	r24, Y+21	; 0x15
    4180:	9e 89       	ldd	r25, Y+22	; 0x16
    4182:	0e 94 cf 28 	call	0x519e	; 0x519e <__gesf2>
    4186:	18 16       	cp	r1, r24
    4188:	4c f5       	brge	.+82     	; 0x41dc <vApplicationMallocFailedHook+0xe8>
	{
		//	__ticks = requested delay in 1/10 ms
		__ticks = (uint16_t) (__ms * 10.0);
    418a:	20 e0       	ldi	r18, 0x00	; 0
    418c:	30 e0       	ldi	r19, 0x00	; 0
    418e:	40 e2       	ldi	r20, 0x20	; 32
    4190:	51 e4       	ldi	r21, 0x41	; 65
    4192:	69 81       	ldd	r22, Y+1	; 0x01
    4194:	7a 81       	ldd	r23, Y+2	; 0x02
    4196:	8b 81       	ldd	r24, Y+3	; 0x03
    4198:	9c 81       	ldd	r25, Y+4	; 0x04
    419a:	0e 94 d4 28 	call	0x51a8	; 0x51a8 <__mulsf3>
    419e:	dc 01       	movw	r26, r24
    41a0:	cb 01       	movw	r24, r22
    41a2:	bc 01       	movw	r22, r24
    41a4:	cd 01       	movw	r24, r26
    41a6:	0e 94 ee 27 	call	0x4fdc	; 0x4fdc <__fixunssfsi>
    41aa:	dc 01       	movw	r26, r24
    41ac:	cb 01       	movw	r24, r22
    41ae:	8f 8b       	std	Y+23, r24	; 0x17
    41b0:	98 8f       	std	Y+24, r25	; 0x18
    41b2:	0f c0       	rjmp	.+30     	; 0x41d2 <vApplicationMallocFailedHook+0xde>
    41b4:	80 e2       	ldi	r24, 0x20	; 32
    41b6:	93 e0       	ldi	r25, 0x03	; 3
    41b8:	89 8f       	std	Y+25, r24	; 0x19
    41ba:	9a 8f       	std	Y+26, r25	; 0x1a
    milliseconds can be achieved.
 */
void
_delay_loop_2(uint16_t __count)
{
	__asm__ volatile (
    41bc:	89 8d       	ldd	r24, Y+25	; 0x19
    41be:	9a 8d       	ldd	r25, Y+26	; 0x1a
    41c0:	01 97       	sbiw	r24, 0x01	; 1
    41c2:	f1 f7       	brne	.-4      	; 0x41c0 <vApplicationMallocFailedHook+0xcc>
    41c4:	89 8f       	std	Y+25, r24	; 0x19
    41c6:	9a 8f       	std	Y+26, r25	; 0x1a
		while(__ticks)
		{
			// wait 1/10 ms
			_delay_loop_2(((F_CPU) / 4e3) / 10);
			__ticks --;
    41c8:	8f 89       	ldd	r24, Y+23	; 0x17
    41ca:	98 8d       	ldd	r25, Y+24	; 0x18
    41cc:	01 97       	sbiw	r24, 0x01	; 1
    41ce:	8f 8b       	std	Y+23, r24	; 0x17
    41d0:	98 8f       	std	Y+24, r25	; 0x18
		__ticks = 1;
	else if (__tmp > 65535)
	{
		//	__ticks = requested delay in 1/10 ms
		__ticks = (uint16_t) (__ms * 10.0);
		while(__ticks)
    41d2:	8f 89       	ldd	r24, Y+23	; 0x17
    41d4:	98 8d       	ldd	r25, Y+24	; 0x18
    41d6:	89 2b       	or	r24, r25
    41d8:	69 f7       	brne	.-38     	; 0x41b4 <vApplicationMallocFailedHook+0xc0>
    41da:	14 c0       	rjmp	.+40     	; 0x4204 <vApplicationMallocFailedHook+0x110>
			__ticks --;
		}
		return;
	}
	else
		__ticks = (uint16_t)__tmp;
    41dc:	6b 89       	ldd	r22, Y+19	; 0x13
    41de:	7c 89       	ldd	r23, Y+20	; 0x14
    41e0:	8d 89       	ldd	r24, Y+21	; 0x15
    41e2:	9e 89       	ldd	r25, Y+22	; 0x16
    41e4:	0e 94 ee 27 	call	0x4fdc	; 0x4fdc <__fixunssfsi>
    41e8:	dc 01       	movw	r26, r24
    41ea:	cb 01       	movw	r24, r22
    41ec:	8f 8b       	std	Y+23, r24	; 0x17
    41ee:	98 8f       	std	Y+24, r25	; 0x18
    41f0:	8f 89       	ldd	r24, Y+23	; 0x17
    41f2:	98 8d       	ldd	r25, Y+24	; 0x18
    41f4:	8b 8f       	std	Y+27, r24	; 0x1b
    41f6:	9c 8f       	std	Y+28, r25	; 0x1c
    41f8:	8b 8d       	ldd	r24, Y+27	; 0x1b
    41fa:	9c 8d       	ldd	r25, Y+28	; 0x1c
    41fc:	01 97       	sbiw	r24, 0x01	; 1
    41fe:	f1 f7       	brne	.-4      	; 0x41fc <vApplicationMallocFailedHook+0x108>
    4200:	8b 8f       	std	Y+27, r24	; 0x1b
    4202:	9c 8f       	std	Y+28, r25	; 0x1c
		_delay_ms(100);
		CLR_ERR_LED();
    4204:	80 e0       	ldi	r24, 0x00	; 0
    4206:	96 e0       	ldi	r25, 0x06	; 6
    4208:	20 e8       	ldi	r18, 0x80	; 128
    420a:	fc 01       	movw	r30, r24
    420c:	26 83       	std	Z+6, r18	; 0x06
    420e:	80 e0       	ldi	r24, 0x00	; 0
    4210:	90 e0       	ldi	r25, 0x00	; 0
    4212:	a8 ec       	ldi	r26, 0xC8	; 200
    4214:	b2 e4       	ldi	r27, 0x42	; 66
    4216:	8d 83       	std	Y+5, r24	; 0x05
    4218:	9e 83       	std	Y+6, r25	; 0x06
    421a:	af 83       	std	Y+7, r26	; 0x07
    421c:	b8 87       	std	Y+8, r27	; 0x08

	__builtin_avr_delay_cycles(__ticks_dc);

#else
	uint16_t __ticks;
	__tmp = ((F_CPU) / 4e3) * __ms;
    421e:	20 e0       	ldi	r18, 0x00	; 0
    4220:	30 e0       	ldi	r19, 0x00	; 0
    4222:	4a ef       	ldi	r20, 0xFA	; 250
    4224:	55 e4       	ldi	r21, 0x45	; 69
    4226:	6d 81       	ldd	r22, Y+5	; 0x05
    4228:	7e 81       	ldd	r23, Y+6	; 0x06
    422a:	8f 81       	ldd	r24, Y+7	; 0x07
    422c:	98 85       	ldd	r25, Y+8	; 0x08
    422e:	0e 94 d4 28 	call	0x51a8	; 0x51a8 <__mulsf3>
    4232:	dc 01       	movw	r26, r24
    4234:	cb 01       	movw	r24, r22
    4236:	89 87       	std	Y+9, r24	; 0x09
    4238:	9a 87       	std	Y+10, r25	; 0x0a
    423a:	ab 87       	std	Y+11, r26	; 0x0b
    423c:	bc 87       	std	Y+12, r27	; 0x0c
	if (__tmp < 1.0)
    423e:	20 e0       	ldi	r18, 0x00	; 0
    4240:	30 e0       	ldi	r19, 0x00	; 0
    4242:	40 e8       	ldi	r20, 0x80	; 128
    4244:	5f e3       	ldi	r21, 0x3F	; 63
    4246:	69 85       	ldd	r22, Y+9	; 0x09
    4248:	7a 85       	ldd	r23, Y+10	; 0x0a
    424a:	8b 85       	ldd	r24, Y+11	; 0x0b
    424c:	9c 85       	ldd	r25, Y+12	; 0x0c
    424e:	0e 94 77 27 	call	0x4eee	; 0x4eee <__cmpsf2>
    4252:	88 23       	and	r24, r24
    4254:	2c f4       	brge	.+10     	; 0x4260 <vApplicationMallocFailedHook+0x16c>
		__ticks = 1;
    4256:	81 e0       	ldi	r24, 0x01	; 1
    4258:	90 e0       	ldi	r25, 0x00	; 0
    425a:	8d 87       	std	Y+13, r24	; 0x0d
    425c:	9e 87       	std	Y+14, r25	; 0x0e
    425e:	3f c0       	rjmp	.+126    	; 0x42de <vApplicationMallocFailedHook+0x1ea>
	else if (__tmp > 65535)
    4260:	20 e0       	ldi	r18, 0x00	; 0
    4262:	3f ef       	ldi	r19, 0xFF	; 255
    4264:	4f e7       	ldi	r20, 0x7F	; 127
    4266:	57 e4       	ldi	r21, 0x47	; 71
    4268:	69 85       	ldd	r22, Y+9	; 0x09
    426a:	7a 85       	ldd	r23, Y+10	; 0x0a
    426c:	8b 85       	ldd	r24, Y+11	; 0x0b
    426e:	9c 85       	ldd	r25, Y+12	; 0x0c
    4270:	0e 94 cf 28 	call	0x519e	; 0x519e <__gesf2>
    4274:	18 16       	cp	r1, r24
    4276:	4c f5       	brge	.+82     	; 0x42ca <vApplicationMallocFailedHook+0x1d6>
	{
		//	__ticks = requested delay in 1/10 ms
		__ticks = (uint16_t) (__ms * 10.0);
    4278:	20 e0       	ldi	r18, 0x00	; 0
    427a:	30 e0       	ldi	r19, 0x00	; 0
    427c:	40 e2       	ldi	r20, 0x20	; 32
    427e:	51 e4       	ldi	r21, 0x41	; 65
    4280:	6d 81       	ldd	r22, Y+5	; 0x05
    4282:	7e 81       	ldd	r23, Y+6	; 0x06
    4284:	8f 81       	ldd	r24, Y+7	; 0x07
    4286:	98 85       	ldd	r25, Y+8	; 0x08
    4288:	0e 94 d4 28 	call	0x51a8	; 0x51a8 <__mulsf3>
    428c:	dc 01       	movw	r26, r24
    428e:	cb 01       	movw	r24, r22
    4290:	bc 01       	movw	r22, r24
    4292:	cd 01       	movw	r24, r26
    4294:	0e 94 ee 27 	call	0x4fdc	; 0x4fdc <__fixunssfsi>
    4298:	dc 01       	movw	r26, r24
    429a:	cb 01       	movw	r24, r22
    429c:	8d 87       	std	Y+13, r24	; 0x0d
    429e:	9e 87       	std	Y+14, r25	; 0x0e
    42a0:	0f c0       	rjmp	.+30     	; 0x42c0 <vApplicationMallocFailedHook+0x1cc>
    42a2:	80 e2       	ldi	r24, 0x20	; 32
    42a4:	93 e0       	ldi	r25, 0x03	; 3
    42a6:	8f 87       	std	Y+15, r24	; 0x0f
    42a8:	98 8b       	std	Y+16, r25	; 0x10
    42aa:	8f 85       	ldd	r24, Y+15	; 0x0f
    42ac:	98 89       	ldd	r25, Y+16	; 0x10
    42ae:	01 97       	sbiw	r24, 0x01	; 1
    42b0:	f1 f7       	brne	.-4      	; 0x42ae <vApplicationMallocFailedHook+0x1ba>
    42b2:	8f 87       	std	Y+15, r24	; 0x0f
    42b4:	98 8b       	std	Y+16, r25	; 0x10
		while(__ticks)
		{
			// wait 1/10 ms
			_delay_loop_2(((F_CPU) / 4e3) / 10);
			__ticks --;
    42b6:	8d 85       	ldd	r24, Y+13	; 0x0d
    42b8:	9e 85       	ldd	r25, Y+14	; 0x0e
    42ba:	01 97       	sbiw	r24, 0x01	; 1
    42bc:	8d 87       	std	Y+13, r24	; 0x0d
    42be:	9e 87       	std	Y+14, r25	; 0x0e
		__ticks = 1;
	else if (__tmp > 65535)
	{
		//	__ticks = requested delay in 1/10 ms
		__ticks = (uint16_t) (__ms * 10.0);
		while(__ticks)
    42c0:	8d 85       	ldd	r24, Y+13	; 0x0d
    42c2:	9e 85       	ldd	r25, Y+14	; 0x0e
    42c4:	89 2b       	or	r24, r25
    42c6:	69 f7       	brne	.-38     	; 0x42a2 <vApplicationMallocFailedHook+0x1ae>
    42c8:	14 c0       	rjmp	.+40     	; 0x42f2 <vApplicationMallocFailedHook+0x1fe>
			__ticks --;
		}
		return;
	}
	else
		__ticks = (uint16_t)__tmp;
    42ca:	69 85       	ldd	r22, Y+9	; 0x09
    42cc:	7a 85       	ldd	r23, Y+10	; 0x0a
    42ce:	8b 85       	ldd	r24, Y+11	; 0x0b
    42d0:	9c 85       	ldd	r25, Y+12	; 0x0c
    42d2:	0e 94 ee 27 	call	0x4fdc	; 0x4fdc <__fixunssfsi>
    42d6:	dc 01       	movw	r26, r24
    42d8:	cb 01       	movw	r24, r22
    42da:	8d 87       	std	Y+13, r24	; 0x0d
    42dc:	9e 87       	std	Y+14, r25	; 0x0e
    42de:	8d 85       	ldd	r24, Y+13	; 0x0d
    42e0:	9e 85       	ldd	r25, Y+14	; 0x0e
    42e2:	89 8b       	std	Y+17, r24	; 0x11
    42e4:	9a 8b       	std	Y+18, r25	; 0x12
    42e6:	89 89       	ldd	r24, Y+17	; 0x11
    42e8:	9a 89       	ldd	r25, Y+18	; 0x12
    42ea:	01 97       	sbiw	r24, 0x01	; 1
    42ec:	f1 f7       	brne	.-4      	; 0x42ea <vApplicationMallocFailedHook+0x1f6>
    42ee:	89 8b       	std	Y+17, r24	; 0x11
    42f0:	9a 8b       	std	Y+18, r25	; 0x12
		_delay_ms(100);
	}
    42f2:	11 cf       	rjmp	.-478    	; 0x4116 <vApplicationMallocFailedHook+0x22>

000042f4 <vApplicationStackOverflowHook>:
}



void vApplicationStackOverflowHook( TaskHandle_t xTask,signed char *pcTaskName )
{
    42f4:	cf 93       	push	r28
    42f6:	df 93       	push	r29
    42f8:	cd b7       	in	r28, 0x3d	; 61
    42fa:	de b7       	in	r29, 0x3e	; 62
    42fc:	a0 97       	sbiw	r28, 0x20	; 32
    42fe:	cd bf       	out	0x3d, r28	; 61
    4300:	de bf       	out	0x3e, r29	; 62
    4302:	8d 8f       	std	Y+29, r24	; 0x1d
    4304:	9e 8f       	std	Y+30, r25	; 0x1e
    4306:	6f 8f       	std	Y+31, r22	; 0x1f
    4308:	78 a3       	std	Y+32, r23	; 0x20
	taskDISABLE_INTERRUPTS();
    430a:	f8 94       	cli
	CFG_ERR_LED();
    430c:	80 e0       	ldi	r24, 0x00	; 0
    430e:	96 e0       	ldi	r25, 0x06	; 6
    4310:	20 e8       	ldi	r18, 0x80	; 128
    4312:	fc 01       	movw	r30, r24
    4314:	21 83       	std	Z+1, r18	; 0x01
	DbgPrint("STACK overflow in task ");
    4316:	80 e9       	ldi	r24, 0x90	; 144
    4318:	90 e2       	ldi	r25, 0x20	; 32
    431a:	0e 94 5d 02 	call	0x4ba	; 0x4ba <DbgPrint>
	DbgPrintn(pcTaskName,10);
    431e:	8f 8d       	ldd	r24, Y+31	; 0x1f
    4320:	98 a1       	ldd	r25, Y+32	; 0x20
    4322:	6a e0       	ldi	r22, 0x0A	; 10
    4324:	70 e0       	ldi	r23, 0x00	; 0
    4326:	0e 94 71 02 	call	0x4e2	; 0x4e2 <DbgPrintn>
	DbgPrint("\r\n");
    432a:	88 ea       	ldi	r24, 0xA8	; 168
    432c:	90 e2       	ldi	r25, 0x20	; 32
    432e:	0e 94 5d 02 	call	0x4ba	; 0x4ba <DbgPrint>
	while (1)
	{
		SET_ERR_LED();
    4332:	80 e0       	ldi	r24, 0x00	; 0
    4334:	96 e0       	ldi	r25, 0x06	; 6
    4336:	20 e8       	ldi	r18, 0x80	; 128
    4338:	fc 01       	movw	r30, r24
    433a:	25 83       	std	Z+5, r18	; 0x05
    433c:	80 e0       	ldi	r24, 0x00	; 0
    433e:	90 e0       	ldi	r25, 0x00	; 0
    4340:	aa ef       	ldi	r26, 0xFA	; 250
    4342:	b3 e4       	ldi	r27, 0x43	; 67
    4344:	89 83       	std	Y+1, r24	; 0x01
    4346:	9a 83       	std	Y+2, r25	; 0x02
    4348:	ab 83       	std	Y+3, r26	; 0x03
    434a:	bc 83       	std	Y+4, r27	; 0x04

	__builtin_avr_delay_cycles(__ticks_dc);

#else
	uint16_t __ticks;
	__tmp = ((F_CPU) / 4e3) * __ms;
    434c:	20 e0       	ldi	r18, 0x00	; 0
    434e:	30 e0       	ldi	r19, 0x00	; 0
    4350:	4a ef       	ldi	r20, 0xFA	; 250
    4352:	55 e4       	ldi	r21, 0x45	; 69
    4354:	69 81       	ldd	r22, Y+1	; 0x01
    4356:	7a 81       	ldd	r23, Y+2	; 0x02
    4358:	8b 81       	ldd	r24, Y+3	; 0x03
    435a:	9c 81       	ldd	r25, Y+4	; 0x04
    435c:	0e 94 d4 28 	call	0x51a8	; 0x51a8 <__mulsf3>
    4360:	dc 01       	movw	r26, r24
    4362:	cb 01       	movw	r24, r22
    4364:	8b 8b       	std	Y+19, r24	; 0x13
    4366:	9c 8b       	std	Y+20, r25	; 0x14
    4368:	ad 8b       	std	Y+21, r26	; 0x15
    436a:	be 8b       	std	Y+22, r27	; 0x16
	if (__tmp < 1.0)
    436c:	20 e0       	ldi	r18, 0x00	; 0
    436e:	30 e0       	ldi	r19, 0x00	; 0
    4370:	40 e8       	ldi	r20, 0x80	; 128
    4372:	5f e3       	ldi	r21, 0x3F	; 63
    4374:	6b 89       	ldd	r22, Y+19	; 0x13
    4376:	7c 89       	ldd	r23, Y+20	; 0x14
    4378:	8d 89       	ldd	r24, Y+21	; 0x15
    437a:	9e 89       	ldd	r25, Y+22	; 0x16
    437c:	0e 94 77 27 	call	0x4eee	; 0x4eee <__cmpsf2>
    4380:	88 23       	and	r24, r24
    4382:	2c f4       	brge	.+10     	; 0x438e <vApplicationStackOverflowHook+0x9a>
		__ticks = 1;
    4384:	81 e0       	ldi	r24, 0x01	; 1
    4386:	90 e0       	ldi	r25, 0x00	; 0
    4388:	8f 8b       	std	Y+23, r24	; 0x17
    438a:	98 8f       	std	Y+24, r25	; 0x18
    438c:	3f c0       	rjmp	.+126    	; 0x440c <vApplicationStackOverflowHook+0x118>
	else if (__tmp > 65535)
    438e:	20 e0       	ldi	r18, 0x00	; 0
    4390:	3f ef       	ldi	r19, 0xFF	; 255
    4392:	4f e7       	ldi	r20, 0x7F	; 127
    4394:	57 e4       	ldi	r21, 0x47	; 71
    4396:	6b 89       	ldd	r22, Y+19	; 0x13
    4398:	7c 89       	ldd	r23, Y+20	; 0x14
    439a:	8d 89       	ldd	r24, Y+21	; 0x15
    439c:	9e 89       	ldd	r25, Y+22	; 0x16
    439e:	0e 94 cf 28 	call	0x519e	; 0x519e <__gesf2>
    43a2:	18 16       	cp	r1, r24
    43a4:	4c f5       	brge	.+82     	; 0x43f8 <vApplicationStackOverflowHook+0x104>
	{
		//	__ticks = requested delay in 1/10 ms
		__ticks = (uint16_t) (__ms * 10.0);
    43a6:	20 e0       	ldi	r18, 0x00	; 0
    43a8:	30 e0       	ldi	r19, 0x00	; 0
    43aa:	40 e2       	ldi	r20, 0x20	; 32
    43ac:	51 e4       	ldi	r21, 0x41	; 65
    43ae:	69 81       	ldd	r22, Y+1	; 0x01
    43b0:	7a 81       	ldd	r23, Y+2	; 0x02
    43b2:	8b 81       	ldd	r24, Y+3	; 0x03
    43b4:	9c 81       	ldd	r25, Y+4	; 0x04
    43b6:	0e 94 d4 28 	call	0x51a8	; 0x51a8 <__mulsf3>
    43ba:	dc 01       	movw	r26, r24
    43bc:	cb 01       	movw	r24, r22
    43be:	bc 01       	movw	r22, r24
    43c0:	cd 01       	movw	r24, r26
    43c2:	0e 94 ee 27 	call	0x4fdc	; 0x4fdc <__fixunssfsi>
    43c6:	dc 01       	movw	r26, r24
    43c8:	cb 01       	movw	r24, r22
    43ca:	8f 8b       	std	Y+23, r24	; 0x17
    43cc:	98 8f       	std	Y+24, r25	; 0x18
    43ce:	0f c0       	rjmp	.+30     	; 0x43ee <vApplicationStackOverflowHook+0xfa>
    43d0:	80 e2       	ldi	r24, 0x20	; 32
    43d2:	93 e0       	ldi	r25, 0x03	; 3
    43d4:	89 8f       	std	Y+25, r24	; 0x19
    43d6:	9a 8f       	std	Y+26, r25	; 0x1a
    43d8:	89 8d       	ldd	r24, Y+25	; 0x19
    43da:	9a 8d       	ldd	r25, Y+26	; 0x1a
    43dc:	01 97       	sbiw	r24, 0x01	; 1
    43de:	f1 f7       	brne	.-4      	; 0x43dc <vApplicationStackOverflowHook+0xe8>
    43e0:	89 8f       	std	Y+25, r24	; 0x19
    43e2:	9a 8f       	std	Y+26, r25	; 0x1a
		while(__ticks)
		{
			// wait 1/10 ms
			_delay_loop_2(((F_CPU) / 4e3) / 10);
			__ticks --;
    43e4:	8f 89       	ldd	r24, Y+23	; 0x17
    43e6:	98 8d       	ldd	r25, Y+24	; 0x18
    43e8:	01 97       	sbiw	r24, 0x01	; 1
    43ea:	8f 8b       	std	Y+23, r24	; 0x17
    43ec:	98 8f       	std	Y+24, r25	; 0x18
		__ticks = 1;
	else if (__tmp > 65535)
	{
		//	__ticks = requested delay in 1/10 ms
		__ticks = (uint16_t) (__ms * 10.0);
		while(__ticks)
    43ee:	8f 89       	ldd	r24, Y+23	; 0x17
    43f0:	98 8d       	ldd	r25, Y+24	; 0x18
    43f2:	89 2b       	or	r24, r25
    43f4:	69 f7       	brne	.-38     	; 0x43d0 <vApplicationStackOverflowHook+0xdc>
    43f6:	14 c0       	rjmp	.+40     	; 0x4420 <vApplicationStackOverflowHook+0x12c>
			__ticks --;
		}
		return;
	}
	else
		__ticks = (uint16_t)__tmp;
    43f8:	6b 89       	ldd	r22, Y+19	; 0x13
    43fa:	7c 89       	ldd	r23, Y+20	; 0x14
    43fc:	8d 89       	ldd	r24, Y+21	; 0x15
    43fe:	9e 89       	ldd	r25, Y+22	; 0x16
    4400:	0e 94 ee 27 	call	0x4fdc	; 0x4fdc <__fixunssfsi>
    4404:	dc 01       	movw	r26, r24
    4406:	cb 01       	movw	r24, r22
    4408:	8f 8b       	std	Y+23, r24	; 0x17
    440a:	98 8f       	std	Y+24, r25	; 0x18
    440c:	8f 89       	ldd	r24, Y+23	; 0x17
    440e:	98 8d       	ldd	r25, Y+24	; 0x18
    4410:	8b 8f       	std	Y+27, r24	; 0x1b
    4412:	9c 8f       	std	Y+28, r25	; 0x1c
    4414:	8b 8d       	ldd	r24, Y+27	; 0x1b
    4416:	9c 8d       	ldd	r25, Y+28	; 0x1c
    4418:	01 97       	sbiw	r24, 0x01	; 1
    441a:	f1 f7       	brne	.-4      	; 0x4418 <vApplicationStackOverflowHook+0x124>
    441c:	8b 8f       	std	Y+27, r24	; 0x1b
    441e:	9c 8f       	std	Y+28, r25	; 0x1c
		_delay_ms(500);
		CLR_ERR_LED();
    4420:	80 e0       	ldi	r24, 0x00	; 0
    4422:	96 e0       	ldi	r25, 0x06	; 6
    4424:	20 e8       	ldi	r18, 0x80	; 128
    4426:	fc 01       	movw	r30, r24
    4428:	26 83       	std	Z+6, r18	; 0x06
    442a:	80 e0       	ldi	r24, 0x00	; 0
    442c:	90 e0       	ldi	r25, 0x00	; 0
    442e:	aa ef       	ldi	r26, 0xFA	; 250
    4430:	b3 e4       	ldi	r27, 0x43	; 67
    4432:	8d 83       	std	Y+5, r24	; 0x05
    4434:	9e 83       	std	Y+6, r25	; 0x06
    4436:	af 83       	std	Y+7, r26	; 0x07
    4438:	b8 87       	std	Y+8, r27	; 0x08

	__builtin_avr_delay_cycles(__ticks_dc);

#else
	uint16_t __ticks;
	__tmp = ((F_CPU) / 4e3) * __ms;
    443a:	20 e0       	ldi	r18, 0x00	; 0
    443c:	30 e0       	ldi	r19, 0x00	; 0
    443e:	4a ef       	ldi	r20, 0xFA	; 250
    4440:	55 e4       	ldi	r21, 0x45	; 69
    4442:	6d 81       	ldd	r22, Y+5	; 0x05
    4444:	7e 81       	ldd	r23, Y+6	; 0x06
    4446:	8f 81       	ldd	r24, Y+7	; 0x07
    4448:	98 85       	ldd	r25, Y+8	; 0x08
    444a:	0e 94 d4 28 	call	0x51a8	; 0x51a8 <__mulsf3>
    444e:	dc 01       	movw	r26, r24
    4450:	cb 01       	movw	r24, r22
    4452:	89 87       	std	Y+9, r24	; 0x09
    4454:	9a 87       	std	Y+10, r25	; 0x0a
    4456:	ab 87       	std	Y+11, r26	; 0x0b
    4458:	bc 87       	std	Y+12, r27	; 0x0c
	if (__tmp < 1.0)
    445a:	20 e0       	ldi	r18, 0x00	; 0
    445c:	30 e0       	ldi	r19, 0x00	; 0
    445e:	40 e8       	ldi	r20, 0x80	; 128
    4460:	5f e3       	ldi	r21, 0x3F	; 63
    4462:	69 85       	ldd	r22, Y+9	; 0x09
    4464:	7a 85       	ldd	r23, Y+10	; 0x0a
    4466:	8b 85       	ldd	r24, Y+11	; 0x0b
    4468:	9c 85       	ldd	r25, Y+12	; 0x0c
    446a:	0e 94 77 27 	call	0x4eee	; 0x4eee <__cmpsf2>
    446e:	88 23       	and	r24, r24
    4470:	2c f4       	brge	.+10     	; 0x447c <vApplicationStackOverflowHook+0x188>
		__ticks = 1;
    4472:	81 e0       	ldi	r24, 0x01	; 1
    4474:	90 e0       	ldi	r25, 0x00	; 0
    4476:	8d 87       	std	Y+13, r24	; 0x0d
    4478:	9e 87       	std	Y+14, r25	; 0x0e
    447a:	3f c0       	rjmp	.+126    	; 0x44fa <vApplicationStackOverflowHook+0x206>
	else if (__tmp > 65535)
    447c:	20 e0       	ldi	r18, 0x00	; 0
    447e:	3f ef       	ldi	r19, 0xFF	; 255
    4480:	4f e7       	ldi	r20, 0x7F	; 127
    4482:	57 e4       	ldi	r21, 0x47	; 71
    4484:	69 85       	ldd	r22, Y+9	; 0x09
    4486:	7a 85       	ldd	r23, Y+10	; 0x0a
    4488:	8b 85       	ldd	r24, Y+11	; 0x0b
    448a:	9c 85       	ldd	r25, Y+12	; 0x0c
    448c:	0e 94 cf 28 	call	0x519e	; 0x519e <__gesf2>
    4490:	18 16       	cp	r1, r24
    4492:	4c f5       	brge	.+82     	; 0x44e6 <vApplicationStackOverflowHook+0x1f2>
	{
		//	__ticks = requested delay in 1/10 ms
		__ticks = (uint16_t) (__ms * 10.0);
    4494:	20 e0       	ldi	r18, 0x00	; 0
    4496:	30 e0       	ldi	r19, 0x00	; 0
    4498:	40 e2       	ldi	r20, 0x20	; 32
    449a:	51 e4       	ldi	r21, 0x41	; 65
    449c:	6d 81       	ldd	r22, Y+5	; 0x05
    449e:	7e 81       	ldd	r23, Y+6	; 0x06
    44a0:	8f 81       	ldd	r24, Y+7	; 0x07
    44a2:	98 85       	ldd	r25, Y+8	; 0x08
    44a4:	0e 94 d4 28 	call	0x51a8	; 0x51a8 <__mulsf3>
    44a8:	dc 01       	movw	r26, r24
    44aa:	cb 01       	movw	r24, r22
    44ac:	bc 01       	movw	r22, r24
    44ae:	cd 01       	movw	r24, r26
    44b0:	0e 94 ee 27 	call	0x4fdc	; 0x4fdc <__fixunssfsi>
    44b4:	dc 01       	movw	r26, r24
    44b6:	cb 01       	movw	r24, r22
    44b8:	8d 87       	std	Y+13, r24	; 0x0d
    44ba:	9e 87       	std	Y+14, r25	; 0x0e
    44bc:	0f c0       	rjmp	.+30     	; 0x44dc <vApplicationStackOverflowHook+0x1e8>
    44be:	80 e2       	ldi	r24, 0x20	; 32
    44c0:	93 e0       	ldi	r25, 0x03	; 3
    44c2:	8f 87       	std	Y+15, r24	; 0x0f
    44c4:	98 8b       	std	Y+16, r25	; 0x10
    44c6:	8f 85       	ldd	r24, Y+15	; 0x0f
    44c8:	98 89       	ldd	r25, Y+16	; 0x10
    44ca:	01 97       	sbiw	r24, 0x01	; 1
    44cc:	f1 f7       	brne	.-4      	; 0x44ca <vApplicationStackOverflowHook+0x1d6>
    44ce:	8f 87       	std	Y+15, r24	; 0x0f
    44d0:	98 8b       	std	Y+16, r25	; 0x10
		while(__ticks)
		{
			// wait 1/10 ms
			_delay_loop_2(((F_CPU) / 4e3) / 10);
			__ticks --;
    44d2:	8d 85       	ldd	r24, Y+13	; 0x0d
    44d4:	9e 85       	ldd	r25, Y+14	; 0x0e
    44d6:	01 97       	sbiw	r24, 0x01	; 1
    44d8:	8d 87       	std	Y+13, r24	; 0x0d
    44da:	9e 87       	std	Y+14, r25	; 0x0e
		__ticks = 1;
	else if (__tmp > 65535)
	{
		//	__ticks = requested delay in 1/10 ms
		__ticks = (uint16_t) (__ms * 10.0);
		while(__ticks)
    44dc:	8d 85       	ldd	r24, Y+13	; 0x0d
    44de:	9e 85       	ldd	r25, Y+14	; 0x0e
    44e0:	89 2b       	or	r24, r25
    44e2:	69 f7       	brne	.-38     	; 0x44be <vApplicationStackOverflowHook+0x1ca>
    44e4:	14 c0       	rjmp	.+40     	; 0x450e <vApplicationStackOverflowHook+0x21a>
			__ticks --;
		}
		return;
	}
	else
		__ticks = (uint16_t)__tmp;
    44e6:	69 85       	ldd	r22, Y+9	; 0x09
    44e8:	7a 85       	ldd	r23, Y+10	; 0x0a
    44ea:	8b 85       	ldd	r24, Y+11	; 0x0b
    44ec:	9c 85       	ldd	r25, Y+12	; 0x0c
    44ee:	0e 94 ee 27 	call	0x4fdc	; 0x4fdc <__fixunssfsi>
    44f2:	dc 01       	movw	r26, r24
    44f4:	cb 01       	movw	r24, r22
    44f6:	8d 87       	std	Y+13, r24	; 0x0d
    44f8:	9e 87       	std	Y+14, r25	; 0x0e
    44fa:	8d 85       	ldd	r24, Y+13	; 0x0d
    44fc:	9e 85       	ldd	r25, Y+14	; 0x0e
    44fe:	89 8b       	std	Y+17, r24	; 0x11
    4500:	9a 8b       	std	Y+18, r25	; 0x12
    4502:	89 89       	ldd	r24, Y+17	; 0x11
    4504:	9a 89       	ldd	r25, Y+18	; 0x12
    4506:	01 97       	sbiw	r24, 0x01	; 1
    4508:	f1 f7       	brne	.-4      	; 0x4506 <vApplicationStackOverflowHook+0x212>
    450a:	89 8b       	std	Y+17, r24	; 0x11
    450c:	9a 8b       	std	Y+18, r25	; 0x12
		_delay_ms(500);
	}
    450e:	11 cf       	rjmp	.-478    	; 0x4332 <vApplicationStackOverflowHook+0x3e>

00004510 <vAssertCalled>:
}

void vAssertCalled( char *File, int Line)
{
    4510:	cf 93       	push	r28
    4512:	df 93       	push	r29
    4514:	cd b7       	in	r28, 0x3d	; 61
    4516:	de b7       	in	r29, 0x3e	; 62
    4518:	a0 97       	sbiw	r28, 0x20	; 32
    451a:	cd bf       	out	0x3d, r28	; 61
    451c:	de bf       	out	0x3e, r29	; 62
    451e:	8d 8f       	std	Y+29, r24	; 0x1d
    4520:	9e 8f       	std	Y+30, r25	; 0x1e
    4522:	6f 8f       	std	Y+31, r22	; 0x1f
    4524:	78 a3       	std	Y+32, r23	; 0x20
	taskDISABLE_INTERRUPTS();	
    4526:	f8 94       	cli
	CFG_ERR_LED();
    4528:	80 e0       	ldi	r24, 0x00	; 0
    452a:	96 e0       	ldi	r25, 0x06	; 6
    452c:	20 e8       	ldi	r18, 0x80	; 128
    452e:	fc 01       	movw	r30, r24
    4530:	21 83       	std	Z+1, r18	; 0x01
	DbgPrint("Assert in file ");
    4532:	8b ea       	ldi	r24, 0xAB	; 171
    4534:	90 e2       	ldi	r25, 0x20	; 32
    4536:	0e 94 5d 02 	call	0x4ba	; 0x4ba <DbgPrint>
	DbgPrintn(File,100);
    453a:	8d 8d       	ldd	r24, Y+29	; 0x1d
    453c:	9e 8d       	ldd	r25, Y+30	; 0x1e
    453e:	64 e6       	ldi	r22, 0x64	; 100
    4540:	70 e0       	ldi	r23, 0x00	; 0
    4542:	0e 94 71 02 	call	0x4e2	; 0x4e2 <DbgPrintn>
	DbgPrint(", line nr ");
    4546:	8b eb       	ldi	r24, 0xBB	; 187
    4548:	90 e2       	ldi	r25, 0x20	; 32
    454a:	0e 94 5d 02 	call	0x4ba	; 0x4ba <DbgPrint>
	DbgPrintInt(Line);
    454e:	8f 8d       	ldd	r24, Y+31	; 0x1f
    4550:	98 a1       	ldd	r25, Y+32	; 0x20
    4552:	0e 94 c0 02 	call	0x580	; 0x580 <DbgPrintInt>
	DbgPrint("\r\n");
    4556:	88 ea       	ldi	r24, 0xA8	; 168
    4558:	90 e2       	ldi	r25, 0x20	; 32
    455a:	0e 94 5d 02 	call	0x4ba	; 0x4ba <DbgPrint>

	while (1)
	{
		SET_ERR_LED();
    455e:	80 e0       	ldi	r24, 0x00	; 0
    4560:	96 e0       	ldi	r25, 0x06	; 6
    4562:	20 e8       	ldi	r18, 0x80	; 128
    4564:	fc 01       	movw	r30, r24
    4566:	25 83       	std	Z+5, r18	; 0x05
    4568:	80 e0       	ldi	r24, 0x00	; 0
    456a:	90 e0       	ldi	r25, 0x00	; 0
    456c:	a8 ec       	ldi	r26, 0xC8	; 200
    456e:	b2 e4       	ldi	r27, 0x42	; 66
    4570:	89 83       	std	Y+1, r24	; 0x01
    4572:	9a 83       	std	Y+2, r25	; 0x02
    4574:	ab 83       	std	Y+3, r26	; 0x03
    4576:	bc 83       	std	Y+4, r27	; 0x04

	__builtin_avr_delay_cycles(__ticks_dc);

#else
	uint16_t __ticks;
	__tmp = ((F_CPU) / 4e3) * __ms;
    4578:	20 e0       	ldi	r18, 0x00	; 0
    457a:	30 e0       	ldi	r19, 0x00	; 0
    457c:	4a ef       	ldi	r20, 0xFA	; 250
    457e:	55 e4       	ldi	r21, 0x45	; 69
    4580:	69 81       	ldd	r22, Y+1	; 0x01
    4582:	7a 81       	ldd	r23, Y+2	; 0x02
    4584:	8b 81       	ldd	r24, Y+3	; 0x03
    4586:	9c 81       	ldd	r25, Y+4	; 0x04
    4588:	0e 94 d4 28 	call	0x51a8	; 0x51a8 <__mulsf3>
    458c:	dc 01       	movw	r26, r24
    458e:	cb 01       	movw	r24, r22
    4590:	8b 8b       	std	Y+19, r24	; 0x13
    4592:	9c 8b       	std	Y+20, r25	; 0x14
    4594:	ad 8b       	std	Y+21, r26	; 0x15
    4596:	be 8b       	std	Y+22, r27	; 0x16
	if (__tmp < 1.0)
    4598:	20 e0       	ldi	r18, 0x00	; 0
    459a:	30 e0       	ldi	r19, 0x00	; 0
    459c:	40 e8       	ldi	r20, 0x80	; 128
    459e:	5f e3       	ldi	r21, 0x3F	; 63
    45a0:	6b 89       	ldd	r22, Y+19	; 0x13
    45a2:	7c 89       	ldd	r23, Y+20	; 0x14
    45a4:	8d 89       	ldd	r24, Y+21	; 0x15
    45a6:	9e 89       	ldd	r25, Y+22	; 0x16
    45a8:	0e 94 77 27 	call	0x4eee	; 0x4eee <__cmpsf2>
    45ac:	88 23       	and	r24, r24
    45ae:	2c f4       	brge	.+10     	; 0x45ba <vAssertCalled+0xaa>
		__ticks = 1;
    45b0:	81 e0       	ldi	r24, 0x01	; 1
    45b2:	90 e0       	ldi	r25, 0x00	; 0
    45b4:	8f 8b       	std	Y+23, r24	; 0x17
    45b6:	98 8f       	std	Y+24, r25	; 0x18
    45b8:	3f c0       	rjmp	.+126    	; 0x4638 <vAssertCalled+0x128>
	else if (__tmp > 65535)
    45ba:	20 e0       	ldi	r18, 0x00	; 0
    45bc:	3f ef       	ldi	r19, 0xFF	; 255
    45be:	4f e7       	ldi	r20, 0x7F	; 127
    45c0:	57 e4       	ldi	r21, 0x47	; 71
    45c2:	6b 89       	ldd	r22, Y+19	; 0x13
    45c4:	7c 89       	ldd	r23, Y+20	; 0x14
    45c6:	8d 89       	ldd	r24, Y+21	; 0x15
    45c8:	9e 89       	ldd	r25, Y+22	; 0x16
    45ca:	0e 94 cf 28 	call	0x519e	; 0x519e <__gesf2>
    45ce:	18 16       	cp	r1, r24
    45d0:	4c f5       	brge	.+82     	; 0x4624 <vAssertCalled+0x114>
	{
		//	__ticks = requested delay in 1/10 ms
		__ticks = (uint16_t) (__ms * 10.0);
    45d2:	20 e0       	ldi	r18, 0x00	; 0
    45d4:	30 e0       	ldi	r19, 0x00	; 0
    45d6:	40 e2       	ldi	r20, 0x20	; 32
    45d8:	51 e4       	ldi	r21, 0x41	; 65
    45da:	69 81       	ldd	r22, Y+1	; 0x01
    45dc:	7a 81       	ldd	r23, Y+2	; 0x02
    45de:	8b 81       	ldd	r24, Y+3	; 0x03
    45e0:	9c 81       	ldd	r25, Y+4	; 0x04
    45e2:	0e 94 d4 28 	call	0x51a8	; 0x51a8 <__mulsf3>
    45e6:	dc 01       	movw	r26, r24
    45e8:	cb 01       	movw	r24, r22
    45ea:	bc 01       	movw	r22, r24
    45ec:	cd 01       	movw	r24, r26
    45ee:	0e 94 ee 27 	call	0x4fdc	; 0x4fdc <__fixunssfsi>
    45f2:	dc 01       	movw	r26, r24
    45f4:	cb 01       	movw	r24, r22
    45f6:	8f 8b       	std	Y+23, r24	; 0x17
    45f8:	98 8f       	std	Y+24, r25	; 0x18
    45fa:	0f c0       	rjmp	.+30     	; 0x461a <vAssertCalled+0x10a>
    45fc:	80 e2       	ldi	r24, 0x20	; 32
    45fe:	93 e0       	ldi	r25, 0x03	; 3
    4600:	89 8f       	std	Y+25, r24	; 0x19
    4602:	9a 8f       	std	Y+26, r25	; 0x1a
    4604:	89 8d       	ldd	r24, Y+25	; 0x19
    4606:	9a 8d       	ldd	r25, Y+26	; 0x1a
    4608:	01 97       	sbiw	r24, 0x01	; 1
    460a:	f1 f7       	brne	.-4      	; 0x4608 <vAssertCalled+0xf8>
    460c:	89 8f       	std	Y+25, r24	; 0x19
    460e:	9a 8f       	std	Y+26, r25	; 0x1a
		while(__ticks)
		{
			// wait 1/10 ms
			_delay_loop_2(((F_CPU) / 4e3) / 10);
			__ticks --;
    4610:	8f 89       	ldd	r24, Y+23	; 0x17
    4612:	98 8d       	ldd	r25, Y+24	; 0x18
    4614:	01 97       	sbiw	r24, 0x01	; 1
    4616:	8f 8b       	std	Y+23, r24	; 0x17
    4618:	98 8f       	std	Y+24, r25	; 0x18
		__ticks = 1;
	else if (__tmp > 65535)
	{
		//	__ticks = requested delay in 1/10 ms
		__ticks = (uint16_t) (__ms * 10.0);
		while(__ticks)
    461a:	8f 89       	ldd	r24, Y+23	; 0x17
    461c:	98 8d       	ldd	r25, Y+24	; 0x18
    461e:	89 2b       	or	r24, r25
    4620:	69 f7       	brne	.-38     	; 0x45fc <vAssertCalled+0xec>
    4622:	14 c0       	rjmp	.+40     	; 0x464c <vAssertCalled+0x13c>
			__ticks --;
		}
		return;
	}
	else
		__ticks = (uint16_t)__tmp;
    4624:	6b 89       	ldd	r22, Y+19	; 0x13
    4626:	7c 89       	ldd	r23, Y+20	; 0x14
    4628:	8d 89       	ldd	r24, Y+21	; 0x15
    462a:	9e 89       	ldd	r25, Y+22	; 0x16
    462c:	0e 94 ee 27 	call	0x4fdc	; 0x4fdc <__fixunssfsi>
    4630:	dc 01       	movw	r26, r24
    4632:	cb 01       	movw	r24, r22
    4634:	8f 8b       	std	Y+23, r24	; 0x17
    4636:	98 8f       	std	Y+24, r25	; 0x18
    4638:	8f 89       	ldd	r24, Y+23	; 0x17
    463a:	98 8d       	ldd	r25, Y+24	; 0x18
    463c:	8b 8f       	std	Y+27, r24	; 0x1b
    463e:	9c 8f       	std	Y+28, r25	; 0x1c
    4640:	8b 8d       	ldd	r24, Y+27	; 0x1b
    4642:	9c 8d       	ldd	r25, Y+28	; 0x1c
    4644:	01 97       	sbiw	r24, 0x01	; 1
    4646:	f1 f7       	brne	.-4      	; 0x4644 <vAssertCalled+0x134>
    4648:	8b 8f       	std	Y+27, r24	; 0x1b
    464a:	9c 8f       	std	Y+28, r25	; 0x1c
		_delay_ms(100);
		CLR_ERR_LED();
    464c:	80 e0       	ldi	r24, 0x00	; 0
    464e:	96 e0       	ldi	r25, 0x06	; 6
    4650:	20 e8       	ldi	r18, 0x80	; 128
    4652:	fc 01       	movw	r30, r24
    4654:	26 83       	std	Z+6, r18	; 0x06
    4656:	80 e0       	ldi	r24, 0x00	; 0
    4658:	90 e0       	ldi	r25, 0x00	; 0
    465a:	aa ef       	ldi	r26, 0xFA	; 250
    465c:	b3 e4       	ldi	r27, 0x43	; 67
    465e:	8d 83       	std	Y+5, r24	; 0x05
    4660:	9e 83       	std	Y+6, r25	; 0x06
    4662:	af 83       	std	Y+7, r26	; 0x07
    4664:	b8 87       	std	Y+8, r27	; 0x08

	__builtin_avr_delay_cycles(__ticks_dc);

#else
	uint16_t __ticks;
	__tmp = ((F_CPU) / 4e3) * __ms;
    4666:	20 e0       	ldi	r18, 0x00	; 0
    4668:	30 e0       	ldi	r19, 0x00	; 0
    466a:	4a ef       	ldi	r20, 0xFA	; 250
    466c:	55 e4       	ldi	r21, 0x45	; 69
    466e:	6d 81       	ldd	r22, Y+5	; 0x05
    4670:	7e 81       	ldd	r23, Y+6	; 0x06
    4672:	8f 81       	ldd	r24, Y+7	; 0x07
    4674:	98 85       	ldd	r25, Y+8	; 0x08
    4676:	0e 94 d4 28 	call	0x51a8	; 0x51a8 <__mulsf3>
    467a:	dc 01       	movw	r26, r24
    467c:	cb 01       	movw	r24, r22
    467e:	89 87       	std	Y+9, r24	; 0x09
    4680:	9a 87       	std	Y+10, r25	; 0x0a
    4682:	ab 87       	std	Y+11, r26	; 0x0b
    4684:	bc 87       	std	Y+12, r27	; 0x0c
	if (__tmp < 1.0)
    4686:	20 e0       	ldi	r18, 0x00	; 0
    4688:	30 e0       	ldi	r19, 0x00	; 0
    468a:	40 e8       	ldi	r20, 0x80	; 128
    468c:	5f e3       	ldi	r21, 0x3F	; 63
    468e:	69 85       	ldd	r22, Y+9	; 0x09
    4690:	7a 85       	ldd	r23, Y+10	; 0x0a
    4692:	8b 85       	ldd	r24, Y+11	; 0x0b
    4694:	9c 85       	ldd	r25, Y+12	; 0x0c
    4696:	0e 94 77 27 	call	0x4eee	; 0x4eee <__cmpsf2>
    469a:	88 23       	and	r24, r24
    469c:	2c f4       	brge	.+10     	; 0x46a8 <vAssertCalled+0x198>
		__ticks = 1;
    469e:	81 e0       	ldi	r24, 0x01	; 1
    46a0:	90 e0       	ldi	r25, 0x00	; 0
    46a2:	8d 87       	std	Y+13, r24	; 0x0d
    46a4:	9e 87       	std	Y+14, r25	; 0x0e
    46a6:	3f c0       	rjmp	.+126    	; 0x4726 <vAssertCalled+0x216>
	else if (__tmp > 65535)
    46a8:	20 e0       	ldi	r18, 0x00	; 0
    46aa:	3f ef       	ldi	r19, 0xFF	; 255
    46ac:	4f e7       	ldi	r20, 0x7F	; 127
    46ae:	57 e4       	ldi	r21, 0x47	; 71
    46b0:	69 85       	ldd	r22, Y+9	; 0x09
    46b2:	7a 85       	ldd	r23, Y+10	; 0x0a
    46b4:	8b 85       	ldd	r24, Y+11	; 0x0b
    46b6:	9c 85       	ldd	r25, Y+12	; 0x0c
    46b8:	0e 94 cf 28 	call	0x519e	; 0x519e <__gesf2>
    46bc:	18 16       	cp	r1, r24
    46be:	4c f5       	brge	.+82     	; 0x4712 <vAssertCalled+0x202>
	{
		//	__ticks = requested delay in 1/10 ms
		__ticks = (uint16_t) (__ms * 10.0);
    46c0:	20 e0       	ldi	r18, 0x00	; 0
    46c2:	30 e0       	ldi	r19, 0x00	; 0
    46c4:	40 e2       	ldi	r20, 0x20	; 32
    46c6:	51 e4       	ldi	r21, 0x41	; 65
    46c8:	6d 81       	ldd	r22, Y+5	; 0x05
    46ca:	7e 81       	ldd	r23, Y+6	; 0x06
    46cc:	8f 81       	ldd	r24, Y+7	; 0x07
    46ce:	98 85       	ldd	r25, Y+8	; 0x08
    46d0:	0e 94 d4 28 	call	0x51a8	; 0x51a8 <__mulsf3>
    46d4:	dc 01       	movw	r26, r24
    46d6:	cb 01       	movw	r24, r22
    46d8:	bc 01       	movw	r22, r24
    46da:	cd 01       	movw	r24, r26
    46dc:	0e 94 ee 27 	call	0x4fdc	; 0x4fdc <__fixunssfsi>
    46e0:	dc 01       	movw	r26, r24
    46e2:	cb 01       	movw	r24, r22
    46e4:	8d 87       	std	Y+13, r24	; 0x0d
    46e6:	9e 87       	std	Y+14, r25	; 0x0e
    46e8:	0f c0       	rjmp	.+30     	; 0x4708 <vAssertCalled+0x1f8>
    46ea:	80 e2       	ldi	r24, 0x20	; 32
    46ec:	93 e0       	ldi	r25, 0x03	; 3
    46ee:	8f 87       	std	Y+15, r24	; 0x0f
    46f0:	98 8b       	std	Y+16, r25	; 0x10
    46f2:	8f 85       	ldd	r24, Y+15	; 0x0f
    46f4:	98 89       	ldd	r25, Y+16	; 0x10
    46f6:	01 97       	sbiw	r24, 0x01	; 1
    46f8:	f1 f7       	brne	.-4      	; 0x46f6 <vAssertCalled+0x1e6>
    46fa:	8f 87       	std	Y+15, r24	; 0x0f
    46fc:	98 8b       	std	Y+16, r25	; 0x10
		while(__ticks)
		{
			// wait 1/10 ms
			_delay_loop_2(((F_CPU) / 4e3) / 10);
			__ticks --;
    46fe:	8d 85       	ldd	r24, Y+13	; 0x0d
    4700:	9e 85       	ldd	r25, Y+14	; 0x0e
    4702:	01 97       	sbiw	r24, 0x01	; 1
    4704:	8d 87       	std	Y+13, r24	; 0x0d
    4706:	9e 87       	std	Y+14, r25	; 0x0e
		__ticks = 1;
	else if (__tmp > 65535)
	{
		//	__ticks = requested delay in 1/10 ms
		__ticks = (uint16_t) (__ms * 10.0);
		while(__ticks)
    4708:	8d 85       	ldd	r24, Y+13	; 0x0d
    470a:	9e 85       	ldd	r25, Y+14	; 0x0e
    470c:	89 2b       	or	r24, r25
    470e:	69 f7       	brne	.-38     	; 0x46ea <vAssertCalled+0x1da>
    4710:	14 c0       	rjmp	.+40     	; 0x473a <vAssertCalled+0x22a>
			__ticks --;
		}
		return;
	}
	else
		__ticks = (uint16_t)__tmp;
    4712:	69 85       	ldd	r22, Y+9	; 0x09
    4714:	7a 85       	ldd	r23, Y+10	; 0x0a
    4716:	8b 85       	ldd	r24, Y+11	; 0x0b
    4718:	9c 85       	ldd	r25, Y+12	; 0x0c
    471a:	0e 94 ee 27 	call	0x4fdc	; 0x4fdc <__fixunssfsi>
    471e:	dc 01       	movw	r26, r24
    4720:	cb 01       	movw	r24, r22
    4722:	8d 87       	std	Y+13, r24	; 0x0d
    4724:	9e 87       	std	Y+14, r25	; 0x0e
    4726:	8d 85       	ldd	r24, Y+13	; 0x0d
    4728:	9e 85       	ldd	r25, Y+14	; 0x0e
    472a:	89 8b       	std	Y+17, r24	; 0x11
    472c:	9a 8b       	std	Y+18, r25	; 0x12
    472e:	89 89       	ldd	r24, Y+17	; 0x11
    4730:	9a 89       	ldd	r25, Y+18	; 0x12
    4732:	01 97       	sbiw	r24, 0x01	; 1
    4734:	f1 f7       	brne	.-4      	; 0x4732 <vAssertCalled+0x222>
    4736:	89 8b       	std	Y+17, r24	; 0x11
    4738:	9a 8b       	std	Y+18, r25	; 0x12
		_delay_ms(500);
	}
    473a:	11 cf       	rjmp	.-478    	; 0x455e <vAssertCalled+0x4e>

0000473c <initDrivers>:
#include <stdio.h>
#include <stdlib.h>

uint8_t *ucHeap;

int initDrivers(void) { 		// Initialize all hardware drivers
    473c:	cf 93       	push	r28
    473e:	df 93       	push	r29
    4740:	cd b7       	in	r28, 0x3d	; 61
    4742:	de b7       	in	r29, 0x3e	; 62
	DriverSysClkXtalInit();		// Clock init
    4744:	0e 94 54 05 	call	0xaa8	; 0xaa8 <DriverSysClkXtalInit>
	DriverUSARTInit();			// USART init and link to stdio
    4748:	0e 94 c7 06 	call	0xd8e	; 0xd8e <DriverUSARTInit>
	DriverTWIMInit();			// Initialize TWI in master mode
    474c:	0e 94 6f 05 	call	0xade	; 0xade <DriverTWIMInit>
	DriverCursorstickInit();	// Initialize cursor stick
    4750:	0e 94 f7 01 	call	0x3ee	; 0x3ee <DriverCursorstickInit>
	DriverLedInit();			// Initialize LED's
    4754:	0e 94 52 03 	call	0x6a4	; 0x6a4 <DriverLedInit>
	DriverPowerInit();			// Initialize aux power driver
    4758:	0e 94 2e 05 	call	0xa5c	; 0xa5c <DriverPowerInit>
	DriverAdcInit();			// Initialize ADC driver
    475c:	0e 94 ef 01 	call	0x3de	; 0x3de <DriverAdcInit>
	DriverPowerVccAuxSet(1);	// Enable Auxillary power line
    4760:	81 e0       	ldi	r24, 0x01	; 1
    4762:	0e 94 3b 05 	call	0xa76	; 0xa76 <DriverPowerVccAuxSet>
	return 0;
    4766:	80 e0       	ldi	r24, 0x00	; 0
    4768:	90 e0       	ldi	r25, 0x00	; 0
}
    476a:	df 91       	pop	r29
    476c:	cf 91       	pop	r28
    476e:	08 95       	ret

00004770 <initTasks>:

int initTasks(void) {			// Initialize all FreeRTOS tasks
    4770:	cf 93       	push	r28
    4772:	df 93       	push	r29
    4774:	cd b7       	in	r28, 0x3d	; 61
    4776:	de b7       	in	r29, 0x3e	; 62
	InitRunningLightTask();		// Initialize running light task
    4778:	0e 94 af 24 	call	0x495e	; 0x495e <InitRunningLightTask>
	InitTerminalTask();			// Initialize terminal task
    477c:	0e 94 81 25 	call	0x4b02	; 0x4b02 <InitTerminalTask>
	InitCursorstickTask();		// Initialize cursorstick FIFO queue task
    4780:	0e 94 eb 23 	call	0x47d6	; 0x47d6 <InitCursorstickTask>
	return 0;
    4784:	80 e0       	ldi	r24, 0x00	; 0
    4786:	90 e0       	ldi	r25, 0x00	; 0
}
    4788:	df 91       	pop	r29
    478a:	cf 91       	pop	r28
    478c:	08 95       	ret

0000478e <main>:

int main(void) {
    478e:	cf 93       	push	r28
    4790:	df 93       	push	r29
    4792:	cd b7       	in	r28, 0x3d	; 61
    4794:	de b7       	in	r29, 0x3e	; 62
	// Allocate FreeRTOS heap
	ucHeap=malloc(configTOTAL_HEAP_SIZE);
    4796:	80 e0       	ldi	r24, 0x00	; 0
    4798:	90 e4       	ldi	r25, 0x40	; 64
    479a:	0e 94 bf 2e 	call	0x5d7e	; 0x5d7e <malloc>
    479e:	80 93 3c 23 	sts	0x233C, r24	; 0x80233c <ucHeap>
    47a2:	90 93 3d 23 	sts	0x233D, r25	; 0x80233d <ucHeap+0x1>
	if (ucHeap==NULL) while(1);
    47a6:	80 91 3c 23 	lds	r24, 0x233C	; 0x80233c <ucHeap>
    47aa:	90 91 3d 23 	lds	r25, 0x233D	; 0x80233d <ucHeap+0x1>
    47ae:	89 2b       	or	r24, r25
    47b0:	09 f4       	brne	.+2      	; 0x47b4 <main+0x26>
    47b2:	ff cf       	rjmp	.-2      	; 0x47b2 <main+0x24>

	// Enable interrupts
	PMIC.CTRL=0b111;		
    47b4:	80 ea       	ldi	r24, 0xA0	; 160
    47b6:	90 e0       	ldi	r25, 0x00	; 0
    47b8:	27 e0       	ldi	r18, 0x07	; 7
    47ba:	fc 01       	movw	r30, r24
    47bc:	22 83       	std	Z+2, r18	; 0x02
	sei();
    47be:	78 94       	sei

	initDrivers();
    47c0:	0e 94 9e 23 	call	0x473c	; 0x473c <initDrivers>
	initTasks();
    47c4:	0e 94 b8 23 	call	0x4770	; 0x4770 <initTasks>

	vTaskStartScheduler();		// Start scheduler loop
    47c8:	0e 94 93 16 	call	0x2d26	; 0x2d26 <vTaskStartScheduler>
	return 0;
    47cc:	80 e0       	ldi	r24, 0x00	; 0
    47ce:	90 e0       	ldi	r25, 0x00	; 0
    47d0:	df 91       	pop	r29
    47d2:	cf 91       	pop	r28
    47d4:	08 95       	ret

000047d6 <InitCursorstickTask>:
#define QUEUE_LENGTH 5

static QueueHandle_t cursorstickQueue;
static void WorkerCursorstick(void *pvParameters);

void InitCursorstickTask(void) {
    47d6:	ef 92       	push	r14
    47d8:	ff 92       	push	r15
    47da:	0f 93       	push	r16
    47dc:	cf 93       	push	r28
    47de:	df 93       	push	r29
    47e0:	cd b7       	in	r28, 0x3d	; 61
    47e2:	de b7       	in	r29, 0x3e	; 62
    cursorstickQueue = xQueueCreate(QUEUE_LENGTH, sizeof(uint8_t));
    47e4:	40 e0       	ldi	r20, 0x00	; 0
    47e6:	61 e0       	ldi	r22, 0x01	; 1
    47e8:	85 e0       	ldi	r24, 0x05	; 5
    47ea:	0e 94 14 10 	call	0x2028	; 0x2028 <xQueueGenericCreate>
    47ee:	80 93 35 23 	sts	0x2335, r24	; 0x802335 <cursorstickQueue>
    47f2:	90 93 36 23 	sts	0x2336, r25	; 0x802336 <cursorstickQueue+0x1>
    xTaskCreate(WorkerCursorstick, "CursorStick", configMINIMAL_STACK_SIZE, NULL, tskIDLE_PRIORITY + 2, NULL);
    47f6:	e1 2c       	mov	r14, r1
    47f8:	f1 2c       	mov	r15, r1
    47fa:	02 e0       	ldi	r16, 0x02	; 2
    47fc:	20 e0       	ldi	r18, 0x00	; 0
    47fe:	30 e0       	ldi	r19, 0x00	; 0
    4800:	40 e0       	ldi	r20, 0x00	; 0
    4802:	51 e0       	ldi	r21, 0x01	; 1
    4804:	66 ec       	ldi	r22, 0xC6	; 198
    4806:	70 e2       	ldi	r23, 0x20	; 32
    4808:	8c e2       	ldi	r24, 0x2C	; 44
    480a:	94 e2       	ldi	r25, 0x24	; 36
    480c:	0e 94 09 14 	call	0x2812	; 0x2812 <xTaskCreate>
}
    4810:	00 00       	nop
    4812:	df 91       	pop	r29
    4814:	cf 91       	pop	r28
    4816:	0f 91       	pop	r16
    4818:	ff 90       	pop	r15
    481a:	ef 90       	pop	r14
    481c:	08 95       	ret

0000481e <CursorstickGetAction>:

uint8_t CursorstickGetAction(uint8_t *action) {
    481e:	cf 93       	push	r28
    4820:	df 93       	push	r29
    4822:	1f 92       	push	r1
    4824:	1f 92       	push	r1
    4826:	cd b7       	in	r28, 0x3d	; 61
    4828:	de b7       	in	r29, 0x3e	; 62
    482a:	89 83       	std	Y+1, r24	; 0x01
    482c:	9a 83       	std	Y+2, r25	; 0x02
    return xQueueReceive(cursorstickQueue, action, 0) == pdTRUE ? 1 : 0;
    482e:	80 91 35 23 	lds	r24, 0x2335	; 0x802335 <cursorstickQueue>
    4832:	90 91 36 23 	lds	r25, 0x2336	; 0x802336 <cursorstickQueue+0x1>
    4836:	29 81       	ldd	r18, Y+1	; 0x01
    4838:	3a 81       	ldd	r19, Y+2	; 0x02
    483a:	40 e0       	ldi	r20, 0x00	; 0
    483c:	50 e0       	ldi	r21, 0x00	; 0
    483e:	b9 01       	movw	r22, r18
    4840:	0e 94 88 11 	call	0x2310	; 0x2310 <xQueueReceive>
    4844:	98 2f       	mov	r25, r24
    4846:	81 e0       	ldi	r24, 0x01	; 1
    4848:	91 30       	cpi	r25, 0x01	; 1
    484a:	09 f0       	breq	.+2      	; 0x484e <CursorstickGetAction+0x30>
    484c:	80 e0       	ldi	r24, 0x00	; 0
}
    484e:	0f 90       	pop	r0
    4850:	0f 90       	pop	r0
    4852:	df 91       	pop	r29
    4854:	cf 91       	pop	r28
    4856:	08 95       	ret

00004858 <WorkerCursorstick>:

static void WorkerCursorstick(void *pvParameters) {
    4858:	cf 93       	push	r28
    485a:	df 93       	push	r29
    485c:	cd b7       	in	r28, 0x3d	; 61
    485e:	de b7       	in	r29, 0x3e	; 62
    4860:	2a 97       	sbiw	r28, 0x0a	; 10
    4862:	cd bf       	out	0x3d, r28	; 61
    4864:	de bf       	out	0x3e, r29	; 62
    4866:	89 87       	std	Y+9, r24	; 0x09
    4868:	9a 87       	std	Y+10, r25	; 0x0a
    uint8_t prevState = 0;
    486a:	19 82       	std	Y+1, r1	; 0x01

    while (1) {
        uint8_t currentState = DriverCursorstickGet();
    486c:	0e 94 1d 02 	call	0x43a	; 0x43a <DriverCursorstickGet>
    4870:	8a 83       	std	Y+2, r24	; 0x02

        // Detect rising edges: bits that went from 0 to 1 (new presses only)
        uint8_t risingEdge = currentState & ~prevState;
    4872:	89 81       	ldd	r24, Y+1	; 0x01
    4874:	98 2f       	mov	r25, r24
    4876:	90 95       	com	r25
    4878:	8a 81       	ldd	r24, Y+2	; 0x02
    487a:	89 23       	and	r24, r25
    487c:	8b 83       	std	Y+3, r24	; 0x03

        if (risingEdge & CURSORSTICK_UP)     { uint8_t a = CURSORSTICK_UP;     xQueueSend(cursorstickQueue, &a, 0); }
    487e:	8b 81       	ldd	r24, Y+3	; 0x03
    4880:	88 2f       	mov	r24, r24
    4882:	90 e0       	ldi	r25, 0x00	; 0
    4884:	80 71       	andi	r24, 0x10	; 16
    4886:	99 27       	eor	r25, r25
    4888:	89 2b       	or	r24, r25
    488a:	71 f0       	breq	.+28     	; 0x48a8 <WorkerCursorstick+0x50>
    488c:	80 e1       	ldi	r24, 0x10	; 16
    488e:	8c 83       	std	Y+4, r24	; 0x04
    4890:	80 91 35 23 	lds	r24, 0x2335	; 0x802335 <cursorstickQueue>
    4894:	90 91 36 23 	lds	r25, 0x2336	; 0x802336 <cursorstickQueue+0x1>
    4898:	be 01       	movw	r22, r28
    489a:	6c 5f       	subi	r22, 0xFC	; 252
    489c:	7f 4f       	sbci	r23, 0xFF	; 255
    489e:	20 e0       	ldi	r18, 0x00	; 0
    48a0:	40 e0       	ldi	r20, 0x00	; 0
    48a2:	50 e0       	ldi	r21, 0x00	; 0
    48a4:	0e 94 a6 10 	call	0x214c	; 0x214c <xQueueGenericSend>
        if (risingEdge & CURSORSTICK_LEFT)   { uint8_t a = CURSORSTICK_LEFT;   xQueueSend(cursorstickQueue, &a, 0); }
    48a8:	8b 81       	ldd	r24, Y+3	; 0x03
    48aa:	88 2f       	mov	r24, r24
    48ac:	90 e0       	ldi	r25, 0x00	; 0
    48ae:	88 70       	andi	r24, 0x08	; 8
    48b0:	99 27       	eor	r25, r25
    48b2:	89 2b       	or	r24, r25
    48b4:	71 f0       	breq	.+28     	; 0x48d2 <WorkerCursorstick+0x7a>
    48b6:	88 e0       	ldi	r24, 0x08	; 8
    48b8:	8d 83       	std	Y+5, r24	; 0x05
    48ba:	80 91 35 23 	lds	r24, 0x2335	; 0x802335 <cursorstickQueue>
    48be:	90 91 36 23 	lds	r25, 0x2336	; 0x802336 <cursorstickQueue+0x1>
    48c2:	be 01       	movw	r22, r28
    48c4:	6b 5f       	subi	r22, 0xFB	; 251
    48c6:	7f 4f       	sbci	r23, 0xFF	; 255
    48c8:	20 e0       	ldi	r18, 0x00	; 0
    48ca:	40 e0       	ldi	r20, 0x00	; 0
    48cc:	50 e0       	ldi	r21, 0x00	; 0
    48ce:	0e 94 a6 10 	call	0x214c	; 0x214c <xQueueGenericSend>
        if (risingEdge & CURSORSTICK_DOWN)   { uint8_t a = CURSORSTICK_DOWN;   xQueueSend(cursorstickQueue, &a, 0); }
    48d2:	8b 81       	ldd	r24, Y+3	; 0x03
    48d4:	88 2f       	mov	r24, r24
    48d6:	90 e0       	ldi	r25, 0x00	; 0
    48d8:	84 70       	andi	r24, 0x04	; 4
    48da:	99 27       	eor	r25, r25
    48dc:	89 2b       	or	r24, r25
    48de:	71 f0       	breq	.+28     	; 0x48fc <WorkerCursorstick+0xa4>
    48e0:	84 e0       	ldi	r24, 0x04	; 4
    48e2:	8e 83       	std	Y+6, r24	; 0x06
    48e4:	80 91 35 23 	lds	r24, 0x2335	; 0x802335 <cursorstickQueue>
    48e8:	90 91 36 23 	lds	r25, 0x2336	; 0x802336 <cursorstickQueue+0x1>
    48ec:	be 01       	movw	r22, r28
    48ee:	6a 5f       	subi	r22, 0xFA	; 250
    48f0:	7f 4f       	sbci	r23, 0xFF	; 255
    48f2:	20 e0       	ldi	r18, 0x00	; 0
    48f4:	40 e0       	ldi	r20, 0x00	; 0
    48f6:	50 e0       	ldi	r21, 0x00	; 0
    48f8:	0e 94 a6 10 	call	0x214c	; 0x214c <xQueueGenericSend>
        if (risingEdge & CURSORSTICK_RIGHT)  { uint8_t a = CURSORSTICK_RIGHT;  xQueueSend(cursorstickQueue, &a, 0); }
    48fc:	8b 81       	ldd	r24, Y+3	; 0x03
    48fe:	88 2f       	mov	r24, r24
    4900:	90 e0       	ldi	r25, 0x00	; 0
    4902:	82 70       	andi	r24, 0x02	; 2
    4904:	99 27       	eor	r25, r25
    4906:	89 2b       	or	r24, r25
    4908:	71 f0       	breq	.+28     	; 0x4926 <WorkerCursorstick+0xce>
    490a:	82 e0       	ldi	r24, 0x02	; 2
    490c:	8f 83       	std	Y+7, r24	; 0x07
    490e:	80 91 35 23 	lds	r24, 0x2335	; 0x802335 <cursorstickQueue>
    4912:	90 91 36 23 	lds	r25, 0x2336	; 0x802336 <cursorstickQueue+0x1>
    4916:	be 01       	movw	r22, r28
    4918:	69 5f       	subi	r22, 0xF9	; 249
    491a:	7f 4f       	sbci	r23, 0xFF	; 255
    491c:	20 e0       	ldi	r18, 0x00	; 0
    491e:	40 e0       	ldi	r20, 0x00	; 0
    4920:	50 e0       	ldi	r21, 0x00	; 0
    4922:	0e 94 a6 10 	call	0x214c	; 0x214c <xQueueGenericSend>
        if (risingEdge & CURSORSTICK_CENTER) { uint8_t a = CURSORSTICK_CENTER; xQueueSend(cursorstickQueue, &a, 0); }
    4926:	8b 81       	ldd	r24, Y+3	; 0x03
    4928:	88 2f       	mov	r24, r24
    492a:	90 e0       	ldi	r25, 0x00	; 0
    492c:	81 70       	andi	r24, 0x01	; 1
    492e:	99 27       	eor	r25, r25
    4930:	89 2b       	or	r24, r25
    4932:	71 f0       	breq	.+28     	; 0x4950 <WorkerCursorstick+0xf8>
    4934:	81 e0       	ldi	r24, 0x01	; 1
    4936:	88 87       	std	Y+8, r24	; 0x08
    4938:	80 91 35 23 	lds	r24, 0x2335	; 0x802335 <cursorstickQueue>
    493c:	90 91 36 23 	lds	r25, 0x2336	; 0x802336 <cursorstickQueue+0x1>
    4940:	be 01       	movw	r22, r28
    4942:	68 5f       	subi	r22, 0xF8	; 248
    4944:	7f 4f       	sbci	r23, 0xFF	; 255
    4946:	20 e0       	ldi	r18, 0x00	; 0
    4948:	40 e0       	ldi	r20, 0x00	; 0
    494a:	50 e0       	ldi	r21, 0x00	; 0
    494c:	0e 94 a6 10 	call	0x214c	; 0x214c <xQueueGenericSend>

        prevState = currentState;
    4950:	8a 81       	ldd	r24, Y+2	; 0x02
    4952:	89 83       	std	Y+1, r24	; 0x01
        vTaskDelay(pdMS_TO_TICKS(100));
    4954:	84 e6       	ldi	r24, 0x64	; 100
    4956:	90 e0       	ldi	r25, 0x00	; 0
    4958:	0e 94 ec 15 	call	0x2bd8	; 0x2bd8 <vTaskDelay>
    }
    495c:	87 cf       	rjmp	.-242    	; 0x486c <WorkerCursorstick+0x14>

0000495e <InitRunningLightTask>:
volatile int8_t runningLightDirection = 1;

static volatile uint8_t runningLightPosition = 0;
static void WorkerRunningLight(void *pvParameters);

void InitRunningLightTask(void) {
    495e:	ef 92       	push	r14
    4960:	ff 92       	push	r15
    4962:	0f 93       	push	r16
    4964:	cf 93       	push	r28
    4966:	df 93       	push	r29
    4968:	cd b7       	in	r28, 0x3d	; 61
    496a:	de b7       	in	r29, 0x3e	; 62
	xTaskCreate(WorkerRunningLight, "RunningLight", configMINIMAL_STACK_SIZE, NULL, tskIDLE_PRIORITY + 1, NULL);
    496c:	e1 2c       	mov	r14, r1
    496e:	f1 2c       	mov	r15, r1
    4970:	01 e0       	ldi	r16, 0x01	; 1
    4972:	20 e0       	ldi	r18, 0x00	; 0
    4974:	30 e0       	ldi	r19, 0x00	; 0
    4976:	40 e0       	ldi	r20, 0x00	; 0
    4978:	51 e0       	ldi	r21, 0x01	; 1
    497a:	62 ed       	ldi	r22, 0xD2	; 210
    497c:	70 e2       	ldi	r23, 0x20	; 32
    497e:	8a ec       	ldi	r24, 0xCA	; 202
    4980:	94 e2       	ldi	r25, 0x24	; 36
    4982:	0e 94 09 14 	call	0x2812	; 0x2812 <xTaskCreate>
}
    4986:	00 00       	nop
    4988:	df 91       	pop	r29
    498a:	cf 91       	pop	r28
    498c:	0f 91       	pop	r16
    498e:	ff 90       	pop	r15
    4990:	ef 90       	pop	r14
    4992:	08 95       	ret

00004994 <WorkerRunningLight>:

static void WorkerRunningLight(void *pvParameters) {
    4994:	cf 93       	push	r28
    4996:	df 93       	push	r29
    4998:	cd b7       	in	r28, 0x3d	; 61
    499a:	de b7       	in	r29, 0x3e	; 62
    499c:	61 97       	sbiw	r28, 0x11	; 17
    499e:	cd bf       	out	0x3d, r28	; 61
    49a0:	de bf       	out	0x3e, r29	; 62
    49a2:	88 8b       	std	Y+16, r24	; 0x10
    49a4:	99 8b       	std	Y+17, r25	; 0x11
	while (1) {
		// Update position based on direction
		if (runningLightDirection == 1) {
    49a6:	80 91 16 20 	lds	r24, 0x2016	; 0x802016 <runningLightDirection>
    49aa:	81 30       	cpi	r24, 0x01	; 1
    49ac:	61 f4       	brne	.+24     	; 0x49c6 <WorkerRunningLight+0x32>
			runningLightPosition++;
    49ae:	80 91 37 23 	lds	r24, 0x2337	; 0x802337 <runningLightPosition>
    49b2:	8f 5f       	subi	r24, 0xFF	; 255
    49b4:	80 93 37 23 	sts	0x2337, r24	; 0x802337 <runningLightPosition>
			if (runningLightPosition > 3) runningLightPosition = 0;
    49b8:	80 91 37 23 	lds	r24, 0x2337	; 0x802337 <runningLightPosition>
    49bc:	84 30       	cpi	r24, 0x04	; 4
    49be:	80 f0       	brcs	.+32     	; 0x49e0 <WorkerRunningLight+0x4c>
    49c0:	10 92 37 23 	sts	0x2337, r1	; 0x802337 <runningLightPosition>
    49c4:	0d c0       	rjmp	.+26     	; 0x49e0 <WorkerRunningLight+0x4c>
		} else {
			if (runningLightPosition == 0) runningLightPosition = 3;
    49c6:	80 91 37 23 	lds	r24, 0x2337	; 0x802337 <runningLightPosition>
    49ca:	88 23       	and	r24, r24
    49cc:	21 f4       	brne	.+8      	; 0x49d6 <WorkerRunningLight+0x42>
    49ce:	83 e0       	ldi	r24, 0x03	; 3
    49d0:	80 93 37 23 	sts	0x2337, r24	; 0x802337 <runningLightPosition>
    49d4:	05 c0       	rjmp	.+10     	; 0x49e0 <WorkerRunningLight+0x4c>
			else runningLightPosition--;
    49d6:	80 91 37 23 	lds	r24, 0x2337	; 0x802337 <runningLightPosition>
    49da:	81 50       	subi	r24, 0x01	; 1
    49dc:	80 93 37 23 	sts	0x2337, r24	; 0x802337 <runningLightPosition>
		}

		// Set the LED (position 0-3 maps to bit 0-3)
		uint8_t ledPattern = (1 << runningLightPosition);
    49e0:	80 91 37 23 	lds	r24, 0x2337	; 0x802337 <runningLightPosition>
    49e4:	28 2f       	mov	r18, r24
    49e6:	30 e0       	ldi	r19, 0x00	; 0
    49e8:	81 e0       	ldi	r24, 0x01	; 1
    49ea:	90 e0       	ldi	r25, 0x00	; 0
    49ec:	02 c0       	rjmp	.+4      	; 0x49f2 <WorkerRunningLight+0x5e>
    49ee:	88 0f       	add	r24, r24
    49f0:	99 1f       	adc	r25, r25
    49f2:	2a 95       	dec	r18
    49f4:	e2 f7       	brpl	.-8      	; 0x49ee <WorkerRunningLight+0x5a>
    49f6:	89 83       	std	Y+1, r24	; 0x01
		DriverLedWrite(ledPattern);
    49f8:	89 81       	ldd	r24, Y+1	; 0x01
    49fa:	0e 94 78 03 	call	0x6f0	; 0x6f0 <DriverLedWrite>
    49fe:	80 e0       	ldi	r24, 0x00	; 0
    4a00:	90 e0       	ldi	r25, 0x00	; 0
    4a02:	aa ef       	ldi	r26, 0xFA	; 250
    4a04:	b3 e4       	ldi	r27, 0x43	; 67
    4a06:	8a 83       	std	Y+2, r24	; 0x02
    4a08:	9b 83       	std	Y+3, r25	; 0x03
    4a0a:	ac 83       	std	Y+4, r26	; 0x04
    4a0c:	bd 83       	std	Y+5, r27	; 0x05

	__builtin_avr_delay_cycles(__ticks_dc);

#else
	uint16_t __ticks;
	__tmp = ((F_CPU) / 4e3) * __ms;
    4a0e:	20 e0       	ldi	r18, 0x00	; 0
    4a10:	30 e0       	ldi	r19, 0x00	; 0
    4a12:	4a ef       	ldi	r20, 0xFA	; 250
    4a14:	55 e4       	ldi	r21, 0x45	; 69
    4a16:	6a 81       	ldd	r22, Y+2	; 0x02
    4a18:	7b 81       	ldd	r23, Y+3	; 0x03
    4a1a:	8c 81       	ldd	r24, Y+4	; 0x04
    4a1c:	9d 81       	ldd	r25, Y+5	; 0x05
    4a1e:	0e 94 d4 28 	call	0x51a8	; 0x51a8 <__mulsf3>
    4a22:	dc 01       	movw	r26, r24
    4a24:	cb 01       	movw	r24, r22
    4a26:	8e 83       	std	Y+6, r24	; 0x06
    4a28:	9f 83       	std	Y+7, r25	; 0x07
    4a2a:	a8 87       	std	Y+8, r26	; 0x08
    4a2c:	b9 87       	std	Y+9, r27	; 0x09
	if (__tmp < 1.0)
    4a2e:	20 e0       	ldi	r18, 0x00	; 0
    4a30:	30 e0       	ldi	r19, 0x00	; 0
    4a32:	40 e8       	ldi	r20, 0x80	; 128
    4a34:	5f e3       	ldi	r21, 0x3F	; 63
    4a36:	6e 81       	ldd	r22, Y+6	; 0x06
    4a38:	7f 81       	ldd	r23, Y+7	; 0x07
    4a3a:	88 85       	ldd	r24, Y+8	; 0x08
    4a3c:	99 85       	ldd	r25, Y+9	; 0x09
    4a3e:	0e 94 77 27 	call	0x4eee	; 0x4eee <__cmpsf2>
    4a42:	88 23       	and	r24, r24
    4a44:	2c f4       	brge	.+10     	; 0x4a50 <WorkerRunningLight+0xbc>
		__ticks = 1;
    4a46:	81 e0       	ldi	r24, 0x01	; 1
    4a48:	90 e0       	ldi	r25, 0x00	; 0
    4a4a:	8a 87       	std	Y+10, r24	; 0x0a
    4a4c:	9b 87       	std	Y+11, r25	; 0x0b
    4a4e:	3f c0       	rjmp	.+126    	; 0x4ace <WorkerRunningLight+0x13a>
	else if (__tmp > 65535)
    4a50:	20 e0       	ldi	r18, 0x00	; 0
    4a52:	3f ef       	ldi	r19, 0xFF	; 255
    4a54:	4f e7       	ldi	r20, 0x7F	; 127
    4a56:	57 e4       	ldi	r21, 0x47	; 71
    4a58:	6e 81       	ldd	r22, Y+6	; 0x06
    4a5a:	7f 81       	ldd	r23, Y+7	; 0x07
    4a5c:	88 85       	ldd	r24, Y+8	; 0x08
    4a5e:	99 85       	ldd	r25, Y+9	; 0x09
    4a60:	0e 94 cf 28 	call	0x519e	; 0x519e <__gesf2>
    4a64:	18 16       	cp	r1, r24
    4a66:	4c f5       	brge	.+82     	; 0x4aba <WorkerRunningLight+0x126>
	{
		//	__ticks = requested delay in 1/10 ms
		__ticks = (uint16_t) (__ms * 10.0);
    4a68:	20 e0       	ldi	r18, 0x00	; 0
    4a6a:	30 e0       	ldi	r19, 0x00	; 0
    4a6c:	40 e2       	ldi	r20, 0x20	; 32
    4a6e:	51 e4       	ldi	r21, 0x41	; 65
    4a70:	6a 81       	ldd	r22, Y+2	; 0x02
    4a72:	7b 81       	ldd	r23, Y+3	; 0x03
    4a74:	8c 81       	ldd	r24, Y+4	; 0x04
    4a76:	9d 81       	ldd	r25, Y+5	; 0x05
    4a78:	0e 94 d4 28 	call	0x51a8	; 0x51a8 <__mulsf3>
    4a7c:	dc 01       	movw	r26, r24
    4a7e:	cb 01       	movw	r24, r22
    4a80:	bc 01       	movw	r22, r24
    4a82:	cd 01       	movw	r24, r26
    4a84:	0e 94 ee 27 	call	0x4fdc	; 0x4fdc <__fixunssfsi>
    4a88:	dc 01       	movw	r26, r24
    4a8a:	cb 01       	movw	r24, r22
    4a8c:	8a 87       	std	Y+10, r24	; 0x0a
    4a8e:	9b 87       	std	Y+11, r25	; 0x0b
    4a90:	0f c0       	rjmp	.+30     	; 0x4ab0 <WorkerRunningLight+0x11c>
    4a92:	80 e2       	ldi	r24, 0x20	; 32
    4a94:	93 e0       	ldi	r25, 0x03	; 3
    4a96:	8c 87       	std	Y+12, r24	; 0x0c
    4a98:	9d 87       	std	Y+13, r25	; 0x0d
    4a9a:	8c 85       	ldd	r24, Y+12	; 0x0c
    4a9c:	9d 85       	ldd	r25, Y+13	; 0x0d
    4a9e:	01 97       	sbiw	r24, 0x01	; 1
    4aa0:	f1 f7       	brne	.-4      	; 0x4a9e <WorkerRunningLight+0x10a>
    4aa2:	8c 87       	std	Y+12, r24	; 0x0c
    4aa4:	9d 87       	std	Y+13, r25	; 0x0d
		while(__ticks)
		{
			// wait 1/10 ms
			_delay_loop_2(((F_CPU) / 4e3) / 10);
			__ticks --;
    4aa6:	8a 85       	ldd	r24, Y+10	; 0x0a
    4aa8:	9b 85       	ldd	r25, Y+11	; 0x0b
    4aaa:	01 97       	sbiw	r24, 0x01	; 1
    4aac:	8a 87       	std	Y+10, r24	; 0x0a
    4aae:	9b 87       	std	Y+11, r25	; 0x0b
		__ticks = 1;
	else if (__tmp > 65535)
	{
		//	__ticks = requested delay in 1/10 ms
		__ticks = (uint16_t) (__ms * 10.0);
		while(__ticks)
    4ab0:	8a 85       	ldd	r24, Y+10	; 0x0a
    4ab2:	9b 85       	ldd	r25, Y+11	; 0x0b
    4ab4:	89 2b       	or	r24, r25
    4ab6:	69 f7       	brne	.-38     	; 0x4a92 <WorkerRunningLight+0xfe>
    4ab8:	14 c0       	rjmp	.+40     	; 0x4ae2 <WorkerRunningLight+0x14e>
			__ticks --;
		}
		return;
	}
	else
		__ticks = (uint16_t)__tmp;
    4aba:	6e 81       	ldd	r22, Y+6	; 0x06
    4abc:	7f 81       	ldd	r23, Y+7	; 0x07
    4abe:	88 85       	ldd	r24, Y+8	; 0x08
    4ac0:	99 85       	ldd	r25, Y+9	; 0x09
    4ac2:	0e 94 ee 27 	call	0x4fdc	; 0x4fdc <__fixunssfsi>
    4ac6:	dc 01       	movw	r26, r24
    4ac8:	cb 01       	movw	r24, r22
    4aca:	8a 87       	std	Y+10, r24	; 0x0a
    4acc:	9b 87       	std	Y+11, r25	; 0x0b
    4ace:	8a 85       	ldd	r24, Y+10	; 0x0a
    4ad0:	9b 85       	ldd	r25, Y+11	; 0x0b
    4ad2:	8e 87       	std	Y+14, r24	; 0x0e
    4ad4:	9f 87       	std	Y+15, r25	; 0x0f
    4ad6:	8e 85       	ldd	r24, Y+14	; 0x0e
    4ad8:	9f 85       	ldd	r25, Y+15	; 0x0f
    4ada:	01 97       	sbiw	r24, 0x01	; 1
    4adc:	f1 f7       	brne	.-4      	; 0x4ada <WorkerRunningLight+0x146>
    4ade:	8e 87       	std	Y+14, r24	; 0x0e
    4ae0:	9f 87       	std	Y+15, r25	; 0x0f

		_delay_ms(500);
	}
    4ae2:	61 cf       	rjmp	.-318    	; 0x49a6 <WorkerRunningLight+0x12>

00004ae4 <fflush>:
   any buffering.
 */
extern int	fflush(FILE *stream);
#else
static __inline__ int fflush(FILE *stream __attribute__((unused)))
{
    4ae4:	cf 93       	push	r28
    4ae6:	df 93       	push	r29
    4ae8:	1f 92       	push	r1
    4aea:	1f 92       	push	r1
    4aec:	cd b7       	in	r28, 0x3d	; 61
    4aee:	de b7       	in	r29, 0x3e	; 62
    4af0:	89 83       	std	Y+1, r24	; 0x01
    4af2:	9a 83       	std	Y+2, r25	; 0x02
	return 0;
    4af4:	80 e0       	ldi	r24, 0x00	; 0
    4af6:	90 e0       	ldi	r25, 0x00	; 0
}
    4af8:	0f 90       	pop	r0
    4afa:	0f 90       	pop	r0
    4afc:	df 91       	pop	r29
    4afe:	cf 91       	pop	r28
    4b00:	08 95       	ret

00004b02 <InitTerminalTask>:

extern volatile int8_t runningLightDirection;

static void WorkerTerminal(void *pvParameters);

void InitTerminalTask(void) {
    4b02:	ef 92       	push	r14
    4b04:	ff 92       	push	r15
    4b06:	0f 93       	push	r16
    4b08:	cf 93       	push	r28
    4b0a:	df 93       	push	r29
    4b0c:	cd b7       	in	r28, 0x3d	; 61
    4b0e:	de b7       	in	r29, 0x3e	; 62
	xTaskCreate(WorkerTerminal, "Terminal", configMINIMAL_STACK_SIZE + 512, NULL, tskIDLE_PRIORITY + 1, NULL);
    4b10:	e1 2c       	mov	r14, r1
    4b12:	f1 2c       	mov	r15, r1
    4b14:	01 e0       	ldi	r16, 0x01	; 1
    4b16:	20 e0       	ldi	r18, 0x00	; 0
    4b18:	30 e0       	ldi	r19, 0x00	; 0
    4b1a:	40 e0       	ldi	r20, 0x00	; 0
    4b1c:	53 e0       	ldi	r21, 0x03	; 3
    4b1e:	6f ed       	ldi	r22, 0xDF	; 223
    4b20:	70 e2       	ldi	r23, 0x20	; 32
    4b22:	8c e9       	ldi	r24, 0x9C	; 156
    4b24:	95 e2       	ldi	r25, 0x25	; 37
    4b26:	0e 94 09 14 	call	0x2812	; 0x2812 <xTaskCreate>
}
    4b2a:	00 00       	nop
    4b2c:	df 91       	pop	r29
    4b2e:	cf 91       	pop	r28
    4b30:	0f 91       	pop	r16
    4b32:	ff 90       	pop	r15
    4b34:	ef 90       	pop	r14
    4b36:	08 95       	ret

00004b38 <WorkerTerminal>:

static void WorkerTerminal(void *pvParameters) {
    4b38:	cf 93       	push	r28
    4b3a:	df 93       	push	r29
    4b3c:	cd b7       	in	r28, 0x3d	; 61
    4b3e:	de b7       	in	r29, 0x3e	; 62
    4b40:	c9 53       	subi	r28, 0x39	; 57
    4b42:	d2 40       	sbci	r29, 0x02	; 2
    4b44:	cd bf       	out	0x3d, r28	; 61
    4b46:	de bf       	out	0x3e, r29	; 62
    4b48:	9e 01       	movw	r18, r28
    4b4a:	28 5c       	subi	r18, 0xC8	; 200
    4b4c:	3d 4f       	sbci	r19, 0xFD	; 253
    4b4e:	f9 01       	movw	r30, r18
    4b50:	80 83       	st	Z, r24
    4b52:	91 83       	std	Z+1, r25	; 0x01
	char inputBuffer[50];
	uint8_t inputIndex = 0;
    4b54:	19 82       	std	Y+1, r1	; 0x01

	printf("Looplichttask gestart. Commando's:\r\n");
    4b56:	88 ee       	ldi	r24, 0xE8	; 232
    4b58:	90 e2       	ldi	r25, 0x20	; 32
    4b5a:	0e 94 8b 31 	call	0x6316	; 0x6316 <puts>
	printf("  links   - richting links\r\n");
    4b5e:	8c e0       	ldi	r24, 0x0C	; 12
    4b60:	91 e2       	ldi	r25, 0x21	; 33
    4b62:	0e 94 8b 31 	call	0x6316	; 0x6316 <puts>
	printf("  rechts  - richting rechts\r\n");
    4b66:	88 e2       	ldi	r24, 0x28	; 40
    4b68:	91 e2       	ldi	r25, 0x21	; 33
    4b6a:	0e 94 8b 31 	call	0x6316	; 0x6316 <puts>
	printf("  stats   - CPU statistieken\r\n");
    4b6e:	85 e4       	ldi	r24, 0x45	; 69
    4b70:	91 e2       	ldi	r25, 0x21	; 33
    4b72:	0e 94 8b 31 	call	0x6316	; 0x6316 <puts>
	printf("  fifo    - lees cursorstick FIFO queue\r\n");
    4b76:	83 e6       	ldi	r24, 0x63	; 99
    4b78:	91 e2       	ldi	r25, 0x21	; 33
    4b7a:	0e 94 8b 31 	call	0x6316	; 0x6316 <puts>
	printf("Input> ");
    4b7e:	8c e8       	ldi	r24, 0x8C	; 140
    4b80:	91 e2       	ldi	r25, 0x21	; 33
    4b82:	89 2f       	mov	r24, r25
    4b84:	8f 93       	push	r24
    4b86:	8c e8       	ldi	r24, 0x8C	; 140
    4b88:	91 e2       	ldi	r25, 0x21	; 33
    4b8a:	8f 93       	push	r24
    4b8c:	0e 94 71 31 	call	0x62e2	; 0x62e2 <printf>
    4b90:	0f 90       	pop	r0
    4b92:	0f 90       	pop	r0
	fflush(stdout);
    4b94:	80 91 44 23 	lds	r24, 0x2344	; 0x802344 <__iob+0x2>
    4b98:	90 91 45 23 	lds	r25, 0x2345	; 0x802345 <__iob+0x3>
    4b9c:	0e 94 72 25 	call	0x4ae4	; 0x4ae4 <fflush>

	while (1) {
		int c = getchar();
    4ba0:	80 91 42 23 	lds	r24, 0x2342	; 0x802342 <__iob>
    4ba4:	90 91 43 23 	lds	r25, 0x2343	; 0x802343 <__iob+0x1>
    4ba8:	0e 94 f7 30 	call	0x61ee	; 0x61ee <fgetc>
    4bac:	8b 83       	std	Y+3, r24	; 0x03
    4bae:	9c 83       	std	Y+4, r25	; 0x04

		if (c == '\r' || c == '\n') {
    4bb0:	8b 81       	ldd	r24, Y+3	; 0x03
    4bb2:	9c 81       	ldd	r25, Y+4	; 0x04
    4bb4:	0d 97       	sbiw	r24, 0x0d	; 13
    4bb6:	29 f0       	breq	.+10     	; 0x4bc2 <WorkerTerminal+0x8a>
    4bb8:	8b 81       	ldd	r24, Y+3	; 0x03
    4bba:	9c 81       	ldd	r25, Y+4	; 0x04
    4bbc:	0a 97       	sbiw	r24, 0x0a	; 10
    4bbe:	09 f0       	breq	.+2      	; 0x4bc2 <WorkerTerminal+0x8a>
    4bc0:	0c c1       	rjmp	.+536    	; 0x4dda <WorkerTerminal+0x2a2>
			printf("\r\n");
    4bc2:	84 e9       	ldi	r24, 0x94	; 148
    4bc4:	91 e2       	ldi	r25, 0x21	; 33
    4bc6:	0e 94 8b 31 	call	0x6316	; 0x6316 <puts>
			inputBuffer[inputIndex] = '\0';
    4bca:	89 81       	ldd	r24, Y+1	; 0x01
    4bcc:	88 2f       	mov	r24, r24
    4bce:	90 e0       	ldi	r25, 0x00	; 0
    4bd0:	9e 01       	movw	r18, r28
    4bd2:	2b 5f       	subi	r18, 0xFB	; 251
    4bd4:	3f 4f       	sbci	r19, 0xFF	; 255
    4bd6:	82 0f       	add	r24, r18
    4bd8:	93 1f       	adc	r25, r19
    4bda:	fc 01       	movw	r30, r24
    4bdc:	10 82       	st	Z, r1

			if (inputIndex > 0) {
    4bde:	89 81       	ldd	r24, Y+1	; 0x01
    4be0:	88 23       	and	r24, r24
    4be2:	09 f4       	brne	.+2      	; 0x4be6 <WorkerTerminal+0xae>
    4be4:	e7 c0       	rjmp	.+462    	; 0x4db4 <WorkerTerminal+0x27c>
				if (strcmp(inputBuffer, "links") == 0) {
    4be6:	ce 01       	movw	r24, r28
    4be8:	05 96       	adiw	r24, 0x05	; 5
    4bea:	66 e9       	ldi	r22, 0x96	; 150
    4bec:	71 e2       	ldi	r23, 0x21	; 33
    4bee:	0e 94 d3 30 	call	0x61a6	; 0x61a6 <strcmp>
    4bf2:	89 2b       	or	r24, r25
    4bf4:	41 f4       	brne	.+16     	; 0x4c06 <WorkerTerminal+0xce>
					runningLightDirection = -1;
    4bf6:	8f ef       	ldi	r24, 0xFF	; 255
    4bf8:	80 93 16 20 	sts	0x2016, r24	; 0x802016 <runningLightDirection>
					printf(">>> RICHTING: LINKS\r\n");
    4bfc:	8c e9       	ldi	r24, 0x9C	; 156
    4bfe:	91 e2       	ldi	r25, 0x21	; 33
    4c00:	0e 94 8b 31 	call	0x6316	; 0x6316 <puts>
    4c04:	d7 c0       	rjmp	.+430    	; 0x4db4 <WorkerTerminal+0x27c>
				}
				else if (strcmp(inputBuffer, "rechts") == 0) {
    4c06:	ce 01       	movw	r24, r28
    4c08:	05 96       	adiw	r24, 0x05	; 5
    4c0a:	61 eb       	ldi	r22, 0xB1	; 177
    4c0c:	71 e2       	ldi	r23, 0x21	; 33
    4c0e:	0e 94 d3 30 	call	0x61a6	; 0x61a6 <strcmp>
    4c12:	89 2b       	or	r24, r25
    4c14:	41 f4       	brne	.+16     	; 0x4c26 <WorkerTerminal+0xee>
					runningLightDirection = 1;
    4c16:	81 e0       	ldi	r24, 0x01	; 1
    4c18:	80 93 16 20 	sts	0x2016, r24	; 0x802016 <runningLightDirection>
					printf(">>> RICHTING: RECHTS\r\n");
    4c1c:	88 eb       	ldi	r24, 0xB8	; 184
    4c1e:	91 e2       	ldi	r25, 0x21	; 33
    4c20:	0e 94 8b 31 	call	0x6316	; 0x6316 <puts>
    4c24:	c7 c0       	rjmp	.+398    	; 0x4db4 <WorkerTerminal+0x27c>
				}
				else if (strcmp(inputBuffer, "stats") == 0) {
    4c26:	ce 01       	movw	r24, r28
    4c28:	05 96       	adiw	r24, 0x05	; 5
    4c2a:	6e ec       	ldi	r22, 0xCE	; 206
    4c2c:	71 e2       	ldi	r23, 0x21	; 33
    4c2e:	0e 94 d3 30 	call	0x61a6	; 0x61a6 <strcmp>
    4c32:	89 2b       	or	r24, r25
    4c34:	d9 f4       	brne	.+54     	; 0x4c6c <WorkerTerminal+0x134>
					char pcWriteBuffer[512]; // Buffer for runtime stats
					printf("\r\n=== CPU STATISTIEKEN ===\r\n");
    4c36:	84 ed       	ldi	r24, 0xD4	; 212
    4c38:	91 e2       	ldi	r25, 0x21	; 33
    4c3a:	0e 94 8b 31 	call	0x6316	; 0x6316 <puts>
					vTaskGetRunTimeStats(pcWriteBuffer);
    4c3e:	ce 01       	movw	r24, r28
    4c40:	c8 96       	adiw	r24, 0x38	; 56
    4c42:	0e 94 f8 1e 	call	0x3df0	; 0x3df0 <vTaskGetRunTimeStats>
					printf("%s\r\n", pcWriteBuffer);
    4c46:	ce 01       	movw	r24, r28
    4c48:	c8 96       	adiw	r24, 0x38	; 56
    4c4a:	29 2f       	mov	r18, r25
    4c4c:	2f 93       	push	r18
    4c4e:	8f 93       	push	r24
    4c50:	80 ef       	ldi	r24, 0xF0	; 240
    4c52:	91 e2       	ldi	r25, 0x21	; 33
    4c54:	89 2f       	mov	r24, r25
    4c56:	8f 93       	push	r24
    4c58:	80 ef       	ldi	r24, 0xF0	; 240
    4c5a:	91 e2       	ldi	r25, 0x21	; 33
    4c5c:	8f 93       	push	r24
    4c5e:	0e 94 71 31 	call	0x62e2	; 0x62e2 <printf>
    4c62:	0f 90       	pop	r0
    4c64:	0f 90       	pop	r0
    4c66:	0f 90       	pop	r0
    4c68:	0f 90       	pop	r0
    4c6a:	a4 c0       	rjmp	.+328    	; 0x4db4 <WorkerTerminal+0x27c>
				}
				else if (strcmp(inputBuffer, "fifo") == 0) {
    4c6c:	ce 01       	movw	r24, r28
    4c6e:	05 96       	adiw	r24, 0x05	; 5
    4c70:	65 ef       	ldi	r22, 0xF5	; 245
    4c72:	71 e2       	ldi	r23, 0x21	; 33
    4c74:	0e 94 d3 30 	call	0x61a6	; 0x61a6 <strcmp>
    4c78:	89 2b       	or	r24, r25
    4c7a:	09 f0       	breq	.+2      	; 0x4c7e <WorkerTerminal+0x146>
    4c7c:	89 c0       	rjmp	.+274    	; 0x4d90 <WorkerTerminal+0x258>
					uint8_t action;
					uint8_t count = 0;
    4c7e:	1a 82       	std	Y+2, r1	; 0x02
					printf("\r\n=== FIFO CURSORSTICK QUEUE ===\r\n");
    4c80:	8a ef       	ldi	r24, 0xFA	; 250
    4c82:	91 e2       	ldi	r25, 0x21	; 33
    4c84:	0e 94 8b 31 	call	0x6316	; 0x6316 <puts>
					while (CursorstickGetAction(&action)) {
    4c88:	74 c0       	rjmp	.+232    	; 0x4d72 <WorkerTerminal+0x23a>
						count++;
    4c8a:	8a 81       	ldd	r24, Y+2	; 0x02
    4c8c:	8f 5f       	subi	r24, 0xFF	; 255
    4c8e:	8a 83       	std	Y+2, r24	; 0x02
						printf("  Actie %u: ", count);
    4c90:	8a 81       	ldd	r24, Y+2	; 0x02
    4c92:	88 2f       	mov	r24, r24
    4c94:	90 e0       	ldi	r25, 0x00	; 0
    4c96:	29 2f       	mov	r18, r25
    4c98:	2f 93       	push	r18
    4c9a:	8f 93       	push	r24
    4c9c:	8c e1       	ldi	r24, 0x1C	; 28
    4c9e:	92 e2       	ldi	r25, 0x22	; 34
    4ca0:	89 2f       	mov	r24, r25
    4ca2:	8f 93       	push	r24
    4ca4:	8c e1       	ldi	r24, 0x1C	; 28
    4ca6:	92 e2       	ldi	r25, 0x22	; 34
    4ca8:	8f 93       	push	r24
    4caa:	0e 94 71 31 	call	0x62e2	; 0x62e2 <printf>
    4cae:	0f 90       	pop	r0
    4cb0:	0f 90       	pop	r0
    4cb2:	0f 90       	pop	r0
    4cb4:	0f 90       	pop	r0
						if (action & CURSORSTICK_UP)     printf("BOVEN");
    4cb6:	8f a9       	ldd	r24, Y+55	; 0x37
    4cb8:	88 2f       	mov	r24, r24
    4cba:	90 e0       	ldi	r25, 0x00	; 0
    4cbc:	80 71       	andi	r24, 0x10	; 16
    4cbe:	99 27       	eor	r25, r25
    4cc0:	89 2b       	or	r24, r25
    4cc2:	59 f0       	breq	.+22     	; 0x4cda <WorkerTerminal+0x1a2>
    4cc4:	89 e2       	ldi	r24, 0x29	; 41
    4cc6:	92 e2       	ldi	r25, 0x22	; 34
    4cc8:	89 2f       	mov	r24, r25
    4cca:	8f 93       	push	r24
    4ccc:	89 e2       	ldi	r24, 0x29	; 41
    4cce:	92 e2       	ldi	r25, 0x22	; 34
    4cd0:	8f 93       	push	r24
    4cd2:	0e 94 71 31 	call	0x62e2	; 0x62e2 <printf>
    4cd6:	0f 90       	pop	r0
    4cd8:	0f 90       	pop	r0
						if (action & CURSORSTICK_LEFT)   printf("LINKS");
    4cda:	8f a9       	ldd	r24, Y+55	; 0x37
    4cdc:	88 2f       	mov	r24, r24
    4cde:	90 e0       	ldi	r25, 0x00	; 0
    4ce0:	88 70       	andi	r24, 0x08	; 8
    4ce2:	99 27       	eor	r25, r25
    4ce4:	89 2b       	or	r24, r25
    4ce6:	59 f0       	breq	.+22     	; 0x4cfe <WorkerTerminal+0x1c6>
    4ce8:	8f e2       	ldi	r24, 0x2F	; 47
    4cea:	92 e2       	ldi	r25, 0x22	; 34
    4cec:	89 2f       	mov	r24, r25
    4cee:	8f 93       	push	r24
    4cf0:	8f e2       	ldi	r24, 0x2F	; 47
    4cf2:	92 e2       	ldi	r25, 0x22	; 34
    4cf4:	8f 93       	push	r24
    4cf6:	0e 94 71 31 	call	0x62e2	; 0x62e2 <printf>
    4cfa:	0f 90       	pop	r0
    4cfc:	0f 90       	pop	r0
						if (action & CURSORSTICK_DOWN)   printf("ONDER");
    4cfe:	8f a9       	ldd	r24, Y+55	; 0x37
    4d00:	88 2f       	mov	r24, r24
    4d02:	90 e0       	ldi	r25, 0x00	; 0
    4d04:	84 70       	andi	r24, 0x04	; 4
    4d06:	99 27       	eor	r25, r25
    4d08:	89 2b       	or	r24, r25
    4d0a:	59 f0       	breq	.+22     	; 0x4d22 <WorkerTerminal+0x1ea>
    4d0c:	85 e3       	ldi	r24, 0x35	; 53
    4d0e:	92 e2       	ldi	r25, 0x22	; 34
    4d10:	89 2f       	mov	r24, r25
    4d12:	8f 93       	push	r24
    4d14:	85 e3       	ldi	r24, 0x35	; 53
    4d16:	92 e2       	ldi	r25, 0x22	; 34
    4d18:	8f 93       	push	r24
    4d1a:	0e 94 71 31 	call	0x62e2	; 0x62e2 <printf>
    4d1e:	0f 90       	pop	r0
    4d20:	0f 90       	pop	r0
						if (action & CURSORSTICK_RIGHT)  printf("RECHTS");
    4d22:	8f a9       	ldd	r24, Y+55	; 0x37
    4d24:	88 2f       	mov	r24, r24
    4d26:	90 e0       	ldi	r25, 0x00	; 0
    4d28:	82 70       	andi	r24, 0x02	; 2
    4d2a:	99 27       	eor	r25, r25
    4d2c:	89 2b       	or	r24, r25
    4d2e:	59 f0       	breq	.+22     	; 0x4d46 <WorkerTerminal+0x20e>
    4d30:	8b e3       	ldi	r24, 0x3B	; 59
    4d32:	92 e2       	ldi	r25, 0x22	; 34
    4d34:	89 2f       	mov	r24, r25
    4d36:	8f 93       	push	r24
    4d38:	8b e3       	ldi	r24, 0x3B	; 59
    4d3a:	92 e2       	ldi	r25, 0x22	; 34
    4d3c:	8f 93       	push	r24
    4d3e:	0e 94 71 31 	call	0x62e2	; 0x62e2 <printf>
    4d42:	0f 90       	pop	r0
    4d44:	0f 90       	pop	r0
						if (action & CURSORSTICK_CENTER) printf("INDRUKKEN");
    4d46:	8f a9       	ldd	r24, Y+55	; 0x37
    4d48:	88 2f       	mov	r24, r24
    4d4a:	90 e0       	ldi	r25, 0x00	; 0
    4d4c:	81 70       	andi	r24, 0x01	; 1
    4d4e:	99 27       	eor	r25, r25
    4d50:	89 2b       	or	r24, r25
    4d52:	59 f0       	breq	.+22     	; 0x4d6a <WorkerTerminal+0x232>
    4d54:	82 e4       	ldi	r24, 0x42	; 66
    4d56:	92 e2       	ldi	r25, 0x22	; 34
    4d58:	89 2f       	mov	r24, r25
    4d5a:	8f 93       	push	r24
    4d5c:	82 e4       	ldi	r24, 0x42	; 66
    4d5e:	92 e2       	ldi	r25, 0x22	; 34
    4d60:	8f 93       	push	r24
    4d62:	0e 94 71 31 	call	0x62e2	; 0x62e2 <printf>
    4d66:	0f 90       	pop	r0
    4d68:	0f 90       	pop	r0
						printf("\r\n");
    4d6a:	84 e9       	ldi	r24, 0x94	; 148
    4d6c:	91 e2       	ldi	r25, 0x21	; 33
    4d6e:	0e 94 8b 31 	call	0x6316	; 0x6316 <puts>
				}
				else if (strcmp(inputBuffer, "fifo") == 0) {
					uint8_t action;
					uint8_t count = 0;
					printf("\r\n=== FIFO CURSORSTICK QUEUE ===\r\n");
					while (CursorstickGetAction(&action)) {
    4d72:	ce 01       	movw	r24, r28
    4d74:	c7 96       	adiw	r24, 0x37	; 55
    4d76:	0e 94 0f 24 	call	0x481e	; 0x481e <CursorstickGetAction>
    4d7a:	88 23       	and	r24, r24
    4d7c:	09 f0       	breq	.+2      	; 0x4d80 <WorkerTerminal+0x248>
    4d7e:	85 cf       	rjmp	.-246    	; 0x4c8a <WorkerTerminal+0x152>
						if (action & CURSORSTICK_DOWN)   printf("ONDER");
						if (action & CURSORSTICK_RIGHT)  printf("RECHTS");
						if (action & CURSORSTICK_CENTER) printf("INDRUKKEN");
						printf("\r\n");
					}
					if (count == 0) printf("  (queue is leeg)\r\n");
    4d80:	8a 81       	ldd	r24, Y+2	; 0x02
    4d82:	88 23       	and	r24, r24
    4d84:	b9 f4       	brne	.+46     	; 0x4db4 <WorkerTerminal+0x27c>
    4d86:	8c e4       	ldi	r24, 0x4C	; 76
    4d88:	92 e2       	ldi	r25, 0x22	; 34
    4d8a:	0e 94 8b 31 	call	0x6316	; 0x6316 <puts>
    4d8e:	12 c0       	rjmp	.+36     	; 0x4db4 <WorkerTerminal+0x27c>
				}
				else printf(">>> ONBEKEND: '%s'\r\n", inputBuffer);
    4d90:	ce 01       	movw	r24, r28
    4d92:	05 96       	adiw	r24, 0x05	; 5
    4d94:	29 2f       	mov	r18, r25
    4d96:	2f 93       	push	r18
    4d98:	8f 93       	push	r24
    4d9a:	8f e5       	ldi	r24, 0x5F	; 95
    4d9c:	92 e2       	ldi	r25, 0x22	; 34
    4d9e:	89 2f       	mov	r24, r25
    4da0:	8f 93       	push	r24
    4da2:	8f e5       	ldi	r24, 0x5F	; 95
    4da4:	92 e2       	ldi	r25, 0x22	; 34
    4da6:	8f 93       	push	r24
    4da8:	0e 94 71 31 	call	0x62e2	; 0x62e2 <printf>
    4dac:	0f 90       	pop	r0
    4dae:	0f 90       	pop	r0
    4db0:	0f 90       	pop	r0
    4db2:	0f 90       	pop	r0
			}

			// Reset for next command
			inputIndex = 0;
    4db4:	19 82       	std	Y+1, r1	; 0x01
			printf("Input> ");
    4db6:	8c e8       	ldi	r24, 0x8C	; 140
    4db8:	91 e2       	ldi	r25, 0x21	; 33
    4dba:	89 2f       	mov	r24, r25
    4dbc:	8f 93       	push	r24
    4dbe:	8c e8       	ldi	r24, 0x8C	; 140
    4dc0:	91 e2       	ldi	r25, 0x21	; 33
    4dc2:	8f 93       	push	r24
    4dc4:	0e 94 71 31 	call	0x62e2	; 0x62e2 <printf>
    4dc8:	0f 90       	pop	r0
    4dca:	0f 90       	pop	r0
			fflush(stdout);
    4dcc:	80 91 44 23 	lds	r24, 0x2344	; 0x802344 <__iob+0x2>
    4dd0:	90 91 45 23 	lds	r25, 0x2345	; 0x802345 <__iob+0x3>
    4dd4:	0e 94 72 25 	call	0x4ae4	; 0x4ae4 <fflush>
    4dd8:	1c c0       	rjmp	.+56     	; 0x4e12 <WorkerTerminal+0x2da>
		}
		else if (inputIndex < sizeof(inputBuffer) - 1) {
    4dda:	89 81       	ldd	r24, Y+1	; 0x01
    4ddc:	81 33       	cpi	r24, 0x31	; 49
    4dde:	08 f0       	brcs	.+2      	; 0x4de2 <WorkerTerminal+0x2aa>
    4de0:	df ce       	rjmp	.-578    	; 0x4ba0 <WorkerTerminal+0x68>
			inputBuffer[inputIndex++] = c;
    4de2:	89 81       	ldd	r24, Y+1	; 0x01
    4de4:	91 e0       	ldi	r25, 0x01	; 1
    4de6:	98 0f       	add	r25, r24
    4de8:	99 83       	std	Y+1, r25	; 0x01
    4dea:	88 2f       	mov	r24, r24
    4dec:	90 e0       	ldi	r25, 0x00	; 0
    4dee:	4b 81       	ldd	r20, Y+3	; 0x03
    4df0:	9e 01       	movw	r18, r28
    4df2:	2b 5f       	subi	r18, 0xFB	; 251
    4df4:	3f 4f       	sbci	r19, 0xFF	; 255
    4df6:	82 0f       	add	r24, r18
    4df8:	93 1f       	adc	r25, r19
    4dfa:	fc 01       	movw	r30, r24
    4dfc:	40 83       	st	Z, r20
			printf("%c", c);  // Echo character
    4dfe:	8b 81       	ldd	r24, Y+3	; 0x03
    4e00:	9c 81       	ldd	r25, Y+4	; 0x04
    4e02:	0e 94 85 31 	call	0x630a	; 0x630a <putchar>
			fflush(stdout);
    4e06:	80 91 44 23 	lds	r24, 0x2344	; 0x802344 <__iob+0x2>
    4e0a:	90 91 45 23 	lds	r25, 0x2345	; 0x802345 <__iob+0x3>
    4e0e:	0e 94 72 25 	call	0x4ae4	; 0x4ae4 <fflush>
		}
	}
    4e12:	c6 ce       	rjmp	.-628    	; 0x4ba0 <WorkerTerminal+0x68>

00004e14 <__subsf3>:
    4e14:	50 58       	subi	r21, 0x80	; 128

00004e16 <__addsf3>:
    4e16:	bb 27       	eor	r27, r27
    4e18:	aa 27       	eor	r26, r26
    4e1a:	0e 94 22 27 	call	0x4e44	; 0x4e44 <__addsf3x>
    4e1e:	0c 94 95 28 	jmp	0x512a	; 0x512a <__fp_round>
    4e22:	0e 94 87 28 	call	0x510e	; 0x510e <__fp_pscA>
    4e26:	38 f0       	brcs	.+14     	; 0x4e36 <__addsf3+0x20>
    4e28:	0e 94 8e 28 	call	0x511c	; 0x511c <__fp_pscB>
    4e2c:	20 f0       	brcs	.+8      	; 0x4e36 <__addsf3+0x20>
    4e2e:	39 f4       	brne	.+14     	; 0x4e3e <__addsf3+0x28>
    4e30:	9f 3f       	cpi	r25, 0xFF	; 255
    4e32:	19 f4       	brne	.+6      	; 0x4e3a <__addsf3+0x24>
    4e34:	26 f4       	brtc	.+8      	; 0x4e3e <__addsf3+0x28>
    4e36:	0c 94 84 28 	jmp	0x5108	; 0x5108 <__fp_nan>
    4e3a:	0e f4       	brtc	.+2      	; 0x4e3e <__addsf3+0x28>
    4e3c:	e0 95       	com	r30
    4e3e:	e7 fb       	bst	r30, 7
    4e40:	0c 94 7e 28 	jmp	0x50fc	; 0x50fc <__fp_inf>

00004e44 <__addsf3x>:
    4e44:	e9 2f       	mov	r30, r25
    4e46:	0e 94 a6 28 	call	0x514c	; 0x514c <__fp_split3>
    4e4a:	58 f3       	brcs	.-42     	; 0x4e22 <__addsf3+0xc>
    4e4c:	ba 17       	cp	r27, r26
    4e4e:	62 07       	cpc	r22, r18
    4e50:	73 07       	cpc	r23, r19
    4e52:	84 07       	cpc	r24, r20
    4e54:	95 07       	cpc	r25, r21
    4e56:	20 f0       	brcs	.+8      	; 0x4e60 <__addsf3x+0x1c>
    4e58:	79 f4       	brne	.+30     	; 0x4e78 <__addsf3x+0x34>
    4e5a:	a6 f5       	brtc	.+104    	; 0x4ec4 <__addsf3x+0x80>
    4e5c:	0c 94 c8 28 	jmp	0x5190	; 0x5190 <__fp_zero>
    4e60:	0e f4       	brtc	.+2      	; 0x4e64 <__addsf3x+0x20>
    4e62:	e0 95       	com	r30
    4e64:	0b 2e       	mov	r0, r27
    4e66:	ba 2f       	mov	r27, r26
    4e68:	a0 2d       	mov	r26, r0
    4e6a:	0b 01       	movw	r0, r22
    4e6c:	b9 01       	movw	r22, r18
    4e6e:	90 01       	movw	r18, r0
    4e70:	0c 01       	movw	r0, r24
    4e72:	ca 01       	movw	r24, r20
    4e74:	a0 01       	movw	r20, r0
    4e76:	11 24       	eor	r1, r1
    4e78:	ff 27       	eor	r31, r31
    4e7a:	59 1b       	sub	r21, r25
    4e7c:	99 f0       	breq	.+38     	; 0x4ea4 <__addsf3x+0x60>
    4e7e:	59 3f       	cpi	r21, 0xF9	; 249
    4e80:	50 f4       	brcc	.+20     	; 0x4e96 <__addsf3x+0x52>
    4e82:	50 3e       	cpi	r21, 0xE0	; 224
    4e84:	68 f1       	brcs	.+90     	; 0x4ee0 <__addsf3x+0x9c>
    4e86:	1a 16       	cp	r1, r26
    4e88:	f0 40       	sbci	r31, 0x00	; 0
    4e8a:	a2 2f       	mov	r26, r18
    4e8c:	23 2f       	mov	r18, r19
    4e8e:	34 2f       	mov	r19, r20
    4e90:	44 27       	eor	r20, r20
    4e92:	58 5f       	subi	r21, 0xF8	; 248
    4e94:	f3 cf       	rjmp	.-26     	; 0x4e7c <__addsf3x+0x38>
    4e96:	46 95       	lsr	r20
    4e98:	37 95       	ror	r19
    4e9a:	27 95       	ror	r18
    4e9c:	a7 95       	ror	r26
    4e9e:	f0 40       	sbci	r31, 0x00	; 0
    4ea0:	53 95       	inc	r21
    4ea2:	c9 f7       	brne	.-14     	; 0x4e96 <__addsf3x+0x52>
    4ea4:	7e f4       	brtc	.+30     	; 0x4ec4 <__addsf3x+0x80>
    4ea6:	1f 16       	cp	r1, r31
    4ea8:	ba 0b       	sbc	r27, r26
    4eaa:	62 0b       	sbc	r22, r18
    4eac:	73 0b       	sbc	r23, r19
    4eae:	84 0b       	sbc	r24, r20
    4eb0:	ba f0       	brmi	.+46     	; 0x4ee0 <__addsf3x+0x9c>
    4eb2:	91 50       	subi	r25, 0x01	; 1
    4eb4:	a1 f0       	breq	.+40     	; 0x4ede <__addsf3x+0x9a>
    4eb6:	ff 0f       	add	r31, r31
    4eb8:	bb 1f       	adc	r27, r27
    4eba:	66 1f       	adc	r22, r22
    4ebc:	77 1f       	adc	r23, r23
    4ebe:	88 1f       	adc	r24, r24
    4ec0:	c2 f7       	brpl	.-16     	; 0x4eb2 <__addsf3x+0x6e>
    4ec2:	0e c0       	rjmp	.+28     	; 0x4ee0 <__addsf3x+0x9c>
    4ec4:	ba 0f       	add	r27, r26
    4ec6:	62 1f       	adc	r22, r18
    4ec8:	73 1f       	adc	r23, r19
    4eca:	84 1f       	adc	r24, r20
    4ecc:	48 f4       	brcc	.+18     	; 0x4ee0 <__addsf3x+0x9c>
    4ece:	87 95       	ror	r24
    4ed0:	77 95       	ror	r23
    4ed2:	67 95       	ror	r22
    4ed4:	b7 95       	ror	r27
    4ed6:	f7 95       	ror	r31
    4ed8:	9e 3f       	cpi	r25, 0xFE	; 254
    4eda:	08 f0       	brcs	.+2      	; 0x4ede <__addsf3x+0x9a>
    4edc:	b0 cf       	rjmp	.-160    	; 0x4e3e <__addsf3+0x28>
    4ede:	93 95       	inc	r25
    4ee0:	88 0f       	add	r24, r24
    4ee2:	08 f0       	brcs	.+2      	; 0x4ee6 <__addsf3x+0xa2>
    4ee4:	99 27       	eor	r25, r25
    4ee6:	ee 0f       	add	r30, r30
    4ee8:	97 95       	ror	r25
    4eea:	87 95       	ror	r24
    4eec:	08 95       	ret

00004eee <__cmpsf2>:
    4eee:	0e 94 5a 28 	call	0x50b4	; 0x50b4 <__fp_cmp>
    4ef2:	08 f4       	brcc	.+2      	; 0x4ef6 <__cmpsf2+0x8>
    4ef4:	81 e0       	ldi	r24, 0x01	; 1
    4ef6:	08 95       	ret

00004ef8 <__divsf3>:
    4ef8:	0e 94 90 27 	call	0x4f20	; 0x4f20 <__divsf3x>
    4efc:	0c 94 95 28 	jmp	0x512a	; 0x512a <__fp_round>
    4f00:	0e 94 8e 28 	call	0x511c	; 0x511c <__fp_pscB>
    4f04:	58 f0       	brcs	.+22     	; 0x4f1c <__divsf3+0x24>
    4f06:	0e 94 87 28 	call	0x510e	; 0x510e <__fp_pscA>
    4f0a:	40 f0       	brcs	.+16     	; 0x4f1c <__divsf3+0x24>
    4f0c:	29 f4       	brne	.+10     	; 0x4f18 <__divsf3+0x20>
    4f0e:	5f 3f       	cpi	r21, 0xFF	; 255
    4f10:	29 f0       	breq	.+10     	; 0x4f1c <__divsf3+0x24>
    4f12:	0c 94 7e 28 	jmp	0x50fc	; 0x50fc <__fp_inf>
    4f16:	51 11       	cpse	r21, r1
    4f18:	0c 94 c9 28 	jmp	0x5192	; 0x5192 <__fp_szero>
    4f1c:	0c 94 84 28 	jmp	0x5108	; 0x5108 <__fp_nan>

00004f20 <__divsf3x>:
    4f20:	0e 94 a6 28 	call	0x514c	; 0x514c <__fp_split3>
    4f24:	68 f3       	brcs	.-38     	; 0x4f00 <__divsf3+0x8>

00004f26 <__divsf3_pse>:
    4f26:	99 23       	and	r25, r25
    4f28:	b1 f3       	breq	.-20     	; 0x4f16 <__divsf3+0x1e>
    4f2a:	55 23       	and	r21, r21
    4f2c:	91 f3       	breq	.-28     	; 0x4f12 <__divsf3+0x1a>
    4f2e:	95 1b       	sub	r25, r21
    4f30:	55 0b       	sbc	r21, r21
    4f32:	bb 27       	eor	r27, r27
    4f34:	aa 27       	eor	r26, r26
    4f36:	62 17       	cp	r22, r18
    4f38:	73 07       	cpc	r23, r19
    4f3a:	84 07       	cpc	r24, r20
    4f3c:	38 f0       	brcs	.+14     	; 0x4f4c <__divsf3_pse+0x26>
    4f3e:	9f 5f       	subi	r25, 0xFF	; 255
    4f40:	5f 4f       	sbci	r21, 0xFF	; 255
    4f42:	22 0f       	add	r18, r18
    4f44:	33 1f       	adc	r19, r19
    4f46:	44 1f       	adc	r20, r20
    4f48:	aa 1f       	adc	r26, r26
    4f4a:	a9 f3       	breq	.-22     	; 0x4f36 <__divsf3_pse+0x10>
    4f4c:	35 d0       	rcall	.+106    	; 0x4fb8 <__divsf3_pse+0x92>
    4f4e:	0e 2e       	mov	r0, r30
    4f50:	3a f0       	brmi	.+14     	; 0x4f60 <__divsf3_pse+0x3a>
    4f52:	e0 e8       	ldi	r30, 0x80	; 128
    4f54:	32 d0       	rcall	.+100    	; 0x4fba <__divsf3_pse+0x94>
    4f56:	91 50       	subi	r25, 0x01	; 1
    4f58:	50 40       	sbci	r21, 0x00	; 0
    4f5a:	e6 95       	lsr	r30
    4f5c:	00 1c       	adc	r0, r0
    4f5e:	ca f7       	brpl	.-14     	; 0x4f52 <__divsf3_pse+0x2c>
    4f60:	2b d0       	rcall	.+86     	; 0x4fb8 <__divsf3_pse+0x92>
    4f62:	fe 2f       	mov	r31, r30
    4f64:	29 d0       	rcall	.+82     	; 0x4fb8 <__divsf3_pse+0x92>
    4f66:	66 0f       	add	r22, r22
    4f68:	77 1f       	adc	r23, r23
    4f6a:	88 1f       	adc	r24, r24
    4f6c:	bb 1f       	adc	r27, r27
    4f6e:	26 17       	cp	r18, r22
    4f70:	37 07       	cpc	r19, r23
    4f72:	48 07       	cpc	r20, r24
    4f74:	ab 07       	cpc	r26, r27
    4f76:	b0 e8       	ldi	r27, 0x80	; 128
    4f78:	09 f0       	breq	.+2      	; 0x4f7c <__divsf3_pse+0x56>
    4f7a:	bb 0b       	sbc	r27, r27
    4f7c:	80 2d       	mov	r24, r0
    4f7e:	bf 01       	movw	r22, r30
    4f80:	ff 27       	eor	r31, r31
    4f82:	93 58       	subi	r25, 0x83	; 131
    4f84:	5f 4f       	sbci	r21, 0xFF	; 255
    4f86:	3a f0       	brmi	.+14     	; 0x4f96 <__divsf3_pse+0x70>
    4f88:	9e 3f       	cpi	r25, 0xFE	; 254
    4f8a:	51 05       	cpc	r21, r1
    4f8c:	78 f0       	brcs	.+30     	; 0x4fac <__divsf3_pse+0x86>
    4f8e:	0c 94 7e 28 	jmp	0x50fc	; 0x50fc <__fp_inf>
    4f92:	0c 94 c9 28 	jmp	0x5192	; 0x5192 <__fp_szero>
    4f96:	5f 3f       	cpi	r21, 0xFF	; 255
    4f98:	e4 f3       	brlt	.-8      	; 0x4f92 <__divsf3_pse+0x6c>
    4f9a:	98 3e       	cpi	r25, 0xE8	; 232
    4f9c:	d4 f3       	brlt	.-12     	; 0x4f92 <__divsf3_pse+0x6c>
    4f9e:	86 95       	lsr	r24
    4fa0:	77 95       	ror	r23
    4fa2:	67 95       	ror	r22
    4fa4:	b7 95       	ror	r27
    4fa6:	f7 95       	ror	r31
    4fa8:	9f 5f       	subi	r25, 0xFF	; 255
    4faa:	c9 f7       	brne	.-14     	; 0x4f9e <__divsf3_pse+0x78>
    4fac:	88 0f       	add	r24, r24
    4fae:	91 1d       	adc	r25, r1
    4fb0:	96 95       	lsr	r25
    4fb2:	87 95       	ror	r24
    4fb4:	97 f9       	bld	r25, 7
    4fb6:	08 95       	ret
    4fb8:	e1 e0       	ldi	r30, 0x01	; 1
    4fba:	66 0f       	add	r22, r22
    4fbc:	77 1f       	adc	r23, r23
    4fbe:	88 1f       	adc	r24, r24
    4fc0:	bb 1f       	adc	r27, r27
    4fc2:	62 17       	cp	r22, r18
    4fc4:	73 07       	cpc	r23, r19
    4fc6:	84 07       	cpc	r24, r20
    4fc8:	ba 07       	cpc	r27, r26
    4fca:	20 f0       	brcs	.+8      	; 0x4fd4 <__divsf3_pse+0xae>
    4fcc:	62 1b       	sub	r22, r18
    4fce:	73 0b       	sbc	r23, r19
    4fd0:	84 0b       	sbc	r24, r20
    4fd2:	ba 0b       	sbc	r27, r26
    4fd4:	ee 1f       	adc	r30, r30
    4fd6:	88 f7       	brcc	.-30     	; 0x4fba <__divsf3_pse+0x94>
    4fd8:	e0 95       	com	r30
    4fda:	08 95       	ret

00004fdc <__fixunssfsi>:
    4fdc:	0e 94 ae 28 	call	0x515c	; 0x515c <__fp_splitA>
    4fe0:	88 f0       	brcs	.+34     	; 0x5004 <__fixunssfsi+0x28>
    4fe2:	9f 57       	subi	r25, 0x7F	; 127
    4fe4:	98 f0       	brcs	.+38     	; 0x500c <__fixunssfsi+0x30>
    4fe6:	b9 2f       	mov	r27, r25
    4fe8:	99 27       	eor	r25, r25
    4fea:	b7 51       	subi	r27, 0x17	; 23
    4fec:	b0 f0       	brcs	.+44     	; 0x501a <__fixunssfsi+0x3e>
    4fee:	e1 f0       	breq	.+56     	; 0x5028 <__fixunssfsi+0x4c>
    4ff0:	66 0f       	add	r22, r22
    4ff2:	77 1f       	adc	r23, r23
    4ff4:	88 1f       	adc	r24, r24
    4ff6:	99 1f       	adc	r25, r25
    4ff8:	1a f0       	brmi	.+6      	; 0x5000 <__fixunssfsi+0x24>
    4ffa:	ba 95       	dec	r27
    4ffc:	c9 f7       	brne	.-14     	; 0x4ff0 <__fixunssfsi+0x14>
    4ffe:	14 c0       	rjmp	.+40     	; 0x5028 <__fixunssfsi+0x4c>
    5000:	b1 30       	cpi	r27, 0x01	; 1
    5002:	91 f0       	breq	.+36     	; 0x5028 <__fixunssfsi+0x4c>
    5004:	0e 94 c8 28 	call	0x5190	; 0x5190 <__fp_zero>
    5008:	b1 e0       	ldi	r27, 0x01	; 1
    500a:	08 95       	ret
    500c:	0c 94 c8 28 	jmp	0x5190	; 0x5190 <__fp_zero>
    5010:	67 2f       	mov	r22, r23
    5012:	78 2f       	mov	r23, r24
    5014:	88 27       	eor	r24, r24
    5016:	b8 5f       	subi	r27, 0xF8	; 248
    5018:	39 f0       	breq	.+14     	; 0x5028 <__fixunssfsi+0x4c>
    501a:	b9 3f       	cpi	r27, 0xF9	; 249
    501c:	cc f3       	brlt	.-14     	; 0x5010 <__fixunssfsi+0x34>
    501e:	86 95       	lsr	r24
    5020:	77 95       	ror	r23
    5022:	67 95       	ror	r22
    5024:	b3 95       	inc	r27
    5026:	d9 f7       	brne	.-10     	; 0x501e <__fixunssfsi+0x42>
    5028:	3e f4       	brtc	.+14     	; 0x5038 <__fixunssfsi+0x5c>
    502a:	90 95       	com	r25
    502c:	80 95       	com	r24
    502e:	70 95       	com	r23
    5030:	61 95       	neg	r22
    5032:	7f 4f       	sbci	r23, 0xFF	; 255
    5034:	8f 4f       	sbci	r24, 0xFF	; 255
    5036:	9f 4f       	sbci	r25, 0xFF	; 255
    5038:	08 95       	ret

0000503a <__floatunsisf>:
    503a:	e8 94       	clt
    503c:	09 c0       	rjmp	.+18     	; 0x5050 <__floatsisf+0x12>

0000503e <__floatsisf>:
    503e:	97 fb       	bst	r25, 7
    5040:	3e f4       	brtc	.+14     	; 0x5050 <__floatsisf+0x12>
    5042:	90 95       	com	r25
    5044:	80 95       	com	r24
    5046:	70 95       	com	r23
    5048:	61 95       	neg	r22
    504a:	7f 4f       	sbci	r23, 0xFF	; 255
    504c:	8f 4f       	sbci	r24, 0xFF	; 255
    504e:	9f 4f       	sbci	r25, 0xFF	; 255
    5050:	99 23       	and	r25, r25
    5052:	a9 f0       	breq	.+42     	; 0x507e <__floatsisf+0x40>
    5054:	f9 2f       	mov	r31, r25
    5056:	96 e9       	ldi	r25, 0x96	; 150
    5058:	bb 27       	eor	r27, r27
    505a:	93 95       	inc	r25
    505c:	f6 95       	lsr	r31
    505e:	87 95       	ror	r24
    5060:	77 95       	ror	r23
    5062:	67 95       	ror	r22
    5064:	b7 95       	ror	r27
    5066:	f1 11       	cpse	r31, r1
    5068:	f8 cf       	rjmp	.-16     	; 0x505a <__floatsisf+0x1c>
    506a:	fa f4       	brpl	.+62     	; 0x50aa <__floatsisf+0x6c>
    506c:	bb 0f       	add	r27, r27
    506e:	11 f4       	brne	.+4      	; 0x5074 <__floatsisf+0x36>
    5070:	60 ff       	sbrs	r22, 0
    5072:	1b c0       	rjmp	.+54     	; 0x50aa <__floatsisf+0x6c>
    5074:	6f 5f       	subi	r22, 0xFF	; 255
    5076:	7f 4f       	sbci	r23, 0xFF	; 255
    5078:	8f 4f       	sbci	r24, 0xFF	; 255
    507a:	9f 4f       	sbci	r25, 0xFF	; 255
    507c:	16 c0       	rjmp	.+44     	; 0x50aa <__floatsisf+0x6c>
    507e:	88 23       	and	r24, r24
    5080:	11 f0       	breq	.+4      	; 0x5086 <__floatsisf+0x48>
    5082:	96 e9       	ldi	r25, 0x96	; 150
    5084:	11 c0       	rjmp	.+34     	; 0x50a8 <__floatsisf+0x6a>
    5086:	77 23       	and	r23, r23
    5088:	21 f0       	breq	.+8      	; 0x5092 <__floatsisf+0x54>
    508a:	9e e8       	ldi	r25, 0x8E	; 142
    508c:	87 2f       	mov	r24, r23
    508e:	76 2f       	mov	r23, r22
    5090:	05 c0       	rjmp	.+10     	; 0x509c <__floatsisf+0x5e>
    5092:	66 23       	and	r22, r22
    5094:	71 f0       	breq	.+28     	; 0x50b2 <__floatsisf+0x74>
    5096:	96 e8       	ldi	r25, 0x86	; 134
    5098:	86 2f       	mov	r24, r22
    509a:	70 e0       	ldi	r23, 0x00	; 0
    509c:	60 e0       	ldi	r22, 0x00	; 0
    509e:	2a f0       	brmi	.+10     	; 0x50aa <__floatsisf+0x6c>
    50a0:	9a 95       	dec	r25
    50a2:	66 0f       	add	r22, r22
    50a4:	77 1f       	adc	r23, r23
    50a6:	88 1f       	adc	r24, r24
    50a8:	da f7       	brpl	.-10     	; 0x50a0 <__floatsisf+0x62>
    50aa:	88 0f       	add	r24, r24
    50ac:	96 95       	lsr	r25
    50ae:	87 95       	ror	r24
    50b0:	97 f9       	bld	r25, 7
    50b2:	08 95       	ret

000050b4 <__fp_cmp>:
    50b4:	99 0f       	add	r25, r25
    50b6:	00 08       	sbc	r0, r0
    50b8:	55 0f       	add	r21, r21
    50ba:	aa 0b       	sbc	r26, r26
    50bc:	e0 e8       	ldi	r30, 0x80	; 128
    50be:	fe ef       	ldi	r31, 0xFE	; 254
    50c0:	16 16       	cp	r1, r22
    50c2:	17 06       	cpc	r1, r23
    50c4:	e8 07       	cpc	r30, r24
    50c6:	f9 07       	cpc	r31, r25
    50c8:	c0 f0       	brcs	.+48     	; 0x50fa <__fp_cmp+0x46>
    50ca:	12 16       	cp	r1, r18
    50cc:	13 06       	cpc	r1, r19
    50ce:	e4 07       	cpc	r30, r20
    50d0:	f5 07       	cpc	r31, r21
    50d2:	98 f0       	brcs	.+38     	; 0x50fa <__fp_cmp+0x46>
    50d4:	62 1b       	sub	r22, r18
    50d6:	73 0b       	sbc	r23, r19
    50d8:	84 0b       	sbc	r24, r20
    50da:	95 0b       	sbc	r25, r21
    50dc:	39 f4       	brne	.+14     	; 0x50ec <__fp_cmp+0x38>
    50de:	0a 26       	eor	r0, r26
    50e0:	61 f0       	breq	.+24     	; 0x50fa <__fp_cmp+0x46>
    50e2:	23 2b       	or	r18, r19
    50e4:	24 2b       	or	r18, r20
    50e6:	25 2b       	or	r18, r21
    50e8:	21 f4       	brne	.+8      	; 0x50f2 <__fp_cmp+0x3e>
    50ea:	08 95       	ret
    50ec:	0a 26       	eor	r0, r26
    50ee:	09 f4       	brne	.+2      	; 0x50f2 <__fp_cmp+0x3e>
    50f0:	a1 40       	sbci	r26, 0x01	; 1
    50f2:	a6 95       	lsr	r26
    50f4:	8f ef       	ldi	r24, 0xFF	; 255
    50f6:	81 1d       	adc	r24, r1
    50f8:	81 1d       	adc	r24, r1
    50fa:	08 95       	ret

000050fc <__fp_inf>:
    50fc:	97 f9       	bld	r25, 7
    50fe:	9f 67       	ori	r25, 0x7F	; 127
    5100:	80 e8       	ldi	r24, 0x80	; 128
    5102:	70 e0       	ldi	r23, 0x00	; 0
    5104:	60 e0       	ldi	r22, 0x00	; 0
    5106:	08 95       	ret

00005108 <__fp_nan>:
    5108:	9f ef       	ldi	r25, 0xFF	; 255
    510a:	80 ec       	ldi	r24, 0xC0	; 192
    510c:	08 95       	ret

0000510e <__fp_pscA>:
    510e:	00 24       	eor	r0, r0
    5110:	0a 94       	dec	r0
    5112:	16 16       	cp	r1, r22
    5114:	17 06       	cpc	r1, r23
    5116:	18 06       	cpc	r1, r24
    5118:	09 06       	cpc	r0, r25
    511a:	08 95       	ret

0000511c <__fp_pscB>:
    511c:	00 24       	eor	r0, r0
    511e:	0a 94       	dec	r0
    5120:	12 16       	cp	r1, r18
    5122:	13 06       	cpc	r1, r19
    5124:	14 06       	cpc	r1, r20
    5126:	05 06       	cpc	r0, r21
    5128:	08 95       	ret

0000512a <__fp_round>:
    512a:	09 2e       	mov	r0, r25
    512c:	03 94       	inc	r0
    512e:	00 0c       	add	r0, r0
    5130:	11 f4       	brne	.+4      	; 0x5136 <__fp_round+0xc>
    5132:	88 23       	and	r24, r24
    5134:	52 f0       	brmi	.+20     	; 0x514a <__fp_round+0x20>
    5136:	bb 0f       	add	r27, r27
    5138:	40 f4       	brcc	.+16     	; 0x514a <__fp_round+0x20>
    513a:	bf 2b       	or	r27, r31
    513c:	11 f4       	brne	.+4      	; 0x5142 <__fp_round+0x18>
    513e:	60 ff       	sbrs	r22, 0
    5140:	04 c0       	rjmp	.+8      	; 0x514a <__fp_round+0x20>
    5142:	6f 5f       	subi	r22, 0xFF	; 255
    5144:	7f 4f       	sbci	r23, 0xFF	; 255
    5146:	8f 4f       	sbci	r24, 0xFF	; 255
    5148:	9f 4f       	sbci	r25, 0xFF	; 255
    514a:	08 95       	ret

0000514c <__fp_split3>:
    514c:	57 fd       	sbrc	r21, 7
    514e:	90 58       	subi	r25, 0x80	; 128
    5150:	44 0f       	add	r20, r20
    5152:	55 1f       	adc	r21, r21
    5154:	59 f0       	breq	.+22     	; 0x516c <__fp_splitA+0x10>
    5156:	5f 3f       	cpi	r21, 0xFF	; 255
    5158:	71 f0       	breq	.+28     	; 0x5176 <__fp_splitA+0x1a>
    515a:	47 95       	ror	r20

0000515c <__fp_splitA>:
    515c:	88 0f       	add	r24, r24
    515e:	97 fb       	bst	r25, 7
    5160:	99 1f       	adc	r25, r25
    5162:	61 f0       	breq	.+24     	; 0x517c <__fp_splitA+0x20>
    5164:	9f 3f       	cpi	r25, 0xFF	; 255
    5166:	79 f0       	breq	.+30     	; 0x5186 <__fp_splitA+0x2a>
    5168:	87 95       	ror	r24
    516a:	08 95       	ret
    516c:	12 16       	cp	r1, r18
    516e:	13 06       	cpc	r1, r19
    5170:	14 06       	cpc	r1, r20
    5172:	55 1f       	adc	r21, r21
    5174:	f2 cf       	rjmp	.-28     	; 0x515a <__fp_split3+0xe>
    5176:	46 95       	lsr	r20
    5178:	f1 df       	rcall	.-30     	; 0x515c <__fp_splitA>
    517a:	08 c0       	rjmp	.+16     	; 0x518c <__fp_splitA+0x30>
    517c:	16 16       	cp	r1, r22
    517e:	17 06       	cpc	r1, r23
    5180:	18 06       	cpc	r1, r24
    5182:	99 1f       	adc	r25, r25
    5184:	f1 cf       	rjmp	.-30     	; 0x5168 <__fp_splitA+0xc>
    5186:	86 95       	lsr	r24
    5188:	71 05       	cpc	r23, r1
    518a:	61 05       	cpc	r22, r1
    518c:	08 94       	sec
    518e:	08 95       	ret

00005190 <__fp_zero>:
    5190:	e8 94       	clt

00005192 <__fp_szero>:
    5192:	bb 27       	eor	r27, r27
    5194:	66 27       	eor	r22, r22
    5196:	77 27       	eor	r23, r23
    5198:	cb 01       	movw	r24, r22
    519a:	97 f9       	bld	r25, 7
    519c:	08 95       	ret

0000519e <__gesf2>:
    519e:	0e 94 5a 28 	call	0x50b4	; 0x50b4 <__fp_cmp>
    51a2:	08 f4       	brcc	.+2      	; 0x51a6 <__gesf2+0x8>
    51a4:	8f ef       	ldi	r24, 0xFF	; 255
    51a6:	08 95       	ret

000051a8 <__mulsf3>:
    51a8:	0e 94 e7 28 	call	0x51ce	; 0x51ce <__mulsf3x>
    51ac:	0c 94 95 28 	jmp	0x512a	; 0x512a <__fp_round>
    51b0:	0e 94 87 28 	call	0x510e	; 0x510e <__fp_pscA>
    51b4:	38 f0       	brcs	.+14     	; 0x51c4 <__mulsf3+0x1c>
    51b6:	0e 94 8e 28 	call	0x511c	; 0x511c <__fp_pscB>
    51ba:	20 f0       	brcs	.+8      	; 0x51c4 <__mulsf3+0x1c>
    51bc:	95 23       	and	r25, r21
    51be:	11 f0       	breq	.+4      	; 0x51c4 <__mulsf3+0x1c>
    51c0:	0c 94 7e 28 	jmp	0x50fc	; 0x50fc <__fp_inf>
    51c4:	0c 94 84 28 	jmp	0x5108	; 0x5108 <__fp_nan>
    51c8:	11 24       	eor	r1, r1
    51ca:	0c 94 c9 28 	jmp	0x5192	; 0x5192 <__fp_szero>

000051ce <__mulsf3x>:
    51ce:	0e 94 a6 28 	call	0x514c	; 0x514c <__fp_split3>
    51d2:	70 f3       	brcs	.-36     	; 0x51b0 <__mulsf3+0x8>

000051d4 <__mulsf3_pse>:
    51d4:	95 9f       	mul	r25, r21
    51d6:	c1 f3       	breq	.-16     	; 0x51c8 <__mulsf3+0x20>
    51d8:	95 0f       	add	r25, r21
    51da:	50 e0       	ldi	r21, 0x00	; 0
    51dc:	55 1f       	adc	r21, r21
    51de:	62 9f       	mul	r22, r18
    51e0:	f0 01       	movw	r30, r0
    51e2:	72 9f       	mul	r23, r18
    51e4:	bb 27       	eor	r27, r27
    51e6:	f0 0d       	add	r31, r0
    51e8:	b1 1d       	adc	r27, r1
    51ea:	63 9f       	mul	r22, r19
    51ec:	aa 27       	eor	r26, r26
    51ee:	f0 0d       	add	r31, r0
    51f0:	b1 1d       	adc	r27, r1
    51f2:	aa 1f       	adc	r26, r26
    51f4:	64 9f       	mul	r22, r20
    51f6:	66 27       	eor	r22, r22
    51f8:	b0 0d       	add	r27, r0
    51fa:	a1 1d       	adc	r26, r1
    51fc:	66 1f       	adc	r22, r22
    51fe:	82 9f       	mul	r24, r18
    5200:	22 27       	eor	r18, r18
    5202:	b0 0d       	add	r27, r0
    5204:	a1 1d       	adc	r26, r1
    5206:	62 1f       	adc	r22, r18
    5208:	73 9f       	mul	r23, r19
    520a:	b0 0d       	add	r27, r0
    520c:	a1 1d       	adc	r26, r1
    520e:	62 1f       	adc	r22, r18
    5210:	83 9f       	mul	r24, r19
    5212:	a0 0d       	add	r26, r0
    5214:	61 1d       	adc	r22, r1
    5216:	22 1f       	adc	r18, r18
    5218:	74 9f       	mul	r23, r20
    521a:	33 27       	eor	r19, r19
    521c:	a0 0d       	add	r26, r0
    521e:	61 1d       	adc	r22, r1
    5220:	23 1f       	adc	r18, r19
    5222:	84 9f       	mul	r24, r20
    5224:	60 0d       	add	r22, r0
    5226:	21 1d       	adc	r18, r1
    5228:	82 2f       	mov	r24, r18
    522a:	76 2f       	mov	r23, r22
    522c:	6a 2f       	mov	r22, r26
    522e:	11 24       	eor	r1, r1
    5230:	9f 57       	subi	r25, 0x7F	; 127
    5232:	50 40       	sbci	r21, 0x00	; 0
    5234:	9a f0       	brmi	.+38     	; 0x525c <__mulsf3_pse+0x88>
    5236:	f1 f0       	breq	.+60     	; 0x5274 <__mulsf3_pse+0xa0>
    5238:	88 23       	and	r24, r24
    523a:	4a f0       	brmi	.+18     	; 0x524e <__mulsf3_pse+0x7a>
    523c:	ee 0f       	add	r30, r30
    523e:	ff 1f       	adc	r31, r31
    5240:	bb 1f       	adc	r27, r27
    5242:	66 1f       	adc	r22, r22
    5244:	77 1f       	adc	r23, r23
    5246:	88 1f       	adc	r24, r24
    5248:	91 50       	subi	r25, 0x01	; 1
    524a:	50 40       	sbci	r21, 0x00	; 0
    524c:	a9 f7       	brne	.-22     	; 0x5238 <__mulsf3_pse+0x64>
    524e:	9e 3f       	cpi	r25, 0xFE	; 254
    5250:	51 05       	cpc	r21, r1
    5252:	80 f0       	brcs	.+32     	; 0x5274 <__mulsf3_pse+0xa0>
    5254:	0c 94 7e 28 	jmp	0x50fc	; 0x50fc <__fp_inf>
    5258:	0c 94 c9 28 	jmp	0x5192	; 0x5192 <__fp_szero>
    525c:	5f 3f       	cpi	r21, 0xFF	; 255
    525e:	e4 f3       	brlt	.-8      	; 0x5258 <__mulsf3_pse+0x84>
    5260:	98 3e       	cpi	r25, 0xE8	; 232
    5262:	d4 f3       	brlt	.-12     	; 0x5258 <__mulsf3_pse+0x84>
    5264:	86 95       	lsr	r24
    5266:	77 95       	ror	r23
    5268:	67 95       	ror	r22
    526a:	b7 95       	ror	r27
    526c:	f7 95       	ror	r31
    526e:	e7 95       	ror	r30
    5270:	9f 5f       	subi	r25, 0xFF	; 255
    5272:	c1 f7       	brne	.-16     	; 0x5264 <__mulsf3_pse+0x90>
    5274:	fe 2b       	or	r31, r30
    5276:	88 0f       	add	r24, r24
    5278:	91 1d       	adc	r25, r1
    527a:	96 95       	lsr	r25
    527c:	87 95       	ror	r24
    527e:	97 f9       	bld	r25, 7
    5280:	08 95       	ret

00005282 <pow>:
    5282:	fa 01       	movw	r30, r20
    5284:	ee 0f       	add	r30, r30
    5286:	ff 1f       	adc	r31, r31
    5288:	30 96       	adiw	r30, 0x00	; 0
    528a:	21 05       	cpc	r18, r1
    528c:	31 05       	cpc	r19, r1
    528e:	a1 f1       	breq	.+104    	; 0x52f8 <pow+0x76>
    5290:	61 15       	cp	r22, r1
    5292:	71 05       	cpc	r23, r1
    5294:	61 f4       	brne	.+24     	; 0x52ae <pow+0x2c>
    5296:	80 38       	cpi	r24, 0x80	; 128
    5298:	bf e3       	ldi	r27, 0x3F	; 63
    529a:	9b 07       	cpc	r25, r27
    529c:	49 f1       	breq	.+82     	; 0x52f0 <pow+0x6e>
    529e:	68 94       	set
    52a0:	90 38       	cpi	r25, 0x80	; 128
    52a2:	81 05       	cpc	r24, r1
    52a4:	61 f0       	breq	.+24     	; 0x52be <pow+0x3c>
    52a6:	80 38       	cpi	r24, 0x80	; 128
    52a8:	bf ef       	ldi	r27, 0xFF	; 255
    52aa:	9b 07       	cpc	r25, r27
    52ac:	41 f0       	breq	.+16     	; 0x52be <pow+0x3c>
    52ae:	99 23       	and	r25, r25
    52b0:	4a f5       	brpl	.+82     	; 0x5304 <pow+0x82>
    52b2:	ff 3f       	cpi	r31, 0xFF	; 255
    52b4:	e1 05       	cpc	r30, r1
    52b6:	31 05       	cpc	r19, r1
    52b8:	21 05       	cpc	r18, r1
    52ba:	19 f1       	breq	.+70     	; 0x5302 <pow+0x80>
    52bc:	e8 94       	clt
    52be:	08 94       	sec
    52c0:	e7 95       	ror	r30
    52c2:	d9 01       	movw	r26, r18
    52c4:	aa 23       	and	r26, r26
    52c6:	29 f4       	brne	.+10     	; 0x52d2 <pow+0x50>
    52c8:	ab 2f       	mov	r26, r27
    52ca:	be 2f       	mov	r27, r30
    52cc:	f8 5f       	subi	r31, 0xF8	; 248
    52ce:	d0 f3       	brcs	.-12     	; 0x52c4 <pow+0x42>
    52d0:	10 c0       	rjmp	.+32     	; 0x52f2 <pow+0x70>
    52d2:	ff 5f       	subi	r31, 0xFF	; 255
    52d4:	70 f4       	brcc	.+28     	; 0x52f2 <pow+0x70>
    52d6:	a6 95       	lsr	r26
    52d8:	e0 f7       	brcc	.-8      	; 0x52d2 <pow+0x50>
    52da:	f7 39       	cpi	r31, 0x97	; 151
    52dc:	50 f0       	brcs	.+20     	; 0x52f2 <pow+0x70>
    52de:	19 f0       	breq	.+6      	; 0x52e6 <pow+0x64>
    52e0:	ff 3a       	cpi	r31, 0xAF	; 175
    52e2:	38 f4       	brcc	.+14     	; 0x52f2 <pow+0x70>
    52e4:	9f 77       	andi	r25, 0x7F	; 127
    52e6:	9f 93       	push	r25
    52e8:	0d d0       	rcall	.+26     	; 0x5304 <pow+0x82>
    52ea:	0f 90       	pop	r0
    52ec:	07 fc       	sbrc	r0, 7
    52ee:	90 58       	subi	r25, 0x80	; 128
    52f0:	08 95       	ret
    52f2:	46 f0       	brts	.+16     	; 0x5304 <pow+0x82>
    52f4:	0c 94 84 28 	jmp	0x5108	; 0x5108 <__fp_nan>
    52f8:	60 e0       	ldi	r22, 0x00	; 0
    52fa:	70 e0       	ldi	r23, 0x00	; 0
    52fc:	80 e8       	ldi	r24, 0x80	; 128
    52fe:	9f e3       	ldi	r25, 0x3F	; 63
    5300:	08 95       	ret
    5302:	4f e7       	ldi	r20, 0x7F	; 127
    5304:	9f 77       	andi	r25, 0x7F	; 127
    5306:	5f 93       	push	r21
    5308:	4f 93       	push	r20
    530a:	3f 93       	push	r19
    530c:	2f 93       	push	r18
    530e:	0e 94 3c 2a 	call	0x5478	; 0x5478 <log>
    5312:	2f 91       	pop	r18
    5314:	3f 91       	pop	r19
    5316:	4f 91       	pop	r20
    5318:	5f 91       	pop	r21
    531a:	0e 94 d4 28 	call	0x51a8	; 0x51a8 <__mulsf3>
    531e:	0c 94 99 29 	jmp	0x5332	; 0x5332 <exp>
    5322:	29 f4       	brne	.+10     	; 0x532e <pow+0xac>
    5324:	16 f0       	brts	.+4      	; 0x532a <pow+0xa8>
    5326:	0c 94 7e 28 	jmp	0x50fc	; 0x50fc <__fp_inf>
    532a:	0c 94 c8 28 	jmp	0x5190	; 0x5190 <__fp_zero>
    532e:	0c 94 84 28 	jmp	0x5108	; 0x5108 <__fp_nan>

00005332 <exp>:
    5332:	0e 94 ae 28 	call	0x515c	; 0x515c <__fp_splitA>
    5336:	a8 f3       	brcs	.-22     	; 0x5322 <pow+0xa0>
    5338:	96 38       	cpi	r25, 0x86	; 134
    533a:	a0 f7       	brcc	.-24     	; 0x5324 <pow+0xa2>
    533c:	07 f8       	bld	r0, 7
    533e:	0f 92       	push	r0
    5340:	e8 94       	clt
    5342:	2b e3       	ldi	r18, 0x3B	; 59
    5344:	3a ea       	ldi	r19, 0xAA	; 170
    5346:	48 eb       	ldi	r20, 0xB8	; 184
    5348:	5f e7       	ldi	r21, 0x7F	; 127
    534a:	0e 94 ea 28 	call	0x51d4	; 0x51d4 <__mulsf3_pse>
    534e:	0f 92       	push	r0
    5350:	0f 92       	push	r0
    5352:	0f 92       	push	r0
    5354:	4d b7       	in	r20, 0x3d	; 61
    5356:	5e b7       	in	r21, 0x3e	; 62
    5358:	0f 92       	push	r0
    535a:	0e 94 84 2a 	call	0x5508	; 0x5508 <modf>
    535e:	ec ef       	ldi	r30, 0xFC	; 252
    5360:	f1 e0       	ldi	r31, 0x01	; 1
    5362:	0e 94 cb 29 	call	0x5396	; 0x5396 <__fp_powser>
    5366:	4f 91       	pop	r20
    5368:	5f 91       	pop	r21
    536a:	ef 91       	pop	r30
    536c:	ff 91       	pop	r31
    536e:	e5 95       	asr	r30
    5370:	ee 1f       	adc	r30, r30
    5372:	ff 1f       	adc	r31, r31
    5374:	49 f0       	breq	.+18     	; 0x5388 <exp+0x56>
    5376:	fe 57       	subi	r31, 0x7E	; 126
    5378:	e0 68       	ori	r30, 0x80	; 128
    537a:	44 27       	eor	r20, r20
    537c:	ee 0f       	add	r30, r30
    537e:	44 1f       	adc	r20, r20
    5380:	fa 95       	dec	r31
    5382:	e1 f7       	brne	.-8      	; 0x537c <exp+0x4a>
    5384:	41 95       	neg	r20
    5386:	55 0b       	sbc	r21, r21
    5388:	0e 94 fe 29 	call	0x53fc	; 0x53fc <ldexp>
    538c:	0f 90       	pop	r0
    538e:	07 fe       	sbrs	r0, 7
    5390:	0c 94 f2 29 	jmp	0x53e4	; 0x53e4 <inverse>
    5394:	08 95       	ret

00005396 <__fp_powser>:
    5396:	df 93       	push	r29
    5398:	cf 93       	push	r28
    539a:	1f 93       	push	r17
    539c:	0f 93       	push	r16
    539e:	ff 92       	push	r15
    53a0:	ef 92       	push	r14
    53a2:	df 92       	push	r13
    53a4:	7b 01       	movw	r14, r22
    53a6:	8c 01       	movw	r16, r24
    53a8:	68 94       	set
    53aa:	06 c0       	rjmp	.+12     	; 0x53b8 <__fp_powser+0x22>
    53ac:	da 2e       	mov	r13, r26
    53ae:	ef 01       	movw	r28, r30
    53b0:	0e 94 e7 28 	call	0x51ce	; 0x51ce <__mulsf3x>
    53b4:	fe 01       	movw	r30, r28
    53b6:	e8 94       	clt
    53b8:	a5 91       	lpm	r26, Z+
    53ba:	25 91       	lpm	r18, Z+
    53bc:	35 91       	lpm	r19, Z+
    53be:	45 91       	lpm	r20, Z+
    53c0:	55 91       	lpm	r21, Z+
    53c2:	a6 f3       	brts	.-24     	; 0x53ac <__fp_powser+0x16>
    53c4:	ef 01       	movw	r28, r30
    53c6:	0e 94 22 27 	call	0x4e44	; 0x4e44 <__addsf3x>
    53ca:	fe 01       	movw	r30, r28
    53cc:	97 01       	movw	r18, r14
    53ce:	a8 01       	movw	r20, r16
    53d0:	da 94       	dec	r13
    53d2:	69 f7       	brne	.-38     	; 0x53ae <__fp_powser+0x18>
    53d4:	df 90       	pop	r13
    53d6:	ef 90       	pop	r14
    53d8:	ff 90       	pop	r15
    53da:	0f 91       	pop	r16
    53dc:	1f 91       	pop	r17
    53de:	cf 91       	pop	r28
    53e0:	df 91       	pop	r29
    53e2:	08 95       	ret

000053e4 <inverse>:
    53e4:	9b 01       	movw	r18, r22
    53e6:	ac 01       	movw	r20, r24
    53e8:	60 e0       	ldi	r22, 0x00	; 0
    53ea:	70 e0       	ldi	r23, 0x00	; 0
    53ec:	80 e8       	ldi	r24, 0x80	; 128
    53ee:	9f e3       	ldi	r25, 0x3F	; 63
    53f0:	0c 94 7c 27 	jmp	0x4ef8	; 0x4ef8 <__divsf3>
    53f4:	0c 94 7e 28 	jmp	0x50fc	; 0x50fc <__fp_inf>
    53f8:	0c 94 b8 2a 	jmp	0x5570	; 0x5570 <__fp_mpack>

000053fc <ldexp>:
    53fc:	0e 94 ae 28 	call	0x515c	; 0x515c <__fp_splitA>
    5400:	d8 f3       	brcs	.-10     	; 0x53f8 <inverse+0x14>
    5402:	99 23       	and	r25, r25
    5404:	c9 f3       	breq	.-14     	; 0x53f8 <inverse+0x14>
    5406:	94 0f       	add	r25, r20
    5408:	51 1d       	adc	r21, r1
    540a:	a3 f3       	brvs	.-24     	; 0x53f4 <inverse+0x10>
    540c:	91 50       	subi	r25, 0x01	; 1
    540e:	50 40       	sbci	r21, 0x00	; 0
    5410:	94 f0       	brlt	.+36     	; 0x5436 <ldexp+0x3a>
    5412:	59 f0       	breq	.+22     	; 0x542a <ldexp+0x2e>
    5414:	88 23       	and	r24, r24
    5416:	32 f0       	brmi	.+12     	; 0x5424 <ldexp+0x28>
    5418:	66 0f       	add	r22, r22
    541a:	77 1f       	adc	r23, r23
    541c:	88 1f       	adc	r24, r24
    541e:	91 50       	subi	r25, 0x01	; 1
    5420:	50 40       	sbci	r21, 0x00	; 0
    5422:	c1 f7       	brne	.-16     	; 0x5414 <ldexp+0x18>
    5424:	9e 3f       	cpi	r25, 0xFE	; 254
    5426:	51 05       	cpc	r21, r1
    5428:	2c f7       	brge	.-54     	; 0x53f4 <inverse+0x10>
    542a:	88 0f       	add	r24, r24
    542c:	91 1d       	adc	r25, r1
    542e:	96 95       	lsr	r25
    5430:	87 95       	ror	r24
    5432:	97 f9       	bld	r25, 7
    5434:	08 95       	ret
    5436:	5f 3f       	cpi	r21, 0xFF	; 255
    5438:	ac f0       	brlt	.+42     	; 0x5464 <ldexp+0x68>
    543a:	98 3e       	cpi	r25, 0xE8	; 232
    543c:	9c f0       	brlt	.+38     	; 0x5464 <ldexp+0x68>
    543e:	bb 27       	eor	r27, r27
    5440:	86 95       	lsr	r24
    5442:	77 95       	ror	r23
    5444:	67 95       	ror	r22
    5446:	b7 95       	ror	r27
    5448:	08 f4       	brcc	.+2      	; 0x544c <ldexp+0x50>
    544a:	b1 60       	ori	r27, 0x01	; 1
    544c:	93 95       	inc	r25
    544e:	c1 f7       	brne	.-16     	; 0x5440 <ldexp+0x44>
    5450:	bb 0f       	add	r27, r27
    5452:	58 f7       	brcc	.-42     	; 0x542a <ldexp+0x2e>
    5454:	11 f4       	brne	.+4      	; 0x545a <ldexp+0x5e>
    5456:	60 ff       	sbrs	r22, 0
    5458:	e8 cf       	rjmp	.-48     	; 0x542a <ldexp+0x2e>
    545a:	6f 5f       	subi	r22, 0xFF	; 255
    545c:	7f 4f       	sbci	r23, 0xFF	; 255
    545e:	8f 4f       	sbci	r24, 0xFF	; 255
    5460:	9f 4f       	sbci	r25, 0xFF	; 255
    5462:	e3 cf       	rjmp	.-58     	; 0x542a <ldexp+0x2e>
    5464:	0c 94 c9 28 	jmp	0x5192	; 0x5192 <__fp_szero>
    5468:	16 f0       	brts	.+4      	; 0x546e <ldexp+0x72>
    546a:	0c 94 b8 2a 	jmp	0x5570	; 0x5570 <__fp_mpack>
    546e:	0c 94 84 28 	jmp	0x5108	; 0x5108 <__fp_nan>
    5472:	68 94       	set
    5474:	0c 94 7e 28 	jmp	0x50fc	; 0x50fc <__fp_inf>

00005478 <log>:
    5478:	0e 94 ae 28 	call	0x515c	; 0x515c <__fp_splitA>
    547c:	a8 f3       	brcs	.-22     	; 0x5468 <ldexp+0x6c>
    547e:	99 23       	and	r25, r25
    5480:	c1 f3       	breq	.-16     	; 0x5472 <ldexp+0x76>
    5482:	ae f3       	brts	.-22     	; 0x546e <ldexp+0x72>
    5484:	df 93       	push	r29
    5486:	cf 93       	push	r28
    5488:	1f 93       	push	r17
    548a:	0f 93       	push	r16
    548c:	ff 92       	push	r15
    548e:	c9 2f       	mov	r28, r25
    5490:	dd 27       	eor	r29, r29
    5492:	88 23       	and	r24, r24
    5494:	2a f0       	brmi	.+10     	; 0x54a0 <log+0x28>
    5496:	21 97       	sbiw	r28, 0x01	; 1
    5498:	66 0f       	add	r22, r22
    549a:	77 1f       	adc	r23, r23
    549c:	88 1f       	adc	r24, r24
    549e:	da f7       	brpl	.-10     	; 0x5496 <log+0x1e>
    54a0:	20 e0       	ldi	r18, 0x00	; 0
    54a2:	30 e0       	ldi	r19, 0x00	; 0
    54a4:	40 e8       	ldi	r20, 0x80	; 128
    54a6:	5f eb       	ldi	r21, 0xBF	; 191
    54a8:	9f e3       	ldi	r25, 0x3F	; 63
    54aa:	88 39       	cpi	r24, 0x98	; 152
    54ac:	20 f0       	brcs	.+8      	; 0x54b6 <log+0x3e>
    54ae:	80 3e       	cpi	r24, 0xE0	; 224
    54b0:	38 f0       	brcs	.+14     	; 0x54c0 <log+0x48>
    54b2:	21 96       	adiw	r28, 0x01	; 1
    54b4:	8f 77       	andi	r24, 0x7F	; 127
    54b6:	0e 94 0b 27 	call	0x4e16	; 0x4e16 <__addsf3>
    54ba:	e4 e2       	ldi	r30, 0x24	; 36
    54bc:	f2 e0       	ldi	r31, 0x02	; 2
    54be:	04 c0       	rjmp	.+8      	; 0x54c8 <log+0x50>
    54c0:	0e 94 0b 27 	call	0x4e16	; 0x4e16 <__addsf3>
    54c4:	e1 e5       	ldi	r30, 0x51	; 81
    54c6:	f2 e0       	ldi	r31, 0x02	; 2
    54c8:	0e 94 cb 29 	call	0x5396	; 0x5396 <__fp_powser>
    54cc:	8b 01       	movw	r16, r22
    54ce:	be 01       	movw	r22, r28
    54d0:	ec 01       	movw	r28, r24
    54d2:	fb 2e       	mov	r15, r27
    54d4:	6f 57       	subi	r22, 0x7F	; 127
    54d6:	71 09       	sbc	r23, r1
    54d8:	75 95       	asr	r23
    54da:	77 1f       	adc	r23, r23
    54dc:	88 0b       	sbc	r24, r24
    54de:	99 0b       	sbc	r25, r25
    54e0:	0e 94 1f 28 	call	0x503e	; 0x503e <__floatsisf>
    54e4:	28 e1       	ldi	r18, 0x18	; 24
    54e6:	32 e7       	ldi	r19, 0x72	; 114
    54e8:	41 e3       	ldi	r20, 0x31	; 49
    54ea:	5f e3       	ldi	r21, 0x3F	; 63
    54ec:	0e 94 e7 28 	call	0x51ce	; 0x51ce <__mulsf3x>
    54f0:	af 2d       	mov	r26, r15
    54f2:	98 01       	movw	r18, r16
    54f4:	ae 01       	movw	r20, r28
    54f6:	ff 90       	pop	r15
    54f8:	0f 91       	pop	r16
    54fa:	1f 91       	pop	r17
    54fc:	cf 91       	pop	r28
    54fe:	df 91       	pop	r29
    5500:	0e 94 22 27 	call	0x4e44	; 0x4e44 <__addsf3x>
    5504:	0c 94 95 28 	jmp	0x512a	; 0x512a <__fp_round>

00005508 <modf>:
    5508:	fa 01       	movw	r30, r20
    550a:	dc 01       	movw	r26, r24
    550c:	aa 0f       	add	r26, r26
    550e:	bb 1f       	adc	r27, r27
    5510:	9b 01       	movw	r18, r22
    5512:	ac 01       	movw	r20, r24
    5514:	bf 57       	subi	r27, 0x7F	; 127
    5516:	28 f4       	brcc	.+10     	; 0x5522 <modf+0x1a>
    5518:	22 27       	eor	r18, r18
    551a:	33 27       	eor	r19, r19
    551c:	44 27       	eor	r20, r20
    551e:	50 78       	andi	r21, 0x80	; 128
    5520:	20 c0       	rjmp	.+64     	; 0x5562 <modf+0x5a>
    5522:	b7 51       	subi	r27, 0x17	; 23
    5524:	90 f4       	brcc	.+36     	; 0x554a <modf+0x42>
    5526:	ab 2f       	mov	r26, r27
    5528:	00 24       	eor	r0, r0
    552a:	46 95       	lsr	r20
    552c:	37 95       	ror	r19
    552e:	27 95       	ror	r18
    5530:	01 1c       	adc	r0, r1
    5532:	a3 95       	inc	r26
    5534:	d2 f3       	brmi	.-12     	; 0x552a <modf+0x22>
    5536:	00 20       	and	r0, r0
    5538:	71 f0       	breq	.+28     	; 0x5556 <modf+0x4e>
    553a:	22 0f       	add	r18, r18
    553c:	33 1f       	adc	r19, r19
    553e:	44 1f       	adc	r20, r20
    5540:	b3 95       	inc	r27
    5542:	da f3       	brmi	.-10     	; 0x553a <modf+0x32>
    5544:	0e d0       	rcall	.+28     	; 0x5562 <modf+0x5a>
    5546:	0c 94 0a 27 	jmp	0x4e14	; 0x4e14 <__subsf3>
    554a:	61 30       	cpi	r22, 0x01	; 1
    554c:	71 05       	cpc	r23, r1
    554e:	a0 e8       	ldi	r26, 0x80	; 128
    5550:	8a 07       	cpc	r24, r26
    5552:	b9 46       	sbci	r27, 0x69	; 105
    5554:	30 f4       	brcc	.+12     	; 0x5562 <modf+0x5a>
    5556:	9b 01       	movw	r18, r22
    5558:	ac 01       	movw	r20, r24
    555a:	66 27       	eor	r22, r22
    555c:	77 27       	eor	r23, r23
    555e:	88 27       	eor	r24, r24
    5560:	90 78       	andi	r25, 0x80	; 128
    5562:	30 96       	adiw	r30, 0x00	; 0
    5564:	21 f0       	breq	.+8      	; 0x556e <modf+0x66>
    5566:	20 83       	st	Z, r18
    5568:	31 83       	std	Z+1, r19	; 0x01
    556a:	42 83       	std	Z+2, r20	; 0x02
    556c:	53 83       	std	Z+3, r21	; 0x03
    556e:	08 95       	ret

00005570 <__fp_mpack>:
    5570:	9f 3f       	cpi	r25, 0xFF	; 255
    5572:	31 f0       	breq	.+12     	; 0x5580 <__fp_mpack_finite+0xc>

00005574 <__fp_mpack_finite>:
    5574:	91 50       	subi	r25, 0x01	; 1
    5576:	20 f4       	brcc	.+8      	; 0x5580 <__fp_mpack_finite+0xc>
    5578:	87 95       	ror	r24
    557a:	77 95       	ror	r23
    557c:	67 95       	ror	r22
    557e:	b7 95       	ror	r27
    5580:	88 0f       	add	r24, r24
    5582:	91 1d       	adc	r25, r1
    5584:	96 95       	lsr	r25
    5586:	87 95       	ror	r24
    5588:	97 f9       	bld	r25, 7
    558a:	08 95       	ret

0000558c <vfprintf>:
    558c:	2f 92       	push	r2
    558e:	3f 92       	push	r3
    5590:	4f 92       	push	r4
    5592:	5f 92       	push	r5
    5594:	6f 92       	push	r6
    5596:	7f 92       	push	r7
    5598:	8f 92       	push	r8
    559a:	9f 92       	push	r9
    559c:	af 92       	push	r10
    559e:	bf 92       	push	r11
    55a0:	cf 92       	push	r12
    55a2:	df 92       	push	r13
    55a4:	ef 92       	push	r14
    55a6:	ff 92       	push	r15
    55a8:	0f 93       	push	r16
    55aa:	1f 93       	push	r17
    55ac:	cf 93       	push	r28
    55ae:	df 93       	push	r29
    55b0:	cd b7       	in	r28, 0x3d	; 61
    55b2:	de b7       	in	r29, 0x3e	; 62
    55b4:	60 97       	sbiw	r28, 0x10	; 16
    55b6:	cd bf       	out	0x3d, r28	; 61
    55b8:	de bf       	out	0x3e, r29	; 62
    55ba:	7c 01       	movw	r14, r24
    55bc:	1b 01       	movw	r2, r22
    55be:	6a 01       	movw	r12, r20
    55c0:	fc 01       	movw	r30, r24
    55c2:	16 82       	std	Z+6, r1	; 0x06
    55c4:	17 82       	std	Z+7, r1	; 0x07
    55c6:	83 81       	ldd	r24, Z+3	; 0x03
    55c8:	81 ff       	sbrs	r24, 1
    55ca:	44 c3       	rjmp	.+1672   	; 0x5c54 <vfprintf+0x6c8>
    55cc:	9e 01       	movw	r18, r28
    55ce:	2f 5f       	subi	r18, 0xFF	; 255
    55d0:	3f 4f       	sbci	r19, 0xFF	; 255
    55d2:	39 01       	movw	r6, r18
    55d4:	f7 01       	movw	r30, r14
    55d6:	93 81       	ldd	r25, Z+3	; 0x03
    55d8:	f1 01       	movw	r30, r2
    55da:	93 fd       	sbrc	r25, 3
    55dc:	85 91       	lpm	r24, Z+
    55de:	93 ff       	sbrs	r25, 3
    55e0:	81 91       	ld	r24, Z+
    55e2:	1f 01       	movw	r2, r30
    55e4:	88 23       	and	r24, r24
    55e6:	09 f4       	brne	.+2      	; 0x55ea <vfprintf+0x5e>
    55e8:	31 c3       	rjmp	.+1634   	; 0x5c4c <vfprintf+0x6c0>
    55ea:	85 32       	cpi	r24, 0x25	; 37
    55ec:	39 f4       	brne	.+14     	; 0x55fc <vfprintf+0x70>
    55ee:	93 fd       	sbrc	r25, 3
    55f0:	85 91       	lpm	r24, Z+
    55f2:	93 ff       	sbrs	r25, 3
    55f4:	81 91       	ld	r24, Z+
    55f6:	1f 01       	movw	r2, r30
    55f8:	85 32       	cpi	r24, 0x25	; 37
    55fa:	39 f4       	brne	.+14     	; 0x560a <vfprintf+0x7e>
    55fc:	b7 01       	movw	r22, r14
    55fe:	90 e0       	ldi	r25, 0x00	; 0
    5600:	0e 94 35 31 	call	0x626a	; 0x626a <fputc>
    5604:	56 01       	movw	r10, r12
    5606:	65 01       	movw	r12, r10
    5608:	e5 cf       	rjmp	.-54     	; 0x55d4 <vfprintf+0x48>
    560a:	10 e0       	ldi	r17, 0x00	; 0
    560c:	51 2c       	mov	r5, r1
    560e:	91 2c       	mov	r9, r1
    5610:	ff e1       	ldi	r31, 0x1F	; 31
    5612:	f9 15       	cp	r31, r9
    5614:	d8 f0       	brcs	.+54     	; 0x564c <vfprintf+0xc0>
    5616:	8b 32       	cpi	r24, 0x2B	; 43
    5618:	79 f0       	breq	.+30     	; 0x5638 <vfprintf+0xac>
    561a:	38 f4       	brcc	.+14     	; 0x562a <vfprintf+0x9e>
    561c:	80 32       	cpi	r24, 0x20	; 32
    561e:	79 f0       	breq	.+30     	; 0x563e <vfprintf+0xb2>
    5620:	83 32       	cpi	r24, 0x23	; 35
    5622:	a1 f4       	brne	.+40     	; 0x564c <vfprintf+0xc0>
    5624:	f9 2d       	mov	r31, r9
    5626:	f0 61       	ori	r31, 0x10	; 16
    5628:	2e c0       	rjmp	.+92     	; 0x5686 <vfprintf+0xfa>
    562a:	8d 32       	cpi	r24, 0x2D	; 45
    562c:	61 f0       	breq	.+24     	; 0x5646 <vfprintf+0xba>
    562e:	80 33       	cpi	r24, 0x30	; 48
    5630:	69 f4       	brne	.+26     	; 0x564c <vfprintf+0xc0>
    5632:	29 2d       	mov	r18, r9
    5634:	21 60       	ori	r18, 0x01	; 1
    5636:	2d c0       	rjmp	.+90     	; 0x5692 <vfprintf+0x106>
    5638:	39 2d       	mov	r19, r9
    563a:	32 60       	ori	r19, 0x02	; 2
    563c:	93 2e       	mov	r9, r19
    563e:	89 2d       	mov	r24, r9
    5640:	84 60       	ori	r24, 0x04	; 4
    5642:	98 2e       	mov	r9, r24
    5644:	2a c0       	rjmp	.+84     	; 0x569a <vfprintf+0x10e>
    5646:	e9 2d       	mov	r30, r9
    5648:	e8 60       	ori	r30, 0x08	; 8
    564a:	15 c0       	rjmp	.+42     	; 0x5676 <vfprintf+0xea>
    564c:	97 fc       	sbrc	r9, 7
    564e:	2d c0       	rjmp	.+90     	; 0x56aa <vfprintf+0x11e>
    5650:	20 ed       	ldi	r18, 0xD0	; 208
    5652:	28 0f       	add	r18, r24
    5654:	2a 30       	cpi	r18, 0x0A	; 10
    5656:	88 f4       	brcc	.+34     	; 0x567a <vfprintf+0xee>
    5658:	96 fe       	sbrs	r9, 6
    565a:	06 c0       	rjmp	.+12     	; 0x5668 <vfprintf+0xdc>
    565c:	3a e0       	ldi	r19, 0x0A	; 10
    565e:	13 9f       	mul	r17, r19
    5660:	20 0d       	add	r18, r0
    5662:	11 24       	eor	r1, r1
    5664:	12 2f       	mov	r17, r18
    5666:	19 c0       	rjmp	.+50     	; 0x569a <vfprintf+0x10e>
    5668:	8a e0       	ldi	r24, 0x0A	; 10
    566a:	58 9e       	mul	r5, r24
    566c:	20 0d       	add	r18, r0
    566e:	11 24       	eor	r1, r1
    5670:	52 2e       	mov	r5, r18
    5672:	e9 2d       	mov	r30, r9
    5674:	e0 62       	ori	r30, 0x20	; 32
    5676:	9e 2e       	mov	r9, r30
    5678:	10 c0       	rjmp	.+32     	; 0x569a <vfprintf+0x10e>
    567a:	8e 32       	cpi	r24, 0x2E	; 46
    567c:	31 f4       	brne	.+12     	; 0x568a <vfprintf+0xfe>
    567e:	96 fc       	sbrc	r9, 6
    5680:	e5 c2       	rjmp	.+1482   	; 0x5c4c <vfprintf+0x6c0>
    5682:	f9 2d       	mov	r31, r9
    5684:	f0 64       	ori	r31, 0x40	; 64
    5686:	9f 2e       	mov	r9, r31
    5688:	08 c0       	rjmp	.+16     	; 0x569a <vfprintf+0x10e>
    568a:	8c 36       	cpi	r24, 0x6C	; 108
    568c:	21 f4       	brne	.+8      	; 0x5696 <vfprintf+0x10a>
    568e:	29 2d       	mov	r18, r9
    5690:	20 68       	ori	r18, 0x80	; 128
    5692:	92 2e       	mov	r9, r18
    5694:	02 c0       	rjmp	.+4      	; 0x569a <vfprintf+0x10e>
    5696:	88 36       	cpi	r24, 0x68	; 104
    5698:	41 f4       	brne	.+16     	; 0x56aa <vfprintf+0x11e>
    569a:	f1 01       	movw	r30, r2
    569c:	93 fd       	sbrc	r25, 3
    569e:	85 91       	lpm	r24, Z+
    56a0:	93 ff       	sbrs	r25, 3
    56a2:	81 91       	ld	r24, Z+
    56a4:	1f 01       	movw	r2, r30
    56a6:	81 11       	cpse	r24, r1
    56a8:	b3 cf       	rjmp	.-154    	; 0x5610 <vfprintf+0x84>
    56aa:	9b eb       	ldi	r25, 0xBB	; 187
    56ac:	98 0f       	add	r25, r24
    56ae:	93 30       	cpi	r25, 0x03	; 3
    56b0:	20 f4       	brcc	.+8      	; 0x56ba <vfprintf+0x12e>
    56b2:	99 2d       	mov	r25, r9
    56b4:	90 61       	ori	r25, 0x10	; 16
    56b6:	80 5e       	subi	r24, 0xE0	; 224
    56b8:	07 c0       	rjmp	.+14     	; 0x56c8 <vfprintf+0x13c>
    56ba:	9b e9       	ldi	r25, 0x9B	; 155
    56bc:	98 0f       	add	r25, r24
    56be:	93 30       	cpi	r25, 0x03	; 3
    56c0:	08 f0       	brcs	.+2      	; 0x56c4 <vfprintf+0x138>
    56c2:	66 c1       	rjmp	.+716    	; 0x5990 <vfprintf+0x404>
    56c4:	99 2d       	mov	r25, r9
    56c6:	9f 7e       	andi	r25, 0xEF	; 239
    56c8:	96 ff       	sbrs	r25, 6
    56ca:	16 e0       	ldi	r17, 0x06	; 6
    56cc:	9f 73       	andi	r25, 0x3F	; 63
    56ce:	99 2e       	mov	r9, r25
    56d0:	85 36       	cpi	r24, 0x65	; 101
    56d2:	19 f4       	brne	.+6      	; 0x56da <vfprintf+0x14e>
    56d4:	90 64       	ori	r25, 0x40	; 64
    56d6:	99 2e       	mov	r9, r25
    56d8:	08 c0       	rjmp	.+16     	; 0x56ea <vfprintf+0x15e>
    56da:	86 36       	cpi	r24, 0x66	; 102
    56dc:	21 f4       	brne	.+8      	; 0x56e6 <vfprintf+0x15a>
    56de:	39 2f       	mov	r19, r25
    56e0:	30 68       	ori	r19, 0x80	; 128
    56e2:	93 2e       	mov	r9, r19
    56e4:	02 c0       	rjmp	.+4      	; 0x56ea <vfprintf+0x15e>
    56e6:	11 11       	cpse	r17, r1
    56e8:	11 50       	subi	r17, 0x01	; 1
    56ea:	97 fe       	sbrs	r9, 7
    56ec:	07 c0       	rjmp	.+14     	; 0x56fc <vfprintf+0x170>
    56ee:	1c 33       	cpi	r17, 0x3C	; 60
    56f0:	50 f4       	brcc	.+20     	; 0x5706 <vfprintf+0x17a>
    56f2:	44 24       	eor	r4, r4
    56f4:	43 94       	inc	r4
    56f6:	41 0e       	add	r4, r17
    56f8:	27 e0       	ldi	r18, 0x07	; 7
    56fa:	0b c0       	rjmp	.+22     	; 0x5712 <vfprintf+0x186>
    56fc:	18 30       	cpi	r17, 0x08	; 8
    56fe:	38 f0       	brcs	.+14     	; 0x570e <vfprintf+0x182>
    5700:	27 e0       	ldi	r18, 0x07	; 7
    5702:	17 e0       	ldi	r17, 0x07	; 7
    5704:	05 c0       	rjmp	.+10     	; 0x5710 <vfprintf+0x184>
    5706:	27 e0       	ldi	r18, 0x07	; 7
    5708:	9c e3       	ldi	r25, 0x3C	; 60
    570a:	49 2e       	mov	r4, r25
    570c:	02 c0       	rjmp	.+4      	; 0x5712 <vfprintf+0x186>
    570e:	21 2f       	mov	r18, r17
    5710:	41 2c       	mov	r4, r1
    5712:	56 01       	movw	r10, r12
    5714:	84 e0       	ldi	r24, 0x04	; 4
    5716:	a8 0e       	add	r10, r24
    5718:	b1 1c       	adc	r11, r1
    571a:	f6 01       	movw	r30, r12
    571c:	60 81       	ld	r22, Z
    571e:	71 81       	ldd	r23, Z+1	; 0x01
    5720:	82 81       	ldd	r24, Z+2	; 0x02
    5722:	93 81       	ldd	r25, Z+3	; 0x03
    5724:	04 2d       	mov	r16, r4
    5726:	a3 01       	movw	r20, r6
    5728:	0e 94 e0 2f 	call	0x5fc0	; 0x5fc0 <__ftoa_engine>
    572c:	6c 01       	movw	r12, r24
    572e:	f9 81       	ldd	r31, Y+1	; 0x01
    5730:	fc 87       	std	Y+12, r31	; 0x0c
    5732:	f0 ff       	sbrs	r31, 0
    5734:	02 c0       	rjmp	.+4      	; 0x573a <vfprintf+0x1ae>
    5736:	f3 ff       	sbrs	r31, 3
    5738:	06 c0       	rjmp	.+12     	; 0x5746 <vfprintf+0x1ba>
    573a:	91 fc       	sbrc	r9, 1
    573c:	06 c0       	rjmp	.+12     	; 0x574a <vfprintf+0x1be>
    573e:	92 fe       	sbrs	r9, 2
    5740:	06 c0       	rjmp	.+12     	; 0x574e <vfprintf+0x1c2>
    5742:	00 e2       	ldi	r16, 0x20	; 32
    5744:	05 c0       	rjmp	.+10     	; 0x5750 <vfprintf+0x1c4>
    5746:	0d e2       	ldi	r16, 0x2D	; 45
    5748:	03 c0       	rjmp	.+6      	; 0x5750 <vfprintf+0x1c4>
    574a:	0b e2       	ldi	r16, 0x2B	; 43
    574c:	01 c0       	rjmp	.+2      	; 0x5750 <vfprintf+0x1c4>
    574e:	00 e0       	ldi	r16, 0x00	; 0
    5750:	8c 85       	ldd	r24, Y+12	; 0x0c
    5752:	8c 70       	andi	r24, 0x0C	; 12
    5754:	19 f0       	breq	.+6      	; 0x575c <vfprintf+0x1d0>
    5756:	01 11       	cpse	r16, r1
    5758:	5a c2       	rjmp	.+1204   	; 0x5c0e <vfprintf+0x682>
    575a:	9b c2       	rjmp	.+1334   	; 0x5c92 <vfprintf+0x706>
    575c:	97 fe       	sbrs	r9, 7
    575e:	10 c0       	rjmp	.+32     	; 0x5780 <vfprintf+0x1f4>
    5760:	4c 0c       	add	r4, r12
    5762:	fc 85       	ldd	r31, Y+12	; 0x0c
    5764:	f4 ff       	sbrs	r31, 4
    5766:	04 c0       	rjmp	.+8      	; 0x5770 <vfprintf+0x1e4>
    5768:	8a 81       	ldd	r24, Y+2	; 0x02
    576a:	81 33       	cpi	r24, 0x31	; 49
    576c:	09 f4       	brne	.+2      	; 0x5770 <vfprintf+0x1e4>
    576e:	4a 94       	dec	r4
    5770:	14 14       	cp	r1, r4
    5772:	74 f5       	brge	.+92     	; 0x57d0 <vfprintf+0x244>
    5774:	28 e0       	ldi	r18, 0x08	; 8
    5776:	24 15       	cp	r18, r4
    5778:	78 f5       	brcc	.+94     	; 0x57d8 <vfprintf+0x24c>
    577a:	88 e0       	ldi	r24, 0x08	; 8
    577c:	48 2e       	mov	r4, r24
    577e:	2c c0       	rjmp	.+88     	; 0x57d8 <vfprintf+0x24c>
    5780:	96 fc       	sbrc	r9, 6
    5782:	2a c0       	rjmp	.+84     	; 0x57d8 <vfprintf+0x24c>
    5784:	81 2f       	mov	r24, r17
    5786:	90 e0       	ldi	r25, 0x00	; 0
    5788:	8c 15       	cp	r24, r12
    578a:	9d 05       	cpc	r25, r13
    578c:	9c f0       	brlt	.+38     	; 0x57b4 <vfprintf+0x228>
    578e:	3c ef       	ldi	r19, 0xFC	; 252
    5790:	c3 16       	cp	r12, r19
    5792:	3f ef       	ldi	r19, 0xFF	; 255
    5794:	d3 06       	cpc	r13, r19
    5796:	74 f0       	brlt	.+28     	; 0x57b4 <vfprintf+0x228>
    5798:	89 2d       	mov	r24, r9
    579a:	80 68       	ori	r24, 0x80	; 128
    579c:	98 2e       	mov	r9, r24
    579e:	0a c0       	rjmp	.+20     	; 0x57b4 <vfprintf+0x228>
    57a0:	e2 e0       	ldi	r30, 0x02	; 2
    57a2:	f0 e0       	ldi	r31, 0x00	; 0
    57a4:	ec 0f       	add	r30, r28
    57a6:	fd 1f       	adc	r31, r29
    57a8:	e1 0f       	add	r30, r17
    57aa:	f1 1d       	adc	r31, r1
    57ac:	80 81       	ld	r24, Z
    57ae:	80 33       	cpi	r24, 0x30	; 48
    57b0:	19 f4       	brne	.+6      	; 0x57b8 <vfprintf+0x22c>
    57b2:	11 50       	subi	r17, 0x01	; 1
    57b4:	11 11       	cpse	r17, r1
    57b6:	f4 cf       	rjmp	.-24     	; 0x57a0 <vfprintf+0x214>
    57b8:	97 fe       	sbrs	r9, 7
    57ba:	0e c0       	rjmp	.+28     	; 0x57d8 <vfprintf+0x24c>
    57bc:	44 24       	eor	r4, r4
    57be:	43 94       	inc	r4
    57c0:	41 0e       	add	r4, r17
    57c2:	81 2f       	mov	r24, r17
    57c4:	90 e0       	ldi	r25, 0x00	; 0
    57c6:	c8 16       	cp	r12, r24
    57c8:	d9 06       	cpc	r13, r25
    57ca:	2c f4       	brge	.+10     	; 0x57d6 <vfprintf+0x24a>
    57cc:	1c 19       	sub	r17, r12
    57ce:	04 c0       	rjmp	.+8      	; 0x57d8 <vfprintf+0x24c>
    57d0:	44 24       	eor	r4, r4
    57d2:	43 94       	inc	r4
    57d4:	01 c0       	rjmp	.+2      	; 0x57d8 <vfprintf+0x24c>
    57d6:	10 e0       	ldi	r17, 0x00	; 0
    57d8:	97 fe       	sbrs	r9, 7
    57da:	06 c0       	rjmp	.+12     	; 0x57e8 <vfprintf+0x25c>
    57dc:	1c 14       	cp	r1, r12
    57de:	1d 04       	cpc	r1, r13
    57e0:	34 f4       	brge	.+12     	; 0x57ee <vfprintf+0x262>
    57e2:	c6 01       	movw	r24, r12
    57e4:	01 96       	adiw	r24, 0x01	; 1
    57e6:	05 c0       	rjmp	.+10     	; 0x57f2 <vfprintf+0x266>
    57e8:	85 e0       	ldi	r24, 0x05	; 5
    57ea:	90 e0       	ldi	r25, 0x00	; 0
    57ec:	02 c0       	rjmp	.+4      	; 0x57f2 <vfprintf+0x266>
    57ee:	81 e0       	ldi	r24, 0x01	; 1
    57f0:	90 e0       	ldi	r25, 0x00	; 0
    57f2:	01 11       	cpse	r16, r1
    57f4:	01 96       	adiw	r24, 0x01	; 1
    57f6:	11 23       	and	r17, r17
    57f8:	31 f0       	breq	.+12     	; 0x5806 <vfprintf+0x27a>
    57fa:	21 2f       	mov	r18, r17
    57fc:	30 e0       	ldi	r19, 0x00	; 0
    57fe:	2f 5f       	subi	r18, 0xFF	; 255
    5800:	3f 4f       	sbci	r19, 0xFF	; 255
    5802:	82 0f       	add	r24, r18
    5804:	93 1f       	adc	r25, r19
    5806:	25 2d       	mov	r18, r5
    5808:	30 e0       	ldi	r19, 0x00	; 0
    580a:	82 17       	cp	r24, r18
    580c:	93 07       	cpc	r25, r19
    580e:	14 f4       	brge	.+4      	; 0x5814 <vfprintf+0x288>
    5810:	58 1a       	sub	r5, r24
    5812:	01 c0       	rjmp	.+2      	; 0x5816 <vfprintf+0x28a>
    5814:	51 2c       	mov	r5, r1
    5816:	89 2d       	mov	r24, r9
    5818:	89 70       	andi	r24, 0x09	; 9
    581a:	49 f4       	brne	.+18     	; 0x582e <vfprintf+0x2a2>
    581c:	55 20       	and	r5, r5
    581e:	39 f0       	breq	.+14     	; 0x582e <vfprintf+0x2a2>
    5820:	b7 01       	movw	r22, r14
    5822:	80 e2       	ldi	r24, 0x20	; 32
    5824:	90 e0       	ldi	r25, 0x00	; 0
    5826:	0e 94 35 31 	call	0x626a	; 0x626a <fputc>
    582a:	5a 94       	dec	r5
    582c:	f7 cf       	rjmp	.-18     	; 0x581c <vfprintf+0x290>
    582e:	00 23       	and	r16, r16
    5830:	29 f0       	breq	.+10     	; 0x583c <vfprintf+0x2b0>
    5832:	b7 01       	movw	r22, r14
    5834:	80 2f       	mov	r24, r16
    5836:	90 e0       	ldi	r25, 0x00	; 0
    5838:	0e 94 35 31 	call	0x626a	; 0x626a <fputc>
    583c:	93 fc       	sbrc	r9, 3
    583e:	09 c0       	rjmp	.+18     	; 0x5852 <vfprintf+0x2c6>
    5840:	55 20       	and	r5, r5
    5842:	39 f0       	breq	.+14     	; 0x5852 <vfprintf+0x2c6>
    5844:	b7 01       	movw	r22, r14
    5846:	80 e3       	ldi	r24, 0x30	; 48
    5848:	90 e0       	ldi	r25, 0x00	; 0
    584a:	0e 94 35 31 	call	0x626a	; 0x626a <fputc>
    584e:	5a 94       	dec	r5
    5850:	f7 cf       	rjmp	.-18     	; 0x5840 <vfprintf+0x2b4>
    5852:	97 fe       	sbrs	r9, 7
    5854:	4c c0       	rjmp	.+152    	; 0x58ee <vfprintf+0x362>
    5856:	46 01       	movw	r8, r12
    5858:	d7 fe       	sbrs	r13, 7
    585a:	02 c0       	rjmp	.+4      	; 0x5860 <vfprintf+0x2d4>
    585c:	81 2c       	mov	r8, r1
    585e:	91 2c       	mov	r9, r1
    5860:	c6 01       	movw	r24, r12
    5862:	88 19       	sub	r24, r8
    5864:	99 09       	sbc	r25, r9
    5866:	f3 01       	movw	r30, r6
    5868:	e8 0f       	add	r30, r24
    586a:	f9 1f       	adc	r31, r25
    586c:	ed 87       	std	Y+13, r30	; 0x0d
    586e:	fe 87       	std	Y+14, r31	; 0x0e
    5870:	96 01       	movw	r18, r12
    5872:	24 19       	sub	r18, r4
    5874:	31 09       	sbc	r19, r1
    5876:	2f 87       	std	Y+15, r18	; 0x0f
    5878:	38 8b       	std	Y+16, r19	; 0x10
    587a:	01 2f       	mov	r16, r17
    587c:	10 e0       	ldi	r17, 0x00	; 0
    587e:	11 95       	neg	r17
    5880:	01 95       	neg	r16
    5882:	11 09       	sbc	r17, r1
    5884:	3f ef       	ldi	r19, 0xFF	; 255
    5886:	83 16       	cp	r8, r19
    5888:	93 06       	cpc	r9, r19
    588a:	29 f4       	brne	.+10     	; 0x5896 <vfprintf+0x30a>
    588c:	b7 01       	movw	r22, r14
    588e:	8e e2       	ldi	r24, 0x2E	; 46
    5890:	90 e0       	ldi	r25, 0x00	; 0
    5892:	0e 94 35 31 	call	0x626a	; 0x626a <fputc>
    5896:	c8 14       	cp	r12, r8
    5898:	d9 04       	cpc	r13, r9
    589a:	4c f0       	brlt	.+18     	; 0x58ae <vfprintf+0x322>
    589c:	8f 85       	ldd	r24, Y+15	; 0x0f
    589e:	98 89       	ldd	r25, Y+16	; 0x10
    58a0:	88 15       	cp	r24, r8
    58a2:	99 05       	cpc	r25, r9
    58a4:	24 f4       	brge	.+8      	; 0x58ae <vfprintf+0x322>
    58a6:	ed 85       	ldd	r30, Y+13	; 0x0d
    58a8:	fe 85       	ldd	r31, Y+14	; 0x0e
    58aa:	81 81       	ldd	r24, Z+1	; 0x01
    58ac:	01 c0       	rjmp	.+2      	; 0x58b0 <vfprintf+0x324>
    58ae:	80 e3       	ldi	r24, 0x30	; 48
    58b0:	f1 e0       	ldi	r31, 0x01	; 1
    58b2:	8f 1a       	sub	r8, r31
    58b4:	91 08       	sbc	r9, r1
    58b6:	2d 85       	ldd	r18, Y+13	; 0x0d
    58b8:	3e 85       	ldd	r19, Y+14	; 0x0e
    58ba:	2f 5f       	subi	r18, 0xFF	; 255
    58bc:	3f 4f       	sbci	r19, 0xFF	; 255
    58be:	2d 87       	std	Y+13, r18	; 0x0d
    58c0:	3e 87       	std	Y+14, r19	; 0x0e
    58c2:	80 16       	cp	r8, r16
    58c4:	91 06       	cpc	r9, r17
    58c6:	2c f0       	brlt	.+10     	; 0x58d2 <vfprintf+0x346>
    58c8:	b7 01       	movw	r22, r14
    58ca:	90 e0       	ldi	r25, 0x00	; 0
    58cc:	0e 94 35 31 	call	0x626a	; 0x626a <fputc>
    58d0:	d9 cf       	rjmp	.-78     	; 0x5884 <vfprintf+0x2f8>
    58d2:	c8 14       	cp	r12, r8
    58d4:	d9 04       	cpc	r13, r9
    58d6:	41 f4       	brne	.+16     	; 0x58e8 <vfprintf+0x35c>
    58d8:	9a 81       	ldd	r25, Y+2	; 0x02
    58da:	96 33       	cpi	r25, 0x36	; 54
    58dc:	20 f4       	brcc	.+8      	; 0x58e6 <vfprintf+0x35a>
    58de:	95 33       	cpi	r25, 0x35	; 53
    58e0:	19 f4       	brne	.+6      	; 0x58e8 <vfprintf+0x35c>
    58e2:	3c 85       	ldd	r19, Y+12	; 0x0c
    58e4:	34 ff       	sbrs	r19, 4
    58e6:	81 e3       	ldi	r24, 0x31	; 49
    58e8:	b7 01       	movw	r22, r14
    58ea:	90 e0       	ldi	r25, 0x00	; 0
    58ec:	4e c0       	rjmp	.+156    	; 0x598a <vfprintf+0x3fe>
    58ee:	8a 81       	ldd	r24, Y+2	; 0x02
    58f0:	81 33       	cpi	r24, 0x31	; 49
    58f2:	19 f0       	breq	.+6      	; 0x58fa <vfprintf+0x36e>
    58f4:	9c 85       	ldd	r25, Y+12	; 0x0c
    58f6:	9f 7e       	andi	r25, 0xEF	; 239
    58f8:	9c 87       	std	Y+12, r25	; 0x0c
    58fa:	b7 01       	movw	r22, r14
    58fc:	90 e0       	ldi	r25, 0x00	; 0
    58fe:	0e 94 35 31 	call	0x626a	; 0x626a <fputc>
    5902:	11 11       	cpse	r17, r1
    5904:	05 c0       	rjmp	.+10     	; 0x5910 <vfprintf+0x384>
    5906:	94 fc       	sbrc	r9, 4
    5908:	18 c0       	rjmp	.+48     	; 0x593a <vfprintf+0x3ae>
    590a:	85 e6       	ldi	r24, 0x65	; 101
    590c:	90 e0       	ldi	r25, 0x00	; 0
    590e:	17 c0       	rjmp	.+46     	; 0x593e <vfprintf+0x3b2>
    5910:	b7 01       	movw	r22, r14
    5912:	8e e2       	ldi	r24, 0x2E	; 46
    5914:	90 e0       	ldi	r25, 0x00	; 0
    5916:	0e 94 35 31 	call	0x626a	; 0x626a <fputc>
    591a:	1e 5f       	subi	r17, 0xFE	; 254
    591c:	82 e0       	ldi	r24, 0x02	; 2
    591e:	01 e0       	ldi	r16, 0x01	; 1
    5920:	08 0f       	add	r16, r24
    5922:	f3 01       	movw	r30, r6
    5924:	e8 0f       	add	r30, r24
    5926:	f1 1d       	adc	r31, r1
    5928:	80 81       	ld	r24, Z
    592a:	b7 01       	movw	r22, r14
    592c:	90 e0       	ldi	r25, 0x00	; 0
    592e:	0e 94 35 31 	call	0x626a	; 0x626a <fputc>
    5932:	80 2f       	mov	r24, r16
    5934:	01 13       	cpse	r16, r17
    5936:	f3 cf       	rjmp	.-26     	; 0x591e <vfprintf+0x392>
    5938:	e6 cf       	rjmp	.-52     	; 0x5906 <vfprintf+0x37a>
    593a:	85 e4       	ldi	r24, 0x45	; 69
    593c:	90 e0       	ldi	r25, 0x00	; 0
    593e:	b7 01       	movw	r22, r14
    5940:	0e 94 35 31 	call	0x626a	; 0x626a <fputc>
    5944:	d7 fc       	sbrc	r13, 7
    5946:	06 c0       	rjmp	.+12     	; 0x5954 <vfprintf+0x3c8>
    5948:	c1 14       	cp	r12, r1
    594a:	d1 04       	cpc	r13, r1
    594c:	41 f4       	brne	.+16     	; 0x595e <vfprintf+0x3d2>
    594e:	ec 85       	ldd	r30, Y+12	; 0x0c
    5950:	e4 ff       	sbrs	r30, 4
    5952:	05 c0       	rjmp	.+10     	; 0x595e <vfprintf+0x3d2>
    5954:	d1 94       	neg	r13
    5956:	c1 94       	neg	r12
    5958:	d1 08       	sbc	r13, r1
    595a:	8d e2       	ldi	r24, 0x2D	; 45
    595c:	01 c0       	rjmp	.+2      	; 0x5960 <vfprintf+0x3d4>
    595e:	8b e2       	ldi	r24, 0x2B	; 43
    5960:	b7 01       	movw	r22, r14
    5962:	90 e0       	ldi	r25, 0x00	; 0
    5964:	0e 94 35 31 	call	0x626a	; 0x626a <fputc>
    5968:	80 e3       	ldi	r24, 0x30	; 48
    596a:	2a e0       	ldi	r18, 0x0A	; 10
    596c:	c2 16       	cp	r12, r18
    596e:	d1 04       	cpc	r13, r1
    5970:	2c f0       	brlt	.+10     	; 0x597c <vfprintf+0x3f0>
    5972:	8f 5f       	subi	r24, 0xFF	; 255
    5974:	fa e0       	ldi	r31, 0x0A	; 10
    5976:	cf 1a       	sub	r12, r31
    5978:	d1 08       	sbc	r13, r1
    597a:	f7 cf       	rjmp	.-18     	; 0x596a <vfprintf+0x3de>
    597c:	b7 01       	movw	r22, r14
    597e:	90 e0       	ldi	r25, 0x00	; 0
    5980:	0e 94 35 31 	call	0x626a	; 0x626a <fputc>
    5984:	b7 01       	movw	r22, r14
    5986:	c6 01       	movw	r24, r12
    5988:	c0 96       	adiw	r24, 0x30	; 48
    598a:	0e 94 35 31 	call	0x626a	; 0x626a <fputc>
    598e:	54 c1       	rjmp	.+680    	; 0x5c38 <vfprintf+0x6ac>
    5990:	83 36       	cpi	r24, 0x63	; 99
    5992:	31 f0       	breq	.+12     	; 0x59a0 <vfprintf+0x414>
    5994:	83 37       	cpi	r24, 0x73	; 115
    5996:	79 f0       	breq	.+30     	; 0x59b6 <vfprintf+0x42a>
    5998:	83 35       	cpi	r24, 0x53	; 83
    599a:	09 f0       	breq	.+2      	; 0x599e <vfprintf+0x412>
    599c:	56 c0       	rjmp	.+172    	; 0x5a4a <vfprintf+0x4be>
    599e:	20 c0       	rjmp	.+64     	; 0x59e0 <vfprintf+0x454>
    59a0:	56 01       	movw	r10, r12
    59a2:	32 e0       	ldi	r19, 0x02	; 2
    59a4:	a3 0e       	add	r10, r19
    59a6:	b1 1c       	adc	r11, r1
    59a8:	f6 01       	movw	r30, r12
    59aa:	80 81       	ld	r24, Z
    59ac:	89 83       	std	Y+1, r24	; 0x01
    59ae:	01 e0       	ldi	r16, 0x01	; 1
    59b0:	10 e0       	ldi	r17, 0x00	; 0
    59b2:	63 01       	movw	r12, r6
    59b4:	12 c0       	rjmp	.+36     	; 0x59da <vfprintf+0x44e>
    59b6:	56 01       	movw	r10, r12
    59b8:	f2 e0       	ldi	r31, 0x02	; 2
    59ba:	af 0e       	add	r10, r31
    59bc:	b1 1c       	adc	r11, r1
    59be:	f6 01       	movw	r30, r12
    59c0:	c0 80       	ld	r12, Z
    59c2:	d1 80       	ldd	r13, Z+1	; 0x01
    59c4:	96 fe       	sbrs	r9, 6
    59c6:	03 c0       	rjmp	.+6      	; 0x59ce <vfprintf+0x442>
    59c8:	61 2f       	mov	r22, r17
    59ca:	70 e0       	ldi	r23, 0x00	; 0
    59cc:	02 c0       	rjmp	.+4      	; 0x59d2 <vfprintf+0x446>
    59ce:	6f ef       	ldi	r22, 0xFF	; 255
    59d0:	7f ef       	ldi	r23, 0xFF	; 255
    59d2:	c6 01       	movw	r24, r12
    59d4:	0e 94 ec 30 	call	0x61d8	; 0x61d8 <strnlen>
    59d8:	8c 01       	movw	r16, r24
    59da:	f9 2d       	mov	r31, r9
    59dc:	ff 77       	andi	r31, 0x7F	; 127
    59de:	14 c0       	rjmp	.+40     	; 0x5a08 <vfprintf+0x47c>
    59e0:	56 01       	movw	r10, r12
    59e2:	22 e0       	ldi	r18, 0x02	; 2
    59e4:	a2 0e       	add	r10, r18
    59e6:	b1 1c       	adc	r11, r1
    59e8:	f6 01       	movw	r30, r12
    59ea:	c0 80       	ld	r12, Z
    59ec:	d1 80       	ldd	r13, Z+1	; 0x01
    59ee:	96 fe       	sbrs	r9, 6
    59f0:	03 c0       	rjmp	.+6      	; 0x59f8 <vfprintf+0x46c>
    59f2:	61 2f       	mov	r22, r17
    59f4:	70 e0       	ldi	r23, 0x00	; 0
    59f6:	02 c0       	rjmp	.+4      	; 0x59fc <vfprintf+0x470>
    59f8:	6f ef       	ldi	r22, 0xFF	; 255
    59fa:	7f ef       	ldi	r23, 0xFF	; 255
    59fc:	c6 01       	movw	r24, r12
    59fe:	0e 94 b8 30 	call	0x6170	; 0x6170 <strnlen_P>
    5a02:	8c 01       	movw	r16, r24
    5a04:	f9 2d       	mov	r31, r9
    5a06:	f0 68       	ori	r31, 0x80	; 128
    5a08:	9f 2e       	mov	r9, r31
    5a0a:	f3 fd       	sbrc	r31, 3
    5a0c:	1a c0       	rjmp	.+52     	; 0x5a42 <vfprintf+0x4b6>
    5a0e:	85 2d       	mov	r24, r5
    5a10:	90 e0       	ldi	r25, 0x00	; 0
    5a12:	08 17       	cp	r16, r24
    5a14:	19 07       	cpc	r17, r25
    5a16:	a8 f4       	brcc	.+42     	; 0x5a42 <vfprintf+0x4b6>
    5a18:	b7 01       	movw	r22, r14
    5a1a:	80 e2       	ldi	r24, 0x20	; 32
    5a1c:	90 e0       	ldi	r25, 0x00	; 0
    5a1e:	0e 94 35 31 	call	0x626a	; 0x626a <fputc>
    5a22:	5a 94       	dec	r5
    5a24:	f4 cf       	rjmp	.-24     	; 0x5a0e <vfprintf+0x482>
    5a26:	f6 01       	movw	r30, r12
    5a28:	97 fc       	sbrc	r9, 7
    5a2a:	85 91       	lpm	r24, Z+
    5a2c:	97 fe       	sbrs	r9, 7
    5a2e:	81 91       	ld	r24, Z+
    5a30:	6f 01       	movw	r12, r30
    5a32:	b7 01       	movw	r22, r14
    5a34:	90 e0       	ldi	r25, 0x00	; 0
    5a36:	0e 94 35 31 	call	0x626a	; 0x626a <fputc>
    5a3a:	51 10       	cpse	r5, r1
    5a3c:	5a 94       	dec	r5
    5a3e:	01 50       	subi	r16, 0x01	; 1
    5a40:	11 09       	sbc	r17, r1
    5a42:	01 15       	cp	r16, r1
    5a44:	11 05       	cpc	r17, r1
    5a46:	79 f7       	brne	.-34     	; 0x5a26 <vfprintf+0x49a>
    5a48:	f7 c0       	rjmp	.+494    	; 0x5c38 <vfprintf+0x6ac>
    5a4a:	84 36       	cpi	r24, 0x64	; 100
    5a4c:	11 f0       	breq	.+4      	; 0x5a52 <vfprintf+0x4c6>
    5a4e:	89 36       	cpi	r24, 0x69	; 105
    5a50:	61 f5       	brne	.+88     	; 0x5aaa <vfprintf+0x51e>
    5a52:	56 01       	movw	r10, r12
    5a54:	97 fe       	sbrs	r9, 7
    5a56:	09 c0       	rjmp	.+18     	; 0x5a6a <vfprintf+0x4de>
    5a58:	24 e0       	ldi	r18, 0x04	; 4
    5a5a:	a2 0e       	add	r10, r18
    5a5c:	b1 1c       	adc	r11, r1
    5a5e:	f6 01       	movw	r30, r12
    5a60:	60 81       	ld	r22, Z
    5a62:	71 81       	ldd	r23, Z+1	; 0x01
    5a64:	82 81       	ldd	r24, Z+2	; 0x02
    5a66:	93 81       	ldd	r25, Z+3	; 0x03
    5a68:	0a c0       	rjmp	.+20     	; 0x5a7e <vfprintf+0x4f2>
    5a6a:	f2 e0       	ldi	r31, 0x02	; 2
    5a6c:	af 0e       	add	r10, r31
    5a6e:	b1 1c       	adc	r11, r1
    5a70:	f6 01       	movw	r30, r12
    5a72:	60 81       	ld	r22, Z
    5a74:	71 81       	ldd	r23, Z+1	; 0x01
    5a76:	07 2e       	mov	r0, r23
    5a78:	00 0c       	add	r0, r0
    5a7a:	88 0b       	sbc	r24, r24
    5a7c:	99 0b       	sbc	r25, r25
    5a7e:	f9 2d       	mov	r31, r9
    5a80:	ff 76       	andi	r31, 0x6F	; 111
    5a82:	9f 2e       	mov	r9, r31
    5a84:	97 ff       	sbrs	r25, 7
    5a86:	09 c0       	rjmp	.+18     	; 0x5a9a <vfprintf+0x50e>
    5a88:	90 95       	com	r25
    5a8a:	80 95       	com	r24
    5a8c:	70 95       	com	r23
    5a8e:	61 95       	neg	r22
    5a90:	7f 4f       	sbci	r23, 0xFF	; 255
    5a92:	8f 4f       	sbci	r24, 0xFF	; 255
    5a94:	9f 4f       	sbci	r25, 0xFF	; 255
    5a96:	f0 68       	ori	r31, 0x80	; 128
    5a98:	9f 2e       	mov	r9, r31
    5a9a:	2a e0       	ldi	r18, 0x0A	; 10
    5a9c:	30 e0       	ldi	r19, 0x00	; 0
    5a9e:	a3 01       	movw	r20, r6
    5aa0:	0e 94 e4 31 	call	0x63c8	; 0x63c8 <__ultoa_invert>
    5aa4:	c8 2e       	mov	r12, r24
    5aa6:	c6 18       	sub	r12, r6
    5aa8:	3f c0       	rjmp	.+126    	; 0x5b28 <vfprintf+0x59c>
    5aaa:	09 2d       	mov	r16, r9
    5aac:	85 37       	cpi	r24, 0x75	; 117
    5aae:	21 f4       	brne	.+8      	; 0x5ab8 <vfprintf+0x52c>
    5ab0:	0f 7e       	andi	r16, 0xEF	; 239
    5ab2:	2a e0       	ldi	r18, 0x0A	; 10
    5ab4:	30 e0       	ldi	r19, 0x00	; 0
    5ab6:	1d c0       	rjmp	.+58     	; 0x5af2 <vfprintf+0x566>
    5ab8:	09 7f       	andi	r16, 0xF9	; 249
    5aba:	8f 36       	cpi	r24, 0x6F	; 111
    5abc:	91 f0       	breq	.+36     	; 0x5ae2 <vfprintf+0x556>
    5abe:	18 f4       	brcc	.+6      	; 0x5ac6 <vfprintf+0x53a>
    5ac0:	88 35       	cpi	r24, 0x58	; 88
    5ac2:	59 f0       	breq	.+22     	; 0x5ada <vfprintf+0x54e>
    5ac4:	c3 c0       	rjmp	.+390    	; 0x5c4c <vfprintf+0x6c0>
    5ac6:	80 37       	cpi	r24, 0x70	; 112
    5ac8:	19 f0       	breq	.+6      	; 0x5ad0 <vfprintf+0x544>
    5aca:	88 37       	cpi	r24, 0x78	; 120
    5acc:	11 f0       	breq	.+4      	; 0x5ad2 <vfprintf+0x546>
    5ace:	be c0       	rjmp	.+380    	; 0x5c4c <vfprintf+0x6c0>
    5ad0:	00 61       	ori	r16, 0x10	; 16
    5ad2:	04 ff       	sbrs	r16, 4
    5ad4:	09 c0       	rjmp	.+18     	; 0x5ae8 <vfprintf+0x55c>
    5ad6:	04 60       	ori	r16, 0x04	; 4
    5ad8:	07 c0       	rjmp	.+14     	; 0x5ae8 <vfprintf+0x55c>
    5ada:	94 fe       	sbrs	r9, 4
    5adc:	08 c0       	rjmp	.+16     	; 0x5aee <vfprintf+0x562>
    5ade:	06 60       	ori	r16, 0x06	; 6
    5ae0:	06 c0       	rjmp	.+12     	; 0x5aee <vfprintf+0x562>
    5ae2:	28 e0       	ldi	r18, 0x08	; 8
    5ae4:	30 e0       	ldi	r19, 0x00	; 0
    5ae6:	05 c0       	rjmp	.+10     	; 0x5af2 <vfprintf+0x566>
    5ae8:	20 e1       	ldi	r18, 0x10	; 16
    5aea:	30 e0       	ldi	r19, 0x00	; 0
    5aec:	02 c0       	rjmp	.+4      	; 0x5af2 <vfprintf+0x566>
    5aee:	20 e1       	ldi	r18, 0x10	; 16
    5af0:	32 e0       	ldi	r19, 0x02	; 2
    5af2:	56 01       	movw	r10, r12
    5af4:	07 ff       	sbrs	r16, 7
    5af6:	09 c0       	rjmp	.+18     	; 0x5b0a <vfprintf+0x57e>
    5af8:	84 e0       	ldi	r24, 0x04	; 4
    5afa:	a8 0e       	add	r10, r24
    5afc:	b1 1c       	adc	r11, r1
    5afe:	f6 01       	movw	r30, r12
    5b00:	60 81       	ld	r22, Z
    5b02:	71 81       	ldd	r23, Z+1	; 0x01
    5b04:	82 81       	ldd	r24, Z+2	; 0x02
    5b06:	93 81       	ldd	r25, Z+3	; 0x03
    5b08:	08 c0       	rjmp	.+16     	; 0x5b1a <vfprintf+0x58e>
    5b0a:	f2 e0       	ldi	r31, 0x02	; 2
    5b0c:	af 0e       	add	r10, r31
    5b0e:	b1 1c       	adc	r11, r1
    5b10:	f6 01       	movw	r30, r12
    5b12:	60 81       	ld	r22, Z
    5b14:	71 81       	ldd	r23, Z+1	; 0x01
    5b16:	80 e0       	ldi	r24, 0x00	; 0
    5b18:	90 e0       	ldi	r25, 0x00	; 0
    5b1a:	a3 01       	movw	r20, r6
    5b1c:	0e 94 e4 31 	call	0x63c8	; 0x63c8 <__ultoa_invert>
    5b20:	c8 2e       	mov	r12, r24
    5b22:	c6 18       	sub	r12, r6
    5b24:	0f 77       	andi	r16, 0x7F	; 127
    5b26:	90 2e       	mov	r9, r16
    5b28:	96 fe       	sbrs	r9, 6
    5b2a:	0b c0       	rjmp	.+22     	; 0x5b42 <vfprintf+0x5b6>
    5b2c:	09 2d       	mov	r16, r9
    5b2e:	0e 7f       	andi	r16, 0xFE	; 254
    5b30:	c1 16       	cp	r12, r17
    5b32:	50 f4       	brcc	.+20     	; 0x5b48 <vfprintf+0x5bc>
    5b34:	94 fe       	sbrs	r9, 4
    5b36:	0a c0       	rjmp	.+20     	; 0x5b4c <vfprintf+0x5c0>
    5b38:	92 fc       	sbrc	r9, 2
    5b3a:	08 c0       	rjmp	.+16     	; 0x5b4c <vfprintf+0x5c0>
    5b3c:	09 2d       	mov	r16, r9
    5b3e:	0e 7e       	andi	r16, 0xEE	; 238
    5b40:	05 c0       	rjmp	.+10     	; 0x5b4c <vfprintf+0x5c0>
    5b42:	dc 2c       	mov	r13, r12
    5b44:	09 2d       	mov	r16, r9
    5b46:	03 c0       	rjmp	.+6      	; 0x5b4e <vfprintf+0x5c2>
    5b48:	dc 2c       	mov	r13, r12
    5b4a:	01 c0       	rjmp	.+2      	; 0x5b4e <vfprintf+0x5c2>
    5b4c:	d1 2e       	mov	r13, r17
    5b4e:	04 ff       	sbrs	r16, 4
    5b50:	0d c0       	rjmp	.+26     	; 0x5b6c <vfprintf+0x5e0>
    5b52:	fe 01       	movw	r30, r28
    5b54:	ec 0d       	add	r30, r12
    5b56:	f1 1d       	adc	r31, r1
    5b58:	80 81       	ld	r24, Z
    5b5a:	80 33       	cpi	r24, 0x30	; 48
    5b5c:	11 f4       	brne	.+4      	; 0x5b62 <vfprintf+0x5d6>
    5b5e:	09 7e       	andi	r16, 0xE9	; 233
    5b60:	09 c0       	rjmp	.+18     	; 0x5b74 <vfprintf+0x5e8>
    5b62:	02 ff       	sbrs	r16, 2
    5b64:	06 c0       	rjmp	.+12     	; 0x5b72 <vfprintf+0x5e6>
    5b66:	d3 94       	inc	r13
    5b68:	d3 94       	inc	r13
    5b6a:	04 c0       	rjmp	.+8      	; 0x5b74 <vfprintf+0x5e8>
    5b6c:	80 2f       	mov	r24, r16
    5b6e:	86 78       	andi	r24, 0x86	; 134
    5b70:	09 f0       	breq	.+2      	; 0x5b74 <vfprintf+0x5e8>
    5b72:	d3 94       	inc	r13
    5b74:	03 fd       	sbrc	r16, 3
    5b76:	11 c0       	rjmp	.+34     	; 0x5b9a <vfprintf+0x60e>
    5b78:	00 ff       	sbrs	r16, 0
    5b7a:	06 c0       	rjmp	.+12     	; 0x5b88 <vfprintf+0x5fc>
    5b7c:	1c 2d       	mov	r17, r12
    5b7e:	d5 14       	cp	r13, r5
    5b80:	80 f4       	brcc	.+32     	; 0x5ba2 <vfprintf+0x616>
    5b82:	15 0d       	add	r17, r5
    5b84:	1d 19       	sub	r17, r13
    5b86:	0d c0       	rjmp	.+26     	; 0x5ba2 <vfprintf+0x616>
    5b88:	d5 14       	cp	r13, r5
    5b8a:	58 f4       	brcc	.+22     	; 0x5ba2 <vfprintf+0x616>
    5b8c:	b7 01       	movw	r22, r14
    5b8e:	80 e2       	ldi	r24, 0x20	; 32
    5b90:	90 e0       	ldi	r25, 0x00	; 0
    5b92:	0e 94 35 31 	call	0x626a	; 0x626a <fputc>
    5b96:	d3 94       	inc	r13
    5b98:	f7 cf       	rjmp	.-18     	; 0x5b88 <vfprintf+0x5fc>
    5b9a:	d5 14       	cp	r13, r5
    5b9c:	10 f4       	brcc	.+4      	; 0x5ba2 <vfprintf+0x616>
    5b9e:	5d 18       	sub	r5, r13
    5ba0:	01 c0       	rjmp	.+2      	; 0x5ba4 <vfprintf+0x618>
    5ba2:	51 2c       	mov	r5, r1
    5ba4:	04 ff       	sbrs	r16, 4
    5ba6:	10 c0       	rjmp	.+32     	; 0x5bc8 <vfprintf+0x63c>
    5ba8:	b7 01       	movw	r22, r14
    5baa:	80 e3       	ldi	r24, 0x30	; 48
    5bac:	90 e0       	ldi	r25, 0x00	; 0
    5bae:	0e 94 35 31 	call	0x626a	; 0x626a <fputc>
    5bb2:	02 ff       	sbrs	r16, 2
    5bb4:	17 c0       	rjmp	.+46     	; 0x5be4 <vfprintf+0x658>
    5bb6:	01 fd       	sbrc	r16, 1
    5bb8:	03 c0       	rjmp	.+6      	; 0x5bc0 <vfprintf+0x634>
    5bba:	88 e7       	ldi	r24, 0x78	; 120
    5bbc:	90 e0       	ldi	r25, 0x00	; 0
    5bbe:	02 c0       	rjmp	.+4      	; 0x5bc4 <vfprintf+0x638>
    5bc0:	88 e5       	ldi	r24, 0x58	; 88
    5bc2:	90 e0       	ldi	r25, 0x00	; 0
    5bc4:	b7 01       	movw	r22, r14
    5bc6:	0c c0       	rjmp	.+24     	; 0x5be0 <vfprintf+0x654>
    5bc8:	80 2f       	mov	r24, r16
    5bca:	86 78       	andi	r24, 0x86	; 134
    5bcc:	59 f0       	breq	.+22     	; 0x5be4 <vfprintf+0x658>
    5bce:	01 ff       	sbrs	r16, 1
    5bd0:	02 c0       	rjmp	.+4      	; 0x5bd6 <vfprintf+0x64a>
    5bd2:	8b e2       	ldi	r24, 0x2B	; 43
    5bd4:	01 c0       	rjmp	.+2      	; 0x5bd8 <vfprintf+0x64c>
    5bd6:	80 e2       	ldi	r24, 0x20	; 32
    5bd8:	07 fd       	sbrc	r16, 7
    5bda:	8d e2       	ldi	r24, 0x2D	; 45
    5bdc:	b7 01       	movw	r22, r14
    5bde:	90 e0       	ldi	r25, 0x00	; 0
    5be0:	0e 94 35 31 	call	0x626a	; 0x626a <fputc>
    5be4:	c1 16       	cp	r12, r17
    5be6:	38 f4       	brcc	.+14     	; 0x5bf6 <vfprintf+0x66a>
    5be8:	b7 01       	movw	r22, r14
    5bea:	80 e3       	ldi	r24, 0x30	; 48
    5bec:	90 e0       	ldi	r25, 0x00	; 0
    5bee:	0e 94 35 31 	call	0x626a	; 0x626a <fputc>
    5bf2:	11 50       	subi	r17, 0x01	; 1
    5bf4:	f7 cf       	rjmp	.-18     	; 0x5be4 <vfprintf+0x658>
    5bf6:	ca 94       	dec	r12
    5bf8:	f3 01       	movw	r30, r6
    5bfa:	ec 0d       	add	r30, r12
    5bfc:	f1 1d       	adc	r31, r1
    5bfe:	80 81       	ld	r24, Z
    5c00:	b7 01       	movw	r22, r14
    5c02:	90 e0       	ldi	r25, 0x00	; 0
    5c04:	0e 94 35 31 	call	0x626a	; 0x626a <fputc>
    5c08:	c1 10       	cpse	r12, r1
    5c0a:	f5 cf       	rjmp	.-22     	; 0x5bf6 <vfprintf+0x66a>
    5c0c:	15 c0       	rjmp	.+42     	; 0x5c38 <vfprintf+0x6ac>
    5c0e:	f4 e0       	ldi	r31, 0x04	; 4
    5c10:	f5 15       	cp	r31, r5
    5c12:	60 f5       	brcc	.+88     	; 0x5c6c <vfprintf+0x6e0>
    5c14:	84 e0       	ldi	r24, 0x04	; 4
    5c16:	58 1a       	sub	r5, r24
    5c18:	93 fe       	sbrs	r9, 3
    5c1a:	1f c0       	rjmp	.+62     	; 0x5c5a <vfprintf+0x6ce>
    5c1c:	01 11       	cpse	r16, r1
    5c1e:	27 c0       	rjmp	.+78     	; 0x5c6e <vfprintf+0x6e2>
    5c20:	2c 85       	ldd	r18, Y+12	; 0x0c
    5c22:	23 ff       	sbrs	r18, 3
    5c24:	2a c0       	rjmp	.+84     	; 0x5c7a <vfprintf+0x6ee>
    5c26:	06 e9       	ldi	r16, 0x96	; 150
    5c28:	12 e0       	ldi	r17, 0x02	; 2
    5c2a:	39 2d       	mov	r19, r9
    5c2c:	30 71       	andi	r19, 0x10	; 16
    5c2e:	93 2e       	mov	r9, r19
    5c30:	f8 01       	movw	r30, r16
    5c32:	84 91       	lpm	r24, Z
    5c34:	81 11       	cpse	r24, r1
    5c36:	24 c0       	rjmp	.+72     	; 0x5c80 <vfprintf+0x6f4>
    5c38:	55 20       	and	r5, r5
    5c3a:	09 f4       	brne	.+2      	; 0x5c3e <vfprintf+0x6b2>
    5c3c:	e4 cc       	rjmp	.-1592   	; 0x5606 <vfprintf+0x7a>
    5c3e:	b7 01       	movw	r22, r14
    5c40:	80 e2       	ldi	r24, 0x20	; 32
    5c42:	90 e0       	ldi	r25, 0x00	; 0
    5c44:	0e 94 35 31 	call	0x626a	; 0x626a <fputc>
    5c48:	5a 94       	dec	r5
    5c4a:	f6 cf       	rjmp	.-20     	; 0x5c38 <vfprintf+0x6ac>
    5c4c:	f7 01       	movw	r30, r14
    5c4e:	86 81       	ldd	r24, Z+6	; 0x06
    5c50:	97 81       	ldd	r25, Z+7	; 0x07
    5c52:	26 c0       	rjmp	.+76     	; 0x5ca0 <vfprintf+0x714>
    5c54:	8f ef       	ldi	r24, 0xFF	; 255
    5c56:	9f ef       	ldi	r25, 0xFF	; 255
    5c58:	23 c0       	rjmp	.+70     	; 0x5ca0 <vfprintf+0x714>
    5c5a:	b7 01       	movw	r22, r14
    5c5c:	80 e2       	ldi	r24, 0x20	; 32
    5c5e:	90 e0       	ldi	r25, 0x00	; 0
    5c60:	0e 94 35 31 	call	0x626a	; 0x626a <fputc>
    5c64:	5a 94       	dec	r5
    5c66:	51 10       	cpse	r5, r1
    5c68:	f8 cf       	rjmp	.-16     	; 0x5c5a <vfprintf+0x6ce>
    5c6a:	d8 cf       	rjmp	.-80     	; 0x5c1c <vfprintf+0x690>
    5c6c:	51 2c       	mov	r5, r1
    5c6e:	b7 01       	movw	r22, r14
    5c70:	80 2f       	mov	r24, r16
    5c72:	90 e0       	ldi	r25, 0x00	; 0
    5c74:	0e 94 35 31 	call	0x626a	; 0x626a <fputc>
    5c78:	d3 cf       	rjmp	.-90     	; 0x5c20 <vfprintf+0x694>
    5c7a:	0a e9       	ldi	r16, 0x9A	; 154
    5c7c:	12 e0       	ldi	r17, 0x02	; 2
    5c7e:	d5 cf       	rjmp	.-86     	; 0x5c2a <vfprintf+0x69e>
    5c80:	91 10       	cpse	r9, r1
    5c82:	80 52       	subi	r24, 0x20	; 32
    5c84:	b7 01       	movw	r22, r14
    5c86:	90 e0       	ldi	r25, 0x00	; 0
    5c88:	0e 94 35 31 	call	0x626a	; 0x626a <fputc>
    5c8c:	0f 5f       	subi	r16, 0xFF	; 255
    5c8e:	1f 4f       	sbci	r17, 0xFF	; 255
    5c90:	cf cf       	rjmp	.-98     	; 0x5c30 <vfprintf+0x6a4>
    5c92:	23 e0       	ldi	r18, 0x03	; 3
    5c94:	25 15       	cp	r18, r5
    5c96:	10 f4       	brcc	.+4      	; 0x5c9c <vfprintf+0x710>
    5c98:	83 e0       	ldi	r24, 0x03	; 3
    5c9a:	bd cf       	rjmp	.-134    	; 0x5c16 <vfprintf+0x68a>
    5c9c:	51 2c       	mov	r5, r1
    5c9e:	c0 cf       	rjmp	.-128    	; 0x5c20 <vfprintf+0x694>
    5ca0:	60 96       	adiw	r28, 0x10	; 16
    5ca2:	cd bf       	out	0x3d, r28	; 61
    5ca4:	de bf       	out	0x3e, r29	; 62
    5ca6:	df 91       	pop	r29
    5ca8:	cf 91       	pop	r28
    5caa:	1f 91       	pop	r17
    5cac:	0f 91       	pop	r16
    5cae:	ff 90       	pop	r15
    5cb0:	ef 90       	pop	r14
    5cb2:	df 90       	pop	r13
    5cb4:	cf 90       	pop	r12
    5cb6:	bf 90       	pop	r11
    5cb8:	af 90       	pop	r10
    5cba:	9f 90       	pop	r9
    5cbc:	8f 90       	pop	r8
    5cbe:	7f 90       	pop	r7
    5cc0:	6f 90       	pop	r6
    5cc2:	5f 90       	pop	r5
    5cc4:	4f 90       	pop	r4
    5cc6:	3f 90       	pop	r3
    5cc8:	2f 90       	pop	r2
    5cca:	08 95       	ret

00005ccc <__udivmodhi4>:
    5ccc:	aa 1b       	sub	r26, r26
    5cce:	bb 1b       	sub	r27, r27
    5cd0:	51 e1       	ldi	r21, 0x11	; 17
    5cd2:	07 c0       	rjmp	.+14     	; 0x5ce2 <__udivmodhi4_ep>

00005cd4 <__udivmodhi4_loop>:
    5cd4:	aa 1f       	adc	r26, r26
    5cd6:	bb 1f       	adc	r27, r27
    5cd8:	a6 17       	cp	r26, r22
    5cda:	b7 07       	cpc	r27, r23
    5cdc:	10 f0       	brcs	.+4      	; 0x5ce2 <__udivmodhi4_ep>
    5cde:	a6 1b       	sub	r26, r22
    5ce0:	b7 0b       	sbc	r27, r23

00005ce2 <__udivmodhi4_ep>:
    5ce2:	88 1f       	adc	r24, r24
    5ce4:	99 1f       	adc	r25, r25
    5ce6:	5a 95       	dec	r21
    5ce8:	a9 f7       	brne	.-22     	; 0x5cd4 <__udivmodhi4_loop>
    5cea:	80 95       	com	r24
    5cec:	90 95       	com	r25
    5cee:	bc 01       	movw	r22, r24
    5cf0:	cd 01       	movw	r24, r26
    5cf2:	08 95       	ret

00005cf4 <__divmodhi4>:
    5cf4:	97 fb       	bst	r25, 7
    5cf6:	07 2e       	mov	r0, r23
    5cf8:	16 f4       	brtc	.+4      	; 0x5cfe <__divmodhi4+0xa>
    5cfa:	00 94       	com	r0
    5cfc:	07 d0       	rcall	.+14     	; 0x5d0c <__divmodhi4_neg1>
    5cfe:	77 fd       	sbrc	r23, 7
    5d00:	09 d0       	rcall	.+18     	; 0x5d14 <__divmodhi4_neg2>
    5d02:	0e 94 66 2e 	call	0x5ccc	; 0x5ccc <__udivmodhi4>
    5d06:	07 fc       	sbrc	r0, 7
    5d08:	05 d0       	rcall	.+10     	; 0x5d14 <__divmodhi4_neg2>
    5d0a:	3e f4       	brtc	.+14     	; 0x5d1a <__divmodhi4_exit>

00005d0c <__divmodhi4_neg1>:
    5d0c:	90 95       	com	r25
    5d0e:	81 95       	neg	r24
    5d10:	9f 4f       	sbci	r25, 0xFF	; 255
    5d12:	08 95       	ret

00005d14 <__divmodhi4_neg2>:
    5d14:	70 95       	com	r23
    5d16:	61 95       	neg	r22
    5d18:	7f 4f       	sbci	r23, 0xFF	; 255

00005d1a <__divmodhi4_exit>:
    5d1a:	08 95       	ret

00005d1c <__udivmodsi4>:
    5d1c:	a1 e2       	ldi	r26, 0x21	; 33
    5d1e:	1a 2e       	mov	r1, r26
    5d20:	aa 1b       	sub	r26, r26
    5d22:	bb 1b       	sub	r27, r27
    5d24:	fd 01       	movw	r30, r26
    5d26:	0d c0       	rjmp	.+26     	; 0x5d42 <__udivmodsi4_ep>

00005d28 <__udivmodsi4_loop>:
    5d28:	aa 1f       	adc	r26, r26
    5d2a:	bb 1f       	adc	r27, r27
    5d2c:	ee 1f       	adc	r30, r30
    5d2e:	ff 1f       	adc	r31, r31
    5d30:	a2 17       	cp	r26, r18
    5d32:	b3 07       	cpc	r27, r19
    5d34:	e4 07       	cpc	r30, r20
    5d36:	f5 07       	cpc	r31, r21
    5d38:	20 f0       	brcs	.+8      	; 0x5d42 <__udivmodsi4_ep>
    5d3a:	a2 1b       	sub	r26, r18
    5d3c:	b3 0b       	sbc	r27, r19
    5d3e:	e4 0b       	sbc	r30, r20
    5d40:	f5 0b       	sbc	r31, r21

00005d42 <__udivmodsi4_ep>:
    5d42:	66 1f       	adc	r22, r22
    5d44:	77 1f       	adc	r23, r23
    5d46:	88 1f       	adc	r24, r24
    5d48:	99 1f       	adc	r25, r25
    5d4a:	1a 94       	dec	r1
    5d4c:	69 f7       	brne	.-38     	; 0x5d28 <__udivmodsi4_loop>
    5d4e:	60 95       	com	r22
    5d50:	70 95       	com	r23
    5d52:	80 95       	com	r24
    5d54:	90 95       	com	r25
    5d56:	9b 01       	movw	r18, r22
    5d58:	ac 01       	movw	r20, r24
    5d5a:	bd 01       	movw	r22, r26
    5d5c:	cf 01       	movw	r24, r30
    5d5e:	08 95       	ret

00005d60 <__umulhisi3>:
    5d60:	a2 9f       	mul	r26, r18
    5d62:	b0 01       	movw	r22, r0
    5d64:	b3 9f       	mul	r27, r19
    5d66:	c0 01       	movw	r24, r0
    5d68:	a3 9f       	mul	r26, r19
    5d6a:	70 0d       	add	r23, r0
    5d6c:	81 1d       	adc	r24, r1
    5d6e:	11 24       	eor	r1, r1
    5d70:	91 1d       	adc	r25, r1
    5d72:	b2 9f       	mul	r27, r18
    5d74:	70 0d       	add	r23, r0
    5d76:	81 1d       	adc	r24, r1
    5d78:	11 24       	eor	r1, r1
    5d7a:	91 1d       	adc	r25, r1
    5d7c:	08 95       	ret

00005d7e <malloc>:
    5d7e:	0f 93       	push	r16
    5d80:	1f 93       	push	r17
    5d82:	cf 93       	push	r28
    5d84:	df 93       	push	r29
    5d86:	82 30       	cpi	r24, 0x02	; 2
    5d88:	91 05       	cpc	r25, r1
    5d8a:	10 f4       	brcc	.+4      	; 0x5d90 <malloc+0x12>
    5d8c:	82 e0       	ldi	r24, 0x02	; 2
    5d8e:	90 e0       	ldi	r25, 0x00	; 0
    5d90:	e0 91 40 23 	lds	r30, 0x2340	; 0x802340 <__flp>
    5d94:	f0 91 41 23 	lds	r31, 0x2341	; 0x802341 <__flp+0x1>
    5d98:	20 e0       	ldi	r18, 0x00	; 0
    5d9a:	30 e0       	ldi	r19, 0x00	; 0
    5d9c:	a0 e0       	ldi	r26, 0x00	; 0
    5d9e:	b0 e0       	ldi	r27, 0x00	; 0
    5da0:	30 97       	sbiw	r30, 0x00	; 0
    5da2:	19 f1       	breq	.+70     	; 0x5dea <malloc+0x6c>
    5da4:	40 81       	ld	r20, Z
    5da6:	51 81       	ldd	r21, Z+1	; 0x01
    5da8:	02 81       	ldd	r16, Z+2	; 0x02
    5daa:	13 81       	ldd	r17, Z+3	; 0x03
    5dac:	48 17       	cp	r20, r24
    5dae:	59 07       	cpc	r21, r25
    5db0:	c8 f0       	brcs	.+50     	; 0x5de4 <malloc+0x66>
    5db2:	84 17       	cp	r24, r20
    5db4:	95 07       	cpc	r25, r21
    5db6:	69 f4       	brne	.+26     	; 0x5dd2 <malloc+0x54>
    5db8:	10 97       	sbiw	r26, 0x00	; 0
    5dba:	31 f0       	breq	.+12     	; 0x5dc8 <malloc+0x4a>
    5dbc:	12 96       	adiw	r26, 0x02	; 2
    5dbe:	0c 93       	st	X, r16
    5dc0:	12 97       	sbiw	r26, 0x02	; 2
    5dc2:	13 96       	adiw	r26, 0x03	; 3
    5dc4:	1c 93       	st	X, r17
    5dc6:	27 c0       	rjmp	.+78     	; 0x5e16 <malloc+0x98>
    5dc8:	00 93 40 23 	sts	0x2340, r16	; 0x802340 <__flp>
    5dcc:	10 93 41 23 	sts	0x2341, r17	; 0x802341 <__flp+0x1>
    5dd0:	22 c0       	rjmp	.+68     	; 0x5e16 <malloc+0x98>
    5dd2:	21 15       	cp	r18, r1
    5dd4:	31 05       	cpc	r19, r1
    5dd6:	19 f0       	breq	.+6      	; 0x5dde <malloc+0x60>
    5dd8:	42 17       	cp	r20, r18
    5dda:	53 07       	cpc	r21, r19
    5ddc:	18 f4       	brcc	.+6      	; 0x5de4 <malloc+0x66>
    5dde:	9a 01       	movw	r18, r20
    5de0:	bd 01       	movw	r22, r26
    5de2:	ef 01       	movw	r28, r30
    5de4:	df 01       	movw	r26, r30
    5de6:	f8 01       	movw	r30, r16
    5de8:	db cf       	rjmp	.-74     	; 0x5da0 <malloc+0x22>
    5dea:	21 15       	cp	r18, r1
    5dec:	31 05       	cpc	r19, r1
    5dee:	f9 f0       	breq	.+62     	; 0x5e2e <malloc+0xb0>
    5df0:	28 1b       	sub	r18, r24
    5df2:	39 0b       	sbc	r19, r25
    5df4:	24 30       	cpi	r18, 0x04	; 4
    5df6:	31 05       	cpc	r19, r1
    5df8:	80 f4       	brcc	.+32     	; 0x5e1a <malloc+0x9c>
    5dfa:	8a 81       	ldd	r24, Y+2	; 0x02
    5dfc:	9b 81       	ldd	r25, Y+3	; 0x03
    5dfe:	61 15       	cp	r22, r1
    5e00:	71 05       	cpc	r23, r1
    5e02:	21 f0       	breq	.+8      	; 0x5e0c <malloc+0x8e>
    5e04:	fb 01       	movw	r30, r22
    5e06:	82 83       	std	Z+2, r24	; 0x02
    5e08:	93 83       	std	Z+3, r25	; 0x03
    5e0a:	04 c0       	rjmp	.+8      	; 0x5e14 <malloc+0x96>
    5e0c:	80 93 40 23 	sts	0x2340, r24	; 0x802340 <__flp>
    5e10:	90 93 41 23 	sts	0x2341, r25	; 0x802341 <__flp+0x1>
    5e14:	fe 01       	movw	r30, r28
    5e16:	32 96       	adiw	r30, 0x02	; 2
    5e18:	44 c0       	rjmp	.+136    	; 0x5ea2 <malloc+0x124>
    5e1a:	fe 01       	movw	r30, r28
    5e1c:	e2 0f       	add	r30, r18
    5e1e:	f3 1f       	adc	r31, r19
    5e20:	81 93       	st	Z+, r24
    5e22:	91 93       	st	Z+, r25
    5e24:	22 50       	subi	r18, 0x02	; 2
    5e26:	31 09       	sbc	r19, r1
    5e28:	28 83       	st	Y, r18
    5e2a:	39 83       	std	Y+1, r19	; 0x01
    5e2c:	3a c0       	rjmp	.+116    	; 0x5ea2 <malloc+0x124>
    5e2e:	20 91 3e 23 	lds	r18, 0x233E	; 0x80233e <__brkval>
    5e32:	30 91 3f 23 	lds	r19, 0x233F	; 0x80233f <__brkval+0x1>
    5e36:	23 2b       	or	r18, r19
    5e38:	41 f4       	brne	.+16     	; 0x5e4a <malloc+0xcc>
    5e3a:	20 91 02 20 	lds	r18, 0x2002	; 0x802002 <__malloc_heap_start>
    5e3e:	30 91 03 20 	lds	r19, 0x2003	; 0x802003 <__malloc_heap_start+0x1>
    5e42:	20 93 3e 23 	sts	0x233E, r18	; 0x80233e <__brkval>
    5e46:	30 93 3f 23 	sts	0x233F, r19	; 0x80233f <__brkval+0x1>
    5e4a:	20 91 00 20 	lds	r18, 0x2000	; 0x802000 <__DATA_REGION_ORIGIN__>
    5e4e:	30 91 01 20 	lds	r19, 0x2001	; 0x802001 <__DATA_REGION_ORIGIN__+0x1>
    5e52:	21 15       	cp	r18, r1
    5e54:	31 05       	cpc	r19, r1
    5e56:	41 f4       	brne	.+16     	; 0x5e68 <malloc+0xea>
    5e58:	2d b7       	in	r18, 0x3d	; 61
    5e5a:	3e b7       	in	r19, 0x3e	; 62
    5e5c:	40 91 04 20 	lds	r20, 0x2004	; 0x802004 <__malloc_margin>
    5e60:	50 91 05 20 	lds	r21, 0x2005	; 0x802005 <__malloc_margin+0x1>
    5e64:	24 1b       	sub	r18, r20
    5e66:	35 0b       	sbc	r19, r21
    5e68:	e0 91 3e 23 	lds	r30, 0x233E	; 0x80233e <__brkval>
    5e6c:	f0 91 3f 23 	lds	r31, 0x233F	; 0x80233f <__brkval+0x1>
    5e70:	e2 17       	cp	r30, r18
    5e72:	f3 07       	cpc	r31, r19
    5e74:	a0 f4       	brcc	.+40     	; 0x5e9e <malloc+0x120>
    5e76:	2e 1b       	sub	r18, r30
    5e78:	3f 0b       	sbc	r19, r31
    5e7a:	28 17       	cp	r18, r24
    5e7c:	39 07       	cpc	r19, r25
    5e7e:	78 f0       	brcs	.+30     	; 0x5e9e <malloc+0x120>
    5e80:	ac 01       	movw	r20, r24
    5e82:	4e 5f       	subi	r20, 0xFE	; 254
    5e84:	5f 4f       	sbci	r21, 0xFF	; 255
    5e86:	24 17       	cp	r18, r20
    5e88:	35 07       	cpc	r19, r21
    5e8a:	48 f0       	brcs	.+18     	; 0x5e9e <malloc+0x120>
    5e8c:	4e 0f       	add	r20, r30
    5e8e:	5f 1f       	adc	r21, r31
    5e90:	40 93 3e 23 	sts	0x233E, r20	; 0x80233e <__brkval>
    5e94:	50 93 3f 23 	sts	0x233F, r21	; 0x80233f <__brkval+0x1>
    5e98:	81 93       	st	Z+, r24
    5e9a:	91 93       	st	Z+, r25
    5e9c:	02 c0       	rjmp	.+4      	; 0x5ea2 <malloc+0x124>
    5e9e:	e0 e0       	ldi	r30, 0x00	; 0
    5ea0:	f0 e0       	ldi	r31, 0x00	; 0
    5ea2:	cf 01       	movw	r24, r30
    5ea4:	df 91       	pop	r29
    5ea6:	cf 91       	pop	r28
    5ea8:	1f 91       	pop	r17
    5eaa:	0f 91       	pop	r16
    5eac:	08 95       	ret

00005eae <free>:
    5eae:	cf 93       	push	r28
    5eb0:	df 93       	push	r29
    5eb2:	00 97       	sbiw	r24, 0x00	; 0
    5eb4:	09 f4       	brne	.+2      	; 0x5eb8 <free+0xa>
    5eb6:	81 c0       	rjmp	.+258    	; 0x5fba <free+0x10c>
    5eb8:	fc 01       	movw	r30, r24
    5eba:	32 97       	sbiw	r30, 0x02	; 2
    5ebc:	12 82       	std	Z+2, r1	; 0x02
    5ebe:	13 82       	std	Z+3, r1	; 0x03
    5ec0:	a0 91 40 23 	lds	r26, 0x2340	; 0x802340 <__flp>
    5ec4:	b0 91 41 23 	lds	r27, 0x2341	; 0x802341 <__flp+0x1>
    5ec8:	10 97       	sbiw	r26, 0x00	; 0
    5eca:	81 f4       	brne	.+32     	; 0x5eec <free+0x3e>
    5ecc:	20 81       	ld	r18, Z
    5ece:	31 81       	ldd	r19, Z+1	; 0x01
    5ed0:	82 0f       	add	r24, r18
    5ed2:	93 1f       	adc	r25, r19
    5ed4:	20 91 3e 23 	lds	r18, 0x233E	; 0x80233e <__brkval>
    5ed8:	30 91 3f 23 	lds	r19, 0x233F	; 0x80233f <__brkval+0x1>
    5edc:	28 17       	cp	r18, r24
    5ede:	39 07       	cpc	r19, r25
    5ee0:	51 f5       	brne	.+84     	; 0x5f36 <free+0x88>
    5ee2:	e0 93 3e 23 	sts	0x233E, r30	; 0x80233e <__brkval>
    5ee6:	f0 93 3f 23 	sts	0x233F, r31	; 0x80233f <__brkval+0x1>
    5eea:	67 c0       	rjmp	.+206    	; 0x5fba <free+0x10c>
    5eec:	ed 01       	movw	r28, r26
    5eee:	20 e0       	ldi	r18, 0x00	; 0
    5ef0:	30 e0       	ldi	r19, 0x00	; 0
    5ef2:	ce 17       	cp	r28, r30
    5ef4:	df 07       	cpc	r29, r31
    5ef6:	40 f4       	brcc	.+16     	; 0x5f08 <free+0x5a>
    5ef8:	4a 81       	ldd	r20, Y+2	; 0x02
    5efa:	5b 81       	ldd	r21, Y+3	; 0x03
    5efc:	9e 01       	movw	r18, r28
    5efe:	41 15       	cp	r20, r1
    5f00:	51 05       	cpc	r21, r1
    5f02:	f1 f0       	breq	.+60     	; 0x5f40 <free+0x92>
    5f04:	ea 01       	movw	r28, r20
    5f06:	f5 cf       	rjmp	.-22     	; 0x5ef2 <free+0x44>
    5f08:	c2 83       	std	Z+2, r28	; 0x02
    5f0a:	d3 83       	std	Z+3, r29	; 0x03
    5f0c:	40 81       	ld	r20, Z
    5f0e:	51 81       	ldd	r21, Z+1	; 0x01
    5f10:	84 0f       	add	r24, r20
    5f12:	95 1f       	adc	r25, r21
    5f14:	c8 17       	cp	r28, r24
    5f16:	d9 07       	cpc	r29, r25
    5f18:	59 f4       	brne	.+22     	; 0x5f30 <free+0x82>
    5f1a:	88 81       	ld	r24, Y
    5f1c:	99 81       	ldd	r25, Y+1	; 0x01
    5f1e:	84 0f       	add	r24, r20
    5f20:	95 1f       	adc	r25, r21
    5f22:	02 96       	adiw	r24, 0x02	; 2
    5f24:	80 83       	st	Z, r24
    5f26:	91 83       	std	Z+1, r25	; 0x01
    5f28:	8a 81       	ldd	r24, Y+2	; 0x02
    5f2a:	9b 81       	ldd	r25, Y+3	; 0x03
    5f2c:	82 83       	std	Z+2, r24	; 0x02
    5f2e:	93 83       	std	Z+3, r25	; 0x03
    5f30:	21 15       	cp	r18, r1
    5f32:	31 05       	cpc	r19, r1
    5f34:	29 f4       	brne	.+10     	; 0x5f40 <free+0x92>
    5f36:	e0 93 40 23 	sts	0x2340, r30	; 0x802340 <__flp>
    5f3a:	f0 93 41 23 	sts	0x2341, r31	; 0x802341 <__flp+0x1>
    5f3e:	3d c0       	rjmp	.+122    	; 0x5fba <free+0x10c>
    5f40:	e9 01       	movw	r28, r18
    5f42:	ea 83       	std	Y+2, r30	; 0x02
    5f44:	fb 83       	std	Y+3, r31	; 0x03
    5f46:	49 91       	ld	r20, Y+
    5f48:	59 91       	ld	r21, Y+
    5f4a:	c4 0f       	add	r28, r20
    5f4c:	d5 1f       	adc	r29, r21
    5f4e:	ec 17       	cp	r30, r28
    5f50:	fd 07       	cpc	r31, r29
    5f52:	61 f4       	brne	.+24     	; 0x5f6c <free+0xbe>
    5f54:	80 81       	ld	r24, Z
    5f56:	91 81       	ldd	r25, Z+1	; 0x01
    5f58:	84 0f       	add	r24, r20
    5f5a:	95 1f       	adc	r25, r21
    5f5c:	02 96       	adiw	r24, 0x02	; 2
    5f5e:	e9 01       	movw	r28, r18
    5f60:	88 83       	st	Y, r24
    5f62:	99 83       	std	Y+1, r25	; 0x01
    5f64:	82 81       	ldd	r24, Z+2	; 0x02
    5f66:	93 81       	ldd	r25, Z+3	; 0x03
    5f68:	8a 83       	std	Y+2, r24	; 0x02
    5f6a:	9b 83       	std	Y+3, r25	; 0x03
    5f6c:	e0 e0       	ldi	r30, 0x00	; 0
    5f6e:	f0 e0       	ldi	r31, 0x00	; 0
    5f70:	12 96       	adiw	r26, 0x02	; 2
    5f72:	8d 91       	ld	r24, X+
    5f74:	9c 91       	ld	r25, X
    5f76:	13 97       	sbiw	r26, 0x03	; 3
    5f78:	00 97       	sbiw	r24, 0x00	; 0
    5f7a:	19 f0       	breq	.+6      	; 0x5f82 <free+0xd4>
    5f7c:	fd 01       	movw	r30, r26
    5f7e:	dc 01       	movw	r26, r24
    5f80:	f7 cf       	rjmp	.-18     	; 0x5f70 <free+0xc2>
    5f82:	8d 91       	ld	r24, X+
    5f84:	9c 91       	ld	r25, X
    5f86:	11 97       	sbiw	r26, 0x01	; 1
    5f88:	9d 01       	movw	r18, r26
    5f8a:	2e 5f       	subi	r18, 0xFE	; 254
    5f8c:	3f 4f       	sbci	r19, 0xFF	; 255
    5f8e:	82 0f       	add	r24, r18
    5f90:	93 1f       	adc	r25, r19
    5f92:	20 91 3e 23 	lds	r18, 0x233E	; 0x80233e <__brkval>
    5f96:	30 91 3f 23 	lds	r19, 0x233F	; 0x80233f <__brkval+0x1>
    5f9a:	28 17       	cp	r18, r24
    5f9c:	39 07       	cpc	r19, r25
    5f9e:	69 f4       	brne	.+26     	; 0x5fba <free+0x10c>
    5fa0:	30 97       	sbiw	r30, 0x00	; 0
    5fa2:	29 f4       	brne	.+10     	; 0x5fae <free+0x100>
    5fa4:	10 92 40 23 	sts	0x2340, r1	; 0x802340 <__flp>
    5fa8:	10 92 41 23 	sts	0x2341, r1	; 0x802341 <__flp+0x1>
    5fac:	02 c0       	rjmp	.+4      	; 0x5fb2 <free+0x104>
    5fae:	12 82       	std	Z+2, r1	; 0x02
    5fb0:	13 82       	std	Z+3, r1	; 0x03
    5fb2:	a0 93 3e 23 	sts	0x233E, r26	; 0x80233e <__brkval>
    5fb6:	b0 93 3f 23 	sts	0x233F, r27	; 0x80233f <__brkval+0x1>
    5fba:	df 91       	pop	r29
    5fbc:	cf 91       	pop	r28
    5fbe:	08 95       	ret

00005fc0 <__ftoa_engine>:
    5fc0:	28 30       	cpi	r18, 0x08	; 8
    5fc2:	08 f0       	brcs	.+2      	; 0x5fc6 <__ftoa_engine+0x6>
    5fc4:	27 e0       	ldi	r18, 0x07	; 7
    5fc6:	33 27       	eor	r19, r19
    5fc8:	da 01       	movw	r26, r20
    5fca:	99 0f       	add	r25, r25
    5fcc:	31 1d       	adc	r19, r1
    5fce:	87 fd       	sbrc	r24, 7
    5fd0:	91 60       	ori	r25, 0x01	; 1
    5fd2:	00 96       	adiw	r24, 0x00	; 0
    5fd4:	61 05       	cpc	r22, r1
    5fd6:	71 05       	cpc	r23, r1
    5fd8:	39 f4       	brne	.+14     	; 0x5fe8 <__ftoa_engine+0x28>
    5fda:	32 60       	ori	r19, 0x02	; 2
    5fdc:	2e 5f       	subi	r18, 0xFE	; 254
    5fde:	3d 93       	st	X+, r19
    5fe0:	30 e3       	ldi	r19, 0x30	; 48
    5fe2:	2a 95       	dec	r18
    5fe4:	e1 f7       	brne	.-8      	; 0x5fde <__ftoa_engine+0x1e>
    5fe6:	08 95       	ret
    5fe8:	9f 3f       	cpi	r25, 0xFF	; 255
    5fea:	30 f0       	brcs	.+12     	; 0x5ff8 <__ftoa_engine+0x38>
    5fec:	80 38       	cpi	r24, 0x80	; 128
    5fee:	71 05       	cpc	r23, r1
    5ff0:	61 05       	cpc	r22, r1
    5ff2:	09 f0       	breq	.+2      	; 0x5ff6 <__ftoa_engine+0x36>
    5ff4:	3c 5f       	subi	r19, 0xFC	; 252
    5ff6:	3c 5f       	subi	r19, 0xFC	; 252
    5ff8:	3d 93       	st	X+, r19
    5ffa:	91 30       	cpi	r25, 0x01	; 1
    5ffc:	08 f0       	brcs	.+2      	; 0x6000 <__ftoa_engine+0x40>
    5ffe:	80 68       	ori	r24, 0x80	; 128
    6000:	91 1d       	adc	r25, r1
    6002:	df 93       	push	r29
    6004:	cf 93       	push	r28
    6006:	1f 93       	push	r17
    6008:	0f 93       	push	r16
    600a:	ff 92       	push	r15
    600c:	ef 92       	push	r14
    600e:	19 2f       	mov	r17, r25
    6010:	98 7f       	andi	r25, 0xF8	; 248
    6012:	96 95       	lsr	r25
    6014:	e9 2f       	mov	r30, r25
    6016:	96 95       	lsr	r25
    6018:	96 95       	lsr	r25
    601a:	e9 0f       	add	r30, r25
    601c:	ff 27       	eor	r31, r31
    601e:	e8 50       	subi	r30, 0x08	; 8
    6020:	fd 4f       	sbci	r31, 0xFD	; 253
    6022:	99 27       	eor	r25, r25
    6024:	33 27       	eor	r19, r19
    6026:	ee 24       	eor	r14, r14
    6028:	ff 24       	eor	r15, r15
    602a:	a7 01       	movw	r20, r14
    602c:	e7 01       	movw	r28, r14
    602e:	05 90       	lpm	r0, Z+
    6030:	08 94       	sec
    6032:	07 94       	ror	r0
    6034:	28 f4       	brcc	.+10     	; 0x6040 <__ftoa_engine+0x80>
    6036:	36 0f       	add	r19, r22
    6038:	e7 1e       	adc	r14, r23
    603a:	f8 1e       	adc	r15, r24
    603c:	49 1f       	adc	r20, r25
    603e:	51 1d       	adc	r21, r1
    6040:	66 0f       	add	r22, r22
    6042:	77 1f       	adc	r23, r23
    6044:	88 1f       	adc	r24, r24
    6046:	99 1f       	adc	r25, r25
    6048:	06 94       	lsr	r0
    604a:	a1 f7       	brne	.-24     	; 0x6034 <__ftoa_engine+0x74>
    604c:	05 90       	lpm	r0, Z+
    604e:	07 94       	ror	r0
    6050:	28 f4       	brcc	.+10     	; 0x605c <__ftoa_engine+0x9c>
    6052:	e7 0e       	add	r14, r23
    6054:	f8 1e       	adc	r15, r24
    6056:	49 1f       	adc	r20, r25
    6058:	56 1f       	adc	r21, r22
    605a:	c1 1d       	adc	r28, r1
    605c:	77 0f       	add	r23, r23
    605e:	88 1f       	adc	r24, r24
    6060:	99 1f       	adc	r25, r25
    6062:	66 1f       	adc	r22, r22
    6064:	06 94       	lsr	r0
    6066:	a1 f7       	brne	.-24     	; 0x6050 <__ftoa_engine+0x90>
    6068:	05 90       	lpm	r0, Z+
    606a:	07 94       	ror	r0
    606c:	28 f4       	brcc	.+10     	; 0x6078 <__ftoa_engine+0xb8>
    606e:	f8 0e       	add	r15, r24
    6070:	49 1f       	adc	r20, r25
    6072:	56 1f       	adc	r21, r22
    6074:	c7 1f       	adc	r28, r23
    6076:	d1 1d       	adc	r29, r1
    6078:	88 0f       	add	r24, r24
    607a:	99 1f       	adc	r25, r25
    607c:	66 1f       	adc	r22, r22
    607e:	77 1f       	adc	r23, r23
    6080:	06 94       	lsr	r0
    6082:	a1 f7       	brne	.-24     	; 0x606c <__ftoa_engine+0xac>
    6084:	05 90       	lpm	r0, Z+
    6086:	07 94       	ror	r0
    6088:	20 f4       	brcc	.+8      	; 0x6092 <__ftoa_engine+0xd2>
    608a:	49 0f       	add	r20, r25
    608c:	56 1f       	adc	r21, r22
    608e:	c7 1f       	adc	r28, r23
    6090:	d8 1f       	adc	r29, r24
    6092:	99 0f       	add	r25, r25
    6094:	66 1f       	adc	r22, r22
    6096:	77 1f       	adc	r23, r23
    6098:	88 1f       	adc	r24, r24
    609a:	06 94       	lsr	r0
    609c:	a9 f7       	brne	.-22     	; 0x6088 <__ftoa_engine+0xc8>
    609e:	84 91       	lpm	r24, Z
    60a0:	10 95       	com	r17
    60a2:	17 70       	andi	r17, 0x07	; 7
    60a4:	41 f0       	breq	.+16     	; 0x60b6 <__ftoa_engine+0xf6>
    60a6:	d6 95       	lsr	r29
    60a8:	c7 95       	ror	r28
    60aa:	57 95       	ror	r21
    60ac:	47 95       	ror	r20
    60ae:	f7 94       	ror	r15
    60b0:	e7 94       	ror	r14
    60b2:	1a 95       	dec	r17
    60b4:	c1 f7       	brne	.-16     	; 0x60a6 <__ftoa_engine+0xe6>
    60b6:	ee e9       	ldi	r30, 0x9E	; 158
    60b8:	f2 e0       	ldi	r31, 0x02	; 2
    60ba:	68 94       	set
    60bc:	15 90       	lpm	r1, Z+
    60be:	15 91       	lpm	r17, Z+
    60c0:	35 91       	lpm	r19, Z+
    60c2:	65 91       	lpm	r22, Z+
    60c4:	95 91       	lpm	r25, Z+
    60c6:	05 90       	lpm	r0, Z+
    60c8:	7f e2       	ldi	r23, 0x2F	; 47
    60ca:	73 95       	inc	r23
    60cc:	e1 18       	sub	r14, r1
    60ce:	f1 0a       	sbc	r15, r17
    60d0:	43 0b       	sbc	r20, r19
    60d2:	56 0b       	sbc	r21, r22
    60d4:	c9 0b       	sbc	r28, r25
    60d6:	d0 09       	sbc	r29, r0
    60d8:	c0 f7       	brcc	.-16     	; 0x60ca <__ftoa_engine+0x10a>
    60da:	e1 0c       	add	r14, r1
    60dc:	f1 1e       	adc	r15, r17
    60de:	43 1f       	adc	r20, r19
    60e0:	56 1f       	adc	r21, r22
    60e2:	c9 1f       	adc	r28, r25
    60e4:	d0 1d       	adc	r29, r0
    60e6:	7e f4       	brtc	.+30     	; 0x6106 <__ftoa_engine+0x146>
    60e8:	70 33       	cpi	r23, 0x30	; 48
    60ea:	11 f4       	brne	.+4      	; 0x60f0 <__ftoa_engine+0x130>
    60ec:	8a 95       	dec	r24
    60ee:	e6 cf       	rjmp	.-52     	; 0x60bc <__ftoa_engine+0xfc>
    60f0:	e8 94       	clt
    60f2:	01 50       	subi	r16, 0x01	; 1
    60f4:	30 f0       	brcs	.+12     	; 0x6102 <__ftoa_engine+0x142>
    60f6:	08 0f       	add	r16, r24
    60f8:	0a f4       	brpl	.+2      	; 0x60fc <__ftoa_engine+0x13c>
    60fa:	00 27       	eor	r16, r16
    60fc:	02 17       	cp	r16, r18
    60fe:	08 f4       	brcc	.+2      	; 0x6102 <__ftoa_engine+0x142>
    6100:	20 2f       	mov	r18, r16
    6102:	23 95       	inc	r18
    6104:	02 2f       	mov	r16, r18
    6106:	7a 33       	cpi	r23, 0x3A	; 58
    6108:	28 f0       	brcs	.+10     	; 0x6114 <__ftoa_engine+0x154>
    610a:	79 e3       	ldi	r23, 0x39	; 57
    610c:	7d 93       	st	X+, r23
    610e:	2a 95       	dec	r18
    6110:	e9 f7       	brne	.-6      	; 0x610c <__ftoa_engine+0x14c>
    6112:	10 c0       	rjmp	.+32     	; 0x6134 <__ftoa_engine+0x174>
    6114:	7d 93       	st	X+, r23
    6116:	2a 95       	dec	r18
    6118:	89 f6       	brne	.-94     	; 0x60bc <__ftoa_engine+0xfc>
    611a:	06 94       	lsr	r0
    611c:	97 95       	ror	r25
    611e:	67 95       	ror	r22
    6120:	37 95       	ror	r19
    6122:	17 95       	ror	r17
    6124:	17 94       	ror	r1
    6126:	e1 18       	sub	r14, r1
    6128:	f1 0a       	sbc	r15, r17
    612a:	43 0b       	sbc	r20, r19
    612c:	56 0b       	sbc	r21, r22
    612e:	c9 0b       	sbc	r28, r25
    6130:	d0 09       	sbc	r29, r0
    6132:	98 f0       	brcs	.+38     	; 0x615a <__ftoa_engine+0x19a>
    6134:	23 95       	inc	r18
    6136:	7e 91       	ld	r23, -X
    6138:	73 95       	inc	r23
    613a:	7a 33       	cpi	r23, 0x3A	; 58
    613c:	08 f0       	brcs	.+2      	; 0x6140 <__ftoa_engine+0x180>
    613e:	70 e3       	ldi	r23, 0x30	; 48
    6140:	7c 93       	st	X, r23
    6142:	20 13       	cpse	r18, r16
    6144:	b8 f7       	brcc	.-18     	; 0x6134 <__ftoa_engine+0x174>
    6146:	7e 91       	ld	r23, -X
    6148:	70 61       	ori	r23, 0x10	; 16
    614a:	7d 93       	st	X+, r23
    614c:	30 f0       	brcs	.+12     	; 0x615a <__ftoa_engine+0x19a>
    614e:	83 95       	inc	r24
    6150:	71 e3       	ldi	r23, 0x31	; 49
    6152:	7d 93       	st	X+, r23
    6154:	70 e3       	ldi	r23, 0x30	; 48
    6156:	2a 95       	dec	r18
    6158:	e1 f7       	brne	.-8      	; 0x6152 <__ftoa_engine+0x192>
    615a:	11 24       	eor	r1, r1
    615c:	ef 90       	pop	r14
    615e:	ff 90       	pop	r15
    6160:	0f 91       	pop	r16
    6162:	1f 91       	pop	r17
    6164:	cf 91       	pop	r28
    6166:	df 91       	pop	r29
    6168:	99 27       	eor	r25, r25
    616a:	87 fd       	sbrc	r24, 7
    616c:	90 95       	com	r25
    616e:	08 95       	ret

00006170 <strnlen_P>:
    6170:	fc 01       	movw	r30, r24
    6172:	05 90       	lpm	r0, Z+
    6174:	61 50       	subi	r22, 0x01	; 1
    6176:	70 40       	sbci	r23, 0x00	; 0
    6178:	01 10       	cpse	r0, r1
    617a:	d8 f7       	brcc	.-10     	; 0x6172 <strnlen_P+0x2>
    617c:	80 95       	com	r24
    617e:	90 95       	com	r25
    6180:	8e 0f       	add	r24, r30
    6182:	9f 1f       	adc	r25, r31
    6184:	08 95       	ret

00006186 <memcpy>:
    6186:	fb 01       	movw	r30, r22
    6188:	dc 01       	movw	r26, r24
    618a:	02 c0       	rjmp	.+4      	; 0x6190 <memcpy+0xa>
    618c:	01 90       	ld	r0, Z+
    618e:	0d 92       	st	X+, r0
    6190:	41 50       	subi	r20, 0x01	; 1
    6192:	50 40       	sbci	r21, 0x00	; 0
    6194:	d8 f7       	brcc	.-10     	; 0x618c <memcpy+0x6>
    6196:	08 95       	ret

00006198 <memset>:
    6198:	dc 01       	movw	r26, r24
    619a:	01 c0       	rjmp	.+2      	; 0x619e <memset+0x6>
    619c:	6d 93       	st	X+, r22
    619e:	41 50       	subi	r20, 0x01	; 1
    61a0:	50 40       	sbci	r21, 0x00	; 0
    61a2:	e0 f7       	brcc	.-8      	; 0x619c <memset+0x4>
    61a4:	08 95       	ret

000061a6 <strcmp>:
    61a6:	fb 01       	movw	r30, r22
    61a8:	dc 01       	movw	r26, r24
    61aa:	8d 91       	ld	r24, X+
    61ac:	01 90       	ld	r0, Z+
    61ae:	80 19       	sub	r24, r0
    61b0:	01 10       	cpse	r0, r1
    61b2:	d9 f3       	breq	.-10     	; 0x61aa <strcmp+0x4>
    61b4:	99 0b       	sbc	r25, r25
    61b6:	08 95       	ret

000061b8 <strcpy>:
    61b8:	fb 01       	movw	r30, r22
    61ba:	dc 01       	movw	r26, r24
    61bc:	01 90       	ld	r0, Z+
    61be:	0d 92       	st	X+, r0
    61c0:	00 20       	and	r0, r0
    61c2:	e1 f7       	brne	.-8      	; 0x61bc <strcpy+0x4>
    61c4:	08 95       	ret

000061c6 <strlen>:
    61c6:	fc 01       	movw	r30, r24
    61c8:	01 90       	ld	r0, Z+
    61ca:	00 20       	and	r0, r0
    61cc:	e9 f7       	brne	.-6      	; 0x61c8 <strlen+0x2>
    61ce:	80 95       	com	r24
    61d0:	90 95       	com	r25
    61d2:	8e 0f       	add	r24, r30
    61d4:	9f 1f       	adc	r25, r31
    61d6:	08 95       	ret

000061d8 <strnlen>:
    61d8:	fc 01       	movw	r30, r24
    61da:	61 50       	subi	r22, 0x01	; 1
    61dc:	70 40       	sbci	r23, 0x00	; 0
    61de:	01 90       	ld	r0, Z+
    61e0:	01 10       	cpse	r0, r1
    61e2:	d8 f7       	brcc	.-10     	; 0x61da <strnlen+0x2>
    61e4:	80 95       	com	r24
    61e6:	90 95       	com	r25
    61e8:	8e 0f       	add	r24, r30
    61ea:	9f 1f       	adc	r25, r31
    61ec:	08 95       	ret

000061ee <fgetc>:
    61ee:	cf 93       	push	r28
    61f0:	df 93       	push	r29
    61f2:	ec 01       	movw	r28, r24
    61f4:	2b 81       	ldd	r18, Y+3	; 0x03
    61f6:	20 ff       	sbrs	r18, 0
    61f8:	33 c0       	rjmp	.+102    	; 0x6260 <fgetc+0x72>
    61fa:	26 ff       	sbrs	r18, 6
    61fc:	0a c0       	rjmp	.+20     	; 0x6212 <fgetc+0x24>
    61fe:	2f 7b       	andi	r18, 0xBF	; 191
    6200:	2b 83       	std	Y+3, r18	; 0x03
    6202:	8e 81       	ldd	r24, Y+6	; 0x06
    6204:	9f 81       	ldd	r25, Y+7	; 0x07
    6206:	01 96       	adiw	r24, 0x01	; 1
    6208:	8e 83       	std	Y+6, r24	; 0x06
    620a:	9f 83       	std	Y+7, r25	; 0x07
    620c:	8a 81       	ldd	r24, Y+2	; 0x02
    620e:	90 e0       	ldi	r25, 0x00	; 0
    6210:	29 c0       	rjmp	.+82     	; 0x6264 <fgetc+0x76>
    6212:	22 ff       	sbrs	r18, 2
    6214:	0f c0       	rjmp	.+30     	; 0x6234 <fgetc+0x46>
    6216:	e8 81       	ld	r30, Y
    6218:	f9 81       	ldd	r31, Y+1	; 0x01
    621a:	80 81       	ld	r24, Z
    621c:	08 2e       	mov	r0, r24
    621e:	00 0c       	add	r0, r0
    6220:	99 0b       	sbc	r25, r25
    6222:	00 97       	sbiw	r24, 0x00	; 0
    6224:	19 f4       	brne	.+6      	; 0x622c <fgetc+0x3e>
    6226:	20 62       	ori	r18, 0x20	; 32
    6228:	2b 83       	std	Y+3, r18	; 0x03
    622a:	1a c0       	rjmp	.+52     	; 0x6260 <fgetc+0x72>
    622c:	31 96       	adiw	r30, 0x01	; 1
    622e:	e8 83       	st	Y, r30
    6230:	f9 83       	std	Y+1, r31	; 0x01
    6232:	0e c0       	rjmp	.+28     	; 0x6250 <fgetc+0x62>
    6234:	ea 85       	ldd	r30, Y+10	; 0x0a
    6236:	fb 85       	ldd	r31, Y+11	; 0x0b
    6238:	19 95       	eicall
    623a:	97 ff       	sbrs	r25, 7
    623c:	09 c0       	rjmp	.+18     	; 0x6250 <fgetc+0x62>
    623e:	2b 81       	ldd	r18, Y+3	; 0x03
    6240:	01 96       	adiw	r24, 0x01	; 1
    6242:	11 f0       	breq	.+4      	; 0x6248 <fgetc+0x5a>
    6244:	80 e2       	ldi	r24, 0x20	; 32
    6246:	01 c0       	rjmp	.+2      	; 0x624a <fgetc+0x5c>
    6248:	80 e1       	ldi	r24, 0x10	; 16
    624a:	82 2b       	or	r24, r18
    624c:	8b 83       	std	Y+3, r24	; 0x03
    624e:	08 c0       	rjmp	.+16     	; 0x6260 <fgetc+0x72>
    6250:	2e 81       	ldd	r18, Y+6	; 0x06
    6252:	3f 81       	ldd	r19, Y+7	; 0x07
    6254:	2f 5f       	subi	r18, 0xFF	; 255
    6256:	3f 4f       	sbci	r19, 0xFF	; 255
    6258:	2e 83       	std	Y+6, r18	; 0x06
    625a:	3f 83       	std	Y+7, r19	; 0x07
    625c:	99 27       	eor	r25, r25
    625e:	02 c0       	rjmp	.+4      	; 0x6264 <fgetc+0x76>
    6260:	8f ef       	ldi	r24, 0xFF	; 255
    6262:	9f ef       	ldi	r25, 0xFF	; 255
    6264:	df 91       	pop	r29
    6266:	cf 91       	pop	r28
    6268:	08 95       	ret

0000626a <fputc>:
    626a:	0f 93       	push	r16
    626c:	1f 93       	push	r17
    626e:	cf 93       	push	r28
    6270:	df 93       	push	r29
    6272:	fb 01       	movw	r30, r22
    6274:	23 81       	ldd	r18, Z+3	; 0x03
    6276:	21 fd       	sbrc	r18, 1
    6278:	03 c0       	rjmp	.+6      	; 0x6280 <fputc+0x16>
    627a:	8f ef       	ldi	r24, 0xFF	; 255
    627c:	9f ef       	ldi	r25, 0xFF	; 255
    627e:	2c c0       	rjmp	.+88     	; 0x62d8 <fputc+0x6e>
    6280:	22 ff       	sbrs	r18, 2
    6282:	16 c0       	rjmp	.+44     	; 0x62b0 <fputc+0x46>
    6284:	46 81       	ldd	r20, Z+6	; 0x06
    6286:	57 81       	ldd	r21, Z+7	; 0x07
    6288:	24 81       	ldd	r18, Z+4	; 0x04
    628a:	35 81       	ldd	r19, Z+5	; 0x05
    628c:	42 17       	cp	r20, r18
    628e:	53 07       	cpc	r21, r19
    6290:	44 f4       	brge	.+16     	; 0x62a2 <fputc+0x38>
    6292:	a0 81       	ld	r26, Z
    6294:	b1 81       	ldd	r27, Z+1	; 0x01
    6296:	9d 01       	movw	r18, r26
    6298:	2f 5f       	subi	r18, 0xFF	; 255
    629a:	3f 4f       	sbci	r19, 0xFF	; 255
    629c:	20 83       	st	Z, r18
    629e:	31 83       	std	Z+1, r19	; 0x01
    62a0:	8c 93       	st	X, r24
    62a2:	26 81       	ldd	r18, Z+6	; 0x06
    62a4:	37 81       	ldd	r19, Z+7	; 0x07
    62a6:	2f 5f       	subi	r18, 0xFF	; 255
    62a8:	3f 4f       	sbci	r19, 0xFF	; 255
    62aa:	26 83       	std	Z+6, r18	; 0x06
    62ac:	37 83       	std	Z+7, r19	; 0x07
    62ae:	14 c0       	rjmp	.+40     	; 0x62d8 <fputc+0x6e>
    62b0:	8b 01       	movw	r16, r22
    62b2:	ec 01       	movw	r28, r24
    62b4:	fb 01       	movw	r30, r22
    62b6:	00 84       	ldd	r0, Z+8	; 0x08
    62b8:	f1 85       	ldd	r31, Z+9	; 0x09
    62ba:	e0 2d       	mov	r30, r0
    62bc:	19 95       	eicall
    62be:	89 2b       	or	r24, r25
    62c0:	e1 f6       	brne	.-72     	; 0x627a <fputc+0x10>
    62c2:	d8 01       	movw	r26, r16
    62c4:	16 96       	adiw	r26, 0x06	; 6
    62c6:	8d 91       	ld	r24, X+
    62c8:	9c 91       	ld	r25, X
    62ca:	17 97       	sbiw	r26, 0x07	; 7
    62cc:	01 96       	adiw	r24, 0x01	; 1
    62ce:	16 96       	adiw	r26, 0x06	; 6
    62d0:	8d 93       	st	X+, r24
    62d2:	9c 93       	st	X, r25
    62d4:	17 97       	sbiw	r26, 0x07	; 7
    62d6:	ce 01       	movw	r24, r28
    62d8:	df 91       	pop	r29
    62da:	cf 91       	pop	r28
    62dc:	1f 91       	pop	r17
    62de:	0f 91       	pop	r16
    62e0:	08 95       	ret

000062e2 <printf>:
    62e2:	cf 93       	push	r28
    62e4:	df 93       	push	r29
    62e6:	cd b7       	in	r28, 0x3d	; 61
    62e8:	de b7       	in	r29, 0x3e	; 62
    62ea:	ae 01       	movw	r20, r28
    62ec:	4a 5f       	subi	r20, 0xFA	; 250
    62ee:	5f 4f       	sbci	r21, 0xFF	; 255
    62f0:	fa 01       	movw	r30, r20
    62f2:	61 91       	ld	r22, Z+
    62f4:	71 91       	ld	r23, Z+
    62f6:	af 01       	movw	r20, r30
    62f8:	80 91 44 23 	lds	r24, 0x2344	; 0x802344 <__iob+0x2>
    62fc:	90 91 45 23 	lds	r25, 0x2345	; 0x802345 <__iob+0x3>
    6300:	0e 94 c6 2a 	call	0x558c	; 0x558c <vfprintf>
    6304:	df 91       	pop	r29
    6306:	cf 91       	pop	r28
    6308:	08 95       	ret

0000630a <putchar>:
    630a:	60 91 44 23 	lds	r22, 0x2344	; 0x802344 <__iob+0x2>
    630e:	70 91 45 23 	lds	r23, 0x2345	; 0x802345 <__iob+0x3>
    6312:	0c 94 35 31 	jmp	0x626a	; 0x626a <fputc>

00006316 <puts>:
    6316:	0f 93       	push	r16
    6318:	1f 93       	push	r17
    631a:	cf 93       	push	r28
    631c:	df 93       	push	r29
    631e:	e0 91 44 23 	lds	r30, 0x2344	; 0x802344 <__iob+0x2>
    6322:	f0 91 45 23 	lds	r31, 0x2345	; 0x802345 <__iob+0x3>
    6326:	23 81       	ldd	r18, Z+3	; 0x03
    6328:	21 ff       	sbrs	r18, 1
    632a:	1b c0       	rjmp	.+54     	; 0x6362 <puts+0x4c>
    632c:	8c 01       	movw	r16, r24
    632e:	d0 e0       	ldi	r29, 0x00	; 0
    6330:	c0 e0       	ldi	r28, 0x00	; 0
    6332:	f8 01       	movw	r30, r16
    6334:	81 91       	ld	r24, Z+
    6336:	8f 01       	movw	r16, r30
    6338:	60 91 44 23 	lds	r22, 0x2344	; 0x802344 <__iob+0x2>
    633c:	70 91 45 23 	lds	r23, 0x2345	; 0x802345 <__iob+0x3>
    6340:	db 01       	movw	r26, r22
    6342:	18 96       	adiw	r26, 0x08	; 8
    6344:	ed 91       	ld	r30, X+
    6346:	fc 91       	ld	r31, X
    6348:	19 97       	sbiw	r26, 0x09	; 9
    634a:	88 23       	and	r24, r24
    634c:	31 f0       	breq	.+12     	; 0x635a <puts+0x44>
    634e:	19 95       	eicall
    6350:	89 2b       	or	r24, r25
    6352:	79 f3       	breq	.-34     	; 0x6332 <puts+0x1c>
    6354:	df ef       	ldi	r29, 0xFF	; 255
    6356:	cf ef       	ldi	r28, 0xFF	; 255
    6358:	ec cf       	rjmp	.-40     	; 0x6332 <puts+0x1c>
    635a:	8a e0       	ldi	r24, 0x0A	; 10
    635c:	19 95       	eicall
    635e:	89 2b       	or	r24, r25
    6360:	19 f0       	breq	.+6      	; 0x6368 <puts+0x52>
    6362:	8f ef       	ldi	r24, 0xFF	; 255
    6364:	9f ef       	ldi	r25, 0xFF	; 255
    6366:	02 c0       	rjmp	.+4      	; 0x636c <puts+0x56>
    6368:	8d 2f       	mov	r24, r29
    636a:	9c 2f       	mov	r25, r28
    636c:	df 91       	pop	r29
    636e:	cf 91       	pop	r28
    6370:	1f 91       	pop	r17
    6372:	0f 91       	pop	r16
    6374:	08 95       	ret

00006376 <sprintf>:
    6376:	0f 93       	push	r16
    6378:	1f 93       	push	r17
    637a:	cf 93       	push	r28
    637c:	df 93       	push	r29
    637e:	cd b7       	in	r28, 0x3d	; 61
    6380:	de b7       	in	r29, 0x3e	; 62
    6382:	2e 97       	sbiw	r28, 0x0e	; 14
    6384:	cd bf       	out	0x3d, r28	; 61
    6386:	de bf       	out	0x3e, r29	; 62
    6388:	0e 89       	ldd	r16, Y+22	; 0x16
    638a:	1f 89       	ldd	r17, Y+23	; 0x17
    638c:	86 e0       	ldi	r24, 0x06	; 6
    638e:	8c 83       	std	Y+4, r24	; 0x04
    6390:	09 83       	std	Y+1, r16	; 0x01
    6392:	1a 83       	std	Y+2, r17	; 0x02
    6394:	8f ef       	ldi	r24, 0xFF	; 255
    6396:	9f e7       	ldi	r25, 0x7F	; 127
    6398:	8d 83       	std	Y+5, r24	; 0x05
    639a:	9e 83       	std	Y+6, r25	; 0x06
    639c:	ae 01       	movw	r20, r28
    639e:	46 5e       	subi	r20, 0xE6	; 230
    63a0:	5f 4f       	sbci	r21, 0xFF	; 255
    63a2:	68 8d       	ldd	r22, Y+24	; 0x18
    63a4:	79 8d       	ldd	r23, Y+25	; 0x19
    63a6:	ce 01       	movw	r24, r28
    63a8:	01 96       	adiw	r24, 0x01	; 1
    63aa:	0e 94 c6 2a 	call	0x558c	; 0x558c <vfprintf>
    63ae:	ef 81       	ldd	r30, Y+7	; 0x07
    63b0:	f8 85       	ldd	r31, Y+8	; 0x08
    63b2:	e0 0f       	add	r30, r16
    63b4:	f1 1f       	adc	r31, r17
    63b6:	10 82       	st	Z, r1
    63b8:	2e 96       	adiw	r28, 0x0e	; 14
    63ba:	cd bf       	out	0x3d, r28	; 61
    63bc:	de bf       	out	0x3e, r29	; 62
    63be:	df 91       	pop	r29
    63c0:	cf 91       	pop	r28
    63c2:	1f 91       	pop	r17
    63c4:	0f 91       	pop	r16
    63c6:	08 95       	ret

000063c8 <__ultoa_invert>:
    63c8:	fa 01       	movw	r30, r20
    63ca:	aa 27       	eor	r26, r26
    63cc:	28 30       	cpi	r18, 0x08	; 8
    63ce:	51 f1       	breq	.+84     	; 0x6424 <__ultoa_invert+0x5c>
    63d0:	20 31       	cpi	r18, 0x10	; 16
    63d2:	81 f1       	breq	.+96     	; 0x6434 <__ultoa_invert+0x6c>
    63d4:	e8 94       	clt
    63d6:	6f 93       	push	r22
    63d8:	6e 7f       	andi	r22, 0xFE	; 254
    63da:	6e 5f       	subi	r22, 0xFE	; 254
    63dc:	7f 4f       	sbci	r23, 0xFF	; 255
    63de:	8f 4f       	sbci	r24, 0xFF	; 255
    63e0:	9f 4f       	sbci	r25, 0xFF	; 255
    63e2:	af 4f       	sbci	r26, 0xFF	; 255
    63e4:	b1 e0       	ldi	r27, 0x01	; 1
    63e6:	3e d0       	rcall	.+124    	; 0x6464 <__ultoa_invert+0x9c>
    63e8:	b4 e0       	ldi	r27, 0x04	; 4
    63ea:	3c d0       	rcall	.+120    	; 0x6464 <__ultoa_invert+0x9c>
    63ec:	67 0f       	add	r22, r23
    63ee:	78 1f       	adc	r23, r24
    63f0:	89 1f       	adc	r24, r25
    63f2:	9a 1f       	adc	r25, r26
    63f4:	a1 1d       	adc	r26, r1
    63f6:	68 0f       	add	r22, r24
    63f8:	79 1f       	adc	r23, r25
    63fa:	8a 1f       	adc	r24, r26
    63fc:	91 1d       	adc	r25, r1
    63fe:	a1 1d       	adc	r26, r1
    6400:	6a 0f       	add	r22, r26
    6402:	71 1d       	adc	r23, r1
    6404:	81 1d       	adc	r24, r1
    6406:	91 1d       	adc	r25, r1
    6408:	a1 1d       	adc	r26, r1
    640a:	20 d0       	rcall	.+64     	; 0x644c <__ultoa_invert+0x84>
    640c:	09 f4       	brne	.+2      	; 0x6410 <__ultoa_invert+0x48>
    640e:	68 94       	set
    6410:	3f 91       	pop	r19
    6412:	2a e0       	ldi	r18, 0x0A	; 10
    6414:	26 9f       	mul	r18, r22
    6416:	11 24       	eor	r1, r1
    6418:	30 19       	sub	r19, r0
    641a:	30 5d       	subi	r19, 0xD0	; 208
    641c:	31 93       	st	Z+, r19
    641e:	de f6       	brtc	.-74     	; 0x63d6 <__ultoa_invert+0xe>
    6420:	cf 01       	movw	r24, r30
    6422:	08 95       	ret
    6424:	46 2f       	mov	r20, r22
    6426:	47 70       	andi	r20, 0x07	; 7
    6428:	40 5d       	subi	r20, 0xD0	; 208
    642a:	41 93       	st	Z+, r20
    642c:	b3 e0       	ldi	r27, 0x03	; 3
    642e:	0f d0       	rcall	.+30     	; 0x644e <__ultoa_invert+0x86>
    6430:	c9 f7       	brne	.-14     	; 0x6424 <__ultoa_invert+0x5c>
    6432:	f6 cf       	rjmp	.-20     	; 0x6420 <__ultoa_invert+0x58>
    6434:	46 2f       	mov	r20, r22
    6436:	4f 70       	andi	r20, 0x0F	; 15
    6438:	40 5d       	subi	r20, 0xD0	; 208
    643a:	4a 33       	cpi	r20, 0x3A	; 58
    643c:	18 f0       	brcs	.+6      	; 0x6444 <__ultoa_invert+0x7c>
    643e:	49 5d       	subi	r20, 0xD9	; 217
    6440:	31 fd       	sbrc	r19, 1
    6442:	40 52       	subi	r20, 0x20	; 32
    6444:	41 93       	st	Z+, r20
    6446:	02 d0       	rcall	.+4      	; 0x644c <__ultoa_invert+0x84>
    6448:	a9 f7       	brne	.-22     	; 0x6434 <__ultoa_invert+0x6c>
    644a:	ea cf       	rjmp	.-44     	; 0x6420 <__ultoa_invert+0x58>
    644c:	b4 e0       	ldi	r27, 0x04	; 4
    644e:	a6 95       	lsr	r26
    6450:	97 95       	ror	r25
    6452:	87 95       	ror	r24
    6454:	77 95       	ror	r23
    6456:	67 95       	ror	r22
    6458:	ba 95       	dec	r27
    645a:	c9 f7       	brne	.-14     	; 0x644e <__ultoa_invert+0x86>
    645c:	00 97       	sbiw	r24, 0x00	; 0
    645e:	61 05       	cpc	r22, r1
    6460:	71 05       	cpc	r23, r1
    6462:	08 95       	ret
    6464:	9b 01       	movw	r18, r22
    6466:	ac 01       	movw	r20, r24
    6468:	0a 2e       	mov	r0, r26
    646a:	06 94       	lsr	r0
    646c:	57 95       	ror	r21
    646e:	47 95       	ror	r20
    6470:	37 95       	ror	r19
    6472:	27 95       	ror	r18
    6474:	ba 95       	dec	r27
    6476:	c9 f7       	brne	.-14     	; 0x646a <__ultoa_invert+0xa2>
    6478:	62 0f       	add	r22, r18
    647a:	73 1f       	adc	r23, r19
    647c:	84 1f       	adc	r24, r20
    647e:	95 1f       	adc	r25, r21
    6480:	a0 1d       	adc	r26, r0
    6482:	08 95       	ret

00006484 <_exit>:
    6484:	f8 94       	cli

00006486 <__stop_program>:
    6486:	ff cf       	rjmp	.-2      	; 0x6486 <__stop_program>
