
Linebot.elf:     file format elf32-avr

Sections:
Idx Name          Size      VMA       LMA       File off  Algn
  0 .text         0000249a  00000000  00000000  00000094  2**1
                  CONTENTS, ALLOC, LOAD, READONLY, CODE
  1 .data         000000be  00802000  0000249a  0000252e  2**0
                  CONTENTS, ALLOC, LOAD, DATA
  2 .bss          000000c8  008020be  008020be  000025ec  2**0
                  ALLOC
  3 .comment      0000008c  00000000  00000000  000025ec  2**0
                  CONTENTS, READONLY
  4 .note.gnu.avr.deviceinfo 00000040  00000000  00000000  00002678  2**2
                  CONTENTS, READONLY
  5 .debug_aranges 00000428  00000000  00000000  000026b8  2**0
                  CONTENTS, READONLY, DEBUGGING
  6 .debug_info   00008bdf  00000000  00000000  00002ae0  2**0
                  CONTENTS, READONLY, DEBUGGING
  7 .debug_abbrev 00003b98  00000000  00000000  0000b6bf  2**0
                  CONTENTS, READONLY, DEBUGGING
  8 .debug_line   00003420  00000000  00000000  0000f257  2**0
                  CONTENTS, READONLY, DEBUGGING
  9 .debug_frame  00000c24  00000000  00000000  00012678  2**2
                  CONTENTS, READONLY, DEBUGGING
 10 .debug_str    00003925  00000000  00000000  0001329c  2**0
                  CONTENTS, READONLY, DEBUGGING
 11 .debug_loc    00004bec  00000000  00000000  00016bc1  2**0
                  CONTENTS, READONLY, DEBUGGING
 12 .debug_ranges 000005c8  00000000  00000000  0001b7ad  2**0
                  CONTENTS, READONLY, DEBUGGING

Disassembly of section .text:

00000000 <__vectors>:
       0:	0c 94 87 01 	jmp	0x30e	; 0x30e <__ctors_end>
       4:	0c 94 a8 01 	jmp	0x350	; 0x350 <__bad_interrupt>
       8:	0c 94 a8 01 	jmp	0x350	; 0x350 <__bad_interrupt>
       c:	0c 94 a8 01 	jmp	0x350	; 0x350 <__bad_interrupt>
      10:	0c 94 a8 01 	jmp	0x350	; 0x350 <__bad_interrupt>
      14:	0c 94 a8 01 	jmp	0x350	; 0x350 <__bad_interrupt>
      18:	0c 94 a8 01 	jmp	0x350	; 0x350 <__bad_interrupt>
      1c:	0c 94 a8 01 	jmp	0x350	; 0x350 <__bad_interrupt>
      20:	0c 94 a8 01 	jmp	0x350	; 0x350 <__bad_interrupt>
      24:	0c 94 a8 01 	jmp	0x350	; 0x350 <__bad_interrupt>
      28:	0c 94 a8 01 	jmp	0x350	; 0x350 <__bad_interrupt>
      2c:	0c 94 a8 01 	jmp	0x350	; 0x350 <__bad_interrupt>
      30:	0c 94 a8 01 	jmp	0x350	; 0x350 <__bad_interrupt>
      34:	0c 94 a8 01 	jmp	0x350	; 0x350 <__bad_interrupt>
      38:	0c 94 8a 05 	jmp	0xb14	; 0xb14 <__vector_14>
      3c:	0c 94 a8 01 	jmp	0x350	; 0x350 <__bad_interrupt>
      40:	0c 94 fe 05 	jmp	0xbfc	; 0xbfc <__vector_16>
      44:	0c 94 a8 01 	jmp	0x350	; 0x350 <__bad_interrupt>
      48:	0c 94 a8 01 	jmp	0x350	; 0x350 <__bad_interrupt>
      4c:	0c 94 a8 01 	jmp	0x350	; 0x350 <__bad_interrupt>
      50:	0c 94 a8 01 	jmp	0x350	; 0x350 <__bad_interrupt>
      54:	0c 94 a8 01 	jmp	0x350	; 0x350 <__bad_interrupt>
      58:	0c 94 a8 01 	jmp	0x350	; 0x350 <__bad_interrupt>
      5c:	0c 94 a8 01 	jmp	0x350	; 0x350 <__bad_interrupt>
      60:	0c 94 a8 01 	jmp	0x350	; 0x350 <__bad_interrupt>
      64:	0c 94 a8 01 	jmp	0x350	; 0x350 <__bad_interrupt>
      68:	0c 94 a8 01 	jmp	0x350	; 0x350 <__bad_interrupt>
      6c:	0c 94 a8 01 	jmp	0x350	; 0x350 <__bad_interrupt>
      70:	0c 94 a8 01 	jmp	0x350	; 0x350 <__bad_interrupt>
      74:	0c 94 a8 01 	jmp	0x350	; 0x350 <__bad_interrupt>
      78:	0c 94 a8 01 	jmp	0x350	; 0x350 <__bad_interrupt>
      7c:	0c 94 a8 01 	jmp	0x350	; 0x350 <__bad_interrupt>
      80:	0c 94 a8 01 	jmp	0x350	; 0x350 <__bad_interrupt>
      84:	0c 94 a8 01 	jmp	0x350	; 0x350 <__bad_interrupt>
      88:	0c 94 a8 01 	jmp	0x350	; 0x350 <__bad_interrupt>
      8c:	0c 94 a8 01 	jmp	0x350	; 0x350 <__bad_interrupt>
      90:	0c 94 a8 01 	jmp	0x350	; 0x350 <__bad_interrupt>
      94:	0c 94 a8 01 	jmp	0x350	; 0x350 <__bad_interrupt>
      98:	0c 94 a8 01 	jmp	0x350	; 0x350 <__bad_interrupt>
      9c:	0c 94 a8 01 	jmp	0x350	; 0x350 <__bad_interrupt>
      a0:	0c 94 a8 01 	jmp	0x350	; 0x350 <__bad_interrupt>
      a4:	0c 94 a8 01 	jmp	0x350	; 0x350 <__bad_interrupt>
      a8:	0c 94 a8 01 	jmp	0x350	; 0x350 <__bad_interrupt>
      ac:	0c 94 a8 01 	jmp	0x350	; 0x350 <__bad_interrupt>
      b0:	0c 94 a8 01 	jmp	0x350	; 0x350 <__bad_interrupt>
      b4:	0c 94 a8 01 	jmp	0x350	; 0x350 <__bad_interrupt>
      b8:	0c 94 c3 02 	jmp	0x586	; 0x586 <__vector_46>
      bc:	0c 94 a8 01 	jmp	0x350	; 0x350 <__bad_interrupt>
      c0:	0c 94 a8 01 	jmp	0x350	; 0x350 <__bad_interrupt>
      c4:	0c 94 a8 01 	jmp	0x350	; 0x350 <__bad_interrupt>
      c8:	0c 94 a8 01 	jmp	0x350	; 0x350 <__bad_interrupt>
      cc:	0c 94 a8 01 	jmp	0x350	; 0x350 <__bad_interrupt>
      d0:	0c 94 a8 01 	jmp	0x350	; 0x350 <__bad_interrupt>
      d4:	0c 94 a8 01 	jmp	0x350	; 0x350 <__bad_interrupt>
      d8:	0c 94 a8 01 	jmp	0x350	; 0x350 <__bad_interrupt>
      dc:	0c 94 a8 01 	jmp	0x350	; 0x350 <__bad_interrupt>
      e0:	0c 94 a8 01 	jmp	0x350	; 0x350 <__bad_interrupt>
      e4:	0c 94 a8 01 	jmp	0x350	; 0x350 <__bad_interrupt>
      e8:	0c 94 a8 01 	jmp	0x350	; 0x350 <__bad_interrupt>
      ec:	0c 94 a8 01 	jmp	0x350	; 0x350 <__bad_interrupt>
      f0:	0c 94 a8 01 	jmp	0x350	; 0x350 <__bad_interrupt>
      f4:	0c 94 a8 01 	jmp	0x350	; 0x350 <__bad_interrupt>
      f8:	0c 94 a8 01 	jmp	0x350	; 0x350 <__bad_interrupt>
      fc:	0c 94 a8 01 	jmp	0x350	; 0x350 <__bad_interrupt>
     100:	0c 94 a8 01 	jmp	0x350	; 0x350 <__bad_interrupt>
     104:	0c 94 a8 01 	jmp	0x350	; 0x350 <__bad_interrupt>
     108:	0c 94 a8 01 	jmp	0x350	; 0x350 <__bad_interrupt>
     10c:	0c 94 a8 01 	jmp	0x350	; 0x350 <__bad_interrupt>
     110:	0c 94 a8 01 	jmp	0x350	; 0x350 <__bad_interrupt>
     114:	0c 94 a8 01 	jmp	0x350	; 0x350 <__bad_interrupt>
     118:	0c 94 a8 01 	jmp	0x350	; 0x350 <__bad_interrupt>
     11c:	0c 94 a8 01 	jmp	0x350	; 0x350 <__bad_interrupt>
     120:	0c 94 a8 01 	jmp	0x350	; 0x350 <__bad_interrupt>
     124:	0c 94 a8 01 	jmp	0x350	; 0x350 <__bad_interrupt>
     128:	0c 94 a8 01 	jmp	0x350	; 0x350 <__bad_interrupt>
     12c:	0c 94 a8 01 	jmp	0x350	; 0x350 <__bad_interrupt>
     130:	0c 94 a8 01 	jmp	0x350	; 0x350 <__bad_interrupt>
     134:	0c 94 a8 01 	jmp	0x350	; 0x350 <__bad_interrupt>
     138:	0c 94 a8 01 	jmp	0x350	; 0x350 <__bad_interrupt>
     13c:	0c 94 a8 01 	jmp	0x350	; 0x350 <__bad_interrupt>
     140:	0c 94 a8 01 	jmp	0x350	; 0x350 <__bad_interrupt>
     144:	0c 94 a8 01 	jmp	0x350	; 0x350 <__bad_interrupt>
     148:	0c 94 a8 01 	jmp	0x350	; 0x350 <__bad_interrupt>
     14c:	0c 94 a8 01 	jmp	0x350	; 0x350 <__bad_interrupt>
     150:	0c 94 a8 01 	jmp	0x350	; 0x350 <__bad_interrupt>
     154:	0c 94 a8 01 	jmp	0x350	; 0x350 <__bad_interrupt>
     158:	0c 94 a8 01 	jmp	0x350	; 0x350 <__bad_interrupt>
     15c:	0c 94 a8 01 	jmp	0x350	; 0x350 <__bad_interrupt>
     160:	0c 94 a8 01 	jmp	0x350	; 0x350 <__bad_interrupt>
     164:	0c 94 a8 01 	jmp	0x350	; 0x350 <__bad_interrupt>
     168:	0c 94 a8 01 	jmp	0x350	; 0x350 <__bad_interrupt>
     16c:	0c 94 a8 01 	jmp	0x350	; 0x350 <__bad_interrupt>
     170:	0c 94 a8 01 	jmp	0x350	; 0x350 <__bad_interrupt>
     174:	0c 94 a8 01 	jmp	0x350	; 0x350 <__bad_interrupt>
     178:	0c 94 a8 01 	jmp	0x350	; 0x350 <__bad_interrupt>
     17c:	0c 94 a8 01 	jmp	0x350	; 0x350 <__bad_interrupt>
     180:	0c 94 a8 01 	jmp	0x350	; 0x350 <__bad_interrupt>
     184:	0c 94 a8 01 	jmp	0x350	; 0x350 <__bad_interrupt>
     188:	0c 94 a8 01 	jmp	0x350	; 0x350 <__bad_interrupt>
     18c:	0c 94 a8 01 	jmp	0x350	; 0x350 <__bad_interrupt>
     190:	0c 94 a8 01 	jmp	0x350	; 0x350 <__bad_interrupt>
     194:	0c 94 a8 01 	jmp	0x350	; 0x350 <__bad_interrupt>
     198:	0c 94 a8 01 	jmp	0x350	; 0x350 <__bad_interrupt>
     19c:	0c 94 a8 01 	jmp	0x350	; 0x350 <__bad_interrupt>
     1a0:	0c 94 a8 01 	jmp	0x350	; 0x350 <__bad_interrupt>
     1a4:	0c 94 a8 01 	jmp	0x350	; 0x350 <__bad_interrupt>
     1a8:	0c 94 a8 01 	jmp	0x350	; 0x350 <__bad_interrupt>
     1ac:	0c 94 a8 01 	jmp	0x350	; 0x350 <__bad_interrupt>
     1b0:	0c 94 a8 01 	jmp	0x350	; 0x350 <__bad_interrupt>
     1b4:	0c 94 a8 01 	jmp	0x350	; 0x350 <__bad_interrupt>
     1b8:	0c 94 a8 01 	jmp	0x350	; 0x350 <__bad_interrupt>
     1bc:	0c 94 a8 01 	jmp	0x350	; 0x350 <__bad_interrupt>
     1c0:	0c 94 a8 01 	jmp	0x350	; 0x350 <__bad_interrupt>
     1c4:	0c 94 a8 01 	jmp	0x350	; 0x350 <__bad_interrupt>
     1c8:	0c 94 a8 01 	jmp	0x350	; 0x350 <__bad_interrupt>
     1cc:	0c 94 a8 01 	jmp	0x350	; 0x350 <__bad_interrupt>
     1d0:	0c 94 a8 01 	jmp	0x350	; 0x350 <__bad_interrupt>
     1d4:	0c 94 a8 01 	jmp	0x350	; 0x350 <__bad_interrupt>
     1d8:	0c 94 a8 01 	jmp	0x350	; 0x350 <__bad_interrupt>
     1dc:	0c 94 a8 01 	jmp	0x350	; 0x350 <__bad_interrupt>
     1e0:	0c 94 a8 01 	jmp	0x350	; 0x350 <__bad_interrupt>
     1e4:	0c 94 a8 01 	jmp	0x350	; 0x350 <__bad_interrupt>
     1e8:	0c 94 a8 01 	jmp	0x350	; 0x350 <__bad_interrupt>
     1ec:	0c 94 a8 01 	jmp	0x350	; 0x350 <__bad_interrupt>
     1f0:	0c 94 a8 01 	jmp	0x350	; 0x350 <__bad_interrupt>
     1f4:	0c 94 a8 01 	jmp	0x350	; 0x350 <__bad_interrupt>
     1f8:	0c 94 a8 01 	jmp	0x350	; 0x350 <__bad_interrupt>

000001fc <__trampolines_start>:
     1fc:	0c 94 04 03 	jmp	0x608	; 0x608 <stdio_putchar>
     200:	0c 94 5d 06 	jmp	0xcba	; 0xcba <prvIdleTask>
     204:	0c 94 69 0b 	jmp	0x16d2	; 0x16d2 <WorkerMemTask>
     208:	0c 94 10 03 	jmp	0x620	; 0x620 <stdio_getchar>

0000020c <__trampolines_end>:
     20c:	6e 61       	ori	r22, 0x1E	; 30
     20e:	6e 00       	.word	0x006e	; ????

00000210 <__c.2332>:
     210:	69 6e 66 00 00 40 7a 10 f3 5a 00 a0 72 4e 18 09     inf..@z..Z..rN..
     220:	00 10 a5 d4 e8 00 00 e8 76 48 17 00 00 e4 0b 54     ........vH.....T
     230:	02 00 00 ca 9a 3b 00 00 00 e1 f5 05 00 00 80 96     .....;..........
     240:	98 00 00 00 40 42 0f 00 00 00 a0 86 01 00 00 00     ....@B..........
     250:	10 27 00 00 00 00 e8 03 00 00 00 00 64 00 00 00     .'..........d...
     260:	00 00 0a 00 00 00 00 00 01 00 00 00 00 00 2c 76     ..............,v
     270:	d8 88 dc 67 4f 08 23 df c1 df ae 59 e1 b1 b7 96     ...gO.#....Y....
     280:	e5 e3 e4 53 c6 3a e6 51 99 76 96 e8 e6 c2 84 26     ...S.:.Q.v.....&
     290:	eb 89 8c 9b 62 ed 40 7c 6f fc ef bc 9c 9f 40 f2     ....b.@|o.....@.
     2a0:	ba a5 6f a5 f4 90 05 5a 2a f7 5c 93 6b 6c f9 67     ..o....Z*.\.kl.g
     2b0:	6d c1 1b fc e0 e4 0d 47 fe f5 20 e6 b5 00 d0 ed     m......G.. .....
     2c0:	90 2e 03 00 94 35 77 05 00 80 84 1e 08 00 00 20     .....5w........ 
     2d0:	4e 0a 00 00 00 c8 0c 33 33 33 33 0f 98 6e 12 83     N......3333..n..
     2e0:	11 41 ef 8d 21 14 89 3b e6 55 16 cf fe e6 db 18     .A..!..;.U......
     2f0:	d1 84 4b 38 1b f7 7c 1d 90 1d a4 bb e4 24 20 32     ..K8..|......$ 2
     300:	84 72 5e 22 81 00 c9 f1 24 ec a1 e5 3d 27           .r^"....$...='

0000030e <__ctors_end>:
     30e:	11 24       	eor	r1, r1
     310:	1f be       	out	0x3f, r1	; 63
     312:	cf ef       	ldi	r28, 0xFF	; 255
     314:	cd bf       	out	0x3d, r28	; 61
     316:	df e9       	ldi	r29, 0x9F	; 159
     318:	de bf       	out	0x3e, r29	; 62
     31a:	00 e0       	ldi	r16, 0x00	; 0
     31c:	0c bf       	out	0x3c, r16	; 60

0000031e <__do_copy_data>:
     31e:	10 e2       	ldi	r17, 0x20	; 32
     320:	a0 e0       	ldi	r26, 0x00	; 0
     322:	b0 e2       	ldi	r27, 0x20	; 32
     324:	ea e9       	ldi	r30, 0x9A	; 154
     326:	f4 e2       	ldi	r31, 0x24	; 36
     328:	00 e0       	ldi	r16, 0x00	; 0
     32a:	0b bf       	out	0x3b, r16	; 59
     32c:	02 c0       	rjmp	.+4      	; 0x332 <__do_copy_data+0x14>
     32e:	07 90       	elpm	r0, Z+
     330:	0d 92       	st	X+, r0
     332:	ae 3b       	cpi	r26, 0xBE	; 190
     334:	b1 07       	cpc	r27, r17
     336:	d9 f7       	brne	.-10     	; 0x32e <__do_copy_data+0x10>

00000338 <__do_clear_bss>:
     338:	21 e2       	ldi	r18, 0x21	; 33
     33a:	ae eb       	ldi	r26, 0xBE	; 190
     33c:	b0 e2       	ldi	r27, 0x20	; 32
     33e:	01 c0       	rjmp	.+2      	; 0x342 <.do_clear_bss_start>

00000340 <.do_clear_bss_loop>:
     340:	1d 92       	st	X+, r1

00000342 <.do_clear_bss_start>:
     342:	a6 38       	cpi	r26, 0x86	; 134
     344:	b2 07       	cpc	r27, r18
     346:	e1 f7       	brne	.-8      	; 0x340 <.do_clear_bss_loop>
     348:	0e 94 41 0b 	call	0x1682	; 0x1682 <main>
     34c:	0c 94 4b 12 	jmp	0x2496	; 0x2496 <_exit>

00000350 <__bad_interrupt>:
     350:	0c 94 00 00 	jmp	0	; 0x0 <__vectors>

00000354 <DbgPrint>:
#include "DriverDbgUSART.h"


void DbgPrint(char *Text)
{
     354:	dc 01       	movw	r26, r24
}

void DbgPrintn(char *Text,int n)
{
	static int i;
	i=0;
     356:	10 92 c1 20 	sts	0x20C1, r1	; 0x8020c1 <i.3624>
     35a:	10 92 c2 20 	sts	0x20C2, r1	; 0x8020c2 <i.3624+0x1>
	while (*Text!=0 && (i<n || n==0))
     35e:	9c 91       	ld	r25, X
     360:	99 23       	and	r25, r25
     362:	b1 f0       	breq	.+44     	; 0x390 <DbgPrint+0x3c>
     364:	fd 01       	movw	r30, r26
     366:	31 96       	adiw	r30, 0x01	; 1
	{
		USART.DATA = *Text;
		while (!(USART.STATUS & 0b01000000));
		USART.STATUS=0b01000000;
     368:	80 e4       	ldi	r24, 0x40	; 64
{
	static int i;
	i=0;
	while (*Text!=0 && (i<n || n==0))
	{
		USART.DATA = *Text;
     36a:	90 93 a0 0a 	sts	0x0AA0, r25	; 0x800aa0 <__TEXT_REGION_LENGTH__+0x700aa0>
		while (!(USART.STATUS & 0b01000000));
     36e:	90 91 a1 0a 	lds	r25, 0x0AA1	; 0x800aa1 <__TEXT_REGION_LENGTH__+0x700aa1>
     372:	96 ff       	sbrs	r25, 6
     374:	fc cf       	rjmp	.-8      	; 0x36e <DbgPrint+0x1a>
		USART.STATUS=0b01000000;
     376:	80 93 a1 0a 	sts	0x0AA1, r24	; 0x800aa1 <__TEXT_REGION_LENGTH__+0x700aa1>
     37a:	9f 01       	movw	r18, r30
     37c:	2a 1b       	sub	r18, r26
     37e:	3b 0b       	sbc	r19, r27

void DbgPrintn(char *Text,int n)
{
	static int i;
	i=0;
	while (*Text!=0 && (i<n || n==0))
     380:	91 91       	ld	r25, Z+
     382:	91 11       	cpse	r25, r1
     384:	f2 cf       	rjmp	.-28     	; 0x36a <DbgPrint+0x16>
     386:	20 93 c1 20 	sts	0x20C1, r18	; 0x8020c1 <i.3624>
     38a:	30 93 c2 20 	sts	0x20C2, r19	; 0x8020c2 <i.3624+0x1>
     38e:	08 95       	ret
     390:	08 95       	ret

00000392 <DbgPrintn>:
{
	DbgPrintn(Text,0);	
}

void DbgPrintn(char *Text,int n)
{
     392:	fc 01       	movw	r30, r24
	static int i;
	i=0;
     394:	10 92 c1 20 	sts	0x20C1, r1	; 0x8020c1 <i.3624>
     398:	10 92 c2 20 	sts	0x20C2, r1	; 0x8020c2 <i.3624+0x1>
	while (*Text!=0 && (i<n || n==0))
     39c:	90 81       	ld	r25, Z
     39e:	99 23       	and	r25, r25
     3a0:	e1 f0       	breq	.+56     	; 0x3da <DbgPrintn+0x48>
     3a2:	31 96       	adiw	r30, 0x01	; 1
     3a4:	20 e0       	ldi	r18, 0x00	; 0
     3a6:	30 e0       	ldi	r19, 0x00	; 0
	{
		USART.DATA = *Text;
		while (!(USART.STATUS & 0b01000000));
		USART.STATUS=0b01000000;
     3a8:	80 e4       	ldi	r24, 0x40	; 64

void DbgPrintn(char *Text,int n)
{
	static int i;
	i=0;
	while (*Text!=0 && (i<n || n==0))
     3aa:	26 17       	cp	r18, r22
     3ac:	37 07       	cpc	r19, r23
     3ae:	1c f0       	brlt	.+6      	; 0x3b6 <DbgPrintn+0x24>
     3b0:	61 15       	cp	r22, r1
     3b2:	71 05       	cpc	r23, r1
     3b4:	69 f4       	brne	.+26     	; 0x3d0 <DbgPrintn+0x3e>
	{
		USART.DATA = *Text;
     3b6:	90 93 a0 0a 	sts	0x0AA0, r25	; 0x800aa0 <__TEXT_REGION_LENGTH__+0x700aa0>
		while (!(USART.STATUS & 0b01000000));
     3ba:	90 91 a1 0a 	lds	r25, 0x0AA1	; 0x800aa1 <__TEXT_REGION_LENGTH__+0x700aa1>
     3be:	96 ff       	sbrs	r25, 6
     3c0:	fc cf       	rjmp	.-8      	; 0x3ba <DbgPrintn+0x28>
		USART.STATUS=0b01000000;
     3c2:	80 93 a1 0a 	sts	0x0AA1, r24	; 0x800aa1 <__TEXT_REGION_LENGTH__+0x700aa1>
		Text++;
		i++;
     3c6:	2f 5f       	subi	r18, 0xFF	; 255
     3c8:	3f 4f       	sbci	r19, 0xFF	; 255

void DbgPrintn(char *Text,int n)
{
	static int i;
	i=0;
	while (*Text!=0 && (i<n || n==0))
     3ca:	91 91       	ld	r25, Z+
     3cc:	91 11       	cpse	r25, r1
     3ce:	ed cf       	rjmp	.-38     	; 0x3aa <DbgPrintn+0x18>
     3d0:	20 93 c1 20 	sts	0x20C1, r18	; 0x8020c1 <i.3624>
     3d4:	30 93 c2 20 	sts	0x20C2, r19	; 0x8020c2 <i.3624+0x1>
     3d8:	08 95       	ret
     3da:	08 95       	ret

000003dc <DbgPrintInt>:
		i++;
	}
}

void DbgPrintInt(uint16_t Data)
{
     3dc:	cf 92       	push	r12
     3de:	df 92       	push	r13
     3e0:	ef 92       	push	r14
     3e2:	ff 92       	push	r15
     3e4:	0f 93       	push	r16
     3e6:	1f 93       	push	r17
     3e8:	cf 93       	push	r28
     3ea:	df 93       	push	r29
     3ec:	7c 01       	movw	r14, r24
	//Use statics to minimize stack usage
	static int i;
	static uint8_t pf;
	
	i=10000;
     3ee:	80 e1       	ldi	r24, 0x10	; 16
     3f0:	97 e2       	ldi	r25, 0x27	; 39
     3f2:	80 93 bf 20 	sts	0x20BF, r24	; 0x8020bf <i.3634>
     3f6:	90 93 c0 20 	sts	0x20C0, r25	; 0x8020c0 <i.3634+0x1>
	pf=0;
     3fa:	10 92 be 20 	sts	0x20BE, r1	; 0x8020be <__data_end>
     3fe:	c5 e0       	ldi	r28, 0x05	; 5
     400:	d0 e0       	ldi	r29, 0x00	; 0
     402:	c1 2c       	mov	r12, r1
     404:	e0 e1       	ldi	r30, 0x10	; 16
     406:	f7 e2       	ldi	r31, 0x27	; 39
	{
		if (((Data/i)%10)!=0 || pf) //Trim leading 0's
		{
			USART.DATA = '0'+ ((Data/i)%10);
			while (!(USART.STATUS & 0b01000000));
			USART.STATUS=0b01000000;
     408:	a0 e4       	ldi	r26, 0x40	; 64
     40a:	da 2e       	mov	r13, r26
			pf=1;		
		}
		i/=10;
     40c:	0a e0       	ldi	r16, 0x0A	; 10
     40e:	10 e0       	ldi	r17, 0x00	; 0
	
	i=10000;
	pf=0;
	while (i>0)
	{
		if (((Data/i)%10)!=0 || pf) //Trim leading 0's
     410:	c7 01       	movw	r24, r14
     412:	bf 01       	movw	r22, r30
     414:	0e 94 34 0f 	call	0x1e68	; 0x1e68 <__udivmodhi4>
     418:	ab 01       	movw	r20, r22
     41a:	9b 01       	movw	r18, r22
     41c:	ad ec       	ldi	r26, 0xCD	; 205
     41e:	bc ec       	ldi	r27, 0xCC	; 204
     420:	0e 94 5c 0f 	call	0x1eb8	; 0x1eb8 <__umulhisi3>
     424:	96 95       	lsr	r25
     426:	87 95       	ror	r24
     428:	96 95       	lsr	r25
     42a:	87 95       	ror	r24
     42c:	96 95       	lsr	r25
     42e:	87 95       	ror	r24
     430:	9c 01       	movw	r18, r24
     432:	22 0f       	add	r18, r18
     434:	33 1f       	adc	r19, r19
     436:	88 0f       	add	r24, r24
     438:	99 1f       	adc	r25, r25
     43a:	88 0f       	add	r24, r24
     43c:	99 1f       	adc	r25, r25
     43e:	88 0f       	add	r24, r24
     440:	99 1f       	adc	r25, r25
     442:	82 0f       	add	r24, r18
     444:	93 1f       	adc	r25, r19
     446:	9a 01       	movw	r18, r20
     448:	28 1b       	sub	r18, r24
     44a:	39 0b       	sbc	r19, r25
     44c:	c9 01       	movw	r24, r18
     44e:	00 97       	sbiw	r24, 0x00	; 0
     450:	11 f4       	brne	.+4      	; 0x456 <__LOCK_REGION_LENGTH__+0x56>
     452:	cc 20       	and	r12, r12
     454:	59 f0       	breq	.+22     	; 0x46c <__LOCK_REGION_LENGTH__+0x6c>
		{
			USART.DATA = '0'+ ((Data/i)%10);
     456:	80 5d       	subi	r24, 0xD0	; 208
     458:	80 93 a0 0a 	sts	0x0AA0, r24	; 0x800aa0 <__TEXT_REGION_LENGTH__+0x700aa0>
			while (!(USART.STATUS & 0b01000000));
     45c:	80 91 a1 0a 	lds	r24, 0x0AA1	; 0x800aa1 <__TEXT_REGION_LENGTH__+0x700aa1>
     460:	86 ff       	sbrs	r24, 6
     462:	fc cf       	rjmp	.-8      	; 0x45c <__LOCK_REGION_LENGTH__+0x5c>
			USART.STATUS=0b01000000;
     464:	d0 92 a1 0a 	sts	0x0AA1, r13	; 0x800aa1 <__TEXT_REGION_LENGTH__+0x700aa1>
			pf=1;		
     468:	cc 24       	eor	r12, r12
     46a:	c3 94       	inc	r12
		}
		i/=10;
     46c:	cf 01       	movw	r24, r30
     46e:	b8 01       	movw	r22, r16
     470:	0e 94 48 0f 	call	0x1e90	; 0x1e90 <__divmodhi4>
     474:	fb 01       	movw	r30, r22
     476:	21 97       	sbiw	r28, 0x01	; 1
	static int i;
	static uint8_t pf;
	
	i=10000;
	pf=0;
	while (i>0)
     478:	59 f6       	brne	.-106    	; 0x410 <__LOCK_REGION_LENGTH__+0x10>
     47a:	c0 92 be 20 	sts	0x20BE, r12	; 0x8020be <__data_end>
     47e:	60 93 bf 20 	sts	0x20BF, r22	; 0x8020bf <i.3634>
     482:	70 93 c0 20 	sts	0x20C0, r23	; 0x8020c0 <i.3634+0x1>
			USART.STATUS=0b01000000;
			pf=1;		
		}
		i/=10;
	}
}
     486:	df 91       	pop	r29
     488:	cf 91       	pop	r28
     48a:	1f 91       	pop	r17
     48c:	0f 91       	pop	r16
     48e:	ff 90       	pop	r15
     490:	ef 90       	pop	r14
     492:	df 90       	pop	r13
     494:	cf 90       	pop	r12
     496:	08 95       	ret

00000498 <DriverSysClkXtalInit>:
    // Clock setup          
    if (F_XTAL<400E3) return -1; //Invalid frequency
    if (F_XTAL<=2E6) OSC.XOSCCTRL=0b00001011; //Select <2 Mhz XTAL osc, max startup time
    else if(F_XTAL<=9E6) OSC.XOSCCTRL=0b01001011; //Select <2 Mhz XTAL osc, max startup time 
    else if(F_XTAL<=12E6) OSC.XOSCCTRL=0b10001011; //Select <2 Mhz XTAL osc, max startup time 
    else if(F_XTAL<=16E6) OSC.XOSCCTRL=0b11001011; //Select <2 Mhz XTAL osc, max startup time 
     498:	8b ec       	ldi	r24, 0xCB	; 203
     49a:	80 93 52 00 	sts	0x0052, r24	; 0x800052 <__TEXT_REGION_LENGTH__+0x700052>
    else return -1; //Invalid frequency
    OSC.CTRL=0b01000; //Enable oscillator
     49e:	88 e0       	ldi	r24, 0x08	; 8
     4a0:	80 93 50 00 	sts	0x0050, r24	; 0x800050 <__TEXT_REGION_LENGTH__+0x700050>
    
	//Wait until XTAL osc is ready
    while (!(OSC.STATUS&0b1000)); 
     4a4:	80 91 51 00 	lds	r24, 0x0051	; 0x800051 <__TEXT_REGION_LENGTH__+0x700051>
     4a8:	83 ff       	sbrs	r24, 3
     4aa:	fc cf       	rjmp	.-8      	; 0x4a4 <DriverSysClkXtalInit+0xc>
	{
		//Configure PLL
		Mult=F_CPU/F_XTAL;
		if (Mult>31) return -1; //Invalid frequency; too high
		if (F_XTAL * (uint32_t) Mult !=F_CPU) return -1; //Only supports whole dividers
		OSC.PLLCTRL=0b11000000 | (Mult);
     4ac:	82 ec       	ldi	r24, 0xC2	; 194
     4ae:	80 93 55 00 	sts	0x0055, r24	; 0x800055 <__TEXT_REGION_LENGTH__+0x700055>
		OSC.CTRL=0b00011000; //Enable PLL
     4b2:	88 e1       	ldi	r24, 0x18	; 24
     4b4:	80 93 50 00 	sts	0x0050, r24	; 0x800050 <__TEXT_REGION_LENGTH__+0x700050>
		
		//Wait until PLL is ready
		while (!(OSC.STATUS & 0b00010000));
     4b8:	80 91 51 00 	lds	r24, 0x0051	; 0x800051 <__TEXT_REGION_LENGTH__+0x700051>
     4bc:	84 ff       	sbrs	r24, 4
     4be:	fc cf       	rjmp	.-8      	; 0x4b8 <DriverSysClkXtalInit+0x20>
		
		//Select PLL as system CLK source
		CCP=0xd8;
     4c0:	88 ed       	ldi	r24, 0xD8	; 216
     4c2:	84 bf       	out	0x34, r24	; 52
		CLK.CTRL=0b100;
     4c4:	84 e0       	ldi	r24, 0x04	; 4
     4c6:	80 93 40 00 	sts	0x0040, r24	; 0x800040 <__TEXT_REGION_LENGTH__+0x700040>
	}
	return 0;
}
     4ca:	80 e0       	ldi	r24, 0x00	; 0
     4cc:	08 95       	ret

000004ce <TWIMWriteHandler>:
}

void TWIMTransactionFinished( uint8_t result)
{
	Twim_result = result;
	Twim_status = TWIM_STATUS_READY;
     4ce:	90 91 c7 20 	lds	r25, 0x20C7	; 0x8020c7 <Twim_bytesToWrite>
     4d2:	20 91 c6 20 	lds	r18, 0x20C6	; 0x8020c6 <Twim_bytesToRead>
     4d6:	80 91 a4 04 	lds	r24, 0x04A4	; 0x8004a4 <__TEXT_REGION_LENGTH__+0x7004a4>
     4da:	84 fd       	sbrc	r24, 4
     4dc:	08 c0       	rjmp	.+16     	; 0x4ee <TWIMWriteHandler+0x20>
     4de:	80 91 c5 20 	lds	r24, 0x20C5	; 0x8020c5 <Twim_bytesWritten>
     4e2:	89 17       	cp	r24, r25
     4e4:	50 f0       	brcs	.+20     	; 0x4fa <TWIMWriteHandler+0x2c>
     4e6:	80 91 c4 20 	lds	r24, 0x20C4	; 0x8020c4 <Twim_bytesRead>
     4ea:	82 17       	cp	r24, r18
     4ec:	b8 f0       	brcs	.+46     	; 0x51c <TWIMWriteHandler+0x4e>
     4ee:	83 e0       	ldi	r24, 0x03	; 3
     4f0:	80 93 a3 04 	sts	0x04A3, r24	; 0x8004a3 <__TEXT_REGION_LENGTH__+0x7004a3>
     4f4:	10 92 c3 20 	sts	0x20C3, r1	; 0x8020c3 <Twim_status>
     4f8:	08 95       	ret
     4fa:	80 91 c5 20 	lds	r24, 0x20C5	; 0x8020c5 <Twim_bytesWritten>
     4fe:	e0 91 ca 20 	lds	r30, 0x20CA	; 0x8020ca <Twim_writeData>
     502:	f0 91 cb 20 	lds	r31, 0x20CB	; 0x8020cb <Twim_writeData+0x1>
     506:	e8 0f       	add	r30, r24
     508:	f1 1d       	adc	r31, r1
     50a:	80 81       	ld	r24, Z
     50c:	80 93 a7 04 	sts	0x04A7, r24	; 0x8004a7 <__TEXT_REGION_LENGTH__+0x7004a7>
     510:	80 91 c5 20 	lds	r24, 0x20C5	; 0x8020c5 <Twim_bytesWritten>
     514:	8f 5f       	subi	r24, 0xFF	; 255
     516:	80 93 c5 20 	sts	0x20C5, r24	; 0x8020c5 <Twim_bytesWritten>
     51a:	08 95       	ret
     51c:	80 91 cc 20 	lds	r24, 0x20CC	; 0x8020cc <Twim_address>
     520:	81 60       	ori	r24, 0x01	; 1
     522:	80 93 a6 04 	sts	0x04A6, r24	; 0x8004a6 <__TEXT_REGION_LENGTH__+0x7004a6>
     526:	08 95       	ret

00000528 <TWIMReadHandler>:
     528:	80 91 c4 20 	lds	r24, 0x20C4	; 0x8020c4 <Twim_bytesRead>
     52c:	80 32       	cpi	r24, 0x20	; 32
     52e:	e0 f4       	brcc	.+56     	; 0x568 <TWIMReadHandler+0x40>
     530:	80 91 a7 04 	lds	r24, 0x04A7	; 0x8004a7 <__TEXT_REGION_LENGTH__+0x7004a7>
     534:	90 91 c4 20 	lds	r25, 0x20C4	; 0x8020c4 <Twim_bytesRead>
     538:	e0 91 c8 20 	lds	r30, 0x20C8	; 0x8020c8 <Twim_readData>
     53c:	f0 91 c9 20 	lds	r31, 0x20C9	; 0x8020c9 <Twim_readData+0x1>
     540:	e9 0f       	add	r30, r25
     542:	f1 1d       	adc	r31, r1
     544:	80 83       	st	Z, r24
     546:	80 91 c4 20 	lds	r24, 0x20C4	; 0x8020c4 <Twim_bytesRead>
     54a:	8f 5f       	subi	r24, 0xFF	; 255
     54c:	80 93 c4 20 	sts	0x20C4, r24	; 0x8020c4 <Twim_bytesRead>
     550:	90 91 c6 20 	lds	r25, 0x20C6	; 0x8020c6 <Twim_bytesToRead>
     554:	80 91 c4 20 	lds	r24, 0x20C4	; 0x8020c4 <Twim_bytesRead>
     558:	89 17       	cp	r24, r25
     55a:	88 f0       	brcs	.+34     	; 0x57e <TWIMReadHandler+0x56>
     55c:	87 e0       	ldi	r24, 0x07	; 7
     55e:	80 93 a3 04 	sts	0x04A3, r24	; 0x8004a3 <__TEXT_REGION_LENGTH__+0x7004a3>
     562:	10 92 c3 20 	sts	0x20C3, r1	; 0x8020c3 <Twim_status>
     566:	08 95       	ret
     568:	83 e0       	ldi	r24, 0x03	; 3
     56a:	80 93 a3 04 	sts	0x04A3, r24	; 0x8004a3 <__TEXT_REGION_LENGTH__+0x7004a3>
     56e:	10 92 c3 20 	sts	0x20C3, r1	; 0x8020c3 <Twim_status>
     572:	90 91 c6 20 	lds	r25, 0x20C6	; 0x8020c6 <Twim_bytesToRead>
     576:	80 91 c4 20 	lds	r24, 0x20C4	; 0x8020c4 <Twim_bytesRead>
     57a:	89 17       	cp	r24, r25
     57c:	78 f7       	brcc	.-34     	; 0x55c <TWIMReadHandler+0x34>
     57e:	82 e0       	ldi	r24, 0x02	; 2
     580:	80 93 a3 04 	sts	0x04A3, r24	; 0x8004a3 <__TEXT_REGION_LENGTH__+0x7004a3>
     584:	08 95       	ret

00000586 <__vector_46>:
}

ISR (TWIM_BUS_vect)
{
     586:	1f 92       	push	r1
     588:	0f 92       	push	r0
     58a:	0f b6       	in	r0, 0x3f	; 63
     58c:	0f 92       	push	r0
     58e:	11 24       	eor	r1, r1
     590:	0b b6       	in	r0, 0x3b	; 59
     592:	0f 92       	push	r0
     594:	2f 93       	push	r18
     596:	3f 93       	push	r19
     598:	4f 93       	push	r20
     59a:	5f 93       	push	r21
     59c:	6f 93       	push	r22
     59e:	7f 93       	push	r23
     5a0:	8f 93       	push	r24
     5a2:	9f 93       	push	r25
     5a4:	af 93       	push	r26
     5a6:	bf 93       	push	r27
     5a8:	ef 93       	push	r30
     5aa:	ff 93       	push	r31
	uint8_t currentStatus = TWIM_BUS.MASTER.STATUS;
     5ac:	80 91 a4 04 	lds	r24, 0x04A4	; 0x8004a4 <__TEXT_REGION_LENGTH__+0x7004a4>

	/* If arbitration lost or bus error. */
	if ((currentStatus & TWI_MASTER_ARBLOST_bm) ||
     5b0:	98 2f       	mov	r25, r24
     5b2:	9c 70       	andi	r25, 0x0C	; 12
     5b4:	39 f4       	brne	.+14     	; 0x5c4 <__vector_46+0x3e>

		TWIMArbitrationLostBusErrorHandler();
	}

	/* If master write interrupt. */
	else if (currentStatus & TWI_MASTER_WIF_bm) {
     5b6:	86 fd       	sbrc	r24, 6
     5b8:	21 c0       	rjmp	.+66     	; 0x5fc <__vector_46+0x76>
		TWIMWriteHandler();
	}

	/* If master read interrupt. */
	else if (currentStatus & TWI_MASTER_RIF_bm) {
     5ba:	87 fd       	sbrc	r24, 7
     5bc:	22 c0       	rjmp	.+68     	; 0x602 <__vector_46+0x7c>
}

void TWIMTransactionFinished( uint8_t result)
{
	Twim_result = result;
	Twim_status = TWIM_STATUS_READY;
     5be:	10 92 c3 20 	sts	0x20C3, r1	; 0x8020c3 <Twim_status>
     5c2:	07 c0       	rjmp	.+14     	; 0x5d2 <__vector_46+0x4c>
	}
}

void TWIMArbitrationLostBusErrorHandler()
{
	uint8_t currentStatus = TWIM_BUS.MASTER.STATUS;
     5c4:	80 91 a4 04 	lds	r24, 0x04A4	; 0x8004a4 <__TEXT_REGION_LENGTH__+0x7004a4>
	else {
		Twim_result = TWIM_RESULT_ARBITRATION_LOST;
	}

	/* Clear interrupt flag. */
	TWIM_BUS.MASTER.STATUS = currentStatus | TWI_MASTER_ARBLOST_bm;
     5c8:	88 60       	ori	r24, 0x08	; 8
     5ca:	80 93 a4 04 	sts	0x04A4, r24	; 0x8004a4 <__TEXT_REGION_LENGTH__+0x7004a4>

	Twim_status = TWIM_STATUS_READY;
     5ce:	10 92 c3 20 	sts	0x20C3, r1	; 0x8020c3 <Twim_status>
	/* If unexpected state. */
	else {
		TWIMTransactionFinished(TWIM_RESULT_FAIL);
	}
	
	if (Twim_status == TWIM_STATUS_READY) //Transaction finished
     5d2:	80 91 c3 20 	lds	r24, 0x20C3	; 0x8020c3 <Twim_status>
	{	
	}
}
     5d6:	ff 91       	pop	r31
     5d8:	ef 91       	pop	r30
     5da:	bf 91       	pop	r27
     5dc:	af 91       	pop	r26
     5de:	9f 91       	pop	r25
     5e0:	8f 91       	pop	r24
     5e2:	7f 91       	pop	r23
     5e4:	6f 91       	pop	r22
     5e6:	5f 91       	pop	r21
     5e8:	4f 91       	pop	r20
     5ea:	3f 91       	pop	r19
     5ec:	2f 91       	pop	r18
     5ee:	0f 90       	pop	r0
     5f0:	0b be       	out	0x3b, r0	; 59
     5f2:	0f 90       	pop	r0
     5f4:	0f be       	out	0x3f, r0	; 63
     5f6:	0f 90       	pop	r0
     5f8:	1f 90       	pop	r1
     5fa:	18 95       	reti
		TWIMArbitrationLostBusErrorHandler();
	}

	/* If master write interrupt. */
	else if (currentStatus & TWI_MASTER_WIF_bm) {
		TWIMWriteHandler();
     5fc:	0e 94 67 02 	call	0x4ce	; 0x4ce <TWIMWriteHandler>
     600:	e8 cf       	rjmp	.-48     	; 0x5d2 <__vector_46+0x4c>
	}

	/* If master read interrupt. */
	else if (currentStatus & TWI_MASTER_RIF_bm) {
		TWIMReadHandler();
     602:	0e 94 94 02 	call	0x528	; 0x528 <TWIMReadHandler>
     606:	e5 cf       	rjmp	.-54     	; 0x5d2 <__vector_46+0x4c>

00000608 <stdio_putchar>:
}


static int stdio_putchar(char c, FILE * stream)
{
	USART.DATA = c;
     608:	80 93 a0 0a 	sts	0x0AA0, r24	; 0x800aa0 <__TEXT_REGION_LENGTH__+0x700aa0>
	while (!(USART.STATUS & 0b01000000));
     60c:	80 91 a1 0a 	lds	r24, 0x0AA1	; 0x800aa1 <__TEXT_REGION_LENGTH__+0x700aa1>
     610:	86 ff       	sbrs	r24, 6
     612:	fc cf       	rjmp	.-8      	; 0x60c <stdio_putchar+0x4>
	USART.STATUS=0b01000000;
     614:	80 e4       	ldi	r24, 0x40	; 64
     616:	80 93 a1 0a 	sts	0x0AA1, r24	; 0x800aa1 <__TEXT_REGION_LENGTH__+0x700aa1>
	return 0;
}
     61a:	80 e0       	ldi	r24, 0x00	; 0
     61c:	90 e0       	ldi	r25, 0x00	; 0
     61e:	08 95       	ret

00000620 <stdio_getchar>:
	
static int stdio_getchar(FILE *stream)
{
	while (!(USART.STATUS & 0b10000000));
     620:	80 91 a1 0a 	lds	r24, 0x0AA1	; 0x800aa1 <__TEXT_REGION_LENGTH__+0x700aa1>
     624:	87 ff       	sbrs	r24, 7
     626:	fc cf       	rjmp	.-8      	; 0x620 <stdio_getchar>
	return USART.DATA;
     628:	80 91 a0 0a 	lds	r24, 0x0AA0	; 0x800aa0 <__TEXT_REGION_LENGTH__+0x700aa0>
}
     62c:	90 e0       	ldi	r25, 0x00	; 0
     62e:	08 95       	ret

00000630 <DriverUSARTInit>:
static int stdio_getchar(FILE *stream);
static FILE UsartStdio = FDEV_SETUP_STREAM(stdio_putchar, stdio_getchar,_FDEV_SETUP_RW);

void DriverUSARTInit(void)
{
	USART_PORT.DIRSET=0b00001000;	
     630:	e0 e8       	ldi	r30, 0x80	; 128
     632:	f6 e0       	ldi	r31, 0x06	; 6
     634:	88 e0       	ldi	r24, 0x08	; 8
     636:	81 83       	std	Z+1, r24	; 0x01
	USART_PORT.DIRCLR=0b00000100;
     638:	84 e0       	ldi	r24, 0x04	; 4
     63a:	82 83       	std	Z+2, r24	; 0x02
	
	USART.CTRLA=0b00000000;
     63c:	e0 ea       	ldi	r30, 0xA0	; 160
     63e:	fa e0       	ldi	r31, 0x0A	; 10
     640:	13 82       	std	Z+3, r1	; 0x03
	USART.CTRLB=0b00011000;
     642:	88 e1       	ldi	r24, 0x18	; 24
     644:	84 83       	std	Z+4, r24	; 0x04
	USART.CTRLC=0b00000011;	
     646:	83 e0       	ldi	r24, 0x03	; 3
     648:	85 83       	std	Z+5, r24	; 0x05
	
	USART.BAUDCTRLA=0xE5; //BSEL=3301, BSCALE=-5 19200 baud
     64a:	85 ee       	ldi	r24, 0xE5	; 229
     64c:	86 83       	std	Z+6, r24	; 0x06
	USART.BAUDCTRLB=0xBC; 
     64e:	8c eb       	ldi	r24, 0xBC	; 188
     650:	87 83       	std	Z+7, r24	; 0x07
	
	stdout=&UsartStdio;
     652:	e0 e8       	ldi	r30, 0x80	; 128
     654:	f1 e2       	ldi	r31, 0x21	; 33
     656:	86 e0       	ldi	r24, 0x06	; 6
     658:	90 e2       	ldi	r25, 0x20	; 32
     65a:	82 83       	std	Z+2, r24	; 0x02
     65c:	93 83       	std	Z+3, r25	; 0x03
	stdin=&UsartStdio;
     65e:	80 83       	st	Z, r24
     660:	91 83       	std	Z+1, r25	; 0x01
     662:	08 95       	ret

00000664 <pvPortMalloc>:
	pxIterator->pxNextFreeBlock = pxBlockToInsert;									\
}
/*-----------------------------------------------------------*/

void *pvPortMalloc( size_t xWantedSize )
{
     664:	0f 93       	push	r16
     666:	1f 93       	push	r17
     668:	cf 93       	push	r28
     66a:	df 93       	push	r29
     66c:	ec 01       	movw	r28, r24
BlockLink_t *pxBlock, *pxPreviousBlock, *pxNewBlockLink;
static BaseType_t xHeapHasBeenInitialised = pdFALSE;
void *pvReturn = NULL;

	vTaskSuspendAll();
     66e:	0e 94 27 09 	call	0x124e	; 0x124e <vTaskSuspendAll>
	{
		/* If this is the first call to malloc then the heap will require
		initialisation to setup the list of free blocks. */
		if( xHeapHasBeenInitialised == pdFALSE )
     672:	80 91 cd 20 	lds	r24, 0x20CD	; 0x8020cd <xHeapHasBeenInitialised.4125>
     676:	81 11       	cpse	r24, r1
     678:	21 c0       	rjmp	.+66     	; 0x6bc <pvPortMalloc+0x58>
{
BlockLink_t *pxFirstFreeBlock;
uint8_t *pucAlignedHeap;

	/* Ensure the heap starts on a correctly aligned boundary. */
	pucAlignedHeap = ( uint8_t * ) ( ( ( portPOINTER_SIZE_TYPE ) &ucHeap[ portBYTE_ALIGNMENT ] ) & ( ~( ( portPOINTER_SIZE_TYPE ) portBYTE_ALIGNMENT_MASK ) ) );
     67a:	e0 91 7a 21 	lds	r30, 0x217A	; 0x80217a <ucHeap>
     67e:	f0 91 7b 21 	lds	r31, 0x217B	; 0x80217b <ucHeap+0x1>

	/* xStart is used to hold a pointer to the first item in the list of free
	blocks.  The void cast is used to prevent compiler warnings. */
	xStart.pxNextFreeBlock = ( void * ) pucAlignedHeap;
     682:	cf 01       	movw	r24, r30
     684:	01 96       	adiw	r24, 0x01	; 1
     686:	80 93 d2 20 	sts	0x20D2, r24	; 0x8020d2 <xStart>
     68a:	90 93 d3 20 	sts	0x20D3, r25	; 0x8020d3 <xStart+0x1>
	xStart.xBlockSize = ( size_t ) 0;
     68e:	10 92 d4 20 	sts	0x20D4, r1	; 0x8020d4 <xStart+0x2>
     692:	10 92 d5 20 	sts	0x20D5, r1	; 0x8020d5 <xStart+0x3>

	/* xEnd is used to mark the end of the list of free blocks. */
	xEnd.xBlockSize = configADJUSTED_HEAP_SIZE;
     696:	8f ef       	ldi	r24, 0xFF	; 255
     698:	9f e3       	ldi	r25, 0x3F	; 63
     69a:	80 93 d0 20 	sts	0x20D0, r24	; 0x8020d0 <xEnd+0x2>
     69e:	90 93 d1 20 	sts	0x20D1, r25	; 0x8020d1 <xEnd+0x3>
	xEnd.pxNextFreeBlock = NULL;
     6a2:	10 92 ce 20 	sts	0x20CE, r1	; 0x8020ce <xEnd>
     6a6:	10 92 cf 20 	sts	0x20CF, r1	; 0x8020cf <xEnd+0x1>

	/* To start with there is a single free block that is sized to take up the
	entire heap space. */
	pxFirstFreeBlock = ( void * ) pucAlignedHeap;
	pxFirstFreeBlock->xBlockSize = configADJUSTED_HEAP_SIZE;
     6aa:	83 83       	std	Z+3, r24	; 0x03
     6ac:	94 83       	std	Z+4, r25	; 0x04
	pxFirstFreeBlock->pxNextFreeBlock = &xEnd;
     6ae:	8e ec       	ldi	r24, 0xCE	; 206
     6b0:	90 e2       	ldi	r25, 0x20	; 32
     6b2:	81 83       	std	Z+1, r24	; 0x01
     6b4:	92 83       	std	Z+2, r25	; 0x02
		/* If this is the first call to malloc then the heap will require
		initialisation to setup the list of free blocks. */
		if( xHeapHasBeenInitialised == pdFALSE )
		{
			prvHeapInit();
			xHeapHasBeenInitialised = pdTRUE;
     6b6:	81 e0       	ldi	r24, 0x01	; 1
     6b8:	80 93 cd 20 	sts	0x20CD, r24	; 0x8020cd <xHeapHasBeenInitialised.4125>
		}

		/* The wanted size is increased so it can contain a BlockLink_t
		structure in addition to the requested amount of bytes. */
		if( xWantedSize > 0 )
     6bc:	20 97       	sbiw	r28, 0x00	; 0
     6be:	09 f4       	brne	.+2      	; 0x6c2 <pvPortMalloc+0x5e>
     6c0:	64 c0       	rjmp	.+200    	; 0x78a <pvPortMalloc+0x126>
		{
			xWantedSize += heapSTRUCT_SIZE;
     6c2:	ae 01       	movw	r20, r28
     6c4:	4c 5f       	subi	r20, 0xFC	; 252
     6c6:	5f 4f       	sbci	r21, 0xFF	; 255
				/* Byte alignment required. */
				xWantedSize += ( portBYTE_ALIGNMENT - ( xWantedSize & portBYTE_ALIGNMENT_MASK ) );
			}
		}

		if( ( xWantedSize > 0 ) && ( xWantedSize < configADJUSTED_HEAP_SIZE ) )
     6c8:	23 96       	adiw	r28, 0x03	; 3
     6ca:	ce 3f       	cpi	r28, 0xFE	; 254
     6cc:	df 43       	sbci	r29, 0x3F	; 63
     6ce:	08 f0       	brcs	.+2      	; 0x6d2 <pvPortMalloc+0x6e>
     6d0:	5c c0       	rjmp	.+184    	; 0x78a <pvPortMalloc+0x126>
		{
			/* Blocks are stored in byte order - traverse the list from the start
			(smallest) block until one of adequate size is found. */
			pxPreviousBlock = &xStart;
			pxBlock = xStart.pxNextFreeBlock;
     6d2:	e0 91 d2 20 	lds	r30, 0x20D2	; 0x8020d2 <xStart>
     6d6:	f0 91 d3 20 	lds	r31, 0x20D3	; 0x8020d3 <xStart+0x1>

		if( ( xWantedSize > 0 ) && ( xWantedSize < configADJUSTED_HEAP_SIZE ) )
		{
			/* Blocks are stored in byte order - traverse the list from the start
			(smallest) block until one of adequate size is found. */
			pxPreviousBlock = &xStart;
     6da:	a2 ed       	ldi	r26, 0xD2	; 210
     6dc:	b0 e2       	ldi	r27, 0x20	; 32
			pxBlock = xStart.pxNextFreeBlock;
			while( ( pxBlock->xBlockSize < xWantedSize ) && ( pxBlock->pxNextFreeBlock != NULL ) )
     6de:	06 c0       	rjmp	.+12     	; 0x6ec <pvPortMalloc+0x88>
     6e0:	80 81       	ld	r24, Z
     6e2:	91 81       	ldd	r25, Z+1	; 0x01
     6e4:	00 97       	sbiw	r24, 0x00	; 0
     6e6:	39 f0       	breq	.+14     	; 0x6f6 <pvPortMalloc+0x92>
     6e8:	df 01       	movw	r26, r30
     6ea:	fc 01       	movw	r30, r24
     6ec:	22 81       	ldd	r18, Z+2	; 0x02
     6ee:	33 81       	ldd	r19, Z+3	; 0x03
     6f0:	24 17       	cp	r18, r20
     6f2:	35 07       	cpc	r19, r21
     6f4:	a8 f3       	brcs	.-22     	; 0x6e0 <pvPortMalloc+0x7c>
				pxPreviousBlock = pxBlock;
				pxBlock = pxBlock->pxNextFreeBlock;
			}

			/* If we found the end marker then a block of adequate size was not found. */
			if( pxBlock != &xEnd )
     6f6:	c0 e2       	ldi	r28, 0x20	; 32
     6f8:	ee 3c       	cpi	r30, 0xCE	; 206
     6fa:	fc 07       	cpc	r31, r28
     6fc:	09 f4       	brne	.+2      	; 0x700 <pvPortMalloc+0x9c>
     6fe:	45 c0       	rjmp	.+138    	; 0x78a <pvPortMalloc+0x126>
			{
				/* Return the memory space - jumping over the BlockLink_t structure
				at its start. */
				pvReturn = ( void * ) ( ( ( uint8_t * ) pxPreviousBlock->pxNextFreeBlock ) + heapSTRUCT_SIZE );
     700:	cd 91       	ld	r28, X+
     702:	dc 91       	ld	r29, X
     704:	11 97       	sbiw	r26, 0x01	; 1
     706:	8e 01       	movw	r16, r28
     708:	0c 5f       	subi	r16, 0xFC	; 252
     70a:	1f 4f       	sbci	r17, 0xFF	; 255

				/* This block is being returned for use so must be taken out of the
				list of free blocks. */
				pxPreviousBlock->pxNextFreeBlock = pxBlock->pxNextFreeBlock;
     70c:	80 81       	ld	r24, Z
     70e:	91 81       	ldd	r25, Z+1	; 0x01
     710:	8d 93       	st	X+, r24
     712:	9c 93       	st	X, r25

				/* If the block is larger than required it can be split into two. */
				if( ( pxBlock->xBlockSize - xWantedSize ) > heapMINIMUM_BLOCK_SIZE )
     714:	c9 01       	movw	r24, r18
     716:	84 1b       	sub	r24, r20
     718:	95 0b       	sbc	r25, r21
     71a:	89 30       	cpi	r24, 0x09	; 9
     71c:	91 05       	cpc	r25, r1
     71e:	00 f1       	brcs	.+64     	; 0x760 <pvPortMalloc+0xfc>
				{
					/* This block is to be split into two.  Create a new block
					following the number of bytes requested. The void cast is
					used to prevent byte alignment warnings from the compiler. */
					pxNewBlockLink = ( void * ) ( ( ( uint8_t * ) pxBlock ) + xWantedSize );
     720:	bf 01       	movw	r22, r30
     722:	64 0f       	add	r22, r20
     724:	75 1f       	adc	r23, r21

					/* Calculate the sizes of two blocks split from the single
					block. */
					pxNewBlockLink->xBlockSize = pxBlock->xBlockSize - xWantedSize;
     726:	db 01       	movw	r26, r22
     728:	12 96       	adiw	r26, 0x02	; 2
     72a:	8d 93       	st	X+, r24
     72c:	9c 93       	st	X, r25
     72e:	13 97       	sbiw	r26, 0x03	; 3
					pxBlock->xBlockSize = xWantedSize;
     730:	42 83       	std	Z+2, r20	; 0x02
     732:	53 83       	std	Z+3, r21	; 0x03

					/* Insert the new block into the list of free blocks. */
					prvInsertBlockIntoFreeList( ( pxNewBlockLink ) );
     734:	12 96       	adiw	r26, 0x02	; 2
     736:	2d 91       	ld	r18, X+
     738:	3c 91       	ld	r19, X
     73a:	13 97       	sbiw	r26, 0x03	; 3
     73c:	a2 ed       	ldi	r26, 0xD2	; 210
     73e:	b0 e2       	ldi	r27, 0x20	; 32
     740:	01 c0       	rjmp	.+2      	; 0x744 <pvPortMalloc+0xe0>
     742:	df 01       	movw	r26, r30
     744:	ed 91       	ld	r30, X+
     746:	fc 91       	ld	r31, X
     748:	11 97       	sbiw	r26, 0x01	; 1
     74a:	82 81       	ldd	r24, Z+2	; 0x02
     74c:	93 81       	ldd	r25, Z+3	; 0x03
     74e:	82 17       	cp	r24, r18
     750:	93 07       	cpc	r25, r19
     752:	b8 f3       	brcs	.-18     	; 0x742 <pvPortMalloc+0xde>
     754:	eb 01       	movw	r28, r22
     756:	e8 83       	st	Y, r30
     758:	f9 83       	std	Y+1, r31	; 0x01
     75a:	6d 93       	st	X+, r22
     75c:	7c 93       	st	X, r23

		/* The wanted size is increased so it can contain a BlockLink_t
		structure in addition to the requested amount of bytes. */
		if( xWantedSize > 0 )
		{
			xWantedSize += heapSTRUCT_SIZE;
     75e:	9a 01       	movw	r18, r20

					/* Insert the new block into the list of free blocks. */
					prvInsertBlockIntoFreeList( ( pxNewBlockLink ) );
				}

				xFreeBytesRemaining -= pxBlock->xBlockSize;
     760:	80 91 14 20 	lds	r24, 0x2014	; 0x802014 <xFreeBytesRemaining>
     764:	90 91 15 20 	lds	r25, 0x2015	; 0x802015 <xFreeBytesRemaining+0x1>
     768:	82 1b       	sub	r24, r18
     76a:	93 0b       	sbc	r25, r19
     76c:	80 93 14 20 	sts	0x2014, r24	; 0x802014 <xFreeBytesRemaining>
     770:	90 93 15 20 	sts	0x2015, r25	; 0x802015 <xFreeBytesRemaining+0x1>
			}
		}

		traceMALLOC( pvReturn, xWantedSize );
	}
	( void ) xTaskResumeAll();
     774:	0e 94 07 0a 	call	0x140e	; 0x140e <xTaskResumeAll>

	#if( configUSE_MALLOC_FAILED_HOOK == 1 )
	{
		if( pvReturn == NULL )
     778:	01 15       	cp	r16, r1
     77a:	11 05       	cpc	r17, r1
     77c:	41 f0       	breq	.+16     	; 0x78e <pvPortMalloc+0x12a>
		}
	}
	#endif

	return pvReturn;
}
     77e:	c8 01       	movw	r24, r16
     780:	df 91       	pop	r29
     782:	cf 91       	pop	r28
     784:	1f 91       	pop	r17
     786:	0f 91       	pop	r16
     788:	08 95       	ret
			}
		}

		traceMALLOC( pvReturn, xWantedSize );
	}
	( void ) xTaskResumeAll();
     78a:	0e 94 07 0a 	call	0x140e	; 0x140e <xTaskResumeAll>
	#if( configUSE_MALLOC_FAILED_HOOK == 1 )
	{
		if( pvReturn == NULL )
		{
			extern void vApplicationMallocFailedHook( void );
			vApplicationMallocFailedHook();
     78e:	0e 94 c6 0a 	call	0x158c	; 0x158c <vApplicationMallocFailedHook>
     792:	00 e0       	ldi	r16, 0x00	; 0
     794:	10 e0       	ldi	r17, 0x00	; 0
		}
	}
	#endif

	return pvReturn;
}
     796:	c8 01       	movw	r24, r16
     798:	df 91       	pop	r29
     79a:	cf 91       	pop	r28
     79c:	1f 91       	pop	r17
     79e:	0f 91       	pop	r16
     7a0:	08 95       	ret

000007a2 <vPortFree>:
/*-----------------------------------------------------------*/

void vPortFree( void *pv )
{
     7a2:	cf 93       	push	r28
     7a4:	df 93       	push	r29
uint8_t *puc = ( uint8_t * ) pv;
BlockLink_t *pxLink;

	if( pv != NULL )
     7a6:	00 97       	sbiw	r24, 0x00	; 0
     7a8:	21 f1       	breq	.+72     	; 0x7f2 <vPortFree+0x50>
	{
		/* The memory being freed will have an BlockLink_t structure immediately
		before it. */
		puc -= heapSTRUCT_SIZE;
     7aa:	ec 01       	movw	r28, r24
     7ac:	24 97       	sbiw	r28, 0x04	; 4

		/* This unexpected casting is to keep some compilers from issuing
		byte alignment warnings. */
		pxLink = ( void * ) puc;

		vTaskSuspendAll();
     7ae:	0e 94 27 09 	call	0x124e	; 0x124e <vTaskSuspendAll>
		{
			/* Add this block to the list of free blocks. */
			prvInsertBlockIntoFreeList( ( ( BlockLink_t * ) pxLink ) );
     7b2:	4a 81       	ldd	r20, Y+2	; 0x02
     7b4:	5b 81       	ldd	r21, Y+3	; 0x03
     7b6:	a2 ed       	ldi	r26, 0xD2	; 210
     7b8:	b0 e2       	ldi	r27, 0x20	; 32
     7ba:	01 c0       	rjmp	.+2      	; 0x7be <vPortFree+0x1c>
     7bc:	df 01       	movw	r26, r30
     7be:	ed 91       	ld	r30, X+
     7c0:	fc 91       	ld	r31, X
     7c2:	11 97       	sbiw	r26, 0x01	; 1
     7c4:	22 81       	ldd	r18, Z+2	; 0x02
     7c6:	33 81       	ldd	r19, Z+3	; 0x03
     7c8:	24 17       	cp	r18, r20
     7ca:	35 07       	cpc	r19, r21
     7cc:	b8 f3       	brcs	.-18     	; 0x7bc <vPortFree+0x1a>
     7ce:	e8 83       	st	Y, r30
     7d0:	f9 83       	std	Y+1, r31	; 0x01
     7d2:	cd 93       	st	X+, r28
     7d4:	dc 93       	st	X, r29
			xFreeBytesRemaining += pxLink->xBlockSize;
     7d6:	80 91 14 20 	lds	r24, 0x2014	; 0x802014 <xFreeBytesRemaining>
     7da:	90 91 15 20 	lds	r25, 0x2015	; 0x802015 <xFreeBytesRemaining+0x1>
     7de:	48 0f       	add	r20, r24
     7e0:	59 1f       	adc	r21, r25
     7e2:	40 93 14 20 	sts	0x2014, r20	; 0x802014 <xFreeBytesRemaining>
     7e6:	50 93 15 20 	sts	0x2015, r21	; 0x802015 <xFreeBytesRemaining+0x1>
			traceFREE( pv, pxLink->xBlockSize );
		}
		( void ) xTaskResumeAll();
	}
}
     7ea:	df 91       	pop	r29
     7ec:	cf 91       	pop	r28
			/* Add this block to the list of free blocks. */
			prvInsertBlockIntoFreeList( ( ( BlockLink_t * ) pxLink ) );
			xFreeBytesRemaining += pxLink->xBlockSize;
			traceFREE( pv, pxLink->xBlockSize );
		}
		( void ) xTaskResumeAll();
     7ee:	0c 94 07 0a 	jmp	0x140e	; 0x140e <xTaskResumeAll>
	}
}
     7f2:	df 91       	pop	r29
     7f4:	cf 91       	pop	r28
     7f6:	08 95       	ret

000007f8 <vListInitialise>:
/*-----------------------------------------------------------
 * PUBLIC LIST API documented in list.h
 *----------------------------------------------------------*/

void vListInitialise( List_t * const pxList )
{
     7f8:	fc 01       	movw	r30, r24
	/* The list structure contains a list item which is used to mark the
	end of the list.  To initialise the list the list end is inserted
	as the only list entry. */
	pxList->pxIndex = ( ListItem_t * ) &( pxList->xListEnd );			/*lint !e826 !e740 !e9087 The mini list structure is used as the list end to save RAM.  This is checked and valid. */
     7fa:	03 96       	adiw	r24, 0x03	; 3
     7fc:	81 83       	std	Z+1, r24	; 0x01
     7fe:	92 83       	std	Z+2, r25	; 0x02

	/* The list end value is the highest possible value in the list to
	ensure it remains at the end of the list. */
	pxList->xListEnd.xItemValue = portMAX_DELAY;
     800:	2f ef       	ldi	r18, 0xFF	; 255
     802:	3f ef       	ldi	r19, 0xFF	; 255
     804:	23 83       	std	Z+3, r18	; 0x03
     806:	34 83       	std	Z+4, r19	; 0x04

	/* The list end next and previous pointers point to itself so we know
	when the list is empty. */
	pxList->xListEnd.pxNext = ( ListItem_t * ) &( pxList->xListEnd );	/*lint !e826 !e740 !e9087 The mini list structure is used as the list end to save RAM.  This is checked and valid. */
     808:	85 83       	std	Z+5, r24	; 0x05
     80a:	96 83       	std	Z+6, r25	; 0x06
	pxList->xListEnd.pxPrevious = ( ListItem_t * ) &( pxList->xListEnd );/*lint !e826 !e740 !e9087 The mini list structure is used as the list end to save RAM.  This is checked and valid. */
     80c:	87 83       	std	Z+7, r24	; 0x07
     80e:	90 87       	std	Z+8, r25	; 0x08

	pxList->uxNumberOfItems = ( UBaseType_t ) 0U;
     810:	10 82       	st	Z, r1
     812:	08 95       	ret

00000814 <vListInitialiseItem>:
/*-----------------------------------------------------------*/

void vListInitialiseItem( ListItem_t * const pxItem )
{
	/* Make sure the list item is not recorded as being on a list. */
	pxItem->pxContainer = NULL;
     814:	fc 01       	movw	r30, r24
     816:	10 86       	std	Z+8, r1	; 0x08
     818:	11 86       	std	Z+9, r1	; 0x09
     81a:	08 95       	ret

0000081c <vListInsertEnd>:
	listSET_SECOND_LIST_ITEM_INTEGRITY_CHECK_VALUE( pxItem );
}
/*-----------------------------------------------------------*/

void vListInsertEnd( List_t * const pxList, ListItem_t * const pxNewListItem )
{
     81c:	cf 93       	push	r28
     81e:	df 93       	push	r29
     820:	9c 01       	movw	r18, r24
     822:	fb 01       	movw	r30, r22
ListItem_t * const pxIndex = pxList->pxIndex;
     824:	dc 01       	movw	r26, r24
     826:	11 96       	adiw	r26, 0x01	; 1
     828:	cd 91       	ld	r28, X+
     82a:	dc 91       	ld	r29, X
     82c:	12 97       	sbiw	r26, 0x02	; 2
	listTEST_LIST_ITEM_INTEGRITY( pxNewListItem );

	/* Insert a new list item into pxList, but rather than sort the list,
	makes the new list item the last item to be removed by a call to
	listGET_OWNER_OF_NEXT_ENTRY(). */
	pxNewListItem->pxNext = pxIndex;
     82e:	c2 83       	std	Z+2, r28	; 0x02
     830:	d3 83       	std	Z+3, r29	; 0x03
	pxNewListItem->pxPrevious = pxIndex->pxPrevious;
     832:	8c 81       	ldd	r24, Y+4	; 0x04
     834:	9d 81       	ldd	r25, Y+5	; 0x05
     836:	84 83       	std	Z+4, r24	; 0x04
     838:	95 83       	std	Z+5, r25	; 0x05

	/* Only used during decision coverage testing. */
	mtCOVERAGE_TEST_DELAY();

	pxIndex->pxPrevious->pxNext = pxNewListItem;
     83a:	8c 81       	ldd	r24, Y+4	; 0x04
     83c:	9d 81       	ldd	r25, Y+5	; 0x05
     83e:	dc 01       	movw	r26, r24
     840:	12 96       	adiw	r26, 0x02	; 2
     842:	6d 93       	st	X+, r22
     844:	7c 93       	st	X, r23
     846:	13 97       	sbiw	r26, 0x03	; 3
	pxIndex->pxPrevious = pxNewListItem;
     848:	6c 83       	std	Y+4, r22	; 0x04
     84a:	7d 83       	std	Y+5, r23	; 0x05

	/* Remember which list the item is in. */
	pxNewListItem->pxContainer = pxList;
     84c:	20 87       	std	Z+8, r18	; 0x08
     84e:	31 87       	std	Z+9, r19	; 0x09

	( pxList->uxNumberOfItems )++;
     850:	f9 01       	movw	r30, r18
     852:	80 81       	ld	r24, Z
     854:	8f 5f       	subi	r24, 0xFF	; 255
     856:	80 83       	st	Z, r24
}
     858:	df 91       	pop	r29
     85a:	cf 91       	pop	r28
     85c:	08 95       	ret

0000085e <vListInsert>:
/*-----------------------------------------------------------*/

void vListInsert( List_t * const pxList, ListItem_t * const pxNewListItem )
{
     85e:	cf 93       	push	r28
     860:	df 93       	push	r29
     862:	eb 01       	movw	r28, r22
ListItem_t *pxIterator;
const TickType_t xValueOfInsertion = pxNewListItem->xItemValue;
     864:	48 81       	ld	r20, Y
     866:	59 81       	ldd	r21, Y+1	; 0x01
	new list item should be placed after it.  This ensures that TCBs which are
	stored in ready lists (all of which have the same xItemValue value) get a
	share of the CPU.  However, if the xItemValue is the same as the back marker
	the iteration loop below will not end.  Therefore the value is checked
	first, and the algorithm slightly modified if necessary. */
	if( xValueOfInsertion == portMAX_DELAY )
     868:	4f 3f       	cpi	r20, 0xFF	; 255
     86a:	2f ef       	ldi	r18, 0xFF	; 255
     86c:	52 07       	cpc	r21, r18
     86e:	01 f1       	breq	.+64     	; 0x8b0 <vListInsert+0x52>
			4) Using a queue or semaphore before it has been initialised or
			   before the scheduler has been started (are interrupts firing
			   before vTaskStartScheduler() has been called?).
		**********************************************************************/

		for( pxIterator = ( ListItem_t * ) &( pxList->xListEnd ); pxIterator->pxNext->xItemValue <= xValueOfInsertion; pxIterator = pxIterator->pxNext ) /*lint !e826 !e740 !e9087 The mini list structure is used as the list end to save RAM.  This is checked and valid. *//*lint !e440 The iterator moves to a different value, not xValueOfInsertion. */
     870:	dc 01       	movw	r26, r24
     872:	13 96       	adiw	r26, 0x03	; 3
     874:	01 c0       	rjmp	.+2      	; 0x878 <vListInsert+0x1a>
     876:	df 01       	movw	r26, r30
     878:	12 96       	adiw	r26, 0x02	; 2
     87a:	ed 91       	ld	r30, X+
     87c:	fc 91       	ld	r31, X
     87e:	13 97       	sbiw	r26, 0x03	; 3
     880:	20 81       	ld	r18, Z
     882:	31 81       	ldd	r19, Z+1	; 0x01
     884:	42 17       	cp	r20, r18
     886:	53 07       	cpc	r21, r19
     888:	b0 f7       	brcc	.-20     	; 0x876 <vListInsert+0x18>
			/* There is nothing to do here, just iterating to the wanted
			insertion position. */
		}
	}

	pxNewListItem->pxNext = pxIterator->pxNext;
     88a:	ea 83       	std	Y+2, r30	; 0x02
     88c:	fb 83       	std	Y+3, r31	; 0x03
	pxNewListItem->pxNext->pxPrevious = pxNewListItem;
     88e:	c4 83       	std	Z+4, r28	; 0x04
     890:	d5 83       	std	Z+5, r29	; 0x05
	pxNewListItem->pxPrevious = pxIterator;
     892:	ac 83       	std	Y+4, r26	; 0x04
     894:	bd 83       	std	Y+5, r27	; 0x05
	pxIterator->pxNext = pxNewListItem;
     896:	12 96       	adiw	r26, 0x02	; 2
     898:	cd 93       	st	X+, r28
     89a:	dc 93       	st	X, r29
     89c:	13 97       	sbiw	r26, 0x03	; 3

	/* Remember which list the item is in.  This allows fast removal of the
	item later. */
	pxNewListItem->pxContainer = pxList;
     89e:	88 87       	std	Y+8, r24	; 0x08
     8a0:	99 87       	std	Y+9, r25	; 0x09

	( pxList->uxNumberOfItems )++;
     8a2:	fc 01       	movw	r30, r24
     8a4:	20 81       	ld	r18, Z
     8a6:	2f 5f       	subi	r18, 0xFF	; 255
     8a8:	20 83       	st	Z, r18
}
     8aa:	df 91       	pop	r29
     8ac:	cf 91       	pop	r28
     8ae:	08 95       	ret
	share of the CPU.  However, if the xItemValue is the same as the back marker
	the iteration loop below will not end.  Therefore the value is checked
	first, and the algorithm slightly modified if necessary. */
	if( xValueOfInsertion == portMAX_DELAY )
	{
		pxIterator = pxList->xListEnd.pxPrevious;
     8b0:	fc 01       	movw	r30, r24
     8b2:	a7 81       	ldd	r26, Z+7	; 0x07
     8b4:	b0 85       	ldd	r27, Z+8	; 0x08
     8b6:	12 96       	adiw	r26, 0x02	; 2
     8b8:	ed 91       	ld	r30, X+
     8ba:	fc 91       	ld	r31, X
     8bc:	13 97       	sbiw	r26, 0x03	; 3
     8be:	e5 cf       	rjmp	.-54     	; 0x88a <vListInsert+0x2c>

000008c0 <uxListRemove>:
	( pxList->uxNumberOfItems )++;
}
/*-----------------------------------------------------------*/

UBaseType_t uxListRemove( ListItem_t * const pxItemToRemove )
{
     8c0:	cf 93       	push	r28
     8c2:	df 93       	push	r29
     8c4:	fc 01       	movw	r30, r24
/* The list item knows which list it is in.  Obtain the list from the list
item. */
List_t * const pxList = pxItemToRemove->pxContainer;
     8c6:	a0 85       	ldd	r26, Z+8	; 0x08
     8c8:	b1 85       	ldd	r27, Z+9	; 0x09

	pxItemToRemove->pxNext->pxPrevious = pxItemToRemove->pxPrevious;
     8ca:	22 81       	ldd	r18, Z+2	; 0x02
     8cc:	33 81       	ldd	r19, Z+3	; 0x03
     8ce:	84 81       	ldd	r24, Z+4	; 0x04
     8d0:	95 81       	ldd	r25, Z+5	; 0x05
     8d2:	e9 01       	movw	r28, r18
     8d4:	8c 83       	std	Y+4, r24	; 0x04
     8d6:	9d 83       	std	Y+5, r25	; 0x05
	pxItemToRemove->pxPrevious->pxNext = pxItemToRemove->pxNext;
     8d8:	84 81       	ldd	r24, Z+4	; 0x04
     8da:	95 81       	ldd	r25, Z+5	; 0x05
     8dc:	ec 01       	movw	r28, r24
     8de:	2a 83       	std	Y+2, r18	; 0x02
     8e0:	3b 83       	std	Y+3, r19	; 0x03

	/* Only used during decision coverage testing. */
	mtCOVERAGE_TEST_DELAY();

	/* Make sure the index is left pointing to a valid item. */
	if( pxList->pxIndex == pxItemToRemove )
     8e2:	11 96       	adiw	r26, 0x01	; 1
     8e4:	2d 91       	ld	r18, X+
     8e6:	3c 91       	ld	r19, X
     8e8:	12 97       	sbiw	r26, 0x02	; 2
     8ea:	e2 17       	cp	r30, r18
     8ec:	f3 07       	cpc	r31, r19
     8ee:	49 f0       	breq	.+18     	; 0x902 <uxListRemove+0x42>
	else
	{
		mtCOVERAGE_TEST_MARKER();
	}

	pxItemToRemove->pxContainer = NULL;
     8f0:	10 86       	std	Z+8, r1	; 0x08
     8f2:	11 86       	std	Z+9, r1	; 0x09
	( pxList->uxNumberOfItems )--;
     8f4:	8c 91       	ld	r24, X
     8f6:	81 50       	subi	r24, 0x01	; 1
     8f8:	8c 93       	st	X, r24

	return pxList->uxNumberOfItems;
     8fa:	8c 91       	ld	r24, X
}
     8fc:	df 91       	pop	r29
     8fe:	cf 91       	pop	r28
     900:	08 95       	ret
	mtCOVERAGE_TEST_DELAY();

	/* Make sure the index is left pointing to a valid item. */
	if( pxList->pxIndex == pxItemToRemove )
	{
		pxList->pxIndex = pxItemToRemove->pxPrevious;
     902:	11 96       	adiw	r26, 0x01	; 1
     904:	8d 93       	st	X+, r24
     906:	9c 93       	st	X, r25
     908:	12 97       	sbiw	r26, 0x02	; 2
     90a:	f2 cf       	rjmp	.-28     	; 0x8f0 <uxListRemove+0x30>

0000090c <pxPortInitialiseStack>:
//void vPortYieldISR( void ) __attribute__ ( ( naked ) );
void vPortYieldISR( void )
{
	TCC0.CCA=TCC0.CNT+100;
	if (TCC0.CCA>=TCC0.PER) TCC0.CCA-= TCC0.PER;
	asm volatile ( "ret" );
     90c:	31 e1       	ldi	r19, 0x11	; 17
     90e:	fc 01       	movw	r30, r24
     910:	30 83       	st	Z, r19
     912:	31 97       	sbiw	r30, 0x01	; 1
     914:	22 e2       	ldi	r18, 0x22	; 34
     916:	20 83       	st	Z, r18
     918:	31 97       	sbiw	r30, 0x01	; 1
     91a:	a3 e3       	ldi	r26, 0x33	; 51
     91c:	a0 83       	st	Z, r26
     91e:	31 97       	sbiw	r30, 0x01	; 1
     920:	60 83       	st	Z, r22
     922:	31 97       	sbiw	r30, 0x01	; 1
     924:	70 83       	st	Z, r23
     926:	31 97       	sbiw	r30, 0x01	; 1
     928:	10 82       	st	Z, r1
     92a:	31 97       	sbiw	r30, 0x01	; 1
     92c:	10 82       	st	Z, r1
     92e:	31 97       	sbiw	r30, 0x01	; 1
     930:	60 e8       	ldi	r22, 0x80	; 128
     932:	60 83       	st	Z, r22
     934:	31 97       	sbiw	r30, 0x01	; 1
     936:	10 82       	st	Z, r1
     938:	31 97       	sbiw	r30, 0x01	; 1
     93a:	62 e0       	ldi	r22, 0x02	; 2
     93c:	60 83       	st	Z, r22
     93e:	31 97       	sbiw	r30, 0x01	; 1
     940:	63 e0       	ldi	r22, 0x03	; 3
     942:	60 83       	st	Z, r22
     944:	31 97       	sbiw	r30, 0x01	; 1
     946:	64 e0       	ldi	r22, 0x04	; 4
     948:	60 83       	st	Z, r22
     94a:	31 97       	sbiw	r30, 0x01	; 1
     94c:	65 e0       	ldi	r22, 0x05	; 5
     94e:	60 83       	st	Z, r22
     950:	31 97       	sbiw	r30, 0x01	; 1
     952:	66 e0       	ldi	r22, 0x06	; 6
     954:	60 83       	st	Z, r22
     956:	31 97       	sbiw	r30, 0x01	; 1
     958:	67 e0       	ldi	r22, 0x07	; 7
     95a:	60 83       	st	Z, r22
     95c:	31 97       	sbiw	r30, 0x01	; 1
     95e:	68 e0       	ldi	r22, 0x08	; 8
     960:	60 83       	st	Z, r22
     962:	31 97       	sbiw	r30, 0x01	; 1
     964:	69 e0       	ldi	r22, 0x09	; 9
     966:	60 83       	st	Z, r22
     968:	31 97       	sbiw	r30, 0x01	; 1
     96a:	60 e1       	ldi	r22, 0x10	; 16
     96c:	60 83       	st	Z, r22
     96e:	31 97       	sbiw	r30, 0x01	; 1
     970:	30 83       	st	Z, r19
     972:	31 97       	sbiw	r30, 0x01	; 1
     974:	32 e1       	ldi	r19, 0x12	; 18
     976:	30 83       	st	Z, r19
     978:	31 97       	sbiw	r30, 0x01	; 1
     97a:	33 e1       	ldi	r19, 0x13	; 19
     97c:	30 83       	st	Z, r19
     97e:	31 97       	sbiw	r30, 0x01	; 1
     980:	34 e1       	ldi	r19, 0x14	; 20
     982:	30 83       	st	Z, r19
     984:	31 97       	sbiw	r30, 0x01	; 1
     986:	35 e1       	ldi	r19, 0x15	; 21
     988:	30 83       	st	Z, r19
     98a:	31 97       	sbiw	r30, 0x01	; 1
     98c:	36 e1       	ldi	r19, 0x16	; 22
     98e:	30 83       	st	Z, r19
     990:	31 97       	sbiw	r30, 0x01	; 1
     992:	37 e1       	ldi	r19, 0x17	; 23
     994:	30 83       	st	Z, r19
     996:	31 97       	sbiw	r30, 0x01	; 1
     998:	38 e1       	ldi	r19, 0x18	; 24
     99a:	30 83       	st	Z, r19
     99c:	31 97       	sbiw	r30, 0x01	; 1
     99e:	39 e1       	ldi	r19, 0x19	; 25
     9a0:	30 83       	st	Z, r19
     9a2:	31 97       	sbiw	r30, 0x01	; 1
     9a4:	30 e2       	ldi	r19, 0x20	; 32
     9a6:	30 83       	st	Z, r19
     9a8:	31 97       	sbiw	r30, 0x01	; 1
     9aa:	31 e2       	ldi	r19, 0x21	; 33
     9ac:	30 83       	st	Z, r19
     9ae:	31 97       	sbiw	r30, 0x01	; 1
     9b0:	20 83       	st	Z, r18
     9b2:	31 97       	sbiw	r30, 0x01	; 1
     9b4:	23 e2       	ldi	r18, 0x23	; 35
     9b6:	20 83       	st	Z, r18
     9b8:	31 97       	sbiw	r30, 0x01	; 1
     9ba:	40 83       	st	Z, r20
     9bc:	31 97       	sbiw	r30, 0x01	; 1
     9be:	50 83       	st	Z, r21
     9c0:	31 97       	sbiw	r30, 0x01	; 1
     9c2:	26 e2       	ldi	r18, 0x26	; 38
     9c4:	20 83       	st	Z, r18
     9c6:	31 97       	sbiw	r30, 0x01	; 1
     9c8:	27 e2       	ldi	r18, 0x27	; 39
     9ca:	20 83       	st	Z, r18
     9cc:	31 97       	sbiw	r30, 0x01	; 1
     9ce:	28 e2       	ldi	r18, 0x28	; 40
     9d0:	20 83       	st	Z, r18
     9d2:	31 97       	sbiw	r30, 0x01	; 1
     9d4:	29 e2       	ldi	r18, 0x29	; 41
     9d6:	20 83       	st	Z, r18
     9d8:	31 97       	sbiw	r30, 0x01	; 1
     9da:	20 e3       	ldi	r18, 0x30	; 48
     9dc:	20 83       	st	Z, r18
     9de:	31 97       	sbiw	r30, 0x01	; 1
     9e0:	21 e3       	ldi	r18, 0x31	; 49
     9e2:	20 83       	st	Z, r18
     9e4:	87 97       	sbiw	r24, 0x27	; 39
     9e6:	08 95       	ret

000009e8 <xPortStartScheduler>:
     9e8:	e0 e0       	ldi	r30, 0x00	; 0
     9ea:	f8 e0       	ldi	r31, 0x08	; 8
     9ec:	8f ef       	ldi	r24, 0xFF	; 255
     9ee:	9f ef       	ldi	r25, 0xFF	; 255
     9f0:	80 a7       	std	Z+40, r24	; 0x28
     9f2:	91 a7       	std	Z+41, r25	; 0x29
     9f4:	81 e0       	ldi	r24, 0x01	; 1
     9f6:	80 83       	st	Z, r24
     9f8:	90 e4       	ldi	r25, 0x40	; 64
     9fa:	91 83       	std	Z+1, r25	; 0x01
     9fc:	86 83       	std	Z+6, r24	; 0x06
     9fe:	87 83       	std	Z+7, r24	; 0x07
     a00:	80 e0       	ldi	r24, 0x00	; 0
     a02:	9d e7       	ldi	r25, 0x7D	; 125
     a04:	86 a3       	std	Z+38, r24	; 0x26
     a06:	97 a3       	std	Z+39, r25	; 0x27
     a08:	a0 91 74 21 	lds	r26, 0x2174	; 0x802174 <pxCurrentTCB>
     a0c:	b0 91 75 21 	lds	r27, 0x2175	; 0x802175 <pxCurrentTCB+0x1>
     a10:	cd 91       	ld	r28, X+
     a12:	cd bf       	out	0x3d, r28	; 61
     a14:	dd 91       	ld	r29, X+
     a16:	de bf       	out	0x3e, r29	; 62
     a18:	ff 91       	pop	r31
     a1a:	ef 91       	pop	r30
     a1c:	df 91       	pop	r29
     a1e:	cf 91       	pop	r28
     a20:	bf 91       	pop	r27
     a22:	af 91       	pop	r26
     a24:	9f 91       	pop	r25
     a26:	8f 91       	pop	r24
     a28:	7f 91       	pop	r23
     a2a:	6f 91       	pop	r22
     a2c:	5f 91       	pop	r21
     a2e:	4f 91       	pop	r20
     a30:	3f 91       	pop	r19
     a32:	2f 91       	pop	r18
     a34:	1f 91       	pop	r17
     a36:	0f 91       	pop	r16
     a38:	ff 90       	pop	r15
     a3a:	ef 90       	pop	r14
     a3c:	df 90       	pop	r13
     a3e:	cf 90       	pop	r12
     a40:	bf 90       	pop	r11
     a42:	af 90       	pop	r10
     a44:	9f 90       	pop	r9
     a46:	8f 90       	pop	r8
     a48:	7f 90       	pop	r7
     a4a:	6f 90       	pop	r6
     a4c:	5f 90       	pop	r5
     a4e:	4f 90       	pop	r4
     a50:	3f 90       	pop	r3
     a52:	2f 90       	pop	r2
     a54:	1f 90       	pop	r1
     a56:	0f 90       	pop	r0
     a58:	0f be       	out	0x3f, r0	; 63
     a5a:	0f 90       	pop	r0
     a5c:	08 95       	ret
     a5e:	81 e0       	ldi	r24, 0x01	; 1
     a60:	08 95       	ret

00000a62 <vPortYield>:
     a62:	0f 92       	push	r0
     a64:	0f b6       	in	r0, 0x3f	; 63
     a66:	f8 94       	cli
     a68:	0f 92       	push	r0
     a6a:	1f 92       	push	r1
     a6c:	11 24       	eor	r1, r1
     a6e:	2f 92       	push	r2
     a70:	3f 92       	push	r3
     a72:	4f 92       	push	r4
     a74:	5f 92       	push	r5
     a76:	6f 92       	push	r6
     a78:	7f 92       	push	r7
     a7a:	8f 92       	push	r8
     a7c:	9f 92       	push	r9
     a7e:	af 92       	push	r10
     a80:	bf 92       	push	r11
     a82:	cf 92       	push	r12
     a84:	df 92       	push	r13
     a86:	ef 92       	push	r14
     a88:	ff 92       	push	r15
     a8a:	0f 93       	push	r16
     a8c:	1f 93       	push	r17
     a8e:	2f 93       	push	r18
     a90:	3f 93       	push	r19
     a92:	4f 93       	push	r20
     a94:	5f 93       	push	r21
     a96:	6f 93       	push	r22
     a98:	7f 93       	push	r23
     a9a:	8f 93       	push	r24
     a9c:	9f 93       	push	r25
     a9e:	af 93       	push	r26
     aa0:	bf 93       	push	r27
     aa2:	cf 93       	push	r28
     aa4:	df 93       	push	r29
     aa6:	ef 93       	push	r30
     aa8:	ff 93       	push	r31
     aaa:	a0 91 74 21 	lds	r26, 0x2174	; 0x802174 <pxCurrentTCB>
     aae:	b0 91 75 21 	lds	r27, 0x2175	; 0x802175 <pxCurrentTCB+0x1>
     ab2:	0d b6       	in	r0, 0x3d	; 61
     ab4:	0d 92       	st	X+, r0
     ab6:	0e b6       	in	r0, 0x3e	; 62
     ab8:	0d 92       	st	X+, r0
     aba:	0e 94 bb 0a 	call	0x1576	; 0x1576 <vTaskSwitchContext>
     abe:	a0 91 74 21 	lds	r26, 0x2174	; 0x802174 <pxCurrentTCB>
     ac2:	b0 91 75 21 	lds	r27, 0x2175	; 0x802175 <pxCurrentTCB+0x1>
     ac6:	cd 91       	ld	r28, X+
     ac8:	cd bf       	out	0x3d, r28	; 61
     aca:	dd 91       	ld	r29, X+
     acc:	de bf       	out	0x3e, r29	; 62
     ace:	ff 91       	pop	r31
     ad0:	ef 91       	pop	r30
     ad2:	df 91       	pop	r29
     ad4:	cf 91       	pop	r28
     ad6:	bf 91       	pop	r27
     ad8:	af 91       	pop	r26
     ada:	9f 91       	pop	r25
     adc:	8f 91       	pop	r24
     ade:	7f 91       	pop	r23
     ae0:	6f 91       	pop	r22
     ae2:	5f 91       	pop	r21
     ae4:	4f 91       	pop	r20
     ae6:	3f 91       	pop	r19
     ae8:	2f 91       	pop	r18
     aea:	1f 91       	pop	r17
     aec:	0f 91       	pop	r16
     aee:	ff 90       	pop	r15
     af0:	ef 90       	pop	r14
     af2:	df 90       	pop	r13
     af4:	cf 90       	pop	r12
     af6:	bf 90       	pop	r11
     af8:	af 90       	pop	r10
     afa:	9f 90       	pop	r9
     afc:	8f 90       	pop	r8
     afe:	7f 90       	pop	r7
     b00:	6f 90       	pop	r6
     b02:	5f 90       	pop	r5
     b04:	4f 90       	pop	r4
     b06:	3f 90       	pop	r3
     b08:	2f 90       	pop	r2
     b0a:	1f 90       	pop	r1
     b0c:	0f 90       	pop	r0
     b0e:	0f be       	out	0x3f, r0	; 63
     b10:	0f 90       	pop	r0
     b12:	08 95       	ret

00000b14 <__vector_14>:
	 * the context is saved at the start of the ISR.  The tick
	 * count is incremented after the context is saved.
	 */	
	ISR(TCC0_OVF_vect,ISR_NAKED)
	{
		portSAVE_CONTEXT();
     b14:	0f 92       	push	r0
     b16:	0f b6       	in	r0, 0x3f	; 63
     b18:	f8 94       	cli
     b1a:	0f 92       	push	r0
     b1c:	1f 92       	push	r1
     b1e:	11 24       	eor	r1, r1
     b20:	2f 92       	push	r2
     b22:	3f 92       	push	r3
     b24:	4f 92       	push	r4
     b26:	5f 92       	push	r5
     b28:	6f 92       	push	r6
     b2a:	7f 92       	push	r7
     b2c:	8f 92       	push	r8
     b2e:	9f 92       	push	r9
     b30:	af 92       	push	r10
     b32:	bf 92       	push	r11
     b34:	cf 92       	push	r12
     b36:	df 92       	push	r13
     b38:	ef 92       	push	r14
     b3a:	ff 92       	push	r15
     b3c:	0f 93       	push	r16
     b3e:	1f 93       	push	r17
     b40:	2f 93       	push	r18
     b42:	3f 93       	push	r19
     b44:	4f 93       	push	r20
     b46:	5f 93       	push	r21
     b48:	6f 93       	push	r22
     b4a:	7f 93       	push	r23
     b4c:	8f 93       	push	r24
     b4e:	9f 93       	push	r25
     b50:	af 93       	push	r26
     b52:	bf 93       	push	r27
     b54:	cf 93       	push	r28
     b56:	df 93       	push	r29
     b58:	ef 93       	push	r30
     b5a:	ff 93       	push	r31
     b5c:	a0 91 74 21 	lds	r26, 0x2174	; 0x802174 <pxCurrentTCB>
     b60:	b0 91 75 21 	lds	r27, 0x2175	; 0x802175 <pxCurrentTCB+0x1>
     b64:	0d b6       	in	r0, 0x3d	; 61
     b66:	0d 92       	st	X+, r0
     b68:	0e b6       	in	r0, 0x3e	; 62
     b6a:	0d 92       	st	X+, r0
		StatsTimer+=TCC0.PER;
     b6c:	20 91 26 08 	lds	r18, 0x0826	; 0x800826 <__TEXT_REGION_LENGTH__+0x700826>
     b70:	30 91 27 08 	lds	r19, 0x0827	; 0x800827 <__TEXT_REGION_LENGTH__+0x700827>
     b74:	80 91 76 21 	lds	r24, 0x2176	; 0x802176 <StatsTimer>
     b78:	90 91 77 21 	lds	r25, 0x2177	; 0x802177 <StatsTimer+0x1>
     b7c:	a0 91 78 21 	lds	r26, 0x2178	; 0x802178 <StatsTimer+0x2>
     b80:	b0 91 79 21 	lds	r27, 0x2179	; 0x802179 <StatsTimer+0x3>
     b84:	82 0f       	add	r24, r18
     b86:	93 1f       	adc	r25, r19
     b88:	a1 1d       	adc	r26, r1
     b8a:	b1 1d       	adc	r27, r1
     b8c:	80 93 76 21 	sts	0x2176, r24	; 0x802176 <StatsTimer>
     b90:	90 93 77 21 	sts	0x2177, r25	; 0x802177 <StatsTimer+0x1>
     b94:	a0 93 78 21 	sts	0x2178, r26	; 0x802178 <StatsTimer+0x2>
     b98:	b0 93 79 21 	sts	0x2179, r27	; 0x802179 <StatsTimer+0x3>
		xTaskIncrementTick();
     b9c:	0e 94 2d 09 	call	0x125a	; 0x125a <xTaskIncrementTick>
		vTaskSwitchContext();
     ba0:	0e 94 bb 0a 	call	0x1576	; 0x1576 <vTaskSwitchContext>
		portRESTORE_CONTEXT();
     ba4:	a0 91 74 21 	lds	r26, 0x2174	; 0x802174 <pxCurrentTCB>
     ba8:	b0 91 75 21 	lds	r27, 0x2175	; 0x802175 <pxCurrentTCB+0x1>
     bac:	cd 91       	ld	r28, X+
     bae:	cd bf       	out	0x3d, r28	; 61
     bb0:	dd 91       	ld	r29, X+
     bb2:	de bf       	out	0x3e, r29	; 62
     bb4:	ff 91       	pop	r31
     bb6:	ef 91       	pop	r30
     bb8:	df 91       	pop	r29
     bba:	cf 91       	pop	r28
     bbc:	bf 91       	pop	r27
     bbe:	af 91       	pop	r26
     bc0:	9f 91       	pop	r25
     bc2:	8f 91       	pop	r24
     bc4:	7f 91       	pop	r23
     bc6:	6f 91       	pop	r22
     bc8:	5f 91       	pop	r21
     bca:	4f 91       	pop	r20
     bcc:	3f 91       	pop	r19
     bce:	2f 91       	pop	r18
     bd0:	1f 91       	pop	r17
     bd2:	0f 91       	pop	r16
     bd4:	ff 90       	pop	r15
     bd6:	ef 90       	pop	r14
     bd8:	df 90       	pop	r13
     bda:	cf 90       	pop	r12
     bdc:	bf 90       	pop	r11
     bde:	af 90       	pop	r10
     be0:	9f 90       	pop	r9
     be2:	8f 90       	pop	r8
     be4:	7f 90       	pop	r7
     be6:	6f 90       	pop	r6
     be8:	5f 90       	pop	r5
     bea:	4f 90       	pop	r4
     bec:	3f 90       	pop	r3
     bee:	2f 90       	pop	r2
     bf0:	1f 90       	pop	r1
     bf2:	0f 90       	pop	r0
     bf4:	0f be       	out	0x3f, r0	; 63
     bf6:	0f 90       	pop	r0

		asm volatile ( "reti" );
     bf8:	18 95       	reti

00000bfa <vConfigureTimerForRunTimeStats>:
 */

volatile uint32_t StatsTimer;

void vConfigureTimerForRunTimeStats(void)
{
     bfa:	08 95       	ret

00000bfc <__vector_16>:
	//TCC1.INTCTRLA=0b00000001; //OVF priority LOW
}

ISR(TCC0_CCA_vect,ISR_NAKED)
	{
	portSAVE_CONTEXT();
     bfc:	0f 92       	push	r0
     bfe:	0f b6       	in	r0, 0x3f	; 63
     c00:	f8 94       	cli
     c02:	0f 92       	push	r0
     c04:	1f 92       	push	r1
     c06:	11 24       	eor	r1, r1
     c08:	2f 92       	push	r2
     c0a:	3f 92       	push	r3
     c0c:	4f 92       	push	r4
     c0e:	5f 92       	push	r5
     c10:	6f 92       	push	r6
     c12:	7f 92       	push	r7
     c14:	8f 92       	push	r8
     c16:	9f 92       	push	r9
     c18:	af 92       	push	r10
     c1a:	bf 92       	push	r11
     c1c:	cf 92       	push	r12
     c1e:	df 92       	push	r13
     c20:	ef 92       	push	r14
     c22:	ff 92       	push	r15
     c24:	0f 93       	push	r16
     c26:	1f 93       	push	r17
     c28:	2f 93       	push	r18
     c2a:	3f 93       	push	r19
     c2c:	4f 93       	push	r20
     c2e:	5f 93       	push	r21
     c30:	6f 93       	push	r22
     c32:	7f 93       	push	r23
     c34:	8f 93       	push	r24
     c36:	9f 93       	push	r25
     c38:	af 93       	push	r26
     c3a:	bf 93       	push	r27
     c3c:	cf 93       	push	r28
     c3e:	df 93       	push	r29
     c40:	ef 93       	push	r30
     c42:	ff 93       	push	r31
     c44:	a0 91 74 21 	lds	r26, 0x2174	; 0x802174 <pxCurrentTCB>
     c48:	b0 91 75 21 	lds	r27, 0x2175	; 0x802175 <pxCurrentTCB+0x1>
     c4c:	0d b6       	in	r0, 0x3d	; 61
     c4e:	0d 92       	st	X+, r0
     c50:	0e b6       	in	r0, 0x3e	; 62
     c52:	0d 92       	st	X+, r0
	TCC0.CCA=65535;
     c54:	8f ef       	ldi	r24, 0xFF	; 255
     c56:	9f ef       	ldi	r25, 0xFF	; 255
     c58:	80 93 28 08 	sts	0x0828, r24	; 0x800828 <__TEXT_REGION_LENGTH__+0x700828>
     c5c:	90 93 29 08 	sts	0x0829, r25	; 0x800829 <__TEXT_REGION_LENGTH__+0x700829>
	vTaskSwitchContext();
     c60:	0e 94 bb 0a 	call	0x1576	; 0x1576 <vTaskSwitchContext>
	portRESTORE_CONTEXT();
     c64:	a0 91 74 21 	lds	r26, 0x2174	; 0x802174 <pxCurrentTCB>
     c68:	b0 91 75 21 	lds	r27, 0x2175	; 0x802175 <pxCurrentTCB+0x1>
     c6c:	cd 91       	ld	r28, X+
     c6e:	cd bf       	out	0x3d, r28	; 61
     c70:	dd 91       	ld	r29, X+
     c72:	de bf       	out	0x3e, r29	; 62
     c74:	ff 91       	pop	r31
     c76:	ef 91       	pop	r30
     c78:	df 91       	pop	r29
     c7a:	cf 91       	pop	r28
     c7c:	bf 91       	pop	r27
     c7e:	af 91       	pop	r26
     c80:	9f 91       	pop	r25
     c82:	8f 91       	pop	r24
     c84:	7f 91       	pop	r23
     c86:	6f 91       	pop	r22
     c88:	5f 91       	pop	r21
     c8a:	4f 91       	pop	r20
     c8c:	3f 91       	pop	r19
     c8e:	2f 91       	pop	r18
     c90:	1f 91       	pop	r17
     c92:	0f 91       	pop	r16
     c94:	ff 90       	pop	r15
     c96:	ef 90       	pop	r14
     c98:	df 90       	pop	r13
     c9a:	cf 90       	pop	r12
     c9c:	bf 90       	pop	r11
     c9e:	af 90       	pop	r10
     ca0:	9f 90       	pop	r9
     ca2:	8f 90       	pop	r8
     ca4:	7f 90       	pop	r7
     ca6:	6f 90       	pop	r6
     ca8:	5f 90       	pop	r5
     caa:	4f 90       	pop	r4
     cac:	3f 90       	pop	r3
     cae:	2f 90       	pop	r2
     cb0:	1f 90       	pop	r1
     cb2:	0f 90       	pop	r0
     cb4:	0f be       	out	0x3f, r0	; 63
     cb6:	0f 90       	pop	r0
	asm volatile ( "reti" );
     cb8:	18 95       	reti

00000cba <prvIdleTask>:
	BaseType_t xReturn;

		/* If xTask is NULL then we are calling our own task hook. */
		if( xTask == NULL )
		{
			xTCB = pxCurrentTCB;
     cba:	20 c0       	rjmp	.+64     	; 0xcfc <prvIdleTask+0x42>
     cbc:	0f b6       	in	r0, 0x3f	; 63
     cbe:	f8 94       	cli
     cc0:	0f 92       	push	r0
     cc2:	e0 91 f7 20 	lds	r30, 0x20F7	; 0x8020f7 <xTasksWaitingTermination+0x5>
     cc6:	f0 91 f8 20 	lds	r31, 0x20F8	; 0x8020f8 <xTasksWaitingTermination+0x6>
     cca:	c6 81       	ldd	r28, Z+6	; 0x06
     ccc:	d7 81       	ldd	r29, Z+7	; 0x07
     cce:	ce 01       	movw	r24, r28
     cd0:	02 96       	adiw	r24, 0x02	; 2
     cd2:	0e 94 60 04 	call	0x8c0	; 0x8c0 <uxListRemove>
     cd6:	80 91 e7 20 	lds	r24, 0x20E7	; 0x8020e7 <uxCurrentNumberOfTasks>
     cda:	81 50       	subi	r24, 0x01	; 1
     cdc:	80 93 e7 20 	sts	0x20E7, r24	; 0x8020e7 <uxCurrentNumberOfTasks>
     ce0:	80 91 f1 20 	lds	r24, 0x20F1	; 0x8020f1 <uxDeletedTasksWaitingCleanUp>
     ce4:	81 50       	subi	r24, 0x01	; 1
     ce6:	80 93 f1 20 	sts	0x20F1, r24	; 0x8020f1 <uxDeletedTasksWaitingCleanUp>
     cea:	0f 90       	pop	r0
     cec:	0f be       	out	0x3f, r0	; 63
     cee:	8f 89       	ldd	r24, Y+23	; 0x17
     cf0:	98 8d       	ldd	r25, Y+24	; 0x18
     cf2:	0e 94 d1 03 	call	0x7a2	; 0x7a2 <vPortFree>
     cf6:	ce 01       	movw	r24, r28
     cf8:	0e 94 d1 03 	call	0x7a2	; 0x7a2 <vPortFree>
     cfc:	80 91 f1 20 	lds	r24, 0x20F1	; 0x8020f1 <uxDeletedTasksWaitingCleanUp>
     d00:	81 11       	cpse	r24, r1
     d02:	dc cf       	rjmp	.-72     	; 0xcbc <prvIdleTask+0x2>
     d04:	80 91 1a 21 	lds	r24, 0x211A	; 0x80211a <pxReadyTasksLists>
     d08:	82 30       	cpi	r24, 0x02	; 2
     d0a:	10 f0       	brcs	.+4      	; 0xd10 <prvIdleTask+0x56>
     d0c:	0e 94 31 05 	call	0xa62	; 0xa62 <vPortYield>
     d10:	0e 94 c5 0a 	call	0x158a	; 0x158a <vApplicationIdleHook>
     d14:	f3 cf       	rjmp	.-26     	; 0xcfc <prvIdleTask+0x42>

00000d16 <prvResetNextTaskUnblockTime.part.0>:
     d16:	e0 91 06 21 	lds	r30, 0x2106	; 0x802106 <pxDelayedTaskList>
     d1a:	f0 91 07 21 	lds	r31, 0x2107	; 0x802107 <pxDelayedTaskList+0x1>
     d1e:	05 80       	ldd	r0, Z+5	; 0x05
     d20:	f6 81       	ldd	r31, Z+6	; 0x06
     d22:	e0 2d       	mov	r30, r0
     d24:	06 80       	ldd	r0, Z+6	; 0x06
     d26:	f7 81       	ldd	r31, Z+7	; 0x07
     d28:	e0 2d       	mov	r30, r0
     d2a:	82 81       	ldd	r24, Z+2	; 0x02
     d2c:	93 81       	ldd	r25, Z+3	; 0x03
     d2e:	80 93 dd 20 	sts	0x20DD, r24	; 0x8020dd <xNextTaskUnblockTime>
     d32:	90 93 de 20 	sts	0x20DE, r25	; 0x8020de <xNextTaskUnblockTime+0x1>
     d36:	08 95       	ret

00000d38 <prvAddCurrentTaskToDelayedList>:
     d38:	ff 92       	push	r15
     d3a:	0f 93       	push	r16
     d3c:	1f 93       	push	r17
     d3e:	cf 93       	push	r28
     d40:	df 93       	push	r29
     d42:	ec 01       	movw	r28, r24
     d44:	f6 2e       	mov	r15, r22
     d46:	00 91 e5 20 	lds	r16, 0x20E5	; 0x8020e5 <xTickCount>
     d4a:	10 91 e6 20 	lds	r17, 0x20E6	; 0x8020e6 <xTickCount+0x1>
     d4e:	80 91 74 21 	lds	r24, 0x2174	; 0x802174 <pxCurrentTCB>
     d52:	90 91 75 21 	lds	r25, 0x2175	; 0x802175 <pxCurrentTCB+0x1>
     d56:	02 96       	adiw	r24, 0x02	; 2
     d58:	0e 94 60 04 	call	0x8c0	; 0x8c0 <uxListRemove>
     d5c:	cf 3f       	cpi	r28, 0xFF	; 255
     d5e:	8f ef       	ldi	r24, 0xFF	; 255
     d60:	d8 07       	cpc	r29, r24
     d62:	a9 f1       	breq	.+106    	; 0xdce <prvAddCurrentTaskToDelayedList+0x96>
     d64:	c0 0f       	add	r28, r16
     d66:	d1 1f       	adc	r29, r17
     d68:	e0 91 74 21 	lds	r30, 0x2174	; 0x802174 <pxCurrentTCB>
     d6c:	f0 91 75 21 	lds	r31, 0x2175	; 0x802175 <pxCurrentTCB+0x1>
     d70:	c2 83       	std	Z+2, r28	; 0x02
     d72:	d3 83       	std	Z+3, r29	; 0x03
     d74:	60 91 74 21 	lds	r22, 0x2174	; 0x802174 <pxCurrentTCB>
     d78:	70 91 75 21 	lds	r23, 0x2175	; 0x802175 <pxCurrentTCB+0x1>
     d7c:	c0 17       	cp	r28, r16
     d7e:	d1 07       	cpc	r29, r17
     d80:	c8 f0       	brcs	.+50     	; 0xdb4 <prvAddCurrentTaskToDelayedList+0x7c>
     d82:	80 91 06 21 	lds	r24, 0x2106	; 0x802106 <pxDelayedTaskList>
     d86:	90 91 07 21 	lds	r25, 0x2107	; 0x802107 <pxDelayedTaskList+0x1>
     d8a:	6e 5f       	subi	r22, 0xFE	; 254
     d8c:	7f 4f       	sbci	r23, 0xFF	; 255
     d8e:	0e 94 2f 04 	call	0x85e	; 0x85e <vListInsert>
     d92:	80 91 dd 20 	lds	r24, 0x20DD	; 0x8020dd <xNextTaskUnblockTime>
     d96:	90 91 de 20 	lds	r25, 0x20DE	; 0x8020de <xNextTaskUnblockTime+0x1>
     d9a:	c8 17       	cp	r28, r24
     d9c:	d9 07       	cpc	r29, r25
     d9e:	20 f4       	brcc	.+8      	; 0xda8 <prvAddCurrentTaskToDelayedList+0x70>
     da0:	c0 93 dd 20 	sts	0x20DD, r28	; 0x8020dd <xNextTaskUnblockTime>
     da4:	d0 93 de 20 	sts	0x20DE, r29	; 0x8020de <xNextTaskUnblockTime+0x1>
     da8:	df 91       	pop	r29
     daa:	cf 91       	pop	r28
     dac:	1f 91       	pop	r17
     dae:	0f 91       	pop	r16
     db0:	ff 90       	pop	r15
     db2:	08 95       	ret
     db4:	80 91 04 21 	lds	r24, 0x2104	; 0x802104 <pxOverflowDelayedTaskList>
     db8:	90 91 05 21 	lds	r25, 0x2105	; 0x802105 <pxOverflowDelayedTaskList+0x1>
     dbc:	6e 5f       	subi	r22, 0xFE	; 254
     dbe:	7f 4f       	sbci	r23, 0xFF	; 255
     dc0:	df 91       	pop	r29
     dc2:	cf 91       	pop	r28
     dc4:	1f 91       	pop	r17
     dc6:	0f 91       	pop	r16
     dc8:	ff 90       	pop	r15
     dca:	0c 94 2f 04 	jmp	0x85e	; 0x85e <vListInsert>
     dce:	ff 20       	and	r15, r15
     dd0:	49 f2       	breq	.-110    	; 0xd64 <prvAddCurrentTaskToDelayedList+0x2c>
     dd2:	60 91 74 21 	lds	r22, 0x2174	; 0x802174 <pxCurrentTCB>
     dd6:	70 91 75 21 	lds	r23, 0x2175	; 0x802175 <pxCurrentTCB+0x1>
     dda:	6e 5f       	subi	r22, 0xFE	; 254
     ddc:	7f 4f       	sbci	r23, 0xFF	; 255
     dde:	88 ee       	ldi	r24, 0xE8	; 232
     de0:	90 e2       	ldi	r25, 0x20	; 32
     de2:	df 91       	pop	r29
     de4:	cf 91       	pop	r28
     de6:	1f 91       	pop	r17
     de8:	0f 91       	pop	r16
     dea:	ff 90       	pop	r15
     dec:	0c 94 0e 04 	jmp	0x81c	; 0x81c <vListInsertEnd>

00000df0 <vTaskSwitchContext.part.5>:
     df0:	0f 93       	push	r16
     df2:	1f 93       	push	r17
     df4:	cf 93       	push	r28
     df6:	10 92 e1 20 	sts	0x20E1, r1	; 0x8020e1 <xYieldPending>
     dfa:	20 91 20 08 	lds	r18, 0x0820	; 0x800820 <__TEXT_REGION_LENGTH__+0x700820>
     dfe:	30 91 21 08 	lds	r19, 0x0821	; 0x800821 <__TEXT_REGION_LENGTH__+0x700821>
     e02:	80 91 76 21 	lds	r24, 0x2176	; 0x802176 <StatsTimer>
     e06:	90 91 77 21 	lds	r25, 0x2177	; 0x802177 <StatsTimer+0x1>
     e0a:	a0 91 78 21 	lds	r26, 0x2178	; 0x802178 <StatsTimer+0x2>
     e0e:	b0 91 79 21 	lds	r27, 0x2179	; 0x802179 <StatsTimer+0x3>
     e12:	82 0f       	add	r24, r18
     e14:	93 1f       	adc	r25, r19
     e16:	a1 1d       	adc	r26, r1
     e18:	b1 1d       	adc	r27, r1
     e1a:	00 91 d6 20 	lds	r16, 0x20D6	; 0x8020d6 <ulTaskSwitchedInTime>
     e1e:	10 91 d7 20 	lds	r17, 0x20D7	; 0x8020d7 <ulTaskSwitchedInTime+0x1>
     e22:	20 91 d8 20 	lds	r18, 0x20D8	; 0x8020d8 <ulTaskSwitchedInTime+0x2>
     e26:	30 91 d9 20 	lds	r19, 0x20D9	; 0x8020d9 <ulTaskSwitchedInTime+0x3>
     e2a:	08 17       	cp	r16, r24
     e2c:	19 07       	cpc	r17, r25
     e2e:	2a 07       	cpc	r18, r26
     e30:	3b 07       	cpc	r19, r27
     e32:	a0 f4       	brcc	.+40     	; 0xe5c <vTaskSwitchContext.part.5+0x6c>
     e34:	e0 91 74 21 	lds	r30, 0x2174	; 0x802174 <pxCurrentTCB>
     e38:	f0 91 75 21 	lds	r31, 0x2175	; 0x802175 <pxCurrentTCB+0x1>
     e3c:	47 a1       	ldd	r20, Z+39	; 0x27
     e3e:	50 a5       	ldd	r21, Z+40	; 0x28
     e40:	61 a5       	ldd	r22, Z+41	; 0x29
     e42:	72 a5       	ldd	r23, Z+42	; 0x2a
     e44:	40 1b       	sub	r20, r16
     e46:	51 0b       	sbc	r21, r17
     e48:	62 0b       	sbc	r22, r18
     e4a:	73 0b       	sbc	r23, r19
     e4c:	48 0f       	add	r20, r24
     e4e:	59 1f       	adc	r21, r25
     e50:	6a 1f       	adc	r22, r26
     e52:	7b 1f       	adc	r23, r27
     e54:	47 a3       	std	Z+39, r20	; 0x27
     e56:	50 a7       	std	Z+40, r21	; 0x28
     e58:	61 a7       	std	Z+41, r22	; 0x29
     e5a:	72 a7       	std	Z+42, r23	; 0x2a
     e5c:	80 93 d6 20 	sts	0x20D6, r24	; 0x8020d6 <ulTaskSwitchedInTime>
     e60:	90 93 d7 20 	sts	0x20D7, r25	; 0x8020d7 <ulTaskSwitchedInTime+0x1>
     e64:	a0 93 d8 20 	sts	0x20D8, r26	; 0x8020d8 <ulTaskSwitchedInTime+0x2>
     e68:	b0 93 d9 20 	sts	0x20D9, r27	; 0x8020d9 <ulTaskSwitchedInTime+0x3>
     e6c:	e0 91 74 21 	lds	r30, 0x2174	; 0x802174 <pxCurrentTCB>
     e70:	f0 91 75 21 	lds	r31, 0x2175	; 0x802175 <pxCurrentTCB+0x1>
     e74:	07 88       	ldd	r0, Z+23	; 0x17
     e76:	f0 8d       	ldd	r31, Z+24	; 0x18
     e78:	e0 2d       	mov	r30, r0
     e7a:	80 81       	ld	r24, Z
     e7c:	91 81       	ldd	r25, Z+1	; 0x01
     e7e:	a2 81       	ldd	r26, Z+2	; 0x02
     e80:	b3 81       	ldd	r27, Z+3	; 0x03
     e82:	85 3a       	cpi	r24, 0xA5	; 165
     e84:	95 4a       	sbci	r25, 0xA5	; 165
     e86:	a5 4a       	sbci	r26, 0xA5	; 165
     e88:	b5 4a       	sbci	r27, 0xA5	; 165
     e8a:	09 f4       	brne	.+2      	; 0xe8e <vTaskSwitchContext.part.5+0x9e>
     e8c:	4c c0       	rjmp	.+152    	; 0xf26 <vTaskSwitchContext.part.5+0x136>
     e8e:	60 91 74 21 	lds	r22, 0x2174	; 0x802174 <pxCurrentTCB>
     e92:	70 91 75 21 	lds	r23, 0x2175	; 0x802175 <pxCurrentTCB+0x1>
     e96:	80 91 74 21 	lds	r24, 0x2174	; 0x802174 <pxCurrentTCB>
     e9a:	90 91 75 21 	lds	r25, 0x2175	; 0x802175 <pxCurrentTCB+0x1>
     e9e:	67 5e       	subi	r22, 0xE7	; 231
     ea0:	7f 4f       	sbci	r23, 0xFF	; 255
     ea2:	0e 94 e5 0a 	call	0x15ca	; 0x15ca <vApplicationStackOverflowHook>
     ea6:	c0 91 e4 20 	lds	r28, 0x20E4	; 0x8020e4 <uxTopReadyPriority>
     eaa:	8c 2f       	mov	r24, r28
     eac:	90 e0       	ldi	r25, 0x00	; 0
     eae:	9c 01       	movw	r18, r24
     eb0:	22 0f       	add	r18, r18
     eb2:	33 1f       	adc	r19, r19
     eb4:	22 0f       	add	r18, r18
     eb6:	33 1f       	adc	r19, r19
     eb8:	22 0f       	add	r18, r18
     eba:	33 1f       	adc	r19, r19
     ebc:	f9 01       	movw	r30, r18
     ebe:	e8 0f       	add	r30, r24
     ec0:	f9 1f       	adc	r31, r25
     ec2:	e6 5e       	subi	r30, 0xE6	; 230
     ec4:	fe 4d       	sbci	r31, 0xDE	; 222
     ec6:	40 81       	ld	r20, Z
     ec8:	41 11       	cpse	r20, r1
     eca:	0c c0       	rjmp	.+24     	; 0xee4 <vTaskSwitchContext.part.5+0xf4>
     ecc:	cc 23       	and	r28, r28
     ece:	11 f0       	breq	.+4      	; 0xed4 <vTaskSwitchContext.part.5+0xe4>
     ed0:	c1 50       	subi	r28, 0x01	; 1
     ed2:	eb cf       	rjmp	.-42     	; 0xeaa <vTaskSwitchContext.part.5+0xba>
     ed4:	6c e8       	ldi	r22, 0x8C	; 140
     ed6:	7b e0       	ldi	r23, 0x0B	; 11
     ed8:	86 e1       	ldi	r24, 0x16	; 22
     eda:	90 e2       	ldi	r25, 0x20	; 32
     edc:	0e 94 0f 0b 	call	0x161e	; 0x161e <vAssertCalled>
     ee0:	c1 50       	subi	r28, 0x01	; 1
     ee2:	e3 cf       	rjmp	.-58     	; 0xeaa <vTaskSwitchContext.part.5+0xba>
     ee4:	82 0f       	add	r24, r18
     ee6:	93 1f       	adc	r25, r19
     ee8:	dc 01       	movw	r26, r24
     eea:	a6 5e       	subi	r26, 0xE6	; 230
     eec:	be 4d       	sbci	r27, 0xDE	; 222
     eee:	11 96       	adiw	r26, 0x01	; 1
     ef0:	ed 91       	ld	r30, X+
     ef2:	fc 91       	ld	r31, X
     ef4:	12 97       	sbiw	r26, 0x02	; 2
     ef6:	02 80       	ldd	r0, Z+2	; 0x02
     ef8:	f3 81       	ldd	r31, Z+3	; 0x03
     efa:	e0 2d       	mov	r30, r0
     efc:	11 96       	adiw	r26, 0x01	; 1
     efe:	ed 93       	st	X+, r30
     f00:	fc 93       	st	X, r31
     f02:	12 97       	sbiw	r26, 0x02	; 2
     f04:	83 5e       	subi	r24, 0xE3	; 227
     f06:	9e 4d       	sbci	r25, 0xDE	; 222
     f08:	e8 17       	cp	r30, r24
     f0a:	f9 07       	cpc	r31, r25
     f0c:	59 f1       	breq	.+86     	; 0xf64 <vTaskSwitchContext.part.5+0x174>
     f0e:	86 81       	ldd	r24, Z+6	; 0x06
     f10:	97 81       	ldd	r25, Z+7	; 0x07
     f12:	80 93 74 21 	sts	0x2174, r24	; 0x802174 <pxCurrentTCB>
     f16:	90 93 75 21 	sts	0x2175, r25	; 0x802175 <pxCurrentTCB+0x1>
     f1a:	c0 93 e4 20 	sts	0x20E4, r28	; 0x8020e4 <uxTopReadyPriority>
     f1e:	cf 91       	pop	r28
     f20:	1f 91       	pop	r17
     f22:	0f 91       	pop	r16
     f24:	08 95       	ret
     f26:	84 81       	ldd	r24, Z+4	; 0x04
     f28:	95 81       	ldd	r25, Z+5	; 0x05
     f2a:	a6 81       	ldd	r26, Z+6	; 0x06
     f2c:	b7 81       	ldd	r27, Z+7	; 0x07
     f2e:	85 3a       	cpi	r24, 0xA5	; 165
     f30:	95 4a       	sbci	r25, 0xA5	; 165
     f32:	a5 4a       	sbci	r26, 0xA5	; 165
     f34:	b5 4a       	sbci	r27, 0xA5	; 165
     f36:	09 f0       	breq	.+2      	; 0xf3a <vTaskSwitchContext.part.5+0x14a>
     f38:	aa cf       	rjmp	.-172    	; 0xe8e <vTaskSwitchContext.part.5+0x9e>
     f3a:	80 85       	ldd	r24, Z+8	; 0x08
     f3c:	91 85       	ldd	r25, Z+9	; 0x09
     f3e:	a2 85       	ldd	r26, Z+10	; 0x0a
     f40:	b3 85       	ldd	r27, Z+11	; 0x0b
     f42:	85 3a       	cpi	r24, 0xA5	; 165
     f44:	95 4a       	sbci	r25, 0xA5	; 165
     f46:	a5 4a       	sbci	r26, 0xA5	; 165
     f48:	b5 4a       	sbci	r27, 0xA5	; 165
     f4a:	09 f0       	breq	.+2      	; 0xf4e <vTaskSwitchContext.part.5+0x15e>
     f4c:	a0 cf       	rjmp	.-192    	; 0xe8e <vTaskSwitchContext.part.5+0x9e>
     f4e:	84 85       	ldd	r24, Z+12	; 0x0c
     f50:	95 85       	ldd	r25, Z+13	; 0x0d
     f52:	a6 85       	ldd	r26, Z+14	; 0x0e
     f54:	b7 85       	ldd	r27, Z+15	; 0x0f
     f56:	85 3a       	cpi	r24, 0xA5	; 165
     f58:	95 4a       	sbci	r25, 0xA5	; 165
     f5a:	a5 4a       	sbci	r26, 0xA5	; 165
     f5c:	b5 4a       	sbci	r27, 0xA5	; 165
     f5e:	09 f0       	breq	.+2      	; 0xf62 <vTaskSwitchContext.part.5+0x172>
     f60:	96 cf       	rjmp	.-212    	; 0xe8e <vTaskSwitchContext.part.5+0x9e>
     f62:	a1 cf       	rjmp	.-190    	; 0xea6 <vTaskSwitchContext.part.5+0xb6>
     f64:	02 80       	ldd	r0, Z+2	; 0x02
     f66:	f3 81       	ldd	r31, Z+3	; 0x03
     f68:	e0 2d       	mov	r30, r0
     f6a:	11 96       	adiw	r26, 0x01	; 1
     f6c:	ed 93       	st	X+, r30
     f6e:	fc 93       	st	X, r31
     f70:	12 97       	sbiw	r26, 0x02	; 2
     f72:	cd cf       	rjmp	.-102    	; 0xf0e <vTaskSwitchContext.part.5+0x11e>

00000f74 <xTaskCreate>:
     f74:	5f 92       	push	r5
     f76:	6f 92       	push	r6
     f78:	7f 92       	push	r7
     f7a:	8f 92       	push	r8
     f7c:	9f 92       	push	r9
     f7e:	af 92       	push	r10
     f80:	bf 92       	push	r11
     f82:	cf 92       	push	r12
     f84:	df 92       	push	r13
     f86:	ef 92       	push	r14
     f88:	ff 92       	push	r15
     f8a:	0f 93       	push	r16
     f8c:	1f 93       	push	r17
     f8e:	cf 93       	push	r28
     f90:	df 93       	push	r29
     f92:	4c 01       	movw	r8, r24
     f94:	eb 01       	movw	r28, r22
     f96:	5a 01       	movw	r10, r20
     f98:	39 01       	movw	r6, r18
     f9a:	50 2e       	mov	r5, r16
     f9c:	ca 01       	movw	r24, r20
     f9e:	0e 94 32 03 	call	0x664	; 0x664 <pvPortMalloc>
     fa2:	8c 01       	movw	r16, r24
     fa4:	89 2b       	or	r24, r25
     fa6:	09 f4       	brne	.+2      	; 0xfaa <xTaskCreate+0x36>
     fa8:	de c0       	rjmp	.+444    	; 0x1166 <xTaskCreate+0x1f2>
     faa:	80 e3       	ldi	r24, 0x30	; 48
     fac:	90 e0       	ldi	r25, 0x00	; 0
     fae:	0e 94 32 03 	call	0x664	; 0x664 <pvPortMalloc>
     fb2:	6c 01       	movw	r12, r24
     fb4:	00 97       	sbiw	r24, 0x00	; 0
     fb6:	09 f4       	brne	.+2      	; 0xfba <xTaskCreate+0x46>
     fb8:	d3 c0       	rjmp	.+422    	; 0x1160 <xTaskCreate+0x1ec>
     fba:	dc 01       	movw	r26, r24
     fbc:	57 96       	adiw	r26, 0x17	; 23
     fbe:	0d 93       	st	X+, r16
     fc0:	1c 93       	st	X, r17
     fc2:	58 97       	sbiw	r26, 0x18	; 24
     fc4:	20 97       	sbiw	r28, 0x00	; 0
     fc6:	09 f4       	brne	.+2      	; 0xfca <xTaskCreate+0x56>
     fc8:	d0 c0       	rjmp	.+416    	; 0x116a <xTaskCreate+0x1f6>
     fca:	c8 01       	movw	r24, r16
     fcc:	a5 01       	movw	r20, r10
     fce:	65 ea       	ldi	r22, 0xA5	; 165
     fd0:	70 e0       	ldi	r23, 0x00	; 0
     fd2:	0e 94 6f 11 	call	0x22de	; 0x22de <memset>
     fd6:	f1 e0       	ldi	r31, 0x01	; 1
     fd8:	af 1a       	sub	r10, r31
     fda:	b1 08       	sbc	r11, r1
     fdc:	d6 01       	movw	r26, r12
     fde:	57 96       	adiw	r26, 0x17	; 23
     fe0:	8d 91       	ld	r24, X+
     fe2:	9c 91       	ld	r25, X
     fe4:	58 97       	sbiw	r26, 0x18	; 24
     fe6:	a8 0e       	add	r10, r24
     fe8:	b9 1e       	adc	r11, r25
     fea:	f6 01       	movw	r30, r12
     fec:	79 96       	adiw	r30, 0x19	; 25
     fee:	9e 01       	movw	r18, r28
     ff0:	28 5f       	subi	r18, 0xF8	; 248
     ff2:	3f 4f       	sbci	r19, 0xFF	; 255
     ff4:	de 01       	movw	r26, r28
     ff6:	89 91       	ld	r24, Y+
     ff8:	81 93       	st	Z+, r24
     ffa:	8c 91       	ld	r24, X
     ffc:	88 23       	and	r24, r24
     ffe:	19 f0       	breq	.+6      	; 0x1006 <xTaskCreate+0x92>
    1000:	c2 17       	cp	r28, r18
    1002:	d3 07       	cpc	r29, r19
    1004:	b9 f7       	brne	.-18     	; 0xff4 <xTaskCreate+0x80>
    1006:	f6 01       	movw	r30, r12
    1008:	10 a2       	std	Z+32, r1	; 0x20
    100a:	05 2d       	mov	r16, r5
    100c:	0a 30       	cpi	r16, 0x0A	; 10
    100e:	08 f0       	brcs	.+2      	; 0x1012 <xTaskCreate+0x9e>
    1010:	a1 c0       	rjmp	.+322    	; 0x1154 <xTaskCreate+0x1e0>
    1012:	d6 01       	movw	r26, r12
    1014:	56 96       	adiw	r26, 0x16	; 22
    1016:	0c 93       	st	X, r16
    1018:	56 97       	sbiw	r26, 0x16	; 22
    101a:	93 96       	adiw	r26, 0x23	; 35
    101c:	0c 93       	st	X, r16
    101e:	93 97       	sbiw	r26, 0x23	; 35
    1020:	94 96       	adiw	r26, 0x24	; 36
    1022:	1c 92       	st	X, r1
    1024:	e6 01       	movw	r28, r12
    1026:	22 96       	adiw	r28, 0x02	; 2
    1028:	ce 01       	movw	r24, r28
    102a:	0e 94 0a 04 	call	0x814	; 0x814 <vListInitialiseItem>
    102e:	c6 01       	movw	r24, r12
    1030:	0c 96       	adiw	r24, 0x0c	; 12
    1032:	0e 94 0a 04 	call	0x814	; 0x814 <vListInitialiseItem>
    1036:	f6 01       	movw	r30, r12
    1038:	c0 86       	std	Z+8, r12	; 0x08
    103a:	d1 86       	std	Z+9, r13	; 0x09
    103c:	8a e0       	ldi	r24, 0x0A	; 10
    103e:	90 e0       	ldi	r25, 0x00	; 0
    1040:	80 1b       	sub	r24, r16
    1042:	91 09       	sbc	r25, r1
    1044:	84 87       	std	Z+12, r24	; 0x0c
    1046:	95 87       	std	Z+13, r25	; 0x0d
    1048:	c2 8a       	std	Z+18, r12	; 0x12
    104a:	d3 8a       	std	Z+19, r13	; 0x13
    104c:	15 a2       	std	Z+37, r1	; 0x25
    104e:	16 a2       	std	Z+38, r1	; 0x26
    1050:	17 a2       	std	Z+39, r1	; 0x27
    1052:	10 a6       	std	Z+40, r1	; 0x28
    1054:	11 a6       	std	Z+41, r1	; 0x29
    1056:	12 a6       	std	Z+42, r1	; 0x2a
    1058:	13 a6       	std	Z+43, r1	; 0x2b
    105a:	14 a6       	std	Z+44, r1	; 0x2c
    105c:	15 a6       	std	Z+45, r1	; 0x2d
    105e:	16 a6       	std	Z+46, r1	; 0x2e
    1060:	17 a6       	std	Z+47, r1	; 0x2f
    1062:	a3 01       	movw	r20, r6
    1064:	b4 01       	movw	r22, r8
    1066:	c5 01       	movw	r24, r10
    1068:	0e 94 86 04 	call	0x90c	; 0x90c <pxPortInitialiseStack>
    106c:	d6 01       	movw	r26, r12
    106e:	8d 93       	st	X+, r24
    1070:	9c 93       	st	X, r25
    1072:	e1 14       	cp	r14, r1
    1074:	f1 04       	cpc	r15, r1
    1076:	19 f0       	breq	.+6      	; 0x107e <xTaskCreate+0x10a>
    1078:	f7 01       	movw	r30, r14
    107a:	c0 82       	st	Z, r12
    107c:	d1 82       	std	Z+1, r13	; 0x01
    107e:	0f b6       	in	r0, 0x3f	; 63
    1080:	f8 94       	cli
    1082:	0f 92       	push	r0
    1084:	80 91 e7 20 	lds	r24, 0x20E7	; 0x8020e7 <uxCurrentNumberOfTasks>
    1088:	8f 5f       	subi	r24, 0xFF	; 255
    108a:	80 93 e7 20 	sts	0x20E7, r24	; 0x8020e7 <uxCurrentNumberOfTasks>
    108e:	80 91 74 21 	lds	r24, 0x2174	; 0x802174 <pxCurrentTCB>
    1092:	90 91 75 21 	lds	r25, 0x2175	; 0x802175 <pxCurrentTCB+0x1>
    1096:	89 2b       	or	r24, r25
    1098:	99 f0       	breq	.+38     	; 0x10c0 <xTaskCreate+0x14c>
    109a:	80 91 e3 20 	lds	r24, 0x20E3	; 0x8020e3 <xSchedulerRunning>
    109e:	81 11       	cpse	r24, r1
    10a0:	18 c0       	rjmp	.+48     	; 0x10d2 <xTaskCreate+0x15e>
    10a2:	e0 91 74 21 	lds	r30, 0x2174	; 0x802174 <pxCurrentTCB>
    10a6:	f0 91 75 21 	lds	r31, 0x2175	; 0x802175 <pxCurrentTCB+0x1>
    10aa:	d6 01       	movw	r26, r12
    10ac:	56 96       	adiw	r26, 0x16	; 22
    10ae:	8c 91       	ld	r24, X
    10b0:	96 89       	ldd	r25, Z+22	; 0x16
    10b2:	89 17       	cp	r24, r25
    10b4:	88 f0       	brcs	.+34     	; 0x10d8 <xTaskCreate+0x164>
    10b6:	c0 92 74 21 	sts	0x2174, r12	; 0x802174 <pxCurrentTCB>
    10ba:	d0 92 75 21 	sts	0x2175, r13	; 0x802175 <pxCurrentTCB+0x1>
    10be:	0c c0       	rjmp	.+24     	; 0x10d8 <xTaskCreate+0x164>
    10c0:	c0 92 74 21 	sts	0x2174, r12	; 0x802174 <pxCurrentTCB>
    10c4:	d0 92 75 21 	sts	0x2175, r13	; 0x802175 <pxCurrentTCB+0x1>
    10c8:	80 91 e7 20 	lds	r24, 0x20E7	; 0x8020e7 <uxCurrentNumberOfTasks>
    10cc:	81 30       	cpi	r24, 0x01	; 1
    10ce:	09 f4       	brne	.+2      	; 0x10d2 <xTaskCreate+0x15e>
    10d0:	56 c0       	rjmp	.+172    	; 0x117e <xTaskCreate+0x20a>
    10d2:	d6 01       	movw	r26, r12
    10d4:	56 96       	adiw	r26, 0x16	; 22
    10d6:	8c 91       	ld	r24, X
    10d8:	90 91 df 20 	lds	r25, 0x20DF	; 0x8020df <uxTaskNumber>
    10dc:	9f 5f       	subi	r25, 0xFF	; 255
    10de:	90 93 df 20 	sts	0x20DF, r25	; 0x8020df <uxTaskNumber>
    10e2:	f6 01       	movw	r30, r12
    10e4:	91 a3       	std	Z+33, r25	; 0x21
    10e6:	90 91 e4 20 	lds	r25, 0x20E4	; 0x8020e4 <uxTopReadyPriority>
    10ea:	98 17       	cp	r25, r24
    10ec:	80 f1       	brcs	.+96     	; 0x114e <xTaskCreate+0x1da>
    10ee:	90 e0       	ldi	r25, 0x00	; 0
    10f0:	9c 01       	movw	r18, r24
    10f2:	22 0f       	add	r18, r18
    10f4:	33 1f       	adc	r19, r19
    10f6:	22 0f       	add	r18, r18
    10f8:	33 1f       	adc	r19, r19
    10fa:	22 0f       	add	r18, r18
    10fc:	33 1f       	adc	r19, r19
    10fe:	82 0f       	add	r24, r18
    1100:	93 1f       	adc	r25, r19
    1102:	be 01       	movw	r22, r28
    1104:	86 5e       	subi	r24, 0xE6	; 230
    1106:	9e 4d       	sbci	r25, 0xDE	; 222
    1108:	0e 94 0e 04 	call	0x81c	; 0x81c <vListInsertEnd>
    110c:	0f 90       	pop	r0
    110e:	0f be       	out	0x3f, r0	; 63
    1110:	80 91 e3 20 	lds	r24, 0x20E3	; 0x8020e3 <xSchedulerRunning>
    1114:	88 23       	and	r24, r24
    1116:	51 f0       	breq	.+20     	; 0x112c <xTaskCreate+0x1b8>
    1118:	e0 91 74 21 	lds	r30, 0x2174	; 0x802174 <pxCurrentTCB>
    111c:	f0 91 75 21 	lds	r31, 0x2175	; 0x802175 <pxCurrentTCB+0x1>
    1120:	96 89       	ldd	r25, Z+22	; 0x16
    1122:	d6 01       	movw	r26, r12
    1124:	56 96       	adiw	r26, 0x16	; 22
    1126:	8c 91       	ld	r24, X
    1128:	98 17       	cp	r25, r24
    112a:	b0 f0       	brcs	.+44     	; 0x1158 <xTaskCreate+0x1e4>
    112c:	81 e0       	ldi	r24, 0x01	; 1
    112e:	df 91       	pop	r29
    1130:	cf 91       	pop	r28
    1132:	1f 91       	pop	r17
    1134:	0f 91       	pop	r16
    1136:	ff 90       	pop	r15
    1138:	ef 90       	pop	r14
    113a:	df 90       	pop	r13
    113c:	cf 90       	pop	r12
    113e:	bf 90       	pop	r11
    1140:	af 90       	pop	r10
    1142:	9f 90       	pop	r9
    1144:	8f 90       	pop	r8
    1146:	7f 90       	pop	r7
    1148:	6f 90       	pop	r6
    114a:	5f 90       	pop	r5
    114c:	08 95       	ret
    114e:	80 93 e4 20 	sts	0x20E4, r24	; 0x8020e4 <uxTopReadyPriority>
    1152:	cd cf       	rjmp	.-102    	; 0x10ee <xTaskCreate+0x17a>
    1154:	09 e0       	ldi	r16, 0x09	; 9
    1156:	5d cf       	rjmp	.-326    	; 0x1012 <xTaskCreate+0x9e>
    1158:	0e 94 31 05 	call	0xa62	; 0xa62 <vPortYield>
    115c:	81 e0       	ldi	r24, 0x01	; 1
    115e:	e7 cf       	rjmp	.-50     	; 0x112e <xTaskCreate+0x1ba>
    1160:	c8 01       	movw	r24, r16
    1162:	0e 94 d1 03 	call	0x7a2	; 0x7a2 <vPortFree>
    1166:	8f ef       	ldi	r24, 0xFF	; 255
    1168:	e2 cf       	rjmp	.-60     	; 0x112e <xTaskCreate+0x1ba>
    116a:	60 e6       	ldi	r22, 0x60	; 96
    116c:	73 e0       	ldi	r23, 0x03	; 3
    116e:	86 e1       	ldi	r24, 0x16	; 22
    1170:	90 e2       	ldi	r25, 0x20	; 32
    1172:	0e 94 0f 0b 	call	0x161e	; 0x161e <vAssertCalled>
    1176:	f6 01       	movw	r30, r12
    1178:	87 89       	ldd	r24, Z+23	; 0x17
    117a:	90 8d       	ldd	r25, Z+24	; 0x18
    117c:	27 cf       	rjmp	.-434    	; 0xfcc <xTaskCreate+0x58>
    117e:	0a e1       	ldi	r16, 0x1A	; 26
    1180:	11 e2       	ldi	r17, 0x21	; 33
    1182:	54 e7       	ldi	r21, 0x74	; 116
    1184:	e5 2e       	mov	r14, r21
    1186:	51 e2       	ldi	r21, 0x21	; 33
    1188:	f5 2e       	mov	r15, r21
    118a:	c8 01       	movw	r24, r16
    118c:	0e 94 fc 03 	call	0x7f8	; 0x7f8 <vListInitialise>
    1190:	07 5f       	subi	r16, 0xF7	; 247
    1192:	1f 4f       	sbci	r17, 0xFF	; 255
    1194:	e0 16       	cp	r14, r16
    1196:	f1 06       	cpc	r15, r17
    1198:	c1 f7       	brne	.-16     	; 0x118a <xTaskCreate+0x216>
    119a:	81 e1       	ldi	r24, 0x11	; 17
    119c:	91 e2       	ldi	r25, 0x21	; 33
    119e:	0e 94 fc 03 	call	0x7f8	; 0x7f8 <vListInitialise>
    11a2:	88 e0       	ldi	r24, 0x08	; 8
    11a4:	91 e2       	ldi	r25, 0x21	; 33
    11a6:	0e 94 fc 03 	call	0x7f8	; 0x7f8 <vListInitialise>
    11aa:	8b ef       	ldi	r24, 0xFB	; 251
    11ac:	90 e2       	ldi	r25, 0x20	; 32
    11ae:	0e 94 fc 03 	call	0x7f8	; 0x7f8 <vListInitialise>
    11b2:	82 ef       	ldi	r24, 0xF2	; 242
    11b4:	90 e2       	ldi	r25, 0x20	; 32
    11b6:	0e 94 fc 03 	call	0x7f8	; 0x7f8 <vListInitialise>
    11ba:	88 ee       	ldi	r24, 0xE8	; 232
    11bc:	90 e2       	ldi	r25, 0x20	; 32
    11be:	0e 94 fc 03 	call	0x7f8	; 0x7f8 <vListInitialise>
    11c2:	81 e1       	ldi	r24, 0x11	; 17
    11c4:	91 e2       	ldi	r25, 0x21	; 33
    11c6:	80 93 06 21 	sts	0x2106, r24	; 0x802106 <pxDelayedTaskList>
    11ca:	90 93 07 21 	sts	0x2107, r25	; 0x802107 <pxDelayedTaskList+0x1>
    11ce:	88 e0       	ldi	r24, 0x08	; 8
    11d0:	91 e2       	ldi	r25, 0x21	; 33
    11d2:	80 93 04 21 	sts	0x2104, r24	; 0x802104 <pxOverflowDelayedTaskList>
    11d6:	90 93 05 21 	sts	0x2105, r25	; 0x802105 <pxOverflowDelayedTaskList+0x1>
    11da:	f6 01       	movw	r30, r12
    11dc:	86 89       	ldd	r24, Z+22	; 0x16
    11de:	7c cf       	rjmp	.-264    	; 0x10d8 <xTaskCreate+0x164>

000011e0 <vTaskStartScheduler>:
    11e0:	ef 92       	push	r14
    11e2:	ff 92       	push	r15
    11e4:	0f 93       	push	r16
    11e6:	8b ed       	ldi	r24, 0xDB	; 219
    11e8:	e8 2e       	mov	r14, r24
    11ea:	80 e2       	ldi	r24, 0x20	; 32
    11ec:	f8 2e       	mov	r15, r24
    11ee:	00 e0       	ldi	r16, 0x00	; 0
    11f0:	20 e0       	ldi	r18, 0x00	; 0
    11f2:	30 e0       	ldi	r19, 0x00	; 0
    11f4:	40 e0       	ldi	r20, 0x00	; 0
    11f6:	51 e0       	ldi	r21, 0x01	; 1
    11f8:	6a e2       	ldi	r22, 0x2A	; 42
    11fa:	70 e2       	ldi	r23, 0x20	; 32
    11fc:	8d e5       	ldi	r24, 0x5D	; 93
    11fe:	96 e0       	ldi	r25, 0x06	; 6
    1200:	0e 94 ba 07 	call	0xf74	; 0xf74 <xTaskCreate>
    1204:	81 30       	cpi	r24, 0x01	; 1
    1206:	79 f0       	breq	.+30     	; 0x1226 <vTaskStartScheduler+0x46>
    1208:	8f 3f       	cpi	r24, 0xFF	; 255
    120a:	21 f0       	breq	.+8      	; 0x1214 <vTaskStartScheduler+0x34>
    120c:	0f 91       	pop	r16
    120e:	ff 90       	pop	r15
    1210:	ef 90       	pop	r14
    1212:	08 95       	ret
    1214:	67 e0       	ldi	r22, 0x07	; 7
    1216:	78 e0       	ldi	r23, 0x08	; 8
    1218:	86 e1       	ldi	r24, 0x16	; 22
    121a:	90 e2       	ldi	r25, 0x20	; 32
    121c:	0f 91       	pop	r16
    121e:	ff 90       	pop	r15
    1220:	ef 90       	pop	r14
    1222:	0c 94 0f 0b 	jmp	0x161e	; 0x161e <vAssertCalled>
    1226:	f8 94       	cli
    1228:	2f ef       	ldi	r18, 0xFF	; 255
    122a:	3f ef       	ldi	r19, 0xFF	; 255
    122c:	20 93 dd 20 	sts	0x20DD, r18	; 0x8020dd <xNextTaskUnblockTime>
    1230:	30 93 de 20 	sts	0x20DE, r19	; 0x8020de <xNextTaskUnblockTime+0x1>
    1234:	80 93 e3 20 	sts	0x20E3, r24	; 0x8020e3 <xSchedulerRunning>
    1238:	10 92 e5 20 	sts	0x20E5, r1	; 0x8020e5 <xTickCount>
    123c:	10 92 e6 20 	sts	0x20E6, r1	; 0x8020e6 <xTickCount+0x1>
    1240:	0e 94 fd 05 	call	0xbfa	; 0xbfa <vConfigureTimerForRunTimeStats>
    1244:	0f 91       	pop	r16
    1246:	ff 90       	pop	r15
    1248:	ef 90       	pop	r14
    124a:	0c 94 f4 04 	jmp	0x9e8	; 0x9e8 <xPortStartScheduler>

0000124e <vTaskSuspendAll>:
    124e:	80 91 da 20 	lds	r24, 0x20DA	; 0x8020da <uxSchedulerSuspended>
    1252:	8f 5f       	subi	r24, 0xFF	; 255
    1254:	80 93 da 20 	sts	0x20DA, r24	; 0x8020da <uxSchedulerSuspended>
    1258:	08 95       	ret

0000125a <xTaskIncrementTick>:
    125a:	df 92       	push	r13
    125c:	ef 92       	push	r14
    125e:	ff 92       	push	r15
    1260:	0f 93       	push	r16
    1262:	1f 93       	push	r17
    1264:	cf 93       	push	r28
    1266:	df 93       	push	r29
    1268:	80 91 da 20 	lds	r24, 0x20DA	; 0x8020da <uxSchedulerSuspended>
    126c:	81 11       	cpse	r24, r1
    126e:	b9 c0       	rjmp	.+370    	; 0x13e2 <xTaskIncrementTick+0x188>
    1270:	e0 90 e5 20 	lds	r14, 0x20E5	; 0x8020e5 <xTickCount>
    1274:	f0 90 e6 20 	lds	r15, 0x20E6	; 0x8020e6 <xTickCount+0x1>
    1278:	8f ef       	ldi	r24, 0xFF	; 255
    127a:	e8 1a       	sub	r14, r24
    127c:	f8 0a       	sbc	r15, r24
    127e:	e0 92 e5 20 	sts	0x20E5, r14	; 0x8020e5 <xTickCount>
    1282:	f0 92 e6 20 	sts	0x20E6, r15	; 0x8020e6 <xTickCount+0x1>
    1286:	e1 14       	cp	r14, r1
    1288:	f1 04       	cpc	r15, r1
    128a:	49 f5       	brne	.+82     	; 0x12de <xTaskIncrementTick+0x84>
    128c:	e0 91 06 21 	lds	r30, 0x2106	; 0x802106 <pxDelayedTaskList>
    1290:	f0 91 07 21 	lds	r31, 0x2107	; 0x802107 <pxDelayedTaskList+0x1>
    1294:	80 81       	ld	r24, Z
    1296:	81 11       	cpse	r24, r1
    1298:	ab c0       	rjmp	.+342    	; 0x13f0 <xTaskIncrementTick+0x196>
    129a:	80 91 06 21 	lds	r24, 0x2106	; 0x802106 <pxDelayedTaskList>
    129e:	90 91 07 21 	lds	r25, 0x2107	; 0x802107 <pxDelayedTaskList+0x1>
    12a2:	20 91 04 21 	lds	r18, 0x2104	; 0x802104 <pxOverflowDelayedTaskList>
    12a6:	30 91 05 21 	lds	r19, 0x2105	; 0x802105 <pxOverflowDelayedTaskList+0x1>
    12aa:	20 93 06 21 	sts	0x2106, r18	; 0x802106 <pxDelayedTaskList>
    12ae:	30 93 07 21 	sts	0x2107, r19	; 0x802107 <pxDelayedTaskList+0x1>
    12b2:	80 93 04 21 	sts	0x2104, r24	; 0x802104 <pxOverflowDelayedTaskList>
    12b6:	90 93 05 21 	sts	0x2105, r25	; 0x802105 <pxOverflowDelayedTaskList+0x1>
    12ba:	80 91 e0 20 	lds	r24, 0x20E0	; 0x8020e0 <xNumOfOverflows>
    12be:	8f 5f       	subi	r24, 0xFF	; 255
    12c0:	80 93 e0 20 	sts	0x20E0, r24	; 0x8020e0 <xNumOfOverflows>
    12c4:	e0 91 06 21 	lds	r30, 0x2106	; 0x802106 <pxDelayedTaskList>
    12c8:	f0 91 07 21 	lds	r31, 0x2107	; 0x802107 <pxDelayedTaskList+0x1>
    12cc:	80 81       	ld	r24, Z
    12ce:	81 11       	cpse	r24, r1
    12d0:	96 c0       	rjmp	.+300    	; 0x13fe <xTaskIncrementTick+0x1a4>
    12d2:	8f ef       	ldi	r24, 0xFF	; 255
    12d4:	9f ef       	ldi	r25, 0xFF	; 255
    12d6:	80 93 dd 20 	sts	0x20DD, r24	; 0x8020dd <xNextTaskUnblockTime>
    12da:	90 93 de 20 	sts	0x20DE, r25	; 0x8020de <xNextTaskUnblockTime+0x1>
    12de:	80 91 dd 20 	lds	r24, 0x20DD	; 0x8020dd <xNextTaskUnblockTime>
    12e2:	90 91 de 20 	lds	r25, 0x20DE	; 0x8020de <xNextTaskUnblockTime+0x1>
    12e6:	d1 2c       	mov	r13, r1
    12e8:	e8 16       	cp	r14, r24
    12ea:	f9 06       	cpc	r15, r25
    12ec:	08 f4       	brcc	.+2      	; 0x12f0 <xTaskIncrementTick+0x96>
    12ee:	53 c0       	rjmp	.+166    	; 0x1396 <xTaskIncrementTick+0x13c>
    12f0:	e0 91 06 21 	lds	r30, 0x2106	; 0x802106 <pxDelayedTaskList>
    12f4:	f0 91 07 21 	lds	r31, 0x2107	; 0x802107 <pxDelayedTaskList+0x1>
    12f8:	80 81       	ld	r24, Z
    12fa:	88 23       	and	r24, r24
    12fc:	09 f4       	brne	.+2      	; 0x1300 <xTaskIncrementTick+0xa6>
    12fe:	45 c0       	rjmp	.+138    	; 0x138a <xTaskIncrementTick+0x130>
    1300:	e0 91 06 21 	lds	r30, 0x2106	; 0x802106 <pxDelayedTaskList>
    1304:	f0 91 07 21 	lds	r31, 0x2107	; 0x802107 <pxDelayedTaskList+0x1>
    1308:	05 80       	ldd	r0, Z+5	; 0x05
    130a:	f6 81       	ldd	r31, Z+6	; 0x06
    130c:	e0 2d       	mov	r30, r0
    130e:	c6 81       	ldd	r28, Z+6	; 0x06
    1310:	d7 81       	ldd	r29, Z+7	; 0x07
    1312:	8a 81       	ldd	r24, Y+2	; 0x02
    1314:	9b 81       	ldd	r25, Y+3	; 0x03
    1316:	e8 16       	cp	r14, r24
    1318:	f9 06       	cpc	r15, r25
    131a:	08 f4       	brcc	.+2      	; 0x131e <xTaskIncrementTick+0xc4>
    131c:	73 c0       	rjmp	.+230    	; 0x1404 <xTaskIncrementTick+0x1aa>
    131e:	8e 01       	movw	r16, r28
    1320:	0e 5f       	subi	r16, 0xFE	; 254
    1322:	1f 4f       	sbci	r17, 0xFF	; 255
    1324:	c8 01       	movw	r24, r16
    1326:	0e 94 60 04 	call	0x8c0	; 0x8c0 <uxListRemove>
    132a:	8c 89       	ldd	r24, Y+20	; 0x14
    132c:	9d 89       	ldd	r25, Y+21	; 0x15
    132e:	89 2b       	or	r24, r25
    1330:	21 f0       	breq	.+8      	; 0x133a <xTaskIncrementTick+0xe0>
    1332:	ce 01       	movw	r24, r28
    1334:	0c 96       	adiw	r24, 0x0c	; 12
    1336:	0e 94 60 04 	call	0x8c0	; 0x8c0 <uxListRemove>
    133a:	8e 89       	ldd	r24, Y+22	; 0x16
    133c:	90 91 e4 20 	lds	r25, 0x20E4	; 0x8020e4 <uxTopReadyPriority>
    1340:	98 17       	cp	r25, r24
    1342:	10 f4       	brcc	.+4      	; 0x1348 <xTaskIncrementTick+0xee>
    1344:	80 93 e4 20 	sts	0x20E4, r24	; 0x8020e4 <uxTopReadyPriority>
    1348:	90 e0       	ldi	r25, 0x00	; 0
    134a:	9c 01       	movw	r18, r24
    134c:	22 0f       	add	r18, r18
    134e:	33 1f       	adc	r19, r19
    1350:	22 0f       	add	r18, r18
    1352:	33 1f       	adc	r19, r19
    1354:	22 0f       	add	r18, r18
    1356:	33 1f       	adc	r19, r19
    1358:	82 0f       	add	r24, r18
    135a:	93 1f       	adc	r25, r19
    135c:	b8 01       	movw	r22, r16
    135e:	86 5e       	subi	r24, 0xE6	; 230
    1360:	9e 4d       	sbci	r25, 0xDE	; 222
    1362:	0e 94 0e 04 	call	0x81c	; 0x81c <vListInsertEnd>
    1366:	e0 91 74 21 	lds	r30, 0x2174	; 0x802174 <pxCurrentTCB>
    136a:	f0 91 75 21 	lds	r31, 0x2175	; 0x802175 <pxCurrentTCB+0x1>
    136e:	9e 89       	ldd	r25, Y+22	; 0x16
    1370:	86 89       	ldd	r24, Z+22	; 0x16
    1372:	98 17       	cp	r25, r24
    1374:	08 f4       	brcc	.+2      	; 0x1378 <xTaskIncrementTick+0x11e>
    1376:	bc cf       	rjmp	.-136    	; 0x12f0 <xTaskIncrementTick+0x96>
    1378:	dd 24       	eor	r13, r13
    137a:	d3 94       	inc	r13
    137c:	e0 91 06 21 	lds	r30, 0x2106	; 0x802106 <pxDelayedTaskList>
    1380:	f0 91 07 21 	lds	r31, 0x2107	; 0x802107 <pxDelayedTaskList+0x1>
    1384:	80 81       	ld	r24, Z
    1386:	81 11       	cpse	r24, r1
    1388:	bb cf       	rjmp	.-138    	; 0x1300 <xTaskIncrementTick+0xa6>
    138a:	8f ef       	ldi	r24, 0xFF	; 255
    138c:	9f ef       	ldi	r25, 0xFF	; 255
    138e:	80 93 dd 20 	sts	0x20DD, r24	; 0x8020dd <xNextTaskUnblockTime>
    1392:	90 93 de 20 	sts	0x20DE, r25	; 0x8020de <xNextTaskUnblockTime+0x1>
    1396:	e0 91 74 21 	lds	r30, 0x2174	; 0x802174 <pxCurrentTCB>
    139a:	f0 91 75 21 	lds	r31, 0x2175	; 0x802175 <pxCurrentTCB+0x1>
    139e:	86 89       	ldd	r24, Z+22	; 0x16
    13a0:	90 e0       	ldi	r25, 0x00	; 0
    13a2:	fc 01       	movw	r30, r24
    13a4:	ee 0f       	add	r30, r30
    13a6:	ff 1f       	adc	r31, r31
    13a8:	ee 0f       	add	r30, r30
    13aa:	ff 1f       	adc	r31, r31
    13ac:	ee 0f       	add	r30, r30
    13ae:	ff 1f       	adc	r31, r31
    13b0:	8e 0f       	add	r24, r30
    13b2:	9f 1f       	adc	r25, r31
    13b4:	fc 01       	movw	r30, r24
    13b6:	e6 5e       	subi	r30, 0xE6	; 230
    13b8:	fe 4d       	sbci	r31, 0xDE	; 222
    13ba:	80 81       	ld	r24, Z
    13bc:	82 30       	cpi	r24, 0x02	; 2
    13be:	10 f0       	brcs	.+4      	; 0x13c4 <xTaskIncrementTick+0x16a>
    13c0:	dd 24       	eor	r13, r13
    13c2:	d3 94       	inc	r13
    13c4:	80 91 e1 20 	lds	r24, 0x20E1	; 0x8020e1 <xYieldPending>
    13c8:	88 23       	and	r24, r24
    13ca:	11 f0       	breq	.+4      	; 0x13d0 <xTaskIncrementTick+0x176>
    13cc:	dd 24       	eor	r13, r13
    13ce:	d3 94       	inc	r13
    13d0:	8d 2d       	mov	r24, r13
    13d2:	df 91       	pop	r29
    13d4:	cf 91       	pop	r28
    13d6:	1f 91       	pop	r17
    13d8:	0f 91       	pop	r16
    13da:	ff 90       	pop	r15
    13dc:	ef 90       	pop	r14
    13de:	df 90       	pop	r13
    13e0:	08 95       	ret
    13e2:	80 91 e2 20 	lds	r24, 0x20E2	; 0x8020e2 <uxPendedTicks>
    13e6:	8f 5f       	subi	r24, 0xFF	; 255
    13e8:	80 93 e2 20 	sts	0x20E2, r24	; 0x8020e2 <uxPendedTicks>
    13ec:	d1 2c       	mov	r13, r1
    13ee:	ea cf       	rjmp	.-44     	; 0x13c4 <xTaskIncrementTick+0x16a>
    13f0:	66 e6       	ldi	r22, 0x66	; 102
    13f2:	7a e0       	ldi	r23, 0x0A	; 10
    13f4:	86 e1       	ldi	r24, 0x16	; 22
    13f6:	90 e2       	ldi	r25, 0x20	; 32
    13f8:	0e 94 0f 0b 	call	0x161e	; 0x161e <vAssertCalled>
    13fc:	4e cf       	rjmp	.-356    	; 0x129a <xTaskIncrementTick+0x40>
    13fe:	0e 94 8b 06 	call	0xd16	; 0xd16 <prvResetNextTaskUnblockTime.part.0>
    1402:	6d cf       	rjmp	.-294    	; 0x12de <xTaskIncrementTick+0x84>
    1404:	80 93 dd 20 	sts	0x20DD, r24	; 0x8020dd <xNextTaskUnblockTime>
    1408:	90 93 de 20 	sts	0x20DE, r25	; 0x8020de <xNextTaskUnblockTime+0x1>
    140c:	c4 cf       	rjmp	.-120    	; 0x1396 <xTaskIncrementTick+0x13c>

0000140e <xTaskResumeAll>:
    140e:	ff 92       	push	r15
    1410:	0f 93       	push	r16
    1412:	1f 93       	push	r17
    1414:	cf 93       	push	r28
    1416:	df 93       	push	r29
    1418:	80 91 da 20 	lds	r24, 0x20DA	; 0x8020da <uxSchedulerSuspended>
    141c:	88 23       	and	r24, r24
    141e:	09 f4       	brne	.+2      	; 0x1422 <xTaskResumeAll+0x14>
    1420:	77 c0       	rjmp	.+238    	; 0x1510 <xTaskResumeAll+0x102>
    1422:	0f b6       	in	r0, 0x3f	; 63
    1424:	f8 94       	cli
    1426:	0f 92       	push	r0
    1428:	80 91 da 20 	lds	r24, 0x20DA	; 0x8020da <uxSchedulerSuspended>
    142c:	81 50       	subi	r24, 0x01	; 1
    142e:	80 93 da 20 	sts	0x20DA, r24	; 0x8020da <uxSchedulerSuspended>
    1432:	80 91 da 20 	lds	r24, 0x20DA	; 0x8020da <uxSchedulerSuspended>
    1436:	81 11       	cpse	r24, r1
    1438:	62 c0       	rjmp	.+196    	; 0x14fe <xTaskResumeAll+0xf0>
    143a:	80 91 e7 20 	lds	r24, 0x20E7	; 0x8020e7 <uxCurrentNumberOfTasks>
    143e:	88 23       	and	r24, r24
    1440:	09 f4       	brne	.+2      	; 0x1444 <xTaskResumeAll+0x36>
    1442:	5d c0       	rjmp	.+186    	; 0x14fe <xTaskResumeAll+0xf0>
    1444:	c0 e0       	ldi	r28, 0x00	; 0
    1446:	d0 e0       	ldi	r29, 0x00	; 0
    1448:	ff 24       	eor	r15, r15
    144a:	f3 94       	inc	r15
    144c:	80 91 fb 20 	lds	r24, 0x20FB	; 0x8020fb <xPendingReadyList>
    1450:	88 23       	and	r24, r24
    1452:	a1 f1       	breq	.+104    	; 0x14bc <xTaskResumeAll+0xae>
    1454:	e0 91 00 21 	lds	r30, 0x2100	; 0x802100 <xPendingReadyList+0x5>
    1458:	f0 91 01 21 	lds	r31, 0x2101	; 0x802101 <xPendingReadyList+0x6>
    145c:	c6 81       	ldd	r28, Z+6	; 0x06
    145e:	d7 81       	ldd	r29, Z+7	; 0x07
    1460:	ce 01       	movw	r24, r28
    1462:	0c 96       	adiw	r24, 0x0c	; 12
    1464:	0e 94 60 04 	call	0x8c0	; 0x8c0 <uxListRemove>
    1468:	8e 01       	movw	r16, r28
    146a:	0e 5f       	subi	r16, 0xFE	; 254
    146c:	1f 4f       	sbci	r17, 0xFF	; 255
    146e:	c8 01       	movw	r24, r16
    1470:	0e 94 60 04 	call	0x8c0	; 0x8c0 <uxListRemove>
    1474:	8e 89       	ldd	r24, Y+22	; 0x16
    1476:	90 91 e4 20 	lds	r25, 0x20E4	; 0x8020e4 <uxTopReadyPriority>
    147a:	98 17       	cp	r25, r24
    147c:	10 f4       	brcc	.+4      	; 0x1482 <xTaskResumeAll+0x74>
    147e:	80 93 e4 20 	sts	0x20E4, r24	; 0x8020e4 <uxTopReadyPriority>
    1482:	90 e0       	ldi	r25, 0x00	; 0
    1484:	9c 01       	movw	r18, r24
    1486:	22 0f       	add	r18, r18
    1488:	33 1f       	adc	r19, r19
    148a:	22 0f       	add	r18, r18
    148c:	33 1f       	adc	r19, r19
    148e:	22 0f       	add	r18, r18
    1490:	33 1f       	adc	r19, r19
    1492:	82 0f       	add	r24, r18
    1494:	93 1f       	adc	r25, r19
    1496:	b8 01       	movw	r22, r16
    1498:	86 5e       	subi	r24, 0xE6	; 230
    149a:	9e 4d       	sbci	r25, 0xDE	; 222
    149c:	0e 94 0e 04 	call	0x81c	; 0x81c <vListInsertEnd>
    14a0:	e0 91 74 21 	lds	r30, 0x2174	; 0x802174 <pxCurrentTCB>
    14a4:	f0 91 75 21 	lds	r31, 0x2175	; 0x802175 <pxCurrentTCB+0x1>
    14a8:	9e 89       	ldd	r25, Y+22	; 0x16
    14aa:	86 89       	ldd	r24, Z+22	; 0x16
    14ac:	98 17       	cp	r25, r24
    14ae:	70 f2       	brcs	.-100    	; 0x144c <xTaskResumeAll+0x3e>
    14b0:	f0 92 e1 20 	sts	0x20E1, r15	; 0x8020e1 <xYieldPending>
    14b4:	80 91 fb 20 	lds	r24, 0x20FB	; 0x8020fb <xPendingReadyList>
    14b8:	81 11       	cpse	r24, r1
    14ba:	cc cf       	rjmp	.-104    	; 0x1454 <xTaskResumeAll+0x46>
    14bc:	cd 2b       	or	r28, r29
    14be:	69 f0       	breq	.+26     	; 0x14da <xTaskResumeAll+0xcc>
    14c0:	e0 91 06 21 	lds	r30, 0x2106	; 0x802106 <pxDelayedTaskList>
    14c4:	f0 91 07 21 	lds	r31, 0x2107	; 0x802107 <pxDelayedTaskList+0x1>
    14c8:	80 81       	ld	r24, Z
    14ca:	81 11       	cpse	r24, r1
    14cc:	2c c0       	rjmp	.+88     	; 0x1526 <xTaskResumeAll+0x118>
    14ce:	8f ef       	ldi	r24, 0xFF	; 255
    14d0:	9f ef       	ldi	r25, 0xFF	; 255
    14d2:	80 93 dd 20 	sts	0x20DD, r24	; 0x8020dd <xNextTaskUnblockTime>
    14d6:	90 93 de 20 	sts	0x20DE, r25	; 0x8020de <xNextTaskUnblockTime+0x1>
    14da:	c0 91 e2 20 	lds	r28, 0x20E2	; 0x8020e2 <uxPendedTicks>
    14de:	cc 23       	and	r28, r28
    14e0:	51 f0       	breq	.+20     	; 0x14f6 <xTaskResumeAll+0xe8>
    14e2:	d1 e0       	ldi	r29, 0x01	; 1
    14e4:	0e 94 2d 09 	call	0x125a	; 0x125a <xTaskIncrementTick>
    14e8:	81 11       	cpse	r24, r1
    14ea:	d0 93 e1 20 	sts	0x20E1, r29	; 0x8020e1 <xYieldPending>
    14ee:	c1 50       	subi	r28, 0x01	; 1
    14f0:	c9 f7       	brne	.-14     	; 0x14e4 <xTaskResumeAll+0xd6>
    14f2:	10 92 e2 20 	sts	0x20E2, r1	; 0x8020e2 <uxPendedTicks>
    14f6:	80 91 e1 20 	lds	r24, 0x20E1	; 0x8020e1 <xYieldPending>
    14fa:	81 11       	cpse	r24, r1
    14fc:	10 c0       	rjmp	.+32     	; 0x151e <xTaskResumeAll+0x110>
    14fe:	80 e0       	ldi	r24, 0x00	; 0
    1500:	0f 90       	pop	r0
    1502:	0f be       	out	0x3f, r0	; 63
    1504:	df 91       	pop	r29
    1506:	cf 91       	pop	r28
    1508:	1f 91       	pop	r17
    150a:	0f 91       	pop	r16
    150c:	ff 90       	pop	r15
    150e:	08 95       	ret
    1510:	6c e6       	ldi	r22, 0x6C	; 108
    1512:	78 e0       	ldi	r23, 0x08	; 8
    1514:	86 e1       	ldi	r24, 0x16	; 22
    1516:	90 e2       	ldi	r25, 0x20	; 32
    1518:	0e 94 0f 0b 	call	0x161e	; 0x161e <vAssertCalled>
    151c:	82 cf       	rjmp	.-252    	; 0x1422 <xTaskResumeAll+0x14>
    151e:	0e 94 31 05 	call	0xa62	; 0xa62 <vPortYield>
    1522:	81 e0       	ldi	r24, 0x01	; 1
    1524:	ed cf       	rjmp	.-38     	; 0x1500 <xTaskResumeAll+0xf2>
    1526:	0e 94 8b 06 	call	0xd16	; 0xd16 <prvResetNextTaskUnblockTime.part.0>
    152a:	d7 cf       	rjmp	.-82     	; 0x14da <xTaskResumeAll+0xcc>

0000152c <vTaskDelay>:
    152c:	cf 93       	push	r28
    152e:	df 93       	push	r29
    1530:	ec 01       	movw	r28, r24
    1532:	89 2b       	or	r24, r25
    1534:	29 f4       	brne	.+10     	; 0x1540 <vTaskDelay+0x14>
    1536:	0e 94 31 05 	call	0xa62	; 0xa62 <vPortYield>
    153a:	df 91       	pop	r29
    153c:	cf 91       	pop	r28
    153e:	08 95       	ret
    1540:	80 91 da 20 	lds	r24, 0x20DA	; 0x8020da <uxSchedulerSuspended>
    1544:	81 11       	cpse	r24, r1
    1546:	10 c0       	rjmp	.+32     	; 0x1568 <vTaskDelay+0x3c>
    1548:	80 91 da 20 	lds	r24, 0x20DA	; 0x8020da <uxSchedulerSuspended>
    154c:	8f 5f       	subi	r24, 0xFF	; 255
    154e:	80 93 da 20 	sts	0x20DA, r24	; 0x8020da <uxSchedulerSuspended>
    1552:	60 e0       	ldi	r22, 0x00	; 0
    1554:	ce 01       	movw	r24, r28
    1556:	0e 94 9c 06 	call	0xd38	; 0xd38 <prvAddCurrentTaskToDelayedList>
    155a:	0e 94 07 0a 	call	0x140e	; 0x140e <xTaskResumeAll>
    155e:	88 23       	and	r24, r24
    1560:	51 f3       	breq	.-44     	; 0x1536 <vTaskDelay+0xa>
    1562:	df 91       	pop	r29
    1564:	cf 91       	pop	r28
    1566:	08 95       	ret
    1568:	60 e2       	ldi	r22, 0x20	; 32
    156a:	75 e0       	ldi	r23, 0x05	; 5
    156c:	86 e1       	ldi	r24, 0x16	; 22
    156e:	90 e2       	ldi	r25, 0x20	; 32
    1570:	0e 94 0f 0b 	call	0x161e	; 0x161e <vAssertCalled>
    1574:	e9 cf       	rjmp	.-46     	; 0x1548 <vTaskDelay+0x1c>

00001576 <vTaskSwitchContext>:
#endif /* configUSE_APPLICATION_TASK_TAG */
/*-----------------------------------------------------------*/

void vTaskSwitchContext( void )
{
	if( uxSchedulerSuspended != ( UBaseType_t ) pdFALSE )
    1576:	80 91 da 20 	lds	r24, 0x20DA	; 0x8020da <uxSchedulerSuspended>
    157a:	81 11       	cpse	r24, r1
    157c:	02 c0       	rjmp	.+4      	; 0x1582 <vTaskSwitchContext+0xc>
    157e:	0c 94 f8 06 	jmp	0xdf0	; 0xdf0 <vTaskSwitchContext.part.5>
	{
		/* The scheduler is currently suspended - do not allow a context
		switch. */
		xYieldPending = pdTRUE;
    1582:	81 e0       	ldi	r24, 0x01	; 1
    1584:	80 93 e1 20 	sts	0x20E1, r24	; 0x8020e1 <xYieldPending>
    1588:	08 95       	ret

0000158a <vApplicationIdleHook>:
#define SET_ERR_LED() PORTA.OUTSET=1<<7
#define CLR_ERR_LED() PORTA.OUTCLR=1<<7


void vApplicationIdleHook( void )
{
    158a:	08 95       	ret

0000158c <vApplicationMallocFailedHook>:
	
}

void vApplicationMallocFailedHook(void)
{
	taskDISABLE_INTERRUPTS();
    158c:	f8 94       	cli
	DbgPrint ("ERROR: memory allocation failed\r\n");
    158e:	89 e5       	ldi	r24, 0x59	; 89
    1590:	90 e2       	ldi	r25, 0x20	; 32
    1592:	0e 94 aa 01 	call	0x354	; 0x354 <DbgPrint>
	CFG_ERR_LED();
    1596:	80 e8       	ldi	r24, 0x80	; 128
    1598:	80 93 01 06 	sts	0x0601, r24	; 0x800601 <__TEXT_REGION_LENGTH__+0x700601>
	while (1)
	{
		SET_ERR_LED();
    159c:	80 93 05 06 	sts	0x0605, r24	; 0x800605 <__TEXT_REGION_LENGTH__+0x700605>
	#else
		//round up by default
		__ticks_dc = (uint32_t)(ceil(fabs(__tmp)));
	#endif

	__builtin_avr_delay_cycles(__ticks_dc);
    15a0:	2f ef       	ldi	r18, 0xFF	; 255
    15a2:	33 ec       	ldi	r19, 0xC3	; 195
    15a4:	99 e0       	ldi	r25, 0x09	; 9
    15a6:	21 50       	subi	r18, 0x01	; 1
    15a8:	30 40       	sbci	r19, 0x00	; 0
    15aa:	90 40       	sbci	r25, 0x00	; 0
    15ac:	e1 f7       	brne	.-8      	; 0x15a6 <vApplicationMallocFailedHook+0x1a>
    15ae:	00 c0       	rjmp	.+0      	; 0x15b0 <vApplicationMallocFailedHook+0x24>
    15b0:	00 00       	nop
		_delay_ms(100);
		CLR_ERR_LED();
    15b2:	80 93 06 06 	sts	0x0606, r24	; 0x800606 <__TEXT_REGION_LENGTH__+0x700606>
    15b6:	2f ef       	ldi	r18, 0xFF	; 255
    15b8:	33 ec       	ldi	r19, 0xC3	; 195
    15ba:	99 e0       	ldi	r25, 0x09	; 9
    15bc:	21 50       	subi	r18, 0x01	; 1
    15be:	30 40       	sbci	r19, 0x00	; 0
    15c0:	90 40       	sbci	r25, 0x00	; 0
    15c2:	e1 f7       	brne	.-8      	; 0x15bc <vApplicationMallocFailedHook+0x30>
    15c4:	00 c0       	rjmp	.+0      	; 0x15c6 <vApplicationMallocFailedHook+0x3a>
    15c6:	00 00       	nop
    15c8:	e9 cf       	rjmp	.-46     	; 0x159c <vApplicationMallocFailedHook+0x10>

000015ca <vApplicationStackOverflowHook>:
}



void vApplicationStackOverflowHook( TaskHandle_t xTask,signed char *pcTaskName )
{
    15ca:	eb 01       	movw	r28, r22
	taskDISABLE_INTERRUPTS();
    15cc:	f8 94       	cli
	CFG_ERR_LED();
    15ce:	80 e8       	ldi	r24, 0x80	; 128
    15d0:	80 93 01 06 	sts	0x0601, r24	; 0x800601 <__TEXT_REGION_LENGTH__+0x700601>
	DbgPrint("STACK overflow in task ");
    15d4:	8b e7       	ldi	r24, 0x7B	; 123
    15d6:	90 e2       	ldi	r25, 0x20	; 32
    15d8:	0e 94 aa 01 	call	0x354	; 0x354 <DbgPrint>
	DbgPrintn(pcTaskName,10);
    15dc:	6a e0       	ldi	r22, 0x0A	; 10
    15de:	70 e0       	ldi	r23, 0x00	; 0
    15e0:	ce 01       	movw	r24, r28
    15e2:	0e 94 c9 01 	call	0x392	; 0x392 <DbgPrintn>
	DbgPrint("\r\n");
    15e6:	86 e5       	ldi	r24, 0x56	; 86
    15e8:	90 e2       	ldi	r25, 0x20	; 32
    15ea:	0e 94 aa 01 	call	0x354	; 0x354 <DbgPrint>
	while (1)
	{
		SET_ERR_LED();
    15ee:	80 e8       	ldi	r24, 0x80	; 128
    15f0:	80 93 05 06 	sts	0x0605, r24	; 0x800605 <__TEXT_REGION_LENGTH__+0x700605>
    15f4:	2f ef       	ldi	r18, 0xFF	; 255
    15f6:	33 ed       	ldi	r19, 0xD3	; 211
    15f8:	90 e3       	ldi	r25, 0x30	; 48
    15fa:	21 50       	subi	r18, 0x01	; 1
    15fc:	30 40       	sbci	r19, 0x00	; 0
    15fe:	90 40       	sbci	r25, 0x00	; 0
    1600:	e1 f7       	brne	.-8      	; 0x15fa <vApplicationStackOverflowHook+0x30>
    1602:	00 c0       	rjmp	.+0      	; 0x1604 <vApplicationStackOverflowHook+0x3a>
    1604:	00 00       	nop
		_delay_ms(500);
		CLR_ERR_LED();
    1606:	80 93 06 06 	sts	0x0606, r24	; 0x800606 <__TEXT_REGION_LENGTH__+0x700606>
    160a:	2f ef       	ldi	r18, 0xFF	; 255
    160c:	33 ed       	ldi	r19, 0xD3	; 211
    160e:	90 e3       	ldi	r25, 0x30	; 48
    1610:	21 50       	subi	r18, 0x01	; 1
    1612:	30 40       	sbci	r19, 0x00	; 0
    1614:	90 40       	sbci	r25, 0x00	; 0
    1616:	e1 f7       	brne	.-8      	; 0x1610 <vApplicationStackOverflowHook+0x46>
    1618:	00 c0       	rjmp	.+0      	; 0x161a <vApplicationStackOverflowHook+0x50>
    161a:	00 00       	nop
    161c:	e9 cf       	rjmp	.-46     	; 0x15f0 <vApplicationStackOverflowHook+0x26>

0000161e <vAssertCalled>:
		_delay_ms(500);
	}
}

void vAssertCalled( char *File, int Line)
{
    161e:	8c 01       	movw	r16, r24
    1620:	eb 01       	movw	r28, r22
	taskDISABLE_INTERRUPTS();	
    1622:	f8 94       	cli
	CFG_ERR_LED();
    1624:	80 e8       	ldi	r24, 0x80	; 128
    1626:	80 93 01 06 	sts	0x0601, r24	; 0x800601 <__TEXT_REGION_LENGTH__+0x700601>
	DbgPrint("Assert in file ");
    162a:	83 e9       	ldi	r24, 0x93	; 147
    162c:	90 e2       	ldi	r25, 0x20	; 32
    162e:	0e 94 aa 01 	call	0x354	; 0x354 <DbgPrint>
	DbgPrintn(File,100);
    1632:	64 e6       	ldi	r22, 0x64	; 100
    1634:	70 e0       	ldi	r23, 0x00	; 0
    1636:	c8 01       	movw	r24, r16
    1638:	0e 94 c9 01 	call	0x392	; 0x392 <DbgPrintn>
	DbgPrint(", line nr ");
    163c:	83 ea       	ldi	r24, 0xA3	; 163
    163e:	90 e2       	ldi	r25, 0x20	; 32
    1640:	0e 94 aa 01 	call	0x354	; 0x354 <DbgPrint>
	DbgPrintInt(Line);
    1644:	ce 01       	movw	r24, r28
    1646:	0e 94 ee 01 	call	0x3dc	; 0x3dc <DbgPrintInt>
	DbgPrint("\r\n");
    164a:	86 e5       	ldi	r24, 0x56	; 86
    164c:	90 e2       	ldi	r25, 0x20	; 32
    164e:	0e 94 aa 01 	call	0x354	; 0x354 <DbgPrint>

	while (1)
	{
		SET_ERR_LED();
    1652:	80 e8       	ldi	r24, 0x80	; 128
    1654:	80 93 05 06 	sts	0x0605, r24	; 0x800605 <__TEXT_REGION_LENGTH__+0x700605>
    1658:	2f ef       	ldi	r18, 0xFF	; 255
    165a:	33 ec       	ldi	r19, 0xC3	; 195
    165c:	99 e0       	ldi	r25, 0x09	; 9
    165e:	21 50       	subi	r18, 0x01	; 1
    1660:	30 40       	sbci	r19, 0x00	; 0
    1662:	90 40       	sbci	r25, 0x00	; 0
    1664:	e1 f7       	brne	.-8      	; 0x165e <vAssertCalled+0x40>
    1666:	00 c0       	rjmp	.+0      	; 0x1668 <vAssertCalled+0x4a>
    1668:	00 00       	nop
		_delay_ms(100);
		CLR_ERR_LED();
    166a:	80 93 06 06 	sts	0x0606, r24	; 0x800606 <__TEXT_REGION_LENGTH__+0x700606>
    166e:	2f ef       	ldi	r18, 0xFF	; 255
    1670:	33 ed       	ldi	r19, 0xD3	; 211
    1672:	90 e3       	ldi	r25, 0x30	; 48
    1674:	21 50       	subi	r18, 0x01	; 1
    1676:	30 40       	sbci	r19, 0x00	; 0
    1678:	90 40       	sbci	r25, 0x00	; 0
    167a:	e1 f7       	brne	.-8      	; 0x1674 <vAssertCalled+0x56>
    167c:	00 c0       	rjmp	.+0      	; 0x167e <vAssertCalled+0x60>
    167e:	00 00       	nop
    1680:	e9 cf       	rjmp	.-46     	; 0x1654 <vAssertCalled+0x36>

00001682 <main>:
uint8_t *ucHeap;

int main(void)
{
	//Allocate FreeRTOS heap
	ucHeap=malloc(configTOTAL_HEAP_SIZE);
    1682:	80 e0       	ldi	r24, 0x00	; 0
    1684:	90 e4       	ldi	r25, 0x40	; 64
    1686:	0e 94 6b 0f 	call	0x1ed6	; 0x1ed6 <malloc>
    168a:	80 93 7a 21 	sts	0x217A, r24	; 0x80217a <ucHeap>
    168e:	90 93 7b 21 	sts	0x217B, r25	; 0x80217b <ucHeap+0x1>
	if (ucHeap==NULL) while(1);
    1692:	89 2b       	or	r24, r25
    1694:	e9 f0       	breq	.+58     	; 0x16d0 <main+0x4e>
	
	DriverSysClkXtalInit();	//Clock init
    1696:	0e 94 4c 02 	call	0x498	; 0x498 <DriverSysClkXtalInit>
	DriverUSARTInit();		//USART init and link to stdio
    169a:	0e 94 18 03 	call	0x630	; 0x630 <DriverUSARTInit>
	DriverPowerInit();		//Initialize aux power driver
    169e:	0e 94 86 0b 	call	0x170c	; 0x170c <DriverPowerInit>
	DriverPowerVccAuxSet(1);//Enable Auxillary power line
    16a2:	81 e0       	ldi	r24, 0x01	; 1
    16a4:	0e 94 8a 0b 	call	0x1714	; 0x1714 <DriverPowerVccAuxSet>

	//Enable interrupts
	PMIC.CTRL=0b111;		
    16a8:	87 e0       	ldi	r24, 0x07	; 7
    16aa:	80 93 a2 00 	sts	0x00A2, r24	; 0x8000a2 <__TEXT_REGION_LENGTH__+0x7000a2>
	sei();
    16ae:	78 94       	sei
    16b0:	2f ef       	ldi	r18, 0xFF	; 255
    16b2:	89 ef       	ldi	r24, 0xF9	; 249
    16b4:	90 e0       	ldi	r25, 0x00	; 0
    16b6:	21 50       	subi	r18, 0x01	; 1
    16b8:	80 40       	sbci	r24, 0x00	; 0
    16ba:	90 40       	sbci	r25, 0x00	; 0
    16bc:	e1 f7       	brne	.-8      	; 0x16b6 <main+0x34>
    16be:	00 c0       	rjmp	.+0      	; 0x16c0 <main+0x3e>
    16c0:	00 00       	nop

	_delay_ms(10);

	//Init tasks
	InitMemTask();
    16c2:	0e 94 72 0b 	call	0x16e4	; 0x16e4 <InitMemTask>

	vTaskStartScheduler();	//Start scheduler loop
    16c6:	0e 94 f0 08 	call	0x11e0	; 0x11e0 <vTaskStartScheduler>

	return 0;
}
    16ca:	80 e0       	ldi	r24, 0x00	; 0
    16cc:	90 e0       	ldi	r25, 0x00	; 0
    16ce:	08 95       	ret
    16d0:	ff cf       	rjmp	.-2      	; 0x16d0 <main+0x4e>

000016d2 <WorkerMemTask>:
	
	for (a=0;a<100;a++)
	{
		num[a]=a;
	}
	printf ("Complete!\r\n");
    16d2:	8e ea       	ldi	r24, 0xAE	; 174
    16d4:	90 e2       	ldi	r25, 0x20	; 32
    16d6:	0e 94 bd 11 	call	0x237a	; 0x237a <puts>
void WorkerMemTask(void *pvParameters)
{	
	while (1)
	{
		MemFunction();
		vTaskDelay(100);
    16da:	84 e6       	ldi	r24, 0x64	; 100
    16dc:	90 e0       	ldi	r25, 0x00	; 0
    16de:	0e 94 96 0a 	call	0x152c	; 0x152c <vTaskDelay>
    16e2:	f7 cf       	rjmp	.-18     	; 0x16d2 <WorkerMemTask>

000016e4 <InitMemTask>:
void WorkerMemTask(void *pvParameters);
void MemFunction();

//Function definitions
void InitMemTask()
{
    16e4:	ef 92       	push	r14
    16e6:	ff 92       	push	r15
    16e8:	0f 93       	push	r16
	xTaskCreate( WorkerMemTask, "mem", 1024, NULL, tskIDLE_PRIORITY+1, NULL );
    16ea:	e1 2c       	mov	r14, r1
    16ec:	f1 2c       	mov	r15, r1
    16ee:	01 e0       	ldi	r16, 0x01	; 1
    16f0:	20 e0       	ldi	r18, 0x00	; 0
    16f2:	30 e0       	ldi	r19, 0x00	; 0
    16f4:	40 e0       	ldi	r20, 0x00	; 0
    16f6:	54 e0       	ldi	r21, 0x04	; 4
    16f8:	69 eb       	ldi	r22, 0xB9	; 185
    16fa:	70 e2       	ldi	r23, 0x20	; 32
    16fc:	89 e6       	ldi	r24, 0x69	; 105
    16fe:	9b e0       	ldi	r25, 0x0B	; 11
    1700:	0e 94 ba 07 	call	0xf74	; 0xf74 <xTaskCreate>
}
    1704:	0f 91       	pop	r16
    1706:	ff 90       	pop	r15
    1708:	ef 90       	pop	r14
    170a:	08 95       	ret

0000170c <DriverPowerInit>:
    170c:	80 e2       	ldi	r24, 0x20	; 32
    170e:	80 93 41 06 	sts	0x0641, r24	; 0x800641 <__TEXT_REGION_LENGTH__+0x700641>
    1712:	08 95       	ret

00001714 <DriverPowerVccAuxSet>:
    1714:	81 11       	cpse	r24, r1
    1716:	04 c0       	rjmp	.+8      	; 0x1720 <DriverPowerVccAuxSet+0xc>
    1718:	80 e2       	ldi	r24, 0x20	; 32
    171a:	80 93 46 06 	sts	0x0646, r24	; 0x800646 <__TEXT_REGION_LENGTH__+0x700646>
    171e:	08 95       	ret
    1720:	80 e2       	ldi	r24, 0x20	; 32
    1722:	80 93 45 06 	sts	0x0645, r24	; 0x800645 <__TEXT_REGION_LENGTH__+0x700645>
    1726:	08 95       	ret

00001728 <vfprintf>:
    1728:	2f 92       	push	r2
    172a:	3f 92       	push	r3
    172c:	4f 92       	push	r4
    172e:	5f 92       	push	r5
    1730:	6f 92       	push	r6
    1732:	7f 92       	push	r7
    1734:	8f 92       	push	r8
    1736:	9f 92       	push	r9
    1738:	af 92       	push	r10
    173a:	bf 92       	push	r11
    173c:	cf 92       	push	r12
    173e:	df 92       	push	r13
    1740:	ef 92       	push	r14
    1742:	ff 92       	push	r15
    1744:	0f 93       	push	r16
    1746:	1f 93       	push	r17
    1748:	cf 93       	push	r28
    174a:	df 93       	push	r29
    174c:	cd b7       	in	r28, 0x3d	; 61
    174e:	de b7       	in	r29, 0x3e	; 62
    1750:	60 97       	sbiw	r28, 0x10	; 16
    1752:	cd bf       	out	0x3d, r28	; 61
    1754:	de bf       	out	0x3e, r29	; 62
    1756:	7c 01       	movw	r14, r24
    1758:	1b 01       	movw	r2, r22
    175a:	6a 01       	movw	r12, r20
    175c:	fc 01       	movw	r30, r24
    175e:	16 82       	std	Z+6, r1	; 0x06
    1760:	17 82       	std	Z+7, r1	; 0x07
    1762:	83 81       	ldd	r24, Z+3	; 0x03
    1764:	81 ff       	sbrs	r24, 1
    1766:	44 c3       	rjmp	.+1672   	; 0x1df0 <vfprintf+0x6c8>
    1768:	9e 01       	movw	r18, r28
    176a:	2f 5f       	subi	r18, 0xFF	; 255
    176c:	3f 4f       	sbci	r19, 0xFF	; 255
    176e:	39 01       	movw	r6, r18
    1770:	f7 01       	movw	r30, r14
    1772:	93 81       	ldd	r25, Z+3	; 0x03
    1774:	f1 01       	movw	r30, r2
    1776:	93 fd       	sbrc	r25, 3
    1778:	85 91       	lpm	r24, Z+
    177a:	93 ff       	sbrs	r25, 3
    177c:	81 91       	ld	r24, Z+
    177e:	1f 01       	movw	r2, r30
    1780:	88 23       	and	r24, r24
    1782:	09 f4       	brne	.+2      	; 0x1786 <vfprintf+0x5e>
    1784:	31 c3       	rjmp	.+1634   	; 0x1de8 <vfprintf+0x6c0>
    1786:	85 32       	cpi	r24, 0x25	; 37
    1788:	39 f4       	brne	.+14     	; 0x1798 <vfprintf+0x70>
    178a:	93 fd       	sbrc	r25, 3
    178c:	85 91       	lpm	r24, Z+
    178e:	93 ff       	sbrs	r25, 3
    1790:	81 91       	ld	r24, Z+
    1792:	1f 01       	movw	r2, r30
    1794:	85 32       	cpi	r24, 0x25	; 37
    1796:	39 f4       	brne	.+14     	; 0x17a6 <vfprintf+0x7e>
    1798:	b7 01       	movw	r22, r14
    179a:	90 e0       	ldi	r25, 0x00	; 0
    179c:	0e 94 81 11 	call	0x2302	; 0x2302 <fputc>
    17a0:	56 01       	movw	r10, r12
    17a2:	65 01       	movw	r12, r10
    17a4:	e5 cf       	rjmp	.-54     	; 0x1770 <vfprintf+0x48>
    17a6:	10 e0       	ldi	r17, 0x00	; 0
    17a8:	51 2c       	mov	r5, r1
    17aa:	91 2c       	mov	r9, r1
    17ac:	ff e1       	ldi	r31, 0x1F	; 31
    17ae:	f9 15       	cp	r31, r9
    17b0:	d8 f0       	brcs	.+54     	; 0x17e8 <vfprintf+0xc0>
    17b2:	8b 32       	cpi	r24, 0x2B	; 43
    17b4:	79 f0       	breq	.+30     	; 0x17d4 <vfprintf+0xac>
    17b6:	38 f4       	brcc	.+14     	; 0x17c6 <vfprintf+0x9e>
    17b8:	80 32       	cpi	r24, 0x20	; 32
    17ba:	79 f0       	breq	.+30     	; 0x17da <vfprintf+0xb2>
    17bc:	83 32       	cpi	r24, 0x23	; 35
    17be:	a1 f4       	brne	.+40     	; 0x17e8 <vfprintf+0xc0>
    17c0:	f9 2d       	mov	r31, r9
    17c2:	f0 61       	ori	r31, 0x10	; 16
    17c4:	2e c0       	rjmp	.+92     	; 0x1822 <vfprintf+0xfa>
    17c6:	8d 32       	cpi	r24, 0x2D	; 45
    17c8:	61 f0       	breq	.+24     	; 0x17e2 <vfprintf+0xba>
    17ca:	80 33       	cpi	r24, 0x30	; 48
    17cc:	69 f4       	brne	.+26     	; 0x17e8 <vfprintf+0xc0>
    17ce:	29 2d       	mov	r18, r9
    17d0:	21 60       	ori	r18, 0x01	; 1
    17d2:	2d c0       	rjmp	.+90     	; 0x182e <vfprintf+0x106>
    17d4:	39 2d       	mov	r19, r9
    17d6:	32 60       	ori	r19, 0x02	; 2
    17d8:	93 2e       	mov	r9, r19
    17da:	89 2d       	mov	r24, r9
    17dc:	84 60       	ori	r24, 0x04	; 4
    17de:	98 2e       	mov	r9, r24
    17e0:	2a c0       	rjmp	.+84     	; 0x1836 <vfprintf+0x10e>
    17e2:	e9 2d       	mov	r30, r9
    17e4:	e8 60       	ori	r30, 0x08	; 8
    17e6:	15 c0       	rjmp	.+42     	; 0x1812 <vfprintf+0xea>
    17e8:	97 fc       	sbrc	r9, 7
    17ea:	2d c0       	rjmp	.+90     	; 0x1846 <vfprintf+0x11e>
    17ec:	20 ed       	ldi	r18, 0xD0	; 208
    17ee:	28 0f       	add	r18, r24
    17f0:	2a 30       	cpi	r18, 0x0A	; 10
    17f2:	88 f4       	brcc	.+34     	; 0x1816 <vfprintf+0xee>
    17f4:	96 fe       	sbrs	r9, 6
    17f6:	06 c0       	rjmp	.+12     	; 0x1804 <vfprintf+0xdc>
    17f8:	3a e0       	ldi	r19, 0x0A	; 10
    17fa:	13 9f       	mul	r17, r19
    17fc:	20 0d       	add	r18, r0
    17fe:	11 24       	eor	r1, r1
    1800:	12 2f       	mov	r17, r18
    1802:	19 c0       	rjmp	.+50     	; 0x1836 <vfprintf+0x10e>
    1804:	8a e0       	ldi	r24, 0x0A	; 10
    1806:	58 9e       	mul	r5, r24
    1808:	20 0d       	add	r18, r0
    180a:	11 24       	eor	r1, r1
    180c:	52 2e       	mov	r5, r18
    180e:	e9 2d       	mov	r30, r9
    1810:	e0 62       	ori	r30, 0x20	; 32
    1812:	9e 2e       	mov	r9, r30
    1814:	10 c0       	rjmp	.+32     	; 0x1836 <vfprintf+0x10e>
    1816:	8e 32       	cpi	r24, 0x2E	; 46
    1818:	31 f4       	brne	.+12     	; 0x1826 <vfprintf+0xfe>
    181a:	96 fc       	sbrc	r9, 6
    181c:	e5 c2       	rjmp	.+1482   	; 0x1de8 <vfprintf+0x6c0>
    181e:	f9 2d       	mov	r31, r9
    1820:	f0 64       	ori	r31, 0x40	; 64
    1822:	9f 2e       	mov	r9, r31
    1824:	08 c0       	rjmp	.+16     	; 0x1836 <vfprintf+0x10e>
    1826:	8c 36       	cpi	r24, 0x6C	; 108
    1828:	21 f4       	brne	.+8      	; 0x1832 <vfprintf+0x10a>
    182a:	29 2d       	mov	r18, r9
    182c:	20 68       	ori	r18, 0x80	; 128
    182e:	92 2e       	mov	r9, r18
    1830:	02 c0       	rjmp	.+4      	; 0x1836 <vfprintf+0x10e>
    1832:	88 36       	cpi	r24, 0x68	; 104
    1834:	41 f4       	brne	.+16     	; 0x1846 <vfprintf+0x11e>
    1836:	f1 01       	movw	r30, r2
    1838:	93 fd       	sbrc	r25, 3
    183a:	85 91       	lpm	r24, Z+
    183c:	93 ff       	sbrs	r25, 3
    183e:	81 91       	ld	r24, Z+
    1840:	1f 01       	movw	r2, r30
    1842:	81 11       	cpse	r24, r1
    1844:	b3 cf       	rjmp	.-154    	; 0x17ac <vfprintf+0x84>
    1846:	9b eb       	ldi	r25, 0xBB	; 187
    1848:	98 0f       	add	r25, r24
    184a:	93 30       	cpi	r25, 0x03	; 3
    184c:	20 f4       	brcc	.+8      	; 0x1856 <vfprintf+0x12e>
    184e:	99 2d       	mov	r25, r9
    1850:	90 61       	ori	r25, 0x10	; 16
    1852:	80 5e       	subi	r24, 0xE0	; 224
    1854:	07 c0       	rjmp	.+14     	; 0x1864 <vfprintf+0x13c>
    1856:	9b e9       	ldi	r25, 0x9B	; 155
    1858:	98 0f       	add	r25, r24
    185a:	93 30       	cpi	r25, 0x03	; 3
    185c:	08 f0       	brcs	.+2      	; 0x1860 <vfprintf+0x138>
    185e:	66 c1       	rjmp	.+716    	; 0x1b2c <vfprintf+0x404>
    1860:	99 2d       	mov	r25, r9
    1862:	9f 7e       	andi	r25, 0xEF	; 239
    1864:	96 ff       	sbrs	r25, 6
    1866:	16 e0       	ldi	r17, 0x06	; 6
    1868:	9f 73       	andi	r25, 0x3F	; 63
    186a:	99 2e       	mov	r9, r25
    186c:	85 36       	cpi	r24, 0x65	; 101
    186e:	19 f4       	brne	.+6      	; 0x1876 <vfprintf+0x14e>
    1870:	90 64       	ori	r25, 0x40	; 64
    1872:	99 2e       	mov	r9, r25
    1874:	08 c0       	rjmp	.+16     	; 0x1886 <vfprintf+0x15e>
    1876:	86 36       	cpi	r24, 0x66	; 102
    1878:	21 f4       	brne	.+8      	; 0x1882 <vfprintf+0x15a>
    187a:	39 2f       	mov	r19, r25
    187c:	30 68       	ori	r19, 0x80	; 128
    187e:	93 2e       	mov	r9, r19
    1880:	02 c0       	rjmp	.+4      	; 0x1886 <vfprintf+0x15e>
    1882:	11 11       	cpse	r17, r1
    1884:	11 50       	subi	r17, 0x01	; 1
    1886:	97 fe       	sbrs	r9, 7
    1888:	07 c0       	rjmp	.+14     	; 0x1898 <vfprintf+0x170>
    188a:	1c 33       	cpi	r17, 0x3C	; 60
    188c:	50 f4       	brcc	.+20     	; 0x18a2 <vfprintf+0x17a>
    188e:	44 24       	eor	r4, r4
    1890:	43 94       	inc	r4
    1892:	41 0e       	add	r4, r17
    1894:	27 e0       	ldi	r18, 0x07	; 7
    1896:	0b c0       	rjmp	.+22     	; 0x18ae <vfprintf+0x186>
    1898:	18 30       	cpi	r17, 0x08	; 8
    189a:	38 f0       	brcs	.+14     	; 0x18aa <vfprintf+0x182>
    189c:	27 e0       	ldi	r18, 0x07	; 7
    189e:	17 e0       	ldi	r17, 0x07	; 7
    18a0:	05 c0       	rjmp	.+10     	; 0x18ac <vfprintf+0x184>
    18a2:	27 e0       	ldi	r18, 0x07	; 7
    18a4:	9c e3       	ldi	r25, 0x3C	; 60
    18a6:	49 2e       	mov	r4, r25
    18a8:	02 c0       	rjmp	.+4      	; 0x18ae <vfprintf+0x186>
    18aa:	21 2f       	mov	r18, r17
    18ac:	41 2c       	mov	r4, r1
    18ae:	56 01       	movw	r10, r12
    18b0:	84 e0       	ldi	r24, 0x04	; 4
    18b2:	a8 0e       	add	r10, r24
    18b4:	b1 1c       	adc	r11, r1
    18b6:	f6 01       	movw	r30, r12
    18b8:	60 81       	ld	r22, Z
    18ba:	71 81       	ldd	r23, Z+1	; 0x01
    18bc:	82 81       	ldd	r24, Z+2	; 0x02
    18be:	93 81       	ldd	r25, Z+3	; 0x03
    18c0:	04 2d       	mov	r16, r4
    18c2:	a3 01       	movw	r20, r6
    18c4:	0e 94 8c 10 	call	0x2118	; 0x2118 <__ftoa_engine>
    18c8:	6c 01       	movw	r12, r24
    18ca:	f9 81       	ldd	r31, Y+1	; 0x01
    18cc:	fc 87       	std	Y+12, r31	; 0x0c
    18ce:	f0 ff       	sbrs	r31, 0
    18d0:	02 c0       	rjmp	.+4      	; 0x18d6 <vfprintf+0x1ae>
    18d2:	f3 ff       	sbrs	r31, 3
    18d4:	06 c0       	rjmp	.+12     	; 0x18e2 <vfprintf+0x1ba>
    18d6:	91 fc       	sbrc	r9, 1
    18d8:	06 c0       	rjmp	.+12     	; 0x18e6 <vfprintf+0x1be>
    18da:	92 fe       	sbrs	r9, 2
    18dc:	06 c0       	rjmp	.+12     	; 0x18ea <vfprintf+0x1c2>
    18de:	00 e2       	ldi	r16, 0x20	; 32
    18e0:	05 c0       	rjmp	.+10     	; 0x18ec <vfprintf+0x1c4>
    18e2:	0d e2       	ldi	r16, 0x2D	; 45
    18e4:	03 c0       	rjmp	.+6      	; 0x18ec <vfprintf+0x1c4>
    18e6:	0b e2       	ldi	r16, 0x2B	; 43
    18e8:	01 c0       	rjmp	.+2      	; 0x18ec <vfprintf+0x1c4>
    18ea:	00 e0       	ldi	r16, 0x00	; 0
    18ec:	8c 85       	ldd	r24, Y+12	; 0x0c
    18ee:	8c 70       	andi	r24, 0x0C	; 12
    18f0:	19 f0       	breq	.+6      	; 0x18f8 <vfprintf+0x1d0>
    18f2:	01 11       	cpse	r16, r1
    18f4:	5a c2       	rjmp	.+1204   	; 0x1daa <vfprintf+0x682>
    18f6:	9b c2       	rjmp	.+1334   	; 0x1e2e <vfprintf+0x706>
    18f8:	97 fe       	sbrs	r9, 7
    18fa:	10 c0       	rjmp	.+32     	; 0x191c <vfprintf+0x1f4>
    18fc:	4c 0c       	add	r4, r12
    18fe:	fc 85       	ldd	r31, Y+12	; 0x0c
    1900:	f4 ff       	sbrs	r31, 4
    1902:	04 c0       	rjmp	.+8      	; 0x190c <vfprintf+0x1e4>
    1904:	8a 81       	ldd	r24, Y+2	; 0x02
    1906:	81 33       	cpi	r24, 0x31	; 49
    1908:	09 f4       	brne	.+2      	; 0x190c <vfprintf+0x1e4>
    190a:	4a 94       	dec	r4
    190c:	14 14       	cp	r1, r4
    190e:	74 f5       	brge	.+92     	; 0x196c <vfprintf+0x244>
    1910:	28 e0       	ldi	r18, 0x08	; 8
    1912:	24 15       	cp	r18, r4
    1914:	78 f5       	brcc	.+94     	; 0x1974 <vfprintf+0x24c>
    1916:	88 e0       	ldi	r24, 0x08	; 8
    1918:	48 2e       	mov	r4, r24
    191a:	2c c0       	rjmp	.+88     	; 0x1974 <vfprintf+0x24c>
    191c:	96 fc       	sbrc	r9, 6
    191e:	2a c0       	rjmp	.+84     	; 0x1974 <vfprintf+0x24c>
    1920:	81 2f       	mov	r24, r17
    1922:	90 e0       	ldi	r25, 0x00	; 0
    1924:	8c 15       	cp	r24, r12
    1926:	9d 05       	cpc	r25, r13
    1928:	9c f0       	brlt	.+38     	; 0x1950 <vfprintf+0x228>
    192a:	3c ef       	ldi	r19, 0xFC	; 252
    192c:	c3 16       	cp	r12, r19
    192e:	3f ef       	ldi	r19, 0xFF	; 255
    1930:	d3 06       	cpc	r13, r19
    1932:	74 f0       	brlt	.+28     	; 0x1950 <vfprintf+0x228>
    1934:	89 2d       	mov	r24, r9
    1936:	80 68       	ori	r24, 0x80	; 128
    1938:	98 2e       	mov	r9, r24
    193a:	0a c0       	rjmp	.+20     	; 0x1950 <vfprintf+0x228>
    193c:	e2 e0       	ldi	r30, 0x02	; 2
    193e:	f0 e0       	ldi	r31, 0x00	; 0
    1940:	ec 0f       	add	r30, r28
    1942:	fd 1f       	adc	r31, r29
    1944:	e1 0f       	add	r30, r17
    1946:	f1 1d       	adc	r31, r1
    1948:	80 81       	ld	r24, Z
    194a:	80 33       	cpi	r24, 0x30	; 48
    194c:	19 f4       	brne	.+6      	; 0x1954 <vfprintf+0x22c>
    194e:	11 50       	subi	r17, 0x01	; 1
    1950:	11 11       	cpse	r17, r1
    1952:	f4 cf       	rjmp	.-24     	; 0x193c <vfprintf+0x214>
    1954:	97 fe       	sbrs	r9, 7
    1956:	0e c0       	rjmp	.+28     	; 0x1974 <vfprintf+0x24c>
    1958:	44 24       	eor	r4, r4
    195a:	43 94       	inc	r4
    195c:	41 0e       	add	r4, r17
    195e:	81 2f       	mov	r24, r17
    1960:	90 e0       	ldi	r25, 0x00	; 0
    1962:	c8 16       	cp	r12, r24
    1964:	d9 06       	cpc	r13, r25
    1966:	2c f4       	brge	.+10     	; 0x1972 <vfprintf+0x24a>
    1968:	1c 19       	sub	r17, r12
    196a:	04 c0       	rjmp	.+8      	; 0x1974 <vfprintf+0x24c>
    196c:	44 24       	eor	r4, r4
    196e:	43 94       	inc	r4
    1970:	01 c0       	rjmp	.+2      	; 0x1974 <vfprintf+0x24c>
    1972:	10 e0       	ldi	r17, 0x00	; 0
    1974:	97 fe       	sbrs	r9, 7
    1976:	06 c0       	rjmp	.+12     	; 0x1984 <vfprintf+0x25c>
    1978:	1c 14       	cp	r1, r12
    197a:	1d 04       	cpc	r1, r13
    197c:	34 f4       	brge	.+12     	; 0x198a <vfprintf+0x262>
    197e:	c6 01       	movw	r24, r12
    1980:	01 96       	adiw	r24, 0x01	; 1
    1982:	05 c0       	rjmp	.+10     	; 0x198e <vfprintf+0x266>
    1984:	85 e0       	ldi	r24, 0x05	; 5
    1986:	90 e0       	ldi	r25, 0x00	; 0
    1988:	02 c0       	rjmp	.+4      	; 0x198e <vfprintf+0x266>
    198a:	81 e0       	ldi	r24, 0x01	; 1
    198c:	90 e0       	ldi	r25, 0x00	; 0
    198e:	01 11       	cpse	r16, r1
    1990:	01 96       	adiw	r24, 0x01	; 1
    1992:	11 23       	and	r17, r17
    1994:	31 f0       	breq	.+12     	; 0x19a2 <vfprintf+0x27a>
    1996:	21 2f       	mov	r18, r17
    1998:	30 e0       	ldi	r19, 0x00	; 0
    199a:	2f 5f       	subi	r18, 0xFF	; 255
    199c:	3f 4f       	sbci	r19, 0xFF	; 255
    199e:	82 0f       	add	r24, r18
    19a0:	93 1f       	adc	r25, r19
    19a2:	25 2d       	mov	r18, r5
    19a4:	30 e0       	ldi	r19, 0x00	; 0
    19a6:	82 17       	cp	r24, r18
    19a8:	93 07       	cpc	r25, r19
    19aa:	14 f4       	brge	.+4      	; 0x19b0 <vfprintf+0x288>
    19ac:	58 1a       	sub	r5, r24
    19ae:	01 c0       	rjmp	.+2      	; 0x19b2 <vfprintf+0x28a>
    19b0:	51 2c       	mov	r5, r1
    19b2:	89 2d       	mov	r24, r9
    19b4:	89 70       	andi	r24, 0x09	; 9
    19b6:	49 f4       	brne	.+18     	; 0x19ca <vfprintf+0x2a2>
    19b8:	55 20       	and	r5, r5
    19ba:	39 f0       	breq	.+14     	; 0x19ca <vfprintf+0x2a2>
    19bc:	b7 01       	movw	r22, r14
    19be:	80 e2       	ldi	r24, 0x20	; 32
    19c0:	90 e0       	ldi	r25, 0x00	; 0
    19c2:	0e 94 81 11 	call	0x2302	; 0x2302 <fputc>
    19c6:	5a 94       	dec	r5
    19c8:	f7 cf       	rjmp	.-18     	; 0x19b8 <vfprintf+0x290>
    19ca:	00 23       	and	r16, r16
    19cc:	29 f0       	breq	.+10     	; 0x19d8 <vfprintf+0x2b0>
    19ce:	b7 01       	movw	r22, r14
    19d0:	80 2f       	mov	r24, r16
    19d2:	90 e0       	ldi	r25, 0x00	; 0
    19d4:	0e 94 81 11 	call	0x2302	; 0x2302 <fputc>
    19d8:	93 fc       	sbrc	r9, 3
    19da:	09 c0       	rjmp	.+18     	; 0x19ee <vfprintf+0x2c6>
    19dc:	55 20       	and	r5, r5
    19de:	39 f0       	breq	.+14     	; 0x19ee <vfprintf+0x2c6>
    19e0:	b7 01       	movw	r22, r14
    19e2:	80 e3       	ldi	r24, 0x30	; 48
    19e4:	90 e0       	ldi	r25, 0x00	; 0
    19e6:	0e 94 81 11 	call	0x2302	; 0x2302 <fputc>
    19ea:	5a 94       	dec	r5
    19ec:	f7 cf       	rjmp	.-18     	; 0x19dc <vfprintf+0x2b4>
    19ee:	97 fe       	sbrs	r9, 7
    19f0:	4c c0       	rjmp	.+152    	; 0x1a8a <vfprintf+0x362>
    19f2:	46 01       	movw	r8, r12
    19f4:	d7 fe       	sbrs	r13, 7
    19f6:	02 c0       	rjmp	.+4      	; 0x19fc <vfprintf+0x2d4>
    19f8:	81 2c       	mov	r8, r1
    19fa:	91 2c       	mov	r9, r1
    19fc:	c6 01       	movw	r24, r12
    19fe:	88 19       	sub	r24, r8
    1a00:	99 09       	sbc	r25, r9
    1a02:	f3 01       	movw	r30, r6
    1a04:	e8 0f       	add	r30, r24
    1a06:	f9 1f       	adc	r31, r25
    1a08:	ed 87       	std	Y+13, r30	; 0x0d
    1a0a:	fe 87       	std	Y+14, r31	; 0x0e
    1a0c:	96 01       	movw	r18, r12
    1a0e:	24 19       	sub	r18, r4
    1a10:	31 09       	sbc	r19, r1
    1a12:	2f 87       	std	Y+15, r18	; 0x0f
    1a14:	38 8b       	std	Y+16, r19	; 0x10
    1a16:	01 2f       	mov	r16, r17
    1a18:	10 e0       	ldi	r17, 0x00	; 0
    1a1a:	11 95       	neg	r17
    1a1c:	01 95       	neg	r16
    1a1e:	11 09       	sbc	r17, r1
    1a20:	3f ef       	ldi	r19, 0xFF	; 255
    1a22:	83 16       	cp	r8, r19
    1a24:	93 06       	cpc	r9, r19
    1a26:	29 f4       	brne	.+10     	; 0x1a32 <vfprintf+0x30a>
    1a28:	b7 01       	movw	r22, r14
    1a2a:	8e e2       	ldi	r24, 0x2E	; 46
    1a2c:	90 e0       	ldi	r25, 0x00	; 0
    1a2e:	0e 94 81 11 	call	0x2302	; 0x2302 <fputc>
    1a32:	c8 14       	cp	r12, r8
    1a34:	d9 04       	cpc	r13, r9
    1a36:	4c f0       	brlt	.+18     	; 0x1a4a <vfprintf+0x322>
    1a38:	8f 85       	ldd	r24, Y+15	; 0x0f
    1a3a:	98 89       	ldd	r25, Y+16	; 0x10
    1a3c:	88 15       	cp	r24, r8
    1a3e:	99 05       	cpc	r25, r9
    1a40:	24 f4       	brge	.+8      	; 0x1a4a <vfprintf+0x322>
    1a42:	ed 85       	ldd	r30, Y+13	; 0x0d
    1a44:	fe 85       	ldd	r31, Y+14	; 0x0e
    1a46:	81 81       	ldd	r24, Z+1	; 0x01
    1a48:	01 c0       	rjmp	.+2      	; 0x1a4c <vfprintf+0x324>
    1a4a:	80 e3       	ldi	r24, 0x30	; 48
    1a4c:	f1 e0       	ldi	r31, 0x01	; 1
    1a4e:	8f 1a       	sub	r8, r31
    1a50:	91 08       	sbc	r9, r1
    1a52:	2d 85       	ldd	r18, Y+13	; 0x0d
    1a54:	3e 85       	ldd	r19, Y+14	; 0x0e
    1a56:	2f 5f       	subi	r18, 0xFF	; 255
    1a58:	3f 4f       	sbci	r19, 0xFF	; 255
    1a5a:	2d 87       	std	Y+13, r18	; 0x0d
    1a5c:	3e 87       	std	Y+14, r19	; 0x0e
    1a5e:	80 16       	cp	r8, r16
    1a60:	91 06       	cpc	r9, r17
    1a62:	2c f0       	brlt	.+10     	; 0x1a6e <vfprintf+0x346>
    1a64:	b7 01       	movw	r22, r14
    1a66:	90 e0       	ldi	r25, 0x00	; 0
    1a68:	0e 94 81 11 	call	0x2302	; 0x2302 <fputc>
    1a6c:	d9 cf       	rjmp	.-78     	; 0x1a20 <vfprintf+0x2f8>
    1a6e:	c8 14       	cp	r12, r8
    1a70:	d9 04       	cpc	r13, r9
    1a72:	41 f4       	brne	.+16     	; 0x1a84 <vfprintf+0x35c>
    1a74:	9a 81       	ldd	r25, Y+2	; 0x02
    1a76:	96 33       	cpi	r25, 0x36	; 54
    1a78:	20 f4       	brcc	.+8      	; 0x1a82 <vfprintf+0x35a>
    1a7a:	95 33       	cpi	r25, 0x35	; 53
    1a7c:	19 f4       	brne	.+6      	; 0x1a84 <vfprintf+0x35c>
    1a7e:	3c 85       	ldd	r19, Y+12	; 0x0c
    1a80:	34 ff       	sbrs	r19, 4
    1a82:	81 e3       	ldi	r24, 0x31	; 49
    1a84:	b7 01       	movw	r22, r14
    1a86:	90 e0       	ldi	r25, 0x00	; 0
    1a88:	4e c0       	rjmp	.+156    	; 0x1b26 <vfprintf+0x3fe>
    1a8a:	8a 81       	ldd	r24, Y+2	; 0x02
    1a8c:	81 33       	cpi	r24, 0x31	; 49
    1a8e:	19 f0       	breq	.+6      	; 0x1a96 <vfprintf+0x36e>
    1a90:	9c 85       	ldd	r25, Y+12	; 0x0c
    1a92:	9f 7e       	andi	r25, 0xEF	; 239
    1a94:	9c 87       	std	Y+12, r25	; 0x0c
    1a96:	b7 01       	movw	r22, r14
    1a98:	90 e0       	ldi	r25, 0x00	; 0
    1a9a:	0e 94 81 11 	call	0x2302	; 0x2302 <fputc>
    1a9e:	11 11       	cpse	r17, r1
    1aa0:	05 c0       	rjmp	.+10     	; 0x1aac <vfprintf+0x384>
    1aa2:	94 fc       	sbrc	r9, 4
    1aa4:	18 c0       	rjmp	.+48     	; 0x1ad6 <vfprintf+0x3ae>
    1aa6:	85 e6       	ldi	r24, 0x65	; 101
    1aa8:	90 e0       	ldi	r25, 0x00	; 0
    1aaa:	17 c0       	rjmp	.+46     	; 0x1ada <vfprintf+0x3b2>
    1aac:	b7 01       	movw	r22, r14
    1aae:	8e e2       	ldi	r24, 0x2E	; 46
    1ab0:	90 e0       	ldi	r25, 0x00	; 0
    1ab2:	0e 94 81 11 	call	0x2302	; 0x2302 <fputc>
    1ab6:	1e 5f       	subi	r17, 0xFE	; 254
    1ab8:	82 e0       	ldi	r24, 0x02	; 2
    1aba:	01 e0       	ldi	r16, 0x01	; 1
    1abc:	08 0f       	add	r16, r24
    1abe:	f3 01       	movw	r30, r6
    1ac0:	e8 0f       	add	r30, r24
    1ac2:	f1 1d       	adc	r31, r1
    1ac4:	80 81       	ld	r24, Z
    1ac6:	b7 01       	movw	r22, r14
    1ac8:	90 e0       	ldi	r25, 0x00	; 0
    1aca:	0e 94 81 11 	call	0x2302	; 0x2302 <fputc>
    1ace:	80 2f       	mov	r24, r16
    1ad0:	01 13       	cpse	r16, r17
    1ad2:	f3 cf       	rjmp	.-26     	; 0x1aba <vfprintf+0x392>
    1ad4:	e6 cf       	rjmp	.-52     	; 0x1aa2 <vfprintf+0x37a>
    1ad6:	85 e4       	ldi	r24, 0x45	; 69
    1ad8:	90 e0       	ldi	r25, 0x00	; 0
    1ada:	b7 01       	movw	r22, r14
    1adc:	0e 94 81 11 	call	0x2302	; 0x2302 <fputc>
    1ae0:	d7 fc       	sbrc	r13, 7
    1ae2:	06 c0       	rjmp	.+12     	; 0x1af0 <vfprintf+0x3c8>
    1ae4:	c1 14       	cp	r12, r1
    1ae6:	d1 04       	cpc	r13, r1
    1ae8:	41 f4       	brne	.+16     	; 0x1afa <vfprintf+0x3d2>
    1aea:	ec 85       	ldd	r30, Y+12	; 0x0c
    1aec:	e4 ff       	sbrs	r30, 4
    1aee:	05 c0       	rjmp	.+10     	; 0x1afa <vfprintf+0x3d2>
    1af0:	d1 94       	neg	r13
    1af2:	c1 94       	neg	r12
    1af4:	d1 08       	sbc	r13, r1
    1af6:	8d e2       	ldi	r24, 0x2D	; 45
    1af8:	01 c0       	rjmp	.+2      	; 0x1afc <vfprintf+0x3d4>
    1afa:	8b e2       	ldi	r24, 0x2B	; 43
    1afc:	b7 01       	movw	r22, r14
    1afe:	90 e0       	ldi	r25, 0x00	; 0
    1b00:	0e 94 81 11 	call	0x2302	; 0x2302 <fputc>
    1b04:	80 e3       	ldi	r24, 0x30	; 48
    1b06:	2a e0       	ldi	r18, 0x0A	; 10
    1b08:	c2 16       	cp	r12, r18
    1b0a:	d1 04       	cpc	r13, r1
    1b0c:	2c f0       	brlt	.+10     	; 0x1b18 <vfprintf+0x3f0>
    1b0e:	8f 5f       	subi	r24, 0xFF	; 255
    1b10:	fa e0       	ldi	r31, 0x0A	; 10
    1b12:	cf 1a       	sub	r12, r31
    1b14:	d1 08       	sbc	r13, r1
    1b16:	f7 cf       	rjmp	.-18     	; 0x1b06 <vfprintf+0x3de>
    1b18:	b7 01       	movw	r22, r14
    1b1a:	90 e0       	ldi	r25, 0x00	; 0
    1b1c:	0e 94 81 11 	call	0x2302	; 0x2302 <fputc>
    1b20:	b7 01       	movw	r22, r14
    1b22:	c6 01       	movw	r24, r12
    1b24:	c0 96       	adiw	r24, 0x30	; 48
    1b26:	0e 94 81 11 	call	0x2302	; 0x2302 <fputc>
    1b2a:	54 c1       	rjmp	.+680    	; 0x1dd4 <vfprintf+0x6ac>
    1b2c:	83 36       	cpi	r24, 0x63	; 99
    1b2e:	31 f0       	breq	.+12     	; 0x1b3c <vfprintf+0x414>
    1b30:	83 37       	cpi	r24, 0x73	; 115
    1b32:	79 f0       	breq	.+30     	; 0x1b52 <vfprintf+0x42a>
    1b34:	83 35       	cpi	r24, 0x53	; 83
    1b36:	09 f0       	breq	.+2      	; 0x1b3a <vfprintf+0x412>
    1b38:	56 c0       	rjmp	.+172    	; 0x1be6 <vfprintf+0x4be>
    1b3a:	20 c0       	rjmp	.+64     	; 0x1b7c <vfprintf+0x454>
    1b3c:	56 01       	movw	r10, r12
    1b3e:	32 e0       	ldi	r19, 0x02	; 2
    1b40:	a3 0e       	add	r10, r19
    1b42:	b1 1c       	adc	r11, r1
    1b44:	f6 01       	movw	r30, r12
    1b46:	80 81       	ld	r24, Z
    1b48:	89 83       	std	Y+1, r24	; 0x01
    1b4a:	01 e0       	ldi	r16, 0x01	; 1
    1b4c:	10 e0       	ldi	r17, 0x00	; 0
    1b4e:	63 01       	movw	r12, r6
    1b50:	12 c0       	rjmp	.+36     	; 0x1b76 <vfprintf+0x44e>
    1b52:	56 01       	movw	r10, r12
    1b54:	f2 e0       	ldi	r31, 0x02	; 2
    1b56:	af 0e       	add	r10, r31
    1b58:	b1 1c       	adc	r11, r1
    1b5a:	f6 01       	movw	r30, r12
    1b5c:	c0 80       	ld	r12, Z
    1b5e:	d1 80       	ldd	r13, Z+1	; 0x01
    1b60:	96 fe       	sbrs	r9, 6
    1b62:	03 c0       	rjmp	.+6      	; 0x1b6a <vfprintf+0x442>
    1b64:	61 2f       	mov	r22, r17
    1b66:	70 e0       	ldi	r23, 0x00	; 0
    1b68:	02 c0       	rjmp	.+4      	; 0x1b6e <vfprintf+0x446>
    1b6a:	6f ef       	ldi	r22, 0xFF	; 255
    1b6c:	7f ef       	ldi	r23, 0xFF	; 255
    1b6e:	c6 01       	movw	r24, r12
    1b70:	0e 94 76 11 	call	0x22ec	; 0x22ec <strnlen>
    1b74:	8c 01       	movw	r16, r24
    1b76:	f9 2d       	mov	r31, r9
    1b78:	ff 77       	andi	r31, 0x7F	; 127
    1b7a:	14 c0       	rjmp	.+40     	; 0x1ba4 <vfprintf+0x47c>
    1b7c:	56 01       	movw	r10, r12
    1b7e:	22 e0       	ldi	r18, 0x02	; 2
    1b80:	a2 0e       	add	r10, r18
    1b82:	b1 1c       	adc	r11, r1
    1b84:	f6 01       	movw	r30, r12
    1b86:	c0 80       	ld	r12, Z
    1b88:	d1 80       	ldd	r13, Z+1	; 0x01
    1b8a:	96 fe       	sbrs	r9, 6
    1b8c:	03 c0       	rjmp	.+6      	; 0x1b94 <vfprintf+0x46c>
    1b8e:	61 2f       	mov	r22, r17
    1b90:	70 e0       	ldi	r23, 0x00	; 0
    1b92:	02 c0       	rjmp	.+4      	; 0x1b98 <vfprintf+0x470>
    1b94:	6f ef       	ldi	r22, 0xFF	; 255
    1b96:	7f ef       	ldi	r23, 0xFF	; 255
    1b98:	c6 01       	movw	r24, r12
    1b9a:	0e 94 64 11 	call	0x22c8	; 0x22c8 <strnlen_P>
    1b9e:	8c 01       	movw	r16, r24
    1ba0:	f9 2d       	mov	r31, r9
    1ba2:	f0 68       	ori	r31, 0x80	; 128
    1ba4:	9f 2e       	mov	r9, r31
    1ba6:	f3 fd       	sbrc	r31, 3
    1ba8:	1a c0       	rjmp	.+52     	; 0x1bde <vfprintf+0x4b6>
    1baa:	85 2d       	mov	r24, r5
    1bac:	90 e0       	ldi	r25, 0x00	; 0
    1bae:	08 17       	cp	r16, r24
    1bb0:	19 07       	cpc	r17, r25
    1bb2:	a8 f4       	brcc	.+42     	; 0x1bde <vfprintf+0x4b6>
    1bb4:	b7 01       	movw	r22, r14
    1bb6:	80 e2       	ldi	r24, 0x20	; 32
    1bb8:	90 e0       	ldi	r25, 0x00	; 0
    1bba:	0e 94 81 11 	call	0x2302	; 0x2302 <fputc>
    1bbe:	5a 94       	dec	r5
    1bc0:	f4 cf       	rjmp	.-24     	; 0x1baa <vfprintf+0x482>
    1bc2:	f6 01       	movw	r30, r12
    1bc4:	97 fc       	sbrc	r9, 7
    1bc6:	85 91       	lpm	r24, Z+
    1bc8:	97 fe       	sbrs	r9, 7
    1bca:	81 91       	ld	r24, Z+
    1bcc:	6f 01       	movw	r12, r30
    1bce:	b7 01       	movw	r22, r14
    1bd0:	90 e0       	ldi	r25, 0x00	; 0
    1bd2:	0e 94 81 11 	call	0x2302	; 0x2302 <fputc>
    1bd6:	51 10       	cpse	r5, r1
    1bd8:	5a 94       	dec	r5
    1bda:	01 50       	subi	r16, 0x01	; 1
    1bdc:	11 09       	sbc	r17, r1
    1bde:	01 15       	cp	r16, r1
    1be0:	11 05       	cpc	r17, r1
    1be2:	79 f7       	brne	.-34     	; 0x1bc2 <vfprintf+0x49a>
    1be4:	f7 c0       	rjmp	.+494    	; 0x1dd4 <vfprintf+0x6ac>
    1be6:	84 36       	cpi	r24, 0x64	; 100
    1be8:	11 f0       	breq	.+4      	; 0x1bee <vfprintf+0x4c6>
    1bea:	89 36       	cpi	r24, 0x69	; 105
    1bec:	61 f5       	brne	.+88     	; 0x1c46 <vfprintf+0x51e>
    1bee:	56 01       	movw	r10, r12
    1bf0:	97 fe       	sbrs	r9, 7
    1bf2:	09 c0       	rjmp	.+18     	; 0x1c06 <vfprintf+0x4de>
    1bf4:	24 e0       	ldi	r18, 0x04	; 4
    1bf6:	a2 0e       	add	r10, r18
    1bf8:	b1 1c       	adc	r11, r1
    1bfa:	f6 01       	movw	r30, r12
    1bfc:	60 81       	ld	r22, Z
    1bfe:	71 81       	ldd	r23, Z+1	; 0x01
    1c00:	82 81       	ldd	r24, Z+2	; 0x02
    1c02:	93 81       	ldd	r25, Z+3	; 0x03
    1c04:	0a c0       	rjmp	.+20     	; 0x1c1a <vfprintf+0x4f2>
    1c06:	f2 e0       	ldi	r31, 0x02	; 2
    1c08:	af 0e       	add	r10, r31
    1c0a:	b1 1c       	adc	r11, r1
    1c0c:	f6 01       	movw	r30, r12
    1c0e:	60 81       	ld	r22, Z
    1c10:	71 81       	ldd	r23, Z+1	; 0x01
    1c12:	07 2e       	mov	r0, r23
    1c14:	00 0c       	add	r0, r0
    1c16:	88 0b       	sbc	r24, r24
    1c18:	99 0b       	sbc	r25, r25
    1c1a:	f9 2d       	mov	r31, r9
    1c1c:	ff 76       	andi	r31, 0x6F	; 111
    1c1e:	9f 2e       	mov	r9, r31
    1c20:	97 ff       	sbrs	r25, 7
    1c22:	09 c0       	rjmp	.+18     	; 0x1c36 <vfprintf+0x50e>
    1c24:	90 95       	com	r25
    1c26:	80 95       	com	r24
    1c28:	70 95       	com	r23
    1c2a:	61 95       	neg	r22
    1c2c:	7f 4f       	sbci	r23, 0xFF	; 255
    1c2e:	8f 4f       	sbci	r24, 0xFF	; 255
    1c30:	9f 4f       	sbci	r25, 0xFF	; 255
    1c32:	f0 68       	ori	r31, 0x80	; 128
    1c34:	9f 2e       	mov	r9, r31
    1c36:	2a e0       	ldi	r18, 0x0A	; 10
    1c38:	30 e0       	ldi	r19, 0x00	; 0
    1c3a:	a3 01       	movw	r20, r6
    1c3c:	0e 94 ed 11 	call	0x23da	; 0x23da <__ultoa_invert>
    1c40:	c8 2e       	mov	r12, r24
    1c42:	c6 18       	sub	r12, r6
    1c44:	3f c0       	rjmp	.+126    	; 0x1cc4 <vfprintf+0x59c>
    1c46:	09 2d       	mov	r16, r9
    1c48:	85 37       	cpi	r24, 0x75	; 117
    1c4a:	21 f4       	brne	.+8      	; 0x1c54 <vfprintf+0x52c>
    1c4c:	0f 7e       	andi	r16, 0xEF	; 239
    1c4e:	2a e0       	ldi	r18, 0x0A	; 10
    1c50:	30 e0       	ldi	r19, 0x00	; 0
    1c52:	1d c0       	rjmp	.+58     	; 0x1c8e <vfprintf+0x566>
    1c54:	09 7f       	andi	r16, 0xF9	; 249
    1c56:	8f 36       	cpi	r24, 0x6F	; 111
    1c58:	91 f0       	breq	.+36     	; 0x1c7e <vfprintf+0x556>
    1c5a:	18 f4       	brcc	.+6      	; 0x1c62 <vfprintf+0x53a>
    1c5c:	88 35       	cpi	r24, 0x58	; 88
    1c5e:	59 f0       	breq	.+22     	; 0x1c76 <vfprintf+0x54e>
    1c60:	c3 c0       	rjmp	.+390    	; 0x1de8 <vfprintf+0x6c0>
    1c62:	80 37       	cpi	r24, 0x70	; 112
    1c64:	19 f0       	breq	.+6      	; 0x1c6c <vfprintf+0x544>
    1c66:	88 37       	cpi	r24, 0x78	; 120
    1c68:	11 f0       	breq	.+4      	; 0x1c6e <vfprintf+0x546>
    1c6a:	be c0       	rjmp	.+380    	; 0x1de8 <vfprintf+0x6c0>
    1c6c:	00 61       	ori	r16, 0x10	; 16
    1c6e:	04 ff       	sbrs	r16, 4
    1c70:	09 c0       	rjmp	.+18     	; 0x1c84 <vfprintf+0x55c>
    1c72:	04 60       	ori	r16, 0x04	; 4
    1c74:	07 c0       	rjmp	.+14     	; 0x1c84 <vfprintf+0x55c>
    1c76:	94 fe       	sbrs	r9, 4
    1c78:	08 c0       	rjmp	.+16     	; 0x1c8a <vfprintf+0x562>
    1c7a:	06 60       	ori	r16, 0x06	; 6
    1c7c:	06 c0       	rjmp	.+12     	; 0x1c8a <vfprintf+0x562>
    1c7e:	28 e0       	ldi	r18, 0x08	; 8
    1c80:	30 e0       	ldi	r19, 0x00	; 0
    1c82:	05 c0       	rjmp	.+10     	; 0x1c8e <vfprintf+0x566>
    1c84:	20 e1       	ldi	r18, 0x10	; 16
    1c86:	30 e0       	ldi	r19, 0x00	; 0
    1c88:	02 c0       	rjmp	.+4      	; 0x1c8e <vfprintf+0x566>
    1c8a:	20 e1       	ldi	r18, 0x10	; 16
    1c8c:	32 e0       	ldi	r19, 0x02	; 2
    1c8e:	56 01       	movw	r10, r12
    1c90:	07 ff       	sbrs	r16, 7
    1c92:	09 c0       	rjmp	.+18     	; 0x1ca6 <vfprintf+0x57e>
    1c94:	84 e0       	ldi	r24, 0x04	; 4
    1c96:	a8 0e       	add	r10, r24
    1c98:	b1 1c       	adc	r11, r1
    1c9a:	f6 01       	movw	r30, r12
    1c9c:	60 81       	ld	r22, Z
    1c9e:	71 81       	ldd	r23, Z+1	; 0x01
    1ca0:	82 81       	ldd	r24, Z+2	; 0x02
    1ca2:	93 81       	ldd	r25, Z+3	; 0x03
    1ca4:	08 c0       	rjmp	.+16     	; 0x1cb6 <vfprintf+0x58e>
    1ca6:	f2 e0       	ldi	r31, 0x02	; 2
    1ca8:	af 0e       	add	r10, r31
    1caa:	b1 1c       	adc	r11, r1
    1cac:	f6 01       	movw	r30, r12
    1cae:	60 81       	ld	r22, Z
    1cb0:	71 81       	ldd	r23, Z+1	; 0x01
    1cb2:	80 e0       	ldi	r24, 0x00	; 0
    1cb4:	90 e0       	ldi	r25, 0x00	; 0
    1cb6:	a3 01       	movw	r20, r6
    1cb8:	0e 94 ed 11 	call	0x23da	; 0x23da <__ultoa_invert>
    1cbc:	c8 2e       	mov	r12, r24
    1cbe:	c6 18       	sub	r12, r6
    1cc0:	0f 77       	andi	r16, 0x7F	; 127
    1cc2:	90 2e       	mov	r9, r16
    1cc4:	96 fe       	sbrs	r9, 6
    1cc6:	0b c0       	rjmp	.+22     	; 0x1cde <vfprintf+0x5b6>
    1cc8:	09 2d       	mov	r16, r9
    1cca:	0e 7f       	andi	r16, 0xFE	; 254
    1ccc:	c1 16       	cp	r12, r17
    1cce:	50 f4       	brcc	.+20     	; 0x1ce4 <vfprintf+0x5bc>
    1cd0:	94 fe       	sbrs	r9, 4
    1cd2:	0a c0       	rjmp	.+20     	; 0x1ce8 <vfprintf+0x5c0>
    1cd4:	92 fc       	sbrc	r9, 2
    1cd6:	08 c0       	rjmp	.+16     	; 0x1ce8 <vfprintf+0x5c0>
    1cd8:	09 2d       	mov	r16, r9
    1cda:	0e 7e       	andi	r16, 0xEE	; 238
    1cdc:	05 c0       	rjmp	.+10     	; 0x1ce8 <vfprintf+0x5c0>
    1cde:	dc 2c       	mov	r13, r12
    1ce0:	09 2d       	mov	r16, r9
    1ce2:	03 c0       	rjmp	.+6      	; 0x1cea <vfprintf+0x5c2>
    1ce4:	dc 2c       	mov	r13, r12
    1ce6:	01 c0       	rjmp	.+2      	; 0x1cea <vfprintf+0x5c2>
    1ce8:	d1 2e       	mov	r13, r17
    1cea:	04 ff       	sbrs	r16, 4
    1cec:	0d c0       	rjmp	.+26     	; 0x1d08 <vfprintf+0x5e0>
    1cee:	fe 01       	movw	r30, r28
    1cf0:	ec 0d       	add	r30, r12
    1cf2:	f1 1d       	adc	r31, r1
    1cf4:	80 81       	ld	r24, Z
    1cf6:	80 33       	cpi	r24, 0x30	; 48
    1cf8:	11 f4       	brne	.+4      	; 0x1cfe <vfprintf+0x5d6>
    1cfa:	09 7e       	andi	r16, 0xE9	; 233
    1cfc:	09 c0       	rjmp	.+18     	; 0x1d10 <vfprintf+0x5e8>
    1cfe:	02 ff       	sbrs	r16, 2
    1d00:	06 c0       	rjmp	.+12     	; 0x1d0e <vfprintf+0x5e6>
    1d02:	d3 94       	inc	r13
    1d04:	d3 94       	inc	r13
    1d06:	04 c0       	rjmp	.+8      	; 0x1d10 <vfprintf+0x5e8>
    1d08:	80 2f       	mov	r24, r16
    1d0a:	86 78       	andi	r24, 0x86	; 134
    1d0c:	09 f0       	breq	.+2      	; 0x1d10 <vfprintf+0x5e8>
    1d0e:	d3 94       	inc	r13
    1d10:	03 fd       	sbrc	r16, 3
    1d12:	11 c0       	rjmp	.+34     	; 0x1d36 <vfprintf+0x60e>
    1d14:	00 ff       	sbrs	r16, 0
    1d16:	06 c0       	rjmp	.+12     	; 0x1d24 <vfprintf+0x5fc>
    1d18:	1c 2d       	mov	r17, r12
    1d1a:	d5 14       	cp	r13, r5
    1d1c:	80 f4       	brcc	.+32     	; 0x1d3e <vfprintf+0x616>
    1d1e:	15 0d       	add	r17, r5
    1d20:	1d 19       	sub	r17, r13
    1d22:	0d c0       	rjmp	.+26     	; 0x1d3e <vfprintf+0x616>
    1d24:	d5 14       	cp	r13, r5
    1d26:	58 f4       	brcc	.+22     	; 0x1d3e <vfprintf+0x616>
    1d28:	b7 01       	movw	r22, r14
    1d2a:	80 e2       	ldi	r24, 0x20	; 32
    1d2c:	90 e0       	ldi	r25, 0x00	; 0
    1d2e:	0e 94 81 11 	call	0x2302	; 0x2302 <fputc>
    1d32:	d3 94       	inc	r13
    1d34:	f7 cf       	rjmp	.-18     	; 0x1d24 <vfprintf+0x5fc>
    1d36:	d5 14       	cp	r13, r5
    1d38:	10 f4       	brcc	.+4      	; 0x1d3e <vfprintf+0x616>
    1d3a:	5d 18       	sub	r5, r13
    1d3c:	01 c0       	rjmp	.+2      	; 0x1d40 <vfprintf+0x618>
    1d3e:	51 2c       	mov	r5, r1
    1d40:	04 ff       	sbrs	r16, 4
    1d42:	10 c0       	rjmp	.+32     	; 0x1d64 <vfprintf+0x63c>
    1d44:	b7 01       	movw	r22, r14
    1d46:	80 e3       	ldi	r24, 0x30	; 48
    1d48:	90 e0       	ldi	r25, 0x00	; 0
    1d4a:	0e 94 81 11 	call	0x2302	; 0x2302 <fputc>
    1d4e:	02 ff       	sbrs	r16, 2
    1d50:	17 c0       	rjmp	.+46     	; 0x1d80 <vfprintf+0x658>
    1d52:	01 fd       	sbrc	r16, 1
    1d54:	03 c0       	rjmp	.+6      	; 0x1d5c <vfprintf+0x634>
    1d56:	88 e7       	ldi	r24, 0x78	; 120
    1d58:	90 e0       	ldi	r25, 0x00	; 0
    1d5a:	02 c0       	rjmp	.+4      	; 0x1d60 <vfprintf+0x638>
    1d5c:	88 e5       	ldi	r24, 0x58	; 88
    1d5e:	90 e0       	ldi	r25, 0x00	; 0
    1d60:	b7 01       	movw	r22, r14
    1d62:	0c c0       	rjmp	.+24     	; 0x1d7c <vfprintf+0x654>
    1d64:	80 2f       	mov	r24, r16
    1d66:	86 78       	andi	r24, 0x86	; 134
    1d68:	59 f0       	breq	.+22     	; 0x1d80 <vfprintf+0x658>
    1d6a:	01 ff       	sbrs	r16, 1
    1d6c:	02 c0       	rjmp	.+4      	; 0x1d72 <vfprintf+0x64a>
    1d6e:	8b e2       	ldi	r24, 0x2B	; 43
    1d70:	01 c0       	rjmp	.+2      	; 0x1d74 <vfprintf+0x64c>
    1d72:	80 e2       	ldi	r24, 0x20	; 32
    1d74:	07 fd       	sbrc	r16, 7
    1d76:	8d e2       	ldi	r24, 0x2D	; 45
    1d78:	b7 01       	movw	r22, r14
    1d7a:	90 e0       	ldi	r25, 0x00	; 0
    1d7c:	0e 94 81 11 	call	0x2302	; 0x2302 <fputc>
    1d80:	c1 16       	cp	r12, r17
    1d82:	38 f4       	brcc	.+14     	; 0x1d92 <vfprintf+0x66a>
    1d84:	b7 01       	movw	r22, r14
    1d86:	80 e3       	ldi	r24, 0x30	; 48
    1d88:	90 e0       	ldi	r25, 0x00	; 0
    1d8a:	0e 94 81 11 	call	0x2302	; 0x2302 <fputc>
    1d8e:	11 50       	subi	r17, 0x01	; 1
    1d90:	f7 cf       	rjmp	.-18     	; 0x1d80 <vfprintf+0x658>
    1d92:	ca 94       	dec	r12
    1d94:	f3 01       	movw	r30, r6
    1d96:	ec 0d       	add	r30, r12
    1d98:	f1 1d       	adc	r31, r1
    1d9a:	80 81       	ld	r24, Z
    1d9c:	b7 01       	movw	r22, r14
    1d9e:	90 e0       	ldi	r25, 0x00	; 0
    1da0:	0e 94 81 11 	call	0x2302	; 0x2302 <fputc>
    1da4:	c1 10       	cpse	r12, r1
    1da6:	f5 cf       	rjmp	.-22     	; 0x1d92 <vfprintf+0x66a>
    1da8:	15 c0       	rjmp	.+42     	; 0x1dd4 <vfprintf+0x6ac>
    1daa:	f4 e0       	ldi	r31, 0x04	; 4
    1dac:	f5 15       	cp	r31, r5
    1dae:	60 f5       	brcc	.+88     	; 0x1e08 <vfprintf+0x6e0>
    1db0:	84 e0       	ldi	r24, 0x04	; 4
    1db2:	58 1a       	sub	r5, r24
    1db4:	93 fe       	sbrs	r9, 3
    1db6:	1f c0       	rjmp	.+62     	; 0x1df6 <vfprintf+0x6ce>
    1db8:	01 11       	cpse	r16, r1
    1dba:	27 c0       	rjmp	.+78     	; 0x1e0a <vfprintf+0x6e2>
    1dbc:	2c 85       	ldd	r18, Y+12	; 0x0c
    1dbe:	23 ff       	sbrs	r18, 3
    1dc0:	2a c0       	rjmp	.+84     	; 0x1e16 <vfprintf+0x6ee>
    1dc2:	0c e0       	ldi	r16, 0x0C	; 12
    1dc4:	12 e0       	ldi	r17, 0x02	; 2
    1dc6:	39 2d       	mov	r19, r9
    1dc8:	30 71       	andi	r19, 0x10	; 16
    1dca:	93 2e       	mov	r9, r19
    1dcc:	f8 01       	movw	r30, r16
    1dce:	84 91       	lpm	r24, Z
    1dd0:	81 11       	cpse	r24, r1
    1dd2:	24 c0       	rjmp	.+72     	; 0x1e1c <vfprintf+0x6f4>
    1dd4:	55 20       	and	r5, r5
    1dd6:	09 f4       	brne	.+2      	; 0x1dda <vfprintf+0x6b2>
    1dd8:	e4 cc       	rjmp	.-1592   	; 0x17a2 <vfprintf+0x7a>
    1dda:	b7 01       	movw	r22, r14
    1ddc:	80 e2       	ldi	r24, 0x20	; 32
    1dde:	90 e0       	ldi	r25, 0x00	; 0
    1de0:	0e 94 81 11 	call	0x2302	; 0x2302 <fputc>
    1de4:	5a 94       	dec	r5
    1de6:	f6 cf       	rjmp	.-20     	; 0x1dd4 <vfprintf+0x6ac>
    1de8:	f7 01       	movw	r30, r14
    1dea:	86 81       	ldd	r24, Z+6	; 0x06
    1dec:	97 81       	ldd	r25, Z+7	; 0x07
    1dee:	26 c0       	rjmp	.+76     	; 0x1e3c <vfprintf+0x714>
    1df0:	8f ef       	ldi	r24, 0xFF	; 255
    1df2:	9f ef       	ldi	r25, 0xFF	; 255
    1df4:	23 c0       	rjmp	.+70     	; 0x1e3c <vfprintf+0x714>
    1df6:	b7 01       	movw	r22, r14
    1df8:	80 e2       	ldi	r24, 0x20	; 32
    1dfa:	90 e0       	ldi	r25, 0x00	; 0
    1dfc:	0e 94 81 11 	call	0x2302	; 0x2302 <fputc>
    1e00:	5a 94       	dec	r5
    1e02:	51 10       	cpse	r5, r1
    1e04:	f8 cf       	rjmp	.-16     	; 0x1df6 <vfprintf+0x6ce>
    1e06:	d8 cf       	rjmp	.-80     	; 0x1db8 <vfprintf+0x690>
    1e08:	51 2c       	mov	r5, r1
    1e0a:	b7 01       	movw	r22, r14
    1e0c:	80 2f       	mov	r24, r16
    1e0e:	90 e0       	ldi	r25, 0x00	; 0
    1e10:	0e 94 81 11 	call	0x2302	; 0x2302 <fputc>
    1e14:	d3 cf       	rjmp	.-90     	; 0x1dbc <vfprintf+0x694>
    1e16:	00 e1       	ldi	r16, 0x10	; 16
    1e18:	12 e0       	ldi	r17, 0x02	; 2
    1e1a:	d5 cf       	rjmp	.-86     	; 0x1dc6 <vfprintf+0x69e>
    1e1c:	91 10       	cpse	r9, r1
    1e1e:	80 52       	subi	r24, 0x20	; 32
    1e20:	b7 01       	movw	r22, r14
    1e22:	90 e0       	ldi	r25, 0x00	; 0
    1e24:	0e 94 81 11 	call	0x2302	; 0x2302 <fputc>
    1e28:	0f 5f       	subi	r16, 0xFF	; 255
    1e2a:	1f 4f       	sbci	r17, 0xFF	; 255
    1e2c:	cf cf       	rjmp	.-98     	; 0x1dcc <vfprintf+0x6a4>
    1e2e:	23 e0       	ldi	r18, 0x03	; 3
    1e30:	25 15       	cp	r18, r5
    1e32:	10 f4       	brcc	.+4      	; 0x1e38 <vfprintf+0x710>
    1e34:	83 e0       	ldi	r24, 0x03	; 3
    1e36:	bd cf       	rjmp	.-134    	; 0x1db2 <vfprintf+0x68a>
    1e38:	51 2c       	mov	r5, r1
    1e3a:	c0 cf       	rjmp	.-128    	; 0x1dbc <vfprintf+0x694>
    1e3c:	60 96       	adiw	r28, 0x10	; 16
    1e3e:	cd bf       	out	0x3d, r28	; 61
    1e40:	de bf       	out	0x3e, r29	; 62
    1e42:	df 91       	pop	r29
    1e44:	cf 91       	pop	r28
    1e46:	1f 91       	pop	r17
    1e48:	0f 91       	pop	r16
    1e4a:	ff 90       	pop	r15
    1e4c:	ef 90       	pop	r14
    1e4e:	df 90       	pop	r13
    1e50:	cf 90       	pop	r12
    1e52:	bf 90       	pop	r11
    1e54:	af 90       	pop	r10
    1e56:	9f 90       	pop	r9
    1e58:	8f 90       	pop	r8
    1e5a:	7f 90       	pop	r7
    1e5c:	6f 90       	pop	r6
    1e5e:	5f 90       	pop	r5
    1e60:	4f 90       	pop	r4
    1e62:	3f 90       	pop	r3
    1e64:	2f 90       	pop	r2
    1e66:	08 95       	ret

00001e68 <__udivmodhi4>:
    1e68:	aa 1b       	sub	r26, r26
    1e6a:	bb 1b       	sub	r27, r27
    1e6c:	51 e1       	ldi	r21, 0x11	; 17
    1e6e:	07 c0       	rjmp	.+14     	; 0x1e7e <__udivmodhi4_ep>

00001e70 <__udivmodhi4_loop>:
    1e70:	aa 1f       	adc	r26, r26
    1e72:	bb 1f       	adc	r27, r27
    1e74:	a6 17       	cp	r26, r22
    1e76:	b7 07       	cpc	r27, r23
    1e78:	10 f0       	brcs	.+4      	; 0x1e7e <__udivmodhi4_ep>
    1e7a:	a6 1b       	sub	r26, r22
    1e7c:	b7 0b       	sbc	r27, r23

00001e7e <__udivmodhi4_ep>:
    1e7e:	88 1f       	adc	r24, r24
    1e80:	99 1f       	adc	r25, r25
    1e82:	5a 95       	dec	r21
    1e84:	a9 f7       	brne	.-22     	; 0x1e70 <__udivmodhi4_loop>
    1e86:	80 95       	com	r24
    1e88:	90 95       	com	r25
    1e8a:	bc 01       	movw	r22, r24
    1e8c:	cd 01       	movw	r24, r26
    1e8e:	08 95       	ret

00001e90 <__divmodhi4>:
    1e90:	97 fb       	bst	r25, 7
    1e92:	07 2e       	mov	r0, r23
    1e94:	16 f4       	brtc	.+4      	; 0x1e9a <__divmodhi4+0xa>
    1e96:	00 94       	com	r0
    1e98:	07 d0       	rcall	.+14     	; 0x1ea8 <__divmodhi4_neg1>
    1e9a:	77 fd       	sbrc	r23, 7
    1e9c:	09 d0       	rcall	.+18     	; 0x1eb0 <__divmodhi4_neg2>
    1e9e:	0e 94 34 0f 	call	0x1e68	; 0x1e68 <__udivmodhi4>
    1ea2:	07 fc       	sbrc	r0, 7
    1ea4:	05 d0       	rcall	.+10     	; 0x1eb0 <__divmodhi4_neg2>
    1ea6:	3e f4       	brtc	.+14     	; 0x1eb6 <__divmodhi4_exit>

00001ea8 <__divmodhi4_neg1>:
    1ea8:	90 95       	com	r25
    1eaa:	81 95       	neg	r24
    1eac:	9f 4f       	sbci	r25, 0xFF	; 255
    1eae:	08 95       	ret

00001eb0 <__divmodhi4_neg2>:
    1eb0:	70 95       	com	r23
    1eb2:	61 95       	neg	r22
    1eb4:	7f 4f       	sbci	r23, 0xFF	; 255

00001eb6 <__divmodhi4_exit>:
    1eb6:	08 95       	ret

00001eb8 <__umulhisi3>:
    1eb8:	a2 9f       	mul	r26, r18
    1eba:	b0 01       	movw	r22, r0
    1ebc:	b3 9f       	mul	r27, r19
    1ebe:	c0 01       	movw	r24, r0
    1ec0:	a3 9f       	mul	r26, r19
    1ec2:	70 0d       	add	r23, r0
    1ec4:	81 1d       	adc	r24, r1
    1ec6:	11 24       	eor	r1, r1
    1ec8:	91 1d       	adc	r25, r1
    1eca:	b2 9f       	mul	r27, r18
    1ecc:	70 0d       	add	r23, r0
    1ece:	81 1d       	adc	r24, r1
    1ed0:	11 24       	eor	r1, r1
    1ed2:	91 1d       	adc	r25, r1
    1ed4:	08 95       	ret

00001ed6 <malloc>:
    1ed6:	0f 93       	push	r16
    1ed8:	1f 93       	push	r17
    1eda:	cf 93       	push	r28
    1edc:	df 93       	push	r29
    1ede:	82 30       	cpi	r24, 0x02	; 2
    1ee0:	91 05       	cpc	r25, r1
    1ee2:	10 f4       	brcc	.+4      	; 0x1ee8 <malloc+0x12>
    1ee4:	82 e0       	ldi	r24, 0x02	; 2
    1ee6:	90 e0       	ldi	r25, 0x00	; 0
    1ee8:	e0 91 7e 21 	lds	r30, 0x217E	; 0x80217e <__flp>
    1eec:	f0 91 7f 21 	lds	r31, 0x217F	; 0x80217f <__flp+0x1>
    1ef0:	20 e0       	ldi	r18, 0x00	; 0
    1ef2:	30 e0       	ldi	r19, 0x00	; 0
    1ef4:	a0 e0       	ldi	r26, 0x00	; 0
    1ef6:	b0 e0       	ldi	r27, 0x00	; 0
    1ef8:	30 97       	sbiw	r30, 0x00	; 0
    1efa:	19 f1       	breq	.+70     	; 0x1f42 <malloc+0x6c>
    1efc:	40 81       	ld	r20, Z
    1efe:	51 81       	ldd	r21, Z+1	; 0x01
    1f00:	02 81       	ldd	r16, Z+2	; 0x02
    1f02:	13 81       	ldd	r17, Z+3	; 0x03
    1f04:	48 17       	cp	r20, r24
    1f06:	59 07       	cpc	r21, r25
    1f08:	c8 f0       	brcs	.+50     	; 0x1f3c <malloc+0x66>
    1f0a:	84 17       	cp	r24, r20
    1f0c:	95 07       	cpc	r25, r21
    1f0e:	69 f4       	brne	.+26     	; 0x1f2a <malloc+0x54>
    1f10:	10 97       	sbiw	r26, 0x00	; 0
    1f12:	31 f0       	breq	.+12     	; 0x1f20 <malloc+0x4a>
    1f14:	12 96       	adiw	r26, 0x02	; 2
    1f16:	0c 93       	st	X, r16
    1f18:	12 97       	sbiw	r26, 0x02	; 2
    1f1a:	13 96       	adiw	r26, 0x03	; 3
    1f1c:	1c 93       	st	X, r17
    1f1e:	27 c0       	rjmp	.+78     	; 0x1f6e <malloc+0x98>
    1f20:	00 93 7e 21 	sts	0x217E, r16	; 0x80217e <__flp>
    1f24:	10 93 7f 21 	sts	0x217F, r17	; 0x80217f <__flp+0x1>
    1f28:	22 c0       	rjmp	.+68     	; 0x1f6e <malloc+0x98>
    1f2a:	21 15       	cp	r18, r1
    1f2c:	31 05       	cpc	r19, r1
    1f2e:	19 f0       	breq	.+6      	; 0x1f36 <malloc+0x60>
    1f30:	42 17       	cp	r20, r18
    1f32:	53 07       	cpc	r21, r19
    1f34:	18 f4       	brcc	.+6      	; 0x1f3c <malloc+0x66>
    1f36:	9a 01       	movw	r18, r20
    1f38:	bd 01       	movw	r22, r26
    1f3a:	ef 01       	movw	r28, r30
    1f3c:	df 01       	movw	r26, r30
    1f3e:	f8 01       	movw	r30, r16
    1f40:	db cf       	rjmp	.-74     	; 0x1ef8 <malloc+0x22>
    1f42:	21 15       	cp	r18, r1
    1f44:	31 05       	cpc	r19, r1
    1f46:	f9 f0       	breq	.+62     	; 0x1f86 <malloc+0xb0>
    1f48:	28 1b       	sub	r18, r24
    1f4a:	39 0b       	sbc	r19, r25
    1f4c:	24 30       	cpi	r18, 0x04	; 4
    1f4e:	31 05       	cpc	r19, r1
    1f50:	80 f4       	brcc	.+32     	; 0x1f72 <malloc+0x9c>
    1f52:	8a 81       	ldd	r24, Y+2	; 0x02
    1f54:	9b 81       	ldd	r25, Y+3	; 0x03
    1f56:	61 15       	cp	r22, r1
    1f58:	71 05       	cpc	r23, r1
    1f5a:	21 f0       	breq	.+8      	; 0x1f64 <malloc+0x8e>
    1f5c:	fb 01       	movw	r30, r22
    1f5e:	82 83       	std	Z+2, r24	; 0x02
    1f60:	93 83       	std	Z+3, r25	; 0x03
    1f62:	04 c0       	rjmp	.+8      	; 0x1f6c <malloc+0x96>
    1f64:	80 93 7e 21 	sts	0x217E, r24	; 0x80217e <__flp>
    1f68:	90 93 7f 21 	sts	0x217F, r25	; 0x80217f <__flp+0x1>
    1f6c:	fe 01       	movw	r30, r28
    1f6e:	32 96       	adiw	r30, 0x02	; 2
    1f70:	44 c0       	rjmp	.+136    	; 0x1ffa <malloc+0x124>
    1f72:	fe 01       	movw	r30, r28
    1f74:	e2 0f       	add	r30, r18
    1f76:	f3 1f       	adc	r31, r19
    1f78:	81 93       	st	Z+, r24
    1f7a:	91 93       	st	Z+, r25
    1f7c:	22 50       	subi	r18, 0x02	; 2
    1f7e:	31 09       	sbc	r19, r1
    1f80:	28 83       	st	Y, r18
    1f82:	39 83       	std	Y+1, r19	; 0x01
    1f84:	3a c0       	rjmp	.+116    	; 0x1ffa <malloc+0x124>
    1f86:	20 91 7c 21 	lds	r18, 0x217C	; 0x80217c <__brkval>
    1f8a:	30 91 7d 21 	lds	r19, 0x217D	; 0x80217d <__brkval+0x1>
    1f8e:	23 2b       	or	r18, r19
    1f90:	41 f4       	brne	.+16     	; 0x1fa2 <malloc+0xcc>
    1f92:	20 91 02 20 	lds	r18, 0x2002	; 0x802002 <__malloc_heap_start>
    1f96:	30 91 03 20 	lds	r19, 0x2003	; 0x802003 <__malloc_heap_start+0x1>
    1f9a:	20 93 7c 21 	sts	0x217C, r18	; 0x80217c <__brkval>
    1f9e:	30 93 7d 21 	sts	0x217D, r19	; 0x80217d <__brkval+0x1>
    1fa2:	20 91 00 20 	lds	r18, 0x2000	; 0x802000 <__DATA_REGION_ORIGIN__>
    1fa6:	30 91 01 20 	lds	r19, 0x2001	; 0x802001 <__DATA_REGION_ORIGIN__+0x1>
    1faa:	21 15       	cp	r18, r1
    1fac:	31 05       	cpc	r19, r1
    1fae:	41 f4       	brne	.+16     	; 0x1fc0 <malloc+0xea>
    1fb0:	2d b7       	in	r18, 0x3d	; 61
    1fb2:	3e b7       	in	r19, 0x3e	; 62
    1fb4:	40 91 04 20 	lds	r20, 0x2004	; 0x802004 <__malloc_margin>
    1fb8:	50 91 05 20 	lds	r21, 0x2005	; 0x802005 <__malloc_margin+0x1>
    1fbc:	24 1b       	sub	r18, r20
    1fbe:	35 0b       	sbc	r19, r21
    1fc0:	e0 91 7c 21 	lds	r30, 0x217C	; 0x80217c <__brkval>
    1fc4:	f0 91 7d 21 	lds	r31, 0x217D	; 0x80217d <__brkval+0x1>
    1fc8:	e2 17       	cp	r30, r18
    1fca:	f3 07       	cpc	r31, r19
    1fcc:	a0 f4       	brcc	.+40     	; 0x1ff6 <malloc+0x120>
    1fce:	2e 1b       	sub	r18, r30
    1fd0:	3f 0b       	sbc	r19, r31
    1fd2:	28 17       	cp	r18, r24
    1fd4:	39 07       	cpc	r19, r25
    1fd6:	78 f0       	brcs	.+30     	; 0x1ff6 <malloc+0x120>
    1fd8:	ac 01       	movw	r20, r24
    1fda:	4e 5f       	subi	r20, 0xFE	; 254
    1fdc:	5f 4f       	sbci	r21, 0xFF	; 255
    1fde:	24 17       	cp	r18, r20
    1fe0:	35 07       	cpc	r19, r21
    1fe2:	48 f0       	brcs	.+18     	; 0x1ff6 <malloc+0x120>
    1fe4:	4e 0f       	add	r20, r30
    1fe6:	5f 1f       	adc	r21, r31
    1fe8:	40 93 7c 21 	sts	0x217C, r20	; 0x80217c <__brkval>
    1fec:	50 93 7d 21 	sts	0x217D, r21	; 0x80217d <__brkval+0x1>
    1ff0:	81 93       	st	Z+, r24
    1ff2:	91 93       	st	Z+, r25
    1ff4:	02 c0       	rjmp	.+4      	; 0x1ffa <malloc+0x124>
    1ff6:	e0 e0       	ldi	r30, 0x00	; 0
    1ff8:	f0 e0       	ldi	r31, 0x00	; 0
    1ffa:	cf 01       	movw	r24, r30
    1ffc:	df 91       	pop	r29
    1ffe:	cf 91       	pop	r28
    2000:	1f 91       	pop	r17
    2002:	0f 91       	pop	r16
    2004:	08 95       	ret

00002006 <free>:
    2006:	cf 93       	push	r28
    2008:	df 93       	push	r29
    200a:	00 97       	sbiw	r24, 0x00	; 0
    200c:	09 f4       	brne	.+2      	; 0x2010 <free+0xa>
    200e:	81 c0       	rjmp	.+258    	; 0x2112 <free+0x10c>
    2010:	fc 01       	movw	r30, r24
    2012:	32 97       	sbiw	r30, 0x02	; 2
    2014:	12 82       	std	Z+2, r1	; 0x02
    2016:	13 82       	std	Z+3, r1	; 0x03
    2018:	a0 91 7e 21 	lds	r26, 0x217E	; 0x80217e <__flp>
    201c:	b0 91 7f 21 	lds	r27, 0x217F	; 0x80217f <__flp+0x1>
    2020:	10 97       	sbiw	r26, 0x00	; 0
    2022:	81 f4       	brne	.+32     	; 0x2044 <free+0x3e>
    2024:	20 81       	ld	r18, Z
    2026:	31 81       	ldd	r19, Z+1	; 0x01
    2028:	82 0f       	add	r24, r18
    202a:	93 1f       	adc	r25, r19
    202c:	20 91 7c 21 	lds	r18, 0x217C	; 0x80217c <__brkval>
    2030:	30 91 7d 21 	lds	r19, 0x217D	; 0x80217d <__brkval+0x1>
    2034:	28 17       	cp	r18, r24
    2036:	39 07       	cpc	r19, r25
    2038:	51 f5       	brne	.+84     	; 0x208e <free+0x88>
    203a:	e0 93 7c 21 	sts	0x217C, r30	; 0x80217c <__brkval>
    203e:	f0 93 7d 21 	sts	0x217D, r31	; 0x80217d <__brkval+0x1>
    2042:	67 c0       	rjmp	.+206    	; 0x2112 <free+0x10c>
    2044:	ed 01       	movw	r28, r26
    2046:	20 e0       	ldi	r18, 0x00	; 0
    2048:	30 e0       	ldi	r19, 0x00	; 0
    204a:	ce 17       	cp	r28, r30
    204c:	df 07       	cpc	r29, r31
    204e:	40 f4       	brcc	.+16     	; 0x2060 <free+0x5a>
    2050:	4a 81       	ldd	r20, Y+2	; 0x02
    2052:	5b 81       	ldd	r21, Y+3	; 0x03
    2054:	9e 01       	movw	r18, r28
    2056:	41 15       	cp	r20, r1
    2058:	51 05       	cpc	r21, r1
    205a:	f1 f0       	breq	.+60     	; 0x2098 <free+0x92>
    205c:	ea 01       	movw	r28, r20
    205e:	f5 cf       	rjmp	.-22     	; 0x204a <free+0x44>
    2060:	c2 83       	std	Z+2, r28	; 0x02
    2062:	d3 83       	std	Z+3, r29	; 0x03
    2064:	40 81       	ld	r20, Z
    2066:	51 81       	ldd	r21, Z+1	; 0x01
    2068:	84 0f       	add	r24, r20
    206a:	95 1f       	adc	r25, r21
    206c:	c8 17       	cp	r28, r24
    206e:	d9 07       	cpc	r29, r25
    2070:	59 f4       	brne	.+22     	; 0x2088 <free+0x82>
    2072:	88 81       	ld	r24, Y
    2074:	99 81       	ldd	r25, Y+1	; 0x01
    2076:	84 0f       	add	r24, r20
    2078:	95 1f       	adc	r25, r21
    207a:	02 96       	adiw	r24, 0x02	; 2
    207c:	80 83       	st	Z, r24
    207e:	91 83       	std	Z+1, r25	; 0x01
    2080:	8a 81       	ldd	r24, Y+2	; 0x02
    2082:	9b 81       	ldd	r25, Y+3	; 0x03
    2084:	82 83       	std	Z+2, r24	; 0x02
    2086:	93 83       	std	Z+3, r25	; 0x03
    2088:	21 15       	cp	r18, r1
    208a:	31 05       	cpc	r19, r1
    208c:	29 f4       	brne	.+10     	; 0x2098 <free+0x92>
    208e:	e0 93 7e 21 	sts	0x217E, r30	; 0x80217e <__flp>
    2092:	f0 93 7f 21 	sts	0x217F, r31	; 0x80217f <__flp+0x1>
    2096:	3d c0       	rjmp	.+122    	; 0x2112 <free+0x10c>
    2098:	e9 01       	movw	r28, r18
    209a:	ea 83       	std	Y+2, r30	; 0x02
    209c:	fb 83       	std	Y+3, r31	; 0x03
    209e:	49 91       	ld	r20, Y+
    20a0:	59 91       	ld	r21, Y+
    20a2:	c4 0f       	add	r28, r20
    20a4:	d5 1f       	adc	r29, r21
    20a6:	ec 17       	cp	r30, r28
    20a8:	fd 07       	cpc	r31, r29
    20aa:	61 f4       	brne	.+24     	; 0x20c4 <free+0xbe>
    20ac:	80 81       	ld	r24, Z
    20ae:	91 81       	ldd	r25, Z+1	; 0x01
    20b0:	84 0f       	add	r24, r20
    20b2:	95 1f       	adc	r25, r21
    20b4:	02 96       	adiw	r24, 0x02	; 2
    20b6:	e9 01       	movw	r28, r18
    20b8:	88 83       	st	Y, r24
    20ba:	99 83       	std	Y+1, r25	; 0x01
    20bc:	82 81       	ldd	r24, Z+2	; 0x02
    20be:	93 81       	ldd	r25, Z+3	; 0x03
    20c0:	8a 83       	std	Y+2, r24	; 0x02
    20c2:	9b 83       	std	Y+3, r25	; 0x03
    20c4:	e0 e0       	ldi	r30, 0x00	; 0
    20c6:	f0 e0       	ldi	r31, 0x00	; 0
    20c8:	12 96       	adiw	r26, 0x02	; 2
    20ca:	8d 91       	ld	r24, X+
    20cc:	9c 91       	ld	r25, X
    20ce:	13 97       	sbiw	r26, 0x03	; 3
    20d0:	00 97       	sbiw	r24, 0x00	; 0
    20d2:	19 f0       	breq	.+6      	; 0x20da <free+0xd4>
    20d4:	fd 01       	movw	r30, r26
    20d6:	dc 01       	movw	r26, r24
    20d8:	f7 cf       	rjmp	.-18     	; 0x20c8 <free+0xc2>
    20da:	8d 91       	ld	r24, X+
    20dc:	9c 91       	ld	r25, X
    20de:	11 97       	sbiw	r26, 0x01	; 1
    20e0:	9d 01       	movw	r18, r26
    20e2:	2e 5f       	subi	r18, 0xFE	; 254
    20e4:	3f 4f       	sbci	r19, 0xFF	; 255
    20e6:	82 0f       	add	r24, r18
    20e8:	93 1f       	adc	r25, r19
    20ea:	20 91 7c 21 	lds	r18, 0x217C	; 0x80217c <__brkval>
    20ee:	30 91 7d 21 	lds	r19, 0x217D	; 0x80217d <__brkval+0x1>
    20f2:	28 17       	cp	r18, r24
    20f4:	39 07       	cpc	r19, r25
    20f6:	69 f4       	brne	.+26     	; 0x2112 <free+0x10c>
    20f8:	30 97       	sbiw	r30, 0x00	; 0
    20fa:	29 f4       	brne	.+10     	; 0x2106 <free+0x100>
    20fc:	10 92 7e 21 	sts	0x217E, r1	; 0x80217e <__flp>
    2100:	10 92 7f 21 	sts	0x217F, r1	; 0x80217f <__flp+0x1>
    2104:	02 c0       	rjmp	.+4      	; 0x210a <free+0x104>
    2106:	12 82       	std	Z+2, r1	; 0x02
    2108:	13 82       	std	Z+3, r1	; 0x03
    210a:	a0 93 7c 21 	sts	0x217C, r26	; 0x80217c <__brkval>
    210e:	b0 93 7d 21 	sts	0x217D, r27	; 0x80217d <__brkval+0x1>
    2112:	df 91       	pop	r29
    2114:	cf 91       	pop	r28
    2116:	08 95       	ret

00002118 <__ftoa_engine>:
    2118:	28 30       	cpi	r18, 0x08	; 8
    211a:	08 f0       	brcs	.+2      	; 0x211e <__ftoa_engine+0x6>
    211c:	27 e0       	ldi	r18, 0x07	; 7
    211e:	33 27       	eor	r19, r19
    2120:	da 01       	movw	r26, r20
    2122:	99 0f       	add	r25, r25
    2124:	31 1d       	adc	r19, r1
    2126:	87 fd       	sbrc	r24, 7
    2128:	91 60       	ori	r25, 0x01	; 1
    212a:	00 96       	adiw	r24, 0x00	; 0
    212c:	61 05       	cpc	r22, r1
    212e:	71 05       	cpc	r23, r1
    2130:	39 f4       	brne	.+14     	; 0x2140 <__ftoa_engine+0x28>
    2132:	32 60       	ori	r19, 0x02	; 2
    2134:	2e 5f       	subi	r18, 0xFE	; 254
    2136:	3d 93       	st	X+, r19
    2138:	30 e3       	ldi	r19, 0x30	; 48
    213a:	2a 95       	dec	r18
    213c:	e1 f7       	brne	.-8      	; 0x2136 <__ftoa_engine+0x1e>
    213e:	08 95       	ret
    2140:	9f 3f       	cpi	r25, 0xFF	; 255
    2142:	30 f0       	brcs	.+12     	; 0x2150 <__ftoa_engine+0x38>
    2144:	80 38       	cpi	r24, 0x80	; 128
    2146:	71 05       	cpc	r23, r1
    2148:	61 05       	cpc	r22, r1
    214a:	09 f0       	breq	.+2      	; 0x214e <__ftoa_engine+0x36>
    214c:	3c 5f       	subi	r19, 0xFC	; 252
    214e:	3c 5f       	subi	r19, 0xFC	; 252
    2150:	3d 93       	st	X+, r19
    2152:	91 30       	cpi	r25, 0x01	; 1
    2154:	08 f0       	brcs	.+2      	; 0x2158 <__ftoa_engine+0x40>
    2156:	80 68       	ori	r24, 0x80	; 128
    2158:	91 1d       	adc	r25, r1
    215a:	df 93       	push	r29
    215c:	cf 93       	push	r28
    215e:	1f 93       	push	r17
    2160:	0f 93       	push	r16
    2162:	ff 92       	push	r15
    2164:	ef 92       	push	r14
    2166:	19 2f       	mov	r17, r25
    2168:	98 7f       	andi	r25, 0xF8	; 248
    216a:	96 95       	lsr	r25
    216c:	e9 2f       	mov	r30, r25
    216e:	96 95       	lsr	r25
    2170:	96 95       	lsr	r25
    2172:	e9 0f       	add	r30, r25
    2174:	ff 27       	eor	r31, r31
    2176:	e2 59       	subi	r30, 0x92	; 146
    2178:	fd 4f       	sbci	r31, 0xFD	; 253
    217a:	99 27       	eor	r25, r25
    217c:	33 27       	eor	r19, r19
    217e:	ee 24       	eor	r14, r14
    2180:	ff 24       	eor	r15, r15
    2182:	a7 01       	movw	r20, r14
    2184:	e7 01       	movw	r28, r14
    2186:	05 90       	lpm	r0, Z+
    2188:	08 94       	sec
    218a:	07 94       	ror	r0
    218c:	28 f4       	brcc	.+10     	; 0x2198 <__ftoa_engine+0x80>
    218e:	36 0f       	add	r19, r22
    2190:	e7 1e       	adc	r14, r23
    2192:	f8 1e       	adc	r15, r24
    2194:	49 1f       	adc	r20, r25
    2196:	51 1d       	adc	r21, r1
    2198:	66 0f       	add	r22, r22
    219a:	77 1f       	adc	r23, r23
    219c:	88 1f       	adc	r24, r24
    219e:	99 1f       	adc	r25, r25
    21a0:	06 94       	lsr	r0
    21a2:	a1 f7       	brne	.-24     	; 0x218c <__ftoa_engine+0x74>
    21a4:	05 90       	lpm	r0, Z+
    21a6:	07 94       	ror	r0
    21a8:	28 f4       	brcc	.+10     	; 0x21b4 <__ftoa_engine+0x9c>
    21aa:	e7 0e       	add	r14, r23
    21ac:	f8 1e       	adc	r15, r24
    21ae:	49 1f       	adc	r20, r25
    21b0:	56 1f       	adc	r21, r22
    21b2:	c1 1d       	adc	r28, r1
    21b4:	77 0f       	add	r23, r23
    21b6:	88 1f       	adc	r24, r24
    21b8:	99 1f       	adc	r25, r25
    21ba:	66 1f       	adc	r22, r22
    21bc:	06 94       	lsr	r0
    21be:	a1 f7       	brne	.-24     	; 0x21a8 <__ftoa_engine+0x90>
    21c0:	05 90       	lpm	r0, Z+
    21c2:	07 94       	ror	r0
    21c4:	28 f4       	brcc	.+10     	; 0x21d0 <__ftoa_engine+0xb8>
    21c6:	f8 0e       	add	r15, r24
    21c8:	49 1f       	adc	r20, r25
    21ca:	56 1f       	adc	r21, r22
    21cc:	c7 1f       	adc	r28, r23
    21ce:	d1 1d       	adc	r29, r1
    21d0:	88 0f       	add	r24, r24
    21d2:	99 1f       	adc	r25, r25
    21d4:	66 1f       	adc	r22, r22
    21d6:	77 1f       	adc	r23, r23
    21d8:	06 94       	lsr	r0
    21da:	a1 f7       	brne	.-24     	; 0x21c4 <__ftoa_engine+0xac>
    21dc:	05 90       	lpm	r0, Z+
    21de:	07 94       	ror	r0
    21e0:	20 f4       	brcc	.+8      	; 0x21ea <__ftoa_engine+0xd2>
    21e2:	49 0f       	add	r20, r25
    21e4:	56 1f       	adc	r21, r22
    21e6:	c7 1f       	adc	r28, r23
    21e8:	d8 1f       	adc	r29, r24
    21ea:	99 0f       	add	r25, r25
    21ec:	66 1f       	adc	r22, r22
    21ee:	77 1f       	adc	r23, r23
    21f0:	88 1f       	adc	r24, r24
    21f2:	06 94       	lsr	r0
    21f4:	a9 f7       	brne	.-22     	; 0x21e0 <__ftoa_engine+0xc8>
    21f6:	84 91       	lpm	r24, Z
    21f8:	10 95       	com	r17
    21fa:	17 70       	andi	r17, 0x07	; 7
    21fc:	41 f0       	breq	.+16     	; 0x220e <__ftoa_engine+0xf6>
    21fe:	d6 95       	lsr	r29
    2200:	c7 95       	ror	r28
    2202:	57 95       	ror	r21
    2204:	47 95       	ror	r20
    2206:	f7 94       	ror	r15
    2208:	e7 94       	ror	r14
    220a:	1a 95       	dec	r17
    220c:	c1 f7       	brne	.-16     	; 0x21fe <__ftoa_engine+0xe6>
    220e:	e4 e1       	ldi	r30, 0x14	; 20
    2210:	f2 e0       	ldi	r31, 0x02	; 2
    2212:	68 94       	set
    2214:	15 90       	lpm	r1, Z+
    2216:	15 91       	lpm	r17, Z+
    2218:	35 91       	lpm	r19, Z+
    221a:	65 91       	lpm	r22, Z+
    221c:	95 91       	lpm	r25, Z+
    221e:	05 90       	lpm	r0, Z+
    2220:	7f e2       	ldi	r23, 0x2F	; 47
    2222:	73 95       	inc	r23
    2224:	e1 18       	sub	r14, r1
    2226:	f1 0a       	sbc	r15, r17
    2228:	43 0b       	sbc	r20, r19
    222a:	56 0b       	sbc	r21, r22
    222c:	c9 0b       	sbc	r28, r25
    222e:	d0 09       	sbc	r29, r0
    2230:	c0 f7       	brcc	.-16     	; 0x2222 <__ftoa_engine+0x10a>
    2232:	e1 0c       	add	r14, r1
    2234:	f1 1e       	adc	r15, r17
    2236:	43 1f       	adc	r20, r19
    2238:	56 1f       	adc	r21, r22
    223a:	c9 1f       	adc	r28, r25
    223c:	d0 1d       	adc	r29, r0
    223e:	7e f4       	brtc	.+30     	; 0x225e <__ftoa_engine+0x146>
    2240:	70 33       	cpi	r23, 0x30	; 48
    2242:	11 f4       	brne	.+4      	; 0x2248 <__ftoa_engine+0x130>
    2244:	8a 95       	dec	r24
    2246:	e6 cf       	rjmp	.-52     	; 0x2214 <__ftoa_engine+0xfc>
    2248:	e8 94       	clt
    224a:	01 50       	subi	r16, 0x01	; 1
    224c:	30 f0       	brcs	.+12     	; 0x225a <__ftoa_engine+0x142>
    224e:	08 0f       	add	r16, r24
    2250:	0a f4       	brpl	.+2      	; 0x2254 <__ftoa_engine+0x13c>
    2252:	00 27       	eor	r16, r16
    2254:	02 17       	cp	r16, r18
    2256:	08 f4       	brcc	.+2      	; 0x225a <__ftoa_engine+0x142>
    2258:	20 2f       	mov	r18, r16
    225a:	23 95       	inc	r18
    225c:	02 2f       	mov	r16, r18
    225e:	7a 33       	cpi	r23, 0x3A	; 58
    2260:	28 f0       	brcs	.+10     	; 0x226c <__ftoa_engine+0x154>
    2262:	79 e3       	ldi	r23, 0x39	; 57
    2264:	7d 93       	st	X+, r23
    2266:	2a 95       	dec	r18
    2268:	e9 f7       	brne	.-6      	; 0x2264 <__ftoa_engine+0x14c>
    226a:	10 c0       	rjmp	.+32     	; 0x228c <__ftoa_engine+0x174>
    226c:	7d 93       	st	X+, r23
    226e:	2a 95       	dec	r18
    2270:	89 f6       	brne	.-94     	; 0x2214 <__ftoa_engine+0xfc>
    2272:	06 94       	lsr	r0
    2274:	97 95       	ror	r25
    2276:	67 95       	ror	r22
    2278:	37 95       	ror	r19
    227a:	17 95       	ror	r17
    227c:	17 94       	ror	r1
    227e:	e1 18       	sub	r14, r1
    2280:	f1 0a       	sbc	r15, r17
    2282:	43 0b       	sbc	r20, r19
    2284:	56 0b       	sbc	r21, r22
    2286:	c9 0b       	sbc	r28, r25
    2288:	d0 09       	sbc	r29, r0
    228a:	98 f0       	brcs	.+38     	; 0x22b2 <__ftoa_engine+0x19a>
    228c:	23 95       	inc	r18
    228e:	7e 91       	ld	r23, -X
    2290:	73 95       	inc	r23
    2292:	7a 33       	cpi	r23, 0x3A	; 58
    2294:	08 f0       	brcs	.+2      	; 0x2298 <__ftoa_engine+0x180>
    2296:	70 e3       	ldi	r23, 0x30	; 48
    2298:	7c 93       	st	X, r23
    229a:	20 13       	cpse	r18, r16
    229c:	b8 f7       	brcc	.-18     	; 0x228c <__ftoa_engine+0x174>
    229e:	7e 91       	ld	r23, -X
    22a0:	70 61       	ori	r23, 0x10	; 16
    22a2:	7d 93       	st	X+, r23
    22a4:	30 f0       	brcs	.+12     	; 0x22b2 <__ftoa_engine+0x19a>
    22a6:	83 95       	inc	r24
    22a8:	71 e3       	ldi	r23, 0x31	; 49
    22aa:	7d 93       	st	X+, r23
    22ac:	70 e3       	ldi	r23, 0x30	; 48
    22ae:	2a 95       	dec	r18
    22b0:	e1 f7       	brne	.-8      	; 0x22aa <__ftoa_engine+0x192>
    22b2:	11 24       	eor	r1, r1
    22b4:	ef 90       	pop	r14
    22b6:	ff 90       	pop	r15
    22b8:	0f 91       	pop	r16
    22ba:	1f 91       	pop	r17
    22bc:	cf 91       	pop	r28
    22be:	df 91       	pop	r29
    22c0:	99 27       	eor	r25, r25
    22c2:	87 fd       	sbrc	r24, 7
    22c4:	90 95       	com	r25
    22c6:	08 95       	ret

000022c8 <strnlen_P>:
    22c8:	fc 01       	movw	r30, r24
    22ca:	05 90       	lpm	r0, Z+
    22cc:	61 50       	subi	r22, 0x01	; 1
    22ce:	70 40       	sbci	r23, 0x00	; 0
    22d0:	01 10       	cpse	r0, r1
    22d2:	d8 f7       	brcc	.-10     	; 0x22ca <strnlen_P+0x2>
    22d4:	80 95       	com	r24
    22d6:	90 95       	com	r25
    22d8:	8e 0f       	add	r24, r30
    22da:	9f 1f       	adc	r25, r31
    22dc:	08 95       	ret

000022de <memset>:
    22de:	dc 01       	movw	r26, r24
    22e0:	01 c0       	rjmp	.+2      	; 0x22e4 <memset+0x6>
    22e2:	6d 93       	st	X+, r22
    22e4:	41 50       	subi	r20, 0x01	; 1
    22e6:	50 40       	sbci	r21, 0x00	; 0
    22e8:	e0 f7       	brcc	.-8      	; 0x22e2 <memset+0x4>
    22ea:	08 95       	ret

000022ec <strnlen>:
    22ec:	fc 01       	movw	r30, r24
    22ee:	61 50       	subi	r22, 0x01	; 1
    22f0:	70 40       	sbci	r23, 0x00	; 0
    22f2:	01 90       	ld	r0, Z+
    22f4:	01 10       	cpse	r0, r1
    22f6:	d8 f7       	brcc	.-10     	; 0x22ee <strnlen+0x2>
    22f8:	80 95       	com	r24
    22fa:	90 95       	com	r25
    22fc:	8e 0f       	add	r24, r30
    22fe:	9f 1f       	adc	r25, r31
    2300:	08 95       	ret

00002302 <fputc>:
    2302:	0f 93       	push	r16
    2304:	1f 93       	push	r17
    2306:	cf 93       	push	r28
    2308:	df 93       	push	r29
    230a:	fb 01       	movw	r30, r22
    230c:	23 81       	ldd	r18, Z+3	; 0x03
    230e:	21 fd       	sbrc	r18, 1
    2310:	03 c0       	rjmp	.+6      	; 0x2318 <fputc+0x16>
    2312:	8f ef       	ldi	r24, 0xFF	; 255
    2314:	9f ef       	ldi	r25, 0xFF	; 255
    2316:	2c c0       	rjmp	.+88     	; 0x2370 <fputc+0x6e>
    2318:	22 ff       	sbrs	r18, 2
    231a:	16 c0       	rjmp	.+44     	; 0x2348 <fputc+0x46>
    231c:	46 81       	ldd	r20, Z+6	; 0x06
    231e:	57 81       	ldd	r21, Z+7	; 0x07
    2320:	24 81       	ldd	r18, Z+4	; 0x04
    2322:	35 81       	ldd	r19, Z+5	; 0x05
    2324:	42 17       	cp	r20, r18
    2326:	53 07       	cpc	r21, r19
    2328:	44 f4       	brge	.+16     	; 0x233a <fputc+0x38>
    232a:	a0 81       	ld	r26, Z
    232c:	b1 81       	ldd	r27, Z+1	; 0x01
    232e:	9d 01       	movw	r18, r26
    2330:	2f 5f       	subi	r18, 0xFF	; 255
    2332:	3f 4f       	sbci	r19, 0xFF	; 255
    2334:	20 83       	st	Z, r18
    2336:	31 83       	std	Z+1, r19	; 0x01
    2338:	8c 93       	st	X, r24
    233a:	26 81       	ldd	r18, Z+6	; 0x06
    233c:	37 81       	ldd	r19, Z+7	; 0x07
    233e:	2f 5f       	subi	r18, 0xFF	; 255
    2340:	3f 4f       	sbci	r19, 0xFF	; 255
    2342:	26 83       	std	Z+6, r18	; 0x06
    2344:	37 83       	std	Z+7, r19	; 0x07
    2346:	14 c0       	rjmp	.+40     	; 0x2370 <fputc+0x6e>
    2348:	8b 01       	movw	r16, r22
    234a:	ec 01       	movw	r28, r24
    234c:	fb 01       	movw	r30, r22
    234e:	00 84       	ldd	r0, Z+8	; 0x08
    2350:	f1 85       	ldd	r31, Z+9	; 0x09
    2352:	e0 2d       	mov	r30, r0
    2354:	19 95       	eicall
    2356:	89 2b       	or	r24, r25
    2358:	e1 f6       	brne	.-72     	; 0x2312 <fputc+0x10>
    235a:	d8 01       	movw	r26, r16
    235c:	16 96       	adiw	r26, 0x06	; 6
    235e:	8d 91       	ld	r24, X+
    2360:	9c 91       	ld	r25, X
    2362:	17 97       	sbiw	r26, 0x07	; 7
    2364:	01 96       	adiw	r24, 0x01	; 1
    2366:	16 96       	adiw	r26, 0x06	; 6
    2368:	8d 93       	st	X+, r24
    236a:	9c 93       	st	X, r25
    236c:	17 97       	sbiw	r26, 0x07	; 7
    236e:	ce 01       	movw	r24, r28
    2370:	df 91       	pop	r29
    2372:	cf 91       	pop	r28
    2374:	1f 91       	pop	r17
    2376:	0f 91       	pop	r16
    2378:	08 95       	ret

0000237a <puts>:
    237a:	0f 93       	push	r16
    237c:	1f 93       	push	r17
    237e:	cf 93       	push	r28
    2380:	df 93       	push	r29
    2382:	e0 91 82 21 	lds	r30, 0x2182	; 0x802182 <__iob+0x2>
    2386:	f0 91 83 21 	lds	r31, 0x2183	; 0x802183 <__iob+0x3>
    238a:	23 81       	ldd	r18, Z+3	; 0x03
    238c:	21 ff       	sbrs	r18, 1
    238e:	1b c0       	rjmp	.+54     	; 0x23c6 <puts+0x4c>
    2390:	8c 01       	movw	r16, r24
    2392:	d0 e0       	ldi	r29, 0x00	; 0
    2394:	c0 e0       	ldi	r28, 0x00	; 0
    2396:	f8 01       	movw	r30, r16
    2398:	81 91       	ld	r24, Z+
    239a:	8f 01       	movw	r16, r30
    239c:	60 91 82 21 	lds	r22, 0x2182	; 0x802182 <__iob+0x2>
    23a0:	70 91 83 21 	lds	r23, 0x2183	; 0x802183 <__iob+0x3>
    23a4:	db 01       	movw	r26, r22
    23a6:	18 96       	adiw	r26, 0x08	; 8
    23a8:	ed 91       	ld	r30, X+
    23aa:	fc 91       	ld	r31, X
    23ac:	19 97       	sbiw	r26, 0x09	; 9
    23ae:	88 23       	and	r24, r24
    23b0:	31 f0       	breq	.+12     	; 0x23be <puts+0x44>
    23b2:	19 95       	eicall
    23b4:	89 2b       	or	r24, r25
    23b6:	79 f3       	breq	.-34     	; 0x2396 <puts+0x1c>
    23b8:	df ef       	ldi	r29, 0xFF	; 255
    23ba:	cf ef       	ldi	r28, 0xFF	; 255
    23bc:	ec cf       	rjmp	.-40     	; 0x2396 <puts+0x1c>
    23be:	8a e0       	ldi	r24, 0x0A	; 10
    23c0:	19 95       	eicall
    23c2:	89 2b       	or	r24, r25
    23c4:	19 f0       	breq	.+6      	; 0x23cc <puts+0x52>
    23c6:	8f ef       	ldi	r24, 0xFF	; 255
    23c8:	9f ef       	ldi	r25, 0xFF	; 255
    23ca:	02 c0       	rjmp	.+4      	; 0x23d0 <puts+0x56>
    23cc:	8d 2f       	mov	r24, r29
    23ce:	9c 2f       	mov	r25, r28
    23d0:	df 91       	pop	r29
    23d2:	cf 91       	pop	r28
    23d4:	1f 91       	pop	r17
    23d6:	0f 91       	pop	r16
    23d8:	08 95       	ret

000023da <__ultoa_invert>:
    23da:	fa 01       	movw	r30, r20
    23dc:	aa 27       	eor	r26, r26
    23de:	28 30       	cpi	r18, 0x08	; 8
    23e0:	51 f1       	breq	.+84     	; 0x2436 <__ultoa_invert+0x5c>
    23e2:	20 31       	cpi	r18, 0x10	; 16
    23e4:	81 f1       	breq	.+96     	; 0x2446 <__ultoa_invert+0x6c>
    23e6:	e8 94       	clt
    23e8:	6f 93       	push	r22
    23ea:	6e 7f       	andi	r22, 0xFE	; 254
    23ec:	6e 5f       	subi	r22, 0xFE	; 254
    23ee:	7f 4f       	sbci	r23, 0xFF	; 255
    23f0:	8f 4f       	sbci	r24, 0xFF	; 255
    23f2:	9f 4f       	sbci	r25, 0xFF	; 255
    23f4:	af 4f       	sbci	r26, 0xFF	; 255
    23f6:	b1 e0       	ldi	r27, 0x01	; 1
    23f8:	3e d0       	rcall	.+124    	; 0x2476 <__ultoa_invert+0x9c>
    23fa:	b4 e0       	ldi	r27, 0x04	; 4
    23fc:	3c d0       	rcall	.+120    	; 0x2476 <__ultoa_invert+0x9c>
    23fe:	67 0f       	add	r22, r23
    2400:	78 1f       	adc	r23, r24
    2402:	89 1f       	adc	r24, r25
    2404:	9a 1f       	adc	r25, r26
    2406:	a1 1d       	adc	r26, r1
    2408:	68 0f       	add	r22, r24
    240a:	79 1f       	adc	r23, r25
    240c:	8a 1f       	adc	r24, r26
    240e:	91 1d       	adc	r25, r1
    2410:	a1 1d       	adc	r26, r1
    2412:	6a 0f       	add	r22, r26
    2414:	71 1d       	adc	r23, r1
    2416:	81 1d       	adc	r24, r1
    2418:	91 1d       	adc	r25, r1
    241a:	a1 1d       	adc	r26, r1
    241c:	20 d0       	rcall	.+64     	; 0x245e <__ultoa_invert+0x84>
    241e:	09 f4       	brne	.+2      	; 0x2422 <__ultoa_invert+0x48>
    2420:	68 94       	set
    2422:	3f 91       	pop	r19
    2424:	2a e0       	ldi	r18, 0x0A	; 10
    2426:	26 9f       	mul	r18, r22
    2428:	11 24       	eor	r1, r1
    242a:	30 19       	sub	r19, r0
    242c:	30 5d       	subi	r19, 0xD0	; 208
    242e:	31 93       	st	Z+, r19
    2430:	de f6       	brtc	.-74     	; 0x23e8 <__ultoa_invert+0xe>
    2432:	cf 01       	movw	r24, r30
    2434:	08 95       	ret
    2436:	46 2f       	mov	r20, r22
    2438:	47 70       	andi	r20, 0x07	; 7
    243a:	40 5d       	subi	r20, 0xD0	; 208
    243c:	41 93       	st	Z+, r20
    243e:	b3 e0       	ldi	r27, 0x03	; 3
    2440:	0f d0       	rcall	.+30     	; 0x2460 <__ultoa_invert+0x86>
    2442:	c9 f7       	brne	.-14     	; 0x2436 <__ultoa_invert+0x5c>
    2444:	f6 cf       	rjmp	.-20     	; 0x2432 <__ultoa_invert+0x58>
    2446:	46 2f       	mov	r20, r22
    2448:	4f 70       	andi	r20, 0x0F	; 15
    244a:	40 5d       	subi	r20, 0xD0	; 208
    244c:	4a 33       	cpi	r20, 0x3A	; 58
    244e:	18 f0       	brcs	.+6      	; 0x2456 <__ultoa_invert+0x7c>
    2450:	49 5d       	subi	r20, 0xD9	; 217
    2452:	31 fd       	sbrc	r19, 1
    2454:	40 52       	subi	r20, 0x20	; 32
    2456:	41 93       	st	Z+, r20
    2458:	02 d0       	rcall	.+4      	; 0x245e <__ultoa_invert+0x84>
    245a:	a9 f7       	brne	.-22     	; 0x2446 <__ultoa_invert+0x6c>
    245c:	ea cf       	rjmp	.-44     	; 0x2432 <__ultoa_invert+0x58>
    245e:	b4 e0       	ldi	r27, 0x04	; 4
    2460:	a6 95       	lsr	r26
    2462:	97 95       	ror	r25
    2464:	87 95       	ror	r24
    2466:	77 95       	ror	r23
    2468:	67 95       	ror	r22
    246a:	ba 95       	dec	r27
    246c:	c9 f7       	brne	.-14     	; 0x2460 <__ultoa_invert+0x86>
    246e:	00 97       	sbiw	r24, 0x00	; 0
    2470:	61 05       	cpc	r22, r1
    2472:	71 05       	cpc	r23, r1
    2474:	08 95       	ret
    2476:	9b 01       	movw	r18, r22
    2478:	ac 01       	movw	r20, r24
    247a:	0a 2e       	mov	r0, r26
    247c:	06 94       	lsr	r0
    247e:	57 95       	ror	r21
    2480:	47 95       	ror	r20
    2482:	37 95       	ror	r19
    2484:	27 95       	ror	r18
    2486:	ba 95       	dec	r27
    2488:	c9 f7       	brne	.-14     	; 0x247c <__ultoa_invert+0xa2>
    248a:	62 0f       	add	r22, r18
    248c:	73 1f       	adc	r23, r19
    248e:	84 1f       	adc	r24, r20
    2490:	95 1f       	adc	r25, r21
    2492:	a0 1d       	adc	r26, r0
    2494:	08 95       	ret

00002496 <_exit>:
    2496:	f8 94       	cli

00002498 <__stop_program>:
    2498:	ff cf       	rjmp	.-2      	; 0x2498 <__stop_program>
