
Linebot.elf:     file format elf32-avr

Sections:
Idx Name          Size      VMA       LMA       File off  Algn
  0 .text         0000255c  00000000  00000000  00000094  2**1
                  CONTENTS, ALLOC, LOAD, READONLY, CODE
  1 .data         0000019a  00802000  0000255c  000025f0  2**0
                  CONTENTS, ALLOC, LOAD, DATA
  2 .bss          000000c8  0080219a  0080219a  0000278a  2**0
                  ALLOC
  3 .comment      0000008c  00000000  00000000  0000278a  2**0
                  CONTENTS, READONLY
  4 .note.gnu.avr.deviceinfo 00000040  00000000  00000000  00002818  2**2
                  CONTENTS, READONLY
  5 .debug_aranges 00000420  00000000  00000000  00002858  2**0
                  CONTENTS, READONLY, DEBUGGING
  6 .debug_info   00008d7c  00000000  00000000  00002c78  2**0
                  CONTENTS, READONLY, DEBUGGING
  7 .debug_abbrev 00003b67  00000000  00000000  0000b9f4  2**0
                  CONTENTS, READONLY, DEBUGGING
  8 .debug_line   00003509  00000000  00000000  0000f55b  2**0
                  CONTENTS, READONLY, DEBUGGING
  9 .debug_frame  00000c6c  00000000  00000000  00012a64  2**2
                  CONTENTS, READONLY, DEBUGGING
 10 .debug_str    0000393c  00000000  00000000  000136d0  2**0
                  CONTENTS, READONLY, DEBUGGING
 11 .debug_loc    00004ec5  00000000  00000000  0001700c  2**0
                  CONTENTS, READONLY, DEBUGGING
 12 .debug_ranges 000005c0  00000000  00000000  0001bed1  2**0
                  CONTENTS, READONLY, DEBUGGING

Disassembly of section .text:

00000000 <__vectors>:
       0:	0c 94 87 01 	jmp	0x30e	; 0x30e <__ctors_end>
       4:	0c 94 a8 01 	jmp	0x350	; 0x350 <__bad_interrupt>
       8:	0c 94 a8 01 	jmp	0x350	; 0x350 <__bad_interrupt>
       c:	0c 94 a8 01 	jmp	0x350	; 0x350 <__bad_interrupt>
      10:	0c 94 a8 01 	jmp	0x350	; 0x350 <__bad_interrupt>
      14:	0c 94 a8 01 	jmp	0x350	; 0x350 <__bad_interrupt>
      18:	0c 94 a8 01 	jmp	0x350	; 0x350 <__bad_interrupt>
      1c:	0c 94 a8 01 	jmp	0x350	; 0x350 <__bad_interrupt>
      20:	0c 94 a8 01 	jmp	0x350	; 0x350 <__bad_interrupt>
      24:	0c 94 a8 01 	jmp	0x350	; 0x350 <__bad_interrupt>
      28:	0c 94 a8 01 	jmp	0x350	; 0x350 <__bad_interrupt>
      2c:	0c 94 a8 01 	jmp	0x350	; 0x350 <__bad_interrupt>
      30:	0c 94 a8 01 	jmp	0x350	; 0x350 <__bad_interrupt>
      34:	0c 94 a8 01 	jmp	0x350	; 0x350 <__bad_interrupt>
      38:	0c 94 8f 05 	jmp	0xb1e	; 0xb1e <__vector_14>
      3c:	0c 94 a8 01 	jmp	0x350	; 0x350 <__bad_interrupt>
      40:	0c 94 03 06 	jmp	0xc06	; 0xc06 <__vector_16>
      44:	0c 94 a8 01 	jmp	0x350	; 0x350 <__bad_interrupt>
      48:	0c 94 a8 01 	jmp	0x350	; 0x350 <__bad_interrupt>
      4c:	0c 94 a8 01 	jmp	0x350	; 0x350 <__bad_interrupt>
      50:	0c 94 a8 01 	jmp	0x350	; 0x350 <__bad_interrupt>
      54:	0c 94 a8 01 	jmp	0x350	; 0x350 <__bad_interrupt>
      58:	0c 94 a8 01 	jmp	0x350	; 0x350 <__bad_interrupt>
      5c:	0c 94 a8 01 	jmp	0x350	; 0x350 <__bad_interrupt>
      60:	0c 94 a8 01 	jmp	0x350	; 0x350 <__bad_interrupt>
      64:	0c 94 a8 01 	jmp	0x350	; 0x350 <__bad_interrupt>
      68:	0c 94 a8 01 	jmp	0x350	; 0x350 <__bad_interrupt>
      6c:	0c 94 a8 01 	jmp	0x350	; 0x350 <__bad_interrupt>
      70:	0c 94 a8 01 	jmp	0x350	; 0x350 <__bad_interrupt>
      74:	0c 94 a8 01 	jmp	0x350	; 0x350 <__bad_interrupt>
      78:	0c 94 a8 01 	jmp	0x350	; 0x350 <__bad_interrupt>
      7c:	0c 94 a8 01 	jmp	0x350	; 0x350 <__bad_interrupt>
      80:	0c 94 a8 01 	jmp	0x350	; 0x350 <__bad_interrupt>
      84:	0c 94 a8 01 	jmp	0x350	; 0x350 <__bad_interrupt>
      88:	0c 94 a8 01 	jmp	0x350	; 0x350 <__bad_interrupt>
      8c:	0c 94 a8 01 	jmp	0x350	; 0x350 <__bad_interrupt>
      90:	0c 94 a8 01 	jmp	0x350	; 0x350 <__bad_interrupt>
      94:	0c 94 a8 01 	jmp	0x350	; 0x350 <__bad_interrupt>
      98:	0c 94 a8 01 	jmp	0x350	; 0x350 <__bad_interrupt>
      9c:	0c 94 a8 01 	jmp	0x350	; 0x350 <__bad_interrupt>
      a0:	0c 94 a8 01 	jmp	0x350	; 0x350 <__bad_interrupt>
      a4:	0c 94 a8 01 	jmp	0x350	; 0x350 <__bad_interrupt>
      a8:	0c 94 a8 01 	jmp	0x350	; 0x350 <__bad_interrupt>
      ac:	0c 94 a8 01 	jmp	0x350	; 0x350 <__bad_interrupt>
      b0:	0c 94 a8 01 	jmp	0x350	; 0x350 <__bad_interrupt>
      b4:	0c 94 a8 01 	jmp	0x350	; 0x350 <__bad_interrupt>
      b8:	0c 94 c3 02 	jmp	0x586	; 0x586 <__vector_46>
      bc:	0c 94 a8 01 	jmp	0x350	; 0x350 <__bad_interrupt>
      c0:	0c 94 a8 01 	jmp	0x350	; 0x350 <__bad_interrupt>
      c4:	0c 94 a8 01 	jmp	0x350	; 0x350 <__bad_interrupt>
      c8:	0c 94 a8 01 	jmp	0x350	; 0x350 <__bad_interrupt>
      cc:	0c 94 a8 01 	jmp	0x350	; 0x350 <__bad_interrupt>
      d0:	0c 94 a8 01 	jmp	0x350	; 0x350 <__bad_interrupt>
      d4:	0c 94 a8 01 	jmp	0x350	; 0x350 <__bad_interrupt>
      d8:	0c 94 a8 01 	jmp	0x350	; 0x350 <__bad_interrupt>
      dc:	0c 94 a8 01 	jmp	0x350	; 0x350 <__bad_interrupt>
      e0:	0c 94 a8 01 	jmp	0x350	; 0x350 <__bad_interrupt>
      e4:	0c 94 a8 01 	jmp	0x350	; 0x350 <__bad_interrupt>
      e8:	0c 94 a8 01 	jmp	0x350	; 0x350 <__bad_interrupt>
      ec:	0c 94 a8 01 	jmp	0x350	; 0x350 <__bad_interrupt>
      f0:	0c 94 a8 01 	jmp	0x350	; 0x350 <__bad_interrupt>
      f4:	0c 94 a8 01 	jmp	0x350	; 0x350 <__bad_interrupt>
      f8:	0c 94 a8 01 	jmp	0x350	; 0x350 <__bad_interrupt>
      fc:	0c 94 a8 01 	jmp	0x350	; 0x350 <__bad_interrupt>
     100:	0c 94 a8 01 	jmp	0x350	; 0x350 <__bad_interrupt>
     104:	0c 94 a8 01 	jmp	0x350	; 0x350 <__bad_interrupt>
     108:	0c 94 a8 01 	jmp	0x350	; 0x350 <__bad_interrupt>
     10c:	0c 94 a8 01 	jmp	0x350	; 0x350 <__bad_interrupt>
     110:	0c 94 a8 01 	jmp	0x350	; 0x350 <__bad_interrupt>
     114:	0c 94 a8 01 	jmp	0x350	; 0x350 <__bad_interrupt>
     118:	0c 94 a8 01 	jmp	0x350	; 0x350 <__bad_interrupt>
     11c:	0c 94 a8 01 	jmp	0x350	; 0x350 <__bad_interrupt>
     120:	0c 94 a8 01 	jmp	0x350	; 0x350 <__bad_interrupt>
     124:	0c 94 a8 01 	jmp	0x350	; 0x350 <__bad_interrupt>
     128:	0c 94 a8 01 	jmp	0x350	; 0x350 <__bad_interrupt>
     12c:	0c 94 a8 01 	jmp	0x350	; 0x350 <__bad_interrupt>
     130:	0c 94 a8 01 	jmp	0x350	; 0x350 <__bad_interrupt>
     134:	0c 94 a8 01 	jmp	0x350	; 0x350 <__bad_interrupt>
     138:	0c 94 a8 01 	jmp	0x350	; 0x350 <__bad_interrupt>
     13c:	0c 94 a8 01 	jmp	0x350	; 0x350 <__bad_interrupt>
     140:	0c 94 a8 01 	jmp	0x350	; 0x350 <__bad_interrupt>
     144:	0c 94 a8 01 	jmp	0x350	; 0x350 <__bad_interrupt>
     148:	0c 94 a8 01 	jmp	0x350	; 0x350 <__bad_interrupt>
     14c:	0c 94 a8 01 	jmp	0x350	; 0x350 <__bad_interrupt>
     150:	0c 94 a8 01 	jmp	0x350	; 0x350 <__bad_interrupt>
     154:	0c 94 a8 01 	jmp	0x350	; 0x350 <__bad_interrupt>
     158:	0c 94 a8 01 	jmp	0x350	; 0x350 <__bad_interrupt>
     15c:	0c 94 a8 01 	jmp	0x350	; 0x350 <__bad_interrupt>
     160:	0c 94 a8 01 	jmp	0x350	; 0x350 <__bad_interrupt>
     164:	0c 94 a8 01 	jmp	0x350	; 0x350 <__bad_interrupt>
     168:	0c 94 a8 01 	jmp	0x350	; 0x350 <__bad_interrupt>
     16c:	0c 94 a8 01 	jmp	0x350	; 0x350 <__bad_interrupt>
     170:	0c 94 a8 01 	jmp	0x350	; 0x350 <__bad_interrupt>
     174:	0c 94 a8 01 	jmp	0x350	; 0x350 <__bad_interrupt>
     178:	0c 94 a8 01 	jmp	0x350	; 0x350 <__bad_interrupt>
     17c:	0c 94 a8 01 	jmp	0x350	; 0x350 <__bad_interrupt>
     180:	0c 94 a8 01 	jmp	0x350	; 0x350 <__bad_interrupt>
     184:	0c 94 a8 01 	jmp	0x350	; 0x350 <__bad_interrupt>
     188:	0c 94 a8 01 	jmp	0x350	; 0x350 <__bad_interrupt>
     18c:	0c 94 a8 01 	jmp	0x350	; 0x350 <__bad_interrupt>
     190:	0c 94 a8 01 	jmp	0x350	; 0x350 <__bad_interrupt>
     194:	0c 94 a8 01 	jmp	0x350	; 0x350 <__bad_interrupt>
     198:	0c 94 a8 01 	jmp	0x350	; 0x350 <__bad_interrupt>
     19c:	0c 94 a8 01 	jmp	0x350	; 0x350 <__bad_interrupt>
     1a0:	0c 94 a8 01 	jmp	0x350	; 0x350 <__bad_interrupt>
     1a4:	0c 94 a8 01 	jmp	0x350	; 0x350 <__bad_interrupt>
     1a8:	0c 94 a8 01 	jmp	0x350	; 0x350 <__bad_interrupt>
     1ac:	0c 94 a8 01 	jmp	0x350	; 0x350 <__bad_interrupt>
     1b0:	0c 94 a8 01 	jmp	0x350	; 0x350 <__bad_interrupt>
     1b4:	0c 94 a8 01 	jmp	0x350	; 0x350 <__bad_interrupt>
     1b8:	0c 94 a8 01 	jmp	0x350	; 0x350 <__bad_interrupt>
     1bc:	0c 94 a8 01 	jmp	0x350	; 0x350 <__bad_interrupt>
     1c0:	0c 94 a8 01 	jmp	0x350	; 0x350 <__bad_interrupt>
     1c4:	0c 94 a8 01 	jmp	0x350	; 0x350 <__bad_interrupt>
     1c8:	0c 94 a8 01 	jmp	0x350	; 0x350 <__bad_interrupt>
     1cc:	0c 94 a8 01 	jmp	0x350	; 0x350 <__bad_interrupt>
     1d0:	0c 94 a8 01 	jmp	0x350	; 0x350 <__bad_interrupt>
     1d4:	0c 94 a8 01 	jmp	0x350	; 0x350 <__bad_interrupt>
     1d8:	0c 94 a8 01 	jmp	0x350	; 0x350 <__bad_interrupt>
     1dc:	0c 94 a8 01 	jmp	0x350	; 0x350 <__bad_interrupt>
     1e0:	0c 94 a8 01 	jmp	0x350	; 0x350 <__bad_interrupt>
     1e4:	0c 94 a8 01 	jmp	0x350	; 0x350 <__bad_interrupt>
     1e8:	0c 94 a8 01 	jmp	0x350	; 0x350 <__bad_interrupt>
     1ec:	0c 94 a8 01 	jmp	0x350	; 0x350 <__bad_interrupt>
     1f0:	0c 94 a8 01 	jmp	0x350	; 0x350 <__bad_interrupt>
     1f4:	0c 94 a8 01 	jmp	0x350	; 0x350 <__bad_interrupt>
     1f8:	0c 94 a8 01 	jmp	0x350	; 0x350 <__bad_interrupt>

000001fc <__trampolines_start>:
     1fc:	0c 94 04 03 	jmp	0x608	; 0x608 <stdio_putchar>
     200:	0c 94 62 06 	jmp	0xcc4	; 0xcc4 <prvIdleTask>
     204:	0c 94 6e 0b 	jmp	0x16dc	; 0x16dc <WorkerMemTask>
     208:	0c 94 10 03 	jmp	0x620	; 0x620 <stdio_getchar>

0000020c <__trampolines_end>:
     20c:	6e 61       	ori	r22, 0x1E	; 30
     20e:	6e 00       	.word	0x006e	; ????

00000210 <__c.2332>:
     210:	69 6e 66 00 00 40 7a 10 f3 5a 00 a0 72 4e 18 09     inf..@z..Z..rN..
     220:	00 10 a5 d4 e8 00 00 e8 76 48 17 00 00 e4 0b 54     ........vH.....T
     230:	02 00 00 ca 9a 3b 00 00 00 e1 f5 05 00 00 80 96     .....;..........
     240:	98 00 00 00 40 42 0f 00 00 00 a0 86 01 00 00 00     ....@B..........
     250:	10 27 00 00 00 00 e8 03 00 00 00 00 64 00 00 00     .'..........d...
     260:	00 00 0a 00 00 00 00 00 01 00 00 00 00 00 2c 76     ..............,v
     270:	d8 88 dc 67 4f 08 23 df c1 df ae 59 e1 b1 b7 96     ...gO.#....Y....
     280:	e5 e3 e4 53 c6 3a e6 51 99 76 96 e8 e6 c2 84 26     ...S.:.Q.v.....&
     290:	eb 89 8c 9b 62 ed 40 7c 6f fc ef bc 9c 9f 40 f2     ....b.@|o.....@.
     2a0:	ba a5 6f a5 f4 90 05 5a 2a f7 5c 93 6b 6c f9 67     ..o....Z*.\.kl.g
     2b0:	6d c1 1b fc e0 e4 0d 47 fe f5 20 e6 b5 00 d0 ed     m......G.. .....
     2c0:	90 2e 03 00 94 35 77 05 00 80 84 1e 08 00 00 20     .....5w........ 
     2d0:	4e 0a 00 00 00 c8 0c 33 33 33 33 0f 98 6e 12 83     N......3333..n..
     2e0:	11 41 ef 8d 21 14 89 3b e6 55 16 cf fe e6 db 18     .A..!..;.U......
     2f0:	d1 84 4b 38 1b f7 7c 1d 90 1d a4 bb e4 24 20 32     ..K8..|......$ 2
     300:	84 72 5e 22 81 00 c9 f1 24 ec a1 e5 3d 27           .r^"....$...='

0000030e <__ctors_end>:
     30e:	11 24       	eor	r1, r1
     310:	1f be       	out	0x3f, r1	; 63
     312:	cf ef       	ldi	r28, 0xFF	; 255
     314:	cd bf       	out	0x3d, r28	; 61
     316:	df e9       	ldi	r29, 0x9F	; 159
     318:	de bf       	out	0x3e, r29	; 62
     31a:	00 e0       	ldi	r16, 0x00	; 0
     31c:	0c bf       	out	0x3c, r16	; 60

0000031e <__do_copy_data>:
     31e:	11 e2       	ldi	r17, 0x21	; 33
     320:	a0 e0       	ldi	r26, 0x00	; 0
     322:	b0 e2       	ldi	r27, 0x20	; 32
     324:	ec e5       	ldi	r30, 0x5C	; 92
     326:	f5 e2       	ldi	r31, 0x25	; 37
     328:	00 e0       	ldi	r16, 0x00	; 0
     32a:	0b bf       	out	0x3b, r16	; 59
     32c:	02 c0       	rjmp	.+4      	; 0x332 <__do_copy_data+0x14>
     32e:	07 90       	elpm	r0, Z+
     330:	0d 92       	st	X+, r0
     332:	aa 39       	cpi	r26, 0x9A	; 154
     334:	b1 07       	cpc	r27, r17
     336:	d9 f7       	brne	.-10     	; 0x32e <__do_copy_data+0x10>

00000338 <__do_clear_bss>:
     338:	22 e2       	ldi	r18, 0x22	; 34
     33a:	aa e9       	ldi	r26, 0x9A	; 154
     33c:	b1 e2       	ldi	r27, 0x21	; 33
     33e:	01 c0       	rjmp	.+2      	; 0x342 <.do_clear_bss_start>

00000340 <.do_clear_bss_loop>:
     340:	1d 92       	st	X+, r1

00000342 <.do_clear_bss_start>:
     342:	a2 36       	cpi	r26, 0x62	; 98
     344:	b2 07       	cpc	r27, r18
     346:	e1 f7       	brne	.-8      	; 0x340 <.do_clear_bss_loop>
     348:	0e 94 46 0b 	call	0x168c	; 0x168c <main>
     34c:	0c 94 ac 12 	jmp	0x2558	; 0x2558 <_exit>

00000350 <__bad_interrupt>:
     350:	0c 94 00 00 	jmp	0	; 0x0 <__vectors>

00000354 <DbgPrint>:
#include "DriverDbgUSART.h"


void DbgPrint(char *Text)
{
     354:	dc 01       	movw	r26, r24
}

void DbgPrintn(char *Text,int n)
{
	static int i;
	i=0;
     356:	10 92 9d 21 	sts	0x219D, r1	; 0x80219d <i.3624>
     35a:	10 92 9e 21 	sts	0x219E, r1	; 0x80219e <i.3624+0x1>
	while (*Text!=0 && (i<n || n==0))
     35e:	9c 91       	ld	r25, X
     360:	99 23       	and	r25, r25
     362:	b1 f0       	breq	.+44     	; 0x390 <DbgPrint+0x3c>
     364:	fd 01       	movw	r30, r26
     366:	31 96       	adiw	r30, 0x01	; 1
	{
		USART.DATA = *Text;
		while (!(USART.STATUS & 0b01000000));
		USART.STATUS=0b01000000;
     368:	80 e4       	ldi	r24, 0x40	; 64
{
	static int i;
	i=0;
	while (*Text!=0 && (i<n || n==0))
	{
		USART.DATA = *Text;
     36a:	90 93 a0 0a 	sts	0x0AA0, r25	; 0x800aa0 <__TEXT_REGION_LENGTH__+0x700aa0>
		while (!(USART.STATUS & 0b01000000));
     36e:	90 91 a1 0a 	lds	r25, 0x0AA1	; 0x800aa1 <__TEXT_REGION_LENGTH__+0x700aa1>
     372:	96 ff       	sbrs	r25, 6
     374:	fc cf       	rjmp	.-8      	; 0x36e <DbgPrint+0x1a>
		USART.STATUS=0b01000000;
     376:	80 93 a1 0a 	sts	0x0AA1, r24	; 0x800aa1 <__TEXT_REGION_LENGTH__+0x700aa1>
     37a:	9f 01       	movw	r18, r30
     37c:	2a 1b       	sub	r18, r26
     37e:	3b 0b       	sbc	r19, r27

void DbgPrintn(char *Text,int n)
{
	static int i;
	i=0;
	while (*Text!=0 && (i<n || n==0))
     380:	91 91       	ld	r25, Z+
     382:	91 11       	cpse	r25, r1
     384:	f2 cf       	rjmp	.-28     	; 0x36a <DbgPrint+0x16>
     386:	20 93 9d 21 	sts	0x219D, r18	; 0x80219d <i.3624>
     38a:	30 93 9e 21 	sts	0x219E, r19	; 0x80219e <i.3624+0x1>
     38e:	08 95       	ret
     390:	08 95       	ret

00000392 <DbgPrintn>:
{
	DbgPrintn(Text,0);	
}

void DbgPrintn(char *Text,int n)
{
     392:	fc 01       	movw	r30, r24
	static int i;
	i=0;
     394:	10 92 9d 21 	sts	0x219D, r1	; 0x80219d <i.3624>
     398:	10 92 9e 21 	sts	0x219E, r1	; 0x80219e <i.3624+0x1>
	while (*Text!=0 && (i<n || n==0))
     39c:	90 81       	ld	r25, Z
     39e:	99 23       	and	r25, r25
     3a0:	e1 f0       	breq	.+56     	; 0x3da <DbgPrintn+0x48>
     3a2:	31 96       	adiw	r30, 0x01	; 1
     3a4:	20 e0       	ldi	r18, 0x00	; 0
     3a6:	30 e0       	ldi	r19, 0x00	; 0
	{
		USART.DATA = *Text;
		while (!(USART.STATUS & 0b01000000));
		USART.STATUS=0b01000000;
     3a8:	80 e4       	ldi	r24, 0x40	; 64

void DbgPrintn(char *Text,int n)
{
	static int i;
	i=0;
	while (*Text!=0 && (i<n || n==0))
     3aa:	26 17       	cp	r18, r22
     3ac:	37 07       	cpc	r19, r23
     3ae:	1c f0       	brlt	.+6      	; 0x3b6 <DbgPrintn+0x24>
     3b0:	61 15       	cp	r22, r1
     3b2:	71 05       	cpc	r23, r1
     3b4:	69 f4       	brne	.+26     	; 0x3d0 <DbgPrintn+0x3e>
	{
		USART.DATA = *Text;
     3b6:	90 93 a0 0a 	sts	0x0AA0, r25	; 0x800aa0 <__TEXT_REGION_LENGTH__+0x700aa0>
		while (!(USART.STATUS & 0b01000000));
     3ba:	90 91 a1 0a 	lds	r25, 0x0AA1	; 0x800aa1 <__TEXT_REGION_LENGTH__+0x700aa1>
     3be:	96 ff       	sbrs	r25, 6
     3c0:	fc cf       	rjmp	.-8      	; 0x3ba <DbgPrintn+0x28>
		USART.STATUS=0b01000000;
     3c2:	80 93 a1 0a 	sts	0x0AA1, r24	; 0x800aa1 <__TEXT_REGION_LENGTH__+0x700aa1>
		Text++;
		i++;
     3c6:	2f 5f       	subi	r18, 0xFF	; 255
     3c8:	3f 4f       	sbci	r19, 0xFF	; 255

void DbgPrintn(char *Text,int n)
{
	static int i;
	i=0;
	while (*Text!=0 && (i<n || n==0))
     3ca:	91 91       	ld	r25, Z+
     3cc:	91 11       	cpse	r25, r1
     3ce:	ed cf       	rjmp	.-38     	; 0x3aa <DbgPrintn+0x18>
     3d0:	20 93 9d 21 	sts	0x219D, r18	; 0x80219d <i.3624>
     3d4:	30 93 9e 21 	sts	0x219E, r19	; 0x80219e <i.3624+0x1>
     3d8:	08 95       	ret
     3da:	08 95       	ret

000003dc <DbgPrintInt>:
		i++;
	}
}

void DbgPrintInt(uint16_t Data)
{
     3dc:	cf 92       	push	r12
     3de:	df 92       	push	r13
     3e0:	ef 92       	push	r14
     3e2:	ff 92       	push	r15
     3e4:	0f 93       	push	r16
     3e6:	1f 93       	push	r17
     3e8:	cf 93       	push	r28
     3ea:	df 93       	push	r29
     3ec:	7c 01       	movw	r14, r24
	//Use statics to minimize stack usage
	static int i;
	static uint8_t pf;
	
	i=10000;
     3ee:	80 e1       	ldi	r24, 0x10	; 16
     3f0:	97 e2       	ldi	r25, 0x27	; 39
     3f2:	80 93 9b 21 	sts	0x219B, r24	; 0x80219b <i.3634>
     3f6:	90 93 9c 21 	sts	0x219C, r25	; 0x80219c <i.3634+0x1>
	pf=0;
     3fa:	10 92 9a 21 	sts	0x219A, r1	; 0x80219a <__data_end>
     3fe:	c5 e0       	ldi	r28, 0x05	; 5
     400:	d0 e0       	ldi	r29, 0x00	; 0
     402:	c1 2c       	mov	r12, r1
     404:	e0 e1       	ldi	r30, 0x10	; 16
     406:	f7 e2       	ldi	r31, 0x27	; 39
	{
		if (((Data/i)%10)!=0 || pf) //Trim leading 0's
		{
			USART.DATA = '0'+ ((Data/i)%10);
			while (!(USART.STATUS & 0b01000000));
			USART.STATUS=0b01000000;
     408:	a0 e4       	ldi	r26, 0x40	; 64
     40a:	da 2e       	mov	r13, r26
			pf=1;		
		}
		i/=10;
     40c:	0a e0       	ldi	r16, 0x0A	; 10
     40e:	10 e0       	ldi	r17, 0x00	; 0
	
	i=10000;
	pf=0;
	while (i>0)
	{
		if (((Data/i)%10)!=0 || pf) //Trim leading 0's
     410:	c7 01       	movw	r24, r14
     412:	bf 01       	movw	r22, r30
     414:	0e 94 b1 0f 	call	0x1f62	; 0x1f62 <__udivmodhi4>
     418:	ab 01       	movw	r20, r22
     41a:	9b 01       	movw	r18, r22
     41c:	ad ec       	ldi	r26, 0xCD	; 205
     41e:	bc ec       	ldi	r27, 0xCC	; 204
     420:	0e 94 d9 0f 	call	0x1fb2	; 0x1fb2 <__umulhisi3>
     424:	96 95       	lsr	r25
     426:	87 95       	ror	r24
     428:	96 95       	lsr	r25
     42a:	87 95       	ror	r24
     42c:	96 95       	lsr	r25
     42e:	87 95       	ror	r24
     430:	9c 01       	movw	r18, r24
     432:	22 0f       	add	r18, r18
     434:	33 1f       	adc	r19, r19
     436:	88 0f       	add	r24, r24
     438:	99 1f       	adc	r25, r25
     43a:	88 0f       	add	r24, r24
     43c:	99 1f       	adc	r25, r25
     43e:	88 0f       	add	r24, r24
     440:	99 1f       	adc	r25, r25
     442:	82 0f       	add	r24, r18
     444:	93 1f       	adc	r25, r19
     446:	9a 01       	movw	r18, r20
     448:	28 1b       	sub	r18, r24
     44a:	39 0b       	sbc	r19, r25
     44c:	c9 01       	movw	r24, r18
     44e:	00 97       	sbiw	r24, 0x00	; 0
     450:	11 f4       	brne	.+4      	; 0x456 <__LOCK_REGION_LENGTH__+0x56>
     452:	cc 20       	and	r12, r12
     454:	59 f0       	breq	.+22     	; 0x46c <__LOCK_REGION_LENGTH__+0x6c>
		{
			USART.DATA = '0'+ ((Data/i)%10);
     456:	80 5d       	subi	r24, 0xD0	; 208
     458:	80 93 a0 0a 	sts	0x0AA0, r24	; 0x800aa0 <__TEXT_REGION_LENGTH__+0x700aa0>
			while (!(USART.STATUS & 0b01000000));
     45c:	80 91 a1 0a 	lds	r24, 0x0AA1	; 0x800aa1 <__TEXT_REGION_LENGTH__+0x700aa1>
     460:	86 ff       	sbrs	r24, 6
     462:	fc cf       	rjmp	.-8      	; 0x45c <__LOCK_REGION_LENGTH__+0x5c>
			USART.STATUS=0b01000000;
     464:	d0 92 a1 0a 	sts	0x0AA1, r13	; 0x800aa1 <__TEXT_REGION_LENGTH__+0x700aa1>
			pf=1;		
     468:	cc 24       	eor	r12, r12
     46a:	c3 94       	inc	r12
		}
		i/=10;
     46c:	cf 01       	movw	r24, r30
     46e:	b8 01       	movw	r22, r16
     470:	0e 94 c5 0f 	call	0x1f8a	; 0x1f8a <__divmodhi4>
     474:	fb 01       	movw	r30, r22
     476:	21 97       	sbiw	r28, 0x01	; 1
	static int i;
	static uint8_t pf;
	
	i=10000;
	pf=0;
	while (i>0)
     478:	59 f6       	brne	.-106    	; 0x410 <__LOCK_REGION_LENGTH__+0x10>
     47a:	c0 92 9a 21 	sts	0x219A, r12	; 0x80219a <__data_end>
     47e:	60 93 9b 21 	sts	0x219B, r22	; 0x80219b <i.3634>
     482:	70 93 9c 21 	sts	0x219C, r23	; 0x80219c <i.3634+0x1>
			USART.STATUS=0b01000000;
			pf=1;		
		}
		i/=10;
	}
}
     486:	df 91       	pop	r29
     488:	cf 91       	pop	r28
     48a:	1f 91       	pop	r17
     48c:	0f 91       	pop	r16
     48e:	ff 90       	pop	r15
     490:	ef 90       	pop	r14
     492:	df 90       	pop	r13
     494:	cf 90       	pop	r12
     496:	08 95       	ret

00000498 <DriverSysClkXtalInit>:
    // Clock setup          
    if (F_XTAL<400E3) return -1; //Invalid frequency
    if (F_XTAL<=2E6) OSC.XOSCCTRL=0b00001011; //Select <2 Mhz XTAL osc, max startup time
    else if(F_XTAL<=9E6) OSC.XOSCCTRL=0b01001011; //Select <2 Mhz XTAL osc, max startup time 
    else if(F_XTAL<=12E6) OSC.XOSCCTRL=0b10001011; //Select <2 Mhz XTAL osc, max startup time 
    else if(F_XTAL<=16E6) OSC.XOSCCTRL=0b11001011; //Select <2 Mhz XTAL osc, max startup time 
     498:	8b ec       	ldi	r24, 0xCB	; 203
     49a:	80 93 52 00 	sts	0x0052, r24	; 0x800052 <__TEXT_REGION_LENGTH__+0x700052>
    else return -1; //Invalid frequency
    OSC.CTRL=0b01000; //Enable oscillator
     49e:	88 e0       	ldi	r24, 0x08	; 8
     4a0:	80 93 50 00 	sts	0x0050, r24	; 0x800050 <__TEXT_REGION_LENGTH__+0x700050>
    
	//Wait until XTAL osc is ready
    while (!(OSC.STATUS&0b1000)); 
     4a4:	80 91 51 00 	lds	r24, 0x0051	; 0x800051 <__TEXT_REGION_LENGTH__+0x700051>
     4a8:	83 ff       	sbrs	r24, 3
     4aa:	fc cf       	rjmp	.-8      	; 0x4a4 <DriverSysClkXtalInit+0xc>
	{
		//Configure PLL
		Mult=F_CPU/F_XTAL;
		if (Mult>31) return -1; //Invalid frequency; too high
		if (F_XTAL * (uint32_t) Mult !=F_CPU) return -1; //Only supports whole dividers
		OSC.PLLCTRL=0b11000000 | (Mult);
     4ac:	82 ec       	ldi	r24, 0xC2	; 194
     4ae:	80 93 55 00 	sts	0x0055, r24	; 0x800055 <__TEXT_REGION_LENGTH__+0x700055>
		OSC.CTRL=0b00011000; //Enable PLL
     4b2:	88 e1       	ldi	r24, 0x18	; 24
     4b4:	80 93 50 00 	sts	0x0050, r24	; 0x800050 <__TEXT_REGION_LENGTH__+0x700050>
		
		//Wait until PLL is ready
		while (!(OSC.STATUS & 0b00010000));
     4b8:	80 91 51 00 	lds	r24, 0x0051	; 0x800051 <__TEXT_REGION_LENGTH__+0x700051>
     4bc:	84 ff       	sbrs	r24, 4
     4be:	fc cf       	rjmp	.-8      	; 0x4b8 <DriverSysClkXtalInit+0x20>
		
		//Select PLL as system CLK source
		CCP=0xd8;
     4c0:	88 ed       	ldi	r24, 0xD8	; 216
     4c2:	84 bf       	out	0x34, r24	; 52
		CLK.CTRL=0b100;
     4c4:	84 e0       	ldi	r24, 0x04	; 4
     4c6:	80 93 40 00 	sts	0x0040, r24	; 0x800040 <__TEXT_REGION_LENGTH__+0x700040>
	}
	return 0;
}
     4ca:	80 e0       	ldi	r24, 0x00	; 0
     4cc:	08 95       	ret

000004ce <TWIMWriteHandler>:
}

void TWIMTransactionFinished( uint8_t result)
{
	Twim_result = result;
	Twim_status = TWIM_STATUS_READY;
     4ce:	90 91 a3 21 	lds	r25, 0x21A3	; 0x8021a3 <Twim_bytesToWrite>
     4d2:	20 91 a2 21 	lds	r18, 0x21A2	; 0x8021a2 <Twim_bytesToRead>
     4d6:	80 91 a4 04 	lds	r24, 0x04A4	; 0x8004a4 <__TEXT_REGION_LENGTH__+0x7004a4>
     4da:	84 fd       	sbrc	r24, 4
     4dc:	08 c0       	rjmp	.+16     	; 0x4ee <TWIMWriteHandler+0x20>
     4de:	80 91 a1 21 	lds	r24, 0x21A1	; 0x8021a1 <Twim_bytesWritten>
     4e2:	89 17       	cp	r24, r25
     4e4:	50 f0       	brcs	.+20     	; 0x4fa <TWIMWriteHandler+0x2c>
     4e6:	80 91 a0 21 	lds	r24, 0x21A0	; 0x8021a0 <Twim_bytesRead>
     4ea:	82 17       	cp	r24, r18
     4ec:	b8 f0       	brcs	.+46     	; 0x51c <TWIMWriteHandler+0x4e>
     4ee:	83 e0       	ldi	r24, 0x03	; 3
     4f0:	80 93 a3 04 	sts	0x04A3, r24	; 0x8004a3 <__TEXT_REGION_LENGTH__+0x7004a3>
     4f4:	10 92 9f 21 	sts	0x219F, r1	; 0x80219f <Twim_status>
     4f8:	08 95       	ret
     4fa:	80 91 a1 21 	lds	r24, 0x21A1	; 0x8021a1 <Twim_bytesWritten>
     4fe:	e0 91 a6 21 	lds	r30, 0x21A6	; 0x8021a6 <Twim_writeData>
     502:	f0 91 a7 21 	lds	r31, 0x21A7	; 0x8021a7 <Twim_writeData+0x1>
     506:	e8 0f       	add	r30, r24
     508:	f1 1d       	adc	r31, r1
     50a:	80 81       	ld	r24, Z
     50c:	80 93 a7 04 	sts	0x04A7, r24	; 0x8004a7 <__TEXT_REGION_LENGTH__+0x7004a7>
     510:	80 91 a1 21 	lds	r24, 0x21A1	; 0x8021a1 <Twim_bytesWritten>
     514:	8f 5f       	subi	r24, 0xFF	; 255
     516:	80 93 a1 21 	sts	0x21A1, r24	; 0x8021a1 <Twim_bytesWritten>
     51a:	08 95       	ret
     51c:	80 91 a8 21 	lds	r24, 0x21A8	; 0x8021a8 <Twim_address>
     520:	81 60       	ori	r24, 0x01	; 1
     522:	80 93 a6 04 	sts	0x04A6, r24	; 0x8004a6 <__TEXT_REGION_LENGTH__+0x7004a6>
     526:	08 95       	ret

00000528 <TWIMReadHandler>:
     528:	80 91 a0 21 	lds	r24, 0x21A0	; 0x8021a0 <Twim_bytesRead>
     52c:	80 32       	cpi	r24, 0x20	; 32
     52e:	e0 f4       	brcc	.+56     	; 0x568 <TWIMReadHandler+0x40>
     530:	80 91 a7 04 	lds	r24, 0x04A7	; 0x8004a7 <__TEXT_REGION_LENGTH__+0x7004a7>
     534:	90 91 a0 21 	lds	r25, 0x21A0	; 0x8021a0 <Twim_bytesRead>
     538:	e0 91 a4 21 	lds	r30, 0x21A4	; 0x8021a4 <Twim_readData>
     53c:	f0 91 a5 21 	lds	r31, 0x21A5	; 0x8021a5 <Twim_readData+0x1>
     540:	e9 0f       	add	r30, r25
     542:	f1 1d       	adc	r31, r1
     544:	80 83       	st	Z, r24
     546:	80 91 a0 21 	lds	r24, 0x21A0	; 0x8021a0 <Twim_bytesRead>
     54a:	8f 5f       	subi	r24, 0xFF	; 255
     54c:	80 93 a0 21 	sts	0x21A0, r24	; 0x8021a0 <Twim_bytesRead>
     550:	90 91 a2 21 	lds	r25, 0x21A2	; 0x8021a2 <Twim_bytesToRead>
     554:	80 91 a0 21 	lds	r24, 0x21A0	; 0x8021a0 <Twim_bytesRead>
     558:	89 17       	cp	r24, r25
     55a:	88 f0       	brcs	.+34     	; 0x57e <TWIMReadHandler+0x56>
     55c:	87 e0       	ldi	r24, 0x07	; 7
     55e:	80 93 a3 04 	sts	0x04A3, r24	; 0x8004a3 <__TEXT_REGION_LENGTH__+0x7004a3>
     562:	10 92 9f 21 	sts	0x219F, r1	; 0x80219f <Twim_status>
     566:	08 95       	ret
     568:	83 e0       	ldi	r24, 0x03	; 3
     56a:	80 93 a3 04 	sts	0x04A3, r24	; 0x8004a3 <__TEXT_REGION_LENGTH__+0x7004a3>
     56e:	10 92 9f 21 	sts	0x219F, r1	; 0x80219f <Twim_status>
     572:	90 91 a2 21 	lds	r25, 0x21A2	; 0x8021a2 <Twim_bytesToRead>
     576:	80 91 a0 21 	lds	r24, 0x21A0	; 0x8021a0 <Twim_bytesRead>
     57a:	89 17       	cp	r24, r25
     57c:	78 f7       	brcc	.-34     	; 0x55c <TWIMReadHandler+0x34>
     57e:	82 e0       	ldi	r24, 0x02	; 2
     580:	80 93 a3 04 	sts	0x04A3, r24	; 0x8004a3 <__TEXT_REGION_LENGTH__+0x7004a3>
     584:	08 95       	ret

00000586 <__vector_46>:
}

ISR (TWIM_BUS_vect)
{
     586:	1f 92       	push	r1
     588:	0f 92       	push	r0
     58a:	0f b6       	in	r0, 0x3f	; 63
     58c:	0f 92       	push	r0
     58e:	11 24       	eor	r1, r1
     590:	0b b6       	in	r0, 0x3b	; 59
     592:	0f 92       	push	r0
     594:	2f 93       	push	r18
     596:	3f 93       	push	r19
     598:	4f 93       	push	r20
     59a:	5f 93       	push	r21
     59c:	6f 93       	push	r22
     59e:	7f 93       	push	r23
     5a0:	8f 93       	push	r24
     5a2:	9f 93       	push	r25
     5a4:	af 93       	push	r26
     5a6:	bf 93       	push	r27
     5a8:	ef 93       	push	r30
     5aa:	ff 93       	push	r31
	uint8_t currentStatus = TWIM_BUS.MASTER.STATUS;
     5ac:	80 91 a4 04 	lds	r24, 0x04A4	; 0x8004a4 <__TEXT_REGION_LENGTH__+0x7004a4>

	/* If arbitration lost or bus error. */
	if ((currentStatus & TWI_MASTER_ARBLOST_bm) ||
     5b0:	98 2f       	mov	r25, r24
     5b2:	9c 70       	andi	r25, 0x0C	; 12
     5b4:	39 f4       	brne	.+14     	; 0x5c4 <__vector_46+0x3e>

		TWIMArbitrationLostBusErrorHandler();
	}

	/* If master write interrupt. */
	else if (currentStatus & TWI_MASTER_WIF_bm) {
     5b6:	86 fd       	sbrc	r24, 6
     5b8:	21 c0       	rjmp	.+66     	; 0x5fc <__vector_46+0x76>
		TWIMWriteHandler();
	}

	/* If master read interrupt. */
	else if (currentStatus & TWI_MASTER_RIF_bm) {
     5ba:	87 fd       	sbrc	r24, 7
     5bc:	22 c0       	rjmp	.+68     	; 0x602 <__vector_46+0x7c>
}

void TWIMTransactionFinished( uint8_t result)
{
	Twim_result = result;
	Twim_status = TWIM_STATUS_READY;
     5be:	10 92 9f 21 	sts	0x219F, r1	; 0x80219f <Twim_status>
     5c2:	07 c0       	rjmp	.+14     	; 0x5d2 <__vector_46+0x4c>
	}
}

void TWIMArbitrationLostBusErrorHandler()
{
	uint8_t currentStatus = TWIM_BUS.MASTER.STATUS;
     5c4:	80 91 a4 04 	lds	r24, 0x04A4	; 0x8004a4 <__TEXT_REGION_LENGTH__+0x7004a4>
	else {
		Twim_result = TWIM_RESULT_ARBITRATION_LOST;
	}

	/* Clear interrupt flag. */
	TWIM_BUS.MASTER.STATUS = currentStatus | TWI_MASTER_ARBLOST_bm;
     5c8:	88 60       	ori	r24, 0x08	; 8
     5ca:	80 93 a4 04 	sts	0x04A4, r24	; 0x8004a4 <__TEXT_REGION_LENGTH__+0x7004a4>

	Twim_status = TWIM_STATUS_READY;
     5ce:	10 92 9f 21 	sts	0x219F, r1	; 0x80219f <Twim_status>
	/* If unexpected state. */
	else {
		TWIMTransactionFinished(TWIM_RESULT_FAIL);
	}
	
	if (Twim_status == TWIM_STATUS_READY) //Transaction finished
     5d2:	80 91 9f 21 	lds	r24, 0x219F	; 0x80219f <Twim_status>
	{	
	}
}
     5d6:	ff 91       	pop	r31
     5d8:	ef 91       	pop	r30
     5da:	bf 91       	pop	r27
     5dc:	af 91       	pop	r26
     5de:	9f 91       	pop	r25
     5e0:	8f 91       	pop	r24
     5e2:	7f 91       	pop	r23
     5e4:	6f 91       	pop	r22
     5e6:	5f 91       	pop	r21
     5e8:	4f 91       	pop	r20
     5ea:	3f 91       	pop	r19
     5ec:	2f 91       	pop	r18
     5ee:	0f 90       	pop	r0
     5f0:	0b be       	out	0x3b, r0	; 59
     5f2:	0f 90       	pop	r0
     5f4:	0f be       	out	0x3f, r0	; 63
     5f6:	0f 90       	pop	r0
     5f8:	1f 90       	pop	r1
     5fa:	18 95       	reti
		TWIMArbitrationLostBusErrorHandler();
	}

	/* If master write interrupt. */
	else if (currentStatus & TWI_MASTER_WIF_bm) {
		TWIMWriteHandler();
     5fc:	0e 94 67 02 	call	0x4ce	; 0x4ce <TWIMWriteHandler>
     600:	e8 cf       	rjmp	.-48     	; 0x5d2 <__vector_46+0x4c>
	}

	/* If master read interrupt. */
	else if (currentStatus & TWI_MASTER_RIF_bm) {
		TWIMReadHandler();
     602:	0e 94 94 02 	call	0x528	; 0x528 <TWIMReadHandler>
     606:	e5 cf       	rjmp	.-54     	; 0x5d2 <__vector_46+0x4c>

00000608 <stdio_putchar>:
}


static int stdio_putchar(char c, FILE * stream)
{
	USART.DATA = c;
     608:	80 93 a0 0a 	sts	0x0AA0, r24	; 0x800aa0 <__TEXT_REGION_LENGTH__+0x700aa0>
	while (!(USART.STATUS & 0b01000000));
     60c:	80 91 a1 0a 	lds	r24, 0x0AA1	; 0x800aa1 <__TEXT_REGION_LENGTH__+0x700aa1>
     610:	86 ff       	sbrs	r24, 6
     612:	fc cf       	rjmp	.-8      	; 0x60c <stdio_putchar+0x4>
	USART.STATUS=0b01000000;
     614:	80 e4       	ldi	r24, 0x40	; 64
     616:	80 93 a1 0a 	sts	0x0AA1, r24	; 0x800aa1 <__TEXT_REGION_LENGTH__+0x700aa1>
	return 0;
}
     61a:	80 e0       	ldi	r24, 0x00	; 0
     61c:	90 e0       	ldi	r25, 0x00	; 0
     61e:	08 95       	ret

00000620 <stdio_getchar>:
	
static int stdio_getchar(FILE *stream)
{
	while (!(USART.STATUS & 0b10000000));
     620:	80 91 a1 0a 	lds	r24, 0x0AA1	; 0x800aa1 <__TEXT_REGION_LENGTH__+0x700aa1>
     624:	87 ff       	sbrs	r24, 7
     626:	fc cf       	rjmp	.-8      	; 0x620 <stdio_getchar>
	return USART.DATA;
     628:	80 91 a0 0a 	lds	r24, 0x0AA0	; 0x800aa0 <__TEXT_REGION_LENGTH__+0x700aa0>
}
     62c:	90 e0       	ldi	r25, 0x00	; 0
     62e:	08 95       	ret

00000630 <DriverUSARTInit>:
static int stdio_getchar(FILE *stream);
static FILE UsartStdio = FDEV_SETUP_STREAM(stdio_putchar, stdio_getchar,_FDEV_SETUP_RW);

void DriverUSARTInit(void)
{
	USART_PORT.DIRSET=0b00001000;	
     630:	e0 e8       	ldi	r30, 0x80	; 128
     632:	f6 e0       	ldi	r31, 0x06	; 6
     634:	88 e0       	ldi	r24, 0x08	; 8
     636:	81 83       	std	Z+1, r24	; 0x01
	USART_PORT.DIRCLR=0b00000100;
     638:	84 e0       	ldi	r24, 0x04	; 4
     63a:	82 83       	std	Z+2, r24	; 0x02
	
	USART.CTRLA=0b00000000;
     63c:	e0 ea       	ldi	r30, 0xA0	; 160
     63e:	fa e0       	ldi	r31, 0x0A	; 10
     640:	13 82       	std	Z+3, r1	; 0x03
	USART.CTRLB=0b00011000;
     642:	88 e1       	ldi	r24, 0x18	; 24
     644:	84 83       	std	Z+4, r24	; 0x04
	USART.CTRLC=0b00000011;	
     646:	83 e0       	ldi	r24, 0x03	; 3
     648:	85 83       	std	Z+5, r24	; 0x05
	
	USART.BAUDCTRLA=0xE5; //BSEL=3301, BSCALE=-5 19200 baud
     64a:	85 ee       	ldi	r24, 0xE5	; 229
     64c:	86 83       	std	Z+6, r24	; 0x06
	USART.BAUDCTRLB=0xBC; 
     64e:	8c eb       	ldi	r24, 0xBC	; 188
     650:	87 83       	std	Z+7, r24	; 0x07
	
	stdout=&UsartStdio;
     652:	ec e5       	ldi	r30, 0x5C	; 92
     654:	f2 e2       	ldi	r31, 0x22	; 34
     656:	86 e0       	ldi	r24, 0x06	; 6
     658:	90 e2       	ldi	r25, 0x20	; 32
     65a:	82 83       	std	Z+2, r24	; 0x02
     65c:	93 83       	std	Z+3, r25	; 0x03
	stdin=&UsartStdio;
     65e:	80 83       	st	Z, r24
     660:	91 83       	std	Z+1, r25	; 0x01
     662:	08 95       	ret

00000664 <pvPortMalloc>:
	pxIterator->pxNextFreeBlock = pxBlockToInsert;									\
}
/*-----------------------------------------------------------*/

void *pvPortMalloc( size_t xWantedSize )
{
     664:	0f 93       	push	r16
     666:	1f 93       	push	r17
     668:	cf 93       	push	r28
     66a:	df 93       	push	r29
     66c:	ec 01       	movw	r28, r24
BlockLink_t *pxBlock, *pxPreviousBlock, *pxNewBlockLink;
static BaseType_t xHeapHasBeenInitialised = pdFALSE;
void *pvReturn = NULL;

	vTaskSuspendAll();
     66e:	0e 94 2c 09 	call	0x1258	; 0x1258 <vTaskSuspendAll>
	{
		/* If this is the first call to malloc then the heap will require
		initialisation to setup the list of free blocks. */
		if( xHeapHasBeenInitialised == pdFALSE )
     672:	80 91 a9 21 	lds	r24, 0x21A9	; 0x8021a9 <xHeapHasBeenInitialised.4125>
     676:	81 11       	cpse	r24, r1
     678:	21 c0       	rjmp	.+66     	; 0x6bc <pvPortMalloc+0x58>
{
BlockLink_t *pxFirstFreeBlock;
uint8_t *pucAlignedHeap;

	/* Ensure the heap starts on a correctly aligned boundary. */
	pucAlignedHeap = ( uint8_t * ) ( ( ( portPOINTER_SIZE_TYPE ) &ucHeap[ portBYTE_ALIGNMENT ] ) & ( ~( ( portPOINTER_SIZE_TYPE ) portBYTE_ALIGNMENT_MASK ) ) );
     67a:	e0 91 56 22 	lds	r30, 0x2256	; 0x802256 <ucHeap>
     67e:	f0 91 57 22 	lds	r31, 0x2257	; 0x802257 <ucHeap+0x1>

	/* xStart is used to hold a pointer to the first item in the list of free
	blocks.  The void cast is used to prevent compiler warnings. */
	xStart.pxNextFreeBlock = ( void * ) pucAlignedHeap;
     682:	cf 01       	movw	r24, r30
     684:	01 96       	adiw	r24, 0x01	; 1
     686:	80 93 ae 21 	sts	0x21AE, r24	; 0x8021ae <xStart>
     68a:	90 93 af 21 	sts	0x21AF, r25	; 0x8021af <xStart+0x1>
	xStart.xBlockSize = ( size_t ) 0;
     68e:	10 92 b0 21 	sts	0x21B0, r1	; 0x8021b0 <xStart+0x2>
     692:	10 92 b1 21 	sts	0x21B1, r1	; 0x8021b1 <xStart+0x3>

	/* xEnd is used to mark the end of the list of free blocks. */
	xEnd.xBlockSize = configADJUSTED_HEAP_SIZE;
     696:	8f ef       	ldi	r24, 0xFF	; 255
     698:	9f e3       	ldi	r25, 0x3F	; 63
     69a:	80 93 ac 21 	sts	0x21AC, r24	; 0x8021ac <xEnd+0x2>
     69e:	90 93 ad 21 	sts	0x21AD, r25	; 0x8021ad <xEnd+0x3>
	xEnd.pxNextFreeBlock = NULL;
     6a2:	10 92 aa 21 	sts	0x21AA, r1	; 0x8021aa <xEnd>
     6a6:	10 92 ab 21 	sts	0x21AB, r1	; 0x8021ab <xEnd+0x1>

	/* To start with there is a single free block that is sized to take up the
	entire heap space. */
	pxFirstFreeBlock = ( void * ) pucAlignedHeap;
	pxFirstFreeBlock->xBlockSize = configADJUSTED_HEAP_SIZE;
     6aa:	83 83       	std	Z+3, r24	; 0x03
     6ac:	94 83       	std	Z+4, r25	; 0x04
	pxFirstFreeBlock->pxNextFreeBlock = &xEnd;
     6ae:	8a ea       	ldi	r24, 0xAA	; 170
     6b0:	91 e2       	ldi	r25, 0x21	; 33
     6b2:	81 83       	std	Z+1, r24	; 0x01
     6b4:	92 83       	std	Z+2, r25	; 0x02
		/* If this is the first call to malloc then the heap will require
		initialisation to setup the list of free blocks. */
		if( xHeapHasBeenInitialised == pdFALSE )
		{
			prvHeapInit();
			xHeapHasBeenInitialised = pdTRUE;
     6b6:	81 e0       	ldi	r24, 0x01	; 1
     6b8:	80 93 a9 21 	sts	0x21A9, r24	; 0x8021a9 <xHeapHasBeenInitialised.4125>
		}

		/* The wanted size is increased so it can contain a BlockLink_t
		structure in addition to the requested amount of bytes. */
		if( xWantedSize > 0 )
     6bc:	20 97       	sbiw	r28, 0x00	; 0
     6be:	09 f4       	brne	.+2      	; 0x6c2 <pvPortMalloc+0x5e>
     6c0:	64 c0       	rjmp	.+200    	; 0x78a <pvPortMalloc+0x126>
		{
			xWantedSize += heapSTRUCT_SIZE;
     6c2:	ae 01       	movw	r20, r28
     6c4:	4c 5f       	subi	r20, 0xFC	; 252
     6c6:	5f 4f       	sbci	r21, 0xFF	; 255
				/* Byte alignment required. */
				xWantedSize += ( portBYTE_ALIGNMENT - ( xWantedSize & portBYTE_ALIGNMENT_MASK ) );
			}
		}

		if( ( xWantedSize > 0 ) && ( xWantedSize < configADJUSTED_HEAP_SIZE ) )
     6c8:	23 96       	adiw	r28, 0x03	; 3
     6ca:	ce 3f       	cpi	r28, 0xFE	; 254
     6cc:	df 43       	sbci	r29, 0x3F	; 63
     6ce:	08 f0       	brcs	.+2      	; 0x6d2 <pvPortMalloc+0x6e>
     6d0:	5c c0       	rjmp	.+184    	; 0x78a <pvPortMalloc+0x126>
		{
			/* Blocks are stored in byte order - traverse the list from the start
			(smallest) block until one of adequate size is found. */
			pxPreviousBlock = &xStart;
			pxBlock = xStart.pxNextFreeBlock;
     6d2:	e0 91 ae 21 	lds	r30, 0x21AE	; 0x8021ae <xStart>
     6d6:	f0 91 af 21 	lds	r31, 0x21AF	; 0x8021af <xStart+0x1>

		if( ( xWantedSize > 0 ) && ( xWantedSize < configADJUSTED_HEAP_SIZE ) )
		{
			/* Blocks are stored in byte order - traverse the list from the start
			(smallest) block until one of adequate size is found. */
			pxPreviousBlock = &xStart;
     6da:	ae ea       	ldi	r26, 0xAE	; 174
     6dc:	b1 e2       	ldi	r27, 0x21	; 33
			pxBlock = xStart.pxNextFreeBlock;
			while( ( pxBlock->xBlockSize < xWantedSize ) && ( pxBlock->pxNextFreeBlock != NULL ) )
     6de:	06 c0       	rjmp	.+12     	; 0x6ec <pvPortMalloc+0x88>
     6e0:	80 81       	ld	r24, Z
     6e2:	91 81       	ldd	r25, Z+1	; 0x01
     6e4:	00 97       	sbiw	r24, 0x00	; 0
     6e6:	39 f0       	breq	.+14     	; 0x6f6 <pvPortMalloc+0x92>
     6e8:	df 01       	movw	r26, r30
     6ea:	fc 01       	movw	r30, r24
     6ec:	22 81       	ldd	r18, Z+2	; 0x02
     6ee:	33 81       	ldd	r19, Z+3	; 0x03
     6f0:	24 17       	cp	r18, r20
     6f2:	35 07       	cpc	r19, r21
     6f4:	a8 f3       	brcs	.-22     	; 0x6e0 <pvPortMalloc+0x7c>
				pxPreviousBlock = pxBlock;
				pxBlock = pxBlock->pxNextFreeBlock;
			}

			/* If we found the end marker then a block of adequate size was not found. */
			if( pxBlock != &xEnd )
     6f6:	c1 e2       	ldi	r28, 0x21	; 33
     6f8:	ea 3a       	cpi	r30, 0xAA	; 170
     6fa:	fc 07       	cpc	r31, r28
     6fc:	09 f4       	brne	.+2      	; 0x700 <pvPortMalloc+0x9c>
     6fe:	45 c0       	rjmp	.+138    	; 0x78a <pvPortMalloc+0x126>
			{
				/* Return the memory space - jumping over the BlockLink_t structure
				at its start. */
				pvReturn = ( void * ) ( ( ( uint8_t * ) pxPreviousBlock->pxNextFreeBlock ) + heapSTRUCT_SIZE );
     700:	cd 91       	ld	r28, X+
     702:	dc 91       	ld	r29, X
     704:	11 97       	sbiw	r26, 0x01	; 1
     706:	8e 01       	movw	r16, r28
     708:	0c 5f       	subi	r16, 0xFC	; 252
     70a:	1f 4f       	sbci	r17, 0xFF	; 255

				/* This block is being returned for use so must be taken out of the
				list of free blocks. */
				pxPreviousBlock->pxNextFreeBlock = pxBlock->pxNextFreeBlock;
     70c:	80 81       	ld	r24, Z
     70e:	91 81       	ldd	r25, Z+1	; 0x01
     710:	8d 93       	st	X+, r24
     712:	9c 93       	st	X, r25

				/* If the block is larger than required it can be split into two. */
				if( ( pxBlock->xBlockSize - xWantedSize ) > heapMINIMUM_BLOCK_SIZE )
     714:	c9 01       	movw	r24, r18
     716:	84 1b       	sub	r24, r20
     718:	95 0b       	sbc	r25, r21
     71a:	89 30       	cpi	r24, 0x09	; 9
     71c:	91 05       	cpc	r25, r1
     71e:	00 f1       	brcs	.+64     	; 0x760 <pvPortMalloc+0xfc>
				{
					/* This block is to be split into two.  Create a new block
					following the number of bytes requested. The void cast is
					used to prevent byte alignment warnings from the compiler. */
					pxNewBlockLink = ( void * ) ( ( ( uint8_t * ) pxBlock ) + xWantedSize );
     720:	bf 01       	movw	r22, r30
     722:	64 0f       	add	r22, r20
     724:	75 1f       	adc	r23, r21

					/* Calculate the sizes of two blocks split from the single
					block. */
					pxNewBlockLink->xBlockSize = pxBlock->xBlockSize - xWantedSize;
     726:	db 01       	movw	r26, r22
     728:	12 96       	adiw	r26, 0x02	; 2
     72a:	8d 93       	st	X+, r24
     72c:	9c 93       	st	X, r25
     72e:	13 97       	sbiw	r26, 0x03	; 3
					pxBlock->xBlockSize = xWantedSize;
     730:	42 83       	std	Z+2, r20	; 0x02
     732:	53 83       	std	Z+3, r21	; 0x03

					/* Insert the new block into the list of free blocks. */
					prvInsertBlockIntoFreeList( ( pxNewBlockLink ) );
     734:	12 96       	adiw	r26, 0x02	; 2
     736:	2d 91       	ld	r18, X+
     738:	3c 91       	ld	r19, X
     73a:	13 97       	sbiw	r26, 0x03	; 3
     73c:	ae ea       	ldi	r26, 0xAE	; 174
     73e:	b1 e2       	ldi	r27, 0x21	; 33
     740:	01 c0       	rjmp	.+2      	; 0x744 <pvPortMalloc+0xe0>
     742:	df 01       	movw	r26, r30
     744:	ed 91       	ld	r30, X+
     746:	fc 91       	ld	r31, X
     748:	11 97       	sbiw	r26, 0x01	; 1
     74a:	82 81       	ldd	r24, Z+2	; 0x02
     74c:	93 81       	ldd	r25, Z+3	; 0x03
     74e:	82 17       	cp	r24, r18
     750:	93 07       	cpc	r25, r19
     752:	b8 f3       	brcs	.-18     	; 0x742 <pvPortMalloc+0xde>
     754:	eb 01       	movw	r28, r22
     756:	e8 83       	st	Y, r30
     758:	f9 83       	std	Y+1, r31	; 0x01
     75a:	6d 93       	st	X+, r22
     75c:	7c 93       	st	X, r23

		/* The wanted size is increased so it can contain a BlockLink_t
		structure in addition to the requested amount of bytes. */
		if( xWantedSize > 0 )
		{
			xWantedSize += heapSTRUCT_SIZE;
     75e:	9a 01       	movw	r18, r20

					/* Insert the new block into the list of free blocks. */
					prvInsertBlockIntoFreeList( ( pxNewBlockLink ) );
				}

				xFreeBytesRemaining -= pxBlock->xBlockSize;
     760:	80 91 14 20 	lds	r24, 0x2014	; 0x802014 <xFreeBytesRemaining>
     764:	90 91 15 20 	lds	r25, 0x2015	; 0x802015 <xFreeBytesRemaining+0x1>
     768:	82 1b       	sub	r24, r18
     76a:	93 0b       	sbc	r25, r19
     76c:	80 93 14 20 	sts	0x2014, r24	; 0x802014 <xFreeBytesRemaining>
     770:	90 93 15 20 	sts	0x2015, r25	; 0x802015 <xFreeBytesRemaining+0x1>
			}
		}

		traceMALLOC( pvReturn, xWantedSize );
	}
	( void ) xTaskResumeAll();
     774:	0e 94 0c 0a 	call	0x1418	; 0x1418 <xTaskResumeAll>

	#if( configUSE_MALLOC_FAILED_HOOK == 1 )
	{
		if( pvReturn == NULL )
     778:	01 15       	cp	r16, r1
     77a:	11 05       	cpc	r17, r1
     77c:	41 f0       	breq	.+16     	; 0x78e <pvPortMalloc+0x12a>
		}
	}
	#endif

	return pvReturn;
}
     77e:	c8 01       	movw	r24, r16
     780:	df 91       	pop	r29
     782:	cf 91       	pop	r28
     784:	1f 91       	pop	r17
     786:	0f 91       	pop	r16
     788:	08 95       	ret
			}
		}

		traceMALLOC( pvReturn, xWantedSize );
	}
	( void ) xTaskResumeAll();
     78a:	0e 94 0c 0a 	call	0x1418	; 0x1418 <xTaskResumeAll>
	#if( configUSE_MALLOC_FAILED_HOOK == 1 )
	{
		if( pvReturn == NULL )
		{
			extern void vApplicationMallocFailedHook( void );
			vApplicationMallocFailedHook();
     78e:	0e 94 cb 0a 	call	0x1596	; 0x1596 <vApplicationMallocFailedHook>
     792:	00 e0       	ldi	r16, 0x00	; 0
     794:	10 e0       	ldi	r17, 0x00	; 0
		}
	}
	#endif

	return pvReturn;
}
     796:	c8 01       	movw	r24, r16
     798:	df 91       	pop	r29
     79a:	cf 91       	pop	r28
     79c:	1f 91       	pop	r17
     79e:	0f 91       	pop	r16
     7a0:	08 95       	ret

000007a2 <vPortFree>:
/*-----------------------------------------------------------*/

void vPortFree( void *pv )
{
     7a2:	cf 93       	push	r28
     7a4:	df 93       	push	r29
uint8_t *puc = ( uint8_t * ) pv;
BlockLink_t *pxLink;

	if( pv != NULL )
     7a6:	00 97       	sbiw	r24, 0x00	; 0
     7a8:	21 f1       	breq	.+72     	; 0x7f2 <vPortFree+0x50>
	{
		/* The memory being freed will have an BlockLink_t structure immediately
		before it. */
		puc -= heapSTRUCT_SIZE;
     7aa:	ec 01       	movw	r28, r24
     7ac:	24 97       	sbiw	r28, 0x04	; 4

		/* This unexpected casting is to keep some compilers from issuing
		byte alignment warnings. */
		pxLink = ( void * ) puc;

		vTaskSuspendAll();
     7ae:	0e 94 2c 09 	call	0x1258	; 0x1258 <vTaskSuspendAll>
		{
			/* Add this block to the list of free blocks. */
			prvInsertBlockIntoFreeList( ( ( BlockLink_t * ) pxLink ) );
     7b2:	4a 81       	ldd	r20, Y+2	; 0x02
     7b4:	5b 81       	ldd	r21, Y+3	; 0x03
     7b6:	ae ea       	ldi	r26, 0xAE	; 174
     7b8:	b1 e2       	ldi	r27, 0x21	; 33
     7ba:	01 c0       	rjmp	.+2      	; 0x7be <vPortFree+0x1c>
     7bc:	df 01       	movw	r26, r30
     7be:	ed 91       	ld	r30, X+
     7c0:	fc 91       	ld	r31, X
     7c2:	11 97       	sbiw	r26, 0x01	; 1
     7c4:	22 81       	ldd	r18, Z+2	; 0x02
     7c6:	33 81       	ldd	r19, Z+3	; 0x03
     7c8:	24 17       	cp	r18, r20
     7ca:	35 07       	cpc	r19, r21
     7cc:	b8 f3       	brcs	.-18     	; 0x7bc <vPortFree+0x1a>
     7ce:	e8 83       	st	Y, r30
     7d0:	f9 83       	std	Y+1, r31	; 0x01
     7d2:	cd 93       	st	X+, r28
     7d4:	dc 93       	st	X, r29
			xFreeBytesRemaining += pxLink->xBlockSize;
     7d6:	80 91 14 20 	lds	r24, 0x2014	; 0x802014 <xFreeBytesRemaining>
     7da:	90 91 15 20 	lds	r25, 0x2015	; 0x802015 <xFreeBytesRemaining+0x1>
     7de:	48 0f       	add	r20, r24
     7e0:	59 1f       	adc	r21, r25
     7e2:	40 93 14 20 	sts	0x2014, r20	; 0x802014 <xFreeBytesRemaining>
     7e6:	50 93 15 20 	sts	0x2015, r21	; 0x802015 <xFreeBytesRemaining+0x1>
			traceFREE( pv, pxLink->xBlockSize );
		}
		( void ) xTaskResumeAll();
	}
}
     7ea:	df 91       	pop	r29
     7ec:	cf 91       	pop	r28
			/* Add this block to the list of free blocks. */
			prvInsertBlockIntoFreeList( ( ( BlockLink_t * ) pxLink ) );
			xFreeBytesRemaining += pxLink->xBlockSize;
			traceFREE( pv, pxLink->xBlockSize );
		}
		( void ) xTaskResumeAll();
     7ee:	0c 94 0c 0a 	jmp	0x1418	; 0x1418 <xTaskResumeAll>
	}
}
     7f2:	df 91       	pop	r29
     7f4:	cf 91       	pop	r28
     7f6:	08 95       	ret

000007f8 <xPortGetFreeHeapSize>:
/*-----------------------------------------------------------*/

size_t xPortGetFreeHeapSize( void )
{
	return xFreeBytesRemaining;
}
     7f8:	80 91 14 20 	lds	r24, 0x2014	; 0x802014 <xFreeBytesRemaining>
     7fc:	90 91 15 20 	lds	r25, 0x2015	; 0x802015 <xFreeBytesRemaining+0x1>
     800:	08 95       	ret

00000802 <vListInitialise>:
/*-----------------------------------------------------------
 * PUBLIC LIST API documented in list.h
 *----------------------------------------------------------*/

void vListInitialise( List_t * const pxList )
{
     802:	fc 01       	movw	r30, r24
	/* The list structure contains a list item which is used to mark the
	end of the list.  To initialise the list the list end is inserted
	as the only list entry. */
	pxList->pxIndex = ( ListItem_t * ) &( pxList->xListEnd );			/*lint !e826 !e740 !e9087 The mini list structure is used as the list end to save RAM.  This is checked and valid. */
     804:	03 96       	adiw	r24, 0x03	; 3
     806:	81 83       	std	Z+1, r24	; 0x01
     808:	92 83       	std	Z+2, r25	; 0x02

	/* The list end value is the highest possible value in the list to
	ensure it remains at the end of the list. */
	pxList->xListEnd.xItemValue = portMAX_DELAY;
     80a:	2f ef       	ldi	r18, 0xFF	; 255
     80c:	3f ef       	ldi	r19, 0xFF	; 255
     80e:	23 83       	std	Z+3, r18	; 0x03
     810:	34 83       	std	Z+4, r19	; 0x04

	/* The list end next and previous pointers point to itself so we know
	when the list is empty. */
	pxList->xListEnd.pxNext = ( ListItem_t * ) &( pxList->xListEnd );	/*lint !e826 !e740 !e9087 The mini list structure is used as the list end to save RAM.  This is checked and valid. */
     812:	85 83       	std	Z+5, r24	; 0x05
     814:	96 83       	std	Z+6, r25	; 0x06
	pxList->xListEnd.pxPrevious = ( ListItem_t * ) &( pxList->xListEnd );/*lint !e826 !e740 !e9087 The mini list structure is used as the list end to save RAM.  This is checked and valid. */
     816:	87 83       	std	Z+7, r24	; 0x07
     818:	90 87       	std	Z+8, r25	; 0x08

	pxList->uxNumberOfItems = ( UBaseType_t ) 0U;
     81a:	10 82       	st	Z, r1
     81c:	08 95       	ret

0000081e <vListInitialiseItem>:
/*-----------------------------------------------------------*/

void vListInitialiseItem( ListItem_t * const pxItem )
{
	/* Make sure the list item is not recorded as being on a list. */
	pxItem->pxContainer = NULL;
     81e:	fc 01       	movw	r30, r24
     820:	10 86       	std	Z+8, r1	; 0x08
     822:	11 86       	std	Z+9, r1	; 0x09
     824:	08 95       	ret

00000826 <vListInsertEnd>:
	listSET_SECOND_LIST_ITEM_INTEGRITY_CHECK_VALUE( pxItem );
}
/*-----------------------------------------------------------*/

void vListInsertEnd( List_t * const pxList, ListItem_t * const pxNewListItem )
{
     826:	cf 93       	push	r28
     828:	df 93       	push	r29
     82a:	9c 01       	movw	r18, r24
     82c:	fb 01       	movw	r30, r22
ListItem_t * const pxIndex = pxList->pxIndex;
     82e:	dc 01       	movw	r26, r24
     830:	11 96       	adiw	r26, 0x01	; 1
     832:	cd 91       	ld	r28, X+
     834:	dc 91       	ld	r29, X
     836:	12 97       	sbiw	r26, 0x02	; 2
	listTEST_LIST_ITEM_INTEGRITY( pxNewListItem );

	/* Insert a new list item into pxList, but rather than sort the list,
	makes the new list item the last item to be removed by a call to
	listGET_OWNER_OF_NEXT_ENTRY(). */
	pxNewListItem->pxNext = pxIndex;
     838:	c2 83       	std	Z+2, r28	; 0x02
     83a:	d3 83       	std	Z+3, r29	; 0x03
	pxNewListItem->pxPrevious = pxIndex->pxPrevious;
     83c:	8c 81       	ldd	r24, Y+4	; 0x04
     83e:	9d 81       	ldd	r25, Y+5	; 0x05
     840:	84 83       	std	Z+4, r24	; 0x04
     842:	95 83       	std	Z+5, r25	; 0x05

	/* Only used during decision coverage testing. */
	mtCOVERAGE_TEST_DELAY();

	pxIndex->pxPrevious->pxNext = pxNewListItem;
     844:	8c 81       	ldd	r24, Y+4	; 0x04
     846:	9d 81       	ldd	r25, Y+5	; 0x05
     848:	dc 01       	movw	r26, r24
     84a:	12 96       	adiw	r26, 0x02	; 2
     84c:	6d 93       	st	X+, r22
     84e:	7c 93       	st	X, r23
     850:	13 97       	sbiw	r26, 0x03	; 3
	pxIndex->pxPrevious = pxNewListItem;
     852:	6c 83       	std	Y+4, r22	; 0x04
     854:	7d 83       	std	Y+5, r23	; 0x05

	/* Remember which list the item is in. */
	pxNewListItem->pxContainer = pxList;
     856:	20 87       	std	Z+8, r18	; 0x08
     858:	31 87       	std	Z+9, r19	; 0x09

	( pxList->uxNumberOfItems )++;
     85a:	f9 01       	movw	r30, r18
     85c:	80 81       	ld	r24, Z
     85e:	8f 5f       	subi	r24, 0xFF	; 255
     860:	80 83       	st	Z, r24
}
     862:	df 91       	pop	r29
     864:	cf 91       	pop	r28
     866:	08 95       	ret

00000868 <vListInsert>:
/*-----------------------------------------------------------*/

void vListInsert( List_t * const pxList, ListItem_t * const pxNewListItem )
{
     868:	cf 93       	push	r28
     86a:	df 93       	push	r29
     86c:	eb 01       	movw	r28, r22
ListItem_t *pxIterator;
const TickType_t xValueOfInsertion = pxNewListItem->xItemValue;
     86e:	48 81       	ld	r20, Y
     870:	59 81       	ldd	r21, Y+1	; 0x01
	new list item should be placed after it.  This ensures that TCBs which are
	stored in ready lists (all of which have the same xItemValue value) get a
	share of the CPU.  However, if the xItemValue is the same as the back marker
	the iteration loop below will not end.  Therefore the value is checked
	first, and the algorithm slightly modified if necessary. */
	if( xValueOfInsertion == portMAX_DELAY )
     872:	4f 3f       	cpi	r20, 0xFF	; 255
     874:	2f ef       	ldi	r18, 0xFF	; 255
     876:	52 07       	cpc	r21, r18
     878:	01 f1       	breq	.+64     	; 0x8ba <vListInsert+0x52>
			4) Using a queue or semaphore before it has been initialised or
			   before the scheduler has been started (are interrupts firing
			   before vTaskStartScheduler() has been called?).
		**********************************************************************/

		for( pxIterator = ( ListItem_t * ) &( pxList->xListEnd ); pxIterator->pxNext->xItemValue <= xValueOfInsertion; pxIterator = pxIterator->pxNext ) /*lint !e826 !e740 !e9087 The mini list structure is used as the list end to save RAM.  This is checked and valid. *//*lint !e440 The iterator moves to a different value, not xValueOfInsertion. */
     87a:	dc 01       	movw	r26, r24
     87c:	13 96       	adiw	r26, 0x03	; 3
     87e:	01 c0       	rjmp	.+2      	; 0x882 <vListInsert+0x1a>
     880:	df 01       	movw	r26, r30
     882:	12 96       	adiw	r26, 0x02	; 2
     884:	ed 91       	ld	r30, X+
     886:	fc 91       	ld	r31, X
     888:	13 97       	sbiw	r26, 0x03	; 3
     88a:	20 81       	ld	r18, Z
     88c:	31 81       	ldd	r19, Z+1	; 0x01
     88e:	42 17       	cp	r20, r18
     890:	53 07       	cpc	r21, r19
     892:	b0 f7       	brcc	.-20     	; 0x880 <vListInsert+0x18>
			/* There is nothing to do here, just iterating to the wanted
			insertion position. */
		}
	}

	pxNewListItem->pxNext = pxIterator->pxNext;
     894:	ea 83       	std	Y+2, r30	; 0x02
     896:	fb 83       	std	Y+3, r31	; 0x03
	pxNewListItem->pxNext->pxPrevious = pxNewListItem;
     898:	c4 83       	std	Z+4, r28	; 0x04
     89a:	d5 83       	std	Z+5, r29	; 0x05
	pxNewListItem->pxPrevious = pxIterator;
     89c:	ac 83       	std	Y+4, r26	; 0x04
     89e:	bd 83       	std	Y+5, r27	; 0x05
	pxIterator->pxNext = pxNewListItem;
     8a0:	12 96       	adiw	r26, 0x02	; 2
     8a2:	cd 93       	st	X+, r28
     8a4:	dc 93       	st	X, r29
     8a6:	13 97       	sbiw	r26, 0x03	; 3

	/* Remember which list the item is in.  This allows fast removal of the
	item later. */
	pxNewListItem->pxContainer = pxList;
     8a8:	88 87       	std	Y+8, r24	; 0x08
     8aa:	99 87       	std	Y+9, r25	; 0x09

	( pxList->uxNumberOfItems )++;
     8ac:	fc 01       	movw	r30, r24
     8ae:	20 81       	ld	r18, Z
     8b0:	2f 5f       	subi	r18, 0xFF	; 255
     8b2:	20 83       	st	Z, r18
}
     8b4:	df 91       	pop	r29
     8b6:	cf 91       	pop	r28
     8b8:	08 95       	ret
	share of the CPU.  However, if the xItemValue is the same as the back marker
	the iteration loop below will not end.  Therefore the value is checked
	first, and the algorithm slightly modified if necessary. */
	if( xValueOfInsertion == portMAX_DELAY )
	{
		pxIterator = pxList->xListEnd.pxPrevious;
     8ba:	fc 01       	movw	r30, r24
     8bc:	a7 81       	ldd	r26, Z+7	; 0x07
     8be:	b0 85       	ldd	r27, Z+8	; 0x08
     8c0:	12 96       	adiw	r26, 0x02	; 2
     8c2:	ed 91       	ld	r30, X+
     8c4:	fc 91       	ld	r31, X
     8c6:	13 97       	sbiw	r26, 0x03	; 3
     8c8:	e5 cf       	rjmp	.-54     	; 0x894 <vListInsert+0x2c>

000008ca <uxListRemove>:
	( pxList->uxNumberOfItems )++;
}
/*-----------------------------------------------------------*/

UBaseType_t uxListRemove( ListItem_t * const pxItemToRemove )
{
     8ca:	cf 93       	push	r28
     8cc:	df 93       	push	r29
     8ce:	fc 01       	movw	r30, r24
/* The list item knows which list it is in.  Obtain the list from the list
item. */
List_t * const pxList = pxItemToRemove->pxContainer;
     8d0:	a0 85       	ldd	r26, Z+8	; 0x08
     8d2:	b1 85       	ldd	r27, Z+9	; 0x09

	pxItemToRemove->pxNext->pxPrevious = pxItemToRemove->pxPrevious;
     8d4:	22 81       	ldd	r18, Z+2	; 0x02
     8d6:	33 81       	ldd	r19, Z+3	; 0x03
     8d8:	84 81       	ldd	r24, Z+4	; 0x04
     8da:	95 81       	ldd	r25, Z+5	; 0x05
     8dc:	e9 01       	movw	r28, r18
     8de:	8c 83       	std	Y+4, r24	; 0x04
     8e0:	9d 83       	std	Y+5, r25	; 0x05
	pxItemToRemove->pxPrevious->pxNext = pxItemToRemove->pxNext;
     8e2:	84 81       	ldd	r24, Z+4	; 0x04
     8e4:	95 81       	ldd	r25, Z+5	; 0x05
     8e6:	ec 01       	movw	r28, r24
     8e8:	2a 83       	std	Y+2, r18	; 0x02
     8ea:	3b 83       	std	Y+3, r19	; 0x03

	/* Only used during decision coverage testing. */
	mtCOVERAGE_TEST_DELAY();

	/* Make sure the index is left pointing to a valid item. */
	if( pxList->pxIndex == pxItemToRemove )
     8ec:	11 96       	adiw	r26, 0x01	; 1
     8ee:	2d 91       	ld	r18, X+
     8f0:	3c 91       	ld	r19, X
     8f2:	12 97       	sbiw	r26, 0x02	; 2
     8f4:	e2 17       	cp	r30, r18
     8f6:	f3 07       	cpc	r31, r19
     8f8:	49 f0       	breq	.+18     	; 0x90c <uxListRemove+0x42>
	else
	{
		mtCOVERAGE_TEST_MARKER();
	}

	pxItemToRemove->pxContainer = NULL;
     8fa:	10 86       	std	Z+8, r1	; 0x08
     8fc:	11 86       	std	Z+9, r1	; 0x09
	( pxList->uxNumberOfItems )--;
     8fe:	8c 91       	ld	r24, X
     900:	81 50       	subi	r24, 0x01	; 1
     902:	8c 93       	st	X, r24

	return pxList->uxNumberOfItems;
     904:	8c 91       	ld	r24, X
}
     906:	df 91       	pop	r29
     908:	cf 91       	pop	r28
     90a:	08 95       	ret
	mtCOVERAGE_TEST_DELAY();

	/* Make sure the index is left pointing to a valid item. */
	if( pxList->pxIndex == pxItemToRemove )
	{
		pxList->pxIndex = pxItemToRemove->pxPrevious;
     90c:	11 96       	adiw	r26, 0x01	; 1
     90e:	8d 93       	st	X+, r24
     910:	9c 93       	st	X, r25
     912:	12 97       	sbiw	r26, 0x02	; 2
     914:	f2 cf       	rjmp	.-28     	; 0x8fa <uxListRemove+0x30>

00000916 <pxPortInitialiseStack>:
//void vPortYieldISR( void ) __attribute__ ( ( naked ) );
void vPortYieldISR( void )
{
	TCC0.CCA=TCC0.CNT+100;
	if (TCC0.CCA>=TCC0.PER) TCC0.CCA-= TCC0.PER;
	asm volatile ( "ret" );
     916:	31 e1       	ldi	r19, 0x11	; 17
     918:	fc 01       	movw	r30, r24
     91a:	30 83       	st	Z, r19
     91c:	31 97       	sbiw	r30, 0x01	; 1
     91e:	22 e2       	ldi	r18, 0x22	; 34
     920:	20 83       	st	Z, r18
     922:	31 97       	sbiw	r30, 0x01	; 1
     924:	a3 e3       	ldi	r26, 0x33	; 51
     926:	a0 83       	st	Z, r26
     928:	31 97       	sbiw	r30, 0x01	; 1
     92a:	60 83       	st	Z, r22
     92c:	31 97       	sbiw	r30, 0x01	; 1
     92e:	70 83       	st	Z, r23
     930:	31 97       	sbiw	r30, 0x01	; 1
     932:	10 82       	st	Z, r1
     934:	31 97       	sbiw	r30, 0x01	; 1
     936:	10 82       	st	Z, r1
     938:	31 97       	sbiw	r30, 0x01	; 1
     93a:	60 e8       	ldi	r22, 0x80	; 128
     93c:	60 83       	st	Z, r22
     93e:	31 97       	sbiw	r30, 0x01	; 1
     940:	10 82       	st	Z, r1
     942:	31 97       	sbiw	r30, 0x01	; 1
     944:	62 e0       	ldi	r22, 0x02	; 2
     946:	60 83       	st	Z, r22
     948:	31 97       	sbiw	r30, 0x01	; 1
     94a:	63 e0       	ldi	r22, 0x03	; 3
     94c:	60 83       	st	Z, r22
     94e:	31 97       	sbiw	r30, 0x01	; 1
     950:	64 e0       	ldi	r22, 0x04	; 4
     952:	60 83       	st	Z, r22
     954:	31 97       	sbiw	r30, 0x01	; 1
     956:	65 e0       	ldi	r22, 0x05	; 5
     958:	60 83       	st	Z, r22
     95a:	31 97       	sbiw	r30, 0x01	; 1
     95c:	66 e0       	ldi	r22, 0x06	; 6
     95e:	60 83       	st	Z, r22
     960:	31 97       	sbiw	r30, 0x01	; 1
     962:	67 e0       	ldi	r22, 0x07	; 7
     964:	60 83       	st	Z, r22
     966:	31 97       	sbiw	r30, 0x01	; 1
     968:	68 e0       	ldi	r22, 0x08	; 8
     96a:	60 83       	st	Z, r22
     96c:	31 97       	sbiw	r30, 0x01	; 1
     96e:	69 e0       	ldi	r22, 0x09	; 9
     970:	60 83       	st	Z, r22
     972:	31 97       	sbiw	r30, 0x01	; 1
     974:	60 e1       	ldi	r22, 0x10	; 16
     976:	60 83       	st	Z, r22
     978:	31 97       	sbiw	r30, 0x01	; 1
     97a:	30 83       	st	Z, r19
     97c:	31 97       	sbiw	r30, 0x01	; 1
     97e:	32 e1       	ldi	r19, 0x12	; 18
     980:	30 83       	st	Z, r19
     982:	31 97       	sbiw	r30, 0x01	; 1
     984:	33 e1       	ldi	r19, 0x13	; 19
     986:	30 83       	st	Z, r19
     988:	31 97       	sbiw	r30, 0x01	; 1
     98a:	34 e1       	ldi	r19, 0x14	; 20
     98c:	30 83       	st	Z, r19
     98e:	31 97       	sbiw	r30, 0x01	; 1
     990:	35 e1       	ldi	r19, 0x15	; 21
     992:	30 83       	st	Z, r19
     994:	31 97       	sbiw	r30, 0x01	; 1
     996:	36 e1       	ldi	r19, 0x16	; 22
     998:	30 83       	st	Z, r19
     99a:	31 97       	sbiw	r30, 0x01	; 1
     99c:	37 e1       	ldi	r19, 0x17	; 23
     99e:	30 83       	st	Z, r19
     9a0:	31 97       	sbiw	r30, 0x01	; 1
     9a2:	38 e1       	ldi	r19, 0x18	; 24
     9a4:	30 83       	st	Z, r19
     9a6:	31 97       	sbiw	r30, 0x01	; 1
     9a8:	39 e1       	ldi	r19, 0x19	; 25
     9aa:	30 83       	st	Z, r19
     9ac:	31 97       	sbiw	r30, 0x01	; 1
     9ae:	30 e2       	ldi	r19, 0x20	; 32
     9b0:	30 83       	st	Z, r19
     9b2:	31 97       	sbiw	r30, 0x01	; 1
     9b4:	31 e2       	ldi	r19, 0x21	; 33
     9b6:	30 83       	st	Z, r19
     9b8:	31 97       	sbiw	r30, 0x01	; 1
     9ba:	20 83       	st	Z, r18
     9bc:	31 97       	sbiw	r30, 0x01	; 1
     9be:	23 e2       	ldi	r18, 0x23	; 35
     9c0:	20 83       	st	Z, r18
     9c2:	31 97       	sbiw	r30, 0x01	; 1
     9c4:	40 83       	st	Z, r20
     9c6:	31 97       	sbiw	r30, 0x01	; 1
     9c8:	50 83       	st	Z, r21
     9ca:	31 97       	sbiw	r30, 0x01	; 1
     9cc:	26 e2       	ldi	r18, 0x26	; 38
     9ce:	20 83       	st	Z, r18
     9d0:	31 97       	sbiw	r30, 0x01	; 1
     9d2:	27 e2       	ldi	r18, 0x27	; 39
     9d4:	20 83       	st	Z, r18
     9d6:	31 97       	sbiw	r30, 0x01	; 1
     9d8:	28 e2       	ldi	r18, 0x28	; 40
     9da:	20 83       	st	Z, r18
     9dc:	31 97       	sbiw	r30, 0x01	; 1
     9de:	29 e2       	ldi	r18, 0x29	; 41
     9e0:	20 83       	st	Z, r18
     9e2:	31 97       	sbiw	r30, 0x01	; 1
     9e4:	20 e3       	ldi	r18, 0x30	; 48
     9e6:	20 83       	st	Z, r18
     9e8:	31 97       	sbiw	r30, 0x01	; 1
     9ea:	21 e3       	ldi	r18, 0x31	; 49
     9ec:	20 83       	st	Z, r18
     9ee:	87 97       	sbiw	r24, 0x27	; 39
     9f0:	08 95       	ret

000009f2 <xPortStartScheduler>:
     9f2:	e0 e0       	ldi	r30, 0x00	; 0
     9f4:	f8 e0       	ldi	r31, 0x08	; 8
     9f6:	8f ef       	ldi	r24, 0xFF	; 255
     9f8:	9f ef       	ldi	r25, 0xFF	; 255
     9fa:	80 a7       	std	Z+40, r24	; 0x28
     9fc:	91 a7       	std	Z+41, r25	; 0x29
     9fe:	81 e0       	ldi	r24, 0x01	; 1
     a00:	80 83       	st	Z, r24
     a02:	90 e4       	ldi	r25, 0x40	; 64
     a04:	91 83       	std	Z+1, r25	; 0x01
     a06:	86 83       	std	Z+6, r24	; 0x06
     a08:	87 83       	std	Z+7, r24	; 0x07
     a0a:	80 e0       	ldi	r24, 0x00	; 0
     a0c:	9d e7       	ldi	r25, 0x7D	; 125
     a0e:	86 a3       	std	Z+38, r24	; 0x26
     a10:	97 a3       	std	Z+39, r25	; 0x27
     a12:	a0 91 50 22 	lds	r26, 0x2250	; 0x802250 <pxCurrentTCB>
     a16:	b0 91 51 22 	lds	r27, 0x2251	; 0x802251 <pxCurrentTCB+0x1>
     a1a:	cd 91       	ld	r28, X+
     a1c:	cd bf       	out	0x3d, r28	; 61
     a1e:	dd 91       	ld	r29, X+
     a20:	de bf       	out	0x3e, r29	; 62
     a22:	ff 91       	pop	r31
     a24:	ef 91       	pop	r30
     a26:	df 91       	pop	r29
     a28:	cf 91       	pop	r28
     a2a:	bf 91       	pop	r27
     a2c:	af 91       	pop	r26
     a2e:	9f 91       	pop	r25
     a30:	8f 91       	pop	r24
     a32:	7f 91       	pop	r23
     a34:	6f 91       	pop	r22
     a36:	5f 91       	pop	r21
     a38:	4f 91       	pop	r20
     a3a:	3f 91       	pop	r19
     a3c:	2f 91       	pop	r18
     a3e:	1f 91       	pop	r17
     a40:	0f 91       	pop	r16
     a42:	ff 90       	pop	r15
     a44:	ef 90       	pop	r14
     a46:	df 90       	pop	r13
     a48:	cf 90       	pop	r12
     a4a:	bf 90       	pop	r11
     a4c:	af 90       	pop	r10
     a4e:	9f 90       	pop	r9
     a50:	8f 90       	pop	r8
     a52:	7f 90       	pop	r7
     a54:	6f 90       	pop	r6
     a56:	5f 90       	pop	r5
     a58:	4f 90       	pop	r4
     a5a:	3f 90       	pop	r3
     a5c:	2f 90       	pop	r2
     a5e:	1f 90       	pop	r1
     a60:	0f 90       	pop	r0
     a62:	0f be       	out	0x3f, r0	; 63
     a64:	0f 90       	pop	r0
     a66:	08 95       	ret
     a68:	81 e0       	ldi	r24, 0x01	; 1
     a6a:	08 95       	ret

00000a6c <vPortYield>:
     a6c:	0f 92       	push	r0
     a6e:	0f b6       	in	r0, 0x3f	; 63
     a70:	f8 94       	cli
     a72:	0f 92       	push	r0
     a74:	1f 92       	push	r1
     a76:	11 24       	eor	r1, r1
     a78:	2f 92       	push	r2
     a7a:	3f 92       	push	r3
     a7c:	4f 92       	push	r4
     a7e:	5f 92       	push	r5
     a80:	6f 92       	push	r6
     a82:	7f 92       	push	r7
     a84:	8f 92       	push	r8
     a86:	9f 92       	push	r9
     a88:	af 92       	push	r10
     a8a:	bf 92       	push	r11
     a8c:	cf 92       	push	r12
     a8e:	df 92       	push	r13
     a90:	ef 92       	push	r14
     a92:	ff 92       	push	r15
     a94:	0f 93       	push	r16
     a96:	1f 93       	push	r17
     a98:	2f 93       	push	r18
     a9a:	3f 93       	push	r19
     a9c:	4f 93       	push	r20
     a9e:	5f 93       	push	r21
     aa0:	6f 93       	push	r22
     aa2:	7f 93       	push	r23
     aa4:	8f 93       	push	r24
     aa6:	9f 93       	push	r25
     aa8:	af 93       	push	r26
     aaa:	bf 93       	push	r27
     aac:	cf 93       	push	r28
     aae:	df 93       	push	r29
     ab0:	ef 93       	push	r30
     ab2:	ff 93       	push	r31
     ab4:	a0 91 50 22 	lds	r26, 0x2250	; 0x802250 <pxCurrentTCB>
     ab8:	b0 91 51 22 	lds	r27, 0x2251	; 0x802251 <pxCurrentTCB+0x1>
     abc:	0d b6       	in	r0, 0x3d	; 61
     abe:	0d 92       	st	X+, r0
     ac0:	0e b6       	in	r0, 0x3e	; 62
     ac2:	0d 92       	st	X+, r0
     ac4:	0e 94 c0 0a 	call	0x1580	; 0x1580 <vTaskSwitchContext>
     ac8:	a0 91 50 22 	lds	r26, 0x2250	; 0x802250 <pxCurrentTCB>
     acc:	b0 91 51 22 	lds	r27, 0x2251	; 0x802251 <pxCurrentTCB+0x1>
     ad0:	cd 91       	ld	r28, X+
     ad2:	cd bf       	out	0x3d, r28	; 61
     ad4:	dd 91       	ld	r29, X+
     ad6:	de bf       	out	0x3e, r29	; 62
     ad8:	ff 91       	pop	r31
     ada:	ef 91       	pop	r30
     adc:	df 91       	pop	r29
     ade:	cf 91       	pop	r28
     ae0:	bf 91       	pop	r27
     ae2:	af 91       	pop	r26
     ae4:	9f 91       	pop	r25
     ae6:	8f 91       	pop	r24
     ae8:	7f 91       	pop	r23
     aea:	6f 91       	pop	r22
     aec:	5f 91       	pop	r21
     aee:	4f 91       	pop	r20
     af0:	3f 91       	pop	r19
     af2:	2f 91       	pop	r18
     af4:	1f 91       	pop	r17
     af6:	0f 91       	pop	r16
     af8:	ff 90       	pop	r15
     afa:	ef 90       	pop	r14
     afc:	df 90       	pop	r13
     afe:	cf 90       	pop	r12
     b00:	bf 90       	pop	r11
     b02:	af 90       	pop	r10
     b04:	9f 90       	pop	r9
     b06:	8f 90       	pop	r8
     b08:	7f 90       	pop	r7
     b0a:	6f 90       	pop	r6
     b0c:	5f 90       	pop	r5
     b0e:	4f 90       	pop	r4
     b10:	3f 90       	pop	r3
     b12:	2f 90       	pop	r2
     b14:	1f 90       	pop	r1
     b16:	0f 90       	pop	r0
     b18:	0f be       	out	0x3f, r0	; 63
     b1a:	0f 90       	pop	r0
     b1c:	08 95       	ret

00000b1e <__vector_14>:
	 * the context is saved at the start of the ISR.  The tick
	 * count is incremented after the context is saved.
	 */	
	ISR(TCC0_OVF_vect,ISR_NAKED)
	{
		portSAVE_CONTEXT();
     b1e:	0f 92       	push	r0
     b20:	0f b6       	in	r0, 0x3f	; 63
     b22:	f8 94       	cli
     b24:	0f 92       	push	r0
     b26:	1f 92       	push	r1
     b28:	11 24       	eor	r1, r1
     b2a:	2f 92       	push	r2
     b2c:	3f 92       	push	r3
     b2e:	4f 92       	push	r4
     b30:	5f 92       	push	r5
     b32:	6f 92       	push	r6
     b34:	7f 92       	push	r7
     b36:	8f 92       	push	r8
     b38:	9f 92       	push	r9
     b3a:	af 92       	push	r10
     b3c:	bf 92       	push	r11
     b3e:	cf 92       	push	r12
     b40:	df 92       	push	r13
     b42:	ef 92       	push	r14
     b44:	ff 92       	push	r15
     b46:	0f 93       	push	r16
     b48:	1f 93       	push	r17
     b4a:	2f 93       	push	r18
     b4c:	3f 93       	push	r19
     b4e:	4f 93       	push	r20
     b50:	5f 93       	push	r21
     b52:	6f 93       	push	r22
     b54:	7f 93       	push	r23
     b56:	8f 93       	push	r24
     b58:	9f 93       	push	r25
     b5a:	af 93       	push	r26
     b5c:	bf 93       	push	r27
     b5e:	cf 93       	push	r28
     b60:	df 93       	push	r29
     b62:	ef 93       	push	r30
     b64:	ff 93       	push	r31
     b66:	a0 91 50 22 	lds	r26, 0x2250	; 0x802250 <pxCurrentTCB>
     b6a:	b0 91 51 22 	lds	r27, 0x2251	; 0x802251 <pxCurrentTCB+0x1>
     b6e:	0d b6       	in	r0, 0x3d	; 61
     b70:	0d 92       	st	X+, r0
     b72:	0e b6       	in	r0, 0x3e	; 62
     b74:	0d 92       	st	X+, r0
		StatsTimer+=TCC0.PER;
     b76:	20 91 26 08 	lds	r18, 0x0826	; 0x800826 <__TEXT_REGION_LENGTH__+0x700826>
     b7a:	30 91 27 08 	lds	r19, 0x0827	; 0x800827 <__TEXT_REGION_LENGTH__+0x700827>
     b7e:	80 91 52 22 	lds	r24, 0x2252	; 0x802252 <StatsTimer>
     b82:	90 91 53 22 	lds	r25, 0x2253	; 0x802253 <StatsTimer+0x1>
     b86:	a0 91 54 22 	lds	r26, 0x2254	; 0x802254 <StatsTimer+0x2>
     b8a:	b0 91 55 22 	lds	r27, 0x2255	; 0x802255 <StatsTimer+0x3>
     b8e:	82 0f       	add	r24, r18
     b90:	93 1f       	adc	r25, r19
     b92:	a1 1d       	adc	r26, r1
     b94:	b1 1d       	adc	r27, r1
     b96:	80 93 52 22 	sts	0x2252, r24	; 0x802252 <StatsTimer>
     b9a:	90 93 53 22 	sts	0x2253, r25	; 0x802253 <StatsTimer+0x1>
     b9e:	a0 93 54 22 	sts	0x2254, r26	; 0x802254 <StatsTimer+0x2>
     ba2:	b0 93 55 22 	sts	0x2255, r27	; 0x802255 <StatsTimer+0x3>
		xTaskIncrementTick();
     ba6:	0e 94 32 09 	call	0x1264	; 0x1264 <xTaskIncrementTick>
		vTaskSwitchContext();
     baa:	0e 94 c0 0a 	call	0x1580	; 0x1580 <vTaskSwitchContext>
		portRESTORE_CONTEXT();
     bae:	a0 91 50 22 	lds	r26, 0x2250	; 0x802250 <pxCurrentTCB>
     bb2:	b0 91 51 22 	lds	r27, 0x2251	; 0x802251 <pxCurrentTCB+0x1>
     bb6:	cd 91       	ld	r28, X+
     bb8:	cd bf       	out	0x3d, r28	; 61
     bba:	dd 91       	ld	r29, X+
     bbc:	de bf       	out	0x3e, r29	; 62
     bbe:	ff 91       	pop	r31
     bc0:	ef 91       	pop	r30
     bc2:	df 91       	pop	r29
     bc4:	cf 91       	pop	r28
     bc6:	bf 91       	pop	r27
     bc8:	af 91       	pop	r26
     bca:	9f 91       	pop	r25
     bcc:	8f 91       	pop	r24
     bce:	7f 91       	pop	r23
     bd0:	6f 91       	pop	r22
     bd2:	5f 91       	pop	r21
     bd4:	4f 91       	pop	r20
     bd6:	3f 91       	pop	r19
     bd8:	2f 91       	pop	r18
     bda:	1f 91       	pop	r17
     bdc:	0f 91       	pop	r16
     bde:	ff 90       	pop	r15
     be0:	ef 90       	pop	r14
     be2:	df 90       	pop	r13
     be4:	cf 90       	pop	r12
     be6:	bf 90       	pop	r11
     be8:	af 90       	pop	r10
     bea:	9f 90       	pop	r9
     bec:	8f 90       	pop	r8
     bee:	7f 90       	pop	r7
     bf0:	6f 90       	pop	r6
     bf2:	5f 90       	pop	r5
     bf4:	4f 90       	pop	r4
     bf6:	3f 90       	pop	r3
     bf8:	2f 90       	pop	r2
     bfa:	1f 90       	pop	r1
     bfc:	0f 90       	pop	r0
     bfe:	0f be       	out	0x3f, r0	; 63
     c00:	0f 90       	pop	r0

		asm volatile ( "reti" );
     c02:	18 95       	reti

00000c04 <vConfigureTimerForRunTimeStats>:
 */

volatile uint32_t StatsTimer;

void vConfigureTimerForRunTimeStats(void)
{
     c04:	08 95       	ret

00000c06 <__vector_16>:
	//TCC1.INTCTRLA=0b00000001; //OVF priority LOW
}

ISR(TCC0_CCA_vect,ISR_NAKED)
	{
	portSAVE_CONTEXT();
     c06:	0f 92       	push	r0
     c08:	0f b6       	in	r0, 0x3f	; 63
     c0a:	f8 94       	cli
     c0c:	0f 92       	push	r0
     c0e:	1f 92       	push	r1
     c10:	11 24       	eor	r1, r1
     c12:	2f 92       	push	r2
     c14:	3f 92       	push	r3
     c16:	4f 92       	push	r4
     c18:	5f 92       	push	r5
     c1a:	6f 92       	push	r6
     c1c:	7f 92       	push	r7
     c1e:	8f 92       	push	r8
     c20:	9f 92       	push	r9
     c22:	af 92       	push	r10
     c24:	bf 92       	push	r11
     c26:	cf 92       	push	r12
     c28:	df 92       	push	r13
     c2a:	ef 92       	push	r14
     c2c:	ff 92       	push	r15
     c2e:	0f 93       	push	r16
     c30:	1f 93       	push	r17
     c32:	2f 93       	push	r18
     c34:	3f 93       	push	r19
     c36:	4f 93       	push	r20
     c38:	5f 93       	push	r21
     c3a:	6f 93       	push	r22
     c3c:	7f 93       	push	r23
     c3e:	8f 93       	push	r24
     c40:	9f 93       	push	r25
     c42:	af 93       	push	r26
     c44:	bf 93       	push	r27
     c46:	cf 93       	push	r28
     c48:	df 93       	push	r29
     c4a:	ef 93       	push	r30
     c4c:	ff 93       	push	r31
     c4e:	a0 91 50 22 	lds	r26, 0x2250	; 0x802250 <pxCurrentTCB>
     c52:	b0 91 51 22 	lds	r27, 0x2251	; 0x802251 <pxCurrentTCB+0x1>
     c56:	0d b6       	in	r0, 0x3d	; 61
     c58:	0d 92       	st	X+, r0
     c5a:	0e b6       	in	r0, 0x3e	; 62
     c5c:	0d 92       	st	X+, r0
	TCC0.CCA=65535;
     c5e:	8f ef       	ldi	r24, 0xFF	; 255
     c60:	9f ef       	ldi	r25, 0xFF	; 255
     c62:	80 93 28 08 	sts	0x0828, r24	; 0x800828 <__TEXT_REGION_LENGTH__+0x700828>
     c66:	90 93 29 08 	sts	0x0829, r25	; 0x800829 <__TEXT_REGION_LENGTH__+0x700829>
	vTaskSwitchContext();
     c6a:	0e 94 c0 0a 	call	0x1580	; 0x1580 <vTaskSwitchContext>
	portRESTORE_CONTEXT();
     c6e:	a0 91 50 22 	lds	r26, 0x2250	; 0x802250 <pxCurrentTCB>
     c72:	b0 91 51 22 	lds	r27, 0x2251	; 0x802251 <pxCurrentTCB+0x1>
     c76:	cd 91       	ld	r28, X+
     c78:	cd bf       	out	0x3d, r28	; 61
     c7a:	dd 91       	ld	r29, X+
     c7c:	de bf       	out	0x3e, r29	; 62
     c7e:	ff 91       	pop	r31
     c80:	ef 91       	pop	r30
     c82:	df 91       	pop	r29
     c84:	cf 91       	pop	r28
     c86:	bf 91       	pop	r27
     c88:	af 91       	pop	r26
     c8a:	9f 91       	pop	r25
     c8c:	8f 91       	pop	r24
     c8e:	7f 91       	pop	r23
     c90:	6f 91       	pop	r22
     c92:	5f 91       	pop	r21
     c94:	4f 91       	pop	r20
     c96:	3f 91       	pop	r19
     c98:	2f 91       	pop	r18
     c9a:	1f 91       	pop	r17
     c9c:	0f 91       	pop	r16
     c9e:	ff 90       	pop	r15
     ca0:	ef 90       	pop	r14
     ca2:	df 90       	pop	r13
     ca4:	cf 90       	pop	r12
     ca6:	bf 90       	pop	r11
     ca8:	af 90       	pop	r10
     caa:	9f 90       	pop	r9
     cac:	8f 90       	pop	r8
     cae:	7f 90       	pop	r7
     cb0:	6f 90       	pop	r6
     cb2:	5f 90       	pop	r5
     cb4:	4f 90       	pop	r4
     cb6:	3f 90       	pop	r3
     cb8:	2f 90       	pop	r2
     cba:	1f 90       	pop	r1
     cbc:	0f 90       	pop	r0
     cbe:	0f be       	out	0x3f, r0	; 63
     cc0:	0f 90       	pop	r0
	asm volatile ( "reti" );
     cc2:	18 95       	reti

00000cc4 <prvIdleTask>:
	BaseType_t xReturn;

		/* If xTask is NULL then we are calling our own task hook. */
		if( xTask == NULL )
		{
			xTCB = pxCurrentTCB;
     cc4:	20 c0       	rjmp	.+64     	; 0xd06 <prvIdleTask+0x42>
     cc6:	0f b6       	in	r0, 0x3f	; 63
     cc8:	f8 94       	cli
     cca:	0f 92       	push	r0
     ccc:	e0 91 d3 21 	lds	r30, 0x21D3	; 0x8021d3 <xTasksWaitingTermination+0x5>
     cd0:	f0 91 d4 21 	lds	r31, 0x21D4	; 0x8021d4 <xTasksWaitingTermination+0x6>
     cd4:	c6 81       	ldd	r28, Z+6	; 0x06
     cd6:	d7 81       	ldd	r29, Z+7	; 0x07
     cd8:	ce 01       	movw	r24, r28
     cda:	02 96       	adiw	r24, 0x02	; 2
     cdc:	0e 94 65 04 	call	0x8ca	; 0x8ca <uxListRemove>
     ce0:	80 91 c3 21 	lds	r24, 0x21C3	; 0x8021c3 <uxCurrentNumberOfTasks>
     ce4:	81 50       	subi	r24, 0x01	; 1
     ce6:	80 93 c3 21 	sts	0x21C3, r24	; 0x8021c3 <uxCurrentNumberOfTasks>
     cea:	80 91 cd 21 	lds	r24, 0x21CD	; 0x8021cd <uxDeletedTasksWaitingCleanUp>
     cee:	81 50       	subi	r24, 0x01	; 1
     cf0:	80 93 cd 21 	sts	0x21CD, r24	; 0x8021cd <uxDeletedTasksWaitingCleanUp>
     cf4:	0f 90       	pop	r0
     cf6:	0f be       	out	0x3f, r0	; 63
     cf8:	8f 89       	ldd	r24, Y+23	; 0x17
     cfa:	98 8d       	ldd	r25, Y+24	; 0x18
     cfc:	0e 94 d1 03 	call	0x7a2	; 0x7a2 <vPortFree>
     d00:	ce 01       	movw	r24, r28
     d02:	0e 94 d1 03 	call	0x7a2	; 0x7a2 <vPortFree>
     d06:	80 91 cd 21 	lds	r24, 0x21CD	; 0x8021cd <uxDeletedTasksWaitingCleanUp>
     d0a:	81 11       	cpse	r24, r1
     d0c:	dc cf       	rjmp	.-72     	; 0xcc6 <prvIdleTask+0x2>
     d0e:	80 91 f6 21 	lds	r24, 0x21F6	; 0x8021f6 <pxReadyTasksLists>
     d12:	82 30       	cpi	r24, 0x02	; 2
     d14:	10 f0       	brcs	.+4      	; 0xd1a <prvIdleTask+0x56>
     d16:	0e 94 36 05 	call	0xa6c	; 0xa6c <vPortYield>
     d1a:	0e 94 ca 0a 	call	0x1594	; 0x1594 <vApplicationIdleHook>
     d1e:	f3 cf       	rjmp	.-26     	; 0xd06 <prvIdleTask+0x42>

00000d20 <prvResetNextTaskUnblockTime.part.0>:
     d20:	e0 91 e2 21 	lds	r30, 0x21E2	; 0x8021e2 <pxDelayedTaskList>
     d24:	f0 91 e3 21 	lds	r31, 0x21E3	; 0x8021e3 <pxDelayedTaskList+0x1>
     d28:	05 80       	ldd	r0, Z+5	; 0x05
     d2a:	f6 81       	ldd	r31, Z+6	; 0x06
     d2c:	e0 2d       	mov	r30, r0
     d2e:	06 80       	ldd	r0, Z+6	; 0x06
     d30:	f7 81       	ldd	r31, Z+7	; 0x07
     d32:	e0 2d       	mov	r30, r0
     d34:	82 81       	ldd	r24, Z+2	; 0x02
     d36:	93 81       	ldd	r25, Z+3	; 0x03
     d38:	80 93 b9 21 	sts	0x21B9, r24	; 0x8021b9 <xNextTaskUnblockTime>
     d3c:	90 93 ba 21 	sts	0x21BA, r25	; 0x8021ba <xNextTaskUnblockTime+0x1>
     d40:	08 95       	ret

00000d42 <prvAddCurrentTaskToDelayedList>:
     d42:	ff 92       	push	r15
     d44:	0f 93       	push	r16
     d46:	1f 93       	push	r17
     d48:	cf 93       	push	r28
     d4a:	df 93       	push	r29
     d4c:	ec 01       	movw	r28, r24
     d4e:	f6 2e       	mov	r15, r22
     d50:	00 91 c1 21 	lds	r16, 0x21C1	; 0x8021c1 <xTickCount>
     d54:	10 91 c2 21 	lds	r17, 0x21C2	; 0x8021c2 <xTickCount+0x1>
     d58:	80 91 50 22 	lds	r24, 0x2250	; 0x802250 <pxCurrentTCB>
     d5c:	90 91 51 22 	lds	r25, 0x2251	; 0x802251 <pxCurrentTCB+0x1>
     d60:	02 96       	adiw	r24, 0x02	; 2
     d62:	0e 94 65 04 	call	0x8ca	; 0x8ca <uxListRemove>
     d66:	cf 3f       	cpi	r28, 0xFF	; 255
     d68:	8f ef       	ldi	r24, 0xFF	; 255
     d6a:	d8 07       	cpc	r29, r24
     d6c:	a9 f1       	breq	.+106    	; 0xdd8 <prvAddCurrentTaskToDelayedList+0x96>
     d6e:	c0 0f       	add	r28, r16
     d70:	d1 1f       	adc	r29, r17
     d72:	e0 91 50 22 	lds	r30, 0x2250	; 0x802250 <pxCurrentTCB>
     d76:	f0 91 51 22 	lds	r31, 0x2251	; 0x802251 <pxCurrentTCB+0x1>
     d7a:	c2 83       	std	Z+2, r28	; 0x02
     d7c:	d3 83       	std	Z+3, r29	; 0x03
     d7e:	60 91 50 22 	lds	r22, 0x2250	; 0x802250 <pxCurrentTCB>
     d82:	70 91 51 22 	lds	r23, 0x2251	; 0x802251 <pxCurrentTCB+0x1>
     d86:	c0 17       	cp	r28, r16
     d88:	d1 07       	cpc	r29, r17
     d8a:	c8 f0       	brcs	.+50     	; 0xdbe <prvAddCurrentTaskToDelayedList+0x7c>
     d8c:	80 91 e2 21 	lds	r24, 0x21E2	; 0x8021e2 <pxDelayedTaskList>
     d90:	90 91 e3 21 	lds	r25, 0x21E3	; 0x8021e3 <pxDelayedTaskList+0x1>
     d94:	6e 5f       	subi	r22, 0xFE	; 254
     d96:	7f 4f       	sbci	r23, 0xFF	; 255
     d98:	0e 94 34 04 	call	0x868	; 0x868 <vListInsert>
     d9c:	80 91 b9 21 	lds	r24, 0x21B9	; 0x8021b9 <xNextTaskUnblockTime>
     da0:	90 91 ba 21 	lds	r25, 0x21BA	; 0x8021ba <xNextTaskUnblockTime+0x1>
     da4:	c8 17       	cp	r28, r24
     da6:	d9 07       	cpc	r29, r25
     da8:	20 f4       	brcc	.+8      	; 0xdb2 <prvAddCurrentTaskToDelayedList+0x70>
     daa:	c0 93 b9 21 	sts	0x21B9, r28	; 0x8021b9 <xNextTaskUnblockTime>
     dae:	d0 93 ba 21 	sts	0x21BA, r29	; 0x8021ba <xNextTaskUnblockTime+0x1>
     db2:	df 91       	pop	r29
     db4:	cf 91       	pop	r28
     db6:	1f 91       	pop	r17
     db8:	0f 91       	pop	r16
     dba:	ff 90       	pop	r15
     dbc:	08 95       	ret
     dbe:	80 91 e0 21 	lds	r24, 0x21E0	; 0x8021e0 <pxOverflowDelayedTaskList>
     dc2:	90 91 e1 21 	lds	r25, 0x21E1	; 0x8021e1 <pxOverflowDelayedTaskList+0x1>
     dc6:	6e 5f       	subi	r22, 0xFE	; 254
     dc8:	7f 4f       	sbci	r23, 0xFF	; 255
     dca:	df 91       	pop	r29
     dcc:	cf 91       	pop	r28
     dce:	1f 91       	pop	r17
     dd0:	0f 91       	pop	r16
     dd2:	ff 90       	pop	r15
     dd4:	0c 94 34 04 	jmp	0x868	; 0x868 <vListInsert>
     dd8:	ff 20       	and	r15, r15
     dda:	49 f2       	breq	.-110    	; 0xd6e <prvAddCurrentTaskToDelayedList+0x2c>
     ddc:	60 91 50 22 	lds	r22, 0x2250	; 0x802250 <pxCurrentTCB>
     de0:	70 91 51 22 	lds	r23, 0x2251	; 0x802251 <pxCurrentTCB+0x1>
     de4:	6e 5f       	subi	r22, 0xFE	; 254
     de6:	7f 4f       	sbci	r23, 0xFF	; 255
     de8:	84 ec       	ldi	r24, 0xC4	; 196
     dea:	91 e2       	ldi	r25, 0x21	; 33
     dec:	df 91       	pop	r29
     dee:	cf 91       	pop	r28
     df0:	1f 91       	pop	r17
     df2:	0f 91       	pop	r16
     df4:	ff 90       	pop	r15
     df6:	0c 94 13 04 	jmp	0x826	; 0x826 <vListInsertEnd>

00000dfa <vTaskSwitchContext.part.5>:
     dfa:	0f 93       	push	r16
     dfc:	1f 93       	push	r17
     dfe:	cf 93       	push	r28
     e00:	10 92 bd 21 	sts	0x21BD, r1	; 0x8021bd <xYieldPending>
     e04:	20 91 20 08 	lds	r18, 0x0820	; 0x800820 <__TEXT_REGION_LENGTH__+0x700820>
     e08:	30 91 21 08 	lds	r19, 0x0821	; 0x800821 <__TEXT_REGION_LENGTH__+0x700821>
     e0c:	80 91 52 22 	lds	r24, 0x2252	; 0x802252 <StatsTimer>
     e10:	90 91 53 22 	lds	r25, 0x2253	; 0x802253 <StatsTimer+0x1>
     e14:	a0 91 54 22 	lds	r26, 0x2254	; 0x802254 <StatsTimer+0x2>
     e18:	b0 91 55 22 	lds	r27, 0x2255	; 0x802255 <StatsTimer+0x3>
     e1c:	82 0f       	add	r24, r18
     e1e:	93 1f       	adc	r25, r19
     e20:	a1 1d       	adc	r26, r1
     e22:	b1 1d       	adc	r27, r1
     e24:	00 91 b2 21 	lds	r16, 0x21B2	; 0x8021b2 <ulTaskSwitchedInTime>
     e28:	10 91 b3 21 	lds	r17, 0x21B3	; 0x8021b3 <ulTaskSwitchedInTime+0x1>
     e2c:	20 91 b4 21 	lds	r18, 0x21B4	; 0x8021b4 <ulTaskSwitchedInTime+0x2>
     e30:	30 91 b5 21 	lds	r19, 0x21B5	; 0x8021b5 <ulTaskSwitchedInTime+0x3>
     e34:	08 17       	cp	r16, r24
     e36:	19 07       	cpc	r17, r25
     e38:	2a 07       	cpc	r18, r26
     e3a:	3b 07       	cpc	r19, r27
     e3c:	a0 f4       	brcc	.+40     	; 0xe66 <vTaskSwitchContext.part.5+0x6c>
     e3e:	e0 91 50 22 	lds	r30, 0x2250	; 0x802250 <pxCurrentTCB>
     e42:	f0 91 51 22 	lds	r31, 0x2251	; 0x802251 <pxCurrentTCB+0x1>
     e46:	47 a1       	ldd	r20, Z+39	; 0x27
     e48:	50 a5       	ldd	r21, Z+40	; 0x28
     e4a:	61 a5       	ldd	r22, Z+41	; 0x29
     e4c:	72 a5       	ldd	r23, Z+42	; 0x2a
     e4e:	40 1b       	sub	r20, r16
     e50:	51 0b       	sbc	r21, r17
     e52:	62 0b       	sbc	r22, r18
     e54:	73 0b       	sbc	r23, r19
     e56:	48 0f       	add	r20, r24
     e58:	59 1f       	adc	r21, r25
     e5a:	6a 1f       	adc	r22, r26
     e5c:	7b 1f       	adc	r23, r27
     e5e:	47 a3       	std	Z+39, r20	; 0x27
     e60:	50 a7       	std	Z+40, r21	; 0x28
     e62:	61 a7       	std	Z+41, r22	; 0x29
     e64:	72 a7       	std	Z+42, r23	; 0x2a
     e66:	80 93 b2 21 	sts	0x21B2, r24	; 0x8021b2 <ulTaskSwitchedInTime>
     e6a:	90 93 b3 21 	sts	0x21B3, r25	; 0x8021b3 <ulTaskSwitchedInTime+0x1>
     e6e:	a0 93 b4 21 	sts	0x21B4, r26	; 0x8021b4 <ulTaskSwitchedInTime+0x2>
     e72:	b0 93 b5 21 	sts	0x21B5, r27	; 0x8021b5 <ulTaskSwitchedInTime+0x3>
     e76:	e0 91 50 22 	lds	r30, 0x2250	; 0x802250 <pxCurrentTCB>
     e7a:	f0 91 51 22 	lds	r31, 0x2251	; 0x802251 <pxCurrentTCB+0x1>
     e7e:	07 88       	ldd	r0, Z+23	; 0x17
     e80:	f0 8d       	ldd	r31, Z+24	; 0x18
     e82:	e0 2d       	mov	r30, r0
     e84:	80 81       	ld	r24, Z
     e86:	91 81       	ldd	r25, Z+1	; 0x01
     e88:	a2 81       	ldd	r26, Z+2	; 0x02
     e8a:	b3 81       	ldd	r27, Z+3	; 0x03
     e8c:	85 3a       	cpi	r24, 0xA5	; 165
     e8e:	95 4a       	sbci	r25, 0xA5	; 165
     e90:	a5 4a       	sbci	r26, 0xA5	; 165
     e92:	b5 4a       	sbci	r27, 0xA5	; 165
     e94:	09 f4       	brne	.+2      	; 0xe98 <vTaskSwitchContext.part.5+0x9e>
     e96:	4c c0       	rjmp	.+152    	; 0xf30 <vTaskSwitchContext.part.5+0x136>
     e98:	60 91 50 22 	lds	r22, 0x2250	; 0x802250 <pxCurrentTCB>
     e9c:	70 91 51 22 	lds	r23, 0x2251	; 0x802251 <pxCurrentTCB+0x1>
     ea0:	80 91 50 22 	lds	r24, 0x2250	; 0x802250 <pxCurrentTCB>
     ea4:	90 91 51 22 	lds	r25, 0x2251	; 0x802251 <pxCurrentTCB+0x1>
     ea8:	67 5e       	subi	r22, 0xE7	; 231
     eaa:	7f 4f       	sbci	r23, 0xFF	; 255
     eac:	0e 94 ea 0a 	call	0x15d4	; 0x15d4 <vApplicationStackOverflowHook>
     eb0:	c0 91 c0 21 	lds	r28, 0x21C0	; 0x8021c0 <uxTopReadyPriority>
     eb4:	8c 2f       	mov	r24, r28
     eb6:	90 e0       	ldi	r25, 0x00	; 0
     eb8:	9c 01       	movw	r18, r24
     eba:	22 0f       	add	r18, r18
     ebc:	33 1f       	adc	r19, r19
     ebe:	22 0f       	add	r18, r18
     ec0:	33 1f       	adc	r19, r19
     ec2:	22 0f       	add	r18, r18
     ec4:	33 1f       	adc	r19, r19
     ec6:	f9 01       	movw	r30, r18
     ec8:	e8 0f       	add	r30, r24
     eca:	f9 1f       	adc	r31, r25
     ecc:	ea 50       	subi	r30, 0x0A	; 10
     ece:	fe 4d       	sbci	r31, 0xDE	; 222
     ed0:	40 81       	ld	r20, Z
     ed2:	41 11       	cpse	r20, r1
     ed4:	0c c0       	rjmp	.+24     	; 0xeee <vTaskSwitchContext.part.5+0xf4>
     ed6:	cc 23       	and	r28, r28
     ed8:	11 f0       	breq	.+4      	; 0xede <vTaskSwitchContext.part.5+0xe4>
     eda:	c1 50       	subi	r28, 0x01	; 1
     edc:	eb cf       	rjmp	.-42     	; 0xeb4 <vTaskSwitchContext.part.5+0xba>
     ede:	6c e8       	ldi	r22, 0x8C	; 140
     ee0:	7b e0       	ldi	r23, 0x0B	; 11
     ee2:	86 e1       	ldi	r24, 0x16	; 22
     ee4:	90 e2       	ldi	r25, 0x20	; 32
     ee6:	0e 94 14 0b 	call	0x1628	; 0x1628 <vAssertCalled>
     eea:	c1 50       	subi	r28, 0x01	; 1
     eec:	e3 cf       	rjmp	.-58     	; 0xeb4 <vTaskSwitchContext.part.5+0xba>
     eee:	82 0f       	add	r24, r18
     ef0:	93 1f       	adc	r25, r19
     ef2:	dc 01       	movw	r26, r24
     ef4:	aa 50       	subi	r26, 0x0A	; 10
     ef6:	be 4d       	sbci	r27, 0xDE	; 222
     ef8:	11 96       	adiw	r26, 0x01	; 1
     efa:	ed 91       	ld	r30, X+
     efc:	fc 91       	ld	r31, X
     efe:	12 97       	sbiw	r26, 0x02	; 2
     f00:	02 80       	ldd	r0, Z+2	; 0x02
     f02:	f3 81       	ldd	r31, Z+3	; 0x03
     f04:	e0 2d       	mov	r30, r0
     f06:	11 96       	adiw	r26, 0x01	; 1
     f08:	ed 93       	st	X+, r30
     f0a:	fc 93       	st	X, r31
     f0c:	12 97       	sbiw	r26, 0x02	; 2
     f0e:	87 50       	subi	r24, 0x07	; 7
     f10:	9e 4d       	sbci	r25, 0xDE	; 222
     f12:	e8 17       	cp	r30, r24
     f14:	f9 07       	cpc	r31, r25
     f16:	59 f1       	breq	.+86     	; 0xf6e <vTaskSwitchContext.part.5+0x174>
     f18:	86 81       	ldd	r24, Z+6	; 0x06
     f1a:	97 81       	ldd	r25, Z+7	; 0x07
     f1c:	80 93 50 22 	sts	0x2250, r24	; 0x802250 <pxCurrentTCB>
     f20:	90 93 51 22 	sts	0x2251, r25	; 0x802251 <pxCurrentTCB+0x1>
     f24:	c0 93 c0 21 	sts	0x21C0, r28	; 0x8021c0 <uxTopReadyPriority>
     f28:	cf 91       	pop	r28
     f2a:	1f 91       	pop	r17
     f2c:	0f 91       	pop	r16
     f2e:	08 95       	ret
     f30:	84 81       	ldd	r24, Z+4	; 0x04
     f32:	95 81       	ldd	r25, Z+5	; 0x05
     f34:	a6 81       	ldd	r26, Z+6	; 0x06
     f36:	b7 81       	ldd	r27, Z+7	; 0x07
     f38:	85 3a       	cpi	r24, 0xA5	; 165
     f3a:	95 4a       	sbci	r25, 0xA5	; 165
     f3c:	a5 4a       	sbci	r26, 0xA5	; 165
     f3e:	b5 4a       	sbci	r27, 0xA5	; 165
     f40:	09 f0       	breq	.+2      	; 0xf44 <vTaskSwitchContext.part.5+0x14a>
     f42:	aa cf       	rjmp	.-172    	; 0xe98 <vTaskSwitchContext.part.5+0x9e>
     f44:	80 85       	ldd	r24, Z+8	; 0x08
     f46:	91 85       	ldd	r25, Z+9	; 0x09
     f48:	a2 85       	ldd	r26, Z+10	; 0x0a
     f4a:	b3 85       	ldd	r27, Z+11	; 0x0b
     f4c:	85 3a       	cpi	r24, 0xA5	; 165
     f4e:	95 4a       	sbci	r25, 0xA5	; 165
     f50:	a5 4a       	sbci	r26, 0xA5	; 165
     f52:	b5 4a       	sbci	r27, 0xA5	; 165
     f54:	09 f0       	breq	.+2      	; 0xf58 <vTaskSwitchContext.part.5+0x15e>
     f56:	a0 cf       	rjmp	.-192    	; 0xe98 <vTaskSwitchContext.part.5+0x9e>
     f58:	84 85       	ldd	r24, Z+12	; 0x0c
     f5a:	95 85       	ldd	r25, Z+13	; 0x0d
     f5c:	a6 85       	ldd	r26, Z+14	; 0x0e
     f5e:	b7 85       	ldd	r27, Z+15	; 0x0f
     f60:	85 3a       	cpi	r24, 0xA5	; 165
     f62:	95 4a       	sbci	r25, 0xA5	; 165
     f64:	a5 4a       	sbci	r26, 0xA5	; 165
     f66:	b5 4a       	sbci	r27, 0xA5	; 165
     f68:	09 f0       	breq	.+2      	; 0xf6c <vTaskSwitchContext.part.5+0x172>
     f6a:	96 cf       	rjmp	.-212    	; 0xe98 <vTaskSwitchContext.part.5+0x9e>
     f6c:	a1 cf       	rjmp	.-190    	; 0xeb0 <vTaskSwitchContext.part.5+0xb6>
     f6e:	02 80       	ldd	r0, Z+2	; 0x02
     f70:	f3 81       	ldd	r31, Z+3	; 0x03
     f72:	e0 2d       	mov	r30, r0
     f74:	11 96       	adiw	r26, 0x01	; 1
     f76:	ed 93       	st	X+, r30
     f78:	fc 93       	st	X, r31
     f7a:	12 97       	sbiw	r26, 0x02	; 2
     f7c:	cd cf       	rjmp	.-102    	; 0xf18 <vTaskSwitchContext.part.5+0x11e>

00000f7e <xTaskCreate>:
     f7e:	5f 92       	push	r5
     f80:	6f 92       	push	r6
     f82:	7f 92       	push	r7
     f84:	8f 92       	push	r8
     f86:	9f 92       	push	r9
     f88:	af 92       	push	r10
     f8a:	bf 92       	push	r11
     f8c:	cf 92       	push	r12
     f8e:	df 92       	push	r13
     f90:	ef 92       	push	r14
     f92:	ff 92       	push	r15
     f94:	0f 93       	push	r16
     f96:	1f 93       	push	r17
     f98:	cf 93       	push	r28
     f9a:	df 93       	push	r29
     f9c:	4c 01       	movw	r8, r24
     f9e:	eb 01       	movw	r28, r22
     fa0:	5a 01       	movw	r10, r20
     fa2:	39 01       	movw	r6, r18
     fa4:	50 2e       	mov	r5, r16
     fa6:	ca 01       	movw	r24, r20
     fa8:	0e 94 32 03 	call	0x664	; 0x664 <pvPortMalloc>
     fac:	8c 01       	movw	r16, r24
     fae:	89 2b       	or	r24, r25
     fb0:	09 f4       	brne	.+2      	; 0xfb4 <xTaskCreate+0x36>
     fb2:	de c0       	rjmp	.+444    	; 0x1170 <xTaskCreate+0x1f2>
     fb4:	80 e3       	ldi	r24, 0x30	; 48
     fb6:	90 e0       	ldi	r25, 0x00	; 0
     fb8:	0e 94 32 03 	call	0x664	; 0x664 <pvPortMalloc>
     fbc:	6c 01       	movw	r12, r24
     fbe:	00 97       	sbiw	r24, 0x00	; 0
     fc0:	09 f4       	brne	.+2      	; 0xfc4 <xTaskCreate+0x46>
     fc2:	d3 c0       	rjmp	.+422    	; 0x116a <xTaskCreate+0x1ec>
     fc4:	dc 01       	movw	r26, r24
     fc6:	57 96       	adiw	r26, 0x17	; 23
     fc8:	0d 93       	st	X+, r16
     fca:	1c 93       	st	X, r17
     fcc:	58 97       	sbiw	r26, 0x18	; 24
     fce:	20 97       	sbiw	r28, 0x00	; 0
     fd0:	09 f4       	brne	.+2      	; 0xfd4 <xTaskCreate+0x56>
     fd2:	d0 c0       	rjmp	.+416    	; 0x1174 <xTaskCreate+0x1f6>
     fd4:	c8 01       	movw	r24, r16
     fd6:	a5 01       	movw	r20, r10
     fd8:	65 ea       	ldi	r22, 0xA5	; 165
     fda:	70 e0       	ldi	r23, 0x00	; 0
     fdc:	0e 94 ec 11 	call	0x23d8	; 0x23d8 <memset>
     fe0:	f1 e0       	ldi	r31, 0x01	; 1
     fe2:	af 1a       	sub	r10, r31
     fe4:	b1 08       	sbc	r11, r1
     fe6:	d6 01       	movw	r26, r12
     fe8:	57 96       	adiw	r26, 0x17	; 23
     fea:	8d 91       	ld	r24, X+
     fec:	9c 91       	ld	r25, X
     fee:	58 97       	sbiw	r26, 0x18	; 24
     ff0:	a8 0e       	add	r10, r24
     ff2:	b9 1e       	adc	r11, r25
     ff4:	f6 01       	movw	r30, r12
     ff6:	79 96       	adiw	r30, 0x19	; 25
     ff8:	9e 01       	movw	r18, r28
     ffa:	28 5f       	subi	r18, 0xF8	; 248
     ffc:	3f 4f       	sbci	r19, 0xFF	; 255
     ffe:	de 01       	movw	r26, r28
    1000:	89 91       	ld	r24, Y+
    1002:	81 93       	st	Z+, r24
    1004:	8c 91       	ld	r24, X
    1006:	88 23       	and	r24, r24
    1008:	19 f0       	breq	.+6      	; 0x1010 <xTaskCreate+0x92>
    100a:	c2 17       	cp	r28, r18
    100c:	d3 07       	cpc	r29, r19
    100e:	b9 f7       	brne	.-18     	; 0xffe <xTaskCreate+0x80>
    1010:	f6 01       	movw	r30, r12
    1012:	10 a2       	std	Z+32, r1	; 0x20
    1014:	05 2d       	mov	r16, r5
    1016:	0a 30       	cpi	r16, 0x0A	; 10
    1018:	08 f0       	brcs	.+2      	; 0x101c <xTaskCreate+0x9e>
    101a:	a1 c0       	rjmp	.+322    	; 0x115e <xTaskCreate+0x1e0>
    101c:	d6 01       	movw	r26, r12
    101e:	56 96       	adiw	r26, 0x16	; 22
    1020:	0c 93       	st	X, r16
    1022:	56 97       	sbiw	r26, 0x16	; 22
    1024:	93 96       	adiw	r26, 0x23	; 35
    1026:	0c 93       	st	X, r16
    1028:	93 97       	sbiw	r26, 0x23	; 35
    102a:	94 96       	adiw	r26, 0x24	; 36
    102c:	1c 92       	st	X, r1
    102e:	e6 01       	movw	r28, r12
    1030:	22 96       	adiw	r28, 0x02	; 2
    1032:	ce 01       	movw	r24, r28
    1034:	0e 94 0f 04 	call	0x81e	; 0x81e <vListInitialiseItem>
    1038:	c6 01       	movw	r24, r12
    103a:	0c 96       	adiw	r24, 0x0c	; 12
    103c:	0e 94 0f 04 	call	0x81e	; 0x81e <vListInitialiseItem>
    1040:	f6 01       	movw	r30, r12
    1042:	c0 86       	std	Z+8, r12	; 0x08
    1044:	d1 86       	std	Z+9, r13	; 0x09
    1046:	8a e0       	ldi	r24, 0x0A	; 10
    1048:	90 e0       	ldi	r25, 0x00	; 0
    104a:	80 1b       	sub	r24, r16
    104c:	91 09       	sbc	r25, r1
    104e:	84 87       	std	Z+12, r24	; 0x0c
    1050:	95 87       	std	Z+13, r25	; 0x0d
    1052:	c2 8a       	std	Z+18, r12	; 0x12
    1054:	d3 8a       	std	Z+19, r13	; 0x13
    1056:	15 a2       	std	Z+37, r1	; 0x25
    1058:	16 a2       	std	Z+38, r1	; 0x26
    105a:	17 a2       	std	Z+39, r1	; 0x27
    105c:	10 a6       	std	Z+40, r1	; 0x28
    105e:	11 a6       	std	Z+41, r1	; 0x29
    1060:	12 a6       	std	Z+42, r1	; 0x2a
    1062:	13 a6       	std	Z+43, r1	; 0x2b
    1064:	14 a6       	std	Z+44, r1	; 0x2c
    1066:	15 a6       	std	Z+45, r1	; 0x2d
    1068:	16 a6       	std	Z+46, r1	; 0x2e
    106a:	17 a6       	std	Z+47, r1	; 0x2f
    106c:	a3 01       	movw	r20, r6
    106e:	b4 01       	movw	r22, r8
    1070:	c5 01       	movw	r24, r10
    1072:	0e 94 8b 04 	call	0x916	; 0x916 <pxPortInitialiseStack>
    1076:	d6 01       	movw	r26, r12
    1078:	8d 93       	st	X+, r24
    107a:	9c 93       	st	X, r25
    107c:	e1 14       	cp	r14, r1
    107e:	f1 04       	cpc	r15, r1
    1080:	19 f0       	breq	.+6      	; 0x1088 <xTaskCreate+0x10a>
    1082:	f7 01       	movw	r30, r14
    1084:	c0 82       	st	Z, r12
    1086:	d1 82       	std	Z+1, r13	; 0x01
    1088:	0f b6       	in	r0, 0x3f	; 63
    108a:	f8 94       	cli
    108c:	0f 92       	push	r0
    108e:	80 91 c3 21 	lds	r24, 0x21C3	; 0x8021c3 <uxCurrentNumberOfTasks>
    1092:	8f 5f       	subi	r24, 0xFF	; 255
    1094:	80 93 c3 21 	sts	0x21C3, r24	; 0x8021c3 <uxCurrentNumberOfTasks>
    1098:	80 91 50 22 	lds	r24, 0x2250	; 0x802250 <pxCurrentTCB>
    109c:	90 91 51 22 	lds	r25, 0x2251	; 0x802251 <pxCurrentTCB+0x1>
    10a0:	89 2b       	or	r24, r25
    10a2:	99 f0       	breq	.+38     	; 0x10ca <xTaskCreate+0x14c>
    10a4:	80 91 bf 21 	lds	r24, 0x21BF	; 0x8021bf <xSchedulerRunning>
    10a8:	81 11       	cpse	r24, r1
    10aa:	18 c0       	rjmp	.+48     	; 0x10dc <xTaskCreate+0x15e>
    10ac:	e0 91 50 22 	lds	r30, 0x2250	; 0x802250 <pxCurrentTCB>
    10b0:	f0 91 51 22 	lds	r31, 0x2251	; 0x802251 <pxCurrentTCB+0x1>
    10b4:	d6 01       	movw	r26, r12
    10b6:	56 96       	adiw	r26, 0x16	; 22
    10b8:	8c 91       	ld	r24, X
    10ba:	96 89       	ldd	r25, Z+22	; 0x16
    10bc:	89 17       	cp	r24, r25
    10be:	88 f0       	brcs	.+34     	; 0x10e2 <xTaskCreate+0x164>
    10c0:	c0 92 50 22 	sts	0x2250, r12	; 0x802250 <pxCurrentTCB>
    10c4:	d0 92 51 22 	sts	0x2251, r13	; 0x802251 <pxCurrentTCB+0x1>
    10c8:	0c c0       	rjmp	.+24     	; 0x10e2 <xTaskCreate+0x164>
    10ca:	c0 92 50 22 	sts	0x2250, r12	; 0x802250 <pxCurrentTCB>
    10ce:	d0 92 51 22 	sts	0x2251, r13	; 0x802251 <pxCurrentTCB+0x1>
    10d2:	80 91 c3 21 	lds	r24, 0x21C3	; 0x8021c3 <uxCurrentNumberOfTasks>
    10d6:	81 30       	cpi	r24, 0x01	; 1
    10d8:	09 f4       	brne	.+2      	; 0x10dc <xTaskCreate+0x15e>
    10da:	56 c0       	rjmp	.+172    	; 0x1188 <xTaskCreate+0x20a>
    10dc:	d6 01       	movw	r26, r12
    10de:	56 96       	adiw	r26, 0x16	; 22
    10e0:	8c 91       	ld	r24, X
    10e2:	90 91 bb 21 	lds	r25, 0x21BB	; 0x8021bb <uxTaskNumber>
    10e6:	9f 5f       	subi	r25, 0xFF	; 255
    10e8:	90 93 bb 21 	sts	0x21BB, r25	; 0x8021bb <uxTaskNumber>
    10ec:	f6 01       	movw	r30, r12
    10ee:	91 a3       	std	Z+33, r25	; 0x21
    10f0:	90 91 c0 21 	lds	r25, 0x21C0	; 0x8021c0 <uxTopReadyPriority>
    10f4:	98 17       	cp	r25, r24
    10f6:	80 f1       	brcs	.+96     	; 0x1158 <xTaskCreate+0x1da>
    10f8:	90 e0       	ldi	r25, 0x00	; 0
    10fa:	9c 01       	movw	r18, r24
    10fc:	22 0f       	add	r18, r18
    10fe:	33 1f       	adc	r19, r19
    1100:	22 0f       	add	r18, r18
    1102:	33 1f       	adc	r19, r19
    1104:	22 0f       	add	r18, r18
    1106:	33 1f       	adc	r19, r19
    1108:	82 0f       	add	r24, r18
    110a:	93 1f       	adc	r25, r19
    110c:	be 01       	movw	r22, r28
    110e:	8a 50       	subi	r24, 0x0A	; 10
    1110:	9e 4d       	sbci	r25, 0xDE	; 222
    1112:	0e 94 13 04 	call	0x826	; 0x826 <vListInsertEnd>
    1116:	0f 90       	pop	r0
    1118:	0f be       	out	0x3f, r0	; 63
    111a:	80 91 bf 21 	lds	r24, 0x21BF	; 0x8021bf <xSchedulerRunning>
    111e:	88 23       	and	r24, r24
    1120:	51 f0       	breq	.+20     	; 0x1136 <xTaskCreate+0x1b8>
    1122:	e0 91 50 22 	lds	r30, 0x2250	; 0x802250 <pxCurrentTCB>
    1126:	f0 91 51 22 	lds	r31, 0x2251	; 0x802251 <pxCurrentTCB+0x1>
    112a:	96 89       	ldd	r25, Z+22	; 0x16
    112c:	d6 01       	movw	r26, r12
    112e:	56 96       	adiw	r26, 0x16	; 22
    1130:	8c 91       	ld	r24, X
    1132:	98 17       	cp	r25, r24
    1134:	b0 f0       	brcs	.+44     	; 0x1162 <xTaskCreate+0x1e4>
    1136:	81 e0       	ldi	r24, 0x01	; 1
    1138:	df 91       	pop	r29
    113a:	cf 91       	pop	r28
    113c:	1f 91       	pop	r17
    113e:	0f 91       	pop	r16
    1140:	ff 90       	pop	r15
    1142:	ef 90       	pop	r14
    1144:	df 90       	pop	r13
    1146:	cf 90       	pop	r12
    1148:	bf 90       	pop	r11
    114a:	af 90       	pop	r10
    114c:	9f 90       	pop	r9
    114e:	8f 90       	pop	r8
    1150:	7f 90       	pop	r7
    1152:	6f 90       	pop	r6
    1154:	5f 90       	pop	r5
    1156:	08 95       	ret
    1158:	80 93 c0 21 	sts	0x21C0, r24	; 0x8021c0 <uxTopReadyPriority>
    115c:	cd cf       	rjmp	.-102    	; 0x10f8 <xTaskCreate+0x17a>
    115e:	09 e0       	ldi	r16, 0x09	; 9
    1160:	5d cf       	rjmp	.-326    	; 0x101c <xTaskCreate+0x9e>
    1162:	0e 94 36 05 	call	0xa6c	; 0xa6c <vPortYield>
    1166:	81 e0       	ldi	r24, 0x01	; 1
    1168:	e7 cf       	rjmp	.-50     	; 0x1138 <xTaskCreate+0x1ba>
    116a:	c8 01       	movw	r24, r16
    116c:	0e 94 d1 03 	call	0x7a2	; 0x7a2 <vPortFree>
    1170:	8f ef       	ldi	r24, 0xFF	; 255
    1172:	e2 cf       	rjmp	.-60     	; 0x1138 <xTaskCreate+0x1ba>
    1174:	60 e6       	ldi	r22, 0x60	; 96
    1176:	73 e0       	ldi	r23, 0x03	; 3
    1178:	86 e1       	ldi	r24, 0x16	; 22
    117a:	90 e2       	ldi	r25, 0x20	; 32
    117c:	0e 94 14 0b 	call	0x1628	; 0x1628 <vAssertCalled>
    1180:	f6 01       	movw	r30, r12
    1182:	87 89       	ldd	r24, Z+23	; 0x17
    1184:	90 8d       	ldd	r25, Z+24	; 0x18
    1186:	27 cf       	rjmp	.-434    	; 0xfd6 <xTaskCreate+0x58>
    1188:	06 ef       	ldi	r16, 0xF6	; 246
    118a:	11 e2       	ldi	r17, 0x21	; 33
    118c:	50 e5       	ldi	r21, 0x50	; 80
    118e:	e5 2e       	mov	r14, r21
    1190:	52 e2       	ldi	r21, 0x22	; 34
    1192:	f5 2e       	mov	r15, r21
    1194:	c8 01       	movw	r24, r16
    1196:	0e 94 01 04 	call	0x802	; 0x802 <vListInitialise>
    119a:	07 5f       	subi	r16, 0xF7	; 247
    119c:	1f 4f       	sbci	r17, 0xFF	; 255
    119e:	e0 16       	cp	r14, r16
    11a0:	f1 06       	cpc	r15, r17
    11a2:	c1 f7       	brne	.-16     	; 0x1194 <xTaskCreate+0x216>
    11a4:	8d ee       	ldi	r24, 0xED	; 237
    11a6:	91 e2       	ldi	r25, 0x21	; 33
    11a8:	0e 94 01 04 	call	0x802	; 0x802 <vListInitialise>
    11ac:	84 ee       	ldi	r24, 0xE4	; 228
    11ae:	91 e2       	ldi	r25, 0x21	; 33
    11b0:	0e 94 01 04 	call	0x802	; 0x802 <vListInitialise>
    11b4:	87 ed       	ldi	r24, 0xD7	; 215
    11b6:	91 e2       	ldi	r25, 0x21	; 33
    11b8:	0e 94 01 04 	call	0x802	; 0x802 <vListInitialise>
    11bc:	8e ec       	ldi	r24, 0xCE	; 206
    11be:	91 e2       	ldi	r25, 0x21	; 33
    11c0:	0e 94 01 04 	call	0x802	; 0x802 <vListInitialise>
    11c4:	84 ec       	ldi	r24, 0xC4	; 196
    11c6:	91 e2       	ldi	r25, 0x21	; 33
    11c8:	0e 94 01 04 	call	0x802	; 0x802 <vListInitialise>
    11cc:	8d ee       	ldi	r24, 0xED	; 237
    11ce:	91 e2       	ldi	r25, 0x21	; 33
    11d0:	80 93 e2 21 	sts	0x21E2, r24	; 0x8021e2 <pxDelayedTaskList>
    11d4:	90 93 e3 21 	sts	0x21E3, r25	; 0x8021e3 <pxDelayedTaskList+0x1>
    11d8:	84 ee       	ldi	r24, 0xE4	; 228
    11da:	91 e2       	ldi	r25, 0x21	; 33
    11dc:	80 93 e0 21 	sts	0x21E0, r24	; 0x8021e0 <pxOverflowDelayedTaskList>
    11e0:	90 93 e1 21 	sts	0x21E1, r25	; 0x8021e1 <pxOverflowDelayedTaskList+0x1>
    11e4:	f6 01       	movw	r30, r12
    11e6:	86 89       	ldd	r24, Z+22	; 0x16
    11e8:	7c cf       	rjmp	.-264    	; 0x10e2 <xTaskCreate+0x164>

000011ea <vTaskStartScheduler>:
    11ea:	ef 92       	push	r14
    11ec:	ff 92       	push	r15
    11ee:	0f 93       	push	r16
    11f0:	87 eb       	ldi	r24, 0xB7	; 183
    11f2:	e8 2e       	mov	r14, r24
    11f4:	81 e2       	ldi	r24, 0x21	; 33
    11f6:	f8 2e       	mov	r15, r24
    11f8:	00 e0       	ldi	r16, 0x00	; 0
    11fa:	20 e0       	ldi	r18, 0x00	; 0
    11fc:	30 e0       	ldi	r19, 0x00	; 0
    11fe:	40 e0       	ldi	r20, 0x00	; 0
    1200:	51 e0       	ldi	r21, 0x01	; 1
    1202:	6a e2       	ldi	r22, 0x2A	; 42
    1204:	70 e2       	ldi	r23, 0x20	; 32
    1206:	82 e6       	ldi	r24, 0x62	; 98
    1208:	96 e0       	ldi	r25, 0x06	; 6
    120a:	0e 94 bf 07 	call	0xf7e	; 0xf7e <xTaskCreate>
    120e:	81 30       	cpi	r24, 0x01	; 1
    1210:	79 f0       	breq	.+30     	; 0x1230 <vTaskStartScheduler+0x46>
    1212:	8f 3f       	cpi	r24, 0xFF	; 255
    1214:	21 f0       	breq	.+8      	; 0x121e <vTaskStartScheduler+0x34>
    1216:	0f 91       	pop	r16
    1218:	ff 90       	pop	r15
    121a:	ef 90       	pop	r14
    121c:	08 95       	ret
    121e:	67 e0       	ldi	r22, 0x07	; 7
    1220:	78 e0       	ldi	r23, 0x08	; 8
    1222:	86 e1       	ldi	r24, 0x16	; 22
    1224:	90 e2       	ldi	r25, 0x20	; 32
    1226:	0f 91       	pop	r16
    1228:	ff 90       	pop	r15
    122a:	ef 90       	pop	r14
    122c:	0c 94 14 0b 	jmp	0x1628	; 0x1628 <vAssertCalled>
    1230:	f8 94       	cli
    1232:	2f ef       	ldi	r18, 0xFF	; 255
    1234:	3f ef       	ldi	r19, 0xFF	; 255
    1236:	20 93 b9 21 	sts	0x21B9, r18	; 0x8021b9 <xNextTaskUnblockTime>
    123a:	30 93 ba 21 	sts	0x21BA, r19	; 0x8021ba <xNextTaskUnblockTime+0x1>
    123e:	80 93 bf 21 	sts	0x21BF, r24	; 0x8021bf <xSchedulerRunning>
    1242:	10 92 c1 21 	sts	0x21C1, r1	; 0x8021c1 <xTickCount>
    1246:	10 92 c2 21 	sts	0x21C2, r1	; 0x8021c2 <xTickCount+0x1>
    124a:	0e 94 02 06 	call	0xc04	; 0xc04 <vConfigureTimerForRunTimeStats>
    124e:	0f 91       	pop	r16
    1250:	ff 90       	pop	r15
    1252:	ef 90       	pop	r14
    1254:	0c 94 f9 04 	jmp	0x9f2	; 0x9f2 <xPortStartScheduler>

00001258 <vTaskSuspendAll>:
    1258:	80 91 b6 21 	lds	r24, 0x21B6	; 0x8021b6 <uxSchedulerSuspended>
    125c:	8f 5f       	subi	r24, 0xFF	; 255
    125e:	80 93 b6 21 	sts	0x21B6, r24	; 0x8021b6 <uxSchedulerSuspended>
    1262:	08 95       	ret

00001264 <xTaskIncrementTick>:
    1264:	df 92       	push	r13
    1266:	ef 92       	push	r14
    1268:	ff 92       	push	r15
    126a:	0f 93       	push	r16
    126c:	1f 93       	push	r17
    126e:	cf 93       	push	r28
    1270:	df 93       	push	r29
    1272:	80 91 b6 21 	lds	r24, 0x21B6	; 0x8021b6 <uxSchedulerSuspended>
    1276:	81 11       	cpse	r24, r1
    1278:	b9 c0       	rjmp	.+370    	; 0x13ec <xTaskIncrementTick+0x188>
    127a:	e0 90 c1 21 	lds	r14, 0x21C1	; 0x8021c1 <xTickCount>
    127e:	f0 90 c2 21 	lds	r15, 0x21C2	; 0x8021c2 <xTickCount+0x1>
    1282:	8f ef       	ldi	r24, 0xFF	; 255
    1284:	e8 1a       	sub	r14, r24
    1286:	f8 0a       	sbc	r15, r24
    1288:	e0 92 c1 21 	sts	0x21C1, r14	; 0x8021c1 <xTickCount>
    128c:	f0 92 c2 21 	sts	0x21C2, r15	; 0x8021c2 <xTickCount+0x1>
    1290:	e1 14       	cp	r14, r1
    1292:	f1 04       	cpc	r15, r1
    1294:	49 f5       	brne	.+82     	; 0x12e8 <xTaskIncrementTick+0x84>
    1296:	e0 91 e2 21 	lds	r30, 0x21E2	; 0x8021e2 <pxDelayedTaskList>
    129a:	f0 91 e3 21 	lds	r31, 0x21E3	; 0x8021e3 <pxDelayedTaskList+0x1>
    129e:	80 81       	ld	r24, Z
    12a0:	81 11       	cpse	r24, r1
    12a2:	ab c0       	rjmp	.+342    	; 0x13fa <xTaskIncrementTick+0x196>
    12a4:	80 91 e2 21 	lds	r24, 0x21E2	; 0x8021e2 <pxDelayedTaskList>
    12a8:	90 91 e3 21 	lds	r25, 0x21E3	; 0x8021e3 <pxDelayedTaskList+0x1>
    12ac:	20 91 e0 21 	lds	r18, 0x21E0	; 0x8021e0 <pxOverflowDelayedTaskList>
    12b0:	30 91 e1 21 	lds	r19, 0x21E1	; 0x8021e1 <pxOverflowDelayedTaskList+0x1>
    12b4:	20 93 e2 21 	sts	0x21E2, r18	; 0x8021e2 <pxDelayedTaskList>
    12b8:	30 93 e3 21 	sts	0x21E3, r19	; 0x8021e3 <pxDelayedTaskList+0x1>
    12bc:	80 93 e0 21 	sts	0x21E0, r24	; 0x8021e0 <pxOverflowDelayedTaskList>
    12c0:	90 93 e1 21 	sts	0x21E1, r25	; 0x8021e1 <pxOverflowDelayedTaskList+0x1>
    12c4:	80 91 bc 21 	lds	r24, 0x21BC	; 0x8021bc <xNumOfOverflows>
    12c8:	8f 5f       	subi	r24, 0xFF	; 255
    12ca:	80 93 bc 21 	sts	0x21BC, r24	; 0x8021bc <xNumOfOverflows>
    12ce:	e0 91 e2 21 	lds	r30, 0x21E2	; 0x8021e2 <pxDelayedTaskList>
    12d2:	f0 91 e3 21 	lds	r31, 0x21E3	; 0x8021e3 <pxDelayedTaskList+0x1>
    12d6:	80 81       	ld	r24, Z
    12d8:	81 11       	cpse	r24, r1
    12da:	96 c0       	rjmp	.+300    	; 0x1408 <xTaskIncrementTick+0x1a4>
    12dc:	8f ef       	ldi	r24, 0xFF	; 255
    12de:	9f ef       	ldi	r25, 0xFF	; 255
    12e0:	80 93 b9 21 	sts	0x21B9, r24	; 0x8021b9 <xNextTaskUnblockTime>
    12e4:	90 93 ba 21 	sts	0x21BA, r25	; 0x8021ba <xNextTaskUnblockTime+0x1>
    12e8:	80 91 b9 21 	lds	r24, 0x21B9	; 0x8021b9 <xNextTaskUnblockTime>
    12ec:	90 91 ba 21 	lds	r25, 0x21BA	; 0x8021ba <xNextTaskUnblockTime+0x1>
    12f0:	d1 2c       	mov	r13, r1
    12f2:	e8 16       	cp	r14, r24
    12f4:	f9 06       	cpc	r15, r25
    12f6:	08 f4       	brcc	.+2      	; 0x12fa <xTaskIncrementTick+0x96>
    12f8:	53 c0       	rjmp	.+166    	; 0x13a0 <xTaskIncrementTick+0x13c>
    12fa:	e0 91 e2 21 	lds	r30, 0x21E2	; 0x8021e2 <pxDelayedTaskList>
    12fe:	f0 91 e3 21 	lds	r31, 0x21E3	; 0x8021e3 <pxDelayedTaskList+0x1>
    1302:	80 81       	ld	r24, Z
    1304:	88 23       	and	r24, r24
    1306:	09 f4       	brne	.+2      	; 0x130a <xTaskIncrementTick+0xa6>
    1308:	45 c0       	rjmp	.+138    	; 0x1394 <xTaskIncrementTick+0x130>
    130a:	e0 91 e2 21 	lds	r30, 0x21E2	; 0x8021e2 <pxDelayedTaskList>
    130e:	f0 91 e3 21 	lds	r31, 0x21E3	; 0x8021e3 <pxDelayedTaskList+0x1>
    1312:	05 80       	ldd	r0, Z+5	; 0x05
    1314:	f6 81       	ldd	r31, Z+6	; 0x06
    1316:	e0 2d       	mov	r30, r0
    1318:	c6 81       	ldd	r28, Z+6	; 0x06
    131a:	d7 81       	ldd	r29, Z+7	; 0x07
    131c:	8a 81       	ldd	r24, Y+2	; 0x02
    131e:	9b 81       	ldd	r25, Y+3	; 0x03
    1320:	e8 16       	cp	r14, r24
    1322:	f9 06       	cpc	r15, r25
    1324:	08 f4       	brcc	.+2      	; 0x1328 <xTaskIncrementTick+0xc4>
    1326:	73 c0       	rjmp	.+230    	; 0x140e <xTaskIncrementTick+0x1aa>
    1328:	8e 01       	movw	r16, r28
    132a:	0e 5f       	subi	r16, 0xFE	; 254
    132c:	1f 4f       	sbci	r17, 0xFF	; 255
    132e:	c8 01       	movw	r24, r16
    1330:	0e 94 65 04 	call	0x8ca	; 0x8ca <uxListRemove>
    1334:	8c 89       	ldd	r24, Y+20	; 0x14
    1336:	9d 89       	ldd	r25, Y+21	; 0x15
    1338:	89 2b       	or	r24, r25
    133a:	21 f0       	breq	.+8      	; 0x1344 <xTaskIncrementTick+0xe0>
    133c:	ce 01       	movw	r24, r28
    133e:	0c 96       	adiw	r24, 0x0c	; 12
    1340:	0e 94 65 04 	call	0x8ca	; 0x8ca <uxListRemove>
    1344:	8e 89       	ldd	r24, Y+22	; 0x16
    1346:	90 91 c0 21 	lds	r25, 0x21C0	; 0x8021c0 <uxTopReadyPriority>
    134a:	98 17       	cp	r25, r24
    134c:	10 f4       	brcc	.+4      	; 0x1352 <xTaskIncrementTick+0xee>
    134e:	80 93 c0 21 	sts	0x21C0, r24	; 0x8021c0 <uxTopReadyPriority>
    1352:	90 e0       	ldi	r25, 0x00	; 0
    1354:	9c 01       	movw	r18, r24
    1356:	22 0f       	add	r18, r18
    1358:	33 1f       	adc	r19, r19
    135a:	22 0f       	add	r18, r18
    135c:	33 1f       	adc	r19, r19
    135e:	22 0f       	add	r18, r18
    1360:	33 1f       	adc	r19, r19
    1362:	82 0f       	add	r24, r18
    1364:	93 1f       	adc	r25, r19
    1366:	b8 01       	movw	r22, r16
    1368:	8a 50       	subi	r24, 0x0A	; 10
    136a:	9e 4d       	sbci	r25, 0xDE	; 222
    136c:	0e 94 13 04 	call	0x826	; 0x826 <vListInsertEnd>
    1370:	e0 91 50 22 	lds	r30, 0x2250	; 0x802250 <pxCurrentTCB>
    1374:	f0 91 51 22 	lds	r31, 0x2251	; 0x802251 <pxCurrentTCB+0x1>
    1378:	9e 89       	ldd	r25, Y+22	; 0x16
    137a:	86 89       	ldd	r24, Z+22	; 0x16
    137c:	98 17       	cp	r25, r24
    137e:	08 f4       	brcc	.+2      	; 0x1382 <xTaskIncrementTick+0x11e>
    1380:	bc cf       	rjmp	.-136    	; 0x12fa <xTaskIncrementTick+0x96>
    1382:	dd 24       	eor	r13, r13
    1384:	d3 94       	inc	r13
    1386:	e0 91 e2 21 	lds	r30, 0x21E2	; 0x8021e2 <pxDelayedTaskList>
    138a:	f0 91 e3 21 	lds	r31, 0x21E3	; 0x8021e3 <pxDelayedTaskList+0x1>
    138e:	80 81       	ld	r24, Z
    1390:	81 11       	cpse	r24, r1
    1392:	bb cf       	rjmp	.-138    	; 0x130a <xTaskIncrementTick+0xa6>
    1394:	8f ef       	ldi	r24, 0xFF	; 255
    1396:	9f ef       	ldi	r25, 0xFF	; 255
    1398:	80 93 b9 21 	sts	0x21B9, r24	; 0x8021b9 <xNextTaskUnblockTime>
    139c:	90 93 ba 21 	sts	0x21BA, r25	; 0x8021ba <xNextTaskUnblockTime+0x1>
    13a0:	e0 91 50 22 	lds	r30, 0x2250	; 0x802250 <pxCurrentTCB>
    13a4:	f0 91 51 22 	lds	r31, 0x2251	; 0x802251 <pxCurrentTCB+0x1>
    13a8:	86 89       	ldd	r24, Z+22	; 0x16
    13aa:	90 e0       	ldi	r25, 0x00	; 0
    13ac:	fc 01       	movw	r30, r24
    13ae:	ee 0f       	add	r30, r30
    13b0:	ff 1f       	adc	r31, r31
    13b2:	ee 0f       	add	r30, r30
    13b4:	ff 1f       	adc	r31, r31
    13b6:	ee 0f       	add	r30, r30
    13b8:	ff 1f       	adc	r31, r31
    13ba:	8e 0f       	add	r24, r30
    13bc:	9f 1f       	adc	r25, r31
    13be:	fc 01       	movw	r30, r24
    13c0:	ea 50       	subi	r30, 0x0A	; 10
    13c2:	fe 4d       	sbci	r31, 0xDE	; 222
    13c4:	80 81       	ld	r24, Z
    13c6:	82 30       	cpi	r24, 0x02	; 2
    13c8:	10 f0       	brcs	.+4      	; 0x13ce <xTaskIncrementTick+0x16a>
    13ca:	dd 24       	eor	r13, r13
    13cc:	d3 94       	inc	r13
    13ce:	80 91 bd 21 	lds	r24, 0x21BD	; 0x8021bd <xYieldPending>
    13d2:	88 23       	and	r24, r24
    13d4:	11 f0       	breq	.+4      	; 0x13da <xTaskIncrementTick+0x176>
    13d6:	dd 24       	eor	r13, r13
    13d8:	d3 94       	inc	r13
    13da:	8d 2d       	mov	r24, r13
    13dc:	df 91       	pop	r29
    13de:	cf 91       	pop	r28
    13e0:	1f 91       	pop	r17
    13e2:	0f 91       	pop	r16
    13e4:	ff 90       	pop	r15
    13e6:	ef 90       	pop	r14
    13e8:	df 90       	pop	r13
    13ea:	08 95       	ret
    13ec:	80 91 be 21 	lds	r24, 0x21BE	; 0x8021be <uxPendedTicks>
    13f0:	8f 5f       	subi	r24, 0xFF	; 255
    13f2:	80 93 be 21 	sts	0x21BE, r24	; 0x8021be <uxPendedTicks>
    13f6:	d1 2c       	mov	r13, r1
    13f8:	ea cf       	rjmp	.-44     	; 0x13ce <xTaskIncrementTick+0x16a>
    13fa:	66 e6       	ldi	r22, 0x66	; 102
    13fc:	7a e0       	ldi	r23, 0x0A	; 10
    13fe:	86 e1       	ldi	r24, 0x16	; 22
    1400:	90 e2       	ldi	r25, 0x20	; 32
    1402:	0e 94 14 0b 	call	0x1628	; 0x1628 <vAssertCalled>
    1406:	4e cf       	rjmp	.-356    	; 0x12a4 <xTaskIncrementTick+0x40>
    1408:	0e 94 90 06 	call	0xd20	; 0xd20 <prvResetNextTaskUnblockTime.part.0>
    140c:	6d cf       	rjmp	.-294    	; 0x12e8 <xTaskIncrementTick+0x84>
    140e:	80 93 b9 21 	sts	0x21B9, r24	; 0x8021b9 <xNextTaskUnblockTime>
    1412:	90 93 ba 21 	sts	0x21BA, r25	; 0x8021ba <xNextTaskUnblockTime+0x1>
    1416:	c4 cf       	rjmp	.-120    	; 0x13a0 <xTaskIncrementTick+0x13c>

00001418 <xTaskResumeAll>:
    1418:	ff 92       	push	r15
    141a:	0f 93       	push	r16
    141c:	1f 93       	push	r17
    141e:	cf 93       	push	r28
    1420:	df 93       	push	r29
    1422:	80 91 b6 21 	lds	r24, 0x21B6	; 0x8021b6 <uxSchedulerSuspended>
    1426:	88 23       	and	r24, r24
    1428:	09 f4       	brne	.+2      	; 0x142c <xTaskResumeAll+0x14>
    142a:	77 c0       	rjmp	.+238    	; 0x151a <xTaskResumeAll+0x102>
    142c:	0f b6       	in	r0, 0x3f	; 63
    142e:	f8 94       	cli
    1430:	0f 92       	push	r0
    1432:	80 91 b6 21 	lds	r24, 0x21B6	; 0x8021b6 <uxSchedulerSuspended>
    1436:	81 50       	subi	r24, 0x01	; 1
    1438:	80 93 b6 21 	sts	0x21B6, r24	; 0x8021b6 <uxSchedulerSuspended>
    143c:	80 91 b6 21 	lds	r24, 0x21B6	; 0x8021b6 <uxSchedulerSuspended>
    1440:	81 11       	cpse	r24, r1
    1442:	62 c0       	rjmp	.+196    	; 0x1508 <xTaskResumeAll+0xf0>
    1444:	80 91 c3 21 	lds	r24, 0x21C3	; 0x8021c3 <uxCurrentNumberOfTasks>
    1448:	88 23       	and	r24, r24
    144a:	09 f4       	brne	.+2      	; 0x144e <xTaskResumeAll+0x36>
    144c:	5d c0       	rjmp	.+186    	; 0x1508 <xTaskResumeAll+0xf0>
    144e:	c0 e0       	ldi	r28, 0x00	; 0
    1450:	d0 e0       	ldi	r29, 0x00	; 0
    1452:	ff 24       	eor	r15, r15
    1454:	f3 94       	inc	r15
    1456:	80 91 d7 21 	lds	r24, 0x21D7	; 0x8021d7 <xPendingReadyList>
    145a:	88 23       	and	r24, r24
    145c:	a1 f1       	breq	.+104    	; 0x14c6 <xTaskResumeAll+0xae>
    145e:	e0 91 dc 21 	lds	r30, 0x21DC	; 0x8021dc <xPendingReadyList+0x5>
    1462:	f0 91 dd 21 	lds	r31, 0x21DD	; 0x8021dd <xPendingReadyList+0x6>
    1466:	c6 81       	ldd	r28, Z+6	; 0x06
    1468:	d7 81       	ldd	r29, Z+7	; 0x07
    146a:	ce 01       	movw	r24, r28
    146c:	0c 96       	adiw	r24, 0x0c	; 12
    146e:	0e 94 65 04 	call	0x8ca	; 0x8ca <uxListRemove>
    1472:	8e 01       	movw	r16, r28
    1474:	0e 5f       	subi	r16, 0xFE	; 254
    1476:	1f 4f       	sbci	r17, 0xFF	; 255
    1478:	c8 01       	movw	r24, r16
    147a:	0e 94 65 04 	call	0x8ca	; 0x8ca <uxListRemove>
    147e:	8e 89       	ldd	r24, Y+22	; 0x16
    1480:	90 91 c0 21 	lds	r25, 0x21C0	; 0x8021c0 <uxTopReadyPriority>
    1484:	98 17       	cp	r25, r24
    1486:	10 f4       	brcc	.+4      	; 0x148c <xTaskResumeAll+0x74>
    1488:	80 93 c0 21 	sts	0x21C0, r24	; 0x8021c0 <uxTopReadyPriority>
    148c:	90 e0       	ldi	r25, 0x00	; 0
    148e:	9c 01       	movw	r18, r24
    1490:	22 0f       	add	r18, r18
    1492:	33 1f       	adc	r19, r19
    1494:	22 0f       	add	r18, r18
    1496:	33 1f       	adc	r19, r19
    1498:	22 0f       	add	r18, r18
    149a:	33 1f       	adc	r19, r19
    149c:	82 0f       	add	r24, r18
    149e:	93 1f       	adc	r25, r19
    14a0:	b8 01       	movw	r22, r16
    14a2:	8a 50       	subi	r24, 0x0A	; 10
    14a4:	9e 4d       	sbci	r25, 0xDE	; 222
    14a6:	0e 94 13 04 	call	0x826	; 0x826 <vListInsertEnd>
    14aa:	e0 91 50 22 	lds	r30, 0x2250	; 0x802250 <pxCurrentTCB>
    14ae:	f0 91 51 22 	lds	r31, 0x2251	; 0x802251 <pxCurrentTCB+0x1>
    14b2:	9e 89       	ldd	r25, Y+22	; 0x16
    14b4:	86 89       	ldd	r24, Z+22	; 0x16
    14b6:	98 17       	cp	r25, r24
    14b8:	70 f2       	brcs	.-100    	; 0x1456 <xTaskResumeAll+0x3e>
    14ba:	f0 92 bd 21 	sts	0x21BD, r15	; 0x8021bd <xYieldPending>
    14be:	80 91 d7 21 	lds	r24, 0x21D7	; 0x8021d7 <xPendingReadyList>
    14c2:	81 11       	cpse	r24, r1
    14c4:	cc cf       	rjmp	.-104    	; 0x145e <xTaskResumeAll+0x46>
    14c6:	cd 2b       	or	r28, r29
    14c8:	69 f0       	breq	.+26     	; 0x14e4 <xTaskResumeAll+0xcc>
    14ca:	e0 91 e2 21 	lds	r30, 0x21E2	; 0x8021e2 <pxDelayedTaskList>
    14ce:	f0 91 e3 21 	lds	r31, 0x21E3	; 0x8021e3 <pxDelayedTaskList+0x1>
    14d2:	80 81       	ld	r24, Z
    14d4:	81 11       	cpse	r24, r1
    14d6:	2c c0       	rjmp	.+88     	; 0x1530 <xTaskResumeAll+0x118>
    14d8:	8f ef       	ldi	r24, 0xFF	; 255
    14da:	9f ef       	ldi	r25, 0xFF	; 255
    14dc:	80 93 b9 21 	sts	0x21B9, r24	; 0x8021b9 <xNextTaskUnblockTime>
    14e0:	90 93 ba 21 	sts	0x21BA, r25	; 0x8021ba <xNextTaskUnblockTime+0x1>
    14e4:	c0 91 be 21 	lds	r28, 0x21BE	; 0x8021be <uxPendedTicks>
    14e8:	cc 23       	and	r28, r28
    14ea:	51 f0       	breq	.+20     	; 0x1500 <xTaskResumeAll+0xe8>
    14ec:	d1 e0       	ldi	r29, 0x01	; 1
    14ee:	0e 94 32 09 	call	0x1264	; 0x1264 <xTaskIncrementTick>
    14f2:	81 11       	cpse	r24, r1
    14f4:	d0 93 bd 21 	sts	0x21BD, r29	; 0x8021bd <xYieldPending>
    14f8:	c1 50       	subi	r28, 0x01	; 1
    14fa:	c9 f7       	brne	.-14     	; 0x14ee <xTaskResumeAll+0xd6>
    14fc:	10 92 be 21 	sts	0x21BE, r1	; 0x8021be <uxPendedTicks>
    1500:	80 91 bd 21 	lds	r24, 0x21BD	; 0x8021bd <xYieldPending>
    1504:	81 11       	cpse	r24, r1
    1506:	10 c0       	rjmp	.+32     	; 0x1528 <xTaskResumeAll+0x110>
    1508:	80 e0       	ldi	r24, 0x00	; 0
    150a:	0f 90       	pop	r0
    150c:	0f be       	out	0x3f, r0	; 63
    150e:	df 91       	pop	r29
    1510:	cf 91       	pop	r28
    1512:	1f 91       	pop	r17
    1514:	0f 91       	pop	r16
    1516:	ff 90       	pop	r15
    1518:	08 95       	ret
    151a:	6c e6       	ldi	r22, 0x6C	; 108
    151c:	78 e0       	ldi	r23, 0x08	; 8
    151e:	86 e1       	ldi	r24, 0x16	; 22
    1520:	90 e2       	ldi	r25, 0x20	; 32
    1522:	0e 94 14 0b 	call	0x1628	; 0x1628 <vAssertCalled>
    1526:	82 cf       	rjmp	.-252    	; 0x142c <xTaskResumeAll+0x14>
    1528:	0e 94 36 05 	call	0xa6c	; 0xa6c <vPortYield>
    152c:	81 e0       	ldi	r24, 0x01	; 1
    152e:	ed cf       	rjmp	.-38     	; 0x150a <xTaskResumeAll+0xf2>
    1530:	0e 94 90 06 	call	0xd20	; 0xd20 <prvResetNextTaskUnblockTime.part.0>
    1534:	d7 cf       	rjmp	.-82     	; 0x14e4 <xTaskResumeAll+0xcc>

00001536 <vTaskDelay>:
    1536:	cf 93       	push	r28
    1538:	df 93       	push	r29
    153a:	ec 01       	movw	r28, r24
    153c:	89 2b       	or	r24, r25
    153e:	29 f4       	brne	.+10     	; 0x154a <vTaskDelay+0x14>
    1540:	0e 94 36 05 	call	0xa6c	; 0xa6c <vPortYield>
    1544:	df 91       	pop	r29
    1546:	cf 91       	pop	r28
    1548:	08 95       	ret
    154a:	80 91 b6 21 	lds	r24, 0x21B6	; 0x8021b6 <uxSchedulerSuspended>
    154e:	81 11       	cpse	r24, r1
    1550:	10 c0       	rjmp	.+32     	; 0x1572 <vTaskDelay+0x3c>
    1552:	80 91 b6 21 	lds	r24, 0x21B6	; 0x8021b6 <uxSchedulerSuspended>
    1556:	8f 5f       	subi	r24, 0xFF	; 255
    1558:	80 93 b6 21 	sts	0x21B6, r24	; 0x8021b6 <uxSchedulerSuspended>
    155c:	60 e0       	ldi	r22, 0x00	; 0
    155e:	ce 01       	movw	r24, r28
    1560:	0e 94 a1 06 	call	0xd42	; 0xd42 <prvAddCurrentTaskToDelayedList>
    1564:	0e 94 0c 0a 	call	0x1418	; 0x1418 <xTaskResumeAll>
    1568:	88 23       	and	r24, r24
    156a:	51 f3       	breq	.-44     	; 0x1540 <vTaskDelay+0xa>
    156c:	df 91       	pop	r29
    156e:	cf 91       	pop	r28
    1570:	08 95       	ret
    1572:	60 e2       	ldi	r22, 0x20	; 32
    1574:	75 e0       	ldi	r23, 0x05	; 5
    1576:	86 e1       	ldi	r24, 0x16	; 22
    1578:	90 e2       	ldi	r25, 0x20	; 32
    157a:	0e 94 14 0b 	call	0x1628	; 0x1628 <vAssertCalled>
    157e:	e9 cf       	rjmp	.-46     	; 0x1552 <vTaskDelay+0x1c>

00001580 <vTaskSwitchContext>:
#endif /* configUSE_APPLICATION_TASK_TAG */
/*-----------------------------------------------------------*/

void vTaskSwitchContext( void )
{
	if( uxSchedulerSuspended != ( UBaseType_t ) pdFALSE )
    1580:	80 91 b6 21 	lds	r24, 0x21B6	; 0x8021b6 <uxSchedulerSuspended>
    1584:	81 11       	cpse	r24, r1
    1586:	02 c0       	rjmp	.+4      	; 0x158c <vTaskSwitchContext+0xc>
    1588:	0c 94 fd 06 	jmp	0xdfa	; 0xdfa <vTaskSwitchContext.part.5>
	{
		/* The scheduler is currently suspended - do not allow a context
		switch. */
		xYieldPending = pdTRUE;
    158c:	81 e0       	ldi	r24, 0x01	; 1
    158e:	80 93 bd 21 	sts	0x21BD, r24	; 0x8021bd <xYieldPending>
    1592:	08 95       	ret

00001594 <vApplicationIdleHook>:
#define SET_ERR_LED() PORTA.OUTSET=1<<7
#define CLR_ERR_LED() PORTA.OUTCLR=1<<7


void vApplicationIdleHook( void )
{
    1594:	08 95       	ret

00001596 <vApplicationMallocFailedHook>:
	
}

void vApplicationMallocFailedHook(void)
{
	taskDISABLE_INTERRUPTS();
    1596:	f8 94       	cli
	DbgPrint ("ERROR: memory allocation failed\r\n");
    1598:	89 e5       	ldi	r24, 0x59	; 89
    159a:	90 e2       	ldi	r25, 0x20	; 32
    159c:	0e 94 aa 01 	call	0x354	; 0x354 <DbgPrint>
	CFG_ERR_LED();
    15a0:	80 e8       	ldi	r24, 0x80	; 128
    15a2:	80 93 01 06 	sts	0x0601, r24	; 0x800601 <__TEXT_REGION_LENGTH__+0x700601>
	while (1)
	{
		SET_ERR_LED();
    15a6:	80 93 05 06 	sts	0x0605, r24	; 0x800605 <__TEXT_REGION_LENGTH__+0x700605>
	#else
		//round up by default
		__ticks_dc = (uint32_t)(ceil(fabs(__tmp)));
	#endif

	__builtin_avr_delay_cycles(__ticks_dc);
    15aa:	2f ef       	ldi	r18, 0xFF	; 255
    15ac:	33 ec       	ldi	r19, 0xC3	; 195
    15ae:	99 e0       	ldi	r25, 0x09	; 9
    15b0:	21 50       	subi	r18, 0x01	; 1
    15b2:	30 40       	sbci	r19, 0x00	; 0
    15b4:	90 40       	sbci	r25, 0x00	; 0
    15b6:	e1 f7       	brne	.-8      	; 0x15b0 <vApplicationMallocFailedHook+0x1a>
    15b8:	00 c0       	rjmp	.+0      	; 0x15ba <vApplicationMallocFailedHook+0x24>
    15ba:	00 00       	nop
		_delay_ms(100);
		CLR_ERR_LED();
    15bc:	80 93 06 06 	sts	0x0606, r24	; 0x800606 <__TEXT_REGION_LENGTH__+0x700606>
    15c0:	2f ef       	ldi	r18, 0xFF	; 255
    15c2:	33 ec       	ldi	r19, 0xC3	; 195
    15c4:	99 e0       	ldi	r25, 0x09	; 9
    15c6:	21 50       	subi	r18, 0x01	; 1
    15c8:	30 40       	sbci	r19, 0x00	; 0
    15ca:	90 40       	sbci	r25, 0x00	; 0
    15cc:	e1 f7       	brne	.-8      	; 0x15c6 <vApplicationMallocFailedHook+0x30>
    15ce:	00 c0       	rjmp	.+0      	; 0x15d0 <vApplicationMallocFailedHook+0x3a>
    15d0:	00 00       	nop
    15d2:	e9 cf       	rjmp	.-46     	; 0x15a6 <vApplicationMallocFailedHook+0x10>

000015d4 <vApplicationStackOverflowHook>:
}



void vApplicationStackOverflowHook( TaskHandle_t xTask,signed char *pcTaskName )
{
    15d4:	eb 01       	movw	r28, r22
	taskDISABLE_INTERRUPTS();
    15d6:	f8 94       	cli
	CFG_ERR_LED();
    15d8:	80 e8       	ldi	r24, 0x80	; 128
    15da:	80 93 01 06 	sts	0x0601, r24	; 0x800601 <__TEXT_REGION_LENGTH__+0x700601>
	DbgPrint("STACK overflow in task ");
    15de:	8b e7       	ldi	r24, 0x7B	; 123
    15e0:	90 e2       	ldi	r25, 0x20	; 32
    15e2:	0e 94 aa 01 	call	0x354	; 0x354 <DbgPrint>
	DbgPrintn(pcTaskName,10);
    15e6:	6a e0       	ldi	r22, 0x0A	; 10
    15e8:	70 e0       	ldi	r23, 0x00	; 0
    15ea:	ce 01       	movw	r24, r28
    15ec:	0e 94 c9 01 	call	0x392	; 0x392 <DbgPrintn>
	DbgPrint("\r\n");
    15f0:	86 e5       	ldi	r24, 0x56	; 86
    15f2:	90 e2       	ldi	r25, 0x20	; 32
    15f4:	0e 94 aa 01 	call	0x354	; 0x354 <DbgPrint>
	while (1)
	{
		SET_ERR_LED();
    15f8:	80 e8       	ldi	r24, 0x80	; 128
    15fa:	80 93 05 06 	sts	0x0605, r24	; 0x800605 <__TEXT_REGION_LENGTH__+0x700605>
    15fe:	2f ef       	ldi	r18, 0xFF	; 255
    1600:	33 ed       	ldi	r19, 0xD3	; 211
    1602:	90 e3       	ldi	r25, 0x30	; 48
    1604:	21 50       	subi	r18, 0x01	; 1
    1606:	30 40       	sbci	r19, 0x00	; 0
    1608:	90 40       	sbci	r25, 0x00	; 0
    160a:	e1 f7       	brne	.-8      	; 0x1604 <vApplicationStackOverflowHook+0x30>
    160c:	00 c0       	rjmp	.+0      	; 0x160e <vApplicationStackOverflowHook+0x3a>
    160e:	00 00       	nop
		_delay_ms(500);
		CLR_ERR_LED();
    1610:	80 93 06 06 	sts	0x0606, r24	; 0x800606 <__TEXT_REGION_LENGTH__+0x700606>
    1614:	2f ef       	ldi	r18, 0xFF	; 255
    1616:	33 ed       	ldi	r19, 0xD3	; 211
    1618:	90 e3       	ldi	r25, 0x30	; 48
    161a:	21 50       	subi	r18, 0x01	; 1
    161c:	30 40       	sbci	r19, 0x00	; 0
    161e:	90 40       	sbci	r25, 0x00	; 0
    1620:	e1 f7       	brne	.-8      	; 0x161a <vApplicationStackOverflowHook+0x46>
    1622:	00 c0       	rjmp	.+0      	; 0x1624 <vApplicationStackOverflowHook+0x50>
    1624:	00 00       	nop
    1626:	e9 cf       	rjmp	.-46     	; 0x15fa <vApplicationStackOverflowHook+0x26>

00001628 <vAssertCalled>:
		_delay_ms(500);
	}
}

void vAssertCalled( char *File, int Line)
{
    1628:	8c 01       	movw	r16, r24
    162a:	eb 01       	movw	r28, r22
	taskDISABLE_INTERRUPTS();	
    162c:	f8 94       	cli
	CFG_ERR_LED();
    162e:	80 e8       	ldi	r24, 0x80	; 128
    1630:	80 93 01 06 	sts	0x0601, r24	; 0x800601 <__TEXT_REGION_LENGTH__+0x700601>
	DbgPrint("Assert in file ");
    1634:	83 e9       	ldi	r24, 0x93	; 147
    1636:	90 e2       	ldi	r25, 0x20	; 32
    1638:	0e 94 aa 01 	call	0x354	; 0x354 <DbgPrint>
	DbgPrintn(File,100);
    163c:	64 e6       	ldi	r22, 0x64	; 100
    163e:	70 e0       	ldi	r23, 0x00	; 0
    1640:	c8 01       	movw	r24, r16
    1642:	0e 94 c9 01 	call	0x392	; 0x392 <DbgPrintn>
	DbgPrint(", line nr ");
    1646:	83 ea       	ldi	r24, 0xA3	; 163
    1648:	90 e2       	ldi	r25, 0x20	; 32
    164a:	0e 94 aa 01 	call	0x354	; 0x354 <DbgPrint>
	DbgPrintInt(Line);
    164e:	ce 01       	movw	r24, r28
    1650:	0e 94 ee 01 	call	0x3dc	; 0x3dc <DbgPrintInt>
	DbgPrint("\r\n");
    1654:	86 e5       	ldi	r24, 0x56	; 86
    1656:	90 e2       	ldi	r25, 0x20	; 32
    1658:	0e 94 aa 01 	call	0x354	; 0x354 <DbgPrint>

	while (1)
	{
		SET_ERR_LED();
    165c:	80 e8       	ldi	r24, 0x80	; 128
    165e:	80 93 05 06 	sts	0x0605, r24	; 0x800605 <__TEXT_REGION_LENGTH__+0x700605>
    1662:	2f ef       	ldi	r18, 0xFF	; 255
    1664:	33 ec       	ldi	r19, 0xC3	; 195
    1666:	99 e0       	ldi	r25, 0x09	; 9
    1668:	21 50       	subi	r18, 0x01	; 1
    166a:	30 40       	sbci	r19, 0x00	; 0
    166c:	90 40       	sbci	r25, 0x00	; 0
    166e:	e1 f7       	brne	.-8      	; 0x1668 <vAssertCalled+0x40>
    1670:	00 c0       	rjmp	.+0      	; 0x1672 <vAssertCalled+0x4a>
    1672:	00 00       	nop
		_delay_ms(100);
		CLR_ERR_LED();
    1674:	80 93 06 06 	sts	0x0606, r24	; 0x800606 <__TEXT_REGION_LENGTH__+0x700606>
    1678:	2f ef       	ldi	r18, 0xFF	; 255
    167a:	33 ed       	ldi	r19, 0xD3	; 211
    167c:	90 e3       	ldi	r25, 0x30	; 48
    167e:	21 50       	subi	r18, 0x01	; 1
    1680:	30 40       	sbci	r19, 0x00	; 0
    1682:	90 40       	sbci	r25, 0x00	; 0
    1684:	e1 f7       	brne	.-8      	; 0x167e <vAssertCalled+0x56>
    1686:	00 c0       	rjmp	.+0      	; 0x1688 <vAssertCalled+0x60>
    1688:	00 00       	nop
    168a:	e9 cf       	rjmp	.-46     	; 0x165e <vAssertCalled+0x36>

0000168c <main>:
uint8_t *ucHeap;

int main(void)
{
	//Allocate FreeRTOS heap
	ucHeap=malloc(configTOTAL_HEAP_SIZE);
    168c:	80 e0       	ldi	r24, 0x00	; 0
    168e:	90 e4       	ldi	r25, 0x40	; 64
    1690:	0e 94 e8 0f 	call	0x1fd0	; 0x1fd0 <malloc>
    1694:	80 93 56 22 	sts	0x2256, r24	; 0x802256 <ucHeap>
    1698:	90 93 57 22 	sts	0x2257, r25	; 0x802257 <ucHeap+0x1>
	if (ucHeap==NULL) while(1);
    169c:	89 2b       	or	r24, r25
    169e:	e9 f0       	breq	.+58     	; 0x16da <main+0x4e>
	
	DriverSysClkXtalInit();	//Clock init
    16a0:	0e 94 4c 02 	call	0x498	; 0x498 <DriverSysClkXtalInit>
	DriverUSARTInit();		//USART init and link to stdio
    16a4:	0e 94 18 03 	call	0x630	; 0x630 <DriverUSARTInit>
	DriverPowerInit();		//Initialize aux power driver
    16a8:	0e 94 03 0c 	call	0x1806	; 0x1806 <DriverPowerInit>
	DriverPowerVccAuxSet(1);//Enable Auxillary power line
    16ac:	81 e0       	ldi	r24, 0x01	; 1
    16ae:	0e 94 07 0c 	call	0x180e	; 0x180e <DriverPowerVccAuxSet>

	//Enable interrupts
	PMIC.CTRL=0b111;		
    16b2:	87 e0       	ldi	r24, 0x07	; 7
    16b4:	80 93 a2 00 	sts	0x00A2, r24	; 0x8000a2 <__TEXT_REGION_LENGTH__+0x7000a2>
	sei();
    16b8:	78 94       	sei
    16ba:	2f ef       	ldi	r18, 0xFF	; 255
    16bc:	89 ef       	ldi	r24, 0xF9	; 249
    16be:	90 e0       	ldi	r25, 0x00	; 0
    16c0:	21 50       	subi	r18, 0x01	; 1
    16c2:	80 40       	sbci	r24, 0x00	; 0
    16c4:	90 40       	sbci	r25, 0x00	; 0
    16c6:	e1 f7       	brne	.-8      	; 0x16c0 <main+0x34>
    16c8:	00 c0       	rjmp	.+0      	; 0x16ca <main+0x3e>
    16ca:	00 00       	nop

	_delay_ms(10);

	//Init tasks
	InitMemTask();
    16cc:	0e 94 ef 0b 	call	0x17de	; 0x17de <InitMemTask>

	vTaskStartScheduler();	//Start scheduler loop
    16d0:	0e 94 f5 08 	call	0x11ea	; 0x11ea <vTaskStartScheduler>

	return 0;
}
    16d4:	80 e0       	ldi	r24, 0x00	; 0
    16d6:	90 e0       	ldi	r25, 0x00	; 0
    16d8:	08 95       	ret
    16da:	ff cf       	rjmp	.-2      	; 0x16da <main+0x4e>

000016dc <WorkerMemTask>:
	int FreeMem;
	uint8_t *Block1, *Block2, *Block3, *Block4, *Block5, *Block6;
	int BlockSize;
	
	//Stap 1: geef grootte van de heap weer
	FreeMem=xPortGetFreeHeapSize();
    16dc:	0e 94 fc 03 	call	0x7f8	; 0x7f8 <xPortGetFreeHeapSize>
    16e0:	ec 01       	movw	r28, r24
	printf ("Step1: Unallocated heap memory:%u\r\n",FreeMem);
    16e2:	df 93       	push	r29
    16e4:	cf 93       	push	r28
    16e6:	8e ea       	ldi	r24, 0xAE	; 174
    16e8:	90 e2       	ldi	r25, 0x20	; 32
    16ea:	9f 93       	push	r25
    16ec:	8f 93       	push	r24
    16ee:	0e 94 3a 12 	call	0x2474	; 0x2474 <printf>
	
	//Stap 2: verdeel de heap in 6 gelijke gealloceerde blokken
	BlockSize=(FreeMem-128)/6;
    16f2:	ce 01       	movw	r24, r28
    16f4:	80 58       	subi	r24, 0x80	; 128
    16f6:	91 09       	sbc	r25, r1
    16f8:	66 e0       	ldi	r22, 0x06	; 6
    16fa:	70 e0       	ldi	r23, 0x00	; 0
    16fc:	0e 94 c5 0f 	call	0x1f8a	; 0x1f8a <__divmodhi4>
    1700:	eb 01       	movw	r28, r22
	printf ("Block size:%u\r\n",BlockSize);
    1702:	df 93       	push	r29
    1704:	6f 93       	push	r22
    1706:	82 ed       	ldi	r24, 0xD2	; 210
    1708:	90 e2       	ldi	r25, 0x20	; 32
    170a:	9f 93       	push	r25
    170c:	8f 93       	push	r24
    170e:	0e 94 3a 12 	call	0x2474	; 0x2474 <printf>
	Block1=pvPortMalloc(BlockSize);
    1712:	ce 01       	movw	r24, r28
    1714:	0e 94 32 03 	call	0x664	; 0x664 <pvPortMalloc>
    1718:	5c 01       	movw	r10, r24
	Block2=pvPortMalloc(BlockSize);
    171a:	ce 01       	movw	r24, r28
    171c:	0e 94 32 03 	call	0x664	; 0x664 <pvPortMalloc>
    1720:	6c 01       	movw	r12, r24
	Block3=pvPortMalloc(BlockSize);
    1722:	ce 01       	movw	r24, r28
    1724:	0e 94 32 03 	call	0x664	; 0x664 <pvPortMalloc>
	Block4=pvPortMalloc(BlockSize);
    1728:	ce 01       	movw	r24, r28
    172a:	0e 94 32 03 	call	0x664	; 0x664 <pvPortMalloc>
    172e:	7c 01       	movw	r14, r24
	Block5=pvPortMalloc(BlockSize);
    1730:	ce 01       	movw	r24, r28
    1732:	0e 94 32 03 	call	0x664	; 0x664 <pvPortMalloc>
	Block6=pvPortMalloc(BlockSize);
    1736:	ce 01       	movw	r24, r28
    1738:	0e 94 32 03 	call	0x664	; 0x664 <pvPortMalloc>
    173c:	8c 01       	movw	r16, r24
	FreeMem=xPortGetFreeHeapSize();
    173e:	0e 94 fc 03 	call	0x7f8	; 0x7f8 <xPortGetFreeHeapSize>
	printf ("Step2: Unallocated heap memory:%u\r\n",FreeMem);
    1742:	9f 93       	push	r25
    1744:	8f 93       	push	r24
    1746:	82 ee       	ldi	r24, 0xE2	; 226
    1748:	90 e2       	ldi	r25, 0x20	; 32
    174a:	9f 93       	push	r25
    174c:	8f 93       	push	r24
    174e:	0e 94 3a 12 	call	0x2474	; 0x2474 <printf>
	
	//Stap 3: Geef twee aanliggende blokken vrij
	vPortFree(Block1);
    1752:	c5 01       	movw	r24, r10
    1754:	0e 94 d1 03 	call	0x7a2	; 0x7a2 <vPortFree>
	vPortFree(Block2);
    1758:	c6 01       	movw	r24, r12
    175a:	0e 94 d1 03 	call	0x7a2	; 0x7a2 <vPortFree>
	FreeMem=xPortGetFreeHeapSize();
    175e:	0e 94 fc 03 	call	0x7f8	; 0x7f8 <xPortGetFreeHeapSize>
	printf ("Step3: Unallocated heap memory:%u\r\n",FreeMem);
    1762:	9f 93       	push	r25
    1764:	8f 93       	push	r24
    1766:	86 e0       	ldi	r24, 0x06	; 6
    1768:	91 e2       	ldi	r25, 0x21	; 33
    176a:	9f 93       	push	r25
    176c:	8f 93       	push	r24
    176e:	0e 94 3a 12 	call	0x2474	; 0x2474 <printf>
	
	//Stap 4: alloceer een nieuwe blok ter grootte van 2 oorspronkelijke kleinere blokken
	Block1=pvPortMalloc(BlockSize*2);	
    1772:	cc 0f       	add	r28, r28
    1774:	dd 1f       	adc	r29, r29
    1776:	ce 01       	movw	r24, r28
    1778:	0e 94 32 03 	call	0x664	; 0x664 <pvPortMalloc>
	FreeMem=xPortGetFreeHeapSize();
    177c:	0e 94 fc 03 	call	0x7f8	; 0x7f8 <xPortGetFreeHeapSize>
	printf ("Step4: Unallocated heap memory:%u\r\n",FreeMem);	
    1780:	9f 93       	push	r25
    1782:	8f 93       	push	r24
    1784:	8a e2       	ldi	r24, 0x2A	; 42
    1786:	91 e2       	ldi	r25, 0x21	; 33
    1788:	9f 93       	push	r25
    178a:	8f 93       	push	r24
    178c:	0e 94 3a 12 	call	0x2474	; 0x2474 <printf>
	
	//Stap 5: geef twee niet aanliggende blokken vrij
	vPortFree(Block4);
    1790:	c7 01       	movw	r24, r14
    1792:	0e 94 d1 03 	call	0x7a2	; 0x7a2 <vPortFree>
	vPortFree(Block6);	
    1796:	c8 01       	movw	r24, r16
    1798:	0e 94 d1 03 	call	0x7a2	; 0x7a2 <vPortFree>
	FreeMem=xPortGetFreeHeapSize();
    179c:	0e 94 fc 03 	call	0x7f8	; 0x7f8 <xPortGetFreeHeapSize>
	printf ("Step5: Unallocated heap memory:%u\r\n",FreeMem);	
    17a0:	9f 93       	push	r25
    17a2:	8f 93       	push	r24
    17a4:	8e e4       	ldi	r24, 0x4E	; 78
    17a6:	91 e2       	ldi	r25, 0x21	; 33
    17a8:	9f 93       	push	r25
    17aa:	8f 93       	push	r24
    17ac:	0e 94 3a 12 	call	0x2474	; 0x2474 <printf>
	
	//Stap 6: alloceer een nieuwe blok ter grootte van 2 oorspronkelijke kleinere blokken
	Block4=pvPortMalloc(BlockSize*2);	
    17b0:	ce 01       	movw	r24, r28
    17b2:	0e 94 32 03 	call	0x664	; 0x664 <pvPortMalloc>
	FreeMem=xPortGetFreeHeapSize();
    17b6:	0e 94 fc 03 	call	0x7f8	; 0x7f8 <xPortGetFreeHeapSize>
	printf ("Step6: Unallocated heap memory:%u\r\n",FreeMem);
    17ba:	9f 93       	push	r25
    17bc:	8f 93       	push	r24
    17be:	82 e7       	ldi	r24, 0x72	; 114
    17c0:	91 e2       	ldi	r25, 0x21	; 33
    17c2:	9f 93       	push	r25
    17c4:	8f 93       	push	r24
    17c6:	0e 94 3a 12 	call	0x2474	; 0x2474 <printf>
    17ca:	8d b7       	in	r24, 0x3d	; 61
    17cc:	9e b7       	in	r25, 0x3e	; 62
    17ce:	4c 96       	adiw	r24, 0x1c	; 28
    17d0:	8d bf       	out	0x3d, r24	; 61
    17d2:	9e bf       	out	0x3e, r25	; 62
	
	while (1)
	{
		vTaskDelay(100);
    17d4:	84 e6       	ldi	r24, 0x64	; 100
    17d6:	90 e0       	ldi	r25, 0x00	; 0
    17d8:	0e 94 9b 0a 	call	0x1536	; 0x1536 <vTaskDelay>
    17dc:	fb cf       	rjmp	.-10     	; 0x17d4 <WorkerMemTask+0xf8>

000017de <InitMemTask>:
//Private function prototypes
void WorkerMemTask(void *pvParameters);

//Function definitions
void InitMemTask()
{
    17de:	ef 92       	push	r14
    17e0:	ff 92       	push	r15
    17e2:	0f 93       	push	r16
	xTaskCreate( WorkerMemTask, "mem", 1024, NULL, tskIDLE_PRIORITY+1, NULL );
    17e4:	e1 2c       	mov	r14, r1
    17e6:	f1 2c       	mov	r15, r1
    17e8:	01 e0       	ldi	r16, 0x01	; 1
    17ea:	20 e0       	ldi	r18, 0x00	; 0
    17ec:	30 e0       	ldi	r19, 0x00	; 0
    17ee:	40 e0       	ldi	r20, 0x00	; 0
    17f0:	54 e0       	ldi	r21, 0x04	; 4
    17f2:	66 e9       	ldi	r22, 0x96	; 150
    17f4:	71 e2       	ldi	r23, 0x21	; 33
    17f6:	8e e6       	ldi	r24, 0x6E	; 110
    17f8:	9b e0       	ldi	r25, 0x0B	; 11
    17fa:	0e 94 bf 07 	call	0xf7e	; 0xf7e <xTaskCreate>
}
    17fe:	0f 91       	pop	r16
    1800:	ff 90       	pop	r15
    1802:	ef 90       	pop	r14
    1804:	08 95       	ret

00001806 <DriverPowerInit>:
    1806:	80 e2       	ldi	r24, 0x20	; 32
    1808:	80 93 41 06 	sts	0x0641, r24	; 0x800641 <__TEXT_REGION_LENGTH__+0x700641>
    180c:	08 95       	ret

0000180e <DriverPowerVccAuxSet>:
    180e:	81 11       	cpse	r24, r1
    1810:	04 c0       	rjmp	.+8      	; 0x181a <DriverPowerVccAuxSet+0xc>
    1812:	80 e2       	ldi	r24, 0x20	; 32
    1814:	80 93 46 06 	sts	0x0646, r24	; 0x800646 <__TEXT_REGION_LENGTH__+0x700646>
    1818:	08 95       	ret
    181a:	80 e2       	ldi	r24, 0x20	; 32
    181c:	80 93 45 06 	sts	0x0645, r24	; 0x800645 <__TEXT_REGION_LENGTH__+0x700645>
    1820:	08 95       	ret

00001822 <vfprintf>:
    1822:	2f 92       	push	r2
    1824:	3f 92       	push	r3
    1826:	4f 92       	push	r4
    1828:	5f 92       	push	r5
    182a:	6f 92       	push	r6
    182c:	7f 92       	push	r7
    182e:	8f 92       	push	r8
    1830:	9f 92       	push	r9
    1832:	af 92       	push	r10
    1834:	bf 92       	push	r11
    1836:	cf 92       	push	r12
    1838:	df 92       	push	r13
    183a:	ef 92       	push	r14
    183c:	ff 92       	push	r15
    183e:	0f 93       	push	r16
    1840:	1f 93       	push	r17
    1842:	cf 93       	push	r28
    1844:	df 93       	push	r29
    1846:	cd b7       	in	r28, 0x3d	; 61
    1848:	de b7       	in	r29, 0x3e	; 62
    184a:	60 97       	sbiw	r28, 0x10	; 16
    184c:	cd bf       	out	0x3d, r28	; 61
    184e:	de bf       	out	0x3e, r29	; 62
    1850:	7c 01       	movw	r14, r24
    1852:	1b 01       	movw	r2, r22
    1854:	6a 01       	movw	r12, r20
    1856:	fc 01       	movw	r30, r24
    1858:	16 82       	std	Z+6, r1	; 0x06
    185a:	17 82       	std	Z+7, r1	; 0x07
    185c:	83 81       	ldd	r24, Z+3	; 0x03
    185e:	81 ff       	sbrs	r24, 1
    1860:	44 c3       	rjmp	.+1672   	; 0x1eea <vfprintf+0x6c8>
    1862:	9e 01       	movw	r18, r28
    1864:	2f 5f       	subi	r18, 0xFF	; 255
    1866:	3f 4f       	sbci	r19, 0xFF	; 255
    1868:	39 01       	movw	r6, r18
    186a:	f7 01       	movw	r30, r14
    186c:	93 81       	ldd	r25, Z+3	; 0x03
    186e:	f1 01       	movw	r30, r2
    1870:	93 fd       	sbrc	r25, 3
    1872:	85 91       	lpm	r24, Z+
    1874:	93 ff       	sbrs	r25, 3
    1876:	81 91       	ld	r24, Z+
    1878:	1f 01       	movw	r2, r30
    187a:	88 23       	and	r24, r24
    187c:	09 f4       	brne	.+2      	; 0x1880 <vfprintf+0x5e>
    187e:	31 c3       	rjmp	.+1634   	; 0x1ee2 <vfprintf+0x6c0>
    1880:	85 32       	cpi	r24, 0x25	; 37
    1882:	39 f4       	brne	.+14     	; 0x1892 <vfprintf+0x70>
    1884:	93 fd       	sbrc	r25, 3
    1886:	85 91       	lpm	r24, Z+
    1888:	93 ff       	sbrs	r25, 3
    188a:	81 91       	ld	r24, Z+
    188c:	1f 01       	movw	r2, r30
    188e:	85 32       	cpi	r24, 0x25	; 37
    1890:	39 f4       	brne	.+14     	; 0x18a0 <vfprintf+0x7e>
    1892:	b7 01       	movw	r22, r14
    1894:	90 e0       	ldi	r25, 0x00	; 0
    1896:	0e 94 fe 11 	call	0x23fc	; 0x23fc <fputc>
    189a:	56 01       	movw	r10, r12
    189c:	65 01       	movw	r12, r10
    189e:	e5 cf       	rjmp	.-54     	; 0x186a <vfprintf+0x48>
    18a0:	10 e0       	ldi	r17, 0x00	; 0
    18a2:	51 2c       	mov	r5, r1
    18a4:	91 2c       	mov	r9, r1
    18a6:	ff e1       	ldi	r31, 0x1F	; 31
    18a8:	f9 15       	cp	r31, r9
    18aa:	d8 f0       	brcs	.+54     	; 0x18e2 <vfprintf+0xc0>
    18ac:	8b 32       	cpi	r24, 0x2B	; 43
    18ae:	79 f0       	breq	.+30     	; 0x18ce <vfprintf+0xac>
    18b0:	38 f4       	brcc	.+14     	; 0x18c0 <vfprintf+0x9e>
    18b2:	80 32       	cpi	r24, 0x20	; 32
    18b4:	79 f0       	breq	.+30     	; 0x18d4 <vfprintf+0xb2>
    18b6:	83 32       	cpi	r24, 0x23	; 35
    18b8:	a1 f4       	brne	.+40     	; 0x18e2 <vfprintf+0xc0>
    18ba:	f9 2d       	mov	r31, r9
    18bc:	f0 61       	ori	r31, 0x10	; 16
    18be:	2e c0       	rjmp	.+92     	; 0x191c <vfprintf+0xfa>
    18c0:	8d 32       	cpi	r24, 0x2D	; 45
    18c2:	61 f0       	breq	.+24     	; 0x18dc <vfprintf+0xba>
    18c4:	80 33       	cpi	r24, 0x30	; 48
    18c6:	69 f4       	brne	.+26     	; 0x18e2 <vfprintf+0xc0>
    18c8:	29 2d       	mov	r18, r9
    18ca:	21 60       	ori	r18, 0x01	; 1
    18cc:	2d c0       	rjmp	.+90     	; 0x1928 <vfprintf+0x106>
    18ce:	39 2d       	mov	r19, r9
    18d0:	32 60       	ori	r19, 0x02	; 2
    18d2:	93 2e       	mov	r9, r19
    18d4:	89 2d       	mov	r24, r9
    18d6:	84 60       	ori	r24, 0x04	; 4
    18d8:	98 2e       	mov	r9, r24
    18da:	2a c0       	rjmp	.+84     	; 0x1930 <vfprintf+0x10e>
    18dc:	e9 2d       	mov	r30, r9
    18de:	e8 60       	ori	r30, 0x08	; 8
    18e0:	15 c0       	rjmp	.+42     	; 0x190c <vfprintf+0xea>
    18e2:	97 fc       	sbrc	r9, 7
    18e4:	2d c0       	rjmp	.+90     	; 0x1940 <vfprintf+0x11e>
    18e6:	20 ed       	ldi	r18, 0xD0	; 208
    18e8:	28 0f       	add	r18, r24
    18ea:	2a 30       	cpi	r18, 0x0A	; 10
    18ec:	88 f4       	brcc	.+34     	; 0x1910 <vfprintf+0xee>
    18ee:	96 fe       	sbrs	r9, 6
    18f0:	06 c0       	rjmp	.+12     	; 0x18fe <vfprintf+0xdc>
    18f2:	3a e0       	ldi	r19, 0x0A	; 10
    18f4:	13 9f       	mul	r17, r19
    18f6:	20 0d       	add	r18, r0
    18f8:	11 24       	eor	r1, r1
    18fa:	12 2f       	mov	r17, r18
    18fc:	19 c0       	rjmp	.+50     	; 0x1930 <vfprintf+0x10e>
    18fe:	8a e0       	ldi	r24, 0x0A	; 10
    1900:	58 9e       	mul	r5, r24
    1902:	20 0d       	add	r18, r0
    1904:	11 24       	eor	r1, r1
    1906:	52 2e       	mov	r5, r18
    1908:	e9 2d       	mov	r30, r9
    190a:	e0 62       	ori	r30, 0x20	; 32
    190c:	9e 2e       	mov	r9, r30
    190e:	10 c0       	rjmp	.+32     	; 0x1930 <vfprintf+0x10e>
    1910:	8e 32       	cpi	r24, 0x2E	; 46
    1912:	31 f4       	brne	.+12     	; 0x1920 <vfprintf+0xfe>
    1914:	96 fc       	sbrc	r9, 6
    1916:	e5 c2       	rjmp	.+1482   	; 0x1ee2 <vfprintf+0x6c0>
    1918:	f9 2d       	mov	r31, r9
    191a:	f0 64       	ori	r31, 0x40	; 64
    191c:	9f 2e       	mov	r9, r31
    191e:	08 c0       	rjmp	.+16     	; 0x1930 <vfprintf+0x10e>
    1920:	8c 36       	cpi	r24, 0x6C	; 108
    1922:	21 f4       	brne	.+8      	; 0x192c <vfprintf+0x10a>
    1924:	29 2d       	mov	r18, r9
    1926:	20 68       	ori	r18, 0x80	; 128
    1928:	92 2e       	mov	r9, r18
    192a:	02 c0       	rjmp	.+4      	; 0x1930 <vfprintf+0x10e>
    192c:	88 36       	cpi	r24, 0x68	; 104
    192e:	41 f4       	brne	.+16     	; 0x1940 <vfprintf+0x11e>
    1930:	f1 01       	movw	r30, r2
    1932:	93 fd       	sbrc	r25, 3
    1934:	85 91       	lpm	r24, Z+
    1936:	93 ff       	sbrs	r25, 3
    1938:	81 91       	ld	r24, Z+
    193a:	1f 01       	movw	r2, r30
    193c:	81 11       	cpse	r24, r1
    193e:	b3 cf       	rjmp	.-154    	; 0x18a6 <vfprintf+0x84>
    1940:	9b eb       	ldi	r25, 0xBB	; 187
    1942:	98 0f       	add	r25, r24
    1944:	93 30       	cpi	r25, 0x03	; 3
    1946:	20 f4       	brcc	.+8      	; 0x1950 <vfprintf+0x12e>
    1948:	99 2d       	mov	r25, r9
    194a:	90 61       	ori	r25, 0x10	; 16
    194c:	80 5e       	subi	r24, 0xE0	; 224
    194e:	07 c0       	rjmp	.+14     	; 0x195e <vfprintf+0x13c>
    1950:	9b e9       	ldi	r25, 0x9B	; 155
    1952:	98 0f       	add	r25, r24
    1954:	93 30       	cpi	r25, 0x03	; 3
    1956:	08 f0       	brcs	.+2      	; 0x195a <vfprintf+0x138>
    1958:	66 c1       	rjmp	.+716    	; 0x1c26 <vfprintf+0x404>
    195a:	99 2d       	mov	r25, r9
    195c:	9f 7e       	andi	r25, 0xEF	; 239
    195e:	96 ff       	sbrs	r25, 6
    1960:	16 e0       	ldi	r17, 0x06	; 6
    1962:	9f 73       	andi	r25, 0x3F	; 63
    1964:	99 2e       	mov	r9, r25
    1966:	85 36       	cpi	r24, 0x65	; 101
    1968:	19 f4       	brne	.+6      	; 0x1970 <vfprintf+0x14e>
    196a:	90 64       	ori	r25, 0x40	; 64
    196c:	99 2e       	mov	r9, r25
    196e:	08 c0       	rjmp	.+16     	; 0x1980 <vfprintf+0x15e>
    1970:	86 36       	cpi	r24, 0x66	; 102
    1972:	21 f4       	brne	.+8      	; 0x197c <vfprintf+0x15a>
    1974:	39 2f       	mov	r19, r25
    1976:	30 68       	ori	r19, 0x80	; 128
    1978:	93 2e       	mov	r9, r19
    197a:	02 c0       	rjmp	.+4      	; 0x1980 <vfprintf+0x15e>
    197c:	11 11       	cpse	r17, r1
    197e:	11 50       	subi	r17, 0x01	; 1
    1980:	97 fe       	sbrs	r9, 7
    1982:	07 c0       	rjmp	.+14     	; 0x1992 <vfprintf+0x170>
    1984:	1c 33       	cpi	r17, 0x3C	; 60
    1986:	50 f4       	brcc	.+20     	; 0x199c <vfprintf+0x17a>
    1988:	44 24       	eor	r4, r4
    198a:	43 94       	inc	r4
    198c:	41 0e       	add	r4, r17
    198e:	27 e0       	ldi	r18, 0x07	; 7
    1990:	0b c0       	rjmp	.+22     	; 0x19a8 <vfprintf+0x186>
    1992:	18 30       	cpi	r17, 0x08	; 8
    1994:	38 f0       	brcs	.+14     	; 0x19a4 <vfprintf+0x182>
    1996:	27 e0       	ldi	r18, 0x07	; 7
    1998:	17 e0       	ldi	r17, 0x07	; 7
    199a:	05 c0       	rjmp	.+10     	; 0x19a6 <vfprintf+0x184>
    199c:	27 e0       	ldi	r18, 0x07	; 7
    199e:	9c e3       	ldi	r25, 0x3C	; 60
    19a0:	49 2e       	mov	r4, r25
    19a2:	02 c0       	rjmp	.+4      	; 0x19a8 <vfprintf+0x186>
    19a4:	21 2f       	mov	r18, r17
    19a6:	41 2c       	mov	r4, r1
    19a8:	56 01       	movw	r10, r12
    19aa:	84 e0       	ldi	r24, 0x04	; 4
    19ac:	a8 0e       	add	r10, r24
    19ae:	b1 1c       	adc	r11, r1
    19b0:	f6 01       	movw	r30, r12
    19b2:	60 81       	ld	r22, Z
    19b4:	71 81       	ldd	r23, Z+1	; 0x01
    19b6:	82 81       	ldd	r24, Z+2	; 0x02
    19b8:	93 81       	ldd	r25, Z+3	; 0x03
    19ba:	04 2d       	mov	r16, r4
    19bc:	a3 01       	movw	r20, r6
    19be:	0e 94 09 11 	call	0x2212	; 0x2212 <__ftoa_engine>
    19c2:	6c 01       	movw	r12, r24
    19c4:	f9 81       	ldd	r31, Y+1	; 0x01
    19c6:	fc 87       	std	Y+12, r31	; 0x0c
    19c8:	f0 ff       	sbrs	r31, 0
    19ca:	02 c0       	rjmp	.+4      	; 0x19d0 <vfprintf+0x1ae>
    19cc:	f3 ff       	sbrs	r31, 3
    19ce:	06 c0       	rjmp	.+12     	; 0x19dc <vfprintf+0x1ba>
    19d0:	91 fc       	sbrc	r9, 1
    19d2:	06 c0       	rjmp	.+12     	; 0x19e0 <vfprintf+0x1be>
    19d4:	92 fe       	sbrs	r9, 2
    19d6:	06 c0       	rjmp	.+12     	; 0x19e4 <vfprintf+0x1c2>
    19d8:	00 e2       	ldi	r16, 0x20	; 32
    19da:	05 c0       	rjmp	.+10     	; 0x19e6 <vfprintf+0x1c4>
    19dc:	0d e2       	ldi	r16, 0x2D	; 45
    19de:	03 c0       	rjmp	.+6      	; 0x19e6 <vfprintf+0x1c4>
    19e0:	0b e2       	ldi	r16, 0x2B	; 43
    19e2:	01 c0       	rjmp	.+2      	; 0x19e6 <vfprintf+0x1c4>
    19e4:	00 e0       	ldi	r16, 0x00	; 0
    19e6:	8c 85       	ldd	r24, Y+12	; 0x0c
    19e8:	8c 70       	andi	r24, 0x0C	; 12
    19ea:	19 f0       	breq	.+6      	; 0x19f2 <vfprintf+0x1d0>
    19ec:	01 11       	cpse	r16, r1
    19ee:	5a c2       	rjmp	.+1204   	; 0x1ea4 <vfprintf+0x682>
    19f0:	9b c2       	rjmp	.+1334   	; 0x1f28 <vfprintf+0x706>
    19f2:	97 fe       	sbrs	r9, 7
    19f4:	10 c0       	rjmp	.+32     	; 0x1a16 <vfprintf+0x1f4>
    19f6:	4c 0c       	add	r4, r12
    19f8:	fc 85       	ldd	r31, Y+12	; 0x0c
    19fa:	f4 ff       	sbrs	r31, 4
    19fc:	04 c0       	rjmp	.+8      	; 0x1a06 <vfprintf+0x1e4>
    19fe:	8a 81       	ldd	r24, Y+2	; 0x02
    1a00:	81 33       	cpi	r24, 0x31	; 49
    1a02:	09 f4       	brne	.+2      	; 0x1a06 <vfprintf+0x1e4>
    1a04:	4a 94       	dec	r4
    1a06:	14 14       	cp	r1, r4
    1a08:	74 f5       	brge	.+92     	; 0x1a66 <vfprintf+0x244>
    1a0a:	28 e0       	ldi	r18, 0x08	; 8
    1a0c:	24 15       	cp	r18, r4
    1a0e:	78 f5       	brcc	.+94     	; 0x1a6e <vfprintf+0x24c>
    1a10:	88 e0       	ldi	r24, 0x08	; 8
    1a12:	48 2e       	mov	r4, r24
    1a14:	2c c0       	rjmp	.+88     	; 0x1a6e <vfprintf+0x24c>
    1a16:	96 fc       	sbrc	r9, 6
    1a18:	2a c0       	rjmp	.+84     	; 0x1a6e <vfprintf+0x24c>
    1a1a:	81 2f       	mov	r24, r17
    1a1c:	90 e0       	ldi	r25, 0x00	; 0
    1a1e:	8c 15       	cp	r24, r12
    1a20:	9d 05       	cpc	r25, r13
    1a22:	9c f0       	brlt	.+38     	; 0x1a4a <vfprintf+0x228>
    1a24:	3c ef       	ldi	r19, 0xFC	; 252
    1a26:	c3 16       	cp	r12, r19
    1a28:	3f ef       	ldi	r19, 0xFF	; 255
    1a2a:	d3 06       	cpc	r13, r19
    1a2c:	74 f0       	brlt	.+28     	; 0x1a4a <vfprintf+0x228>
    1a2e:	89 2d       	mov	r24, r9
    1a30:	80 68       	ori	r24, 0x80	; 128
    1a32:	98 2e       	mov	r9, r24
    1a34:	0a c0       	rjmp	.+20     	; 0x1a4a <vfprintf+0x228>
    1a36:	e2 e0       	ldi	r30, 0x02	; 2
    1a38:	f0 e0       	ldi	r31, 0x00	; 0
    1a3a:	ec 0f       	add	r30, r28
    1a3c:	fd 1f       	adc	r31, r29
    1a3e:	e1 0f       	add	r30, r17
    1a40:	f1 1d       	adc	r31, r1
    1a42:	80 81       	ld	r24, Z
    1a44:	80 33       	cpi	r24, 0x30	; 48
    1a46:	19 f4       	brne	.+6      	; 0x1a4e <vfprintf+0x22c>
    1a48:	11 50       	subi	r17, 0x01	; 1
    1a4a:	11 11       	cpse	r17, r1
    1a4c:	f4 cf       	rjmp	.-24     	; 0x1a36 <vfprintf+0x214>
    1a4e:	97 fe       	sbrs	r9, 7
    1a50:	0e c0       	rjmp	.+28     	; 0x1a6e <vfprintf+0x24c>
    1a52:	44 24       	eor	r4, r4
    1a54:	43 94       	inc	r4
    1a56:	41 0e       	add	r4, r17
    1a58:	81 2f       	mov	r24, r17
    1a5a:	90 e0       	ldi	r25, 0x00	; 0
    1a5c:	c8 16       	cp	r12, r24
    1a5e:	d9 06       	cpc	r13, r25
    1a60:	2c f4       	brge	.+10     	; 0x1a6c <vfprintf+0x24a>
    1a62:	1c 19       	sub	r17, r12
    1a64:	04 c0       	rjmp	.+8      	; 0x1a6e <vfprintf+0x24c>
    1a66:	44 24       	eor	r4, r4
    1a68:	43 94       	inc	r4
    1a6a:	01 c0       	rjmp	.+2      	; 0x1a6e <vfprintf+0x24c>
    1a6c:	10 e0       	ldi	r17, 0x00	; 0
    1a6e:	97 fe       	sbrs	r9, 7
    1a70:	06 c0       	rjmp	.+12     	; 0x1a7e <vfprintf+0x25c>
    1a72:	1c 14       	cp	r1, r12
    1a74:	1d 04       	cpc	r1, r13
    1a76:	34 f4       	brge	.+12     	; 0x1a84 <vfprintf+0x262>
    1a78:	c6 01       	movw	r24, r12
    1a7a:	01 96       	adiw	r24, 0x01	; 1
    1a7c:	05 c0       	rjmp	.+10     	; 0x1a88 <vfprintf+0x266>
    1a7e:	85 e0       	ldi	r24, 0x05	; 5
    1a80:	90 e0       	ldi	r25, 0x00	; 0
    1a82:	02 c0       	rjmp	.+4      	; 0x1a88 <vfprintf+0x266>
    1a84:	81 e0       	ldi	r24, 0x01	; 1
    1a86:	90 e0       	ldi	r25, 0x00	; 0
    1a88:	01 11       	cpse	r16, r1
    1a8a:	01 96       	adiw	r24, 0x01	; 1
    1a8c:	11 23       	and	r17, r17
    1a8e:	31 f0       	breq	.+12     	; 0x1a9c <vfprintf+0x27a>
    1a90:	21 2f       	mov	r18, r17
    1a92:	30 e0       	ldi	r19, 0x00	; 0
    1a94:	2f 5f       	subi	r18, 0xFF	; 255
    1a96:	3f 4f       	sbci	r19, 0xFF	; 255
    1a98:	82 0f       	add	r24, r18
    1a9a:	93 1f       	adc	r25, r19
    1a9c:	25 2d       	mov	r18, r5
    1a9e:	30 e0       	ldi	r19, 0x00	; 0
    1aa0:	82 17       	cp	r24, r18
    1aa2:	93 07       	cpc	r25, r19
    1aa4:	14 f4       	brge	.+4      	; 0x1aaa <vfprintf+0x288>
    1aa6:	58 1a       	sub	r5, r24
    1aa8:	01 c0       	rjmp	.+2      	; 0x1aac <vfprintf+0x28a>
    1aaa:	51 2c       	mov	r5, r1
    1aac:	89 2d       	mov	r24, r9
    1aae:	89 70       	andi	r24, 0x09	; 9
    1ab0:	49 f4       	brne	.+18     	; 0x1ac4 <vfprintf+0x2a2>
    1ab2:	55 20       	and	r5, r5
    1ab4:	39 f0       	breq	.+14     	; 0x1ac4 <vfprintf+0x2a2>
    1ab6:	b7 01       	movw	r22, r14
    1ab8:	80 e2       	ldi	r24, 0x20	; 32
    1aba:	90 e0       	ldi	r25, 0x00	; 0
    1abc:	0e 94 fe 11 	call	0x23fc	; 0x23fc <fputc>
    1ac0:	5a 94       	dec	r5
    1ac2:	f7 cf       	rjmp	.-18     	; 0x1ab2 <vfprintf+0x290>
    1ac4:	00 23       	and	r16, r16
    1ac6:	29 f0       	breq	.+10     	; 0x1ad2 <vfprintf+0x2b0>
    1ac8:	b7 01       	movw	r22, r14
    1aca:	80 2f       	mov	r24, r16
    1acc:	90 e0       	ldi	r25, 0x00	; 0
    1ace:	0e 94 fe 11 	call	0x23fc	; 0x23fc <fputc>
    1ad2:	93 fc       	sbrc	r9, 3
    1ad4:	09 c0       	rjmp	.+18     	; 0x1ae8 <vfprintf+0x2c6>
    1ad6:	55 20       	and	r5, r5
    1ad8:	39 f0       	breq	.+14     	; 0x1ae8 <vfprintf+0x2c6>
    1ada:	b7 01       	movw	r22, r14
    1adc:	80 e3       	ldi	r24, 0x30	; 48
    1ade:	90 e0       	ldi	r25, 0x00	; 0
    1ae0:	0e 94 fe 11 	call	0x23fc	; 0x23fc <fputc>
    1ae4:	5a 94       	dec	r5
    1ae6:	f7 cf       	rjmp	.-18     	; 0x1ad6 <vfprintf+0x2b4>
    1ae8:	97 fe       	sbrs	r9, 7
    1aea:	4c c0       	rjmp	.+152    	; 0x1b84 <vfprintf+0x362>
    1aec:	46 01       	movw	r8, r12
    1aee:	d7 fe       	sbrs	r13, 7
    1af0:	02 c0       	rjmp	.+4      	; 0x1af6 <vfprintf+0x2d4>
    1af2:	81 2c       	mov	r8, r1
    1af4:	91 2c       	mov	r9, r1
    1af6:	c6 01       	movw	r24, r12
    1af8:	88 19       	sub	r24, r8
    1afa:	99 09       	sbc	r25, r9
    1afc:	f3 01       	movw	r30, r6
    1afe:	e8 0f       	add	r30, r24
    1b00:	f9 1f       	adc	r31, r25
    1b02:	ed 87       	std	Y+13, r30	; 0x0d
    1b04:	fe 87       	std	Y+14, r31	; 0x0e
    1b06:	96 01       	movw	r18, r12
    1b08:	24 19       	sub	r18, r4
    1b0a:	31 09       	sbc	r19, r1
    1b0c:	2f 87       	std	Y+15, r18	; 0x0f
    1b0e:	38 8b       	std	Y+16, r19	; 0x10
    1b10:	01 2f       	mov	r16, r17
    1b12:	10 e0       	ldi	r17, 0x00	; 0
    1b14:	11 95       	neg	r17
    1b16:	01 95       	neg	r16
    1b18:	11 09       	sbc	r17, r1
    1b1a:	3f ef       	ldi	r19, 0xFF	; 255
    1b1c:	83 16       	cp	r8, r19
    1b1e:	93 06       	cpc	r9, r19
    1b20:	29 f4       	brne	.+10     	; 0x1b2c <vfprintf+0x30a>
    1b22:	b7 01       	movw	r22, r14
    1b24:	8e e2       	ldi	r24, 0x2E	; 46
    1b26:	90 e0       	ldi	r25, 0x00	; 0
    1b28:	0e 94 fe 11 	call	0x23fc	; 0x23fc <fputc>
    1b2c:	c8 14       	cp	r12, r8
    1b2e:	d9 04       	cpc	r13, r9
    1b30:	4c f0       	brlt	.+18     	; 0x1b44 <vfprintf+0x322>
    1b32:	8f 85       	ldd	r24, Y+15	; 0x0f
    1b34:	98 89       	ldd	r25, Y+16	; 0x10
    1b36:	88 15       	cp	r24, r8
    1b38:	99 05       	cpc	r25, r9
    1b3a:	24 f4       	brge	.+8      	; 0x1b44 <vfprintf+0x322>
    1b3c:	ed 85       	ldd	r30, Y+13	; 0x0d
    1b3e:	fe 85       	ldd	r31, Y+14	; 0x0e
    1b40:	81 81       	ldd	r24, Z+1	; 0x01
    1b42:	01 c0       	rjmp	.+2      	; 0x1b46 <vfprintf+0x324>
    1b44:	80 e3       	ldi	r24, 0x30	; 48
    1b46:	f1 e0       	ldi	r31, 0x01	; 1
    1b48:	8f 1a       	sub	r8, r31
    1b4a:	91 08       	sbc	r9, r1
    1b4c:	2d 85       	ldd	r18, Y+13	; 0x0d
    1b4e:	3e 85       	ldd	r19, Y+14	; 0x0e
    1b50:	2f 5f       	subi	r18, 0xFF	; 255
    1b52:	3f 4f       	sbci	r19, 0xFF	; 255
    1b54:	2d 87       	std	Y+13, r18	; 0x0d
    1b56:	3e 87       	std	Y+14, r19	; 0x0e
    1b58:	80 16       	cp	r8, r16
    1b5a:	91 06       	cpc	r9, r17
    1b5c:	2c f0       	brlt	.+10     	; 0x1b68 <vfprintf+0x346>
    1b5e:	b7 01       	movw	r22, r14
    1b60:	90 e0       	ldi	r25, 0x00	; 0
    1b62:	0e 94 fe 11 	call	0x23fc	; 0x23fc <fputc>
    1b66:	d9 cf       	rjmp	.-78     	; 0x1b1a <vfprintf+0x2f8>
    1b68:	c8 14       	cp	r12, r8
    1b6a:	d9 04       	cpc	r13, r9
    1b6c:	41 f4       	brne	.+16     	; 0x1b7e <vfprintf+0x35c>
    1b6e:	9a 81       	ldd	r25, Y+2	; 0x02
    1b70:	96 33       	cpi	r25, 0x36	; 54
    1b72:	20 f4       	brcc	.+8      	; 0x1b7c <vfprintf+0x35a>
    1b74:	95 33       	cpi	r25, 0x35	; 53
    1b76:	19 f4       	brne	.+6      	; 0x1b7e <vfprintf+0x35c>
    1b78:	3c 85       	ldd	r19, Y+12	; 0x0c
    1b7a:	34 ff       	sbrs	r19, 4
    1b7c:	81 e3       	ldi	r24, 0x31	; 49
    1b7e:	b7 01       	movw	r22, r14
    1b80:	90 e0       	ldi	r25, 0x00	; 0
    1b82:	4e c0       	rjmp	.+156    	; 0x1c20 <vfprintf+0x3fe>
    1b84:	8a 81       	ldd	r24, Y+2	; 0x02
    1b86:	81 33       	cpi	r24, 0x31	; 49
    1b88:	19 f0       	breq	.+6      	; 0x1b90 <vfprintf+0x36e>
    1b8a:	9c 85       	ldd	r25, Y+12	; 0x0c
    1b8c:	9f 7e       	andi	r25, 0xEF	; 239
    1b8e:	9c 87       	std	Y+12, r25	; 0x0c
    1b90:	b7 01       	movw	r22, r14
    1b92:	90 e0       	ldi	r25, 0x00	; 0
    1b94:	0e 94 fe 11 	call	0x23fc	; 0x23fc <fputc>
    1b98:	11 11       	cpse	r17, r1
    1b9a:	05 c0       	rjmp	.+10     	; 0x1ba6 <vfprintf+0x384>
    1b9c:	94 fc       	sbrc	r9, 4
    1b9e:	18 c0       	rjmp	.+48     	; 0x1bd0 <vfprintf+0x3ae>
    1ba0:	85 e6       	ldi	r24, 0x65	; 101
    1ba2:	90 e0       	ldi	r25, 0x00	; 0
    1ba4:	17 c0       	rjmp	.+46     	; 0x1bd4 <vfprintf+0x3b2>
    1ba6:	b7 01       	movw	r22, r14
    1ba8:	8e e2       	ldi	r24, 0x2E	; 46
    1baa:	90 e0       	ldi	r25, 0x00	; 0
    1bac:	0e 94 fe 11 	call	0x23fc	; 0x23fc <fputc>
    1bb0:	1e 5f       	subi	r17, 0xFE	; 254
    1bb2:	82 e0       	ldi	r24, 0x02	; 2
    1bb4:	01 e0       	ldi	r16, 0x01	; 1
    1bb6:	08 0f       	add	r16, r24
    1bb8:	f3 01       	movw	r30, r6
    1bba:	e8 0f       	add	r30, r24
    1bbc:	f1 1d       	adc	r31, r1
    1bbe:	80 81       	ld	r24, Z
    1bc0:	b7 01       	movw	r22, r14
    1bc2:	90 e0       	ldi	r25, 0x00	; 0
    1bc4:	0e 94 fe 11 	call	0x23fc	; 0x23fc <fputc>
    1bc8:	80 2f       	mov	r24, r16
    1bca:	01 13       	cpse	r16, r17
    1bcc:	f3 cf       	rjmp	.-26     	; 0x1bb4 <vfprintf+0x392>
    1bce:	e6 cf       	rjmp	.-52     	; 0x1b9c <vfprintf+0x37a>
    1bd0:	85 e4       	ldi	r24, 0x45	; 69
    1bd2:	90 e0       	ldi	r25, 0x00	; 0
    1bd4:	b7 01       	movw	r22, r14
    1bd6:	0e 94 fe 11 	call	0x23fc	; 0x23fc <fputc>
    1bda:	d7 fc       	sbrc	r13, 7
    1bdc:	06 c0       	rjmp	.+12     	; 0x1bea <vfprintf+0x3c8>
    1bde:	c1 14       	cp	r12, r1
    1be0:	d1 04       	cpc	r13, r1
    1be2:	41 f4       	brne	.+16     	; 0x1bf4 <vfprintf+0x3d2>
    1be4:	ec 85       	ldd	r30, Y+12	; 0x0c
    1be6:	e4 ff       	sbrs	r30, 4
    1be8:	05 c0       	rjmp	.+10     	; 0x1bf4 <vfprintf+0x3d2>
    1bea:	d1 94       	neg	r13
    1bec:	c1 94       	neg	r12
    1bee:	d1 08       	sbc	r13, r1
    1bf0:	8d e2       	ldi	r24, 0x2D	; 45
    1bf2:	01 c0       	rjmp	.+2      	; 0x1bf6 <vfprintf+0x3d4>
    1bf4:	8b e2       	ldi	r24, 0x2B	; 43
    1bf6:	b7 01       	movw	r22, r14
    1bf8:	90 e0       	ldi	r25, 0x00	; 0
    1bfa:	0e 94 fe 11 	call	0x23fc	; 0x23fc <fputc>
    1bfe:	80 e3       	ldi	r24, 0x30	; 48
    1c00:	2a e0       	ldi	r18, 0x0A	; 10
    1c02:	c2 16       	cp	r12, r18
    1c04:	d1 04       	cpc	r13, r1
    1c06:	2c f0       	brlt	.+10     	; 0x1c12 <vfprintf+0x3f0>
    1c08:	8f 5f       	subi	r24, 0xFF	; 255
    1c0a:	fa e0       	ldi	r31, 0x0A	; 10
    1c0c:	cf 1a       	sub	r12, r31
    1c0e:	d1 08       	sbc	r13, r1
    1c10:	f7 cf       	rjmp	.-18     	; 0x1c00 <vfprintf+0x3de>
    1c12:	b7 01       	movw	r22, r14
    1c14:	90 e0       	ldi	r25, 0x00	; 0
    1c16:	0e 94 fe 11 	call	0x23fc	; 0x23fc <fputc>
    1c1a:	b7 01       	movw	r22, r14
    1c1c:	c6 01       	movw	r24, r12
    1c1e:	c0 96       	adiw	r24, 0x30	; 48
    1c20:	0e 94 fe 11 	call	0x23fc	; 0x23fc <fputc>
    1c24:	54 c1       	rjmp	.+680    	; 0x1ece <vfprintf+0x6ac>
    1c26:	83 36       	cpi	r24, 0x63	; 99
    1c28:	31 f0       	breq	.+12     	; 0x1c36 <vfprintf+0x414>
    1c2a:	83 37       	cpi	r24, 0x73	; 115
    1c2c:	79 f0       	breq	.+30     	; 0x1c4c <vfprintf+0x42a>
    1c2e:	83 35       	cpi	r24, 0x53	; 83
    1c30:	09 f0       	breq	.+2      	; 0x1c34 <vfprintf+0x412>
    1c32:	56 c0       	rjmp	.+172    	; 0x1ce0 <vfprintf+0x4be>
    1c34:	20 c0       	rjmp	.+64     	; 0x1c76 <vfprintf+0x454>
    1c36:	56 01       	movw	r10, r12
    1c38:	32 e0       	ldi	r19, 0x02	; 2
    1c3a:	a3 0e       	add	r10, r19
    1c3c:	b1 1c       	adc	r11, r1
    1c3e:	f6 01       	movw	r30, r12
    1c40:	80 81       	ld	r24, Z
    1c42:	89 83       	std	Y+1, r24	; 0x01
    1c44:	01 e0       	ldi	r16, 0x01	; 1
    1c46:	10 e0       	ldi	r17, 0x00	; 0
    1c48:	63 01       	movw	r12, r6
    1c4a:	12 c0       	rjmp	.+36     	; 0x1c70 <vfprintf+0x44e>
    1c4c:	56 01       	movw	r10, r12
    1c4e:	f2 e0       	ldi	r31, 0x02	; 2
    1c50:	af 0e       	add	r10, r31
    1c52:	b1 1c       	adc	r11, r1
    1c54:	f6 01       	movw	r30, r12
    1c56:	c0 80       	ld	r12, Z
    1c58:	d1 80       	ldd	r13, Z+1	; 0x01
    1c5a:	96 fe       	sbrs	r9, 6
    1c5c:	03 c0       	rjmp	.+6      	; 0x1c64 <vfprintf+0x442>
    1c5e:	61 2f       	mov	r22, r17
    1c60:	70 e0       	ldi	r23, 0x00	; 0
    1c62:	02 c0       	rjmp	.+4      	; 0x1c68 <vfprintf+0x446>
    1c64:	6f ef       	ldi	r22, 0xFF	; 255
    1c66:	7f ef       	ldi	r23, 0xFF	; 255
    1c68:	c6 01       	movw	r24, r12
    1c6a:	0e 94 f3 11 	call	0x23e6	; 0x23e6 <strnlen>
    1c6e:	8c 01       	movw	r16, r24
    1c70:	f9 2d       	mov	r31, r9
    1c72:	ff 77       	andi	r31, 0x7F	; 127
    1c74:	14 c0       	rjmp	.+40     	; 0x1c9e <vfprintf+0x47c>
    1c76:	56 01       	movw	r10, r12
    1c78:	22 e0       	ldi	r18, 0x02	; 2
    1c7a:	a2 0e       	add	r10, r18
    1c7c:	b1 1c       	adc	r11, r1
    1c7e:	f6 01       	movw	r30, r12
    1c80:	c0 80       	ld	r12, Z
    1c82:	d1 80       	ldd	r13, Z+1	; 0x01
    1c84:	96 fe       	sbrs	r9, 6
    1c86:	03 c0       	rjmp	.+6      	; 0x1c8e <vfprintf+0x46c>
    1c88:	61 2f       	mov	r22, r17
    1c8a:	70 e0       	ldi	r23, 0x00	; 0
    1c8c:	02 c0       	rjmp	.+4      	; 0x1c92 <vfprintf+0x470>
    1c8e:	6f ef       	ldi	r22, 0xFF	; 255
    1c90:	7f ef       	ldi	r23, 0xFF	; 255
    1c92:	c6 01       	movw	r24, r12
    1c94:	0e 94 e1 11 	call	0x23c2	; 0x23c2 <strnlen_P>
    1c98:	8c 01       	movw	r16, r24
    1c9a:	f9 2d       	mov	r31, r9
    1c9c:	f0 68       	ori	r31, 0x80	; 128
    1c9e:	9f 2e       	mov	r9, r31
    1ca0:	f3 fd       	sbrc	r31, 3
    1ca2:	1a c0       	rjmp	.+52     	; 0x1cd8 <vfprintf+0x4b6>
    1ca4:	85 2d       	mov	r24, r5
    1ca6:	90 e0       	ldi	r25, 0x00	; 0
    1ca8:	08 17       	cp	r16, r24
    1caa:	19 07       	cpc	r17, r25
    1cac:	a8 f4       	brcc	.+42     	; 0x1cd8 <vfprintf+0x4b6>
    1cae:	b7 01       	movw	r22, r14
    1cb0:	80 e2       	ldi	r24, 0x20	; 32
    1cb2:	90 e0       	ldi	r25, 0x00	; 0
    1cb4:	0e 94 fe 11 	call	0x23fc	; 0x23fc <fputc>
    1cb8:	5a 94       	dec	r5
    1cba:	f4 cf       	rjmp	.-24     	; 0x1ca4 <vfprintf+0x482>
    1cbc:	f6 01       	movw	r30, r12
    1cbe:	97 fc       	sbrc	r9, 7
    1cc0:	85 91       	lpm	r24, Z+
    1cc2:	97 fe       	sbrs	r9, 7
    1cc4:	81 91       	ld	r24, Z+
    1cc6:	6f 01       	movw	r12, r30
    1cc8:	b7 01       	movw	r22, r14
    1cca:	90 e0       	ldi	r25, 0x00	; 0
    1ccc:	0e 94 fe 11 	call	0x23fc	; 0x23fc <fputc>
    1cd0:	51 10       	cpse	r5, r1
    1cd2:	5a 94       	dec	r5
    1cd4:	01 50       	subi	r16, 0x01	; 1
    1cd6:	11 09       	sbc	r17, r1
    1cd8:	01 15       	cp	r16, r1
    1cda:	11 05       	cpc	r17, r1
    1cdc:	79 f7       	brne	.-34     	; 0x1cbc <vfprintf+0x49a>
    1cde:	f7 c0       	rjmp	.+494    	; 0x1ece <vfprintf+0x6ac>
    1ce0:	84 36       	cpi	r24, 0x64	; 100
    1ce2:	11 f0       	breq	.+4      	; 0x1ce8 <vfprintf+0x4c6>
    1ce4:	89 36       	cpi	r24, 0x69	; 105
    1ce6:	61 f5       	brne	.+88     	; 0x1d40 <vfprintf+0x51e>
    1ce8:	56 01       	movw	r10, r12
    1cea:	97 fe       	sbrs	r9, 7
    1cec:	09 c0       	rjmp	.+18     	; 0x1d00 <vfprintf+0x4de>
    1cee:	24 e0       	ldi	r18, 0x04	; 4
    1cf0:	a2 0e       	add	r10, r18
    1cf2:	b1 1c       	adc	r11, r1
    1cf4:	f6 01       	movw	r30, r12
    1cf6:	60 81       	ld	r22, Z
    1cf8:	71 81       	ldd	r23, Z+1	; 0x01
    1cfa:	82 81       	ldd	r24, Z+2	; 0x02
    1cfc:	93 81       	ldd	r25, Z+3	; 0x03
    1cfe:	0a c0       	rjmp	.+20     	; 0x1d14 <vfprintf+0x4f2>
    1d00:	f2 e0       	ldi	r31, 0x02	; 2
    1d02:	af 0e       	add	r10, r31
    1d04:	b1 1c       	adc	r11, r1
    1d06:	f6 01       	movw	r30, r12
    1d08:	60 81       	ld	r22, Z
    1d0a:	71 81       	ldd	r23, Z+1	; 0x01
    1d0c:	07 2e       	mov	r0, r23
    1d0e:	00 0c       	add	r0, r0
    1d10:	88 0b       	sbc	r24, r24
    1d12:	99 0b       	sbc	r25, r25
    1d14:	f9 2d       	mov	r31, r9
    1d16:	ff 76       	andi	r31, 0x6F	; 111
    1d18:	9f 2e       	mov	r9, r31
    1d1a:	97 ff       	sbrs	r25, 7
    1d1c:	09 c0       	rjmp	.+18     	; 0x1d30 <vfprintf+0x50e>
    1d1e:	90 95       	com	r25
    1d20:	80 95       	com	r24
    1d22:	70 95       	com	r23
    1d24:	61 95       	neg	r22
    1d26:	7f 4f       	sbci	r23, 0xFF	; 255
    1d28:	8f 4f       	sbci	r24, 0xFF	; 255
    1d2a:	9f 4f       	sbci	r25, 0xFF	; 255
    1d2c:	f0 68       	ori	r31, 0x80	; 128
    1d2e:	9f 2e       	mov	r9, r31
    1d30:	2a e0       	ldi	r18, 0x0A	; 10
    1d32:	30 e0       	ldi	r19, 0x00	; 0
    1d34:	a3 01       	movw	r20, r6
    1d36:	0e 94 4e 12 	call	0x249c	; 0x249c <__ultoa_invert>
    1d3a:	c8 2e       	mov	r12, r24
    1d3c:	c6 18       	sub	r12, r6
    1d3e:	3f c0       	rjmp	.+126    	; 0x1dbe <vfprintf+0x59c>
    1d40:	09 2d       	mov	r16, r9
    1d42:	85 37       	cpi	r24, 0x75	; 117
    1d44:	21 f4       	brne	.+8      	; 0x1d4e <vfprintf+0x52c>
    1d46:	0f 7e       	andi	r16, 0xEF	; 239
    1d48:	2a e0       	ldi	r18, 0x0A	; 10
    1d4a:	30 e0       	ldi	r19, 0x00	; 0
    1d4c:	1d c0       	rjmp	.+58     	; 0x1d88 <vfprintf+0x566>
    1d4e:	09 7f       	andi	r16, 0xF9	; 249
    1d50:	8f 36       	cpi	r24, 0x6F	; 111
    1d52:	91 f0       	breq	.+36     	; 0x1d78 <vfprintf+0x556>
    1d54:	18 f4       	brcc	.+6      	; 0x1d5c <vfprintf+0x53a>
    1d56:	88 35       	cpi	r24, 0x58	; 88
    1d58:	59 f0       	breq	.+22     	; 0x1d70 <vfprintf+0x54e>
    1d5a:	c3 c0       	rjmp	.+390    	; 0x1ee2 <vfprintf+0x6c0>
    1d5c:	80 37       	cpi	r24, 0x70	; 112
    1d5e:	19 f0       	breq	.+6      	; 0x1d66 <vfprintf+0x544>
    1d60:	88 37       	cpi	r24, 0x78	; 120
    1d62:	11 f0       	breq	.+4      	; 0x1d68 <vfprintf+0x546>
    1d64:	be c0       	rjmp	.+380    	; 0x1ee2 <vfprintf+0x6c0>
    1d66:	00 61       	ori	r16, 0x10	; 16
    1d68:	04 ff       	sbrs	r16, 4
    1d6a:	09 c0       	rjmp	.+18     	; 0x1d7e <vfprintf+0x55c>
    1d6c:	04 60       	ori	r16, 0x04	; 4
    1d6e:	07 c0       	rjmp	.+14     	; 0x1d7e <vfprintf+0x55c>
    1d70:	94 fe       	sbrs	r9, 4
    1d72:	08 c0       	rjmp	.+16     	; 0x1d84 <vfprintf+0x562>
    1d74:	06 60       	ori	r16, 0x06	; 6
    1d76:	06 c0       	rjmp	.+12     	; 0x1d84 <vfprintf+0x562>
    1d78:	28 e0       	ldi	r18, 0x08	; 8
    1d7a:	30 e0       	ldi	r19, 0x00	; 0
    1d7c:	05 c0       	rjmp	.+10     	; 0x1d88 <vfprintf+0x566>
    1d7e:	20 e1       	ldi	r18, 0x10	; 16
    1d80:	30 e0       	ldi	r19, 0x00	; 0
    1d82:	02 c0       	rjmp	.+4      	; 0x1d88 <vfprintf+0x566>
    1d84:	20 e1       	ldi	r18, 0x10	; 16
    1d86:	32 e0       	ldi	r19, 0x02	; 2
    1d88:	56 01       	movw	r10, r12
    1d8a:	07 ff       	sbrs	r16, 7
    1d8c:	09 c0       	rjmp	.+18     	; 0x1da0 <vfprintf+0x57e>
    1d8e:	84 e0       	ldi	r24, 0x04	; 4
    1d90:	a8 0e       	add	r10, r24
    1d92:	b1 1c       	adc	r11, r1
    1d94:	f6 01       	movw	r30, r12
    1d96:	60 81       	ld	r22, Z
    1d98:	71 81       	ldd	r23, Z+1	; 0x01
    1d9a:	82 81       	ldd	r24, Z+2	; 0x02
    1d9c:	93 81       	ldd	r25, Z+3	; 0x03
    1d9e:	08 c0       	rjmp	.+16     	; 0x1db0 <vfprintf+0x58e>
    1da0:	f2 e0       	ldi	r31, 0x02	; 2
    1da2:	af 0e       	add	r10, r31
    1da4:	b1 1c       	adc	r11, r1
    1da6:	f6 01       	movw	r30, r12
    1da8:	60 81       	ld	r22, Z
    1daa:	71 81       	ldd	r23, Z+1	; 0x01
    1dac:	80 e0       	ldi	r24, 0x00	; 0
    1dae:	90 e0       	ldi	r25, 0x00	; 0
    1db0:	a3 01       	movw	r20, r6
    1db2:	0e 94 4e 12 	call	0x249c	; 0x249c <__ultoa_invert>
    1db6:	c8 2e       	mov	r12, r24
    1db8:	c6 18       	sub	r12, r6
    1dba:	0f 77       	andi	r16, 0x7F	; 127
    1dbc:	90 2e       	mov	r9, r16
    1dbe:	96 fe       	sbrs	r9, 6
    1dc0:	0b c0       	rjmp	.+22     	; 0x1dd8 <vfprintf+0x5b6>
    1dc2:	09 2d       	mov	r16, r9
    1dc4:	0e 7f       	andi	r16, 0xFE	; 254
    1dc6:	c1 16       	cp	r12, r17
    1dc8:	50 f4       	brcc	.+20     	; 0x1dde <vfprintf+0x5bc>
    1dca:	94 fe       	sbrs	r9, 4
    1dcc:	0a c0       	rjmp	.+20     	; 0x1de2 <vfprintf+0x5c0>
    1dce:	92 fc       	sbrc	r9, 2
    1dd0:	08 c0       	rjmp	.+16     	; 0x1de2 <vfprintf+0x5c0>
    1dd2:	09 2d       	mov	r16, r9
    1dd4:	0e 7e       	andi	r16, 0xEE	; 238
    1dd6:	05 c0       	rjmp	.+10     	; 0x1de2 <vfprintf+0x5c0>
    1dd8:	dc 2c       	mov	r13, r12
    1dda:	09 2d       	mov	r16, r9
    1ddc:	03 c0       	rjmp	.+6      	; 0x1de4 <vfprintf+0x5c2>
    1dde:	dc 2c       	mov	r13, r12
    1de0:	01 c0       	rjmp	.+2      	; 0x1de4 <vfprintf+0x5c2>
    1de2:	d1 2e       	mov	r13, r17
    1de4:	04 ff       	sbrs	r16, 4
    1de6:	0d c0       	rjmp	.+26     	; 0x1e02 <vfprintf+0x5e0>
    1de8:	fe 01       	movw	r30, r28
    1dea:	ec 0d       	add	r30, r12
    1dec:	f1 1d       	adc	r31, r1
    1dee:	80 81       	ld	r24, Z
    1df0:	80 33       	cpi	r24, 0x30	; 48
    1df2:	11 f4       	brne	.+4      	; 0x1df8 <vfprintf+0x5d6>
    1df4:	09 7e       	andi	r16, 0xE9	; 233
    1df6:	09 c0       	rjmp	.+18     	; 0x1e0a <vfprintf+0x5e8>
    1df8:	02 ff       	sbrs	r16, 2
    1dfa:	06 c0       	rjmp	.+12     	; 0x1e08 <vfprintf+0x5e6>
    1dfc:	d3 94       	inc	r13
    1dfe:	d3 94       	inc	r13
    1e00:	04 c0       	rjmp	.+8      	; 0x1e0a <vfprintf+0x5e8>
    1e02:	80 2f       	mov	r24, r16
    1e04:	86 78       	andi	r24, 0x86	; 134
    1e06:	09 f0       	breq	.+2      	; 0x1e0a <vfprintf+0x5e8>
    1e08:	d3 94       	inc	r13
    1e0a:	03 fd       	sbrc	r16, 3
    1e0c:	11 c0       	rjmp	.+34     	; 0x1e30 <vfprintf+0x60e>
    1e0e:	00 ff       	sbrs	r16, 0
    1e10:	06 c0       	rjmp	.+12     	; 0x1e1e <vfprintf+0x5fc>
    1e12:	1c 2d       	mov	r17, r12
    1e14:	d5 14       	cp	r13, r5
    1e16:	80 f4       	brcc	.+32     	; 0x1e38 <vfprintf+0x616>
    1e18:	15 0d       	add	r17, r5
    1e1a:	1d 19       	sub	r17, r13
    1e1c:	0d c0       	rjmp	.+26     	; 0x1e38 <vfprintf+0x616>
    1e1e:	d5 14       	cp	r13, r5
    1e20:	58 f4       	brcc	.+22     	; 0x1e38 <vfprintf+0x616>
    1e22:	b7 01       	movw	r22, r14
    1e24:	80 e2       	ldi	r24, 0x20	; 32
    1e26:	90 e0       	ldi	r25, 0x00	; 0
    1e28:	0e 94 fe 11 	call	0x23fc	; 0x23fc <fputc>
    1e2c:	d3 94       	inc	r13
    1e2e:	f7 cf       	rjmp	.-18     	; 0x1e1e <vfprintf+0x5fc>
    1e30:	d5 14       	cp	r13, r5
    1e32:	10 f4       	brcc	.+4      	; 0x1e38 <vfprintf+0x616>
    1e34:	5d 18       	sub	r5, r13
    1e36:	01 c0       	rjmp	.+2      	; 0x1e3a <vfprintf+0x618>
    1e38:	51 2c       	mov	r5, r1
    1e3a:	04 ff       	sbrs	r16, 4
    1e3c:	10 c0       	rjmp	.+32     	; 0x1e5e <vfprintf+0x63c>
    1e3e:	b7 01       	movw	r22, r14
    1e40:	80 e3       	ldi	r24, 0x30	; 48
    1e42:	90 e0       	ldi	r25, 0x00	; 0
    1e44:	0e 94 fe 11 	call	0x23fc	; 0x23fc <fputc>
    1e48:	02 ff       	sbrs	r16, 2
    1e4a:	17 c0       	rjmp	.+46     	; 0x1e7a <vfprintf+0x658>
    1e4c:	01 fd       	sbrc	r16, 1
    1e4e:	03 c0       	rjmp	.+6      	; 0x1e56 <vfprintf+0x634>
    1e50:	88 e7       	ldi	r24, 0x78	; 120
    1e52:	90 e0       	ldi	r25, 0x00	; 0
    1e54:	02 c0       	rjmp	.+4      	; 0x1e5a <vfprintf+0x638>
    1e56:	88 e5       	ldi	r24, 0x58	; 88
    1e58:	90 e0       	ldi	r25, 0x00	; 0
    1e5a:	b7 01       	movw	r22, r14
    1e5c:	0c c0       	rjmp	.+24     	; 0x1e76 <vfprintf+0x654>
    1e5e:	80 2f       	mov	r24, r16
    1e60:	86 78       	andi	r24, 0x86	; 134
    1e62:	59 f0       	breq	.+22     	; 0x1e7a <vfprintf+0x658>
    1e64:	01 ff       	sbrs	r16, 1
    1e66:	02 c0       	rjmp	.+4      	; 0x1e6c <vfprintf+0x64a>
    1e68:	8b e2       	ldi	r24, 0x2B	; 43
    1e6a:	01 c0       	rjmp	.+2      	; 0x1e6e <vfprintf+0x64c>
    1e6c:	80 e2       	ldi	r24, 0x20	; 32
    1e6e:	07 fd       	sbrc	r16, 7
    1e70:	8d e2       	ldi	r24, 0x2D	; 45
    1e72:	b7 01       	movw	r22, r14
    1e74:	90 e0       	ldi	r25, 0x00	; 0
    1e76:	0e 94 fe 11 	call	0x23fc	; 0x23fc <fputc>
    1e7a:	c1 16       	cp	r12, r17
    1e7c:	38 f4       	brcc	.+14     	; 0x1e8c <vfprintf+0x66a>
    1e7e:	b7 01       	movw	r22, r14
    1e80:	80 e3       	ldi	r24, 0x30	; 48
    1e82:	90 e0       	ldi	r25, 0x00	; 0
    1e84:	0e 94 fe 11 	call	0x23fc	; 0x23fc <fputc>
    1e88:	11 50       	subi	r17, 0x01	; 1
    1e8a:	f7 cf       	rjmp	.-18     	; 0x1e7a <vfprintf+0x658>
    1e8c:	ca 94       	dec	r12
    1e8e:	f3 01       	movw	r30, r6
    1e90:	ec 0d       	add	r30, r12
    1e92:	f1 1d       	adc	r31, r1
    1e94:	80 81       	ld	r24, Z
    1e96:	b7 01       	movw	r22, r14
    1e98:	90 e0       	ldi	r25, 0x00	; 0
    1e9a:	0e 94 fe 11 	call	0x23fc	; 0x23fc <fputc>
    1e9e:	c1 10       	cpse	r12, r1
    1ea0:	f5 cf       	rjmp	.-22     	; 0x1e8c <vfprintf+0x66a>
    1ea2:	15 c0       	rjmp	.+42     	; 0x1ece <vfprintf+0x6ac>
    1ea4:	f4 e0       	ldi	r31, 0x04	; 4
    1ea6:	f5 15       	cp	r31, r5
    1ea8:	60 f5       	brcc	.+88     	; 0x1f02 <vfprintf+0x6e0>
    1eaa:	84 e0       	ldi	r24, 0x04	; 4
    1eac:	58 1a       	sub	r5, r24
    1eae:	93 fe       	sbrs	r9, 3
    1eb0:	1f c0       	rjmp	.+62     	; 0x1ef0 <vfprintf+0x6ce>
    1eb2:	01 11       	cpse	r16, r1
    1eb4:	27 c0       	rjmp	.+78     	; 0x1f04 <vfprintf+0x6e2>
    1eb6:	2c 85       	ldd	r18, Y+12	; 0x0c
    1eb8:	23 ff       	sbrs	r18, 3
    1eba:	2a c0       	rjmp	.+84     	; 0x1f10 <vfprintf+0x6ee>
    1ebc:	0c e0       	ldi	r16, 0x0C	; 12
    1ebe:	12 e0       	ldi	r17, 0x02	; 2
    1ec0:	39 2d       	mov	r19, r9
    1ec2:	30 71       	andi	r19, 0x10	; 16
    1ec4:	93 2e       	mov	r9, r19
    1ec6:	f8 01       	movw	r30, r16
    1ec8:	84 91       	lpm	r24, Z
    1eca:	81 11       	cpse	r24, r1
    1ecc:	24 c0       	rjmp	.+72     	; 0x1f16 <vfprintf+0x6f4>
    1ece:	55 20       	and	r5, r5
    1ed0:	09 f4       	brne	.+2      	; 0x1ed4 <vfprintf+0x6b2>
    1ed2:	e4 cc       	rjmp	.-1592   	; 0x189c <vfprintf+0x7a>
    1ed4:	b7 01       	movw	r22, r14
    1ed6:	80 e2       	ldi	r24, 0x20	; 32
    1ed8:	90 e0       	ldi	r25, 0x00	; 0
    1eda:	0e 94 fe 11 	call	0x23fc	; 0x23fc <fputc>
    1ede:	5a 94       	dec	r5
    1ee0:	f6 cf       	rjmp	.-20     	; 0x1ece <vfprintf+0x6ac>
    1ee2:	f7 01       	movw	r30, r14
    1ee4:	86 81       	ldd	r24, Z+6	; 0x06
    1ee6:	97 81       	ldd	r25, Z+7	; 0x07
    1ee8:	26 c0       	rjmp	.+76     	; 0x1f36 <vfprintf+0x714>
    1eea:	8f ef       	ldi	r24, 0xFF	; 255
    1eec:	9f ef       	ldi	r25, 0xFF	; 255
    1eee:	23 c0       	rjmp	.+70     	; 0x1f36 <vfprintf+0x714>
    1ef0:	b7 01       	movw	r22, r14
    1ef2:	80 e2       	ldi	r24, 0x20	; 32
    1ef4:	90 e0       	ldi	r25, 0x00	; 0
    1ef6:	0e 94 fe 11 	call	0x23fc	; 0x23fc <fputc>
    1efa:	5a 94       	dec	r5
    1efc:	51 10       	cpse	r5, r1
    1efe:	f8 cf       	rjmp	.-16     	; 0x1ef0 <vfprintf+0x6ce>
    1f00:	d8 cf       	rjmp	.-80     	; 0x1eb2 <vfprintf+0x690>
    1f02:	51 2c       	mov	r5, r1
    1f04:	b7 01       	movw	r22, r14
    1f06:	80 2f       	mov	r24, r16
    1f08:	90 e0       	ldi	r25, 0x00	; 0
    1f0a:	0e 94 fe 11 	call	0x23fc	; 0x23fc <fputc>
    1f0e:	d3 cf       	rjmp	.-90     	; 0x1eb6 <vfprintf+0x694>
    1f10:	00 e1       	ldi	r16, 0x10	; 16
    1f12:	12 e0       	ldi	r17, 0x02	; 2
    1f14:	d5 cf       	rjmp	.-86     	; 0x1ec0 <vfprintf+0x69e>
    1f16:	91 10       	cpse	r9, r1
    1f18:	80 52       	subi	r24, 0x20	; 32
    1f1a:	b7 01       	movw	r22, r14
    1f1c:	90 e0       	ldi	r25, 0x00	; 0
    1f1e:	0e 94 fe 11 	call	0x23fc	; 0x23fc <fputc>
    1f22:	0f 5f       	subi	r16, 0xFF	; 255
    1f24:	1f 4f       	sbci	r17, 0xFF	; 255
    1f26:	cf cf       	rjmp	.-98     	; 0x1ec6 <vfprintf+0x6a4>
    1f28:	23 e0       	ldi	r18, 0x03	; 3
    1f2a:	25 15       	cp	r18, r5
    1f2c:	10 f4       	brcc	.+4      	; 0x1f32 <vfprintf+0x710>
    1f2e:	83 e0       	ldi	r24, 0x03	; 3
    1f30:	bd cf       	rjmp	.-134    	; 0x1eac <vfprintf+0x68a>
    1f32:	51 2c       	mov	r5, r1
    1f34:	c0 cf       	rjmp	.-128    	; 0x1eb6 <vfprintf+0x694>
    1f36:	60 96       	adiw	r28, 0x10	; 16
    1f38:	cd bf       	out	0x3d, r28	; 61
    1f3a:	de bf       	out	0x3e, r29	; 62
    1f3c:	df 91       	pop	r29
    1f3e:	cf 91       	pop	r28
    1f40:	1f 91       	pop	r17
    1f42:	0f 91       	pop	r16
    1f44:	ff 90       	pop	r15
    1f46:	ef 90       	pop	r14
    1f48:	df 90       	pop	r13
    1f4a:	cf 90       	pop	r12
    1f4c:	bf 90       	pop	r11
    1f4e:	af 90       	pop	r10
    1f50:	9f 90       	pop	r9
    1f52:	8f 90       	pop	r8
    1f54:	7f 90       	pop	r7
    1f56:	6f 90       	pop	r6
    1f58:	5f 90       	pop	r5
    1f5a:	4f 90       	pop	r4
    1f5c:	3f 90       	pop	r3
    1f5e:	2f 90       	pop	r2
    1f60:	08 95       	ret

00001f62 <__udivmodhi4>:
    1f62:	aa 1b       	sub	r26, r26
    1f64:	bb 1b       	sub	r27, r27
    1f66:	51 e1       	ldi	r21, 0x11	; 17
    1f68:	07 c0       	rjmp	.+14     	; 0x1f78 <__udivmodhi4_ep>

00001f6a <__udivmodhi4_loop>:
    1f6a:	aa 1f       	adc	r26, r26
    1f6c:	bb 1f       	adc	r27, r27
    1f6e:	a6 17       	cp	r26, r22
    1f70:	b7 07       	cpc	r27, r23
    1f72:	10 f0       	brcs	.+4      	; 0x1f78 <__udivmodhi4_ep>
    1f74:	a6 1b       	sub	r26, r22
    1f76:	b7 0b       	sbc	r27, r23

00001f78 <__udivmodhi4_ep>:
    1f78:	88 1f       	adc	r24, r24
    1f7a:	99 1f       	adc	r25, r25
    1f7c:	5a 95       	dec	r21
    1f7e:	a9 f7       	brne	.-22     	; 0x1f6a <__udivmodhi4_loop>
    1f80:	80 95       	com	r24
    1f82:	90 95       	com	r25
    1f84:	bc 01       	movw	r22, r24
    1f86:	cd 01       	movw	r24, r26
    1f88:	08 95       	ret

00001f8a <__divmodhi4>:
    1f8a:	97 fb       	bst	r25, 7
    1f8c:	07 2e       	mov	r0, r23
    1f8e:	16 f4       	brtc	.+4      	; 0x1f94 <__divmodhi4+0xa>
    1f90:	00 94       	com	r0
    1f92:	07 d0       	rcall	.+14     	; 0x1fa2 <__divmodhi4_neg1>
    1f94:	77 fd       	sbrc	r23, 7
    1f96:	09 d0       	rcall	.+18     	; 0x1faa <__divmodhi4_neg2>
    1f98:	0e 94 b1 0f 	call	0x1f62	; 0x1f62 <__udivmodhi4>
    1f9c:	07 fc       	sbrc	r0, 7
    1f9e:	05 d0       	rcall	.+10     	; 0x1faa <__divmodhi4_neg2>
    1fa0:	3e f4       	brtc	.+14     	; 0x1fb0 <__divmodhi4_exit>

00001fa2 <__divmodhi4_neg1>:
    1fa2:	90 95       	com	r25
    1fa4:	81 95       	neg	r24
    1fa6:	9f 4f       	sbci	r25, 0xFF	; 255
    1fa8:	08 95       	ret

00001faa <__divmodhi4_neg2>:
    1faa:	70 95       	com	r23
    1fac:	61 95       	neg	r22
    1fae:	7f 4f       	sbci	r23, 0xFF	; 255

00001fb0 <__divmodhi4_exit>:
    1fb0:	08 95       	ret

00001fb2 <__umulhisi3>:
    1fb2:	a2 9f       	mul	r26, r18
    1fb4:	b0 01       	movw	r22, r0
    1fb6:	b3 9f       	mul	r27, r19
    1fb8:	c0 01       	movw	r24, r0
    1fba:	a3 9f       	mul	r26, r19
    1fbc:	70 0d       	add	r23, r0
    1fbe:	81 1d       	adc	r24, r1
    1fc0:	11 24       	eor	r1, r1
    1fc2:	91 1d       	adc	r25, r1
    1fc4:	b2 9f       	mul	r27, r18
    1fc6:	70 0d       	add	r23, r0
    1fc8:	81 1d       	adc	r24, r1
    1fca:	11 24       	eor	r1, r1
    1fcc:	91 1d       	adc	r25, r1
    1fce:	08 95       	ret

00001fd0 <malloc>:
    1fd0:	0f 93       	push	r16
    1fd2:	1f 93       	push	r17
    1fd4:	cf 93       	push	r28
    1fd6:	df 93       	push	r29
    1fd8:	82 30       	cpi	r24, 0x02	; 2
    1fda:	91 05       	cpc	r25, r1
    1fdc:	10 f4       	brcc	.+4      	; 0x1fe2 <malloc+0x12>
    1fde:	82 e0       	ldi	r24, 0x02	; 2
    1fe0:	90 e0       	ldi	r25, 0x00	; 0
    1fe2:	e0 91 5a 22 	lds	r30, 0x225A	; 0x80225a <__flp>
    1fe6:	f0 91 5b 22 	lds	r31, 0x225B	; 0x80225b <__flp+0x1>
    1fea:	20 e0       	ldi	r18, 0x00	; 0
    1fec:	30 e0       	ldi	r19, 0x00	; 0
    1fee:	a0 e0       	ldi	r26, 0x00	; 0
    1ff0:	b0 e0       	ldi	r27, 0x00	; 0
    1ff2:	30 97       	sbiw	r30, 0x00	; 0
    1ff4:	19 f1       	breq	.+70     	; 0x203c <malloc+0x6c>
    1ff6:	40 81       	ld	r20, Z
    1ff8:	51 81       	ldd	r21, Z+1	; 0x01
    1ffa:	02 81       	ldd	r16, Z+2	; 0x02
    1ffc:	13 81       	ldd	r17, Z+3	; 0x03
    1ffe:	48 17       	cp	r20, r24
    2000:	59 07       	cpc	r21, r25
    2002:	c8 f0       	brcs	.+50     	; 0x2036 <malloc+0x66>
    2004:	84 17       	cp	r24, r20
    2006:	95 07       	cpc	r25, r21
    2008:	69 f4       	brne	.+26     	; 0x2024 <malloc+0x54>
    200a:	10 97       	sbiw	r26, 0x00	; 0
    200c:	31 f0       	breq	.+12     	; 0x201a <malloc+0x4a>
    200e:	12 96       	adiw	r26, 0x02	; 2
    2010:	0c 93       	st	X, r16
    2012:	12 97       	sbiw	r26, 0x02	; 2
    2014:	13 96       	adiw	r26, 0x03	; 3
    2016:	1c 93       	st	X, r17
    2018:	27 c0       	rjmp	.+78     	; 0x2068 <malloc+0x98>
    201a:	00 93 5a 22 	sts	0x225A, r16	; 0x80225a <__flp>
    201e:	10 93 5b 22 	sts	0x225B, r17	; 0x80225b <__flp+0x1>
    2022:	22 c0       	rjmp	.+68     	; 0x2068 <malloc+0x98>
    2024:	21 15       	cp	r18, r1
    2026:	31 05       	cpc	r19, r1
    2028:	19 f0       	breq	.+6      	; 0x2030 <malloc+0x60>
    202a:	42 17       	cp	r20, r18
    202c:	53 07       	cpc	r21, r19
    202e:	18 f4       	brcc	.+6      	; 0x2036 <malloc+0x66>
    2030:	9a 01       	movw	r18, r20
    2032:	bd 01       	movw	r22, r26
    2034:	ef 01       	movw	r28, r30
    2036:	df 01       	movw	r26, r30
    2038:	f8 01       	movw	r30, r16
    203a:	db cf       	rjmp	.-74     	; 0x1ff2 <malloc+0x22>
    203c:	21 15       	cp	r18, r1
    203e:	31 05       	cpc	r19, r1
    2040:	f9 f0       	breq	.+62     	; 0x2080 <malloc+0xb0>
    2042:	28 1b       	sub	r18, r24
    2044:	39 0b       	sbc	r19, r25
    2046:	24 30       	cpi	r18, 0x04	; 4
    2048:	31 05       	cpc	r19, r1
    204a:	80 f4       	brcc	.+32     	; 0x206c <malloc+0x9c>
    204c:	8a 81       	ldd	r24, Y+2	; 0x02
    204e:	9b 81       	ldd	r25, Y+3	; 0x03
    2050:	61 15       	cp	r22, r1
    2052:	71 05       	cpc	r23, r1
    2054:	21 f0       	breq	.+8      	; 0x205e <malloc+0x8e>
    2056:	fb 01       	movw	r30, r22
    2058:	82 83       	std	Z+2, r24	; 0x02
    205a:	93 83       	std	Z+3, r25	; 0x03
    205c:	04 c0       	rjmp	.+8      	; 0x2066 <malloc+0x96>
    205e:	80 93 5a 22 	sts	0x225A, r24	; 0x80225a <__flp>
    2062:	90 93 5b 22 	sts	0x225B, r25	; 0x80225b <__flp+0x1>
    2066:	fe 01       	movw	r30, r28
    2068:	32 96       	adiw	r30, 0x02	; 2
    206a:	44 c0       	rjmp	.+136    	; 0x20f4 <malloc+0x124>
    206c:	fe 01       	movw	r30, r28
    206e:	e2 0f       	add	r30, r18
    2070:	f3 1f       	adc	r31, r19
    2072:	81 93       	st	Z+, r24
    2074:	91 93       	st	Z+, r25
    2076:	22 50       	subi	r18, 0x02	; 2
    2078:	31 09       	sbc	r19, r1
    207a:	28 83       	st	Y, r18
    207c:	39 83       	std	Y+1, r19	; 0x01
    207e:	3a c0       	rjmp	.+116    	; 0x20f4 <malloc+0x124>
    2080:	20 91 58 22 	lds	r18, 0x2258	; 0x802258 <__brkval>
    2084:	30 91 59 22 	lds	r19, 0x2259	; 0x802259 <__brkval+0x1>
    2088:	23 2b       	or	r18, r19
    208a:	41 f4       	brne	.+16     	; 0x209c <malloc+0xcc>
    208c:	20 91 02 20 	lds	r18, 0x2002	; 0x802002 <__malloc_heap_start>
    2090:	30 91 03 20 	lds	r19, 0x2003	; 0x802003 <__malloc_heap_start+0x1>
    2094:	20 93 58 22 	sts	0x2258, r18	; 0x802258 <__brkval>
    2098:	30 93 59 22 	sts	0x2259, r19	; 0x802259 <__brkval+0x1>
    209c:	20 91 00 20 	lds	r18, 0x2000	; 0x802000 <__DATA_REGION_ORIGIN__>
    20a0:	30 91 01 20 	lds	r19, 0x2001	; 0x802001 <__DATA_REGION_ORIGIN__+0x1>
    20a4:	21 15       	cp	r18, r1
    20a6:	31 05       	cpc	r19, r1
    20a8:	41 f4       	brne	.+16     	; 0x20ba <malloc+0xea>
    20aa:	2d b7       	in	r18, 0x3d	; 61
    20ac:	3e b7       	in	r19, 0x3e	; 62
    20ae:	40 91 04 20 	lds	r20, 0x2004	; 0x802004 <__malloc_margin>
    20b2:	50 91 05 20 	lds	r21, 0x2005	; 0x802005 <__malloc_margin+0x1>
    20b6:	24 1b       	sub	r18, r20
    20b8:	35 0b       	sbc	r19, r21
    20ba:	e0 91 58 22 	lds	r30, 0x2258	; 0x802258 <__brkval>
    20be:	f0 91 59 22 	lds	r31, 0x2259	; 0x802259 <__brkval+0x1>
    20c2:	e2 17       	cp	r30, r18
    20c4:	f3 07       	cpc	r31, r19
    20c6:	a0 f4       	brcc	.+40     	; 0x20f0 <malloc+0x120>
    20c8:	2e 1b       	sub	r18, r30
    20ca:	3f 0b       	sbc	r19, r31
    20cc:	28 17       	cp	r18, r24
    20ce:	39 07       	cpc	r19, r25
    20d0:	78 f0       	brcs	.+30     	; 0x20f0 <malloc+0x120>
    20d2:	ac 01       	movw	r20, r24
    20d4:	4e 5f       	subi	r20, 0xFE	; 254
    20d6:	5f 4f       	sbci	r21, 0xFF	; 255
    20d8:	24 17       	cp	r18, r20
    20da:	35 07       	cpc	r19, r21
    20dc:	48 f0       	brcs	.+18     	; 0x20f0 <malloc+0x120>
    20de:	4e 0f       	add	r20, r30
    20e0:	5f 1f       	adc	r21, r31
    20e2:	40 93 58 22 	sts	0x2258, r20	; 0x802258 <__brkval>
    20e6:	50 93 59 22 	sts	0x2259, r21	; 0x802259 <__brkval+0x1>
    20ea:	81 93       	st	Z+, r24
    20ec:	91 93       	st	Z+, r25
    20ee:	02 c0       	rjmp	.+4      	; 0x20f4 <malloc+0x124>
    20f0:	e0 e0       	ldi	r30, 0x00	; 0
    20f2:	f0 e0       	ldi	r31, 0x00	; 0
    20f4:	cf 01       	movw	r24, r30
    20f6:	df 91       	pop	r29
    20f8:	cf 91       	pop	r28
    20fa:	1f 91       	pop	r17
    20fc:	0f 91       	pop	r16
    20fe:	08 95       	ret

00002100 <free>:
    2100:	cf 93       	push	r28
    2102:	df 93       	push	r29
    2104:	00 97       	sbiw	r24, 0x00	; 0
    2106:	09 f4       	brne	.+2      	; 0x210a <free+0xa>
    2108:	81 c0       	rjmp	.+258    	; 0x220c <free+0x10c>
    210a:	fc 01       	movw	r30, r24
    210c:	32 97       	sbiw	r30, 0x02	; 2
    210e:	12 82       	std	Z+2, r1	; 0x02
    2110:	13 82       	std	Z+3, r1	; 0x03
    2112:	a0 91 5a 22 	lds	r26, 0x225A	; 0x80225a <__flp>
    2116:	b0 91 5b 22 	lds	r27, 0x225B	; 0x80225b <__flp+0x1>
    211a:	10 97       	sbiw	r26, 0x00	; 0
    211c:	81 f4       	brne	.+32     	; 0x213e <free+0x3e>
    211e:	20 81       	ld	r18, Z
    2120:	31 81       	ldd	r19, Z+1	; 0x01
    2122:	82 0f       	add	r24, r18
    2124:	93 1f       	adc	r25, r19
    2126:	20 91 58 22 	lds	r18, 0x2258	; 0x802258 <__brkval>
    212a:	30 91 59 22 	lds	r19, 0x2259	; 0x802259 <__brkval+0x1>
    212e:	28 17       	cp	r18, r24
    2130:	39 07       	cpc	r19, r25
    2132:	51 f5       	brne	.+84     	; 0x2188 <free+0x88>
    2134:	e0 93 58 22 	sts	0x2258, r30	; 0x802258 <__brkval>
    2138:	f0 93 59 22 	sts	0x2259, r31	; 0x802259 <__brkval+0x1>
    213c:	67 c0       	rjmp	.+206    	; 0x220c <free+0x10c>
    213e:	ed 01       	movw	r28, r26
    2140:	20 e0       	ldi	r18, 0x00	; 0
    2142:	30 e0       	ldi	r19, 0x00	; 0
    2144:	ce 17       	cp	r28, r30
    2146:	df 07       	cpc	r29, r31
    2148:	40 f4       	brcc	.+16     	; 0x215a <free+0x5a>
    214a:	4a 81       	ldd	r20, Y+2	; 0x02
    214c:	5b 81       	ldd	r21, Y+3	; 0x03
    214e:	9e 01       	movw	r18, r28
    2150:	41 15       	cp	r20, r1
    2152:	51 05       	cpc	r21, r1
    2154:	f1 f0       	breq	.+60     	; 0x2192 <free+0x92>
    2156:	ea 01       	movw	r28, r20
    2158:	f5 cf       	rjmp	.-22     	; 0x2144 <free+0x44>
    215a:	c2 83       	std	Z+2, r28	; 0x02
    215c:	d3 83       	std	Z+3, r29	; 0x03
    215e:	40 81       	ld	r20, Z
    2160:	51 81       	ldd	r21, Z+1	; 0x01
    2162:	84 0f       	add	r24, r20
    2164:	95 1f       	adc	r25, r21
    2166:	c8 17       	cp	r28, r24
    2168:	d9 07       	cpc	r29, r25
    216a:	59 f4       	brne	.+22     	; 0x2182 <free+0x82>
    216c:	88 81       	ld	r24, Y
    216e:	99 81       	ldd	r25, Y+1	; 0x01
    2170:	84 0f       	add	r24, r20
    2172:	95 1f       	adc	r25, r21
    2174:	02 96       	adiw	r24, 0x02	; 2
    2176:	80 83       	st	Z, r24
    2178:	91 83       	std	Z+1, r25	; 0x01
    217a:	8a 81       	ldd	r24, Y+2	; 0x02
    217c:	9b 81       	ldd	r25, Y+3	; 0x03
    217e:	82 83       	std	Z+2, r24	; 0x02
    2180:	93 83       	std	Z+3, r25	; 0x03
    2182:	21 15       	cp	r18, r1
    2184:	31 05       	cpc	r19, r1
    2186:	29 f4       	brne	.+10     	; 0x2192 <free+0x92>
    2188:	e0 93 5a 22 	sts	0x225A, r30	; 0x80225a <__flp>
    218c:	f0 93 5b 22 	sts	0x225B, r31	; 0x80225b <__flp+0x1>
    2190:	3d c0       	rjmp	.+122    	; 0x220c <free+0x10c>
    2192:	e9 01       	movw	r28, r18
    2194:	ea 83       	std	Y+2, r30	; 0x02
    2196:	fb 83       	std	Y+3, r31	; 0x03
    2198:	49 91       	ld	r20, Y+
    219a:	59 91       	ld	r21, Y+
    219c:	c4 0f       	add	r28, r20
    219e:	d5 1f       	adc	r29, r21
    21a0:	ec 17       	cp	r30, r28
    21a2:	fd 07       	cpc	r31, r29
    21a4:	61 f4       	brne	.+24     	; 0x21be <free+0xbe>
    21a6:	80 81       	ld	r24, Z
    21a8:	91 81       	ldd	r25, Z+1	; 0x01
    21aa:	84 0f       	add	r24, r20
    21ac:	95 1f       	adc	r25, r21
    21ae:	02 96       	adiw	r24, 0x02	; 2
    21b0:	e9 01       	movw	r28, r18
    21b2:	88 83       	st	Y, r24
    21b4:	99 83       	std	Y+1, r25	; 0x01
    21b6:	82 81       	ldd	r24, Z+2	; 0x02
    21b8:	93 81       	ldd	r25, Z+3	; 0x03
    21ba:	8a 83       	std	Y+2, r24	; 0x02
    21bc:	9b 83       	std	Y+3, r25	; 0x03
    21be:	e0 e0       	ldi	r30, 0x00	; 0
    21c0:	f0 e0       	ldi	r31, 0x00	; 0
    21c2:	12 96       	adiw	r26, 0x02	; 2
    21c4:	8d 91       	ld	r24, X+
    21c6:	9c 91       	ld	r25, X
    21c8:	13 97       	sbiw	r26, 0x03	; 3
    21ca:	00 97       	sbiw	r24, 0x00	; 0
    21cc:	19 f0       	breq	.+6      	; 0x21d4 <free+0xd4>
    21ce:	fd 01       	movw	r30, r26
    21d0:	dc 01       	movw	r26, r24
    21d2:	f7 cf       	rjmp	.-18     	; 0x21c2 <free+0xc2>
    21d4:	8d 91       	ld	r24, X+
    21d6:	9c 91       	ld	r25, X
    21d8:	11 97       	sbiw	r26, 0x01	; 1
    21da:	9d 01       	movw	r18, r26
    21dc:	2e 5f       	subi	r18, 0xFE	; 254
    21de:	3f 4f       	sbci	r19, 0xFF	; 255
    21e0:	82 0f       	add	r24, r18
    21e2:	93 1f       	adc	r25, r19
    21e4:	20 91 58 22 	lds	r18, 0x2258	; 0x802258 <__brkval>
    21e8:	30 91 59 22 	lds	r19, 0x2259	; 0x802259 <__brkval+0x1>
    21ec:	28 17       	cp	r18, r24
    21ee:	39 07       	cpc	r19, r25
    21f0:	69 f4       	brne	.+26     	; 0x220c <free+0x10c>
    21f2:	30 97       	sbiw	r30, 0x00	; 0
    21f4:	29 f4       	brne	.+10     	; 0x2200 <free+0x100>
    21f6:	10 92 5a 22 	sts	0x225A, r1	; 0x80225a <__flp>
    21fa:	10 92 5b 22 	sts	0x225B, r1	; 0x80225b <__flp+0x1>
    21fe:	02 c0       	rjmp	.+4      	; 0x2204 <free+0x104>
    2200:	12 82       	std	Z+2, r1	; 0x02
    2202:	13 82       	std	Z+3, r1	; 0x03
    2204:	a0 93 58 22 	sts	0x2258, r26	; 0x802258 <__brkval>
    2208:	b0 93 59 22 	sts	0x2259, r27	; 0x802259 <__brkval+0x1>
    220c:	df 91       	pop	r29
    220e:	cf 91       	pop	r28
    2210:	08 95       	ret

00002212 <__ftoa_engine>:
    2212:	28 30       	cpi	r18, 0x08	; 8
    2214:	08 f0       	brcs	.+2      	; 0x2218 <__ftoa_engine+0x6>
    2216:	27 e0       	ldi	r18, 0x07	; 7
    2218:	33 27       	eor	r19, r19
    221a:	da 01       	movw	r26, r20
    221c:	99 0f       	add	r25, r25
    221e:	31 1d       	adc	r19, r1
    2220:	87 fd       	sbrc	r24, 7
    2222:	91 60       	ori	r25, 0x01	; 1
    2224:	00 96       	adiw	r24, 0x00	; 0
    2226:	61 05       	cpc	r22, r1
    2228:	71 05       	cpc	r23, r1
    222a:	39 f4       	brne	.+14     	; 0x223a <__ftoa_engine+0x28>
    222c:	32 60       	ori	r19, 0x02	; 2
    222e:	2e 5f       	subi	r18, 0xFE	; 254
    2230:	3d 93       	st	X+, r19
    2232:	30 e3       	ldi	r19, 0x30	; 48
    2234:	2a 95       	dec	r18
    2236:	e1 f7       	brne	.-8      	; 0x2230 <__ftoa_engine+0x1e>
    2238:	08 95       	ret
    223a:	9f 3f       	cpi	r25, 0xFF	; 255
    223c:	30 f0       	brcs	.+12     	; 0x224a <__ftoa_engine+0x38>
    223e:	80 38       	cpi	r24, 0x80	; 128
    2240:	71 05       	cpc	r23, r1
    2242:	61 05       	cpc	r22, r1
    2244:	09 f0       	breq	.+2      	; 0x2248 <__ftoa_engine+0x36>
    2246:	3c 5f       	subi	r19, 0xFC	; 252
    2248:	3c 5f       	subi	r19, 0xFC	; 252
    224a:	3d 93       	st	X+, r19
    224c:	91 30       	cpi	r25, 0x01	; 1
    224e:	08 f0       	brcs	.+2      	; 0x2252 <__ftoa_engine+0x40>
    2250:	80 68       	ori	r24, 0x80	; 128
    2252:	91 1d       	adc	r25, r1
    2254:	df 93       	push	r29
    2256:	cf 93       	push	r28
    2258:	1f 93       	push	r17
    225a:	0f 93       	push	r16
    225c:	ff 92       	push	r15
    225e:	ef 92       	push	r14
    2260:	19 2f       	mov	r17, r25
    2262:	98 7f       	andi	r25, 0xF8	; 248
    2264:	96 95       	lsr	r25
    2266:	e9 2f       	mov	r30, r25
    2268:	96 95       	lsr	r25
    226a:	96 95       	lsr	r25
    226c:	e9 0f       	add	r30, r25
    226e:	ff 27       	eor	r31, r31
    2270:	e2 59       	subi	r30, 0x92	; 146
    2272:	fd 4f       	sbci	r31, 0xFD	; 253
    2274:	99 27       	eor	r25, r25
    2276:	33 27       	eor	r19, r19
    2278:	ee 24       	eor	r14, r14
    227a:	ff 24       	eor	r15, r15
    227c:	a7 01       	movw	r20, r14
    227e:	e7 01       	movw	r28, r14
    2280:	05 90       	lpm	r0, Z+
    2282:	08 94       	sec
    2284:	07 94       	ror	r0
    2286:	28 f4       	brcc	.+10     	; 0x2292 <__ftoa_engine+0x80>
    2288:	36 0f       	add	r19, r22
    228a:	e7 1e       	adc	r14, r23
    228c:	f8 1e       	adc	r15, r24
    228e:	49 1f       	adc	r20, r25
    2290:	51 1d       	adc	r21, r1
    2292:	66 0f       	add	r22, r22
    2294:	77 1f       	adc	r23, r23
    2296:	88 1f       	adc	r24, r24
    2298:	99 1f       	adc	r25, r25
    229a:	06 94       	lsr	r0
    229c:	a1 f7       	brne	.-24     	; 0x2286 <__ftoa_engine+0x74>
    229e:	05 90       	lpm	r0, Z+
    22a0:	07 94       	ror	r0
    22a2:	28 f4       	brcc	.+10     	; 0x22ae <__ftoa_engine+0x9c>
    22a4:	e7 0e       	add	r14, r23
    22a6:	f8 1e       	adc	r15, r24
    22a8:	49 1f       	adc	r20, r25
    22aa:	56 1f       	adc	r21, r22
    22ac:	c1 1d       	adc	r28, r1
    22ae:	77 0f       	add	r23, r23
    22b0:	88 1f       	adc	r24, r24
    22b2:	99 1f       	adc	r25, r25
    22b4:	66 1f       	adc	r22, r22
    22b6:	06 94       	lsr	r0
    22b8:	a1 f7       	brne	.-24     	; 0x22a2 <__ftoa_engine+0x90>
    22ba:	05 90       	lpm	r0, Z+
    22bc:	07 94       	ror	r0
    22be:	28 f4       	brcc	.+10     	; 0x22ca <__ftoa_engine+0xb8>
    22c0:	f8 0e       	add	r15, r24
    22c2:	49 1f       	adc	r20, r25
    22c4:	56 1f       	adc	r21, r22
    22c6:	c7 1f       	adc	r28, r23
    22c8:	d1 1d       	adc	r29, r1
    22ca:	88 0f       	add	r24, r24
    22cc:	99 1f       	adc	r25, r25
    22ce:	66 1f       	adc	r22, r22
    22d0:	77 1f       	adc	r23, r23
    22d2:	06 94       	lsr	r0
    22d4:	a1 f7       	brne	.-24     	; 0x22be <__ftoa_engine+0xac>
    22d6:	05 90       	lpm	r0, Z+
    22d8:	07 94       	ror	r0
    22da:	20 f4       	brcc	.+8      	; 0x22e4 <__ftoa_engine+0xd2>
    22dc:	49 0f       	add	r20, r25
    22de:	56 1f       	adc	r21, r22
    22e0:	c7 1f       	adc	r28, r23
    22e2:	d8 1f       	adc	r29, r24
    22e4:	99 0f       	add	r25, r25
    22e6:	66 1f       	adc	r22, r22
    22e8:	77 1f       	adc	r23, r23
    22ea:	88 1f       	adc	r24, r24
    22ec:	06 94       	lsr	r0
    22ee:	a9 f7       	brne	.-22     	; 0x22da <__ftoa_engine+0xc8>
    22f0:	84 91       	lpm	r24, Z
    22f2:	10 95       	com	r17
    22f4:	17 70       	andi	r17, 0x07	; 7
    22f6:	41 f0       	breq	.+16     	; 0x2308 <__ftoa_engine+0xf6>
    22f8:	d6 95       	lsr	r29
    22fa:	c7 95       	ror	r28
    22fc:	57 95       	ror	r21
    22fe:	47 95       	ror	r20
    2300:	f7 94       	ror	r15
    2302:	e7 94       	ror	r14
    2304:	1a 95       	dec	r17
    2306:	c1 f7       	brne	.-16     	; 0x22f8 <__ftoa_engine+0xe6>
    2308:	e4 e1       	ldi	r30, 0x14	; 20
    230a:	f2 e0       	ldi	r31, 0x02	; 2
    230c:	68 94       	set
    230e:	15 90       	lpm	r1, Z+
    2310:	15 91       	lpm	r17, Z+
    2312:	35 91       	lpm	r19, Z+
    2314:	65 91       	lpm	r22, Z+
    2316:	95 91       	lpm	r25, Z+
    2318:	05 90       	lpm	r0, Z+
    231a:	7f e2       	ldi	r23, 0x2F	; 47
    231c:	73 95       	inc	r23
    231e:	e1 18       	sub	r14, r1
    2320:	f1 0a       	sbc	r15, r17
    2322:	43 0b       	sbc	r20, r19
    2324:	56 0b       	sbc	r21, r22
    2326:	c9 0b       	sbc	r28, r25
    2328:	d0 09       	sbc	r29, r0
    232a:	c0 f7       	brcc	.-16     	; 0x231c <__ftoa_engine+0x10a>
    232c:	e1 0c       	add	r14, r1
    232e:	f1 1e       	adc	r15, r17
    2330:	43 1f       	adc	r20, r19
    2332:	56 1f       	adc	r21, r22
    2334:	c9 1f       	adc	r28, r25
    2336:	d0 1d       	adc	r29, r0
    2338:	7e f4       	brtc	.+30     	; 0x2358 <__ftoa_engine+0x146>
    233a:	70 33       	cpi	r23, 0x30	; 48
    233c:	11 f4       	brne	.+4      	; 0x2342 <__ftoa_engine+0x130>
    233e:	8a 95       	dec	r24
    2340:	e6 cf       	rjmp	.-52     	; 0x230e <__ftoa_engine+0xfc>
    2342:	e8 94       	clt
    2344:	01 50       	subi	r16, 0x01	; 1
    2346:	30 f0       	brcs	.+12     	; 0x2354 <__ftoa_engine+0x142>
    2348:	08 0f       	add	r16, r24
    234a:	0a f4       	brpl	.+2      	; 0x234e <__ftoa_engine+0x13c>
    234c:	00 27       	eor	r16, r16
    234e:	02 17       	cp	r16, r18
    2350:	08 f4       	brcc	.+2      	; 0x2354 <__ftoa_engine+0x142>
    2352:	20 2f       	mov	r18, r16
    2354:	23 95       	inc	r18
    2356:	02 2f       	mov	r16, r18
    2358:	7a 33       	cpi	r23, 0x3A	; 58
    235a:	28 f0       	brcs	.+10     	; 0x2366 <__ftoa_engine+0x154>
    235c:	79 e3       	ldi	r23, 0x39	; 57
    235e:	7d 93       	st	X+, r23
    2360:	2a 95       	dec	r18
    2362:	e9 f7       	brne	.-6      	; 0x235e <__ftoa_engine+0x14c>
    2364:	10 c0       	rjmp	.+32     	; 0x2386 <__ftoa_engine+0x174>
    2366:	7d 93       	st	X+, r23
    2368:	2a 95       	dec	r18
    236a:	89 f6       	brne	.-94     	; 0x230e <__ftoa_engine+0xfc>
    236c:	06 94       	lsr	r0
    236e:	97 95       	ror	r25
    2370:	67 95       	ror	r22
    2372:	37 95       	ror	r19
    2374:	17 95       	ror	r17
    2376:	17 94       	ror	r1
    2378:	e1 18       	sub	r14, r1
    237a:	f1 0a       	sbc	r15, r17
    237c:	43 0b       	sbc	r20, r19
    237e:	56 0b       	sbc	r21, r22
    2380:	c9 0b       	sbc	r28, r25
    2382:	d0 09       	sbc	r29, r0
    2384:	98 f0       	brcs	.+38     	; 0x23ac <__ftoa_engine+0x19a>
    2386:	23 95       	inc	r18
    2388:	7e 91       	ld	r23, -X
    238a:	73 95       	inc	r23
    238c:	7a 33       	cpi	r23, 0x3A	; 58
    238e:	08 f0       	brcs	.+2      	; 0x2392 <__ftoa_engine+0x180>
    2390:	70 e3       	ldi	r23, 0x30	; 48
    2392:	7c 93       	st	X, r23
    2394:	20 13       	cpse	r18, r16
    2396:	b8 f7       	brcc	.-18     	; 0x2386 <__ftoa_engine+0x174>
    2398:	7e 91       	ld	r23, -X
    239a:	70 61       	ori	r23, 0x10	; 16
    239c:	7d 93       	st	X+, r23
    239e:	30 f0       	brcs	.+12     	; 0x23ac <__ftoa_engine+0x19a>
    23a0:	83 95       	inc	r24
    23a2:	71 e3       	ldi	r23, 0x31	; 49
    23a4:	7d 93       	st	X+, r23
    23a6:	70 e3       	ldi	r23, 0x30	; 48
    23a8:	2a 95       	dec	r18
    23aa:	e1 f7       	brne	.-8      	; 0x23a4 <__ftoa_engine+0x192>
    23ac:	11 24       	eor	r1, r1
    23ae:	ef 90       	pop	r14
    23b0:	ff 90       	pop	r15
    23b2:	0f 91       	pop	r16
    23b4:	1f 91       	pop	r17
    23b6:	cf 91       	pop	r28
    23b8:	df 91       	pop	r29
    23ba:	99 27       	eor	r25, r25
    23bc:	87 fd       	sbrc	r24, 7
    23be:	90 95       	com	r25
    23c0:	08 95       	ret

000023c2 <strnlen_P>:
    23c2:	fc 01       	movw	r30, r24
    23c4:	05 90       	lpm	r0, Z+
    23c6:	61 50       	subi	r22, 0x01	; 1
    23c8:	70 40       	sbci	r23, 0x00	; 0
    23ca:	01 10       	cpse	r0, r1
    23cc:	d8 f7       	brcc	.-10     	; 0x23c4 <strnlen_P+0x2>
    23ce:	80 95       	com	r24
    23d0:	90 95       	com	r25
    23d2:	8e 0f       	add	r24, r30
    23d4:	9f 1f       	adc	r25, r31
    23d6:	08 95       	ret

000023d8 <memset>:
    23d8:	dc 01       	movw	r26, r24
    23da:	01 c0       	rjmp	.+2      	; 0x23de <memset+0x6>
    23dc:	6d 93       	st	X+, r22
    23de:	41 50       	subi	r20, 0x01	; 1
    23e0:	50 40       	sbci	r21, 0x00	; 0
    23e2:	e0 f7       	brcc	.-8      	; 0x23dc <memset+0x4>
    23e4:	08 95       	ret

000023e6 <strnlen>:
    23e6:	fc 01       	movw	r30, r24
    23e8:	61 50       	subi	r22, 0x01	; 1
    23ea:	70 40       	sbci	r23, 0x00	; 0
    23ec:	01 90       	ld	r0, Z+
    23ee:	01 10       	cpse	r0, r1
    23f0:	d8 f7       	brcc	.-10     	; 0x23e8 <strnlen+0x2>
    23f2:	80 95       	com	r24
    23f4:	90 95       	com	r25
    23f6:	8e 0f       	add	r24, r30
    23f8:	9f 1f       	adc	r25, r31
    23fa:	08 95       	ret

000023fc <fputc>:
    23fc:	0f 93       	push	r16
    23fe:	1f 93       	push	r17
    2400:	cf 93       	push	r28
    2402:	df 93       	push	r29
    2404:	fb 01       	movw	r30, r22
    2406:	23 81       	ldd	r18, Z+3	; 0x03
    2408:	21 fd       	sbrc	r18, 1
    240a:	03 c0       	rjmp	.+6      	; 0x2412 <fputc+0x16>
    240c:	8f ef       	ldi	r24, 0xFF	; 255
    240e:	9f ef       	ldi	r25, 0xFF	; 255
    2410:	2c c0       	rjmp	.+88     	; 0x246a <fputc+0x6e>
    2412:	22 ff       	sbrs	r18, 2
    2414:	16 c0       	rjmp	.+44     	; 0x2442 <fputc+0x46>
    2416:	46 81       	ldd	r20, Z+6	; 0x06
    2418:	57 81       	ldd	r21, Z+7	; 0x07
    241a:	24 81       	ldd	r18, Z+4	; 0x04
    241c:	35 81       	ldd	r19, Z+5	; 0x05
    241e:	42 17       	cp	r20, r18
    2420:	53 07       	cpc	r21, r19
    2422:	44 f4       	brge	.+16     	; 0x2434 <fputc+0x38>
    2424:	a0 81       	ld	r26, Z
    2426:	b1 81       	ldd	r27, Z+1	; 0x01
    2428:	9d 01       	movw	r18, r26
    242a:	2f 5f       	subi	r18, 0xFF	; 255
    242c:	3f 4f       	sbci	r19, 0xFF	; 255
    242e:	20 83       	st	Z, r18
    2430:	31 83       	std	Z+1, r19	; 0x01
    2432:	8c 93       	st	X, r24
    2434:	26 81       	ldd	r18, Z+6	; 0x06
    2436:	37 81       	ldd	r19, Z+7	; 0x07
    2438:	2f 5f       	subi	r18, 0xFF	; 255
    243a:	3f 4f       	sbci	r19, 0xFF	; 255
    243c:	26 83       	std	Z+6, r18	; 0x06
    243e:	37 83       	std	Z+7, r19	; 0x07
    2440:	14 c0       	rjmp	.+40     	; 0x246a <fputc+0x6e>
    2442:	8b 01       	movw	r16, r22
    2444:	ec 01       	movw	r28, r24
    2446:	fb 01       	movw	r30, r22
    2448:	00 84       	ldd	r0, Z+8	; 0x08
    244a:	f1 85       	ldd	r31, Z+9	; 0x09
    244c:	e0 2d       	mov	r30, r0
    244e:	19 95       	eicall
    2450:	89 2b       	or	r24, r25
    2452:	e1 f6       	brne	.-72     	; 0x240c <fputc+0x10>
    2454:	d8 01       	movw	r26, r16
    2456:	16 96       	adiw	r26, 0x06	; 6
    2458:	8d 91       	ld	r24, X+
    245a:	9c 91       	ld	r25, X
    245c:	17 97       	sbiw	r26, 0x07	; 7
    245e:	01 96       	adiw	r24, 0x01	; 1
    2460:	16 96       	adiw	r26, 0x06	; 6
    2462:	8d 93       	st	X+, r24
    2464:	9c 93       	st	X, r25
    2466:	17 97       	sbiw	r26, 0x07	; 7
    2468:	ce 01       	movw	r24, r28
    246a:	df 91       	pop	r29
    246c:	cf 91       	pop	r28
    246e:	1f 91       	pop	r17
    2470:	0f 91       	pop	r16
    2472:	08 95       	ret

00002474 <printf>:
    2474:	cf 93       	push	r28
    2476:	df 93       	push	r29
    2478:	cd b7       	in	r28, 0x3d	; 61
    247a:	de b7       	in	r29, 0x3e	; 62
    247c:	ae 01       	movw	r20, r28
    247e:	4a 5f       	subi	r20, 0xFA	; 250
    2480:	5f 4f       	sbci	r21, 0xFF	; 255
    2482:	fa 01       	movw	r30, r20
    2484:	61 91       	ld	r22, Z+
    2486:	71 91       	ld	r23, Z+
    2488:	af 01       	movw	r20, r30
    248a:	80 91 5e 22 	lds	r24, 0x225E	; 0x80225e <__iob+0x2>
    248e:	90 91 5f 22 	lds	r25, 0x225F	; 0x80225f <__iob+0x3>
    2492:	0e 94 11 0c 	call	0x1822	; 0x1822 <vfprintf>
    2496:	df 91       	pop	r29
    2498:	cf 91       	pop	r28
    249a:	08 95       	ret

0000249c <__ultoa_invert>:
    249c:	fa 01       	movw	r30, r20
    249e:	aa 27       	eor	r26, r26
    24a0:	28 30       	cpi	r18, 0x08	; 8
    24a2:	51 f1       	breq	.+84     	; 0x24f8 <__ultoa_invert+0x5c>
    24a4:	20 31       	cpi	r18, 0x10	; 16
    24a6:	81 f1       	breq	.+96     	; 0x2508 <__ultoa_invert+0x6c>
    24a8:	e8 94       	clt
    24aa:	6f 93       	push	r22
    24ac:	6e 7f       	andi	r22, 0xFE	; 254
    24ae:	6e 5f       	subi	r22, 0xFE	; 254
    24b0:	7f 4f       	sbci	r23, 0xFF	; 255
    24b2:	8f 4f       	sbci	r24, 0xFF	; 255
    24b4:	9f 4f       	sbci	r25, 0xFF	; 255
    24b6:	af 4f       	sbci	r26, 0xFF	; 255
    24b8:	b1 e0       	ldi	r27, 0x01	; 1
    24ba:	3e d0       	rcall	.+124    	; 0x2538 <__ultoa_invert+0x9c>
    24bc:	b4 e0       	ldi	r27, 0x04	; 4
    24be:	3c d0       	rcall	.+120    	; 0x2538 <__ultoa_invert+0x9c>
    24c0:	67 0f       	add	r22, r23
    24c2:	78 1f       	adc	r23, r24
    24c4:	89 1f       	adc	r24, r25
    24c6:	9a 1f       	adc	r25, r26
    24c8:	a1 1d       	adc	r26, r1
    24ca:	68 0f       	add	r22, r24
    24cc:	79 1f       	adc	r23, r25
    24ce:	8a 1f       	adc	r24, r26
    24d0:	91 1d       	adc	r25, r1
    24d2:	a1 1d       	adc	r26, r1
    24d4:	6a 0f       	add	r22, r26
    24d6:	71 1d       	adc	r23, r1
    24d8:	81 1d       	adc	r24, r1
    24da:	91 1d       	adc	r25, r1
    24dc:	a1 1d       	adc	r26, r1
    24de:	20 d0       	rcall	.+64     	; 0x2520 <__ultoa_invert+0x84>
    24e0:	09 f4       	brne	.+2      	; 0x24e4 <__ultoa_invert+0x48>
    24e2:	68 94       	set
    24e4:	3f 91       	pop	r19
    24e6:	2a e0       	ldi	r18, 0x0A	; 10
    24e8:	26 9f       	mul	r18, r22
    24ea:	11 24       	eor	r1, r1
    24ec:	30 19       	sub	r19, r0
    24ee:	30 5d       	subi	r19, 0xD0	; 208
    24f0:	31 93       	st	Z+, r19
    24f2:	de f6       	brtc	.-74     	; 0x24aa <__ultoa_invert+0xe>
    24f4:	cf 01       	movw	r24, r30
    24f6:	08 95       	ret
    24f8:	46 2f       	mov	r20, r22
    24fa:	47 70       	andi	r20, 0x07	; 7
    24fc:	40 5d       	subi	r20, 0xD0	; 208
    24fe:	41 93       	st	Z+, r20
    2500:	b3 e0       	ldi	r27, 0x03	; 3
    2502:	0f d0       	rcall	.+30     	; 0x2522 <__ultoa_invert+0x86>
    2504:	c9 f7       	brne	.-14     	; 0x24f8 <__ultoa_invert+0x5c>
    2506:	f6 cf       	rjmp	.-20     	; 0x24f4 <__ultoa_invert+0x58>
    2508:	46 2f       	mov	r20, r22
    250a:	4f 70       	andi	r20, 0x0F	; 15
    250c:	40 5d       	subi	r20, 0xD0	; 208
    250e:	4a 33       	cpi	r20, 0x3A	; 58
    2510:	18 f0       	brcs	.+6      	; 0x2518 <__ultoa_invert+0x7c>
    2512:	49 5d       	subi	r20, 0xD9	; 217
    2514:	31 fd       	sbrc	r19, 1
    2516:	40 52       	subi	r20, 0x20	; 32
    2518:	41 93       	st	Z+, r20
    251a:	02 d0       	rcall	.+4      	; 0x2520 <__ultoa_invert+0x84>
    251c:	a9 f7       	brne	.-22     	; 0x2508 <__ultoa_invert+0x6c>
    251e:	ea cf       	rjmp	.-44     	; 0x24f4 <__ultoa_invert+0x58>
    2520:	b4 e0       	ldi	r27, 0x04	; 4
    2522:	a6 95       	lsr	r26
    2524:	97 95       	ror	r25
    2526:	87 95       	ror	r24
    2528:	77 95       	ror	r23
    252a:	67 95       	ror	r22
    252c:	ba 95       	dec	r27
    252e:	c9 f7       	brne	.-14     	; 0x2522 <__ultoa_invert+0x86>
    2530:	00 97       	sbiw	r24, 0x00	; 0
    2532:	61 05       	cpc	r22, r1
    2534:	71 05       	cpc	r23, r1
    2536:	08 95       	ret
    2538:	9b 01       	movw	r18, r22
    253a:	ac 01       	movw	r20, r24
    253c:	0a 2e       	mov	r0, r26
    253e:	06 94       	lsr	r0
    2540:	57 95       	ror	r21
    2542:	47 95       	ror	r20
    2544:	37 95       	ror	r19
    2546:	27 95       	ror	r18
    2548:	ba 95       	dec	r27
    254a:	c9 f7       	brne	.-14     	; 0x253e <__ultoa_invert+0xa2>
    254c:	62 0f       	add	r22, r18
    254e:	73 1f       	adc	r23, r19
    2550:	84 1f       	adc	r24, r20
    2552:	95 1f       	adc	r25, r21
    2554:	a0 1d       	adc	r26, r0
    2556:	08 95       	ret

00002558 <_exit>:
    2558:	f8 94       	cli

0000255a <__stop_program>:
    255a:	ff cf       	rjmp	.-2      	; 0x255a <__stop_program>
