
Linebot.elf:     file format elf32-avr

Sections:
Idx Name          Size      VMA       LMA       File off  Algn
  0 .text         000024be  00000000  00000000  00000094  2**1
                  CONTENTS, ALLOC, LOAD, READONLY, CODE
  1 .data         000000de  00802000  000024be  00002552  2**0
                  CONTENTS, ALLOC, LOAD, DATA
  2 .bss          000000cc  008020de  008020de  00002630  2**0
                  ALLOC
  3 .comment      0000008c  00000000  00000000  00002630  2**0
                  CONTENTS, READONLY
  4 .note.gnu.avr.deviceinfo 00000040  00000000  00000000  000026bc  2**2
                  CONTENTS, READONLY
  5 .debug_aranges 00000428  00000000  00000000  000026fc  2**0
                  CONTENTS, READONLY, DEBUGGING
  6 .debug_info   00008bd1  00000000  00000000  00002b24  2**0
                  CONTENTS, READONLY, DEBUGGING
  7 .debug_abbrev 00003b5c  00000000  00000000  0000b6f5  2**0
                  CONTENTS, READONLY, DEBUGGING
  8 .debug_line   0000349d  00000000  00000000  0000f251  2**0
                  CONTENTS, READONLY, DEBUGGING
  9 .debug_frame  00000c3c  00000000  00000000  000126f0  2**2
                  CONTENTS, READONLY, DEBUGGING
 10 .debug_str    00003928  00000000  00000000  0001332c  2**0
                  CONTENTS, READONLY, DEBUGGING
 11 .debug_loc    00004c82  00000000  00000000  00016c54  2**0
                  CONTENTS, READONLY, DEBUGGING
 12 .debug_ranges 000005c8  00000000  00000000  0001b8d6  2**0
                  CONTENTS, READONLY, DEBUGGING

Disassembly of section .text:

00000000 <__vectors>:
       0:	0c 94 89 01 	jmp	0x312	; 0x312 <__ctors_end>
       4:	0c 94 aa 01 	jmp	0x354	; 0x354 <__bad_interrupt>
       8:	0c 94 aa 01 	jmp	0x354	; 0x354 <__bad_interrupt>
       c:	0c 94 aa 01 	jmp	0x354	; 0x354 <__bad_interrupt>
      10:	0c 94 aa 01 	jmp	0x354	; 0x354 <__bad_interrupt>
      14:	0c 94 aa 01 	jmp	0x354	; 0x354 <__bad_interrupt>
      18:	0c 94 aa 01 	jmp	0x354	; 0x354 <__bad_interrupt>
      1c:	0c 94 aa 01 	jmp	0x354	; 0x354 <__bad_interrupt>
      20:	0c 94 aa 01 	jmp	0x354	; 0x354 <__bad_interrupt>
      24:	0c 94 aa 01 	jmp	0x354	; 0x354 <__bad_interrupt>
      28:	0c 94 aa 01 	jmp	0x354	; 0x354 <__bad_interrupt>
      2c:	0c 94 aa 01 	jmp	0x354	; 0x354 <__bad_interrupt>
      30:	0c 94 aa 01 	jmp	0x354	; 0x354 <__bad_interrupt>
      34:	0c 94 aa 01 	jmp	0x354	; 0x354 <__bad_interrupt>
      38:	0c 94 8c 05 	jmp	0xb18	; 0xb18 <__vector_14>
      3c:	0c 94 aa 01 	jmp	0x354	; 0x354 <__bad_interrupt>
      40:	0c 94 00 06 	jmp	0xc00	; 0xc00 <__vector_16>
      44:	0c 94 aa 01 	jmp	0x354	; 0x354 <__bad_interrupt>
      48:	0c 94 aa 01 	jmp	0x354	; 0x354 <__bad_interrupt>
      4c:	0c 94 aa 01 	jmp	0x354	; 0x354 <__bad_interrupt>
      50:	0c 94 aa 01 	jmp	0x354	; 0x354 <__bad_interrupt>
      54:	0c 94 aa 01 	jmp	0x354	; 0x354 <__bad_interrupt>
      58:	0c 94 aa 01 	jmp	0x354	; 0x354 <__bad_interrupt>
      5c:	0c 94 aa 01 	jmp	0x354	; 0x354 <__bad_interrupt>
      60:	0c 94 aa 01 	jmp	0x354	; 0x354 <__bad_interrupt>
      64:	0c 94 aa 01 	jmp	0x354	; 0x354 <__bad_interrupt>
      68:	0c 94 aa 01 	jmp	0x354	; 0x354 <__bad_interrupt>
      6c:	0c 94 aa 01 	jmp	0x354	; 0x354 <__bad_interrupt>
      70:	0c 94 aa 01 	jmp	0x354	; 0x354 <__bad_interrupt>
      74:	0c 94 aa 01 	jmp	0x354	; 0x354 <__bad_interrupt>
      78:	0c 94 aa 01 	jmp	0x354	; 0x354 <__bad_interrupt>
      7c:	0c 94 aa 01 	jmp	0x354	; 0x354 <__bad_interrupt>
      80:	0c 94 aa 01 	jmp	0x354	; 0x354 <__bad_interrupt>
      84:	0c 94 aa 01 	jmp	0x354	; 0x354 <__bad_interrupt>
      88:	0c 94 aa 01 	jmp	0x354	; 0x354 <__bad_interrupt>
      8c:	0c 94 aa 01 	jmp	0x354	; 0x354 <__bad_interrupt>
      90:	0c 94 aa 01 	jmp	0x354	; 0x354 <__bad_interrupt>
      94:	0c 94 aa 01 	jmp	0x354	; 0x354 <__bad_interrupt>
      98:	0c 94 aa 01 	jmp	0x354	; 0x354 <__bad_interrupt>
      9c:	0c 94 aa 01 	jmp	0x354	; 0x354 <__bad_interrupt>
      a0:	0c 94 aa 01 	jmp	0x354	; 0x354 <__bad_interrupt>
      a4:	0c 94 aa 01 	jmp	0x354	; 0x354 <__bad_interrupt>
      a8:	0c 94 aa 01 	jmp	0x354	; 0x354 <__bad_interrupt>
      ac:	0c 94 aa 01 	jmp	0x354	; 0x354 <__bad_interrupt>
      b0:	0c 94 aa 01 	jmp	0x354	; 0x354 <__bad_interrupt>
      b4:	0c 94 aa 01 	jmp	0x354	; 0x354 <__bad_interrupt>
      b8:	0c 94 c5 02 	jmp	0x58a	; 0x58a <__vector_46>
      bc:	0c 94 aa 01 	jmp	0x354	; 0x354 <__bad_interrupt>
      c0:	0c 94 aa 01 	jmp	0x354	; 0x354 <__bad_interrupt>
      c4:	0c 94 aa 01 	jmp	0x354	; 0x354 <__bad_interrupt>
      c8:	0c 94 aa 01 	jmp	0x354	; 0x354 <__bad_interrupt>
      cc:	0c 94 aa 01 	jmp	0x354	; 0x354 <__bad_interrupt>
      d0:	0c 94 aa 01 	jmp	0x354	; 0x354 <__bad_interrupt>
      d4:	0c 94 aa 01 	jmp	0x354	; 0x354 <__bad_interrupt>
      d8:	0c 94 aa 01 	jmp	0x354	; 0x354 <__bad_interrupt>
      dc:	0c 94 aa 01 	jmp	0x354	; 0x354 <__bad_interrupt>
      e0:	0c 94 aa 01 	jmp	0x354	; 0x354 <__bad_interrupt>
      e4:	0c 94 aa 01 	jmp	0x354	; 0x354 <__bad_interrupt>
      e8:	0c 94 aa 01 	jmp	0x354	; 0x354 <__bad_interrupt>
      ec:	0c 94 aa 01 	jmp	0x354	; 0x354 <__bad_interrupt>
      f0:	0c 94 aa 01 	jmp	0x354	; 0x354 <__bad_interrupt>
      f4:	0c 94 aa 01 	jmp	0x354	; 0x354 <__bad_interrupt>
      f8:	0c 94 aa 01 	jmp	0x354	; 0x354 <__bad_interrupt>
      fc:	0c 94 aa 01 	jmp	0x354	; 0x354 <__bad_interrupt>
     100:	0c 94 aa 01 	jmp	0x354	; 0x354 <__bad_interrupt>
     104:	0c 94 aa 01 	jmp	0x354	; 0x354 <__bad_interrupt>
     108:	0c 94 aa 01 	jmp	0x354	; 0x354 <__bad_interrupt>
     10c:	0c 94 aa 01 	jmp	0x354	; 0x354 <__bad_interrupt>
     110:	0c 94 aa 01 	jmp	0x354	; 0x354 <__bad_interrupt>
     114:	0c 94 aa 01 	jmp	0x354	; 0x354 <__bad_interrupt>
     118:	0c 94 aa 01 	jmp	0x354	; 0x354 <__bad_interrupt>
     11c:	0c 94 aa 01 	jmp	0x354	; 0x354 <__bad_interrupt>
     120:	0c 94 aa 01 	jmp	0x354	; 0x354 <__bad_interrupt>
     124:	0c 94 aa 01 	jmp	0x354	; 0x354 <__bad_interrupt>
     128:	0c 94 aa 01 	jmp	0x354	; 0x354 <__bad_interrupt>
     12c:	0c 94 aa 01 	jmp	0x354	; 0x354 <__bad_interrupt>
     130:	0c 94 aa 01 	jmp	0x354	; 0x354 <__bad_interrupt>
     134:	0c 94 aa 01 	jmp	0x354	; 0x354 <__bad_interrupt>
     138:	0c 94 aa 01 	jmp	0x354	; 0x354 <__bad_interrupt>
     13c:	0c 94 aa 01 	jmp	0x354	; 0x354 <__bad_interrupt>
     140:	0c 94 aa 01 	jmp	0x354	; 0x354 <__bad_interrupt>
     144:	0c 94 aa 01 	jmp	0x354	; 0x354 <__bad_interrupt>
     148:	0c 94 aa 01 	jmp	0x354	; 0x354 <__bad_interrupt>
     14c:	0c 94 aa 01 	jmp	0x354	; 0x354 <__bad_interrupt>
     150:	0c 94 aa 01 	jmp	0x354	; 0x354 <__bad_interrupt>
     154:	0c 94 aa 01 	jmp	0x354	; 0x354 <__bad_interrupt>
     158:	0c 94 aa 01 	jmp	0x354	; 0x354 <__bad_interrupt>
     15c:	0c 94 aa 01 	jmp	0x354	; 0x354 <__bad_interrupt>
     160:	0c 94 aa 01 	jmp	0x354	; 0x354 <__bad_interrupt>
     164:	0c 94 aa 01 	jmp	0x354	; 0x354 <__bad_interrupt>
     168:	0c 94 aa 01 	jmp	0x354	; 0x354 <__bad_interrupt>
     16c:	0c 94 aa 01 	jmp	0x354	; 0x354 <__bad_interrupt>
     170:	0c 94 aa 01 	jmp	0x354	; 0x354 <__bad_interrupt>
     174:	0c 94 aa 01 	jmp	0x354	; 0x354 <__bad_interrupt>
     178:	0c 94 aa 01 	jmp	0x354	; 0x354 <__bad_interrupt>
     17c:	0c 94 aa 01 	jmp	0x354	; 0x354 <__bad_interrupt>
     180:	0c 94 aa 01 	jmp	0x354	; 0x354 <__bad_interrupt>
     184:	0c 94 aa 01 	jmp	0x354	; 0x354 <__bad_interrupt>
     188:	0c 94 aa 01 	jmp	0x354	; 0x354 <__bad_interrupt>
     18c:	0c 94 aa 01 	jmp	0x354	; 0x354 <__bad_interrupt>
     190:	0c 94 aa 01 	jmp	0x354	; 0x354 <__bad_interrupt>
     194:	0c 94 aa 01 	jmp	0x354	; 0x354 <__bad_interrupt>
     198:	0c 94 aa 01 	jmp	0x354	; 0x354 <__bad_interrupt>
     19c:	0c 94 aa 01 	jmp	0x354	; 0x354 <__bad_interrupt>
     1a0:	0c 94 aa 01 	jmp	0x354	; 0x354 <__bad_interrupt>
     1a4:	0c 94 aa 01 	jmp	0x354	; 0x354 <__bad_interrupt>
     1a8:	0c 94 aa 01 	jmp	0x354	; 0x354 <__bad_interrupt>
     1ac:	0c 94 aa 01 	jmp	0x354	; 0x354 <__bad_interrupt>
     1b0:	0c 94 aa 01 	jmp	0x354	; 0x354 <__bad_interrupt>
     1b4:	0c 94 aa 01 	jmp	0x354	; 0x354 <__bad_interrupt>
     1b8:	0c 94 aa 01 	jmp	0x354	; 0x354 <__bad_interrupt>
     1bc:	0c 94 aa 01 	jmp	0x354	; 0x354 <__bad_interrupt>
     1c0:	0c 94 aa 01 	jmp	0x354	; 0x354 <__bad_interrupt>
     1c4:	0c 94 aa 01 	jmp	0x354	; 0x354 <__bad_interrupt>
     1c8:	0c 94 aa 01 	jmp	0x354	; 0x354 <__bad_interrupt>
     1cc:	0c 94 aa 01 	jmp	0x354	; 0x354 <__bad_interrupt>
     1d0:	0c 94 aa 01 	jmp	0x354	; 0x354 <__bad_interrupt>
     1d4:	0c 94 aa 01 	jmp	0x354	; 0x354 <__bad_interrupt>
     1d8:	0c 94 aa 01 	jmp	0x354	; 0x354 <__bad_interrupt>
     1dc:	0c 94 aa 01 	jmp	0x354	; 0x354 <__bad_interrupt>
     1e0:	0c 94 aa 01 	jmp	0x354	; 0x354 <__bad_interrupt>
     1e4:	0c 94 aa 01 	jmp	0x354	; 0x354 <__bad_interrupt>
     1e8:	0c 94 aa 01 	jmp	0x354	; 0x354 <__bad_interrupt>
     1ec:	0c 94 aa 01 	jmp	0x354	; 0x354 <__bad_interrupt>
     1f0:	0c 94 aa 01 	jmp	0x354	; 0x354 <__bad_interrupt>
     1f4:	0c 94 aa 01 	jmp	0x354	; 0x354 <__bad_interrupt>
     1f8:	0c 94 aa 01 	jmp	0x354	; 0x354 <__bad_interrupt>

000001fc <__trampolines_start>:
     1fc:	0c 94 6b 0b 	jmp	0x16d6	; 0x16d6 <WorkerSendTask>
     200:	0c 94 06 03 	jmp	0x60c	; 0x60c <stdio_putchar>
     204:	0c 94 6c 0b 	jmp	0x16d8	; 0x16d8 <WorkerReceiveTask>
     208:	0c 94 5f 06 	jmp	0xcbe	; 0xcbe <prvIdleTask>
     20c:	0c 94 12 03 	jmp	0x624	; 0x624 <stdio_getchar>

00000210 <__trampolines_end>:
     210:	6e 61       	ori	r22, 0x1E	; 30
     212:	6e 00       	.word	0x006e	; ????

00000214 <__c.2332>:
     214:	69 6e 66 00 00 40 7a 10 f3 5a 00 a0 72 4e 18 09     inf..@z..Z..rN..
     224:	00 10 a5 d4 e8 00 00 e8 76 48 17 00 00 e4 0b 54     ........vH.....T
     234:	02 00 00 ca 9a 3b 00 00 00 e1 f5 05 00 00 80 96     .....;..........
     244:	98 00 00 00 40 42 0f 00 00 00 a0 86 01 00 00 00     ....@B..........
     254:	10 27 00 00 00 00 e8 03 00 00 00 00 64 00 00 00     .'..........d...
     264:	00 00 0a 00 00 00 00 00 01 00 00 00 00 00 2c 76     ..............,v
     274:	d8 88 dc 67 4f 08 23 df c1 df ae 59 e1 b1 b7 96     ...gO.#....Y....
     284:	e5 e3 e4 53 c6 3a e6 51 99 76 96 e8 e6 c2 84 26     ...S.:.Q.v.....&
     294:	eb 89 8c 9b 62 ed 40 7c 6f fc ef bc 9c 9f 40 f2     ....b.@|o.....@.
     2a4:	ba a5 6f a5 f4 90 05 5a 2a f7 5c 93 6b 6c f9 67     ..o....Z*.\.kl.g
     2b4:	6d c1 1b fc e0 e4 0d 47 fe f5 20 e6 b5 00 d0 ed     m......G.. .....
     2c4:	90 2e 03 00 94 35 77 05 00 80 84 1e 08 00 00 20     .....5w........ 
     2d4:	4e 0a 00 00 00 c8 0c 33 33 33 33 0f 98 6e 12 83     N......3333..n..
     2e4:	11 41 ef 8d 21 14 89 3b e6 55 16 cf fe e6 db 18     .A..!..;.U......
     2f4:	d1 84 4b 38 1b f7 7c 1d 90 1d a4 bb e4 24 20 32     ..K8..|......$ 2
     304:	84 72 5e 22 81 00 c9 f1 24 ec a1 e5 3d 27           .r^"....$...='

00000312 <__ctors_end>:
     312:	11 24       	eor	r1, r1
     314:	1f be       	out	0x3f, r1	; 63
     316:	cf ef       	ldi	r28, 0xFF	; 255
     318:	cd bf       	out	0x3d, r28	; 61
     31a:	df e9       	ldi	r29, 0x9F	; 159
     31c:	de bf       	out	0x3e, r29	; 62
     31e:	00 e0       	ldi	r16, 0x00	; 0
     320:	0c bf       	out	0x3c, r16	; 60

00000322 <__do_copy_data>:
     322:	10 e2       	ldi	r17, 0x20	; 32
     324:	a0 e0       	ldi	r26, 0x00	; 0
     326:	b0 e2       	ldi	r27, 0x20	; 32
     328:	ee eb       	ldi	r30, 0xBE	; 190
     32a:	f4 e2       	ldi	r31, 0x24	; 36
     32c:	00 e0       	ldi	r16, 0x00	; 0
     32e:	0b bf       	out	0x3b, r16	; 59
     330:	02 c0       	rjmp	.+4      	; 0x336 <__do_copy_data+0x14>
     332:	07 90       	elpm	r0, Z+
     334:	0d 92       	st	X+, r0
     336:	ae 3d       	cpi	r26, 0xDE	; 222
     338:	b1 07       	cpc	r27, r17
     33a:	d9 f7       	brne	.-10     	; 0x332 <__do_copy_data+0x10>

0000033c <__do_clear_bss>:
     33c:	21 e2       	ldi	r18, 0x21	; 33
     33e:	ae ed       	ldi	r26, 0xDE	; 222
     340:	b0 e2       	ldi	r27, 0x20	; 32
     342:	01 c0       	rjmp	.+2      	; 0x346 <.do_clear_bss_start>

00000344 <.do_clear_bss_loop>:
     344:	1d 92       	st	X+, r1

00000346 <.do_clear_bss_start>:
     346:	aa 3a       	cpi	r26, 0xAA	; 170
     348:	b2 07       	cpc	r27, r18
     34a:	e1 f7       	brne	.-8      	; 0x344 <.do_clear_bss_loop>
     34c:	0e 94 43 0b 	call	0x1686	; 0x1686 <main>
     350:	0c 94 5d 12 	jmp	0x24ba	; 0x24ba <_exit>

00000354 <__bad_interrupt>:
     354:	0c 94 00 00 	jmp	0	; 0x0 <__vectors>

00000358 <DbgPrint>:
#include "DriverDbgUSART.h"


void DbgPrint(char *Text)
{
     358:	dc 01       	movw	r26, r24
}

void DbgPrintn(char *Text,int n)
{
	static int i;
	i=0;
     35a:	10 92 e1 20 	sts	0x20E1, r1	; 0x8020e1 <i.3624>
     35e:	10 92 e2 20 	sts	0x20E2, r1	; 0x8020e2 <i.3624+0x1>
	while (*Text!=0 && (i<n || n==0))
     362:	9c 91       	ld	r25, X
     364:	99 23       	and	r25, r25
     366:	b1 f0       	breq	.+44     	; 0x394 <DbgPrint+0x3c>
     368:	fd 01       	movw	r30, r26
     36a:	31 96       	adiw	r30, 0x01	; 1
	{
		USART.DATA = *Text;
		while (!(USART.STATUS & 0b01000000));
		USART.STATUS=0b01000000;
     36c:	80 e4       	ldi	r24, 0x40	; 64
{
	static int i;
	i=0;
	while (*Text!=0 && (i<n || n==0))
	{
		USART.DATA = *Text;
     36e:	90 93 a0 0a 	sts	0x0AA0, r25	; 0x800aa0 <__TEXT_REGION_LENGTH__+0x700aa0>
		while (!(USART.STATUS & 0b01000000));
     372:	90 91 a1 0a 	lds	r25, 0x0AA1	; 0x800aa1 <__TEXT_REGION_LENGTH__+0x700aa1>
     376:	96 ff       	sbrs	r25, 6
     378:	fc cf       	rjmp	.-8      	; 0x372 <DbgPrint+0x1a>
		USART.STATUS=0b01000000;
     37a:	80 93 a1 0a 	sts	0x0AA1, r24	; 0x800aa1 <__TEXT_REGION_LENGTH__+0x700aa1>
     37e:	9f 01       	movw	r18, r30
     380:	2a 1b       	sub	r18, r26
     382:	3b 0b       	sbc	r19, r27

void DbgPrintn(char *Text,int n)
{
	static int i;
	i=0;
	while (*Text!=0 && (i<n || n==0))
     384:	91 91       	ld	r25, Z+
     386:	91 11       	cpse	r25, r1
     388:	f2 cf       	rjmp	.-28     	; 0x36e <DbgPrint+0x16>
     38a:	20 93 e1 20 	sts	0x20E1, r18	; 0x8020e1 <i.3624>
     38e:	30 93 e2 20 	sts	0x20E2, r19	; 0x8020e2 <i.3624+0x1>
     392:	08 95       	ret
     394:	08 95       	ret

00000396 <DbgPrintn>:
{
	DbgPrintn(Text,0);	
}

void DbgPrintn(char *Text,int n)
{
     396:	fc 01       	movw	r30, r24
	static int i;
	i=0;
     398:	10 92 e1 20 	sts	0x20E1, r1	; 0x8020e1 <i.3624>
     39c:	10 92 e2 20 	sts	0x20E2, r1	; 0x8020e2 <i.3624+0x1>
	while (*Text!=0 && (i<n || n==0))
     3a0:	90 81       	ld	r25, Z
     3a2:	99 23       	and	r25, r25
     3a4:	e1 f0       	breq	.+56     	; 0x3de <DbgPrintn+0x48>
     3a6:	31 96       	adiw	r30, 0x01	; 1
     3a8:	20 e0       	ldi	r18, 0x00	; 0
     3aa:	30 e0       	ldi	r19, 0x00	; 0
	{
		USART.DATA = *Text;
		while (!(USART.STATUS & 0b01000000));
		USART.STATUS=0b01000000;
     3ac:	80 e4       	ldi	r24, 0x40	; 64

void DbgPrintn(char *Text,int n)
{
	static int i;
	i=0;
	while (*Text!=0 && (i<n || n==0))
     3ae:	26 17       	cp	r18, r22
     3b0:	37 07       	cpc	r19, r23
     3b2:	1c f0       	brlt	.+6      	; 0x3ba <DbgPrintn+0x24>
     3b4:	61 15       	cp	r22, r1
     3b6:	71 05       	cpc	r23, r1
     3b8:	69 f4       	brne	.+26     	; 0x3d4 <DbgPrintn+0x3e>
	{
		USART.DATA = *Text;
     3ba:	90 93 a0 0a 	sts	0x0AA0, r25	; 0x800aa0 <__TEXT_REGION_LENGTH__+0x700aa0>
		while (!(USART.STATUS & 0b01000000));
     3be:	90 91 a1 0a 	lds	r25, 0x0AA1	; 0x800aa1 <__TEXT_REGION_LENGTH__+0x700aa1>
     3c2:	96 ff       	sbrs	r25, 6
     3c4:	fc cf       	rjmp	.-8      	; 0x3be <DbgPrintn+0x28>
		USART.STATUS=0b01000000;
     3c6:	80 93 a1 0a 	sts	0x0AA1, r24	; 0x800aa1 <__TEXT_REGION_LENGTH__+0x700aa1>
		Text++;
		i++;
     3ca:	2f 5f       	subi	r18, 0xFF	; 255
     3cc:	3f 4f       	sbci	r19, 0xFF	; 255

void DbgPrintn(char *Text,int n)
{
	static int i;
	i=0;
	while (*Text!=0 && (i<n || n==0))
     3ce:	91 91       	ld	r25, Z+
     3d0:	91 11       	cpse	r25, r1
     3d2:	ed cf       	rjmp	.-38     	; 0x3ae <DbgPrintn+0x18>
     3d4:	20 93 e1 20 	sts	0x20E1, r18	; 0x8020e1 <i.3624>
     3d8:	30 93 e2 20 	sts	0x20E2, r19	; 0x8020e2 <i.3624+0x1>
     3dc:	08 95       	ret
     3de:	08 95       	ret

000003e0 <DbgPrintInt>:
		i++;
	}
}

void DbgPrintInt(uint16_t Data)
{
     3e0:	cf 92       	push	r12
     3e2:	df 92       	push	r13
     3e4:	ef 92       	push	r14
     3e6:	ff 92       	push	r15
     3e8:	0f 93       	push	r16
     3ea:	1f 93       	push	r17
     3ec:	cf 93       	push	r28
     3ee:	df 93       	push	r29
     3f0:	7c 01       	movw	r14, r24
	//Use statics to minimize stack usage
	static int i;
	static uint8_t pf;
	
	i=10000;
     3f2:	80 e1       	ldi	r24, 0x10	; 16
     3f4:	97 e2       	ldi	r25, 0x27	; 39
     3f6:	80 93 df 20 	sts	0x20DF, r24	; 0x8020df <i.3634>
     3fa:	90 93 e0 20 	sts	0x20E0, r25	; 0x8020e0 <i.3634+0x1>
	pf=0;
     3fe:	10 92 de 20 	sts	0x20DE, r1	; 0x8020de <__data_end>
     402:	c5 e0       	ldi	r28, 0x05	; 5
     404:	d0 e0       	ldi	r29, 0x00	; 0
     406:	c1 2c       	mov	r12, r1
     408:	e0 e1       	ldi	r30, 0x10	; 16
     40a:	f7 e2       	ldi	r31, 0x27	; 39
	{
		if (((Data/i)%10)!=0 || pf) //Trim leading 0's
		{
			USART.DATA = '0'+ ((Data/i)%10);
			while (!(USART.STATUS & 0b01000000));
			USART.STATUS=0b01000000;
     40c:	a0 e4       	ldi	r26, 0x40	; 64
     40e:	da 2e       	mov	r13, r26
			pf=1;		
		}
		i/=10;
     410:	0a e0       	ldi	r16, 0x0A	; 10
     412:	10 e0       	ldi	r17, 0x00	; 0
	
	i=10000;
	pf=0;
	while (i>0)
	{
		if (((Data/i)%10)!=0 || pf) //Trim leading 0's
     414:	c7 01       	movw	r24, r14
     416:	bf 01       	movw	r22, r30
     418:	0e 94 62 0f 	call	0x1ec4	; 0x1ec4 <__udivmodhi4>
     41c:	ab 01       	movw	r20, r22
     41e:	9b 01       	movw	r18, r22
     420:	ad ec       	ldi	r26, 0xCD	; 205
     422:	bc ec       	ldi	r27, 0xCC	; 204
     424:	0e 94 8a 0f 	call	0x1f14	; 0x1f14 <__umulhisi3>
     428:	96 95       	lsr	r25
     42a:	87 95       	ror	r24
     42c:	96 95       	lsr	r25
     42e:	87 95       	ror	r24
     430:	96 95       	lsr	r25
     432:	87 95       	ror	r24
     434:	9c 01       	movw	r18, r24
     436:	22 0f       	add	r18, r18
     438:	33 1f       	adc	r19, r19
     43a:	88 0f       	add	r24, r24
     43c:	99 1f       	adc	r25, r25
     43e:	88 0f       	add	r24, r24
     440:	99 1f       	adc	r25, r25
     442:	88 0f       	add	r24, r24
     444:	99 1f       	adc	r25, r25
     446:	82 0f       	add	r24, r18
     448:	93 1f       	adc	r25, r19
     44a:	9a 01       	movw	r18, r20
     44c:	28 1b       	sub	r18, r24
     44e:	39 0b       	sbc	r19, r25
     450:	c9 01       	movw	r24, r18
     452:	00 97       	sbiw	r24, 0x00	; 0
     454:	11 f4       	brne	.+4      	; 0x45a <__LOCK_REGION_LENGTH__+0x5a>
     456:	cc 20       	and	r12, r12
     458:	59 f0       	breq	.+22     	; 0x470 <__LOCK_REGION_LENGTH__+0x70>
		{
			USART.DATA = '0'+ ((Data/i)%10);
     45a:	80 5d       	subi	r24, 0xD0	; 208
     45c:	80 93 a0 0a 	sts	0x0AA0, r24	; 0x800aa0 <__TEXT_REGION_LENGTH__+0x700aa0>
			while (!(USART.STATUS & 0b01000000));
     460:	80 91 a1 0a 	lds	r24, 0x0AA1	; 0x800aa1 <__TEXT_REGION_LENGTH__+0x700aa1>
     464:	86 ff       	sbrs	r24, 6
     466:	fc cf       	rjmp	.-8      	; 0x460 <__LOCK_REGION_LENGTH__+0x60>
			USART.STATUS=0b01000000;
     468:	d0 92 a1 0a 	sts	0x0AA1, r13	; 0x800aa1 <__TEXT_REGION_LENGTH__+0x700aa1>
			pf=1;		
     46c:	cc 24       	eor	r12, r12
     46e:	c3 94       	inc	r12
		}
		i/=10;
     470:	cf 01       	movw	r24, r30
     472:	b8 01       	movw	r22, r16
     474:	0e 94 76 0f 	call	0x1eec	; 0x1eec <__divmodhi4>
     478:	fb 01       	movw	r30, r22
     47a:	21 97       	sbiw	r28, 0x01	; 1
	static int i;
	static uint8_t pf;
	
	i=10000;
	pf=0;
	while (i>0)
     47c:	59 f6       	brne	.-106    	; 0x414 <__LOCK_REGION_LENGTH__+0x14>
     47e:	c0 92 de 20 	sts	0x20DE, r12	; 0x8020de <__data_end>
     482:	60 93 df 20 	sts	0x20DF, r22	; 0x8020df <i.3634>
     486:	70 93 e0 20 	sts	0x20E0, r23	; 0x8020e0 <i.3634+0x1>
			USART.STATUS=0b01000000;
			pf=1;		
		}
		i/=10;
	}
}
     48a:	df 91       	pop	r29
     48c:	cf 91       	pop	r28
     48e:	1f 91       	pop	r17
     490:	0f 91       	pop	r16
     492:	ff 90       	pop	r15
     494:	ef 90       	pop	r14
     496:	df 90       	pop	r13
     498:	cf 90       	pop	r12
     49a:	08 95       	ret

0000049c <DriverSysClkXtalInit>:
    // Clock setup          
    if (F_XTAL<400E3) return -1; //Invalid frequency
    if (F_XTAL<=2E6) OSC.XOSCCTRL=0b00001011; //Select <2 Mhz XTAL osc, max startup time
    else if(F_XTAL<=9E6) OSC.XOSCCTRL=0b01001011; //Select <2 Mhz XTAL osc, max startup time 
    else if(F_XTAL<=12E6) OSC.XOSCCTRL=0b10001011; //Select <2 Mhz XTAL osc, max startup time 
    else if(F_XTAL<=16E6) OSC.XOSCCTRL=0b11001011; //Select <2 Mhz XTAL osc, max startup time 
     49c:	8b ec       	ldi	r24, 0xCB	; 203
     49e:	80 93 52 00 	sts	0x0052, r24	; 0x800052 <__TEXT_REGION_LENGTH__+0x700052>
    else return -1; //Invalid frequency
    OSC.CTRL=0b01000; //Enable oscillator
     4a2:	88 e0       	ldi	r24, 0x08	; 8
     4a4:	80 93 50 00 	sts	0x0050, r24	; 0x800050 <__TEXT_REGION_LENGTH__+0x700050>
    
	//Wait until XTAL osc is ready
    while (!(OSC.STATUS&0b1000)); 
     4a8:	80 91 51 00 	lds	r24, 0x0051	; 0x800051 <__TEXT_REGION_LENGTH__+0x700051>
     4ac:	83 ff       	sbrs	r24, 3
     4ae:	fc cf       	rjmp	.-8      	; 0x4a8 <DriverSysClkXtalInit+0xc>
	{
		//Configure PLL
		Mult=F_CPU/F_XTAL;
		if (Mult>31) return -1; //Invalid frequency; too high
		if (F_XTAL * (uint32_t) Mult !=F_CPU) return -1; //Only supports whole dividers
		OSC.PLLCTRL=0b11000000 | (Mult);
     4b0:	82 ec       	ldi	r24, 0xC2	; 194
     4b2:	80 93 55 00 	sts	0x0055, r24	; 0x800055 <__TEXT_REGION_LENGTH__+0x700055>
		OSC.CTRL=0b00011000; //Enable PLL
     4b6:	88 e1       	ldi	r24, 0x18	; 24
     4b8:	80 93 50 00 	sts	0x0050, r24	; 0x800050 <__TEXT_REGION_LENGTH__+0x700050>
		
		//Wait until PLL is ready
		while (!(OSC.STATUS & 0b00010000));
     4bc:	80 91 51 00 	lds	r24, 0x0051	; 0x800051 <__TEXT_REGION_LENGTH__+0x700051>
     4c0:	84 ff       	sbrs	r24, 4
     4c2:	fc cf       	rjmp	.-8      	; 0x4bc <DriverSysClkXtalInit+0x20>
		
		//Select PLL as system CLK source
		CCP=0xd8;
     4c4:	88 ed       	ldi	r24, 0xD8	; 216
     4c6:	84 bf       	out	0x34, r24	; 52
		CLK.CTRL=0b100;
     4c8:	84 e0       	ldi	r24, 0x04	; 4
     4ca:	80 93 40 00 	sts	0x0040, r24	; 0x800040 <__TEXT_REGION_LENGTH__+0x700040>
	}
	return 0;
}
     4ce:	80 e0       	ldi	r24, 0x00	; 0
     4d0:	08 95       	ret

000004d2 <TWIMWriteHandler>:
}

void TWIMTransactionFinished( uint8_t result)
{
	Twim_result = result;
	Twim_status = TWIM_STATUS_READY;
     4d2:	90 91 e7 20 	lds	r25, 0x20E7	; 0x8020e7 <Twim_bytesToWrite>
     4d6:	20 91 e6 20 	lds	r18, 0x20E6	; 0x8020e6 <Twim_bytesToRead>
     4da:	80 91 a4 04 	lds	r24, 0x04A4	; 0x8004a4 <__TEXT_REGION_LENGTH__+0x7004a4>
     4de:	84 fd       	sbrc	r24, 4
     4e0:	08 c0       	rjmp	.+16     	; 0x4f2 <TWIMWriteHandler+0x20>
     4e2:	80 91 e5 20 	lds	r24, 0x20E5	; 0x8020e5 <Twim_bytesWritten>
     4e6:	89 17       	cp	r24, r25
     4e8:	50 f0       	brcs	.+20     	; 0x4fe <TWIMWriteHandler+0x2c>
     4ea:	80 91 e4 20 	lds	r24, 0x20E4	; 0x8020e4 <Twim_bytesRead>
     4ee:	82 17       	cp	r24, r18
     4f0:	b8 f0       	brcs	.+46     	; 0x520 <TWIMWriteHandler+0x4e>
     4f2:	83 e0       	ldi	r24, 0x03	; 3
     4f4:	80 93 a3 04 	sts	0x04A3, r24	; 0x8004a3 <__TEXT_REGION_LENGTH__+0x7004a3>
     4f8:	10 92 e3 20 	sts	0x20E3, r1	; 0x8020e3 <Twim_status>
     4fc:	08 95       	ret
     4fe:	80 91 e5 20 	lds	r24, 0x20E5	; 0x8020e5 <Twim_bytesWritten>
     502:	e0 91 ea 20 	lds	r30, 0x20EA	; 0x8020ea <Twim_writeData>
     506:	f0 91 eb 20 	lds	r31, 0x20EB	; 0x8020eb <Twim_writeData+0x1>
     50a:	e8 0f       	add	r30, r24
     50c:	f1 1d       	adc	r31, r1
     50e:	80 81       	ld	r24, Z
     510:	80 93 a7 04 	sts	0x04A7, r24	; 0x8004a7 <__TEXT_REGION_LENGTH__+0x7004a7>
     514:	80 91 e5 20 	lds	r24, 0x20E5	; 0x8020e5 <Twim_bytesWritten>
     518:	8f 5f       	subi	r24, 0xFF	; 255
     51a:	80 93 e5 20 	sts	0x20E5, r24	; 0x8020e5 <Twim_bytesWritten>
     51e:	08 95       	ret
     520:	80 91 ec 20 	lds	r24, 0x20EC	; 0x8020ec <Twim_address>
     524:	81 60       	ori	r24, 0x01	; 1
     526:	80 93 a6 04 	sts	0x04A6, r24	; 0x8004a6 <__TEXT_REGION_LENGTH__+0x7004a6>
     52a:	08 95       	ret

0000052c <TWIMReadHandler>:
     52c:	80 91 e4 20 	lds	r24, 0x20E4	; 0x8020e4 <Twim_bytesRead>
     530:	80 32       	cpi	r24, 0x20	; 32
     532:	e0 f4       	brcc	.+56     	; 0x56c <TWIMReadHandler+0x40>
     534:	80 91 a7 04 	lds	r24, 0x04A7	; 0x8004a7 <__TEXT_REGION_LENGTH__+0x7004a7>
     538:	90 91 e4 20 	lds	r25, 0x20E4	; 0x8020e4 <Twim_bytesRead>
     53c:	e0 91 e8 20 	lds	r30, 0x20E8	; 0x8020e8 <Twim_readData>
     540:	f0 91 e9 20 	lds	r31, 0x20E9	; 0x8020e9 <Twim_readData+0x1>
     544:	e9 0f       	add	r30, r25
     546:	f1 1d       	adc	r31, r1
     548:	80 83       	st	Z, r24
     54a:	80 91 e4 20 	lds	r24, 0x20E4	; 0x8020e4 <Twim_bytesRead>
     54e:	8f 5f       	subi	r24, 0xFF	; 255
     550:	80 93 e4 20 	sts	0x20E4, r24	; 0x8020e4 <Twim_bytesRead>
     554:	90 91 e6 20 	lds	r25, 0x20E6	; 0x8020e6 <Twim_bytesToRead>
     558:	80 91 e4 20 	lds	r24, 0x20E4	; 0x8020e4 <Twim_bytesRead>
     55c:	89 17       	cp	r24, r25
     55e:	88 f0       	brcs	.+34     	; 0x582 <TWIMReadHandler+0x56>
     560:	87 e0       	ldi	r24, 0x07	; 7
     562:	80 93 a3 04 	sts	0x04A3, r24	; 0x8004a3 <__TEXT_REGION_LENGTH__+0x7004a3>
     566:	10 92 e3 20 	sts	0x20E3, r1	; 0x8020e3 <Twim_status>
     56a:	08 95       	ret
     56c:	83 e0       	ldi	r24, 0x03	; 3
     56e:	80 93 a3 04 	sts	0x04A3, r24	; 0x8004a3 <__TEXT_REGION_LENGTH__+0x7004a3>
     572:	10 92 e3 20 	sts	0x20E3, r1	; 0x8020e3 <Twim_status>
     576:	90 91 e6 20 	lds	r25, 0x20E6	; 0x8020e6 <Twim_bytesToRead>
     57a:	80 91 e4 20 	lds	r24, 0x20E4	; 0x8020e4 <Twim_bytesRead>
     57e:	89 17       	cp	r24, r25
     580:	78 f7       	brcc	.-34     	; 0x560 <TWIMReadHandler+0x34>
     582:	82 e0       	ldi	r24, 0x02	; 2
     584:	80 93 a3 04 	sts	0x04A3, r24	; 0x8004a3 <__TEXT_REGION_LENGTH__+0x7004a3>
     588:	08 95       	ret

0000058a <__vector_46>:
}

ISR (TWIM_BUS_vect)
{
     58a:	1f 92       	push	r1
     58c:	0f 92       	push	r0
     58e:	0f b6       	in	r0, 0x3f	; 63
     590:	0f 92       	push	r0
     592:	11 24       	eor	r1, r1
     594:	0b b6       	in	r0, 0x3b	; 59
     596:	0f 92       	push	r0
     598:	2f 93       	push	r18
     59a:	3f 93       	push	r19
     59c:	4f 93       	push	r20
     59e:	5f 93       	push	r21
     5a0:	6f 93       	push	r22
     5a2:	7f 93       	push	r23
     5a4:	8f 93       	push	r24
     5a6:	9f 93       	push	r25
     5a8:	af 93       	push	r26
     5aa:	bf 93       	push	r27
     5ac:	ef 93       	push	r30
     5ae:	ff 93       	push	r31
	uint8_t currentStatus = TWIM_BUS.MASTER.STATUS;
     5b0:	80 91 a4 04 	lds	r24, 0x04A4	; 0x8004a4 <__TEXT_REGION_LENGTH__+0x7004a4>

	/* If arbitration lost or bus error. */
	if ((currentStatus & TWI_MASTER_ARBLOST_bm) ||
     5b4:	98 2f       	mov	r25, r24
     5b6:	9c 70       	andi	r25, 0x0C	; 12
     5b8:	39 f4       	brne	.+14     	; 0x5c8 <__vector_46+0x3e>

		TWIMArbitrationLostBusErrorHandler();
	}

	/* If master write interrupt. */
	else if (currentStatus & TWI_MASTER_WIF_bm) {
     5ba:	86 fd       	sbrc	r24, 6
     5bc:	21 c0       	rjmp	.+66     	; 0x600 <__vector_46+0x76>
		TWIMWriteHandler();
	}

	/* If master read interrupt. */
	else if (currentStatus & TWI_MASTER_RIF_bm) {
     5be:	87 fd       	sbrc	r24, 7
     5c0:	22 c0       	rjmp	.+68     	; 0x606 <__vector_46+0x7c>
}

void TWIMTransactionFinished( uint8_t result)
{
	Twim_result = result;
	Twim_status = TWIM_STATUS_READY;
     5c2:	10 92 e3 20 	sts	0x20E3, r1	; 0x8020e3 <Twim_status>
     5c6:	07 c0       	rjmp	.+14     	; 0x5d6 <__vector_46+0x4c>
	}
}

void TWIMArbitrationLostBusErrorHandler()
{
	uint8_t currentStatus = TWIM_BUS.MASTER.STATUS;
     5c8:	80 91 a4 04 	lds	r24, 0x04A4	; 0x8004a4 <__TEXT_REGION_LENGTH__+0x7004a4>
	else {
		Twim_result = TWIM_RESULT_ARBITRATION_LOST;
	}

	/* Clear interrupt flag. */
	TWIM_BUS.MASTER.STATUS = currentStatus | TWI_MASTER_ARBLOST_bm;
     5cc:	88 60       	ori	r24, 0x08	; 8
     5ce:	80 93 a4 04 	sts	0x04A4, r24	; 0x8004a4 <__TEXT_REGION_LENGTH__+0x7004a4>

	Twim_status = TWIM_STATUS_READY;
     5d2:	10 92 e3 20 	sts	0x20E3, r1	; 0x8020e3 <Twim_status>
	/* If unexpected state. */
	else {
		TWIMTransactionFinished(TWIM_RESULT_FAIL);
	}
	
	if (Twim_status == TWIM_STATUS_READY) //Transaction finished
     5d6:	80 91 e3 20 	lds	r24, 0x20E3	; 0x8020e3 <Twim_status>
	{	
	}
}
     5da:	ff 91       	pop	r31
     5dc:	ef 91       	pop	r30
     5de:	bf 91       	pop	r27
     5e0:	af 91       	pop	r26
     5e2:	9f 91       	pop	r25
     5e4:	8f 91       	pop	r24
     5e6:	7f 91       	pop	r23
     5e8:	6f 91       	pop	r22
     5ea:	5f 91       	pop	r21
     5ec:	4f 91       	pop	r20
     5ee:	3f 91       	pop	r19
     5f0:	2f 91       	pop	r18
     5f2:	0f 90       	pop	r0
     5f4:	0b be       	out	0x3b, r0	; 59
     5f6:	0f 90       	pop	r0
     5f8:	0f be       	out	0x3f, r0	; 63
     5fa:	0f 90       	pop	r0
     5fc:	1f 90       	pop	r1
     5fe:	18 95       	reti
		TWIMArbitrationLostBusErrorHandler();
	}

	/* If master write interrupt. */
	else if (currentStatus & TWI_MASTER_WIF_bm) {
		TWIMWriteHandler();
     600:	0e 94 69 02 	call	0x4d2	; 0x4d2 <TWIMWriteHandler>
     604:	e8 cf       	rjmp	.-48     	; 0x5d6 <__vector_46+0x4c>
	}

	/* If master read interrupt. */
	else if (currentStatus & TWI_MASTER_RIF_bm) {
		TWIMReadHandler();
     606:	0e 94 96 02 	call	0x52c	; 0x52c <TWIMReadHandler>
     60a:	e5 cf       	rjmp	.-54     	; 0x5d6 <__vector_46+0x4c>

0000060c <stdio_putchar>:
}


static int stdio_putchar(char c, FILE * stream)
{
	USART.DATA = c;
     60c:	80 93 a0 0a 	sts	0x0AA0, r24	; 0x800aa0 <__TEXT_REGION_LENGTH__+0x700aa0>
	while (!(USART.STATUS & 0b01000000));
     610:	80 91 a1 0a 	lds	r24, 0x0AA1	; 0x800aa1 <__TEXT_REGION_LENGTH__+0x700aa1>
     614:	86 ff       	sbrs	r24, 6
     616:	fc cf       	rjmp	.-8      	; 0x610 <stdio_putchar+0x4>
	USART.STATUS=0b01000000;
     618:	80 e4       	ldi	r24, 0x40	; 64
     61a:	80 93 a1 0a 	sts	0x0AA1, r24	; 0x800aa1 <__TEXT_REGION_LENGTH__+0x700aa1>
	return 0;
}
     61e:	80 e0       	ldi	r24, 0x00	; 0
     620:	90 e0       	ldi	r25, 0x00	; 0
     622:	08 95       	ret

00000624 <stdio_getchar>:
	
static int stdio_getchar(FILE *stream)
{
	while (!(USART.STATUS & 0b10000000));
     624:	80 91 a1 0a 	lds	r24, 0x0AA1	; 0x800aa1 <__TEXT_REGION_LENGTH__+0x700aa1>
     628:	87 ff       	sbrs	r24, 7
     62a:	fc cf       	rjmp	.-8      	; 0x624 <stdio_getchar>
	return USART.DATA;
     62c:	80 91 a0 0a 	lds	r24, 0x0AA0	; 0x800aa0 <__TEXT_REGION_LENGTH__+0x700aa0>
}
     630:	90 e0       	ldi	r25, 0x00	; 0
     632:	08 95       	ret

00000634 <DriverUSARTInit>:
static int stdio_getchar(FILE *stream);
static FILE UsartStdio = FDEV_SETUP_STREAM(stdio_putchar, stdio_getchar,_FDEV_SETUP_RW);

void DriverUSARTInit(void)
{
	USART_PORT.DIRSET=0b00001000;	
     634:	e0 e8       	ldi	r30, 0x80	; 128
     636:	f6 e0       	ldi	r31, 0x06	; 6
     638:	88 e0       	ldi	r24, 0x08	; 8
     63a:	81 83       	std	Z+1, r24	; 0x01
	USART_PORT.DIRCLR=0b00000100;
     63c:	84 e0       	ldi	r24, 0x04	; 4
     63e:	82 83       	std	Z+2, r24	; 0x02
	
	USART.CTRLA=0b00000000;
     640:	e0 ea       	ldi	r30, 0xA0	; 160
     642:	fa e0       	ldi	r31, 0x0A	; 10
     644:	13 82       	std	Z+3, r1	; 0x03
	USART.CTRLB=0b00011000;
     646:	88 e1       	ldi	r24, 0x18	; 24
     648:	84 83       	std	Z+4, r24	; 0x04
	USART.CTRLC=0b00000011;	
     64a:	83 e0       	ldi	r24, 0x03	; 3
     64c:	85 83       	std	Z+5, r24	; 0x05
	
	USART.BAUDCTRLA=0xE5; //BSEL=3301, BSCALE=-5 19200 baud
     64e:	85 ee       	ldi	r24, 0xE5	; 229
     650:	86 83       	std	Z+6, r24	; 0x06
	USART.BAUDCTRLB=0xBC; 
     652:	8c eb       	ldi	r24, 0xBC	; 188
     654:	87 83       	std	Z+7, r24	; 0x07
	
	stdout=&UsartStdio;
     656:	e4 ea       	ldi	r30, 0xA4	; 164
     658:	f1 e2       	ldi	r31, 0x21	; 33
     65a:	86 e0       	ldi	r24, 0x06	; 6
     65c:	90 e2       	ldi	r25, 0x20	; 32
     65e:	82 83       	std	Z+2, r24	; 0x02
     660:	93 83       	std	Z+3, r25	; 0x03
	stdin=&UsartStdio;
     662:	80 83       	st	Z, r24
     664:	91 83       	std	Z+1, r25	; 0x01
     666:	08 95       	ret

00000668 <pvPortMalloc>:
	pxIterator->pxNextFreeBlock = pxBlockToInsert;									\
}
/*-----------------------------------------------------------*/

void *pvPortMalloc( size_t xWantedSize )
{
     668:	0f 93       	push	r16
     66a:	1f 93       	push	r17
     66c:	cf 93       	push	r28
     66e:	df 93       	push	r29
     670:	ec 01       	movw	r28, r24
BlockLink_t *pxBlock, *pxPreviousBlock, *pxNewBlockLink;
static BaseType_t xHeapHasBeenInitialised = pdFALSE;
void *pvReturn = NULL;

	vTaskSuspendAll();
     672:	0e 94 29 09 	call	0x1252	; 0x1252 <vTaskSuspendAll>
	{
		/* If this is the first call to malloc then the heap will require
		initialisation to setup the list of free blocks. */
		if( xHeapHasBeenInitialised == pdFALSE )
     676:	80 91 ed 20 	lds	r24, 0x20ED	; 0x8020ed <xHeapHasBeenInitialised.4125>
     67a:	81 11       	cpse	r24, r1
     67c:	21 c0       	rjmp	.+66     	; 0x6c0 <pvPortMalloc+0x58>
{
BlockLink_t *pxFirstFreeBlock;
uint8_t *pucAlignedHeap;

	/* Ensure the heap starts on a correctly aligned boundary. */
	pucAlignedHeap = ( uint8_t * ) ( ( ( portPOINTER_SIZE_TYPE ) &ucHeap[ portBYTE_ALIGNMENT ] ) & ( ~( ( portPOINTER_SIZE_TYPE ) portBYTE_ALIGNMENT_MASK ) ) );
     67e:	e0 91 9e 21 	lds	r30, 0x219E	; 0x80219e <ucHeap>
     682:	f0 91 9f 21 	lds	r31, 0x219F	; 0x80219f <ucHeap+0x1>

	/* xStart is used to hold a pointer to the first item in the list of free
	blocks.  The void cast is used to prevent compiler warnings. */
	xStart.pxNextFreeBlock = ( void * ) pucAlignedHeap;
     686:	cf 01       	movw	r24, r30
     688:	01 96       	adiw	r24, 0x01	; 1
     68a:	80 93 f2 20 	sts	0x20F2, r24	; 0x8020f2 <xStart>
     68e:	90 93 f3 20 	sts	0x20F3, r25	; 0x8020f3 <xStart+0x1>
	xStart.xBlockSize = ( size_t ) 0;
     692:	10 92 f4 20 	sts	0x20F4, r1	; 0x8020f4 <xStart+0x2>
     696:	10 92 f5 20 	sts	0x20F5, r1	; 0x8020f5 <xStart+0x3>

	/* xEnd is used to mark the end of the list of free blocks. */
	xEnd.xBlockSize = configADJUSTED_HEAP_SIZE;
     69a:	8f ef       	ldi	r24, 0xFF	; 255
     69c:	9f e3       	ldi	r25, 0x3F	; 63
     69e:	80 93 f0 20 	sts	0x20F0, r24	; 0x8020f0 <xEnd+0x2>
     6a2:	90 93 f1 20 	sts	0x20F1, r25	; 0x8020f1 <xEnd+0x3>
	xEnd.pxNextFreeBlock = NULL;
     6a6:	10 92 ee 20 	sts	0x20EE, r1	; 0x8020ee <xEnd>
     6aa:	10 92 ef 20 	sts	0x20EF, r1	; 0x8020ef <xEnd+0x1>

	/* To start with there is a single free block that is sized to take up the
	entire heap space. */
	pxFirstFreeBlock = ( void * ) pucAlignedHeap;
	pxFirstFreeBlock->xBlockSize = configADJUSTED_HEAP_SIZE;
     6ae:	83 83       	std	Z+3, r24	; 0x03
     6b0:	94 83       	std	Z+4, r25	; 0x04
	pxFirstFreeBlock->pxNextFreeBlock = &xEnd;
     6b2:	8e ee       	ldi	r24, 0xEE	; 238
     6b4:	90 e2       	ldi	r25, 0x20	; 32
     6b6:	81 83       	std	Z+1, r24	; 0x01
     6b8:	92 83       	std	Z+2, r25	; 0x02
		/* If this is the first call to malloc then the heap will require
		initialisation to setup the list of free blocks. */
		if( xHeapHasBeenInitialised == pdFALSE )
		{
			prvHeapInit();
			xHeapHasBeenInitialised = pdTRUE;
     6ba:	81 e0       	ldi	r24, 0x01	; 1
     6bc:	80 93 ed 20 	sts	0x20ED, r24	; 0x8020ed <xHeapHasBeenInitialised.4125>
		}

		/* The wanted size is increased so it can contain a BlockLink_t
		structure in addition to the requested amount of bytes. */
		if( xWantedSize > 0 )
     6c0:	20 97       	sbiw	r28, 0x00	; 0
     6c2:	09 f4       	brne	.+2      	; 0x6c6 <pvPortMalloc+0x5e>
     6c4:	64 c0       	rjmp	.+200    	; 0x78e <pvPortMalloc+0x126>
		{
			xWantedSize += heapSTRUCT_SIZE;
     6c6:	ae 01       	movw	r20, r28
     6c8:	4c 5f       	subi	r20, 0xFC	; 252
     6ca:	5f 4f       	sbci	r21, 0xFF	; 255
				/* Byte alignment required. */
				xWantedSize += ( portBYTE_ALIGNMENT - ( xWantedSize & portBYTE_ALIGNMENT_MASK ) );
			}
		}

		if( ( xWantedSize > 0 ) && ( xWantedSize < configADJUSTED_HEAP_SIZE ) )
     6cc:	23 96       	adiw	r28, 0x03	; 3
     6ce:	ce 3f       	cpi	r28, 0xFE	; 254
     6d0:	df 43       	sbci	r29, 0x3F	; 63
     6d2:	08 f0       	brcs	.+2      	; 0x6d6 <pvPortMalloc+0x6e>
     6d4:	5c c0       	rjmp	.+184    	; 0x78e <pvPortMalloc+0x126>
		{
			/* Blocks are stored in byte order - traverse the list from the start
			(smallest) block until one of adequate size is found. */
			pxPreviousBlock = &xStart;
			pxBlock = xStart.pxNextFreeBlock;
     6d6:	e0 91 f2 20 	lds	r30, 0x20F2	; 0x8020f2 <xStart>
     6da:	f0 91 f3 20 	lds	r31, 0x20F3	; 0x8020f3 <xStart+0x1>

		if( ( xWantedSize > 0 ) && ( xWantedSize < configADJUSTED_HEAP_SIZE ) )
		{
			/* Blocks are stored in byte order - traverse the list from the start
			(smallest) block until one of adequate size is found. */
			pxPreviousBlock = &xStart;
     6de:	a2 ef       	ldi	r26, 0xF2	; 242
     6e0:	b0 e2       	ldi	r27, 0x20	; 32
			pxBlock = xStart.pxNextFreeBlock;
			while( ( pxBlock->xBlockSize < xWantedSize ) && ( pxBlock->pxNextFreeBlock != NULL ) )
     6e2:	06 c0       	rjmp	.+12     	; 0x6f0 <pvPortMalloc+0x88>
     6e4:	80 81       	ld	r24, Z
     6e6:	91 81       	ldd	r25, Z+1	; 0x01
     6e8:	00 97       	sbiw	r24, 0x00	; 0
     6ea:	39 f0       	breq	.+14     	; 0x6fa <pvPortMalloc+0x92>
     6ec:	df 01       	movw	r26, r30
     6ee:	fc 01       	movw	r30, r24
     6f0:	22 81       	ldd	r18, Z+2	; 0x02
     6f2:	33 81       	ldd	r19, Z+3	; 0x03
     6f4:	24 17       	cp	r18, r20
     6f6:	35 07       	cpc	r19, r21
     6f8:	a8 f3       	brcs	.-22     	; 0x6e4 <pvPortMalloc+0x7c>
				pxPreviousBlock = pxBlock;
				pxBlock = pxBlock->pxNextFreeBlock;
			}

			/* If we found the end marker then a block of adequate size was not found. */
			if( pxBlock != &xEnd )
     6fa:	c0 e2       	ldi	r28, 0x20	; 32
     6fc:	ee 3e       	cpi	r30, 0xEE	; 238
     6fe:	fc 07       	cpc	r31, r28
     700:	09 f4       	brne	.+2      	; 0x704 <pvPortMalloc+0x9c>
     702:	45 c0       	rjmp	.+138    	; 0x78e <pvPortMalloc+0x126>
			{
				/* Return the memory space - jumping over the BlockLink_t structure
				at its start. */
				pvReturn = ( void * ) ( ( ( uint8_t * ) pxPreviousBlock->pxNextFreeBlock ) + heapSTRUCT_SIZE );
     704:	cd 91       	ld	r28, X+
     706:	dc 91       	ld	r29, X
     708:	11 97       	sbiw	r26, 0x01	; 1
     70a:	8e 01       	movw	r16, r28
     70c:	0c 5f       	subi	r16, 0xFC	; 252
     70e:	1f 4f       	sbci	r17, 0xFF	; 255

				/* This block is being returned for use so must be taken out of the
				list of free blocks. */
				pxPreviousBlock->pxNextFreeBlock = pxBlock->pxNextFreeBlock;
     710:	80 81       	ld	r24, Z
     712:	91 81       	ldd	r25, Z+1	; 0x01
     714:	8d 93       	st	X+, r24
     716:	9c 93       	st	X, r25

				/* If the block is larger than required it can be split into two. */
				if( ( pxBlock->xBlockSize - xWantedSize ) > heapMINIMUM_BLOCK_SIZE )
     718:	c9 01       	movw	r24, r18
     71a:	84 1b       	sub	r24, r20
     71c:	95 0b       	sbc	r25, r21
     71e:	89 30       	cpi	r24, 0x09	; 9
     720:	91 05       	cpc	r25, r1
     722:	00 f1       	brcs	.+64     	; 0x764 <pvPortMalloc+0xfc>
				{
					/* This block is to be split into two.  Create a new block
					following the number of bytes requested. The void cast is
					used to prevent byte alignment warnings from the compiler. */
					pxNewBlockLink = ( void * ) ( ( ( uint8_t * ) pxBlock ) + xWantedSize );
     724:	bf 01       	movw	r22, r30
     726:	64 0f       	add	r22, r20
     728:	75 1f       	adc	r23, r21

					/* Calculate the sizes of two blocks split from the single
					block. */
					pxNewBlockLink->xBlockSize = pxBlock->xBlockSize - xWantedSize;
     72a:	db 01       	movw	r26, r22
     72c:	12 96       	adiw	r26, 0x02	; 2
     72e:	8d 93       	st	X+, r24
     730:	9c 93       	st	X, r25
     732:	13 97       	sbiw	r26, 0x03	; 3
					pxBlock->xBlockSize = xWantedSize;
     734:	42 83       	std	Z+2, r20	; 0x02
     736:	53 83       	std	Z+3, r21	; 0x03

					/* Insert the new block into the list of free blocks. */
					prvInsertBlockIntoFreeList( ( pxNewBlockLink ) );
     738:	12 96       	adiw	r26, 0x02	; 2
     73a:	2d 91       	ld	r18, X+
     73c:	3c 91       	ld	r19, X
     73e:	13 97       	sbiw	r26, 0x03	; 3
     740:	a2 ef       	ldi	r26, 0xF2	; 242
     742:	b0 e2       	ldi	r27, 0x20	; 32
     744:	01 c0       	rjmp	.+2      	; 0x748 <pvPortMalloc+0xe0>
     746:	df 01       	movw	r26, r30
     748:	ed 91       	ld	r30, X+
     74a:	fc 91       	ld	r31, X
     74c:	11 97       	sbiw	r26, 0x01	; 1
     74e:	82 81       	ldd	r24, Z+2	; 0x02
     750:	93 81       	ldd	r25, Z+3	; 0x03
     752:	82 17       	cp	r24, r18
     754:	93 07       	cpc	r25, r19
     756:	b8 f3       	brcs	.-18     	; 0x746 <pvPortMalloc+0xde>
     758:	eb 01       	movw	r28, r22
     75a:	e8 83       	st	Y, r30
     75c:	f9 83       	std	Y+1, r31	; 0x01
     75e:	6d 93       	st	X+, r22
     760:	7c 93       	st	X, r23

		/* The wanted size is increased so it can contain a BlockLink_t
		structure in addition to the requested amount of bytes. */
		if( xWantedSize > 0 )
		{
			xWantedSize += heapSTRUCT_SIZE;
     762:	9a 01       	movw	r18, r20

					/* Insert the new block into the list of free blocks. */
					prvInsertBlockIntoFreeList( ( pxNewBlockLink ) );
				}

				xFreeBytesRemaining -= pxBlock->xBlockSize;
     764:	80 91 14 20 	lds	r24, 0x2014	; 0x802014 <xFreeBytesRemaining>
     768:	90 91 15 20 	lds	r25, 0x2015	; 0x802015 <xFreeBytesRemaining+0x1>
     76c:	82 1b       	sub	r24, r18
     76e:	93 0b       	sbc	r25, r19
     770:	80 93 14 20 	sts	0x2014, r24	; 0x802014 <xFreeBytesRemaining>
     774:	90 93 15 20 	sts	0x2015, r25	; 0x802015 <xFreeBytesRemaining+0x1>
			}
		}

		traceMALLOC( pvReturn, xWantedSize );
	}
	( void ) xTaskResumeAll();
     778:	0e 94 09 0a 	call	0x1412	; 0x1412 <xTaskResumeAll>

	#if( configUSE_MALLOC_FAILED_HOOK == 1 )
	{
		if( pvReturn == NULL )
     77c:	01 15       	cp	r16, r1
     77e:	11 05       	cpc	r17, r1
     780:	41 f0       	breq	.+16     	; 0x792 <pvPortMalloc+0x12a>
		}
	}
	#endif

	return pvReturn;
}
     782:	c8 01       	movw	r24, r16
     784:	df 91       	pop	r29
     786:	cf 91       	pop	r28
     788:	1f 91       	pop	r17
     78a:	0f 91       	pop	r16
     78c:	08 95       	ret
			}
		}

		traceMALLOC( pvReturn, xWantedSize );
	}
	( void ) xTaskResumeAll();
     78e:	0e 94 09 0a 	call	0x1412	; 0x1412 <xTaskResumeAll>
	#if( configUSE_MALLOC_FAILED_HOOK == 1 )
	{
		if( pvReturn == NULL )
		{
			extern void vApplicationMallocFailedHook( void );
			vApplicationMallocFailedHook();
     792:	0e 94 c8 0a 	call	0x1590	; 0x1590 <vApplicationMallocFailedHook>
     796:	00 e0       	ldi	r16, 0x00	; 0
     798:	10 e0       	ldi	r17, 0x00	; 0
		}
	}
	#endif

	return pvReturn;
}
     79a:	c8 01       	movw	r24, r16
     79c:	df 91       	pop	r29
     79e:	cf 91       	pop	r28
     7a0:	1f 91       	pop	r17
     7a2:	0f 91       	pop	r16
     7a4:	08 95       	ret

000007a6 <vPortFree>:
/*-----------------------------------------------------------*/

void vPortFree( void *pv )
{
     7a6:	cf 93       	push	r28
     7a8:	df 93       	push	r29
uint8_t *puc = ( uint8_t * ) pv;
BlockLink_t *pxLink;

	if( pv != NULL )
     7aa:	00 97       	sbiw	r24, 0x00	; 0
     7ac:	21 f1       	breq	.+72     	; 0x7f6 <vPortFree+0x50>
	{
		/* The memory being freed will have an BlockLink_t structure immediately
		before it. */
		puc -= heapSTRUCT_SIZE;
     7ae:	ec 01       	movw	r28, r24
     7b0:	24 97       	sbiw	r28, 0x04	; 4

		/* This unexpected casting is to keep some compilers from issuing
		byte alignment warnings. */
		pxLink = ( void * ) puc;

		vTaskSuspendAll();
     7b2:	0e 94 29 09 	call	0x1252	; 0x1252 <vTaskSuspendAll>
		{
			/* Add this block to the list of free blocks. */
			prvInsertBlockIntoFreeList( ( ( BlockLink_t * ) pxLink ) );
     7b6:	4a 81       	ldd	r20, Y+2	; 0x02
     7b8:	5b 81       	ldd	r21, Y+3	; 0x03
     7ba:	a2 ef       	ldi	r26, 0xF2	; 242
     7bc:	b0 e2       	ldi	r27, 0x20	; 32
     7be:	01 c0       	rjmp	.+2      	; 0x7c2 <vPortFree+0x1c>
     7c0:	df 01       	movw	r26, r30
     7c2:	ed 91       	ld	r30, X+
     7c4:	fc 91       	ld	r31, X
     7c6:	11 97       	sbiw	r26, 0x01	; 1
     7c8:	22 81       	ldd	r18, Z+2	; 0x02
     7ca:	33 81       	ldd	r19, Z+3	; 0x03
     7cc:	24 17       	cp	r18, r20
     7ce:	35 07       	cpc	r19, r21
     7d0:	b8 f3       	brcs	.-18     	; 0x7c0 <vPortFree+0x1a>
     7d2:	e8 83       	st	Y, r30
     7d4:	f9 83       	std	Y+1, r31	; 0x01
     7d6:	cd 93       	st	X+, r28
     7d8:	dc 93       	st	X, r29
			xFreeBytesRemaining += pxLink->xBlockSize;
     7da:	80 91 14 20 	lds	r24, 0x2014	; 0x802014 <xFreeBytesRemaining>
     7de:	90 91 15 20 	lds	r25, 0x2015	; 0x802015 <xFreeBytesRemaining+0x1>
     7e2:	48 0f       	add	r20, r24
     7e4:	59 1f       	adc	r21, r25
     7e6:	40 93 14 20 	sts	0x2014, r20	; 0x802014 <xFreeBytesRemaining>
     7ea:	50 93 15 20 	sts	0x2015, r21	; 0x802015 <xFreeBytesRemaining+0x1>
			traceFREE( pv, pxLink->xBlockSize );
		}
		( void ) xTaskResumeAll();
	}
}
     7ee:	df 91       	pop	r29
     7f0:	cf 91       	pop	r28
			/* Add this block to the list of free blocks. */
			prvInsertBlockIntoFreeList( ( ( BlockLink_t * ) pxLink ) );
			xFreeBytesRemaining += pxLink->xBlockSize;
			traceFREE( pv, pxLink->xBlockSize );
		}
		( void ) xTaskResumeAll();
     7f2:	0c 94 09 0a 	jmp	0x1412	; 0x1412 <xTaskResumeAll>
	}
}
     7f6:	df 91       	pop	r29
     7f8:	cf 91       	pop	r28
     7fa:	08 95       	ret

000007fc <vListInitialise>:
/*-----------------------------------------------------------
 * PUBLIC LIST API documented in list.h
 *----------------------------------------------------------*/

void vListInitialise( List_t * const pxList )
{
     7fc:	fc 01       	movw	r30, r24
	/* The list structure contains a list item which is used to mark the
	end of the list.  To initialise the list the list end is inserted
	as the only list entry. */
	pxList->pxIndex = ( ListItem_t * ) &( pxList->xListEnd );			/*lint !e826 !e740 !e9087 The mini list structure is used as the list end to save RAM.  This is checked and valid. */
     7fe:	03 96       	adiw	r24, 0x03	; 3
     800:	81 83       	std	Z+1, r24	; 0x01
     802:	92 83       	std	Z+2, r25	; 0x02

	/* The list end value is the highest possible value in the list to
	ensure it remains at the end of the list. */
	pxList->xListEnd.xItemValue = portMAX_DELAY;
     804:	2f ef       	ldi	r18, 0xFF	; 255
     806:	3f ef       	ldi	r19, 0xFF	; 255
     808:	23 83       	std	Z+3, r18	; 0x03
     80a:	34 83       	std	Z+4, r19	; 0x04

	/* The list end next and previous pointers point to itself so we know
	when the list is empty. */
	pxList->xListEnd.pxNext = ( ListItem_t * ) &( pxList->xListEnd );	/*lint !e826 !e740 !e9087 The mini list structure is used as the list end to save RAM.  This is checked and valid. */
     80c:	85 83       	std	Z+5, r24	; 0x05
     80e:	96 83       	std	Z+6, r25	; 0x06
	pxList->xListEnd.pxPrevious = ( ListItem_t * ) &( pxList->xListEnd );/*lint !e826 !e740 !e9087 The mini list structure is used as the list end to save RAM.  This is checked and valid. */
     810:	87 83       	std	Z+7, r24	; 0x07
     812:	90 87       	std	Z+8, r25	; 0x08

	pxList->uxNumberOfItems = ( UBaseType_t ) 0U;
     814:	10 82       	st	Z, r1
     816:	08 95       	ret

00000818 <vListInitialiseItem>:
/*-----------------------------------------------------------*/

void vListInitialiseItem( ListItem_t * const pxItem )
{
	/* Make sure the list item is not recorded as being on a list. */
	pxItem->pxContainer = NULL;
     818:	fc 01       	movw	r30, r24
     81a:	10 86       	std	Z+8, r1	; 0x08
     81c:	11 86       	std	Z+9, r1	; 0x09
     81e:	08 95       	ret

00000820 <vListInsertEnd>:
	listSET_SECOND_LIST_ITEM_INTEGRITY_CHECK_VALUE( pxItem );
}
/*-----------------------------------------------------------*/

void vListInsertEnd( List_t * const pxList, ListItem_t * const pxNewListItem )
{
     820:	cf 93       	push	r28
     822:	df 93       	push	r29
     824:	9c 01       	movw	r18, r24
     826:	fb 01       	movw	r30, r22
ListItem_t * const pxIndex = pxList->pxIndex;
     828:	dc 01       	movw	r26, r24
     82a:	11 96       	adiw	r26, 0x01	; 1
     82c:	cd 91       	ld	r28, X+
     82e:	dc 91       	ld	r29, X
     830:	12 97       	sbiw	r26, 0x02	; 2
	listTEST_LIST_ITEM_INTEGRITY( pxNewListItem );

	/* Insert a new list item into pxList, but rather than sort the list,
	makes the new list item the last item to be removed by a call to
	listGET_OWNER_OF_NEXT_ENTRY(). */
	pxNewListItem->pxNext = pxIndex;
     832:	c2 83       	std	Z+2, r28	; 0x02
     834:	d3 83       	std	Z+3, r29	; 0x03
	pxNewListItem->pxPrevious = pxIndex->pxPrevious;
     836:	8c 81       	ldd	r24, Y+4	; 0x04
     838:	9d 81       	ldd	r25, Y+5	; 0x05
     83a:	84 83       	std	Z+4, r24	; 0x04
     83c:	95 83       	std	Z+5, r25	; 0x05

	/* Only used during decision coverage testing. */
	mtCOVERAGE_TEST_DELAY();

	pxIndex->pxPrevious->pxNext = pxNewListItem;
     83e:	8c 81       	ldd	r24, Y+4	; 0x04
     840:	9d 81       	ldd	r25, Y+5	; 0x05
     842:	dc 01       	movw	r26, r24
     844:	12 96       	adiw	r26, 0x02	; 2
     846:	6d 93       	st	X+, r22
     848:	7c 93       	st	X, r23
     84a:	13 97       	sbiw	r26, 0x03	; 3
	pxIndex->pxPrevious = pxNewListItem;
     84c:	6c 83       	std	Y+4, r22	; 0x04
     84e:	7d 83       	std	Y+5, r23	; 0x05

	/* Remember which list the item is in. */
	pxNewListItem->pxContainer = pxList;
     850:	20 87       	std	Z+8, r18	; 0x08
     852:	31 87       	std	Z+9, r19	; 0x09

	( pxList->uxNumberOfItems )++;
     854:	f9 01       	movw	r30, r18
     856:	80 81       	ld	r24, Z
     858:	8f 5f       	subi	r24, 0xFF	; 255
     85a:	80 83       	st	Z, r24
}
     85c:	df 91       	pop	r29
     85e:	cf 91       	pop	r28
     860:	08 95       	ret

00000862 <vListInsert>:
/*-----------------------------------------------------------*/

void vListInsert( List_t * const pxList, ListItem_t * const pxNewListItem )
{
     862:	cf 93       	push	r28
     864:	df 93       	push	r29
     866:	eb 01       	movw	r28, r22
ListItem_t *pxIterator;
const TickType_t xValueOfInsertion = pxNewListItem->xItemValue;
     868:	48 81       	ld	r20, Y
     86a:	59 81       	ldd	r21, Y+1	; 0x01
	new list item should be placed after it.  This ensures that TCBs which are
	stored in ready lists (all of which have the same xItemValue value) get a
	share of the CPU.  However, if the xItemValue is the same as the back marker
	the iteration loop below will not end.  Therefore the value is checked
	first, and the algorithm slightly modified if necessary. */
	if( xValueOfInsertion == portMAX_DELAY )
     86c:	4f 3f       	cpi	r20, 0xFF	; 255
     86e:	2f ef       	ldi	r18, 0xFF	; 255
     870:	52 07       	cpc	r21, r18
     872:	01 f1       	breq	.+64     	; 0x8b4 <vListInsert+0x52>
			4) Using a queue or semaphore before it has been initialised or
			   before the scheduler has been started (are interrupts firing
			   before vTaskStartScheduler() has been called?).
		**********************************************************************/

		for( pxIterator = ( ListItem_t * ) &( pxList->xListEnd ); pxIterator->pxNext->xItemValue <= xValueOfInsertion; pxIterator = pxIterator->pxNext ) /*lint !e826 !e740 !e9087 The mini list structure is used as the list end to save RAM.  This is checked and valid. *//*lint !e440 The iterator moves to a different value, not xValueOfInsertion. */
     874:	dc 01       	movw	r26, r24
     876:	13 96       	adiw	r26, 0x03	; 3
     878:	01 c0       	rjmp	.+2      	; 0x87c <vListInsert+0x1a>
     87a:	df 01       	movw	r26, r30
     87c:	12 96       	adiw	r26, 0x02	; 2
     87e:	ed 91       	ld	r30, X+
     880:	fc 91       	ld	r31, X
     882:	13 97       	sbiw	r26, 0x03	; 3
     884:	20 81       	ld	r18, Z
     886:	31 81       	ldd	r19, Z+1	; 0x01
     888:	42 17       	cp	r20, r18
     88a:	53 07       	cpc	r21, r19
     88c:	b0 f7       	brcc	.-20     	; 0x87a <vListInsert+0x18>
			/* There is nothing to do here, just iterating to the wanted
			insertion position. */
		}
	}

	pxNewListItem->pxNext = pxIterator->pxNext;
     88e:	ea 83       	std	Y+2, r30	; 0x02
     890:	fb 83       	std	Y+3, r31	; 0x03
	pxNewListItem->pxNext->pxPrevious = pxNewListItem;
     892:	c4 83       	std	Z+4, r28	; 0x04
     894:	d5 83       	std	Z+5, r29	; 0x05
	pxNewListItem->pxPrevious = pxIterator;
     896:	ac 83       	std	Y+4, r26	; 0x04
     898:	bd 83       	std	Y+5, r27	; 0x05
	pxIterator->pxNext = pxNewListItem;
     89a:	12 96       	adiw	r26, 0x02	; 2
     89c:	cd 93       	st	X+, r28
     89e:	dc 93       	st	X, r29
     8a0:	13 97       	sbiw	r26, 0x03	; 3

	/* Remember which list the item is in.  This allows fast removal of the
	item later. */
	pxNewListItem->pxContainer = pxList;
     8a2:	88 87       	std	Y+8, r24	; 0x08
     8a4:	99 87       	std	Y+9, r25	; 0x09

	( pxList->uxNumberOfItems )++;
     8a6:	fc 01       	movw	r30, r24
     8a8:	20 81       	ld	r18, Z
     8aa:	2f 5f       	subi	r18, 0xFF	; 255
     8ac:	20 83       	st	Z, r18
}
     8ae:	df 91       	pop	r29
     8b0:	cf 91       	pop	r28
     8b2:	08 95       	ret
	share of the CPU.  However, if the xItemValue is the same as the back marker
	the iteration loop below will not end.  Therefore the value is checked
	first, and the algorithm slightly modified if necessary. */
	if( xValueOfInsertion == portMAX_DELAY )
	{
		pxIterator = pxList->xListEnd.pxPrevious;
     8b4:	fc 01       	movw	r30, r24
     8b6:	a7 81       	ldd	r26, Z+7	; 0x07
     8b8:	b0 85       	ldd	r27, Z+8	; 0x08
     8ba:	12 96       	adiw	r26, 0x02	; 2
     8bc:	ed 91       	ld	r30, X+
     8be:	fc 91       	ld	r31, X
     8c0:	13 97       	sbiw	r26, 0x03	; 3
     8c2:	e5 cf       	rjmp	.-54     	; 0x88e <vListInsert+0x2c>

000008c4 <uxListRemove>:
	( pxList->uxNumberOfItems )++;
}
/*-----------------------------------------------------------*/

UBaseType_t uxListRemove( ListItem_t * const pxItemToRemove )
{
     8c4:	cf 93       	push	r28
     8c6:	df 93       	push	r29
     8c8:	fc 01       	movw	r30, r24
/* The list item knows which list it is in.  Obtain the list from the list
item. */
List_t * const pxList = pxItemToRemove->pxContainer;
     8ca:	a0 85       	ldd	r26, Z+8	; 0x08
     8cc:	b1 85       	ldd	r27, Z+9	; 0x09

	pxItemToRemove->pxNext->pxPrevious = pxItemToRemove->pxPrevious;
     8ce:	22 81       	ldd	r18, Z+2	; 0x02
     8d0:	33 81       	ldd	r19, Z+3	; 0x03
     8d2:	84 81       	ldd	r24, Z+4	; 0x04
     8d4:	95 81       	ldd	r25, Z+5	; 0x05
     8d6:	e9 01       	movw	r28, r18
     8d8:	8c 83       	std	Y+4, r24	; 0x04
     8da:	9d 83       	std	Y+5, r25	; 0x05
	pxItemToRemove->pxPrevious->pxNext = pxItemToRemove->pxNext;
     8dc:	84 81       	ldd	r24, Z+4	; 0x04
     8de:	95 81       	ldd	r25, Z+5	; 0x05
     8e0:	ec 01       	movw	r28, r24
     8e2:	2a 83       	std	Y+2, r18	; 0x02
     8e4:	3b 83       	std	Y+3, r19	; 0x03

	/* Only used during decision coverage testing. */
	mtCOVERAGE_TEST_DELAY();

	/* Make sure the index is left pointing to a valid item. */
	if( pxList->pxIndex == pxItemToRemove )
     8e6:	11 96       	adiw	r26, 0x01	; 1
     8e8:	2d 91       	ld	r18, X+
     8ea:	3c 91       	ld	r19, X
     8ec:	12 97       	sbiw	r26, 0x02	; 2
     8ee:	e2 17       	cp	r30, r18
     8f0:	f3 07       	cpc	r31, r19
     8f2:	49 f0       	breq	.+18     	; 0x906 <uxListRemove+0x42>
	else
	{
		mtCOVERAGE_TEST_MARKER();
	}

	pxItemToRemove->pxContainer = NULL;
     8f4:	10 86       	std	Z+8, r1	; 0x08
     8f6:	11 86       	std	Z+9, r1	; 0x09
	( pxList->uxNumberOfItems )--;
     8f8:	8c 91       	ld	r24, X
     8fa:	81 50       	subi	r24, 0x01	; 1
     8fc:	8c 93       	st	X, r24

	return pxList->uxNumberOfItems;
     8fe:	8c 91       	ld	r24, X
}
     900:	df 91       	pop	r29
     902:	cf 91       	pop	r28
     904:	08 95       	ret
	mtCOVERAGE_TEST_DELAY();

	/* Make sure the index is left pointing to a valid item. */
	if( pxList->pxIndex == pxItemToRemove )
	{
		pxList->pxIndex = pxItemToRemove->pxPrevious;
     906:	11 96       	adiw	r26, 0x01	; 1
     908:	8d 93       	st	X+, r24
     90a:	9c 93       	st	X, r25
     90c:	12 97       	sbiw	r26, 0x02	; 2
     90e:	f2 cf       	rjmp	.-28     	; 0x8f4 <uxListRemove+0x30>

00000910 <pxPortInitialiseStack>:
//void vPortYieldISR( void ) __attribute__ ( ( naked ) );
void vPortYieldISR( void )
{
	TCC0.CCA=TCC0.CNT+100;
	if (TCC0.CCA>=TCC0.PER) TCC0.CCA-= TCC0.PER;
	asm volatile ( "ret" );
     910:	31 e1       	ldi	r19, 0x11	; 17
     912:	fc 01       	movw	r30, r24
     914:	30 83       	st	Z, r19
     916:	31 97       	sbiw	r30, 0x01	; 1
     918:	22 e2       	ldi	r18, 0x22	; 34
     91a:	20 83       	st	Z, r18
     91c:	31 97       	sbiw	r30, 0x01	; 1
     91e:	a3 e3       	ldi	r26, 0x33	; 51
     920:	a0 83       	st	Z, r26
     922:	31 97       	sbiw	r30, 0x01	; 1
     924:	60 83       	st	Z, r22
     926:	31 97       	sbiw	r30, 0x01	; 1
     928:	70 83       	st	Z, r23
     92a:	31 97       	sbiw	r30, 0x01	; 1
     92c:	10 82       	st	Z, r1
     92e:	31 97       	sbiw	r30, 0x01	; 1
     930:	10 82       	st	Z, r1
     932:	31 97       	sbiw	r30, 0x01	; 1
     934:	60 e8       	ldi	r22, 0x80	; 128
     936:	60 83       	st	Z, r22
     938:	31 97       	sbiw	r30, 0x01	; 1
     93a:	10 82       	st	Z, r1
     93c:	31 97       	sbiw	r30, 0x01	; 1
     93e:	62 e0       	ldi	r22, 0x02	; 2
     940:	60 83       	st	Z, r22
     942:	31 97       	sbiw	r30, 0x01	; 1
     944:	63 e0       	ldi	r22, 0x03	; 3
     946:	60 83       	st	Z, r22
     948:	31 97       	sbiw	r30, 0x01	; 1
     94a:	64 e0       	ldi	r22, 0x04	; 4
     94c:	60 83       	st	Z, r22
     94e:	31 97       	sbiw	r30, 0x01	; 1
     950:	65 e0       	ldi	r22, 0x05	; 5
     952:	60 83       	st	Z, r22
     954:	31 97       	sbiw	r30, 0x01	; 1
     956:	66 e0       	ldi	r22, 0x06	; 6
     958:	60 83       	st	Z, r22
     95a:	31 97       	sbiw	r30, 0x01	; 1
     95c:	67 e0       	ldi	r22, 0x07	; 7
     95e:	60 83       	st	Z, r22
     960:	31 97       	sbiw	r30, 0x01	; 1
     962:	68 e0       	ldi	r22, 0x08	; 8
     964:	60 83       	st	Z, r22
     966:	31 97       	sbiw	r30, 0x01	; 1
     968:	69 e0       	ldi	r22, 0x09	; 9
     96a:	60 83       	st	Z, r22
     96c:	31 97       	sbiw	r30, 0x01	; 1
     96e:	60 e1       	ldi	r22, 0x10	; 16
     970:	60 83       	st	Z, r22
     972:	31 97       	sbiw	r30, 0x01	; 1
     974:	30 83       	st	Z, r19
     976:	31 97       	sbiw	r30, 0x01	; 1
     978:	32 e1       	ldi	r19, 0x12	; 18
     97a:	30 83       	st	Z, r19
     97c:	31 97       	sbiw	r30, 0x01	; 1
     97e:	33 e1       	ldi	r19, 0x13	; 19
     980:	30 83       	st	Z, r19
     982:	31 97       	sbiw	r30, 0x01	; 1
     984:	34 e1       	ldi	r19, 0x14	; 20
     986:	30 83       	st	Z, r19
     988:	31 97       	sbiw	r30, 0x01	; 1
     98a:	35 e1       	ldi	r19, 0x15	; 21
     98c:	30 83       	st	Z, r19
     98e:	31 97       	sbiw	r30, 0x01	; 1
     990:	36 e1       	ldi	r19, 0x16	; 22
     992:	30 83       	st	Z, r19
     994:	31 97       	sbiw	r30, 0x01	; 1
     996:	37 e1       	ldi	r19, 0x17	; 23
     998:	30 83       	st	Z, r19
     99a:	31 97       	sbiw	r30, 0x01	; 1
     99c:	38 e1       	ldi	r19, 0x18	; 24
     99e:	30 83       	st	Z, r19
     9a0:	31 97       	sbiw	r30, 0x01	; 1
     9a2:	39 e1       	ldi	r19, 0x19	; 25
     9a4:	30 83       	st	Z, r19
     9a6:	31 97       	sbiw	r30, 0x01	; 1
     9a8:	30 e2       	ldi	r19, 0x20	; 32
     9aa:	30 83       	st	Z, r19
     9ac:	31 97       	sbiw	r30, 0x01	; 1
     9ae:	31 e2       	ldi	r19, 0x21	; 33
     9b0:	30 83       	st	Z, r19
     9b2:	31 97       	sbiw	r30, 0x01	; 1
     9b4:	20 83       	st	Z, r18
     9b6:	31 97       	sbiw	r30, 0x01	; 1
     9b8:	23 e2       	ldi	r18, 0x23	; 35
     9ba:	20 83       	st	Z, r18
     9bc:	31 97       	sbiw	r30, 0x01	; 1
     9be:	40 83       	st	Z, r20
     9c0:	31 97       	sbiw	r30, 0x01	; 1
     9c2:	50 83       	st	Z, r21
     9c4:	31 97       	sbiw	r30, 0x01	; 1
     9c6:	26 e2       	ldi	r18, 0x26	; 38
     9c8:	20 83       	st	Z, r18
     9ca:	31 97       	sbiw	r30, 0x01	; 1
     9cc:	27 e2       	ldi	r18, 0x27	; 39
     9ce:	20 83       	st	Z, r18
     9d0:	31 97       	sbiw	r30, 0x01	; 1
     9d2:	28 e2       	ldi	r18, 0x28	; 40
     9d4:	20 83       	st	Z, r18
     9d6:	31 97       	sbiw	r30, 0x01	; 1
     9d8:	29 e2       	ldi	r18, 0x29	; 41
     9da:	20 83       	st	Z, r18
     9dc:	31 97       	sbiw	r30, 0x01	; 1
     9de:	20 e3       	ldi	r18, 0x30	; 48
     9e0:	20 83       	st	Z, r18
     9e2:	31 97       	sbiw	r30, 0x01	; 1
     9e4:	21 e3       	ldi	r18, 0x31	; 49
     9e6:	20 83       	st	Z, r18
     9e8:	87 97       	sbiw	r24, 0x27	; 39
     9ea:	08 95       	ret

000009ec <xPortStartScheduler>:
     9ec:	e0 e0       	ldi	r30, 0x00	; 0
     9ee:	f8 e0       	ldi	r31, 0x08	; 8
     9f0:	8f ef       	ldi	r24, 0xFF	; 255
     9f2:	9f ef       	ldi	r25, 0xFF	; 255
     9f4:	80 a7       	std	Z+40, r24	; 0x28
     9f6:	91 a7       	std	Z+41, r25	; 0x29
     9f8:	81 e0       	ldi	r24, 0x01	; 1
     9fa:	80 83       	st	Z, r24
     9fc:	90 e4       	ldi	r25, 0x40	; 64
     9fe:	91 83       	std	Z+1, r25	; 0x01
     a00:	86 83       	std	Z+6, r24	; 0x06
     a02:	87 83       	std	Z+7, r24	; 0x07
     a04:	80 e0       	ldi	r24, 0x00	; 0
     a06:	9d e7       	ldi	r25, 0x7D	; 125
     a08:	86 a3       	std	Z+38, r24	; 0x26
     a0a:	97 a3       	std	Z+39, r25	; 0x27
     a0c:	a0 91 94 21 	lds	r26, 0x2194	; 0x802194 <pxCurrentTCB>
     a10:	b0 91 95 21 	lds	r27, 0x2195	; 0x802195 <pxCurrentTCB+0x1>
     a14:	cd 91       	ld	r28, X+
     a16:	cd bf       	out	0x3d, r28	; 61
     a18:	dd 91       	ld	r29, X+
     a1a:	de bf       	out	0x3e, r29	; 62
     a1c:	ff 91       	pop	r31
     a1e:	ef 91       	pop	r30
     a20:	df 91       	pop	r29
     a22:	cf 91       	pop	r28
     a24:	bf 91       	pop	r27
     a26:	af 91       	pop	r26
     a28:	9f 91       	pop	r25
     a2a:	8f 91       	pop	r24
     a2c:	7f 91       	pop	r23
     a2e:	6f 91       	pop	r22
     a30:	5f 91       	pop	r21
     a32:	4f 91       	pop	r20
     a34:	3f 91       	pop	r19
     a36:	2f 91       	pop	r18
     a38:	1f 91       	pop	r17
     a3a:	0f 91       	pop	r16
     a3c:	ff 90       	pop	r15
     a3e:	ef 90       	pop	r14
     a40:	df 90       	pop	r13
     a42:	cf 90       	pop	r12
     a44:	bf 90       	pop	r11
     a46:	af 90       	pop	r10
     a48:	9f 90       	pop	r9
     a4a:	8f 90       	pop	r8
     a4c:	7f 90       	pop	r7
     a4e:	6f 90       	pop	r6
     a50:	5f 90       	pop	r5
     a52:	4f 90       	pop	r4
     a54:	3f 90       	pop	r3
     a56:	2f 90       	pop	r2
     a58:	1f 90       	pop	r1
     a5a:	0f 90       	pop	r0
     a5c:	0f be       	out	0x3f, r0	; 63
     a5e:	0f 90       	pop	r0
     a60:	08 95       	ret
     a62:	81 e0       	ldi	r24, 0x01	; 1
     a64:	08 95       	ret

00000a66 <vPortYield>:
     a66:	0f 92       	push	r0
     a68:	0f b6       	in	r0, 0x3f	; 63
     a6a:	f8 94       	cli
     a6c:	0f 92       	push	r0
     a6e:	1f 92       	push	r1
     a70:	11 24       	eor	r1, r1
     a72:	2f 92       	push	r2
     a74:	3f 92       	push	r3
     a76:	4f 92       	push	r4
     a78:	5f 92       	push	r5
     a7a:	6f 92       	push	r6
     a7c:	7f 92       	push	r7
     a7e:	8f 92       	push	r8
     a80:	9f 92       	push	r9
     a82:	af 92       	push	r10
     a84:	bf 92       	push	r11
     a86:	cf 92       	push	r12
     a88:	df 92       	push	r13
     a8a:	ef 92       	push	r14
     a8c:	ff 92       	push	r15
     a8e:	0f 93       	push	r16
     a90:	1f 93       	push	r17
     a92:	2f 93       	push	r18
     a94:	3f 93       	push	r19
     a96:	4f 93       	push	r20
     a98:	5f 93       	push	r21
     a9a:	6f 93       	push	r22
     a9c:	7f 93       	push	r23
     a9e:	8f 93       	push	r24
     aa0:	9f 93       	push	r25
     aa2:	af 93       	push	r26
     aa4:	bf 93       	push	r27
     aa6:	cf 93       	push	r28
     aa8:	df 93       	push	r29
     aaa:	ef 93       	push	r30
     aac:	ff 93       	push	r31
     aae:	a0 91 94 21 	lds	r26, 0x2194	; 0x802194 <pxCurrentTCB>
     ab2:	b0 91 95 21 	lds	r27, 0x2195	; 0x802195 <pxCurrentTCB+0x1>
     ab6:	0d b6       	in	r0, 0x3d	; 61
     ab8:	0d 92       	st	X+, r0
     aba:	0e b6       	in	r0, 0x3e	; 62
     abc:	0d 92       	st	X+, r0
     abe:	0e 94 bd 0a 	call	0x157a	; 0x157a <vTaskSwitchContext>
     ac2:	a0 91 94 21 	lds	r26, 0x2194	; 0x802194 <pxCurrentTCB>
     ac6:	b0 91 95 21 	lds	r27, 0x2195	; 0x802195 <pxCurrentTCB+0x1>
     aca:	cd 91       	ld	r28, X+
     acc:	cd bf       	out	0x3d, r28	; 61
     ace:	dd 91       	ld	r29, X+
     ad0:	de bf       	out	0x3e, r29	; 62
     ad2:	ff 91       	pop	r31
     ad4:	ef 91       	pop	r30
     ad6:	df 91       	pop	r29
     ad8:	cf 91       	pop	r28
     ada:	bf 91       	pop	r27
     adc:	af 91       	pop	r26
     ade:	9f 91       	pop	r25
     ae0:	8f 91       	pop	r24
     ae2:	7f 91       	pop	r23
     ae4:	6f 91       	pop	r22
     ae6:	5f 91       	pop	r21
     ae8:	4f 91       	pop	r20
     aea:	3f 91       	pop	r19
     aec:	2f 91       	pop	r18
     aee:	1f 91       	pop	r17
     af0:	0f 91       	pop	r16
     af2:	ff 90       	pop	r15
     af4:	ef 90       	pop	r14
     af6:	df 90       	pop	r13
     af8:	cf 90       	pop	r12
     afa:	bf 90       	pop	r11
     afc:	af 90       	pop	r10
     afe:	9f 90       	pop	r9
     b00:	8f 90       	pop	r8
     b02:	7f 90       	pop	r7
     b04:	6f 90       	pop	r6
     b06:	5f 90       	pop	r5
     b08:	4f 90       	pop	r4
     b0a:	3f 90       	pop	r3
     b0c:	2f 90       	pop	r2
     b0e:	1f 90       	pop	r1
     b10:	0f 90       	pop	r0
     b12:	0f be       	out	0x3f, r0	; 63
     b14:	0f 90       	pop	r0
     b16:	08 95       	ret

00000b18 <__vector_14>:
	 * the context is saved at the start of the ISR.  The tick
	 * count is incremented after the context is saved.
	 */	
	ISR(TCC0_OVF_vect,ISR_NAKED)
	{
		portSAVE_CONTEXT();
     b18:	0f 92       	push	r0
     b1a:	0f b6       	in	r0, 0x3f	; 63
     b1c:	f8 94       	cli
     b1e:	0f 92       	push	r0
     b20:	1f 92       	push	r1
     b22:	11 24       	eor	r1, r1
     b24:	2f 92       	push	r2
     b26:	3f 92       	push	r3
     b28:	4f 92       	push	r4
     b2a:	5f 92       	push	r5
     b2c:	6f 92       	push	r6
     b2e:	7f 92       	push	r7
     b30:	8f 92       	push	r8
     b32:	9f 92       	push	r9
     b34:	af 92       	push	r10
     b36:	bf 92       	push	r11
     b38:	cf 92       	push	r12
     b3a:	df 92       	push	r13
     b3c:	ef 92       	push	r14
     b3e:	ff 92       	push	r15
     b40:	0f 93       	push	r16
     b42:	1f 93       	push	r17
     b44:	2f 93       	push	r18
     b46:	3f 93       	push	r19
     b48:	4f 93       	push	r20
     b4a:	5f 93       	push	r21
     b4c:	6f 93       	push	r22
     b4e:	7f 93       	push	r23
     b50:	8f 93       	push	r24
     b52:	9f 93       	push	r25
     b54:	af 93       	push	r26
     b56:	bf 93       	push	r27
     b58:	cf 93       	push	r28
     b5a:	df 93       	push	r29
     b5c:	ef 93       	push	r30
     b5e:	ff 93       	push	r31
     b60:	a0 91 94 21 	lds	r26, 0x2194	; 0x802194 <pxCurrentTCB>
     b64:	b0 91 95 21 	lds	r27, 0x2195	; 0x802195 <pxCurrentTCB+0x1>
     b68:	0d b6       	in	r0, 0x3d	; 61
     b6a:	0d 92       	st	X+, r0
     b6c:	0e b6       	in	r0, 0x3e	; 62
     b6e:	0d 92       	st	X+, r0
		StatsTimer+=TCC0.PER;
     b70:	20 91 26 08 	lds	r18, 0x0826	; 0x800826 <__TEXT_REGION_LENGTH__+0x700826>
     b74:	30 91 27 08 	lds	r19, 0x0827	; 0x800827 <__TEXT_REGION_LENGTH__+0x700827>
     b78:	80 91 9a 21 	lds	r24, 0x219A	; 0x80219a <StatsTimer>
     b7c:	90 91 9b 21 	lds	r25, 0x219B	; 0x80219b <StatsTimer+0x1>
     b80:	a0 91 9c 21 	lds	r26, 0x219C	; 0x80219c <StatsTimer+0x2>
     b84:	b0 91 9d 21 	lds	r27, 0x219D	; 0x80219d <StatsTimer+0x3>
     b88:	82 0f       	add	r24, r18
     b8a:	93 1f       	adc	r25, r19
     b8c:	a1 1d       	adc	r26, r1
     b8e:	b1 1d       	adc	r27, r1
     b90:	80 93 9a 21 	sts	0x219A, r24	; 0x80219a <StatsTimer>
     b94:	90 93 9b 21 	sts	0x219B, r25	; 0x80219b <StatsTimer+0x1>
     b98:	a0 93 9c 21 	sts	0x219C, r26	; 0x80219c <StatsTimer+0x2>
     b9c:	b0 93 9d 21 	sts	0x219D, r27	; 0x80219d <StatsTimer+0x3>
		xTaskIncrementTick();
     ba0:	0e 94 2f 09 	call	0x125e	; 0x125e <xTaskIncrementTick>
		vTaskSwitchContext();
     ba4:	0e 94 bd 0a 	call	0x157a	; 0x157a <vTaskSwitchContext>
		portRESTORE_CONTEXT();
     ba8:	a0 91 94 21 	lds	r26, 0x2194	; 0x802194 <pxCurrentTCB>
     bac:	b0 91 95 21 	lds	r27, 0x2195	; 0x802195 <pxCurrentTCB+0x1>
     bb0:	cd 91       	ld	r28, X+
     bb2:	cd bf       	out	0x3d, r28	; 61
     bb4:	dd 91       	ld	r29, X+
     bb6:	de bf       	out	0x3e, r29	; 62
     bb8:	ff 91       	pop	r31
     bba:	ef 91       	pop	r30
     bbc:	df 91       	pop	r29
     bbe:	cf 91       	pop	r28
     bc0:	bf 91       	pop	r27
     bc2:	af 91       	pop	r26
     bc4:	9f 91       	pop	r25
     bc6:	8f 91       	pop	r24
     bc8:	7f 91       	pop	r23
     bca:	6f 91       	pop	r22
     bcc:	5f 91       	pop	r21
     bce:	4f 91       	pop	r20
     bd0:	3f 91       	pop	r19
     bd2:	2f 91       	pop	r18
     bd4:	1f 91       	pop	r17
     bd6:	0f 91       	pop	r16
     bd8:	ff 90       	pop	r15
     bda:	ef 90       	pop	r14
     bdc:	df 90       	pop	r13
     bde:	cf 90       	pop	r12
     be0:	bf 90       	pop	r11
     be2:	af 90       	pop	r10
     be4:	9f 90       	pop	r9
     be6:	8f 90       	pop	r8
     be8:	7f 90       	pop	r7
     bea:	6f 90       	pop	r6
     bec:	5f 90       	pop	r5
     bee:	4f 90       	pop	r4
     bf0:	3f 90       	pop	r3
     bf2:	2f 90       	pop	r2
     bf4:	1f 90       	pop	r1
     bf6:	0f 90       	pop	r0
     bf8:	0f be       	out	0x3f, r0	; 63
     bfa:	0f 90       	pop	r0

		asm volatile ( "reti" );
     bfc:	18 95       	reti

00000bfe <vConfigureTimerForRunTimeStats>:
 */

volatile uint32_t StatsTimer;

void vConfigureTimerForRunTimeStats(void)
{
     bfe:	08 95       	ret

00000c00 <__vector_16>:
	//TCC1.INTCTRLA=0b00000001; //OVF priority LOW
}

ISR(TCC0_CCA_vect,ISR_NAKED)
	{
	portSAVE_CONTEXT();
     c00:	0f 92       	push	r0
     c02:	0f b6       	in	r0, 0x3f	; 63
     c04:	f8 94       	cli
     c06:	0f 92       	push	r0
     c08:	1f 92       	push	r1
     c0a:	11 24       	eor	r1, r1
     c0c:	2f 92       	push	r2
     c0e:	3f 92       	push	r3
     c10:	4f 92       	push	r4
     c12:	5f 92       	push	r5
     c14:	6f 92       	push	r6
     c16:	7f 92       	push	r7
     c18:	8f 92       	push	r8
     c1a:	9f 92       	push	r9
     c1c:	af 92       	push	r10
     c1e:	bf 92       	push	r11
     c20:	cf 92       	push	r12
     c22:	df 92       	push	r13
     c24:	ef 92       	push	r14
     c26:	ff 92       	push	r15
     c28:	0f 93       	push	r16
     c2a:	1f 93       	push	r17
     c2c:	2f 93       	push	r18
     c2e:	3f 93       	push	r19
     c30:	4f 93       	push	r20
     c32:	5f 93       	push	r21
     c34:	6f 93       	push	r22
     c36:	7f 93       	push	r23
     c38:	8f 93       	push	r24
     c3a:	9f 93       	push	r25
     c3c:	af 93       	push	r26
     c3e:	bf 93       	push	r27
     c40:	cf 93       	push	r28
     c42:	df 93       	push	r29
     c44:	ef 93       	push	r30
     c46:	ff 93       	push	r31
     c48:	a0 91 94 21 	lds	r26, 0x2194	; 0x802194 <pxCurrentTCB>
     c4c:	b0 91 95 21 	lds	r27, 0x2195	; 0x802195 <pxCurrentTCB+0x1>
     c50:	0d b6       	in	r0, 0x3d	; 61
     c52:	0d 92       	st	X+, r0
     c54:	0e b6       	in	r0, 0x3e	; 62
     c56:	0d 92       	st	X+, r0
	TCC0.CCA=65535;
     c58:	8f ef       	ldi	r24, 0xFF	; 255
     c5a:	9f ef       	ldi	r25, 0xFF	; 255
     c5c:	80 93 28 08 	sts	0x0828, r24	; 0x800828 <__TEXT_REGION_LENGTH__+0x700828>
     c60:	90 93 29 08 	sts	0x0829, r25	; 0x800829 <__TEXT_REGION_LENGTH__+0x700829>
	vTaskSwitchContext();
     c64:	0e 94 bd 0a 	call	0x157a	; 0x157a <vTaskSwitchContext>
	portRESTORE_CONTEXT();
     c68:	a0 91 94 21 	lds	r26, 0x2194	; 0x802194 <pxCurrentTCB>
     c6c:	b0 91 95 21 	lds	r27, 0x2195	; 0x802195 <pxCurrentTCB+0x1>
     c70:	cd 91       	ld	r28, X+
     c72:	cd bf       	out	0x3d, r28	; 61
     c74:	dd 91       	ld	r29, X+
     c76:	de bf       	out	0x3e, r29	; 62
     c78:	ff 91       	pop	r31
     c7a:	ef 91       	pop	r30
     c7c:	df 91       	pop	r29
     c7e:	cf 91       	pop	r28
     c80:	bf 91       	pop	r27
     c82:	af 91       	pop	r26
     c84:	9f 91       	pop	r25
     c86:	8f 91       	pop	r24
     c88:	7f 91       	pop	r23
     c8a:	6f 91       	pop	r22
     c8c:	5f 91       	pop	r21
     c8e:	4f 91       	pop	r20
     c90:	3f 91       	pop	r19
     c92:	2f 91       	pop	r18
     c94:	1f 91       	pop	r17
     c96:	0f 91       	pop	r16
     c98:	ff 90       	pop	r15
     c9a:	ef 90       	pop	r14
     c9c:	df 90       	pop	r13
     c9e:	cf 90       	pop	r12
     ca0:	bf 90       	pop	r11
     ca2:	af 90       	pop	r10
     ca4:	9f 90       	pop	r9
     ca6:	8f 90       	pop	r8
     ca8:	7f 90       	pop	r7
     caa:	6f 90       	pop	r6
     cac:	5f 90       	pop	r5
     cae:	4f 90       	pop	r4
     cb0:	3f 90       	pop	r3
     cb2:	2f 90       	pop	r2
     cb4:	1f 90       	pop	r1
     cb6:	0f 90       	pop	r0
     cb8:	0f be       	out	0x3f, r0	; 63
     cba:	0f 90       	pop	r0
	asm volatile ( "reti" );
     cbc:	18 95       	reti

00000cbe <prvIdleTask>:
	BaseType_t xReturn;

		/* If xTask is NULL then we are calling our own task hook. */
		if( xTask == NULL )
		{
			xTCB = pxCurrentTCB;
     cbe:	20 c0       	rjmp	.+64     	; 0xd00 <prvIdleTask+0x42>
     cc0:	0f b6       	in	r0, 0x3f	; 63
     cc2:	f8 94       	cli
     cc4:	0f 92       	push	r0
     cc6:	e0 91 17 21 	lds	r30, 0x2117	; 0x802117 <xTasksWaitingTermination+0x5>
     cca:	f0 91 18 21 	lds	r31, 0x2118	; 0x802118 <xTasksWaitingTermination+0x6>
     cce:	c6 81       	ldd	r28, Z+6	; 0x06
     cd0:	d7 81       	ldd	r29, Z+7	; 0x07
     cd2:	ce 01       	movw	r24, r28
     cd4:	02 96       	adiw	r24, 0x02	; 2
     cd6:	0e 94 62 04 	call	0x8c4	; 0x8c4 <uxListRemove>
     cda:	80 91 07 21 	lds	r24, 0x2107	; 0x802107 <uxCurrentNumberOfTasks>
     cde:	81 50       	subi	r24, 0x01	; 1
     ce0:	80 93 07 21 	sts	0x2107, r24	; 0x802107 <uxCurrentNumberOfTasks>
     ce4:	80 91 11 21 	lds	r24, 0x2111	; 0x802111 <uxDeletedTasksWaitingCleanUp>
     ce8:	81 50       	subi	r24, 0x01	; 1
     cea:	80 93 11 21 	sts	0x2111, r24	; 0x802111 <uxDeletedTasksWaitingCleanUp>
     cee:	0f 90       	pop	r0
     cf0:	0f be       	out	0x3f, r0	; 63
     cf2:	8f 89       	ldd	r24, Y+23	; 0x17
     cf4:	98 8d       	ldd	r25, Y+24	; 0x18
     cf6:	0e 94 d3 03 	call	0x7a6	; 0x7a6 <vPortFree>
     cfa:	ce 01       	movw	r24, r28
     cfc:	0e 94 d3 03 	call	0x7a6	; 0x7a6 <vPortFree>
     d00:	80 91 11 21 	lds	r24, 0x2111	; 0x802111 <uxDeletedTasksWaitingCleanUp>
     d04:	81 11       	cpse	r24, r1
     d06:	dc cf       	rjmp	.-72     	; 0xcc0 <prvIdleTask+0x2>
     d08:	80 91 3a 21 	lds	r24, 0x213A	; 0x80213a <pxReadyTasksLists>
     d0c:	82 30       	cpi	r24, 0x02	; 2
     d0e:	10 f0       	brcs	.+4      	; 0xd14 <prvIdleTask+0x56>
     d10:	0e 94 33 05 	call	0xa66	; 0xa66 <vPortYield>
     d14:	0e 94 c7 0a 	call	0x158e	; 0x158e <vApplicationIdleHook>
     d18:	f3 cf       	rjmp	.-26     	; 0xd00 <prvIdleTask+0x42>

00000d1a <prvResetNextTaskUnblockTime.part.0>:
     d1a:	e0 91 26 21 	lds	r30, 0x2126	; 0x802126 <pxDelayedTaskList>
     d1e:	f0 91 27 21 	lds	r31, 0x2127	; 0x802127 <pxDelayedTaskList+0x1>
     d22:	05 80       	ldd	r0, Z+5	; 0x05
     d24:	f6 81       	ldd	r31, Z+6	; 0x06
     d26:	e0 2d       	mov	r30, r0
     d28:	06 80       	ldd	r0, Z+6	; 0x06
     d2a:	f7 81       	ldd	r31, Z+7	; 0x07
     d2c:	e0 2d       	mov	r30, r0
     d2e:	82 81       	ldd	r24, Z+2	; 0x02
     d30:	93 81       	ldd	r25, Z+3	; 0x03
     d32:	80 93 fd 20 	sts	0x20FD, r24	; 0x8020fd <xNextTaskUnblockTime>
     d36:	90 93 fe 20 	sts	0x20FE, r25	; 0x8020fe <xNextTaskUnblockTime+0x1>
     d3a:	08 95       	ret

00000d3c <prvAddCurrentTaskToDelayedList>:
     d3c:	ff 92       	push	r15
     d3e:	0f 93       	push	r16
     d40:	1f 93       	push	r17
     d42:	cf 93       	push	r28
     d44:	df 93       	push	r29
     d46:	ec 01       	movw	r28, r24
     d48:	f6 2e       	mov	r15, r22
     d4a:	00 91 05 21 	lds	r16, 0x2105	; 0x802105 <xTickCount>
     d4e:	10 91 06 21 	lds	r17, 0x2106	; 0x802106 <xTickCount+0x1>
     d52:	80 91 94 21 	lds	r24, 0x2194	; 0x802194 <pxCurrentTCB>
     d56:	90 91 95 21 	lds	r25, 0x2195	; 0x802195 <pxCurrentTCB+0x1>
     d5a:	02 96       	adiw	r24, 0x02	; 2
     d5c:	0e 94 62 04 	call	0x8c4	; 0x8c4 <uxListRemove>
     d60:	cf 3f       	cpi	r28, 0xFF	; 255
     d62:	8f ef       	ldi	r24, 0xFF	; 255
     d64:	d8 07       	cpc	r29, r24
     d66:	a9 f1       	breq	.+106    	; 0xdd2 <prvAddCurrentTaskToDelayedList+0x96>
     d68:	c0 0f       	add	r28, r16
     d6a:	d1 1f       	adc	r29, r17
     d6c:	e0 91 94 21 	lds	r30, 0x2194	; 0x802194 <pxCurrentTCB>
     d70:	f0 91 95 21 	lds	r31, 0x2195	; 0x802195 <pxCurrentTCB+0x1>
     d74:	c2 83       	std	Z+2, r28	; 0x02
     d76:	d3 83       	std	Z+3, r29	; 0x03
     d78:	60 91 94 21 	lds	r22, 0x2194	; 0x802194 <pxCurrentTCB>
     d7c:	70 91 95 21 	lds	r23, 0x2195	; 0x802195 <pxCurrentTCB+0x1>
     d80:	c0 17       	cp	r28, r16
     d82:	d1 07       	cpc	r29, r17
     d84:	c8 f0       	brcs	.+50     	; 0xdb8 <prvAddCurrentTaskToDelayedList+0x7c>
     d86:	80 91 26 21 	lds	r24, 0x2126	; 0x802126 <pxDelayedTaskList>
     d8a:	90 91 27 21 	lds	r25, 0x2127	; 0x802127 <pxDelayedTaskList+0x1>
     d8e:	6e 5f       	subi	r22, 0xFE	; 254
     d90:	7f 4f       	sbci	r23, 0xFF	; 255
     d92:	0e 94 31 04 	call	0x862	; 0x862 <vListInsert>
     d96:	80 91 fd 20 	lds	r24, 0x20FD	; 0x8020fd <xNextTaskUnblockTime>
     d9a:	90 91 fe 20 	lds	r25, 0x20FE	; 0x8020fe <xNextTaskUnblockTime+0x1>
     d9e:	c8 17       	cp	r28, r24
     da0:	d9 07       	cpc	r29, r25
     da2:	20 f4       	brcc	.+8      	; 0xdac <prvAddCurrentTaskToDelayedList+0x70>
     da4:	c0 93 fd 20 	sts	0x20FD, r28	; 0x8020fd <xNextTaskUnblockTime>
     da8:	d0 93 fe 20 	sts	0x20FE, r29	; 0x8020fe <xNextTaskUnblockTime+0x1>
     dac:	df 91       	pop	r29
     dae:	cf 91       	pop	r28
     db0:	1f 91       	pop	r17
     db2:	0f 91       	pop	r16
     db4:	ff 90       	pop	r15
     db6:	08 95       	ret
     db8:	80 91 24 21 	lds	r24, 0x2124	; 0x802124 <pxOverflowDelayedTaskList>
     dbc:	90 91 25 21 	lds	r25, 0x2125	; 0x802125 <pxOverflowDelayedTaskList+0x1>
     dc0:	6e 5f       	subi	r22, 0xFE	; 254
     dc2:	7f 4f       	sbci	r23, 0xFF	; 255
     dc4:	df 91       	pop	r29
     dc6:	cf 91       	pop	r28
     dc8:	1f 91       	pop	r17
     dca:	0f 91       	pop	r16
     dcc:	ff 90       	pop	r15
     dce:	0c 94 31 04 	jmp	0x862	; 0x862 <vListInsert>
     dd2:	ff 20       	and	r15, r15
     dd4:	49 f2       	breq	.-110    	; 0xd68 <prvAddCurrentTaskToDelayedList+0x2c>
     dd6:	60 91 94 21 	lds	r22, 0x2194	; 0x802194 <pxCurrentTCB>
     dda:	70 91 95 21 	lds	r23, 0x2195	; 0x802195 <pxCurrentTCB+0x1>
     dde:	6e 5f       	subi	r22, 0xFE	; 254
     de0:	7f 4f       	sbci	r23, 0xFF	; 255
     de2:	88 e0       	ldi	r24, 0x08	; 8
     de4:	91 e2       	ldi	r25, 0x21	; 33
     de6:	df 91       	pop	r29
     de8:	cf 91       	pop	r28
     dea:	1f 91       	pop	r17
     dec:	0f 91       	pop	r16
     dee:	ff 90       	pop	r15
     df0:	0c 94 10 04 	jmp	0x820	; 0x820 <vListInsertEnd>

00000df4 <vTaskSwitchContext.part.5>:
     df4:	0f 93       	push	r16
     df6:	1f 93       	push	r17
     df8:	cf 93       	push	r28
     dfa:	10 92 01 21 	sts	0x2101, r1	; 0x802101 <xYieldPending>
     dfe:	20 91 20 08 	lds	r18, 0x0820	; 0x800820 <__TEXT_REGION_LENGTH__+0x700820>
     e02:	30 91 21 08 	lds	r19, 0x0821	; 0x800821 <__TEXT_REGION_LENGTH__+0x700821>
     e06:	80 91 9a 21 	lds	r24, 0x219A	; 0x80219a <StatsTimer>
     e0a:	90 91 9b 21 	lds	r25, 0x219B	; 0x80219b <StatsTimer+0x1>
     e0e:	a0 91 9c 21 	lds	r26, 0x219C	; 0x80219c <StatsTimer+0x2>
     e12:	b0 91 9d 21 	lds	r27, 0x219D	; 0x80219d <StatsTimer+0x3>
     e16:	82 0f       	add	r24, r18
     e18:	93 1f       	adc	r25, r19
     e1a:	a1 1d       	adc	r26, r1
     e1c:	b1 1d       	adc	r27, r1
     e1e:	00 91 f6 20 	lds	r16, 0x20F6	; 0x8020f6 <ulTaskSwitchedInTime>
     e22:	10 91 f7 20 	lds	r17, 0x20F7	; 0x8020f7 <ulTaskSwitchedInTime+0x1>
     e26:	20 91 f8 20 	lds	r18, 0x20F8	; 0x8020f8 <ulTaskSwitchedInTime+0x2>
     e2a:	30 91 f9 20 	lds	r19, 0x20F9	; 0x8020f9 <ulTaskSwitchedInTime+0x3>
     e2e:	08 17       	cp	r16, r24
     e30:	19 07       	cpc	r17, r25
     e32:	2a 07       	cpc	r18, r26
     e34:	3b 07       	cpc	r19, r27
     e36:	a0 f4       	brcc	.+40     	; 0xe60 <vTaskSwitchContext.part.5+0x6c>
     e38:	e0 91 94 21 	lds	r30, 0x2194	; 0x802194 <pxCurrentTCB>
     e3c:	f0 91 95 21 	lds	r31, 0x2195	; 0x802195 <pxCurrentTCB+0x1>
     e40:	47 a1       	ldd	r20, Z+39	; 0x27
     e42:	50 a5       	ldd	r21, Z+40	; 0x28
     e44:	61 a5       	ldd	r22, Z+41	; 0x29
     e46:	72 a5       	ldd	r23, Z+42	; 0x2a
     e48:	40 1b       	sub	r20, r16
     e4a:	51 0b       	sbc	r21, r17
     e4c:	62 0b       	sbc	r22, r18
     e4e:	73 0b       	sbc	r23, r19
     e50:	48 0f       	add	r20, r24
     e52:	59 1f       	adc	r21, r25
     e54:	6a 1f       	adc	r22, r26
     e56:	7b 1f       	adc	r23, r27
     e58:	47 a3       	std	Z+39, r20	; 0x27
     e5a:	50 a7       	std	Z+40, r21	; 0x28
     e5c:	61 a7       	std	Z+41, r22	; 0x29
     e5e:	72 a7       	std	Z+42, r23	; 0x2a
     e60:	80 93 f6 20 	sts	0x20F6, r24	; 0x8020f6 <ulTaskSwitchedInTime>
     e64:	90 93 f7 20 	sts	0x20F7, r25	; 0x8020f7 <ulTaskSwitchedInTime+0x1>
     e68:	a0 93 f8 20 	sts	0x20F8, r26	; 0x8020f8 <ulTaskSwitchedInTime+0x2>
     e6c:	b0 93 f9 20 	sts	0x20F9, r27	; 0x8020f9 <ulTaskSwitchedInTime+0x3>
     e70:	e0 91 94 21 	lds	r30, 0x2194	; 0x802194 <pxCurrentTCB>
     e74:	f0 91 95 21 	lds	r31, 0x2195	; 0x802195 <pxCurrentTCB+0x1>
     e78:	07 88       	ldd	r0, Z+23	; 0x17
     e7a:	f0 8d       	ldd	r31, Z+24	; 0x18
     e7c:	e0 2d       	mov	r30, r0
     e7e:	80 81       	ld	r24, Z
     e80:	91 81       	ldd	r25, Z+1	; 0x01
     e82:	a2 81       	ldd	r26, Z+2	; 0x02
     e84:	b3 81       	ldd	r27, Z+3	; 0x03
     e86:	85 3a       	cpi	r24, 0xA5	; 165
     e88:	95 4a       	sbci	r25, 0xA5	; 165
     e8a:	a5 4a       	sbci	r26, 0xA5	; 165
     e8c:	b5 4a       	sbci	r27, 0xA5	; 165
     e8e:	09 f4       	brne	.+2      	; 0xe92 <vTaskSwitchContext.part.5+0x9e>
     e90:	4c c0       	rjmp	.+152    	; 0xf2a <vTaskSwitchContext.part.5+0x136>
     e92:	60 91 94 21 	lds	r22, 0x2194	; 0x802194 <pxCurrentTCB>
     e96:	70 91 95 21 	lds	r23, 0x2195	; 0x802195 <pxCurrentTCB+0x1>
     e9a:	80 91 94 21 	lds	r24, 0x2194	; 0x802194 <pxCurrentTCB>
     e9e:	90 91 95 21 	lds	r25, 0x2195	; 0x802195 <pxCurrentTCB+0x1>
     ea2:	67 5e       	subi	r22, 0xE7	; 231
     ea4:	7f 4f       	sbci	r23, 0xFF	; 255
     ea6:	0e 94 e7 0a 	call	0x15ce	; 0x15ce <vApplicationStackOverflowHook>
     eaa:	c0 91 04 21 	lds	r28, 0x2104	; 0x802104 <uxTopReadyPriority>
     eae:	8c 2f       	mov	r24, r28
     eb0:	90 e0       	ldi	r25, 0x00	; 0
     eb2:	9c 01       	movw	r18, r24
     eb4:	22 0f       	add	r18, r18
     eb6:	33 1f       	adc	r19, r19
     eb8:	22 0f       	add	r18, r18
     eba:	33 1f       	adc	r19, r19
     ebc:	22 0f       	add	r18, r18
     ebe:	33 1f       	adc	r19, r19
     ec0:	f9 01       	movw	r30, r18
     ec2:	e8 0f       	add	r30, r24
     ec4:	f9 1f       	adc	r31, r25
     ec6:	e6 5c       	subi	r30, 0xC6	; 198
     ec8:	fe 4d       	sbci	r31, 0xDE	; 222
     eca:	40 81       	ld	r20, Z
     ecc:	41 11       	cpse	r20, r1
     ece:	0c c0       	rjmp	.+24     	; 0xee8 <vTaskSwitchContext.part.5+0xf4>
     ed0:	cc 23       	and	r28, r28
     ed2:	11 f0       	breq	.+4      	; 0xed8 <vTaskSwitchContext.part.5+0xe4>
     ed4:	c1 50       	subi	r28, 0x01	; 1
     ed6:	eb cf       	rjmp	.-42     	; 0xeae <vTaskSwitchContext.part.5+0xba>
     ed8:	6c e8       	ldi	r22, 0x8C	; 140
     eda:	7b e0       	ldi	r23, 0x0B	; 11
     edc:	86 e1       	ldi	r24, 0x16	; 22
     ede:	90 e2       	ldi	r25, 0x20	; 32
     ee0:	0e 94 11 0b 	call	0x1622	; 0x1622 <vAssertCalled>
     ee4:	c1 50       	subi	r28, 0x01	; 1
     ee6:	e3 cf       	rjmp	.-58     	; 0xeae <vTaskSwitchContext.part.5+0xba>
     ee8:	82 0f       	add	r24, r18
     eea:	93 1f       	adc	r25, r19
     eec:	dc 01       	movw	r26, r24
     eee:	a6 5c       	subi	r26, 0xC6	; 198
     ef0:	be 4d       	sbci	r27, 0xDE	; 222
     ef2:	11 96       	adiw	r26, 0x01	; 1
     ef4:	ed 91       	ld	r30, X+
     ef6:	fc 91       	ld	r31, X
     ef8:	12 97       	sbiw	r26, 0x02	; 2
     efa:	02 80       	ldd	r0, Z+2	; 0x02
     efc:	f3 81       	ldd	r31, Z+3	; 0x03
     efe:	e0 2d       	mov	r30, r0
     f00:	11 96       	adiw	r26, 0x01	; 1
     f02:	ed 93       	st	X+, r30
     f04:	fc 93       	st	X, r31
     f06:	12 97       	sbiw	r26, 0x02	; 2
     f08:	83 5c       	subi	r24, 0xC3	; 195
     f0a:	9e 4d       	sbci	r25, 0xDE	; 222
     f0c:	e8 17       	cp	r30, r24
     f0e:	f9 07       	cpc	r31, r25
     f10:	59 f1       	breq	.+86     	; 0xf68 <vTaskSwitchContext.part.5+0x174>
     f12:	86 81       	ldd	r24, Z+6	; 0x06
     f14:	97 81       	ldd	r25, Z+7	; 0x07
     f16:	80 93 94 21 	sts	0x2194, r24	; 0x802194 <pxCurrentTCB>
     f1a:	90 93 95 21 	sts	0x2195, r25	; 0x802195 <pxCurrentTCB+0x1>
     f1e:	c0 93 04 21 	sts	0x2104, r28	; 0x802104 <uxTopReadyPriority>
     f22:	cf 91       	pop	r28
     f24:	1f 91       	pop	r17
     f26:	0f 91       	pop	r16
     f28:	08 95       	ret
     f2a:	84 81       	ldd	r24, Z+4	; 0x04
     f2c:	95 81       	ldd	r25, Z+5	; 0x05
     f2e:	a6 81       	ldd	r26, Z+6	; 0x06
     f30:	b7 81       	ldd	r27, Z+7	; 0x07
     f32:	85 3a       	cpi	r24, 0xA5	; 165
     f34:	95 4a       	sbci	r25, 0xA5	; 165
     f36:	a5 4a       	sbci	r26, 0xA5	; 165
     f38:	b5 4a       	sbci	r27, 0xA5	; 165
     f3a:	09 f0       	breq	.+2      	; 0xf3e <vTaskSwitchContext.part.5+0x14a>
     f3c:	aa cf       	rjmp	.-172    	; 0xe92 <vTaskSwitchContext.part.5+0x9e>
     f3e:	80 85       	ldd	r24, Z+8	; 0x08
     f40:	91 85       	ldd	r25, Z+9	; 0x09
     f42:	a2 85       	ldd	r26, Z+10	; 0x0a
     f44:	b3 85       	ldd	r27, Z+11	; 0x0b
     f46:	85 3a       	cpi	r24, 0xA5	; 165
     f48:	95 4a       	sbci	r25, 0xA5	; 165
     f4a:	a5 4a       	sbci	r26, 0xA5	; 165
     f4c:	b5 4a       	sbci	r27, 0xA5	; 165
     f4e:	09 f0       	breq	.+2      	; 0xf52 <vTaskSwitchContext.part.5+0x15e>
     f50:	a0 cf       	rjmp	.-192    	; 0xe92 <vTaskSwitchContext.part.5+0x9e>
     f52:	84 85       	ldd	r24, Z+12	; 0x0c
     f54:	95 85       	ldd	r25, Z+13	; 0x0d
     f56:	a6 85       	ldd	r26, Z+14	; 0x0e
     f58:	b7 85       	ldd	r27, Z+15	; 0x0f
     f5a:	85 3a       	cpi	r24, 0xA5	; 165
     f5c:	95 4a       	sbci	r25, 0xA5	; 165
     f5e:	a5 4a       	sbci	r26, 0xA5	; 165
     f60:	b5 4a       	sbci	r27, 0xA5	; 165
     f62:	09 f0       	breq	.+2      	; 0xf66 <vTaskSwitchContext.part.5+0x172>
     f64:	96 cf       	rjmp	.-212    	; 0xe92 <vTaskSwitchContext.part.5+0x9e>
     f66:	a1 cf       	rjmp	.-190    	; 0xeaa <vTaskSwitchContext.part.5+0xb6>
     f68:	02 80       	ldd	r0, Z+2	; 0x02
     f6a:	f3 81       	ldd	r31, Z+3	; 0x03
     f6c:	e0 2d       	mov	r30, r0
     f6e:	11 96       	adiw	r26, 0x01	; 1
     f70:	ed 93       	st	X+, r30
     f72:	fc 93       	st	X, r31
     f74:	12 97       	sbiw	r26, 0x02	; 2
     f76:	cd cf       	rjmp	.-102    	; 0xf12 <vTaskSwitchContext.part.5+0x11e>

00000f78 <xTaskCreate>:
     f78:	5f 92       	push	r5
     f7a:	6f 92       	push	r6
     f7c:	7f 92       	push	r7
     f7e:	8f 92       	push	r8
     f80:	9f 92       	push	r9
     f82:	af 92       	push	r10
     f84:	bf 92       	push	r11
     f86:	cf 92       	push	r12
     f88:	df 92       	push	r13
     f8a:	ef 92       	push	r14
     f8c:	ff 92       	push	r15
     f8e:	0f 93       	push	r16
     f90:	1f 93       	push	r17
     f92:	cf 93       	push	r28
     f94:	df 93       	push	r29
     f96:	4c 01       	movw	r8, r24
     f98:	eb 01       	movw	r28, r22
     f9a:	5a 01       	movw	r10, r20
     f9c:	39 01       	movw	r6, r18
     f9e:	50 2e       	mov	r5, r16
     fa0:	ca 01       	movw	r24, r20
     fa2:	0e 94 34 03 	call	0x668	; 0x668 <pvPortMalloc>
     fa6:	8c 01       	movw	r16, r24
     fa8:	89 2b       	or	r24, r25
     faa:	09 f4       	brne	.+2      	; 0xfae <xTaskCreate+0x36>
     fac:	de c0       	rjmp	.+444    	; 0x116a <xTaskCreate+0x1f2>
     fae:	80 e3       	ldi	r24, 0x30	; 48
     fb0:	90 e0       	ldi	r25, 0x00	; 0
     fb2:	0e 94 34 03 	call	0x668	; 0x668 <pvPortMalloc>
     fb6:	6c 01       	movw	r12, r24
     fb8:	00 97       	sbiw	r24, 0x00	; 0
     fba:	09 f4       	brne	.+2      	; 0xfbe <xTaskCreate+0x46>
     fbc:	d3 c0       	rjmp	.+422    	; 0x1164 <xTaskCreate+0x1ec>
     fbe:	dc 01       	movw	r26, r24
     fc0:	57 96       	adiw	r26, 0x17	; 23
     fc2:	0d 93       	st	X+, r16
     fc4:	1c 93       	st	X, r17
     fc6:	58 97       	sbiw	r26, 0x18	; 24
     fc8:	20 97       	sbiw	r28, 0x00	; 0
     fca:	09 f4       	brne	.+2      	; 0xfce <xTaskCreate+0x56>
     fcc:	d0 c0       	rjmp	.+416    	; 0x116e <xTaskCreate+0x1f6>
     fce:	c8 01       	movw	r24, r16
     fd0:	a5 01       	movw	r20, r10
     fd2:	65 ea       	ldi	r22, 0xA5	; 165
     fd4:	70 e0       	ldi	r23, 0x00	; 0
     fd6:	0e 94 9d 11 	call	0x233a	; 0x233a <memset>
     fda:	f1 e0       	ldi	r31, 0x01	; 1
     fdc:	af 1a       	sub	r10, r31
     fde:	b1 08       	sbc	r11, r1
     fe0:	d6 01       	movw	r26, r12
     fe2:	57 96       	adiw	r26, 0x17	; 23
     fe4:	8d 91       	ld	r24, X+
     fe6:	9c 91       	ld	r25, X
     fe8:	58 97       	sbiw	r26, 0x18	; 24
     fea:	a8 0e       	add	r10, r24
     fec:	b9 1e       	adc	r11, r25
     fee:	f6 01       	movw	r30, r12
     ff0:	79 96       	adiw	r30, 0x19	; 25
     ff2:	9e 01       	movw	r18, r28
     ff4:	28 5f       	subi	r18, 0xF8	; 248
     ff6:	3f 4f       	sbci	r19, 0xFF	; 255
     ff8:	de 01       	movw	r26, r28
     ffa:	89 91       	ld	r24, Y+
     ffc:	81 93       	st	Z+, r24
     ffe:	8c 91       	ld	r24, X
    1000:	88 23       	and	r24, r24
    1002:	19 f0       	breq	.+6      	; 0x100a <xTaskCreate+0x92>
    1004:	c2 17       	cp	r28, r18
    1006:	d3 07       	cpc	r29, r19
    1008:	b9 f7       	brne	.-18     	; 0xff8 <xTaskCreate+0x80>
    100a:	f6 01       	movw	r30, r12
    100c:	10 a2       	std	Z+32, r1	; 0x20
    100e:	05 2d       	mov	r16, r5
    1010:	0a 30       	cpi	r16, 0x0A	; 10
    1012:	08 f0       	brcs	.+2      	; 0x1016 <xTaskCreate+0x9e>
    1014:	a1 c0       	rjmp	.+322    	; 0x1158 <xTaskCreate+0x1e0>
    1016:	d6 01       	movw	r26, r12
    1018:	56 96       	adiw	r26, 0x16	; 22
    101a:	0c 93       	st	X, r16
    101c:	56 97       	sbiw	r26, 0x16	; 22
    101e:	93 96       	adiw	r26, 0x23	; 35
    1020:	0c 93       	st	X, r16
    1022:	93 97       	sbiw	r26, 0x23	; 35
    1024:	94 96       	adiw	r26, 0x24	; 36
    1026:	1c 92       	st	X, r1
    1028:	e6 01       	movw	r28, r12
    102a:	22 96       	adiw	r28, 0x02	; 2
    102c:	ce 01       	movw	r24, r28
    102e:	0e 94 0c 04 	call	0x818	; 0x818 <vListInitialiseItem>
    1032:	c6 01       	movw	r24, r12
    1034:	0c 96       	adiw	r24, 0x0c	; 12
    1036:	0e 94 0c 04 	call	0x818	; 0x818 <vListInitialiseItem>
    103a:	f6 01       	movw	r30, r12
    103c:	c0 86       	std	Z+8, r12	; 0x08
    103e:	d1 86       	std	Z+9, r13	; 0x09
    1040:	8a e0       	ldi	r24, 0x0A	; 10
    1042:	90 e0       	ldi	r25, 0x00	; 0
    1044:	80 1b       	sub	r24, r16
    1046:	91 09       	sbc	r25, r1
    1048:	84 87       	std	Z+12, r24	; 0x0c
    104a:	95 87       	std	Z+13, r25	; 0x0d
    104c:	c2 8a       	std	Z+18, r12	; 0x12
    104e:	d3 8a       	std	Z+19, r13	; 0x13
    1050:	15 a2       	std	Z+37, r1	; 0x25
    1052:	16 a2       	std	Z+38, r1	; 0x26
    1054:	17 a2       	std	Z+39, r1	; 0x27
    1056:	10 a6       	std	Z+40, r1	; 0x28
    1058:	11 a6       	std	Z+41, r1	; 0x29
    105a:	12 a6       	std	Z+42, r1	; 0x2a
    105c:	13 a6       	std	Z+43, r1	; 0x2b
    105e:	14 a6       	std	Z+44, r1	; 0x2c
    1060:	15 a6       	std	Z+45, r1	; 0x2d
    1062:	16 a6       	std	Z+46, r1	; 0x2e
    1064:	17 a6       	std	Z+47, r1	; 0x2f
    1066:	a3 01       	movw	r20, r6
    1068:	b4 01       	movw	r22, r8
    106a:	c5 01       	movw	r24, r10
    106c:	0e 94 88 04 	call	0x910	; 0x910 <pxPortInitialiseStack>
    1070:	d6 01       	movw	r26, r12
    1072:	8d 93       	st	X+, r24
    1074:	9c 93       	st	X, r25
    1076:	e1 14       	cp	r14, r1
    1078:	f1 04       	cpc	r15, r1
    107a:	19 f0       	breq	.+6      	; 0x1082 <xTaskCreate+0x10a>
    107c:	f7 01       	movw	r30, r14
    107e:	c0 82       	st	Z, r12
    1080:	d1 82       	std	Z+1, r13	; 0x01
    1082:	0f b6       	in	r0, 0x3f	; 63
    1084:	f8 94       	cli
    1086:	0f 92       	push	r0
    1088:	80 91 07 21 	lds	r24, 0x2107	; 0x802107 <uxCurrentNumberOfTasks>
    108c:	8f 5f       	subi	r24, 0xFF	; 255
    108e:	80 93 07 21 	sts	0x2107, r24	; 0x802107 <uxCurrentNumberOfTasks>
    1092:	80 91 94 21 	lds	r24, 0x2194	; 0x802194 <pxCurrentTCB>
    1096:	90 91 95 21 	lds	r25, 0x2195	; 0x802195 <pxCurrentTCB+0x1>
    109a:	89 2b       	or	r24, r25
    109c:	99 f0       	breq	.+38     	; 0x10c4 <xTaskCreate+0x14c>
    109e:	80 91 03 21 	lds	r24, 0x2103	; 0x802103 <xSchedulerRunning>
    10a2:	81 11       	cpse	r24, r1
    10a4:	18 c0       	rjmp	.+48     	; 0x10d6 <xTaskCreate+0x15e>
    10a6:	e0 91 94 21 	lds	r30, 0x2194	; 0x802194 <pxCurrentTCB>
    10aa:	f0 91 95 21 	lds	r31, 0x2195	; 0x802195 <pxCurrentTCB+0x1>
    10ae:	d6 01       	movw	r26, r12
    10b0:	56 96       	adiw	r26, 0x16	; 22
    10b2:	8c 91       	ld	r24, X
    10b4:	96 89       	ldd	r25, Z+22	; 0x16
    10b6:	89 17       	cp	r24, r25
    10b8:	88 f0       	brcs	.+34     	; 0x10dc <xTaskCreate+0x164>
    10ba:	c0 92 94 21 	sts	0x2194, r12	; 0x802194 <pxCurrentTCB>
    10be:	d0 92 95 21 	sts	0x2195, r13	; 0x802195 <pxCurrentTCB+0x1>
    10c2:	0c c0       	rjmp	.+24     	; 0x10dc <xTaskCreate+0x164>
    10c4:	c0 92 94 21 	sts	0x2194, r12	; 0x802194 <pxCurrentTCB>
    10c8:	d0 92 95 21 	sts	0x2195, r13	; 0x802195 <pxCurrentTCB+0x1>
    10cc:	80 91 07 21 	lds	r24, 0x2107	; 0x802107 <uxCurrentNumberOfTasks>
    10d0:	81 30       	cpi	r24, 0x01	; 1
    10d2:	09 f4       	brne	.+2      	; 0x10d6 <xTaskCreate+0x15e>
    10d4:	56 c0       	rjmp	.+172    	; 0x1182 <xTaskCreate+0x20a>
    10d6:	d6 01       	movw	r26, r12
    10d8:	56 96       	adiw	r26, 0x16	; 22
    10da:	8c 91       	ld	r24, X
    10dc:	90 91 ff 20 	lds	r25, 0x20FF	; 0x8020ff <uxTaskNumber>
    10e0:	9f 5f       	subi	r25, 0xFF	; 255
    10e2:	90 93 ff 20 	sts	0x20FF, r25	; 0x8020ff <uxTaskNumber>
    10e6:	f6 01       	movw	r30, r12
    10e8:	91 a3       	std	Z+33, r25	; 0x21
    10ea:	90 91 04 21 	lds	r25, 0x2104	; 0x802104 <uxTopReadyPriority>
    10ee:	98 17       	cp	r25, r24
    10f0:	80 f1       	brcs	.+96     	; 0x1152 <xTaskCreate+0x1da>
    10f2:	90 e0       	ldi	r25, 0x00	; 0
    10f4:	9c 01       	movw	r18, r24
    10f6:	22 0f       	add	r18, r18
    10f8:	33 1f       	adc	r19, r19
    10fa:	22 0f       	add	r18, r18
    10fc:	33 1f       	adc	r19, r19
    10fe:	22 0f       	add	r18, r18
    1100:	33 1f       	adc	r19, r19
    1102:	82 0f       	add	r24, r18
    1104:	93 1f       	adc	r25, r19
    1106:	be 01       	movw	r22, r28
    1108:	86 5c       	subi	r24, 0xC6	; 198
    110a:	9e 4d       	sbci	r25, 0xDE	; 222
    110c:	0e 94 10 04 	call	0x820	; 0x820 <vListInsertEnd>
    1110:	0f 90       	pop	r0
    1112:	0f be       	out	0x3f, r0	; 63
    1114:	80 91 03 21 	lds	r24, 0x2103	; 0x802103 <xSchedulerRunning>
    1118:	88 23       	and	r24, r24
    111a:	51 f0       	breq	.+20     	; 0x1130 <xTaskCreate+0x1b8>
    111c:	e0 91 94 21 	lds	r30, 0x2194	; 0x802194 <pxCurrentTCB>
    1120:	f0 91 95 21 	lds	r31, 0x2195	; 0x802195 <pxCurrentTCB+0x1>
    1124:	96 89       	ldd	r25, Z+22	; 0x16
    1126:	d6 01       	movw	r26, r12
    1128:	56 96       	adiw	r26, 0x16	; 22
    112a:	8c 91       	ld	r24, X
    112c:	98 17       	cp	r25, r24
    112e:	b0 f0       	brcs	.+44     	; 0x115c <xTaskCreate+0x1e4>
    1130:	81 e0       	ldi	r24, 0x01	; 1
    1132:	df 91       	pop	r29
    1134:	cf 91       	pop	r28
    1136:	1f 91       	pop	r17
    1138:	0f 91       	pop	r16
    113a:	ff 90       	pop	r15
    113c:	ef 90       	pop	r14
    113e:	df 90       	pop	r13
    1140:	cf 90       	pop	r12
    1142:	bf 90       	pop	r11
    1144:	af 90       	pop	r10
    1146:	9f 90       	pop	r9
    1148:	8f 90       	pop	r8
    114a:	7f 90       	pop	r7
    114c:	6f 90       	pop	r6
    114e:	5f 90       	pop	r5
    1150:	08 95       	ret
    1152:	80 93 04 21 	sts	0x2104, r24	; 0x802104 <uxTopReadyPriority>
    1156:	cd cf       	rjmp	.-102    	; 0x10f2 <xTaskCreate+0x17a>
    1158:	09 e0       	ldi	r16, 0x09	; 9
    115a:	5d cf       	rjmp	.-326    	; 0x1016 <xTaskCreate+0x9e>
    115c:	0e 94 33 05 	call	0xa66	; 0xa66 <vPortYield>
    1160:	81 e0       	ldi	r24, 0x01	; 1
    1162:	e7 cf       	rjmp	.-50     	; 0x1132 <xTaskCreate+0x1ba>
    1164:	c8 01       	movw	r24, r16
    1166:	0e 94 d3 03 	call	0x7a6	; 0x7a6 <vPortFree>
    116a:	8f ef       	ldi	r24, 0xFF	; 255
    116c:	e2 cf       	rjmp	.-60     	; 0x1132 <xTaskCreate+0x1ba>
    116e:	60 e6       	ldi	r22, 0x60	; 96
    1170:	73 e0       	ldi	r23, 0x03	; 3
    1172:	86 e1       	ldi	r24, 0x16	; 22
    1174:	90 e2       	ldi	r25, 0x20	; 32
    1176:	0e 94 11 0b 	call	0x1622	; 0x1622 <vAssertCalled>
    117a:	f6 01       	movw	r30, r12
    117c:	87 89       	ldd	r24, Z+23	; 0x17
    117e:	90 8d       	ldd	r25, Z+24	; 0x18
    1180:	27 cf       	rjmp	.-434    	; 0xfd0 <xTaskCreate+0x58>
    1182:	0a e3       	ldi	r16, 0x3A	; 58
    1184:	11 e2       	ldi	r17, 0x21	; 33
    1186:	54 e9       	ldi	r21, 0x94	; 148
    1188:	e5 2e       	mov	r14, r21
    118a:	51 e2       	ldi	r21, 0x21	; 33
    118c:	f5 2e       	mov	r15, r21
    118e:	c8 01       	movw	r24, r16
    1190:	0e 94 fe 03 	call	0x7fc	; 0x7fc <vListInitialise>
    1194:	07 5f       	subi	r16, 0xF7	; 247
    1196:	1f 4f       	sbci	r17, 0xFF	; 255
    1198:	e0 16       	cp	r14, r16
    119a:	f1 06       	cpc	r15, r17
    119c:	c1 f7       	brne	.-16     	; 0x118e <xTaskCreate+0x216>
    119e:	81 e3       	ldi	r24, 0x31	; 49
    11a0:	91 e2       	ldi	r25, 0x21	; 33
    11a2:	0e 94 fe 03 	call	0x7fc	; 0x7fc <vListInitialise>
    11a6:	88 e2       	ldi	r24, 0x28	; 40
    11a8:	91 e2       	ldi	r25, 0x21	; 33
    11aa:	0e 94 fe 03 	call	0x7fc	; 0x7fc <vListInitialise>
    11ae:	8b e1       	ldi	r24, 0x1B	; 27
    11b0:	91 e2       	ldi	r25, 0x21	; 33
    11b2:	0e 94 fe 03 	call	0x7fc	; 0x7fc <vListInitialise>
    11b6:	82 e1       	ldi	r24, 0x12	; 18
    11b8:	91 e2       	ldi	r25, 0x21	; 33
    11ba:	0e 94 fe 03 	call	0x7fc	; 0x7fc <vListInitialise>
    11be:	88 e0       	ldi	r24, 0x08	; 8
    11c0:	91 e2       	ldi	r25, 0x21	; 33
    11c2:	0e 94 fe 03 	call	0x7fc	; 0x7fc <vListInitialise>
    11c6:	81 e3       	ldi	r24, 0x31	; 49
    11c8:	91 e2       	ldi	r25, 0x21	; 33
    11ca:	80 93 26 21 	sts	0x2126, r24	; 0x802126 <pxDelayedTaskList>
    11ce:	90 93 27 21 	sts	0x2127, r25	; 0x802127 <pxDelayedTaskList+0x1>
    11d2:	88 e2       	ldi	r24, 0x28	; 40
    11d4:	91 e2       	ldi	r25, 0x21	; 33
    11d6:	80 93 24 21 	sts	0x2124, r24	; 0x802124 <pxOverflowDelayedTaskList>
    11da:	90 93 25 21 	sts	0x2125, r25	; 0x802125 <pxOverflowDelayedTaskList+0x1>
    11de:	f6 01       	movw	r30, r12
    11e0:	86 89       	ldd	r24, Z+22	; 0x16
    11e2:	7c cf       	rjmp	.-264    	; 0x10dc <xTaskCreate+0x164>

000011e4 <vTaskStartScheduler>:
    11e4:	ef 92       	push	r14
    11e6:	ff 92       	push	r15
    11e8:	0f 93       	push	r16
    11ea:	8b ef       	ldi	r24, 0xFB	; 251
    11ec:	e8 2e       	mov	r14, r24
    11ee:	80 e2       	ldi	r24, 0x20	; 32
    11f0:	f8 2e       	mov	r15, r24
    11f2:	00 e0       	ldi	r16, 0x00	; 0
    11f4:	20 e0       	ldi	r18, 0x00	; 0
    11f6:	30 e0       	ldi	r19, 0x00	; 0
    11f8:	40 e0       	ldi	r20, 0x00	; 0
    11fa:	51 e0       	ldi	r21, 0x01	; 1
    11fc:	6a e2       	ldi	r22, 0x2A	; 42
    11fe:	70 e2       	ldi	r23, 0x20	; 32
    1200:	8f e5       	ldi	r24, 0x5F	; 95
    1202:	96 e0       	ldi	r25, 0x06	; 6
    1204:	0e 94 bc 07 	call	0xf78	; 0xf78 <xTaskCreate>
    1208:	81 30       	cpi	r24, 0x01	; 1
    120a:	79 f0       	breq	.+30     	; 0x122a <vTaskStartScheduler+0x46>
    120c:	8f 3f       	cpi	r24, 0xFF	; 255
    120e:	21 f0       	breq	.+8      	; 0x1218 <vTaskStartScheduler+0x34>
    1210:	0f 91       	pop	r16
    1212:	ff 90       	pop	r15
    1214:	ef 90       	pop	r14
    1216:	08 95       	ret
    1218:	67 e0       	ldi	r22, 0x07	; 7
    121a:	78 e0       	ldi	r23, 0x08	; 8
    121c:	86 e1       	ldi	r24, 0x16	; 22
    121e:	90 e2       	ldi	r25, 0x20	; 32
    1220:	0f 91       	pop	r16
    1222:	ff 90       	pop	r15
    1224:	ef 90       	pop	r14
    1226:	0c 94 11 0b 	jmp	0x1622	; 0x1622 <vAssertCalled>
    122a:	f8 94       	cli
    122c:	2f ef       	ldi	r18, 0xFF	; 255
    122e:	3f ef       	ldi	r19, 0xFF	; 255
    1230:	20 93 fd 20 	sts	0x20FD, r18	; 0x8020fd <xNextTaskUnblockTime>
    1234:	30 93 fe 20 	sts	0x20FE, r19	; 0x8020fe <xNextTaskUnblockTime+0x1>
    1238:	80 93 03 21 	sts	0x2103, r24	; 0x802103 <xSchedulerRunning>
    123c:	10 92 05 21 	sts	0x2105, r1	; 0x802105 <xTickCount>
    1240:	10 92 06 21 	sts	0x2106, r1	; 0x802106 <xTickCount+0x1>
    1244:	0e 94 ff 05 	call	0xbfe	; 0xbfe <vConfigureTimerForRunTimeStats>
    1248:	0f 91       	pop	r16
    124a:	ff 90       	pop	r15
    124c:	ef 90       	pop	r14
    124e:	0c 94 f6 04 	jmp	0x9ec	; 0x9ec <xPortStartScheduler>

00001252 <vTaskSuspendAll>:
    1252:	80 91 fa 20 	lds	r24, 0x20FA	; 0x8020fa <uxSchedulerSuspended>
    1256:	8f 5f       	subi	r24, 0xFF	; 255
    1258:	80 93 fa 20 	sts	0x20FA, r24	; 0x8020fa <uxSchedulerSuspended>
    125c:	08 95       	ret

0000125e <xTaskIncrementTick>:
    125e:	df 92       	push	r13
    1260:	ef 92       	push	r14
    1262:	ff 92       	push	r15
    1264:	0f 93       	push	r16
    1266:	1f 93       	push	r17
    1268:	cf 93       	push	r28
    126a:	df 93       	push	r29
    126c:	80 91 fa 20 	lds	r24, 0x20FA	; 0x8020fa <uxSchedulerSuspended>
    1270:	81 11       	cpse	r24, r1
    1272:	b9 c0       	rjmp	.+370    	; 0x13e6 <xTaskIncrementTick+0x188>
    1274:	e0 90 05 21 	lds	r14, 0x2105	; 0x802105 <xTickCount>
    1278:	f0 90 06 21 	lds	r15, 0x2106	; 0x802106 <xTickCount+0x1>
    127c:	8f ef       	ldi	r24, 0xFF	; 255
    127e:	e8 1a       	sub	r14, r24
    1280:	f8 0a       	sbc	r15, r24
    1282:	e0 92 05 21 	sts	0x2105, r14	; 0x802105 <xTickCount>
    1286:	f0 92 06 21 	sts	0x2106, r15	; 0x802106 <xTickCount+0x1>
    128a:	e1 14       	cp	r14, r1
    128c:	f1 04       	cpc	r15, r1
    128e:	49 f5       	brne	.+82     	; 0x12e2 <xTaskIncrementTick+0x84>
    1290:	e0 91 26 21 	lds	r30, 0x2126	; 0x802126 <pxDelayedTaskList>
    1294:	f0 91 27 21 	lds	r31, 0x2127	; 0x802127 <pxDelayedTaskList+0x1>
    1298:	80 81       	ld	r24, Z
    129a:	81 11       	cpse	r24, r1
    129c:	ab c0       	rjmp	.+342    	; 0x13f4 <xTaskIncrementTick+0x196>
    129e:	80 91 26 21 	lds	r24, 0x2126	; 0x802126 <pxDelayedTaskList>
    12a2:	90 91 27 21 	lds	r25, 0x2127	; 0x802127 <pxDelayedTaskList+0x1>
    12a6:	20 91 24 21 	lds	r18, 0x2124	; 0x802124 <pxOverflowDelayedTaskList>
    12aa:	30 91 25 21 	lds	r19, 0x2125	; 0x802125 <pxOverflowDelayedTaskList+0x1>
    12ae:	20 93 26 21 	sts	0x2126, r18	; 0x802126 <pxDelayedTaskList>
    12b2:	30 93 27 21 	sts	0x2127, r19	; 0x802127 <pxDelayedTaskList+0x1>
    12b6:	80 93 24 21 	sts	0x2124, r24	; 0x802124 <pxOverflowDelayedTaskList>
    12ba:	90 93 25 21 	sts	0x2125, r25	; 0x802125 <pxOverflowDelayedTaskList+0x1>
    12be:	80 91 00 21 	lds	r24, 0x2100	; 0x802100 <xNumOfOverflows>
    12c2:	8f 5f       	subi	r24, 0xFF	; 255
    12c4:	80 93 00 21 	sts	0x2100, r24	; 0x802100 <xNumOfOverflows>
    12c8:	e0 91 26 21 	lds	r30, 0x2126	; 0x802126 <pxDelayedTaskList>
    12cc:	f0 91 27 21 	lds	r31, 0x2127	; 0x802127 <pxDelayedTaskList+0x1>
    12d0:	80 81       	ld	r24, Z
    12d2:	81 11       	cpse	r24, r1
    12d4:	96 c0       	rjmp	.+300    	; 0x1402 <xTaskIncrementTick+0x1a4>
    12d6:	8f ef       	ldi	r24, 0xFF	; 255
    12d8:	9f ef       	ldi	r25, 0xFF	; 255
    12da:	80 93 fd 20 	sts	0x20FD, r24	; 0x8020fd <xNextTaskUnblockTime>
    12de:	90 93 fe 20 	sts	0x20FE, r25	; 0x8020fe <xNextTaskUnblockTime+0x1>
    12e2:	80 91 fd 20 	lds	r24, 0x20FD	; 0x8020fd <xNextTaskUnblockTime>
    12e6:	90 91 fe 20 	lds	r25, 0x20FE	; 0x8020fe <xNextTaskUnblockTime+0x1>
    12ea:	d1 2c       	mov	r13, r1
    12ec:	e8 16       	cp	r14, r24
    12ee:	f9 06       	cpc	r15, r25
    12f0:	08 f4       	brcc	.+2      	; 0x12f4 <xTaskIncrementTick+0x96>
    12f2:	53 c0       	rjmp	.+166    	; 0x139a <xTaskIncrementTick+0x13c>
    12f4:	e0 91 26 21 	lds	r30, 0x2126	; 0x802126 <pxDelayedTaskList>
    12f8:	f0 91 27 21 	lds	r31, 0x2127	; 0x802127 <pxDelayedTaskList+0x1>
    12fc:	80 81       	ld	r24, Z
    12fe:	88 23       	and	r24, r24
    1300:	09 f4       	brne	.+2      	; 0x1304 <xTaskIncrementTick+0xa6>
    1302:	45 c0       	rjmp	.+138    	; 0x138e <xTaskIncrementTick+0x130>
    1304:	e0 91 26 21 	lds	r30, 0x2126	; 0x802126 <pxDelayedTaskList>
    1308:	f0 91 27 21 	lds	r31, 0x2127	; 0x802127 <pxDelayedTaskList+0x1>
    130c:	05 80       	ldd	r0, Z+5	; 0x05
    130e:	f6 81       	ldd	r31, Z+6	; 0x06
    1310:	e0 2d       	mov	r30, r0
    1312:	c6 81       	ldd	r28, Z+6	; 0x06
    1314:	d7 81       	ldd	r29, Z+7	; 0x07
    1316:	8a 81       	ldd	r24, Y+2	; 0x02
    1318:	9b 81       	ldd	r25, Y+3	; 0x03
    131a:	e8 16       	cp	r14, r24
    131c:	f9 06       	cpc	r15, r25
    131e:	08 f4       	brcc	.+2      	; 0x1322 <xTaskIncrementTick+0xc4>
    1320:	73 c0       	rjmp	.+230    	; 0x1408 <xTaskIncrementTick+0x1aa>
    1322:	8e 01       	movw	r16, r28
    1324:	0e 5f       	subi	r16, 0xFE	; 254
    1326:	1f 4f       	sbci	r17, 0xFF	; 255
    1328:	c8 01       	movw	r24, r16
    132a:	0e 94 62 04 	call	0x8c4	; 0x8c4 <uxListRemove>
    132e:	8c 89       	ldd	r24, Y+20	; 0x14
    1330:	9d 89       	ldd	r25, Y+21	; 0x15
    1332:	89 2b       	or	r24, r25
    1334:	21 f0       	breq	.+8      	; 0x133e <xTaskIncrementTick+0xe0>
    1336:	ce 01       	movw	r24, r28
    1338:	0c 96       	adiw	r24, 0x0c	; 12
    133a:	0e 94 62 04 	call	0x8c4	; 0x8c4 <uxListRemove>
    133e:	8e 89       	ldd	r24, Y+22	; 0x16
    1340:	90 91 04 21 	lds	r25, 0x2104	; 0x802104 <uxTopReadyPriority>
    1344:	98 17       	cp	r25, r24
    1346:	10 f4       	brcc	.+4      	; 0x134c <xTaskIncrementTick+0xee>
    1348:	80 93 04 21 	sts	0x2104, r24	; 0x802104 <uxTopReadyPriority>
    134c:	90 e0       	ldi	r25, 0x00	; 0
    134e:	9c 01       	movw	r18, r24
    1350:	22 0f       	add	r18, r18
    1352:	33 1f       	adc	r19, r19
    1354:	22 0f       	add	r18, r18
    1356:	33 1f       	adc	r19, r19
    1358:	22 0f       	add	r18, r18
    135a:	33 1f       	adc	r19, r19
    135c:	82 0f       	add	r24, r18
    135e:	93 1f       	adc	r25, r19
    1360:	b8 01       	movw	r22, r16
    1362:	86 5c       	subi	r24, 0xC6	; 198
    1364:	9e 4d       	sbci	r25, 0xDE	; 222
    1366:	0e 94 10 04 	call	0x820	; 0x820 <vListInsertEnd>
    136a:	e0 91 94 21 	lds	r30, 0x2194	; 0x802194 <pxCurrentTCB>
    136e:	f0 91 95 21 	lds	r31, 0x2195	; 0x802195 <pxCurrentTCB+0x1>
    1372:	9e 89       	ldd	r25, Y+22	; 0x16
    1374:	86 89       	ldd	r24, Z+22	; 0x16
    1376:	98 17       	cp	r25, r24
    1378:	08 f4       	brcc	.+2      	; 0x137c <xTaskIncrementTick+0x11e>
    137a:	bc cf       	rjmp	.-136    	; 0x12f4 <xTaskIncrementTick+0x96>
    137c:	dd 24       	eor	r13, r13
    137e:	d3 94       	inc	r13
    1380:	e0 91 26 21 	lds	r30, 0x2126	; 0x802126 <pxDelayedTaskList>
    1384:	f0 91 27 21 	lds	r31, 0x2127	; 0x802127 <pxDelayedTaskList+0x1>
    1388:	80 81       	ld	r24, Z
    138a:	81 11       	cpse	r24, r1
    138c:	bb cf       	rjmp	.-138    	; 0x1304 <xTaskIncrementTick+0xa6>
    138e:	8f ef       	ldi	r24, 0xFF	; 255
    1390:	9f ef       	ldi	r25, 0xFF	; 255
    1392:	80 93 fd 20 	sts	0x20FD, r24	; 0x8020fd <xNextTaskUnblockTime>
    1396:	90 93 fe 20 	sts	0x20FE, r25	; 0x8020fe <xNextTaskUnblockTime+0x1>
    139a:	e0 91 94 21 	lds	r30, 0x2194	; 0x802194 <pxCurrentTCB>
    139e:	f0 91 95 21 	lds	r31, 0x2195	; 0x802195 <pxCurrentTCB+0x1>
    13a2:	86 89       	ldd	r24, Z+22	; 0x16
    13a4:	90 e0       	ldi	r25, 0x00	; 0
    13a6:	fc 01       	movw	r30, r24
    13a8:	ee 0f       	add	r30, r30
    13aa:	ff 1f       	adc	r31, r31
    13ac:	ee 0f       	add	r30, r30
    13ae:	ff 1f       	adc	r31, r31
    13b0:	ee 0f       	add	r30, r30
    13b2:	ff 1f       	adc	r31, r31
    13b4:	8e 0f       	add	r24, r30
    13b6:	9f 1f       	adc	r25, r31
    13b8:	fc 01       	movw	r30, r24
    13ba:	e6 5c       	subi	r30, 0xC6	; 198
    13bc:	fe 4d       	sbci	r31, 0xDE	; 222
    13be:	80 81       	ld	r24, Z
    13c0:	82 30       	cpi	r24, 0x02	; 2
    13c2:	10 f0       	brcs	.+4      	; 0x13c8 <xTaskIncrementTick+0x16a>
    13c4:	dd 24       	eor	r13, r13
    13c6:	d3 94       	inc	r13
    13c8:	80 91 01 21 	lds	r24, 0x2101	; 0x802101 <xYieldPending>
    13cc:	88 23       	and	r24, r24
    13ce:	11 f0       	breq	.+4      	; 0x13d4 <xTaskIncrementTick+0x176>
    13d0:	dd 24       	eor	r13, r13
    13d2:	d3 94       	inc	r13
    13d4:	8d 2d       	mov	r24, r13
    13d6:	df 91       	pop	r29
    13d8:	cf 91       	pop	r28
    13da:	1f 91       	pop	r17
    13dc:	0f 91       	pop	r16
    13de:	ff 90       	pop	r15
    13e0:	ef 90       	pop	r14
    13e2:	df 90       	pop	r13
    13e4:	08 95       	ret
    13e6:	80 91 02 21 	lds	r24, 0x2102	; 0x802102 <uxPendedTicks>
    13ea:	8f 5f       	subi	r24, 0xFF	; 255
    13ec:	80 93 02 21 	sts	0x2102, r24	; 0x802102 <uxPendedTicks>
    13f0:	d1 2c       	mov	r13, r1
    13f2:	ea cf       	rjmp	.-44     	; 0x13c8 <xTaskIncrementTick+0x16a>
    13f4:	66 e6       	ldi	r22, 0x66	; 102
    13f6:	7a e0       	ldi	r23, 0x0A	; 10
    13f8:	86 e1       	ldi	r24, 0x16	; 22
    13fa:	90 e2       	ldi	r25, 0x20	; 32
    13fc:	0e 94 11 0b 	call	0x1622	; 0x1622 <vAssertCalled>
    1400:	4e cf       	rjmp	.-356    	; 0x129e <xTaskIncrementTick+0x40>
    1402:	0e 94 8d 06 	call	0xd1a	; 0xd1a <prvResetNextTaskUnblockTime.part.0>
    1406:	6d cf       	rjmp	.-294    	; 0x12e2 <xTaskIncrementTick+0x84>
    1408:	80 93 fd 20 	sts	0x20FD, r24	; 0x8020fd <xNextTaskUnblockTime>
    140c:	90 93 fe 20 	sts	0x20FE, r25	; 0x8020fe <xNextTaskUnblockTime+0x1>
    1410:	c4 cf       	rjmp	.-120    	; 0x139a <xTaskIncrementTick+0x13c>

00001412 <xTaskResumeAll>:
    1412:	ff 92       	push	r15
    1414:	0f 93       	push	r16
    1416:	1f 93       	push	r17
    1418:	cf 93       	push	r28
    141a:	df 93       	push	r29
    141c:	80 91 fa 20 	lds	r24, 0x20FA	; 0x8020fa <uxSchedulerSuspended>
    1420:	88 23       	and	r24, r24
    1422:	09 f4       	brne	.+2      	; 0x1426 <xTaskResumeAll+0x14>
    1424:	77 c0       	rjmp	.+238    	; 0x1514 <xTaskResumeAll+0x102>
    1426:	0f b6       	in	r0, 0x3f	; 63
    1428:	f8 94       	cli
    142a:	0f 92       	push	r0
    142c:	80 91 fa 20 	lds	r24, 0x20FA	; 0x8020fa <uxSchedulerSuspended>
    1430:	81 50       	subi	r24, 0x01	; 1
    1432:	80 93 fa 20 	sts	0x20FA, r24	; 0x8020fa <uxSchedulerSuspended>
    1436:	80 91 fa 20 	lds	r24, 0x20FA	; 0x8020fa <uxSchedulerSuspended>
    143a:	81 11       	cpse	r24, r1
    143c:	62 c0       	rjmp	.+196    	; 0x1502 <xTaskResumeAll+0xf0>
    143e:	80 91 07 21 	lds	r24, 0x2107	; 0x802107 <uxCurrentNumberOfTasks>
    1442:	88 23       	and	r24, r24
    1444:	09 f4       	brne	.+2      	; 0x1448 <xTaskResumeAll+0x36>
    1446:	5d c0       	rjmp	.+186    	; 0x1502 <xTaskResumeAll+0xf0>
    1448:	c0 e0       	ldi	r28, 0x00	; 0
    144a:	d0 e0       	ldi	r29, 0x00	; 0
    144c:	ff 24       	eor	r15, r15
    144e:	f3 94       	inc	r15
    1450:	80 91 1b 21 	lds	r24, 0x211B	; 0x80211b <xPendingReadyList>
    1454:	88 23       	and	r24, r24
    1456:	a1 f1       	breq	.+104    	; 0x14c0 <xTaskResumeAll+0xae>
    1458:	e0 91 20 21 	lds	r30, 0x2120	; 0x802120 <xPendingReadyList+0x5>
    145c:	f0 91 21 21 	lds	r31, 0x2121	; 0x802121 <xPendingReadyList+0x6>
    1460:	c6 81       	ldd	r28, Z+6	; 0x06
    1462:	d7 81       	ldd	r29, Z+7	; 0x07
    1464:	ce 01       	movw	r24, r28
    1466:	0c 96       	adiw	r24, 0x0c	; 12
    1468:	0e 94 62 04 	call	0x8c4	; 0x8c4 <uxListRemove>
    146c:	8e 01       	movw	r16, r28
    146e:	0e 5f       	subi	r16, 0xFE	; 254
    1470:	1f 4f       	sbci	r17, 0xFF	; 255
    1472:	c8 01       	movw	r24, r16
    1474:	0e 94 62 04 	call	0x8c4	; 0x8c4 <uxListRemove>
    1478:	8e 89       	ldd	r24, Y+22	; 0x16
    147a:	90 91 04 21 	lds	r25, 0x2104	; 0x802104 <uxTopReadyPriority>
    147e:	98 17       	cp	r25, r24
    1480:	10 f4       	brcc	.+4      	; 0x1486 <xTaskResumeAll+0x74>
    1482:	80 93 04 21 	sts	0x2104, r24	; 0x802104 <uxTopReadyPriority>
    1486:	90 e0       	ldi	r25, 0x00	; 0
    1488:	9c 01       	movw	r18, r24
    148a:	22 0f       	add	r18, r18
    148c:	33 1f       	adc	r19, r19
    148e:	22 0f       	add	r18, r18
    1490:	33 1f       	adc	r19, r19
    1492:	22 0f       	add	r18, r18
    1494:	33 1f       	adc	r19, r19
    1496:	82 0f       	add	r24, r18
    1498:	93 1f       	adc	r25, r19
    149a:	b8 01       	movw	r22, r16
    149c:	86 5c       	subi	r24, 0xC6	; 198
    149e:	9e 4d       	sbci	r25, 0xDE	; 222
    14a0:	0e 94 10 04 	call	0x820	; 0x820 <vListInsertEnd>
    14a4:	e0 91 94 21 	lds	r30, 0x2194	; 0x802194 <pxCurrentTCB>
    14a8:	f0 91 95 21 	lds	r31, 0x2195	; 0x802195 <pxCurrentTCB+0x1>
    14ac:	9e 89       	ldd	r25, Y+22	; 0x16
    14ae:	86 89       	ldd	r24, Z+22	; 0x16
    14b0:	98 17       	cp	r25, r24
    14b2:	70 f2       	brcs	.-100    	; 0x1450 <xTaskResumeAll+0x3e>
    14b4:	f0 92 01 21 	sts	0x2101, r15	; 0x802101 <xYieldPending>
    14b8:	80 91 1b 21 	lds	r24, 0x211B	; 0x80211b <xPendingReadyList>
    14bc:	81 11       	cpse	r24, r1
    14be:	cc cf       	rjmp	.-104    	; 0x1458 <xTaskResumeAll+0x46>
    14c0:	cd 2b       	or	r28, r29
    14c2:	69 f0       	breq	.+26     	; 0x14de <xTaskResumeAll+0xcc>
    14c4:	e0 91 26 21 	lds	r30, 0x2126	; 0x802126 <pxDelayedTaskList>
    14c8:	f0 91 27 21 	lds	r31, 0x2127	; 0x802127 <pxDelayedTaskList+0x1>
    14cc:	80 81       	ld	r24, Z
    14ce:	81 11       	cpse	r24, r1
    14d0:	2c c0       	rjmp	.+88     	; 0x152a <xTaskResumeAll+0x118>
    14d2:	8f ef       	ldi	r24, 0xFF	; 255
    14d4:	9f ef       	ldi	r25, 0xFF	; 255
    14d6:	80 93 fd 20 	sts	0x20FD, r24	; 0x8020fd <xNextTaskUnblockTime>
    14da:	90 93 fe 20 	sts	0x20FE, r25	; 0x8020fe <xNextTaskUnblockTime+0x1>
    14de:	c0 91 02 21 	lds	r28, 0x2102	; 0x802102 <uxPendedTicks>
    14e2:	cc 23       	and	r28, r28
    14e4:	51 f0       	breq	.+20     	; 0x14fa <xTaskResumeAll+0xe8>
    14e6:	d1 e0       	ldi	r29, 0x01	; 1
    14e8:	0e 94 2f 09 	call	0x125e	; 0x125e <xTaskIncrementTick>
    14ec:	81 11       	cpse	r24, r1
    14ee:	d0 93 01 21 	sts	0x2101, r29	; 0x802101 <xYieldPending>
    14f2:	c1 50       	subi	r28, 0x01	; 1
    14f4:	c9 f7       	brne	.-14     	; 0x14e8 <xTaskResumeAll+0xd6>
    14f6:	10 92 02 21 	sts	0x2102, r1	; 0x802102 <uxPendedTicks>
    14fa:	80 91 01 21 	lds	r24, 0x2101	; 0x802101 <xYieldPending>
    14fe:	81 11       	cpse	r24, r1
    1500:	10 c0       	rjmp	.+32     	; 0x1522 <xTaskResumeAll+0x110>
    1502:	80 e0       	ldi	r24, 0x00	; 0
    1504:	0f 90       	pop	r0
    1506:	0f be       	out	0x3f, r0	; 63
    1508:	df 91       	pop	r29
    150a:	cf 91       	pop	r28
    150c:	1f 91       	pop	r17
    150e:	0f 91       	pop	r16
    1510:	ff 90       	pop	r15
    1512:	08 95       	ret
    1514:	6c e6       	ldi	r22, 0x6C	; 108
    1516:	78 e0       	ldi	r23, 0x08	; 8
    1518:	86 e1       	ldi	r24, 0x16	; 22
    151a:	90 e2       	ldi	r25, 0x20	; 32
    151c:	0e 94 11 0b 	call	0x1622	; 0x1622 <vAssertCalled>
    1520:	82 cf       	rjmp	.-252    	; 0x1426 <xTaskResumeAll+0x14>
    1522:	0e 94 33 05 	call	0xa66	; 0xa66 <vPortYield>
    1526:	81 e0       	ldi	r24, 0x01	; 1
    1528:	ed cf       	rjmp	.-38     	; 0x1504 <xTaskResumeAll+0xf2>
    152a:	0e 94 8d 06 	call	0xd1a	; 0xd1a <prvResetNextTaskUnblockTime.part.0>
    152e:	d7 cf       	rjmp	.-82     	; 0x14de <xTaskResumeAll+0xcc>

00001530 <vTaskDelay>:
    1530:	cf 93       	push	r28
    1532:	df 93       	push	r29
    1534:	ec 01       	movw	r28, r24
    1536:	89 2b       	or	r24, r25
    1538:	29 f4       	brne	.+10     	; 0x1544 <vTaskDelay+0x14>
    153a:	0e 94 33 05 	call	0xa66	; 0xa66 <vPortYield>
    153e:	df 91       	pop	r29
    1540:	cf 91       	pop	r28
    1542:	08 95       	ret
    1544:	80 91 fa 20 	lds	r24, 0x20FA	; 0x8020fa <uxSchedulerSuspended>
    1548:	81 11       	cpse	r24, r1
    154a:	10 c0       	rjmp	.+32     	; 0x156c <vTaskDelay+0x3c>
    154c:	80 91 fa 20 	lds	r24, 0x20FA	; 0x8020fa <uxSchedulerSuspended>
    1550:	8f 5f       	subi	r24, 0xFF	; 255
    1552:	80 93 fa 20 	sts	0x20FA, r24	; 0x8020fa <uxSchedulerSuspended>
    1556:	60 e0       	ldi	r22, 0x00	; 0
    1558:	ce 01       	movw	r24, r28
    155a:	0e 94 9e 06 	call	0xd3c	; 0xd3c <prvAddCurrentTaskToDelayedList>
    155e:	0e 94 09 0a 	call	0x1412	; 0x1412 <xTaskResumeAll>
    1562:	88 23       	and	r24, r24
    1564:	51 f3       	breq	.-44     	; 0x153a <vTaskDelay+0xa>
    1566:	df 91       	pop	r29
    1568:	cf 91       	pop	r28
    156a:	08 95       	ret
    156c:	60 e2       	ldi	r22, 0x20	; 32
    156e:	75 e0       	ldi	r23, 0x05	; 5
    1570:	86 e1       	ldi	r24, 0x16	; 22
    1572:	90 e2       	ldi	r25, 0x20	; 32
    1574:	0e 94 11 0b 	call	0x1622	; 0x1622 <vAssertCalled>
    1578:	e9 cf       	rjmp	.-46     	; 0x154c <vTaskDelay+0x1c>

0000157a <vTaskSwitchContext>:
#endif /* configUSE_APPLICATION_TASK_TAG */
/*-----------------------------------------------------------*/

void vTaskSwitchContext( void )
{
	if( uxSchedulerSuspended != ( UBaseType_t ) pdFALSE )
    157a:	80 91 fa 20 	lds	r24, 0x20FA	; 0x8020fa <uxSchedulerSuspended>
    157e:	81 11       	cpse	r24, r1
    1580:	02 c0       	rjmp	.+4      	; 0x1586 <vTaskSwitchContext+0xc>
    1582:	0c 94 fa 06 	jmp	0xdf4	; 0xdf4 <vTaskSwitchContext.part.5>
	{
		/* The scheduler is currently suspended - do not allow a context
		switch. */
		xYieldPending = pdTRUE;
    1586:	81 e0       	ldi	r24, 0x01	; 1
    1588:	80 93 01 21 	sts	0x2101, r24	; 0x802101 <xYieldPending>
    158c:	08 95       	ret

0000158e <vApplicationIdleHook>:
#define SET_ERR_LED() PORTA.OUTSET=1<<7
#define CLR_ERR_LED() PORTA.OUTCLR=1<<7


void vApplicationIdleHook( void )
{
    158e:	08 95       	ret

00001590 <vApplicationMallocFailedHook>:
	
}

void vApplicationMallocFailedHook(void)
{
	taskDISABLE_INTERRUPTS();
    1590:	f8 94       	cli
	DbgPrint ("ERROR: memory allocation failed\r\n");
    1592:	89 e5       	ldi	r24, 0x59	; 89
    1594:	90 e2       	ldi	r25, 0x20	; 32
    1596:	0e 94 ac 01 	call	0x358	; 0x358 <DbgPrint>
	CFG_ERR_LED();
    159a:	80 e8       	ldi	r24, 0x80	; 128
    159c:	80 93 01 06 	sts	0x0601, r24	; 0x800601 <__TEXT_REGION_LENGTH__+0x700601>
	while (1)
	{
		SET_ERR_LED();
    15a0:	80 93 05 06 	sts	0x0605, r24	; 0x800605 <__TEXT_REGION_LENGTH__+0x700605>
	#else
		//round up by default
		__ticks_dc = (uint32_t)(ceil(fabs(__tmp)));
	#endif

	__builtin_avr_delay_cycles(__ticks_dc);
    15a4:	2f ef       	ldi	r18, 0xFF	; 255
    15a6:	33 ec       	ldi	r19, 0xC3	; 195
    15a8:	99 e0       	ldi	r25, 0x09	; 9
    15aa:	21 50       	subi	r18, 0x01	; 1
    15ac:	30 40       	sbci	r19, 0x00	; 0
    15ae:	90 40       	sbci	r25, 0x00	; 0
    15b0:	e1 f7       	brne	.-8      	; 0x15aa <vApplicationMallocFailedHook+0x1a>
    15b2:	00 c0       	rjmp	.+0      	; 0x15b4 <vApplicationMallocFailedHook+0x24>
    15b4:	00 00       	nop
		_delay_ms(100);
		CLR_ERR_LED();
    15b6:	80 93 06 06 	sts	0x0606, r24	; 0x800606 <__TEXT_REGION_LENGTH__+0x700606>
    15ba:	2f ef       	ldi	r18, 0xFF	; 255
    15bc:	33 ec       	ldi	r19, 0xC3	; 195
    15be:	99 e0       	ldi	r25, 0x09	; 9
    15c0:	21 50       	subi	r18, 0x01	; 1
    15c2:	30 40       	sbci	r19, 0x00	; 0
    15c4:	90 40       	sbci	r25, 0x00	; 0
    15c6:	e1 f7       	brne	.-8      	; 0x15c0 <vApplicationMallocFailedHook+0x30>
    15c8:	00 c0       	rjmp	.+0      	; 0x15ca <vApplicationMallocFailedHook+0x3a>
    15ca:	00 00       	nop
    15cc:	e9 cf       	rjmp	.-46     	; 0x15a0 <vApplicationMallocFailedHook+0x10>

000015ce <vApplicationStackOverflowHook>:
}



void vApplicationStackOverflowHook( TaskHandle_t xTask,signed char *pcTaskName )
{
    15ce:	eb 01       	movw	r28, r22
	taskDISABLE_INTERRUPTS();
    15d0:	f8 94       	cli
	CFG_ERR_LED();
    15d2:	80 e8       	ldi	r24, 0x80	; 128
    15d4:	80 93 01 06 	sts	0x0601, r24	; 0x800601 <__TEXT_REGION_LENGTH__+0x700601>
	DbgPrint("STACK overflow in task ");
    15d8:	8b e7       	ldi	r24, 0x7B	; 123
    15da:	90 e2       	ldi	r25, 0x20	; 32
    15dc:	0e 94 ac 01 	call	0x358	; 0x358 <DbgPrint>
	DbgPrintn(pcTaskName,10);
    15e0:	6a e0       	ldi	r22, 0x0A	; 10
    15e2:	70 e0       	ldi	r23, 0x00	; 0
    15e4:	ce 01       	movw	r24, r28
    15e6:	0e 94 cb 01 	call	0x396	; 0x396 <DbgPrintn>
	DbgPrint("\r\n");
    15ea:	85 ec       	ldi	r24, 0xC5	; 197
    15ec:	90 e2       	ldi	r25, 0x20	; 32
    15ee:	0e 94 ac 01 	call	0x358	; 0x358 <DbgPrint>
	while (1)
	{
		SET_ERR_LED();
    15f2:	80 e8       	ldi	r24, 0x80	; 128
    15f4:	80 93 05 06 	sts	0x0605, r24	; 0x800605 <__TEXT_REGION_LENGTH__+0x700605>
    15f8:	2f ef       	ldi	r18, 0xFF	; 255
    15fa:	33 ed       	ldi	r19, 0xD3	; 211
    15fc:	90 e3       	ldi	r25, 0x30	; 48
    15fe:	21 50       	subi	r18, 0x01	; 1
    1600:	30 40       	sbci	r19, 0x00	; 0
    1602:	90 40       	sbci	r25, 0x00	; 0
    1604:	e1 f7       	brne	.-8      	; 0x15fe <vApplicationStackOverflowHook+0x30>
    1606:	00 c0       	rjmp	.+0      	; 0x1608 <vApplicationStackOverflowHook+0x3a>
    1608:	00 00       	nop
		_delay_ms(500);
		CLR_ERR_LED();
    160a:	80 93 06 06 	sts	0x0606, r24	; 0x800606 <__TEXT_REGION_LENGTH__+0x700606>
    160e:	2f ef       	ldi	r18, 0xFF	; 255
    1610:	33 ed       	ldi	r19, 0xD3	; 211
    1612:	90 e3       	ldi	r25, 0x30	; 48
    1614:	21 50       	subi	r18, 0x01	; 1
    1616:	30 40       	sbci	r19, 0x00	; 0
    1618:	90 40       	sbci	r25, 0x00	; 0
    161a:	e1 f7       	brne	.-8      	; 0x1614 <vApplicationStackOverflowHook+0x46>
    161c:	00 c0       	rjmp	.+0      	; 0x161e <vApplicationStackOverflowHook+0x50>
    161e:	00 00       	nop
    1620:	e9 cf       	rjmp	.-46     	; 0x15f4 <vApplicationStackOverflowHook+0x26>

00001622 <vAssertCalled>:
		_delay_ms(500);
	}
}

void vAssertCalled( char *File, int Line)
{
    1622:	8c 01       	movw	r16, r24
    1624:	eb 01       	movw	r28, r22
	taskDISABLE_INTERRUPTS();	
    1626:	f8 94       	cli
	CFG_ERR_LED();
    1628:	80 e8       	ldi	r24, 0x80	; 128
    162a:	80 93 01 06 	sts	0x0601, r24	; 0x800601 <__TEXT_REGION_LENGTH__+0x700601>
	DbgPrint("Assert in file ");
    162e:	83 e9       	ldi	r24, 0x93	; 147
    1630:	90 e2       	ldi	r25, 0x20	; 32
    1632:	0e 94 ac 01 	call	0x358	; 0x358 <DbgPrint>
	DbgPrintn(File,100);
    1636:	64 e6       	ldi	r22, 0x64	; 100
    1638:	70 e0       	ldi	r23, 0x00	; 0
    163a:	c8 01       	movw	r24, r16
    163c:	0e 94 cb 01 	call	0x396	; 0x396 <DbgPrintn>
	DbgPrint(", line nr ");
    1640:	83 ea       	ldi	r24, 0xA3	; 163
    1642:	90 e2       	ldi	r25, 0x20	; 32
    1644:	0e 94 ac 01 	call	0x358	; 0x358 <DbgPrint>
	DbgPrintInt(Line);
    1648:	ce 01       	movw	r24, r28
    164a:	0e 94 f0 01 	call	0x3e0	; 0x3e0 <DbgPrintInt>
	DbgPrint("\r\n");
    164e:	85 ec       	ldi	r24, 0xC5	; 197
    1650:	90 e2       	ldi	r25, 0x20	; 32
    1652:	0e 94 ac 01 	call	0x358	; 0x358 <DbgPrint>

	while (1)
	{
		SET_ERR_LED();
    1656:	80 e8       	ldi	r24, 0x80	; 128
    1658:	80 93 05 06 	sts	0x0605, r24	; 0x800605 <__TEXT_REGION_LENGTH__+0x700605>
    165c:	2f ef       	ldi	r18, 0xFF	; 255
    165e:	33 ec       	ldi	r19, 0xC3	; 195
    1660:	99 e0       	ldi	r25, 0x09	; 9
    1662:	21 50       	subi	r18, 0x01	; 1
    1664:	30 40       	sbci	r19, 0x00	; 0
    1666:	90 40       	sbci	r25, 0x00	; 0
    1668:	e1 f7       	brne	.-8      	; 0x1662 <vAssertCalled+0x40>
    166a:	00 c0       	rjmp	.+0      	; 0x166c <vAssertCalled+0x4a>
    166c:	00 00       	nop
		_delay_ms(100);
		CLR_ERR_LED();
    166e:	80 93 06 06 	sts	0x0606, r24	; 0x800606 <__TEXT_REGION_LENGTH__+0x700606>
    1672:	2f ef       	ldi	r18, 0xFF	; 255
    1674:	33 ed       	ldi	r19, 0xD3	; 211
    1676:	90 e3       	ldi	r25, 0x30	; 48
    1678:	21 50       	subi	r18, 0x01	; 1
    167a:	30 40       	sbci	r19, 0x00	; 0
    167c:	90 40       	sbci	r25, 0x00	; 0
    167e:	e1 f7       	brne	.-8      	; 0x1678 <vAssertCalled+0x56>
    1680:	00 c0       	rjmp	.+0      	; 0x1682 <vAssertCalled+0x60>
    1682:	00 00       	nop
    1684:	e9 cf       	rjmp	.-46     	; 0x1658 <vAssertCalled+0x36>

00001686 <main>:

uint8_t *ucHeap;

int main(void) {
	//Allocate FreeRTOS heap
	ucHeap=malloc(configTOTAL_HEAP_SIZE);
    1686:	80 e0       	ldi	r24, 0x00	; 0
    1688:	90 e4       	ldi	r25, 0x40	; 64
    168a:	0e 94 99 0f 	call	0x1f32	; 0x1f32 <malloc>
    168e:	80 93 9e 21 	sts	0x219E, r24	; 0x80219e <ucHeap>
    1692:	90 93 9f 21 	sts	0x219F, r25	; 0x80219f <ucHeap+0x1>
	if (ucHeap==NULL) while(1);
    1696:	89 2b       	or	r24, r25
    1698:	e9 f0       	breq	.+58     	; 0x16d4 <main+0x4e>
	
	DriverSysClkXtalInit();	//Clock init
    169a:	0e 94 4e 02 	call	0x49c	; 0x49c <DriverSysClkXtalInit>
	DriverUSARTInit();		//USART init and link to stdio
    169e:	0e 94 1a 03 	call	0x634	; 0x634 <DriverUSARTInit>
	DriverPowerInit();		//Initialize aux power driver
    16a2:	0e 94 b4 0b 	call	0x1768	; 0x1768 <DriverPowerInit>
	DriverPowerVccAuxSet(1);//Enable Auxillary power line
    16a6:	81 e0       	ldi	r24, 0x01	; 1
    16a8:	0e 94 b8 0b 	call	0x1770	; 0x1770 <DriverPowerVccAuxSet>

	//Enable interrupts
	PMIC.CTRL=0b111;		
    16ac:	87 e0       	ldi	r24, 0x07	; 7
    16ae:	80 93 a2 00 	sts	0x00A2, r24	; 0x8000a2 <__TEXT_REGION_LENGTH__+0x7000a2>
	sei();
    16b2:	78 94       	sei
    16b4:	2f ef       	ldi	r18, 0xFF	; 255
    16b6:	89 ef       	ldi	r24, 0xF9	; 249
    16b8:	90 e0       	ldi	r25, 0x00	; 0
    16ba:	21 50       	subi	r18, 0x01	; 1
    16bc:	80 40       	sbci	r24, 0x00	; 0
    16be:	90 40       	sbci	r25, 0x00	; 0
    16c0:	e1 f7       	brne	.-8      	; 0x16ba <main+0x34>
    16c2:	00 c0       	rjmp	.+0      	; 0x16c4 <main+0x3e>
    16c4:	00 00       	nop

	_delay_ms(10);

	//Init tasks
	InitTransferTasks();
    16c6:	0e 94 95 0b 	call	0x172a	; 0x172a <InitTransferTasks>

	vTaskStartScheduler();	//Start scheduler loop
    16ca:	0e 94 f2 08 	call	0x11e4	; 0x11e4 <vTaskStartScheduler>

	return 0;
}
    16ce:	80 e0       	ldi	r24, 0x00	; 0
    16d0:	90 e0       	ldi	r25, 0x00	; 0
    16d2:	08 95       	ret
    16d4:	ff cf       	rjmp	.-2      	; 0x16d4 <main+0x4e>

000016d6 <WorkerSendTask>:
	xTaskCreate( WorkerSendTask, "sendtask", 256, NULL, tskIDLE_PRIORITY+1, NULL );
	xTaskCreate( WorkerReceiveTask, "receivetask", 256, NULL, tskIDLE_PRIORITY+2, NULL );
}

void WorkerSendTask(void *pvParameters)
{	
    16d6:	ff cf       	rjmp	.-2      	; 0x16d6 <WorkerSendTask>

000016d8 <WorkerReceiveTask>:
void WorkerReceiveTask(void *pvParameters)
{
	
	while(1)
	{
		if (Data!=0x10101010 && Data!=0x20202020) printf ("Invalid Data value:%lx \r\n",Data);		
    16d8:	ce ea       	ldi	r28, 0xAE	; 174
    16da:	d0 e2       	ldi	r29, 0x20	; 32
    16dc:	80 91 96 21 	lds	r24, 0x2196	; 0x802196 <Data>
    16e0:	90 91 97 21 	lds	r25, 0x2197	; 0x802197 <Data+0x1>
    16e4:	a0 91 98 21 	lds	r26, 0x2198	; 0x802198 <Data+0x2>
    16e8:	b0 91 99 21 	lds	r27, 0x2199	; 0x802199 <Data+0x3>
    16ec:	80 31       	cpi	r24, 0x10	; 16
    16ee:	20 e1       	ldi	r18, 0x10	; 16
    16f0:	92 07       	cpc	r25, r18
    16f2:	a2 07       	cpc	r26, r18
    16f4:	b2 07       	cpc	r27, r18
    16f6:	a1 f0       	breq	.+40     	; 0x1720 <WorkerReceiveTask+0x48>
    16f8:	80 32       	cpi	r24, 0x20	; 32
    16fa:	20 e2       	ldi	r18, 0x20	; 32
    16fc:	92 07       	cpc	r25, r18
    16fe:	a2 07       	cpc	r26, r18
    1700:	b2 07       	cpc	r27, r18
    1702:	71 f0       	breq	.+28     	; 0x1720 <WorkerReceiveTask+0x48>
    1704:	bf 93       	push	r27
    1706:	af 93       	push	r26
    1708:	9f 93       	push	r25
    170a:	8f 93       	push	r24
    170c:	df 93       	push	r29
    170e:	cf 93       	push	r28
    1710:	0e 94 eb 11 	call	0x23d6	; 0x23d6 <printf>
    1714:	0f 90       	pop	r0
    1716:	0f 90       	pop	r0
    1718:	0f 90       	pop	r0
    171a:	0f 90       	pop	r0
    171c:	0f 90       	pop	r0
    171e:	0f 90       	pop	r0
		vTaskDelay(1);
    1720:	81 e0       	ldi	r24, 0x01	; 1
    1722:	90 e0       	ldi	r25, 0x00	; 0
    1724:	0e 94 98 0a 	call	0x1530	; 0x1530 <vTaskDelay>
	}
    1728:	d9 cf       	rjmp	.-78     	; 0x16dc <WorkerReceiveTask+0x4>

0000172a <InitTransferTasks>:
void WorkerSendTask(void *pvParameters);
void WorkerReceiveTask(void *pvParameters);

//Function definitions
void InitTransferTasks()
{
    172a:	ef 92       	push	r14
    172c:	ff 92       	push	r15
    172e:	0f 93       	push	r16
	xTaskCreate( WorkerSendTask, "sendtask", 256, NULL, tskIDLE_PRIORITY+1, NULL );
    1730:	e1 2c       	mov	r14, r1
    1732:	f1 2c       	mov	r15, r1
    1734:	01 e0       	ldi	r16, 0x01	; 1
    1736:	20 e0       	ldi	r18, 0x00	; 0
    1738:	30 e0       	ldi	r19, 0x00	; 0
    173a:	40 e0       	ldi	r20, 0x00	; 0
    173c:	51 e0       	ldi	r21, 0x01	; 1
    173e:	68 ec       	ldi	r22, 0xC8	; 200
    1740:	70 e2       	ldi	r23, 0x20	; 32
    1742:	8b e6       	ldi	r24, 0x6B	; 107
    1744:	9b e0       	ldi	r25, 0x0B	; 11
    1746:	0e 94 bc 07 	call	0xf78	; 0xf78 <xTaskCreate>
	xTaskCreate( WorkerReceiveTask, "receivetask", 256, NULL, tskIDLE_PRIORITY+2, NULL );
    174a:	02 e0       	ldi	r16, 0x02	; 2
    174c:	20 e0       	ldi	r18, 0x00	; 0
    174e:	30 e0       	ldi	r19, 0x00	; 0
    1750:	40 e0       	ldi	r20, 0x00	; 0
    1752:	51 e0       	ldi	r21, 0x01	; 1
    1754:	61 ed       	ldi	r22, 0xD1	; 209
    1756:	70 e2       	ldi	r23, 0x20	; 32
    1758:	8c e6       	ldi	r24, 0x6C	; 108
    175a:	9b e0       	ldi	r25, 0x0B	; 11
    175c:	0e 94 bc 07 	call	0xf78	; 0xf78 <xTaskCreate>
}
    1760:	0f 91       	pop	r16
    1762:	ff 90       	pop	r15
    1764:	ef 90       	pop	r14
    1766:	08 95       	ret

00001768 <DriverPowerInit>:
    1768:	80 e2       	ldi	r24, 0x20	; 32
    176a:	80 93 41 06 	sts	0x0641, r24	; 0x800641 <__TEXT_REGION_LENGTH__+0x700641>
    176e:	08 95       	ret

00001770 <DriverPowerVccAuxSet>:
    1770:	81 11       	cpse	r24, r1
    1772:	04 c0       	rjmp	.+8      	; 0x177c <DriverPowerVccAuxSet+0xc>
    1774:	80 e2       	ldi	r24, 0x20	; 32
    1776:	80 93 46 06 	sts	0x0646, r24	; 0x800646 <__TEXT_REGION_LENGTH__+0x700646>
    177a:	08 95       	ret
    177c:	80 e2       	ldi	r24, 0x20	; 32
    177e:	80 93 45 06 	sts	0x0645, r24	; 0x800645 <__TEXT_REGION_LENGTH__+0x700645>
    1782:	08 95       	ret

00001784 <vfprintf>:
    1784:	2f 92       	push	r2
    1786:	3f 92       	push	r3
    1788:	4f 92       	push	r4
    178a:	5f 92       	push	r5
    178c:	6f 92       	push	r6
    178e:	7f 92       	push	r7
    1790:	8f 92       	push	r8
    1792:	9f 92       	push	r9
    1794:	af 92       	push	r10
    1796:	bf 92       	push	r11
    1798:	cf 92       	push	r12
    179a:	df 92       	push	r13
    179c:	ef 92       	push	r14
    179e:	ff 92       	push	r15
    17a0:	0f 93       	push	r16
    17a2:	1f 93       	push	r17
    17a4:	cf 93       	push	r28
    17a6:	df 93       	push	r29
    17a8:	cd b7       	in	r28, 0x3d	; 61
    17aa:	de b7       	in	r29, 0x3e	; 62
    17ac:	60 97       	sbiw	r28, 0x10	; 16
    17ae:	cd bf       	out	0x3d, r28	; 61
    17b0:	de bf       	out	0x3e, r29	; 62
    17b2:	7c 01       	movw	r14, r24
    17b4:	1b 01       	movw	r2, r22
    17b6:	6a 01       	movw	r12, r20
    17b8:	fc 01       	movw	r30, r24
    17ba:	16 82       	std	Z+6, r1	; 0x06
    17bc:	17 82       	std	Z+7, r1	; 0x07
    17be:	83 81       	ldd	r24, Z+3	; 0x03
    17c0:	81 ff       	sbrs	r24, 1
    17c2:	44 c3       	rjmp	.+1672   	; 0x1e4c <vfprintf+0x6c8>
    17c4:	9e 01       	movw	r18, r28
    17c6:	2f 5f       	subi	r18, 0xFF	; 255
    17c8:	3f 4f       	sbci	r19, 0xFF	; 255
    17ca:	39 01       	movw	r6, r18
    17cc:	f7 01       	movw	r30, r14
    17ce:	93 81       	ldd	r25, Z+3	; 0x03
    17d0:	f1 01       	movw	r30, r2
    17d2:	93 fd       	sbrc	r25, 3
    17d4:	85 91       	lpm	r24, Z+
    17d6:	93 ff       	sbrs	r25, 3
    17d8:	81 91       	ld	r24, Z+
    17da:	1f 01       	movw	r2, r30
    17dc:	88 23       	and	r24, r24
    17de:	09 f4       	brne	.+2      	; 0x17e2 <vfprintf+0x5e>
    17e0:	31 c3       	rjmp	.+1634   	; 0x1e44 <vfprintf+0x6c0>
    17e2:	85 32       	cpi	r24, 0x25	; 37
    17e4:	39 f4       	brne	.+14     	; 0x17f4 <vfprintf+0x70>
    17e6:	93 fd       	sbrc	r25, 3
    17e8:	85 91       	lpm	r24, Z+
    17ea:	93 ff       	sbrs	r25, 3
    17ec:	81 91       	ld	r24, Z+
    17ee:	1f 01       	movw	r2, r30
    17f0:	85 32       	cpi	r24, 0x25	; 37
    17f2:	39 f4       	brne	.+14     	; 0x1802 <vfprintf+0x7e>
    17f4:	b7 01       	movw	r22, r14
    17f6:	90 e0       	ldi	r25, 0x00	; 0
    17f8:	0e 94 af 11 	call	0x235e	; 0x235e <fputc>
    17fc:	56 01       	movw	r10, r12
    17fe:	65 01       	movw	r12, r10
    1800:	e5 cf       	rjmp	.-54     	; 0x17cc <vfprintf+0x48>
    1802:	10 e0       	ldi	r17, 0x00	; 0
    1804:	51 2c       	mov	r5, r1
    1806:	91 2c       	mov	r9, r1
    1808:	ff e1       	ldi	r31, 0x1F	; 31
    180a:	f9 15       	cp	r31, r9
    180c:	d8 f0       	brcs	.+54     	; 0x1844 <vfprintf+0xc0>
    180e:	8b 32       	cpi	r24, 0x2B	; 43
    1810:	79 f0       	breq	.+30     	; 0x1830 <vfprintf+0xac>
    1812:	38 f4       	brcc	.+14     	; 0x1822 <vfprintf+0x9e>
    1814:	80 32       	cpi	r24, 0x20	; 32
    1816:	79 f0       	breq	.+30     	; 0x1836 <vfprintf+0xb2>
    1818:	83 32       	cpi	r24, 0x23	; 35
    181a:	a1 f4       	brne	.+40     	; 0x1844 <vfprintf+0xc0>
    181c:	f9 2d       	mov	r31, r9
    181e:	f0 61       	ori	r31, 0x10	; 16
    1820:	2e c0       	rjmp	.+92     	; 0x187e <vfprintf+0xfa>
    1822:	8d 32       	cpi	r24, 0x2D	; 45
    1824:	61 f0       	breq	.+24     	; 0x183e <vfprintf+0xba>
    1826:	80 33       	cpi	r24, 0x30	; 48
    1828:	69 f4       	brne	.+26     	; 0x1844 <vfprintf+0xc0>
    182a:	29 2d       	mov	r18, r9
    182c:	21 60       	ori	r18, 0x01	; 1
    182e:	2d c0       	rjmp	.+90     	; 0x188a <vfprintf+0x106>
    1830:	39 2d       	mov	r19, r9
    1832:	32 60       	ori	r19, 0x02	; 2
    1834:	93 2e       	mov	r9, r19
    1836:	89 2d       	mov	r24, r9
    1838:	84 60       	ori	r24, 0x04	; 4
    183a:	98 2e       	mov	r9, r24
    183c:	2a c0       	rjmp	.+84     	; 0x1892 <vfprintf+0x10e>
    183e:	e9 2d       	mov	r30, r9
    1840:	e8 60       	ori	r30, 0x08	; 8
    1842:	15 c0       	rjmp	.+42     	; 0x186e <vfprintf+0xea>
    1844:	97 fc       	sbrc	r9, 7
    1846:	2d c0       	rjmp	.+90     	; 0x18a2 <vfprintf+0x11e>
    1848:	20 ed       	ldi	r18, 0xD0	; 208
    184a:	28 0f       	add	r18, r24
    184c:	2a 30       	cpi	r18, 0x0A	; 10
    184e:	88 f4       	brcc	.+34     	; 0x1872 <vfprintf+0xee>
    1850:	96 fe       	sbrs	r9, 6
    1852:	06 c0       	rjmp	.+12     	; 0x1860 <vfprintf+0xdc>
    1854:	3a e0       	ldi	r19, 0x0A	; 10
    1856:	13 9f       	mul	r17, r19
    1858:	20 0d       	add	r18, r0
    185a:	11 24       	eor	r1, r1
    185c:	12 2f       	mov	r17, r18
    185e:	19 c0       	rjmp	.+50     	; 0x1892 <vfprintf+0x10e>
    1860:	8a e0       	ldi	r24, 0x0A	; 10
    1862:	58 9e       	mul	r5, r24
    1864:	20 0d       	add	r18, r0
    1866:	11 24       	eor	r1, r1
    1868:	52 2e       	mov	r5, r18
    186a:	e9 2d       	mov	r30, r9
    186c:	e0 62       	ori	r30, 0x20	; 32
    186e:	9e 2e       	mov	r9, r30
    1870:	10 c0       	rjmp	.+32     	; 0x1892 <vfprintf+0x10e>
    1872:	8e 32       	cpi	r24, 0x2E	; 46
    1874:	31 f4       	brne	.+12     	; 0x1882 <vfprintf+0xfe>
    1876:	96 fc       	sbrc	r9, 6
    1878:	e5 c2       	rjmp	.+1482   	; 0x1e44 <vfprintf+0x6c0>
    187a:	f9 2d       	mov	r31, r9
    187c:	f0 64       	ori	r31, 0x40	; 64
    187e:	9f 2e       	mov	r9, r31
    1880:	08 c0       	rjmp	.+16     	; 0x1892 <vfprintf+0x10e>
    1882:	8c 36       	cpi	r24, 0x6C	; 108
    1884:	21 f4       	brne	.+8      	; 0x188e <vfprintf+0x10a>
    1886:	29 2d       	mov	r18, r9
    1888:	20 68       	ori	r18, 0x80	; 128
    188a:	92 2e       	mov	r9, r18
    188c:	02 c0       	rjmp	.+4      	; 0x1892 <vfprintf+0x10e>
    188e:	88 36       	cpi	r24, 0x68	; 104
    1890:	41 f4       	brne	.+16     	; 0x18a2 <vfprintf+0x11e>
    1892:	f1 01       	movw	r30, r2
    1894:	93 fd       	sbrc	r25, 3
    1896:	85 91       	lpm	r24, Z+
    1898:	93 ff       	sbrs	r25, 3
    189a:	81 91       	ld	r24, Z+
    189c:	1f 01       	movw	r2, r30
    189e:	81 11       	cpse	r24, r1
    18a0:	b3 cf       	rjmp	.-154    	; 0x1808 <vfprintf+0x84>
    18a2:	9b eb       	ldi	r25, 0xBB	; 187
    18a4:	98 0f       	add	r25, r24
    18a6:	93 30       	cpi	r25, 0x03	; 3
    18a8:	20 f4       	brcc	.+8      	; 0x18b2 <vfprintf+0x12e>
    18aa:	99 2d       	mov	r25, r9
    18ac:	90 61       	ori	r25, 0x10	; 16
    18ae:	80 5e       	subi	r24, 0xE0	; 224
    18b0:	07 c0       	rjmp	.+14     	; 0x18c0 <vfprintf+0x13c>
    18b2:	9b e9       	ldi	r25, 0x9B	; 155
    18b4:	98 0f       	add	r25, r24
    18b6:	93 30       	cpi	r25, 0x03	; 3
    18b8:	08 f0       	brcs	.+2      	; 0x18bc <vfprintf+0x138>
    18ba:	66 c1       	rjmp	.+716    	; 0x1b88 <vfprintf+0x404>
    18bc:	99 2d       	mov	r25, r9
    18be:	9f 7e       	andi	r25, 0xEF	; 239
    18c0:	96 ff       	sbrs	r25, 6
    18c2:	16 e0       	ldi	r17, 0x06	; 6
    18c4:	9f 73       	andi	r25, 0x3F	; 63
    18c6:	99 2e       	mov	r9, r25
    18c8:	85 36       	cpi	r24, 0x65	; 101
    18ca:	19 f4       	brne	.+6      	; 0x18d2 <vfprintf+0x14e>
    18cc:	90 64       	ori	r25, 0x40	; 64
    18ce:	99 2e       	mov	r9, r25
    18d0:	08 c0       	rjmp	.+16     	; 0x18e2 <vfprintf+0x15e>
    18d2:	86 36       	cpi	r24, 0x66	; 102
    18d4:	21 f4       	brne	.+8      	; 0x18de <vfprintf+0x15a>
    18d6:	39 2f       	mov	r19, r25
    18d8:	30 68       	ori	r19, 0x80	; 128
    18da:	93 2e       	mov	r9, r19
    18dc:	02 c0       	rjmp	.+4      	; 0x18e2 <vfprintf+0x15e>
    18de:	11 11       	cpse	r17, r1
    18e0:	11 50       	subi	r17, 0x01	; 1
    18e2:	97 fe       	sbrs	r9, 7
    18e4:	07 c0       	rjmp	.+14     	; 0x18f4 <vfprintf+0x170>
    18e6:	1c 33       	cpi	r17, 0x3C	; 60
    18e8:	50 f4       	brcc	.+20     	; 0x18fe <vfprintf+0x17a>
    18ea:	44 24       	eor	r4, r4
    18ec:	43 94       	inc	r4
    18ee:	41 0e       	add	r4, r17
    18f0:	27 e0       	ldi	r18, 0x07	; 7
    18f2:	0b c0       	rjmp	.+22     	; 0x190a <vfprintf+0x186>
    18f4:	18 30       	cpi	r17, 0x08	; 8
    18f6:	38 f0       	brcs	.+14     	; 0x1906 <vfprintf+0x182>
    18f8:	27 e0       	ldi	r18, 0x07	; 7
    18fa:	17 e0       	ldi	r17, 0x07	; 7
    18fc:	05 c0       	rjmp	.+10     	; 0x1908 <vfprintf+0x184>
    18fe:	27 e0       	ldi	r18, 0x07	; 7
    1900:	9c e3       	ldi	r25, 0x3C	; 60
    1902:	49 2e       	mov	r4, r25
    1904:	02 c0       	rjmp	.+4      	; 0x190a <vfprintf+0x186>
    1906:	21 2f       	mov	r18, r17
    1908:	41 2c       	mov	r4, r1
    190a:	56 01       	movw	r10, r12
    190c:	84 e0       	ldi	r24, 0x04	; 4
    190e:	a8 0e       	add	r10, r24
    1910:	b1 1c       	adc	r11, r1
    1912:	f6 01       	movw	r30, r12
    1914:	60 81       	ld	r22, Z
    1916:	71 81       	ldd	r23, Z+1	; 0x01
    1918:	82 81       	ldd	r24, Z+2	; 0x02
    191a:	93 81       	ldd	r25, Z+3	; 0x03
    191c:	04 2d       	mov	r16, r4
    191e:	a3 01       	movw	r20, r6
    1920:	0e 94 ba 10 	call	0x2174	; 0x2174 <__ftoa_engine>
    1924:	6c 01       	movw	r12, r24
    1926:	f9 81       	ldd	r31, Y+1	; 0x01
    1928:	fc 87       	std	Y+12, r31	; 0x0c
    192a:	f0 ff       	sbrs	r31, 0
    192c:	02 c0       	rjmp	.+4      	; 0x1932 <vfprintf+0x1ae>
    192e:	f3 ff       	sbrs	r31, 3
    1930:	06 c0       	rjmp	.+12     	; 0x193e <vfprintf+0x1ba>
    1932:	91 fc       	sbrc	r9, 1
    1934:	06 c0       	rjmp	.+12     	; 0x1942 <vfprintf+0x1be>
    1936:	92 fe       	sbrs	r9, 2
    1938:	06 c0       	rjmp	.+12     	; 0x1946 <vfprintf+0x1c2>
    193a:	00 e2       	ldi	r16, 0x20	; 32
    193c:	05 c0       	rjmp	.+10     	; 0x1948 <vfprintf+0x1c4>
    193e:	0d e2       	ldi	r16, 0x2D	; 45
    1940:	03 c0       	rjmp	.+6      	; 0x1948 <vfprintf+0x1c4>
    1942:	0b e2       	ldi	r16, 0x2B	; 43
    1944:	01 c0       	rjmp	.+2      	; 0x1948 <vfprintf+0x1c4>
    1946:	00 e0       	ldi	r16, 0x00	; 0
    1948:	8c 85       	ldd	r24, Y+12	; 0x0c
    194a:	8c 70       	andi	r24, 0x0C	; 12
    194c:	19 f0       	breq	.+6      	; 0x1954 <vfprintf+0x1d0>
    194e:	01 11       	cpse	r16, r1
    1950:	5a c2       	rjmp	.+1204   	; 0x1e06 <vfprintf+0x682>
    1952:	9b c2       	rjmp	.+1334   	; 0x1e8a <vfprintf+0x706>
    1954:	97 fe       	sbrs	r9, 7
    1956:	10 c0       	rjmp	.+32     	; 0x1978 <vfprintf+0x1f4>
    1958:	4c 0c       	add	r4, r12
    195a:	fc 85       	ldd	r31, Y+12	; 0x0c
    195c:	f4 ff       	sbrs	r31, 4
    195e:	04 c0       	rjmp	.+8      	; 0x1968 <vfprintf+0x1e4>
    1960:	8a 81       	ldd	r24, Y+2	; 0x02
    1962:	81 33       	cpi	r24, 0x31	; 49
    1964:	09 f4       	brne	.+2      	; 0x1968 <vfprintf+0x1e4>
    1966:	4a 94       	dec	r4
    1968:	14 14       	cp	r1, r4
    196a:	74 f5       	brge	.+92     	; 0x19c8 <vfprintf+0x244>
    196c:	28 e0       	ldi	r18, 0x08	; 8
    196e:	24 15       	cp	r18, r4
    1970:	78 f5       	brcc	.+94     	; 0x19d0 <vfprintf+0x24c>
    1972:	88 e0       	ldi	r24, 0x08	; 8
    1974:	48 2e       	mov	r4, r24
    1976:	2c c0       	rjmp	.+88     	; 0x19d0 <vfprintf+0x24c>
    1978:	96 fc       	sbrc	r9, 6
    197a:	2a c0       	rjmp	.+84     	; 0x19d0 <vfprintf+0x24c>
    197c:	81 2f       	mov	r24, r17
    197e:	90 e0       	ldi	r25, 0x00	; 0
    1980:	8c 15       	cp	r24, r12
    1982:	9d 05       	cpc	r25, r13
    1984:	9c f0       	brlt	.+38     	; 0x19ac <vfprintf+0x228>
    1986:	3c ef       	ldi	r19, 0xFC	; 252
    1988:	c3 16       	cp	r12, r19
    198a:	3f ef       	ldi	r19, 0xFF	; 255
    198c:	d3 06       	cpc	r13, r19
    198e:	74 f0       	brlt	.+28     	; 0x19ac <vfprintf+0x228>
    1990:	89 2d       	mov	r24, r9
    1992:	80 68       	ori	r24, 0x80	; 128
    1994:	98 2e       	mov	r9, r24
    1996:	0a c0       	rjmp	.+20     	; 0x19ac <vfprintf+0x228>
    1998:	e2 e0       	ldi	r30, 0x02	; 2
    199a:	f0 e0       	ldi	r31, 0x00	; 0
    199c:	ec 0f       	add	r30, r28
    199e:	fd 1f       	adc	r31, r29
    19a0:	e1 0f       	add	r30, r17
    19a2:	f1 1d       	adc	r31, r1
    19a4:	80 81       	ld	r24, Z
    19a6:	80 33       	cpi	r24, 0x30	; 48
    19a8:	19 f4       	brne	.+6      	; 0x19b0 <vfprintf+0x22c>
    19aa:	11 50       	subi	r17, 0x01	; 1
    19ac:	11 11       	cpse	r17, r1
    19ae:	f4 cf       	rjmp	.-24     	; 0x1998 <vfprintf+0x214>
    19b0:	97 fe       	sbrs	r9, 7
    19b2:	0e c0       	rjmp	.+28     	; 0x19d0 <vfprintf+0x24c>
    19b4:	44 24       	eor	r4, r4
    19b6:	43 94       	inc	r4
    19b8:	41 0e       	add	r4, r17
    19ba:	81 2f       	mov	r24, r17
    19bc:	90 e0       	ldi	r25, 0x00	; 0
    19be:	c8 16       	cp	r12, r24
    19c0:	d9 06       	cpc	r13, r25
    19c2:	2c f4       	brge	.+10     	; 0x19ce <vfprintf+0x24a>
    19c4:	1c 19       	sub	r17, r12
    19c6:	04 c0       	rjmp	.+8      	; 0x19d0 <vfprintf+0x24c>
    19c8:	44 24       	eor	r4, r4
    19ca:	43 94       	inc	r4
    19cc:	01 c0       	rjmp	.+2      	; 0x19d0 <vfprintf+0x24c>
    19ce:	10 e0       	ldi	r17, 0x00	; 0
    19d0:	97 fe       	sbrs	r9, 7
    19d2:	06 c0       	rjmp	.+12     	; 0x19e0 <vfprintf+0x25c>
    19d4:	1c 14       	cp	r1, r12
    19d6:	1d 04       	cpc	r1, r13
    19d8:	34 f4       	brge	.+12     	; 0x19e6 <vfprintf+0x262>
    19da:	c6 01       	movw	r24, r12
    19dc:	01 96       	adiw	r24, 0x01	; 1
    19de:	05 c0       	rjmp	.+10     	; 0x19ea <vfprintf+0x266>
    19e0:	85 e0       	ldi	r24, 0x05	; 5
    19e2:	90 e0       	ldi	r25, 0x00	; 0
    19e4:	02 c0       	rjmp	.+4      	; 0x19ea <vfprintf+0x266>
    19e6:	81 e0       	ldi	r24, 0x01	; 1
    19e8:	90 e0       	ldi	r25, 0x00	; 0
    19ea:	01 11       	cpse	r16, r1
    19ec:	01 96       	adiw	r24, 0x01	; 1
    19ee:	11 23       	and	r17, r17
    19f0:	31 f0       	breq	.+12     	; 0x19fe <vfprintf+0x27a>
    19f2:	21 2f       	mov	r18, r17
    19f4:	30 e0       	ldi	r19, 0x00	; 0
    19f6:	2f 5f       	subi	r18, 0xFF	; 255
    19f8:	3f 4f       	sbci	r19, 0xFF	; 255
    19fa:	82 0f       	add	r24, r18
    19fc:	93 1f       	adc	r25, r19
    19fe:	25 2d       	mov	r18, r5
    1a00:	30 e0       	ldi	r19, 0x00	; 0
    1a02:	82 17       	cp	r24, r18
    1a04:	93 07       	cpc	r25, r19
    1a06:	14 f4       	brge	.+4      	; 0x1a0c <vfprintf+0x288>
    1a08:	58 1a       	sub	r5, r24
    1a0a:	01 c0       	rjmp	.+2      	; 0x1a0e <vfprintf+0x28a>
    1a0c:	51 2c       	mov	r5, r1
    1a0e:	89 2d       	mov	r24, r9
    1a10:	89 70       	andi	r24, 0x09	; 9
    1a12:	49 f4       	brne	.+18     	; 0x1a26 <vfprintf+0x2a2>
    1a14:	55 20       	and	r5, r5
    1a16:	39 f0       	breq	.+14     	; 0x1a26 <vfprintf+0x2a2>
    1a18:	b7 01       	movw	r22, r14
    1a1a:	80 e2       	ldi	r24, 0x20	; 32
    1a1c:	90 e0       	ldi	r25, 0x00	; 0
    1a1e:	0e 94 af 11 	call	0x235e	; 0x235e <fputc>
    1a22:	5a 94       	dec	r5
    1a24:	f7 cf       	rjmp	.-18     	; 0x1a14 <vfprintf+0x290>
    1a26:	00 23       	and	r16, r16
    1a28:	29 f0       	breq	.+10     	; 0x1a34 <vfprintf+0x2b0>
    1a2a:	b7 01       	movw	r22, r14
    1a2c:	80 2f       	mov	r24, r16
    1a2e:	90 e0       	ldi	r25, 0x00	; 0
    1a30:	0e 94 af 11 	call	0x235e	; 0x235e <fputc>
    1a34:	93 fc       	sbrc	r9, 3
    1a36:	09 c0       	rjmp	.+18     	; 0x1a4a <vfprintf+0x2c6>
    1a38:	55 20       	and	r5, r5
    1a3a:	39 f0       	breq	.+14     	; 0x1a4a <vfprintf+0x2c6>
    1a3c:	b7 01       	movw	r22, r14
    1a3e:	80 e3       	ldi	r24, 0x30	; 48
    1a40:	90 e0       	ldi	r25, 0x00	; 0
    1a42:	0e 94 af 11 	call	0x235e	; 0x235e <fputc>
    1a46:	5a 94       	dec	r5
    1a48:	f7 cf       	rjmp	.-18     	; 0x1a38 <vfprintf+0x2b4>
    1a4a:	97 fe       	sbrs	r9, 7
    1a4c:	4c c0       	rjmp	.+152    	; 0x1ae6 <vfprintf+0x362>
    1a4e:	46 01       	movw	r8, r12
    1a50:	d7 fe       	sbrs	r13, 7
    1a52:	02 c0       	rjmp	.+4      	; 0x1a58 <vfprintf+0x2d4>
    1a54:	81 2c       	mov	r8, r1
    1a56:	91 2c       	mov	r9, r1
    1a58:	c6 01       	movw	r24, r12
    1a5a:	88 19       	sub	r24, r8
    1a5c:	99 09       	sbc	r25, r9
    1a5e:	f3 01       	movw	r30, r6
    1a60:	e8 0f       	add	r30, r24
    1a62:	f9 1f       	adc	r31, r25
    1a64:	ed 87       	std	Y+13, r30	; 0x0d
    1a66:	fe 87       	std	Y+14, r31	; 0x0e
    1a68:	96 01       	movw	r18, r12
    1a6a:	24 19       	sub	r18, r4
    1a6c:	31 09       	sbc	r19, r1
    1a6e:	2f 87       	std	Y+15, r18	; 0x0f
    1a70:	38 8b       	std	Y+16, r19	; 0x10
    1a72:	01 2f       	mov	r16, r17
    1a74:	10 e0       	ldi	r17, 0x00	; 0
    1a76:	11 95       	neg	r17
    1a78:	01 95       	neg	r16
    1a7a:	11 09       	sbc	r17, r1
    1a7c:	3f ef       	ldi	r19, 0xFF	; 255
    1a7e:	83 16       	cp	r8, r19
    1a80:	93 06       	cpc	r9, r19
    1a82:	29 f4       	brne	.+10     	; 0x1a8e <vfprintf+0x30a>
    1a84:	b7 01       	movw	r22, r14
    1a86:	8e e2       	ldi	r24, 0x2E	; 46
    1a88:	90 e0       	ldi	r25, 0x00	; 0
    1a8a:	0e 94 af 11 	call	0x235e	; 0x235e <fputc>
    1a8e:	c8 14       	cp	r12, r8
    1a90:	d9 04       	cpc	r13, r9
    1a92:	4c f0       	brlt	.+18     	; 0x1aa6 <vfprintf+0x322>
    1a94:	8f 85       	ldd	r24, Y+15	; 0x0f
    1a96:	98 89       	ldd	r25, Y+16	; 0x10
    1a98:	88 15       	cp	r24, r8
    1a9a:	99 05       	cpc	r25, r9
    1a9c:	24 f4       	brge	.+8      	; 0x1aa6 <vfprintf+0x322>
    1a9e:	ed 85       	ldd	r30, Y+13	; 0x0d
    1aa0:	fe 85       	ldd	r31, Y+14	; 0x0e
    1aa2:	81 81       	ldd	r24, Z+1	; 0x01
    1aa4:	01 c0       	rjmp	.+2      	; 0x1aa8 <vfprintf+0x324>
    1aa6:	80 e3       	ldi	r24, 0x30	; 48
    1aa8:	f1 e0       	ldi	r31, 0x01	; 1
    1aaa:	8f 1a       	sub	r8, r31
    1aac:	91 08       	sbc	r9, r1
    1aae:	2d 85       	ldd	r18, Y+13	; 0x0d
    1ab0:	3e 85       	ldd	r19, Y+14	; 0x0e
    1ab2:	2f 5f       	subi	r18, 0xFF	; 255
    1ab4:	3f 4f       	sbci	r19, 0xFF	; 255
    1ab6:	2d 87       	std	Y+13, r18	; 0x0d
    1ab8:	3e 87       	std	Y+14, r19	; 0x0e
    1aba:	80 16       	cp	r8, r16
    1abc:	91 06       	cpc	r9, r17
    1abe:	2c f0       	brlt	.+10     	; 0x1aca <vfprintf+0x346>
    1ac0:	b7 01       	movw	r22, r14
    1ac2:	90 e0       	ldi	r25, 0x00	; 0
    1ac4:	0e 94 af 11 	call	0x235e	; 0x235e <fputc>
    1ac8:	d9 cf       	rjmp	.-78     	; 0x1a7c <vfprintf+0x2f8>
    1aca:	c8 14       	cp	r12, r8
    1acc:	d9 04       	cpc	r13, r9
    1ace:	41 f4       	brne	.+16     	; 0x1ae0 <vfprintf+0x35c>
    1ad0:	9a 81       	ldd	r25, Y+2	; 0x02
    1ad2:	96 33       	cpi	r25, 0x36	; 54
    1ad4:	20 f4       	brcc	.+8      	; 0x1ade <vfprintf+0x35a>
    1ad6:	95 33       	cpi	r25, 0x35	; 53
    1ad8:	19 f4       	brne	.+6      	; 0x1ae0 <vfprintf+0x35c>
    1ada:	3c 85       	ldd	r19, Y+12	; 0x0c
    1adc:	34 ff       	sbrs	r19, 4
    1ade:	81 e3       	ldi	r24, 0x31	; 49
    1ae0:	b7 01       	movw	r22, r14
    1ae2:	90 e0       	ldi	r25, 0x00	; 0
    1ae4:	4e c0       	rjmp	.+156    	; 0x1b82 <vfprintf+0x3fe>
    1ae6:	8a 81       	ldd	r24, Y+2	; 0x02
    1ae8:	81 33       	cpi	r24, 0x31	; 49
    1aea:	19 f0       	breq	.+6      	; 0x1af2 <vfprintf+0x36e>
    1aec:	9c 85       	ldd	r25, Y+12	; 0x0c
    1aee:	9f 7e       	andi	r25, 0xEF	; 239
    1af0:	9c 87       	std	Y+12, r25	; 0x0c
    1af2:	b7 01       	movw	r22, r14
    1af4:	90 e0       	ldi	r25, 0x00	; 0
    1af6:	0e 94 af 11 	call	0x235e	; 0x235e <fputc>
    1afa:	11 11       	cpse	r17, r1
    1afc:	05 c0       	rjmp	.+10     	; 0x1b08 <vfprintf+0x384>
    1afe:	94 fc       	sbrc	r9, 4
    1b00:	18 c0       	rjmp	.+48     	; 0x1b32 <vfprintf+0x3ae>
    1b02:	85 e6       	ldi	r24, 0x65	; 101
    1b04:	90 e0       	ldi	r25, 0x00	; 0
    1b06:	17 c0       	rjmp	.+46     	; 0x1b36 <vfprintf+0x3b2>
    1b08:	b7 01       	movw	r22, r14
    1b0a:	8e e2       	ldi	r24, 0x2E	; 46
    1b0c:	90 e0       	ldi	r25, 0x00	; 0
    1b0e:	0e 94 af 11 	call	0x235e	; 0x235e <fputc>
    1b12:	1e 5f       	subi	r17, 0xFE	; 254
    1b14:	82 e0       	ldi	r24, 0x02	; 2
    1b16:	01 e0       	ldi	r16, 0x01	; 1
    1b18:	08 0f       	add	r16, r24
    1b1a:	f3 01       	movw	r30, r6
    1b1c:	e8 0f       	add	r30, r24
    1b1e:	f1 1d       	adc	r31, r1
    1b20:	80 81       	ld	r24, Z
    1b22:	b7 01       	movw	r22, r14
    1b24:	90 e0       	ldi	r25, 0x00	; 0
    1b26:	0e 94 af 11 	call	0x235e	; 0x235e <fputc>
    1b2a:	80 2f       	mov	r24, r16
    1b2c:	01 13       	cpse	r16, r17
    1b2e:	f3 cf       	rjmp	.-26     	; 0x1b16 <vfprintf+0x392>
    1b30:	e6 cf       	rjmp	.-52     	; 0x1afe <vfprintf+0x37a>
    1b32:	85 e4       	ldi	r24, 0x45	; 69
    1b34:	90 e0       	ldi	r25, 0x00	; 0
    1b36:	b7 01       	movw	r22, r14
    1b38:	0e 94 af 11 	call	0x235e	; 0x235e <fputc>
    1b3c:	d7 fc       	sbrc	r13, 7
    1b3e:	06 c0       	rjmp	.+12     	; 0x1b4c <vfprintf+0x3c8>
    1b40:	c1 14       	cp	r12, r1
    1b42:	d1 04       	cpc	r13, r1
    1b44:	41 f4       	brne	.+16     	; 0x1b56 <vfprintf+0x3d2>
    1b46:	ec 85       	ldd	r30, Y+12	; 0x0c
    1b48:	e4 ff       	sbrs	r30, 4
    1b4a:	05 c0       	rjmp	.+10     	; 0x1b56 <vfprintf+0x3d2>
    1b4c:	d1 94       	neg	r13
    1b4e:	c1 94       	neg	r12
    1b50:	d1 08       	sbc	r13, r1
    1b52:	8d e2       	ldi	r24, 0x2D	; 45
    1b54:	01 c0       	rjmp	.+2      	; 0x1b58 <vfprintf+0x3d4>
    1b56:	8b e2       	ldi	r24, 0x2B	; 43
    1b58:	b7 01       	movw	r22, r14
    1b5a:	90 e0       	ldi	r25, 0x00	; 0
    1b5c:	0e 94 af 11 	call	0x235e	; 0x235e <fputc>
    1b60:	80 e3       	ldi	r24, 0x30	; 48
    1b62:	2a e0       	ldi	r18, 0x0A	; 10
    1b64:	c2 16       	cp	r12, r18
    1b66:	d1 04       	cpc	r13, r1
    1b68:	2c f0       	brlt	.+10     	; 0x1b74 <vfprintf+0x3f0>
    1b6a:	8f 5f       	subi	r24, 0xFF	; 255
    1b6c:	fa e0       	ldi	r31, 0x0A	; 10
    1b6e:	cf 1a       	sub	r12, r31
    1b70:	d1 08       	sbc	r13, r1
    1b72:	f7 cf       	rjmp	.-18     	; 0x1b62 <vfprintf+0x3de>
    1b74:	b7 01       	movw	r22, r14
    1b76:	90 e0       	ldi	r25, 0x00	; 0
    1b78:	0e 94 af 11 	call	0x235e	; 0x235e <fputc>
    1b7c:	b7 01       	movw	r22, r14
    1b7e:	c6 01       	movw	r24, r12
    1b80:	c0 96       	adiw	r24, 0x30	; 48
    1b82:	0e 94 af 11 	call	0x235e	; 0x235e <fputc>
    1b86:	54 c1       	rjmp	.+680    	; 0x1e30 <vfprintf+0x6ac>
    1b88:	83 36       	cpi	r24, 0x63	; 99
    1b8a:	31 f0       	breq	.+12     	; 0x1b98 <vfprintf+0x414>
    1b8c:	83 37       	cpi	r24, 0x73	; 115
    1b8e:	79 f0       	breq	.+30     	; 0x1bae <vfprintf+0x42a>
    1b90:	83 35       	cpi	r24, 0x53	; 83
    1b92:	09 f0       	breq	.+2      	; 0x1b96 <vfprintf+0x412>
    1b94:	56 c0       	rjmp	.+172    	; 0x1c42 <vfprintf+0x4be>
    1b96:	20 c0       	rjmp	.+64     	; 0x1bd8 <vfprintf+0x454>
    1b98:	56 01       	movw	r10, r12
    1b9a:	32 e0       	ldi	r19, 0x02	; 2
    1b9c:	a3 0e       	add	r10, r19
    1b9e:	b1 1c       	adc	r11, r1
    1ba0:	f6 01       	movw	r30, r12
    1ba2:	80 81       	ld	r24, Z
    1ba4:	89 83       	std	Y+1, r24	; 0x01
    1ba6:	01 e0       	ldi	r16, 0x01	; 1
    1ba8:	10 e0       	ldi	r17, 0x00	; 0
    1baa:	63 01       	movw	r12, r6
    1bac:	12 c0       	rjmp	.+36     	; 0x1bd2 <vfprintf+0x44e>
    1bae:	56 01       	movw	r10, r12
    1bb0:	f2 e0       	ldi	r31, 0x02	; 2
    1bb2:	af 0e       	add	r10, r31
    1bb4:	b1 1c       	adc	r11, r1
    1bb6:	f6 01       	movw	r30, r12
    1bb8:	c0 80       	ld	r12, Z
    1bba:	d1 80       	ldd	r13, Z+1	; 0x01
    1bbc:	96 fe       	sbrs	r9, 6
    1bbe:	03 c0       	rjmp	.+6      	; 0x1bc6 <vfprintf+0x442>
    1bc0:	61 2f       	mov	r22, r17
    1bc2:	70 e0       	ldi	r23, 0x00	; 0
    1bc4:	02 c0       	rjmp	.+4      	; 0x1bca <vfprintf+0x446>
    1bc6:	6f ef       	ldi	r22, 0xFF	; 255
    1bc8:	7f ef       	ldi	r23, 0xFF	; 255
    1bca:	c6 01       	movw	r24, r12
    1bcc:	0e 94 a4 11 	call	0x2348	; 0x2348 <strnlen>
    1bd0:	8c 01       	movw	r16, r24
    1bd2:	f9 2d       	mov	r31, r9
    1bd4:	ff 77       	andi	r31, 0x7F	; 127
    1bd6:	14 c0       	rjmp	.+40     	; 0x1c00 <vfprintf+0x47c>
    1bd8:	56 01       	movw	r10, r12
    1bda:	22 e0       	ldi	r18, 0x02	; 2
    1bdc:	a2 0e       	add	r10, r18
    1bde:	b1 1c       	adc	r11, r1
    1be0:	f6 01       	movw	r30, r12
    1be2:	c0 80       	ld	r12, Z
    1be4:	d1 80       	ldd	r13, Z+1	; 0x01
    1be6:	96 fe       	sbrs	r9, 6
    1be8:	03 c0       	rjmp	.+6      	; 0x1bf0 <vfprintf+0x46c>
    1bea:	61 2f       	mov	r22, r17
    1bec:	70 e0       	ldi	r23, 0x00	; 0
    1bee:	02 c0       	rjmp	.+4      	; 0x1bf4 <vfprintf+0x470>
    1bf0:	6f ef       	ldi	r22, 0xFF	; 255
    1bf2:	7f ef       	ldi	r23, 0xFF	; 255
    1bf4:	c6 01       	movw	r24, r12
    1bf6:	0e 94 92 11 	call	0x2324	; 0x2324 <strnlen_P>
    1bfa:	8c 01       	movw	r16, r24
    1bfc:	f9 2d       	mov	r31, r9
    1bfe:	f0 68       	ori	r31, 0x80	; 128
    1c00:	9f 2e       	mov	r9, r31
    1c02:	f3 fd       	sbrc	r31, 3
    1c04:	1a c0       	rjmp	.+52     	; 0x1c3a <vfprintf+0x4b6>
    1c06:	85 2d       	mov	r24, r5
    1c08:	90 e0       	ldi	r25, 0x00	; 0
    1c0a:	08 17       	cp	r16, r24
    1c0c:	19 07       	cpc	r17, r25
    1c0e:	a8 f4       	brcc	.+42     	; 0x1c3a <vfprintf+0x4b6>
    1c10:	b7 01       	movw	r22, r14
    1c12:	80 e2       	ldi	r24, 0x20	; 32
    1c14:	90 e0       	ldi	r25, 0x00	; 0
    1c16:	0e 94 af 11 	call	0x235e	; 0x235e <fputc>
    1c1a:	5a 94       	dec	r5
    1c1c:	f4 cf       	rjmp	.-24     	; 0x1c06 <vfprintf+0x482>
    1c1e:	f6 01       	movw	r30, r12
    1c20:	97 fc       	sbrc	r9, 7
    1c22:	85 91       	lpm	r24, Z+
    1c24:	97 fe       	sbrs	r9, 7
    1c26:	81 91       	ld	r24, Z+
    1c28:	6f 01       	movw	r12, r30
    1c2a:	b7 01       	movw	r22, r14
    1c2c:	90 e0       	ldi	r25, 0x00	; 0
    1c2e:	0e 94 af 11 	call	0x235e	; 0x235e <fputc>
    1c32:	51 10       	cpse	r5, r1
    1c34:	5a 94       	dec	r5
    1c36:	01 50       	subi	r16, 0x01	; 1
    1c38:	11 09       	sbc	r17, r1
    1c3a:	01 15       	cp	r16, r1
    1c3c:	11 05       	cpc	r17, r1
    1c3e:	79 f7       	brne	.-34     	; 0x1c1e <vfprintf+0x49a>
    1c40:	f7 c0       	rjmp	.+494    	; 0x1e30 <vfprintf+0x6ac>
    1c42:	84 36       	cpi	r24, 0x64	; 100
    1c44:	11 f0       	breq	.+4      	; 0x1c4a <vfprintf+0x4c6>
    1c46:	89 36       	cpi	r24, 0x69	; 105
    1c48:	61 f5       	brne	.+88     	; 0x1ca2 <vfprintf+0x51e>
    1c4a:	56 01       	movw	r10, r12
    1c4c:	97 fe       	sbrs	r9, 7
    1c4e:	09 c0       	rjmp	.+18     	; 0x1c62 <vfprintf+0x4de>
    1c50:	24 e0       	ldi	r18, 0x04	; 4
    1c52:	a2 0e       	add	r10, r18
    1c54:	b1 1c       	adc	r11, r1
    1c56:	f6 01       	movw	r30, r12
    1c58:	60 81       	ld	r22, Z
    1c5a:	71 81       	ldd	r23, Z+1	; 0x01
    1c5c:	82 81       	ldd	r24, Z+2	; 0x02
    1c5e:	93 81       	ldd	r25, Z+3	; 0x03
    1c60:	0a c0       	rjmp	.+20     	; 0x1c76 <vfprintf+0x4f2>
    1c62:	f2 e0       	ldi	r31, 0x02	; 2
    1c64:	af 0e       	add	r10, r31
    1c66:	b1 1c       	adc	r11, r1
    1c68:	f6 01       	movw	r30, r12
    1c6a:	60 81       	ld	r22, Z
    1c6c:	71 81       	ldd	r23, Z+1	; 0x01
    1c6e:	07 2e       	mov	r0, r23
    1c70:	00 0c       	add	r0, r0
    1c72:	88 0b       	sbc	r24, r24
    1c74:	99 0b       	sbc	r25, r25
    1c76:	f9 2d       	mov	r31, r9
    1c78:	ff 76       	andi	r31, 0x6F	; 111
    1c7a:	9f 2e       	mov	r9, r31
    1c7c:	97 ff       	sbrs	r25, 7
    1c7e:	09 c0       	rjmp	.+18     	; 0x1c92 <vfprintf+0x50e>
    1c80:	90 95       	com	r25
    1c82:	80 95       	com	r24
    1c84:	70 95       	com	r23
    1c86:	61 95       	neg	r22
    1c88:	7f 4f       	sbci	r23, 0xFF	; 255
    1c8a:	8f 4f       	sbci	r24, 0xFF	; 255
    1c8c:	9f 4f       	sbci	r25, 0xFF	; 255
    1c8e:	f0 68       	ori	r31, 0x80	; 128
    1c90:	9f 2e       	mov	r9, r31
    1c92:	2a e0       	ldi	r18, 0x0A	; 10
    1c94:	30 e0       	ldi	r19, 0x00	; 0
    1c96:	a3 01       	movw	r20, r6
    1c98:	0e 94 ff 11 	call	0x23fe	; 0x23fe <__ultoa_invert>
    1c9c:	c8 2e       	mov	r12, r24
    1c9e:	c6 18       	sub	r12, r6
    1ca0:	3f c0       	rjmp	.+126    	; 0x1d20 <vfprintf+0x59c>
    1ca2:	09 2d       	mov	r16, r9
    1ca4:	85 37       	cpi	r24, 0x75	; 117
    1ca6:	21 f4       	brne	.+8      	; 0x1cb0 <vfprintf+0x52c>
    1ca8:	0f 7e       	andi	r16, 0xEF	; 239
    1caa:	2a e0       	ldi	r18, 0x0A	; 10
    1cac:	30 e0       	ldi	r19, 0x00	; 0
    1cae:	1d c0       	rjmp	.+58     	; 0x1cea <vfprintf+0x566>
    1cb0:	09 7f       	andi	r16, 0xF9	; 249
    1cb2:	8f 36       	cpi	r24, 0x6F	; 111
    1cb4:	91 f0       	breq	.+36     	; 0x1cda <vfprintf+0x556>
    1cb6:	18 f4       	brcc	.+6      	; 0x1cbe <vfprintf+0x53a>
    1cb8:	88 35       	cpi	r24, 0x58	; 88
    1cba:	59 f0       	breq	.+22     	; 0x1cd2 <vfprintf+0x54e>
    1cbc:	c3 c0       	rjmp	.+390    	; 0x1e44 <vfprintf+0x6c0>
    1cbe:	80 37       	cpi	r24, 0x70	; 112
    1cc0:	19 f0       	breq	.+6      	; 0x1cc8 <vfprintf+0x544>
    1cc2:	88 37       	cpi	r24, 0x78	; 120
    1cc4:	11 f0       	breq	.+4      	; 0x1cca <vfprintf+0x546>
    1cc6:	be c0       	rjmp	.+380    	; 0x1e44 <vfprintf+0x6c0>
    1cc8:	00 61       	ori	r16, 0x10	; 16
    1cca:	04 ff       	sbrs	r16, 4
    1ccc:	09 c0       	rjmp	.+18     	; 0x1ce0 <vfprintf+0x55c>
    1cce:	04 60       	ori	r16, 0x04	; 4
    1cd0:	07 c0       	rjmp	.+14     	; 0x1ce0 <vfprintf+0x55c>
    1cd2:	94 fe       	sbrs	r9, 4
    1cd4:	08 c0       	rjmp	.+16     	; 0x1ce6 <vfprintf+0x562>
    1cd6:	06 60       	ori	r16, 0x06	; 6
    1cd8:	06 c0       	rjmp	.+12     	; 0x1ce6 <vfprintf+0x562>
    1cda:	28 e0       	ldi	r18, 0x08	; 8
    1cdc:	30 e0       	ldi	r19, 0x00	; 0
    1cde:	05 c0       	rjmp	.+10     	; 0x1cea <vfprintf+0x566>
    1ce0:	20 e1       	ldi	r18, 0x10	; 16
    1ce2:	30 e0       	ldi	r19, 0x00	; 0
    1ce4:	02 c0       	rjmp	.+4      	; 0x1cea <vfprintf+0x566>
    1ce6:	20 e1       	ldi	r18, 0x10	; 16
    1ce8:	32 e0       	ldi	r19, 0x02	; 2
    1cea:	56 01       	movw	r10, r12
    1cec:	07 ff       	sbrs	r16, 7
    1cee:	09 c0       	rjmp	.+18     	; 0x1d02 <vfprintf+0x57e>
    1cf0:	84 e0       	ldi	r24, 0x04	; 4
    1cf2:	a8 0e       	add	r10, r24
    1cf4:	b1 1c       	adc	r11, r1
    1cf6:	f6 01       	movw	r30, r12
    1cf8:	60 81       	ld	r22, Z
    1cfa:	71 81       	ldd	r23, Z+1	; 0x01
    1cfc:	82 81       	ldd	r24, Z+2	; 0x02
    1cfe:	93 81       	ldd	r25, Z+3	; 0x03
    1d00:	08 c0       	rjmp	.+16     	; 0x1d12 <vfprintf+0x58e>
    1d02:	f2 e0       	ldi	r31, 0x02	; 2
    1d04:	af 0e       	add	r10, r31
    1d06:	b1 1c       	adc	r11, r1
    1d08:	f6 01       	movw	r30, r12
    1d0a:	60 81       	ld	r22, Z
    1d0c:	71 81       	ldd	r23, Z+1	; 0x01
    1d0e:	80 e0       	ldi	r24, 0x00	; 0
    1d10:	90 e0       	ldi	r25, 0x00	; 0
    1d12:	a3 01       	movw	r20, r6
    1d14:	0e 94 ff 11 	call	0x23fe	; 0x23fe <__ultoa_invert>
    1d18:	c8 2e       	mov	r12, r24
    1d1a:	c6 18       	sub	r12, r6
    1d1c:	0f 77       	andi	r16, 0x7F	; 127
    1d1e:	90 2e       	mov	r9, r16
    1d20:	96 fe       	sbrs	r9, 6
    1d22:	0b c0       	rjmp	.+22     	; 0x1d3a <vfprintf+0x5b6>
    1d24:	09 2d       	mov	r16, r9
    1d26:	0e 7f       	andi	r16, 0xFE	; 254
    1d28:	c1 16       	cp	r12, r17
    1d2a:	50 f4       	brcc	.+20     	; 0x1d40 <vfprintf+0x5bc>
    1d2c:	94 fe       	sbrs	r9, 4
    1d2e:	0a c0       	rjmp	.+20     	; 0x1d44 <vfprintf+0x5c0>
    1d30:	92 fc       	sbrc	r9, 2
    1d32:	08 c0       	rjmp	.+16     	; 0x1d44 <vfprintf+0x5c0>
    1d34:	09 2d       	mov	r16, r9
    1d36:	0e 7e       	andi	r16, 0xEE	; 238
    1d38:	05 c0       	rjmp	.+10     	; 0x1d44 <vfprintf+0x5c0>
    1d3a:	dc 2c       	mov	r13, r12
    1d3c:	09 2d       	mov	r16, r9
    1d3e:	03 c0       	rjmp	.+6      	; 0x1d46 <vfprintf+0x5c2>
    1d40:	dc 2c       	mov	r13, r12
    1d42:	01 c0       	rjmp	.+2      	; 0x1d46 <vfprintf+0x5c2>
    1d44:	d1 2e       	mov	r13, r17
    1d46:	04 ff       	sbrs	r16, 4
    1d48:	0d c0       	rjmp	.+26     	; 0x1d64 <vfprintf+0x5e0>
    1d4a:	fe 01       	movw	r30, r28
    1d4c:	ec 0d       	add	r30, r12
    1d4e:	f1 1d       	adc	r31, r1
    1d50:	80 81       	ld	r24, Z
    1d52:	80 33       	cpi	r24, 0x30	; 48
    1d54:	11 f4       	brne	.+4      	; 0x1d5a <vfprintf+0x5d6>
    1d56:	09 7e       	andi	r16, 0xE9	; 233
    1d58:	09 c0       	rjmp	.+18     	; 0x1d6c <vfprintf+0x5e8>
    1d5a:	02 ff       	sbrs	r16, 2
    1d5c:	06 c0       	rjmp	.+12     	; 0x1d6a <vfprintf+0x5e6>
    1d5e:	d3 94       	inc	r13
    1d60:	d3 94       	inc	r13
    1d62:	04 c0       	rjmp	.+8      	; 0x1d6c <vfprintf+0x5e8>
    1d64:	80 2f       	mov	r24, r16
    1d66:	86 78       	andi	r24, 0x86	; 134
    1d68:	09 f0       	breq	.+2      	; 0x1d6c <vfprintf+0x5e8>
    1d6a:	d3 94       	inc	r13
    1d6c:	03 fd       	sbrc	r16, 3
    1d6e:	11 c0       	rjmp	.+34     	; 0x1d92 <vfprintf+0x60e>
    1d70:	00 ff       	sbrs	r16, 0
    1d72:	06 c0       	rjmp	.+12     	; 0x1d80 <vfprintf+0x5fc>
    1d74:	1c 2d       	mov	r17, r12
    1d76:	d5 14       	cp	r13, r5
    1d78:	80 f4       	brcc	.+32     	; 0x1d9a <vfprintf+0x616>
    1d7a:	15 0d       	add	r17, r5
    1d7c:	1d 19       	sub	r17, r13
    1d7e:	0d c0       	rjmp	.+26     	; 0x1d9a <vfprintf+0x616>
    1d80:	d5 14       	cp	r13, r5
    1d82:	58 f4       	brcc	.+22     	; 0x1d9a <vfprintf+0x616>
    1d84:	b7 01       	movw	r22, r14
    1d86:	80 e2       	ldi	r24, 0x20	; 32
    1d88:	90 e0       	ldi	r25, 0x00	; 0
    1d8a:	0e 94 af 11 	call	0x235e	; 0x235e <fputc>
    1d8e:	d3 94       	inc	r13
    1d90:	f7 cf       	rjmp	.-18     	; 0x1d80 <vfprintf+0x5fc>
    1d92:	d5 14       	cp	r13, r5
    1d94:	10 f4       	brcc	.+4      	; 0x1d9a <vfprintf+0x616>
    1d96:	5d 18       	sub	r5, r13
    1d98:	01 c0       	rjmp	.+2      	; 0x1d9c <vfprintf+0x618>
    1d9a:	51 2c       	mov	r5, r1
    1d9c:	04 ff       	sbrs	r16, 4
    1d9e:	10 c0       	rjmp	.+32     	; 0x1dc0 <vfprintf+0x63c>
    1da0:	b7 01       	movw	r22, r14
    1da2:	80 e3       	ldi	r24, 0x30	; 48
    1da4:	90 e0       	ldi	r25, 0x00	; 0
    1da6:	0e 94 af 11 	call	0x235e	; 0x235e <fputc>
    1daa:	02 ff       	sbrs	r16, 2
    1dac:	17 c0       	rjmp	.+46     	; 0x1ddc <vfprintf+0x658>
    1dae:	01 fd       	sbrc	r16, 1
    1db0:	03 c0       	rjmp	.+6      	; 0x1db8 <vfprintf+0x634>
    1db2:	88 e7       	ldi	r24, 0x78	; 120
    1db4:	90 e0       	ldi	r25, 0x00	; 0
    1db6:	02 c0       	rjmp	.+4      	; 0x1dbc <vfprintf+0x638>
    1db8:	88 e5       	ldi	r24, 0x58	; 88
    1dba:	90 e0       	ldi	r25, 0x00	; 0
    1dbc:	b7 01       	movw	r22, r14
    1dbe:	0c c0       	rjmp	.+24     	; 0x1dd8 <vfprintf+0x654>
    1dc0:	80 2f       	mov	r24, r16
    1dc2:	86 78       	andi	r24, 0x86	; 134
    1dc4:	59 f0       	breq	.+22     	; 0x1ddc <vfprintf+0x658>
    1dc6:	01 ff       	sbrs	r16, 1
    1dc8:	02 c0       	rjmp	.+4      	; 0x1dce <vfprintf+0x64a>
    1dca:	8b e2       	ldi	r24, 0x2B	; 43
    1dcc:	01 c0       	rjmp	.+2      	; 0x1dd0 <vfprintf+0x64c>
    1dce:	80 e2       	ldi	r24, 0x20	; 32
    1dd0:	07 fd       	sbrc	r16, 7
    1dd2:	8d e2       	ldi	r24, 0x2D	; 45
    1dd4:	b7 01       	movw	r22, r14
    1dd6:	90 e0       	ldi	r25, 0x00	; 0
    1dd8:	0e 94 af 11 	call	0x235e	; 0x235e <fputc>
    1ddc:	c1 16       	cp	r12, r17
    1dde:	38 f4       	brcc	.+14     	; 0x1dee <vfprintf+0x66a>
    1de0:	b7 01       	movw	r22, r14
    1de2:	80 e3       	ldi	r24, 0x30	; 48
    1de4:	90 e0       	ldi	r25, 0x00	; 0
    1de6:	0e 94 af 11 	call	0x235e	; 0x235e <fputc>
    1dea:	11 50       	subi	r17, 0x01	; 1
    1dec:	f7 cf       	rjmp	.-18     	; 0x1ddc <vfprintf+0x658>
    1dee:	ca 94       	dec	r12
    1df0:	f3 01       	movw	r30, r6
    1df2:	ec 0d       	add	r30, r12
    1df4:	f1 1d       	adc	r31, r1
    1df6:	80 81       	ld	r24, Z
    1df8:	b7 01       	movw	r22, r14
    1dfa:	90 e0       	ldi	r25, 0x00	; 0
    1dfc:	0e 94 af 11 	call	0x235e	; 0x235e <fputc>
    1e00:	c1 10       	cpse	r12, r1
    1e02:	f5 cf       	rjmp	.-22     	; 0x1dee <vfprintf+0x66a>
    1e04:	15 c0       	rjmp	.+42     	; 0x1e30 <vfprintf+0x6ac>
    1e06:	f4 e0       	ldi	r31, 0x04	; 4
    1e08:	f5 15       	cp	r31, r5
    1e0a:	60 f5       	brcc	.+88     	; 0x1e64 <vfprintf+0x6e0>
    1e0c:	84 e0       	ldi	r24, 0x04	; 4
    1e0e:	58 1a       	sub	r5, r24
    1e10:	93 fe       	sbrs	r9, 3
    1e12:	1f c0       	rjmp	.+62     	; 0x1e52 <vfprintf+0x6ce>
    1e14:	01 11       	cpse	r16, r1
    1e16:	27 c0       	rjmp	.+78     	; 0x1e66 <vfprintf+0x6e2>
    1e18:	2c 85       	ldd	r18, Y+12	; 0x0c
    1e1a:	23 ff       	sbrs	r18, 3
    1e1c:	2a c0       	rjmp	.+84     	; 0x1e72 <vfprintf+0x6ee>
    1e1e:	00 e1       	ldi	r16, 0x10	; 16
    1e20:	12 e0       	ldi	r17, 0x02	; 2
    1e22:	39 2d       	mov	r19, r9
    1e24:	30 71       	andi	r19, 0x10	; 16
    1e26:	93 2e       	mov	r9, r19
    1e28:	f8 01       	movw	r30, r16
    1e2a:	84 91       	lpm	r24, Z
    1e2c:	81 11       	cpse	r24, r1
    1e2e:	24 c0       	rjmp	.+72     	; 0x1e78 <vfprintf+0x6f4>
    1e30:	55 20       	and	r5, r5
    1e32:	09 f4       	brne	.+2      	; 0x1e36 <vfprintf+0x6b2>
    1e34:	e4 cc       	rjmp	.-1592   	; 0x17fe <vfprintf+0x7a>
    1e36:	b7 01       	movw	r22, r14
    1e38:	80 e2       	ldi	r24, 0x20	; 32
    1e3a:	90 e0       	ldi	r25, 0x00	; 0
    1e3c:	0e 94 af 11 	call	0x235e	; 0x235e <fputc>
    1e40:	5a 94       	dec	r5
    1e42:	f6 cf       	rjmp	.-20     	; 0x1e30 <vfprintf+0x6ac>
    1e44:	f7 01       	movw	r30, r14
    1e46:	86 81       	ldd	r24, Z+6	; 0x06
    1e48:	97 81       	ldd	r25, Z+7	; 0x07
    1e4a:	26 c0       	rjmp	.+76     	; 0x1e98 <vfprintf+0x714>
    1e4c:	8f ef       	ldi	r24, 0xFF	; 255
    1e4e:	9f ef       	ldi	r25, 0xFF	; 255
    1e50:	23 c0       	rjmp	.+70     	; 0x1e98 <vfprintf+0x714>
    1e52:	b7 01       	movw	r22, r14
    1e54:	80 e2       	ldi	r24, 0x20	; 32
    1e56:	90 e0       	ldi	r25, 0x00	; 0
    1e58:	0e 94 af 11 	call	0x235e	; 0x235e <fputc>
    1e5c:	5a 94       	dec	r5
    1e5e:	51 10       	cpse	r5, r1
    1e60:	f8 cf       	rjmp	.-16     	; 0x1e52 <vfprintf+0x6ce>
    1e62:	d8 cf       	rjmp	.-80     	; 0x1e14 <vfprintf+0x690>
    1e64:	51 2c       	mov	r5, r1
    1e66:	b7 01       	movw	r22, r14
    1e68:	80 2f       	mov	r24, r16
    1e6a:	90 e0       	ldi	r25, 0x00	; 0
    1e6c:	0e 94 af 11 	call	0x235e	; 0x235e <fputc>
    1e70:	d3 cf       	rjmp	.-90     	; 0x1e18 <vfprintf+0x694>
    1e72:	04 e1       	ldi	r16, 0x14	; 20
    1e74:	12 e0       	ldi	r17, 0x02	; 2
    1e76:	d5 cf       	rjmp	.-86     	; 0x1e22 <vfprintf+0x69e>
    1e78:	91 10       	cpse	r9, r1
    1e7a:	80 52       	subi	r24, 0x20	; 32
    1e7c:	b7 01       	movw	r22, r14
    1e7e:	90 e0       	ldi	r25, 0x00	; 0
    1e80:	0e 94 af 11 	call	0x235e	; 0x235e <fputc>
    1e84:	0f 5f       	subi	r16, 0xFF	; 255
    1e86:	1f 4f       	sbci	r17, 0xFF	; 255
    1e88:	cf cf       	rjmp	.-98     	; 0x1e28 <vfprintf+0x6a4>
    1e8a:	23 e0       	ldi	r18, 0x03	; 3
    1e8c:	25 15       	cp	r18, r5
    1e8e:	10 f4       	brcc	.+4      	; 0x1e94 <vfprintf+0x710>
    1e90:	83 e0       	ldi	r24, 0x03	; 3
    1e92:	bd cf       	rjmp	.-134    	; 0x1e0e <vfprintf+0x68a>
    1e94:	51 2c       	mov	r5, r1
    1e96:	c0 cf       	rjmp	.-128    	; 0x1e18 <vfprintf+0x694>
    1e98:	60 96       	adiw	r28, 0x10	; 16
    1e9a:	cd bf       	out	0x3d, r28	; 61
    1e9c:	de bf       	out	0x3e, r29	; 62
    1e9e:	df 91       	pop	r29
    1ea0:	cf 91       	pop	r28
    1ea2:	1f 91       	pop	r17
    1ea4:	0f 91       	pop	r16
    1ea6:	ff 90       	pop	r15
    1ea8:	ef 90       	pop	r14
    1eaa:	df 90       	pop	r13
    1eac:	cf 90       	pop	r12
    1eae:	bf 90       	pop	r11
    1eb0:	af 90       	pop	r10
    1eb2:	9f 90       	pop	r9
    1eb4:	8f 90       	pop	r8
    1eb6:	7f 90       	pop	r7
    1eb8:	6f 90       	pop	r6
    1eba:	5f 90       	pop	r5
    1ebc:	4f 90       	pop	r4
    1ebe:	3f 90       	pop	r3
    1ec0:	2f 90       	pop	r2
    1ec2:	08 95       	ret

00001ec4 <__udivmodhi4>:
    1ec4:	aa 1b       	sub	r26, r26
    1ec6:	bb 1b       	sub	r27, r27
    1ec8:	51 e1       	ldi	r21, 0x11	; 17
    1eca:	07 c0       	rjmp	.+14     	; 0x1eda <__udivmodhi4_ep>

00001ecc <__udivmodhi4_loop>:
    1ecc:	aa 1f       	adc	r26, r26
    1ece:	bb 1f       	adc	r27, r27
    1ed0:	a6 17       	cp	r26, r22
    1ed2:	b7 07       	cpc	r27, r23
    1ed4:	10 f0       	brcs	.+4      	; 0x1eda <__udivmodhi4_ep>
    1ed6:	a6 1b       	sub	r26, r22
    1ed8:	b7 0b       	sbc	r27, r23

00001eda <__udivmodhi4_ep>:
    1eda:	88 1f       	adc	r24, r24
    1edc:	99 1f       	adc	r25, r25
    1ede:	5a 95       	dec	r21
    1ee0:	a9 f7       	brne	.-22     	; 0x1ecc <__udivmodhi4_loop>
    1ee2:	80 95       	com	r24
    1ee4:	90 95       	com	r25
    1ee6:	bc 01       	movw	r22, r24
    1ee8:	cd 01       	movw	r24, r26
    1eea:	08 95       	ret

00001eec <__divmodhi4>:
    1eec:	97 fb       	bst	r25, 7
    1eee:	07 2e       	mov	r0, r23
    1ef0:	16 f4       	brtc	.+4      	; 0x1ef6 <__divmodhi4+0xa>
    1ef2:	00 94       	com	r0
    1ef4:	07 d0       	rcall	.+14     	; 0x1f04 <__divmodhi4_neg1>
    1ef6:	77 fd       	sbrc	r23, 7
    1ef8:	09 d0       	rcall	.+18     	; 0x1f0c <__divmodhi4_neg2>
    1efa:	0e 94 62 0f 	call	0x1ec4	; 0x1ec4 <__udivmodhi4>
    1efe:	07 fc       	sbrc	r0, 7
    1f00:	05 d0       	rcall	.+10     	; 0x1f0c <__divmodhi4_neg2>
    1f02:	3e f4       	brtc	.+14     	; 0x1f12 <__divmodhi4_exit>

00001f04 <__divmodhi4_neg1>:
    1f04:	90 95       	com	r25
    1f06:	81 95       	neg	r24
    1f08:	9f 4f       	sbci	r25, 0xFF	; 255
    1f0a:	08 95       	ret

00001f0c <__divmodhi4_neg2>:
    1f0c:	70 95       	com	r23
    1f0e:	61 95       	neg	r22
    1f10:	7f 4f       	sbci	r23, 0xFF	; 255

00001f12 <__divmodhi4_exit>:
    1f12:	08 95       	ret

00001f14 <__umulhisi3>:
    1f14:	a2 9f       	mul	r26, r18
    1f16:	b0 01       	movw	r22, r0
    1f18:	b3 9f       	mul	r27, r19
    1f1a:	c0 01       	movw	r24, r0
    1f1c:	a3 9f       	mul	r26, r19
    1f1e:	70 0d       	add	r23, r0
    1f20:	81 1d       	adc	r24, r1
    1f22:	11 24       	eor	r1, r1
    1f24:	91 1d       	adc	r25, r1
    1f26:	b2 9f       	mul	r27, r18
    1f28:	70 0d       	add	r23, r0
    1f2a:	81 1d       	adc	r24, r1
    1f2c:	11 24       	eor	r1, r1
    1f2e:	91 1d       	adc	r25, r1
    1f30:	08 95       	ret

00001f32 <malloc>:
    1f32:	0f 93       	push	r16
    1f34:	1f 93       	push	r17
    1f36:	cf 93       	push	r28
    1f38:	df 93       	push	r29
    1f3a:	82 30       	cpi	r24, 0x02	; 2
    1f3c:	91 05       	cpc	r25, r1
    1f3e:	10 f4       	brcc	.+4      	; 0x1f44 <malloc+0x12>
    1f40:	82 e0       	ldi	r24, 0x02	; 2
    1f42:	90 e0       	ldi	r25, 0x00	; 0
    1f44:	e0 91 a2 21 	lds	r30, 0x21A2	; 0x8021a2 <__flp>
    1f48:	f0 91 a3 21 	lds	r31, 0x21A3	; 0x8021a3 <__flp+0x1>
    1f4c:	20 e0       	ldi	r18, 0x00	; 0
    1f4e:	30 e0       	ldi	r19, 0x00	; 0
    1f50:	a0 e0       	ldi	r26, 0x00	; 0
    1f52:	b0 e0       	ldi	r27, 0x00	; 0
    1f54:	30 97       	sbiw	r30, 0x00	; 0
    1f56:	19 f1       	breq	.+70     	; 0x1f9e <malloc+0x6c>
    1f58:	40 81       	ld	r20, Z
    1f5a:	51 81       	ldd	r21, Z+1	; 0x01
    1f5c:	02 81       	ldd	r16, Z+2	; 0x02
    1f5e:	13 81       	ldd	r17, Z+3	; 0x03
    1f60:	48 17       	cp	r20, r24
    1f62:	59 07       	cpc	r21, r25
    1f64:	c8 f0       	brcs	.+50     	; 0x1f98 <malloc+0x66>
    1f66:	84 17       	cp	r24, r20
    1f68:	95 07       	cpc	r25, r21
    1f6a:	69 f4       	brne	.+26     	; 0x1f86 <malloc+0x54>
    1f6c:	10 97       	sbiw	r26, 0x00	; 0
    1f6e:	31 f0       	breq	.+12     	; 0x1f7c <malloc+0x4a>
    1f70:	12 96       	adiw	r26, 0x02	; 2
    1f72:	0c 93       	st	X, r16
    1f74:	12 97       	sbiw	r26, 0x02	; 2
    1f76:	13 96       	adiw	r26, 0x03	; 3
    1f78:	1c 93       	st	X, r17
    1f7a:	27 c0       	rjmp	.+78     	; 0x1fca <malloc+0x98>
    1f7c:	00 93 a2 21 	sts	0x21A2, r16	; 0x8021a2 <__flp>
    1f80:	10 93 a3 21 	sts	0x21A3, r17	; 0x8021a3 <__flp+0x1>
    1f84:	22 c0       	rjmp	.+68     	; 0x1fca <malloc+0x98>
    1f86:	21 15       	cp	r18, r1
    1f88:	31 05       	cpc	r19, r1
    1f8a:	19 f0       	breq	.+6      	; 0x1f92 <malloc+0x60>
    1f8c:	42 17       	cp	r20, r18
    1f8e:	53 07       	cpc	r21, r19
    1f90:	18 f4       	brcc	.+6      	; 0x1f98 <malloc+0x66>
    1f92:	9a 01       	movw	r18, r20
    1f94:	bd 01       	movw	r22, r26
    1f96:	ef 01       	movw	r28, r30
    1f98:	df 01       	movw	r26, r30
    1f9a:	f8 01       	movw	r30, r16
    1f9c:	db cf       	rjmp	.-74     	; 0x1f54 <malloc+0x22>
    1f9e:	21 15       	cp	r18, r1
    1fa0:	31 05       	cpc	r19, r1
    1fa2:	f9 f0       	breq	.+62     	; 0x1fe2 <malloc+0xb0>
    1fa4:	28 1b       	sub	r18, r24
    1fa6:	39 0b       	sbc	r19, r25
    1fa8:	24 30       	cpi	r18, 0x04	; 4
    1faa:	31 05       	cpc	r19, r1
    1fac:	80 f4       	brcc	.+32     	; 0x1fce <malloc+0x9c>
    1fae:	8a 81       	ldd	r24, Y+2	; 0x02
    1fb0:	9b 81       	ldd	r25, Y+3	; 0x03
    1fb2:	61 15       	cp	r22, r1
    1fb4:	71 05       	cpc	r23, r1
    1fb6:	21 f0       	breq	.+8      	; 0x1fc0 <malloc+0x8e>
    1fb8:	fb 01       	movw	r30, r22
    1fba:	82 83       	std	Z+2, r24	; 0x02
    1fbc:	93 83       	std	Z+3, r25	; 0x03
    1fbe:	04 c0       	rjmp	.+8      	; 0x1fc8 <malloc+0x96>
    1fc0:	80 93 a2 21 	sts	0x21A2, r24	; 0x8021a2 <__flp>
    1fc4:	90 93 a3 21 	sts	0x21A3, r25	; 0x8021a3 <__flp+0x1>
    1fc8:	fe 01       	movw	r30, r28
    1fca:	32 96       	adiw	r30, 0x02	; 2
    1fcc:	44 c0       	rjmp	.+136    	; 0x2056 <malloc+0x124>
    1fce:	fe 01       	movw	r30, r28
    1fd0:	e2 0f       	add	r30, r18
    1fd2:	f3 1f       	adc	r31, r19
    1fd4:	81 93       	st	Z+, r24
    1fd6:	91 93       	st	Z+, r25
    1fd8:	22 50       	subi	r18, 0x02	; 2
    1fda:	31 09       	sbc	r19, r1
    1fdc:	28 83       	st	Y, r18
    1fde:	39 83       	std	Y+1, r19	; 0x01
    1fe0:	3a c0       	rjmp	.+116    	; 0x2056 <malloc+0x124>
    1fe2:	20 91 a0 21 	lds	r18, 0x21A0	; 0x8021a0 <__brkval>
    1fe6:	30 91 a1 21 	lds	r19, 0x21A1	; 0x8021a1 <__brkval+0x1>
    1fea:	23 2b       	or	r18, r19
    1fec:	41 f4       	brne	.+16     	; 0x1ffe <malloc+0xcc>
    1fee:	20 91 02 20 	lds	r18, 0x2002	; 0x802002 <__malloc_heap_start>
    1ff2:	30 91 03 20 	lds	r19, 0x2003	; 0x802003 <__malloc_heap_start+0x1>
    1ff6:	20 93 a0 21 	sts	0x21A0, r18	; 0x8021a0 <__brkval>
    1ffa:	30 93 a1 21 	sts	0x21A1, r19	; 0x8021a1 <__brkval+0x1>
    1ffe:	20 91 00 20 	lds	r18, 0x2000	; 0x802000 <__DATA_REGION_ORIGIN__>
    2002:	30 91 01 20 	lds	r19, 0x2001	; 0x802001 <__DATA_REGION_ORIGIN__+0x1>
    2006:	21 15       	cp	r18, r1
    2008:	31 05       	cpc	r19, r1
    200a:	41 f4       	brne	.+16     	; 0x201c <malloc+0xea>
    200c:	2d b7       	in	r18, 0x3d	; 61
    200e:	3e b7       	in	r19, 0x3e	; 62
    2010:	40 91 04 20 	lds	r20, 0x2004	; 0x802004 <__malloc_margin>
    2014:	50 91 05 20 	lds	r21, 0x2005	; 0x802005 <__malloc_margin+0x1>
    2018:	24 1b       	sub	r18, r20
    201a:	35 0b       	sbc	r19, r21
    201c:	e0 91 a0 21 	lds	r30, 0x21A0	; 0x8021a0 <__brkval>
    2020:	f0 91 a1 21 	lds	r31, 0x21A1	; 0x8021a1 <__brkval+0x1>
    2024:	e2 17       	cp	r30, r18
    2026:	f3 07       	cpc	r31, r19
    2028:	a0 f4       	brcc	.+40     	; 0x2052 <malloc+0x120>
    202a:	2e 1b       	sub	r18, r30
    202c:	3f 0b       	sbc	r19, r31
    202e:	28 17       	cp	r18, r24
    2030:	39 07       	cpc	r19, r25
    2032:	78 f0       	brcs	.+30     	; 0x2052 <malloc+0x120>
    2034:	ac 01       	movw	r20, r24
    2036:	4e 5f       	subi	r20, 0xFE	; 254
    2038:	5f 4f       	sbci	r21, 0xFF	; 255
    203a:	24 17       	cp	r18, r20
    203c:	35 07       	cpc	r19, r21
    203e:	48 f0       	brcs	.+18     	; 0x2052 <malloc+0x120>
    2040:	4e 0f       	add	r20, r30
    2042:	5f 1f       	adc	r21, r31
    2044:	40 93 a0 21 	sts	0x21A0, r20	; 0x8021a0 <__brkval>
    2048:	50 93 a1 21 	sts	0x21A1, r21	; 0x8021a1 <__brkval+0x1>
    204c:	81 93       	st	Z+, r24
    204e:	91 93       	st	Z+, r25
    2050:	02 c0       	rjmp	.+4      	; 0x2056 <malloc+0x124>
    2052:	e0 e0       	ldi	r30, 0x00	; 0
    2054:	f0 e0       	ldi	r31, 0x00	; 0
    2056:	cf 01       	movw	r24, r30
    2058:	df 91       	pop	r29
    205a:	cf 91       	pop	r28
    205c:	1f 91       	pop	r17
    205e:	0f 91       	pop	r16
    2060:	08 95       	ret

00002062 <free>:
    2062:	cf 93       	push	r28
    2064:	df 93       	push	r29
    2066:	00 97       	sbiw	r24, 0x00	; 0
    2068:	09 f4       	brne	.+2      	; 0x206c <free+0xa>
    206a:	81 c0       	rjmp	.+258    	; 0x216e <free+0x10c>
    206c:	fc 01       	movw	r30, r24
    206e:	32 97       	sbiw	r30, 0x02	; 2
    2070:	12 82       	std	Z+2, r1	; 0x02
    2072:	13 82       	std	Z+3, r1	; 0x03
    2074:	a0 91 a2 21 	lds	r26, 0x21A2	; 0x8021a2 <__flp>
    2078:	b0 91 a3 21 	lds	r27, 0x21A3	; 0x8021a3 <__flp+0x1>
    207c:	10 97       	sbiw	r26, 0x00	; 0
    207e:	81 f4       	brne	.+32     	; 0x20a0 <free+0x3e>
    2080:	20 81       	ld	r18, Z
    2082:	31 81       	ldd	r19, Z+1	; 0x01
    2084:	82 0f       	add	r24, r18
    2086:	93 1f       	adc	r25, r19
    2088:	20 91 a0 21 	lds	r18, 0x21A0	; 0x8021a0 <__brkval>
    208c:	30 91 a1 21 	lds	r19, 0x21A1	; 0x8021a1 <__brkval+0x1>
    2090:	28 17       	cp	r18, r24
    2092:	39 07       	cpc	r19, r25
    2094:	51 f5       	brne	.+84     	; 0x20ea <free+0x88>
    2096:	e0 93 a0 21 	sts	0x21A0, r30	; 0x8021a0 <__brkval>
    209a:	f0 93 a1 21 	sts	0x21A1, r31	; 0x8021a1 <__brkval+0x1>
    209e:	67 c0       	rjmp	.+206    	; 0x216e <free+0x10c>
    20a0:	ed 01       	movw	r28, r26
    20a2:	20 e0       	ldi	r18, 0x00	; 0
    20a4:	30 e0       	ldi	r19, 0x00	; 0
    20a6:	ce 17       	cp	r28, r30
    20a8:	df 07       	cpc	r29, r31
    20aa:	40 f4       	brcc	.+16     	; 0x20bc <free+0x5a>
    20ac:	4a 81       	ldd	r20, Y+2	; 0x02
    20ae:	5b 81       	ldd	r21, Y+3	; 0x03
    20b0:	9e 01       	movw	r18, r28
    20b2:	41 15       	cp	r20, r1
    20b4:	51 05       	cpc	r21, r1
    20b6:	f1 f0       	breq	.+60     	; 0x20f4 <free+0x92>
    20b8:	ea 01       	movw	r28, r20
    20ba:	f5 cf       	rjmp	.-22     	; 0x20a6 <free+0x44>
    20bc:	c2 83       	std	Z+2, r28	; 0x02
    20be:	d3 83       	std	Z+3, r29	; 0x03
    20c0:	40 81       	ld	r20, Z
    20c2:	51 81       	ldd	r21, Z+1	; 0x01
    20c4:	84 0f       	add	r24, r20
    20c6:	95 1f       	adc	r25, r21
    20c8:	c8 17       	cp	r28, r24
    20ca:	d9 07       	cpc	r29, r25
    20cc:	59 f4       	brne	.+22     	; 0x20e4 <free+0x82>
    20ce:	88 81       	ld	r24, Y
    20d0:	99 81       	ldd	r25, Y+1	; 0x01
    20d2:	84 0f       	add	r24, r20
    20d4:	95 1f       	adc	r25, r21
    20d6:	02 96       	adiw	r24, 0x02	; 2
    20d8:	80 83       	st	Z, r24
    20da:	91 83       	std	Z+1, r25	; 0x01
    20dc:	8a 81       	ldd	r24, Y+2	; 0x02
    20de:	9b 81       	ldd	r25, Y+3	; 0x03
    20e0:	82 83       	std	Z+2, r24	; 0x02
    20e2:	93 83       	std	Z+3, r25	; 0x03
    20e4:	21 15       	cp	r18, r1
    20e6:	31 05       	cpc	r19, r1
    20e8:	29 f4       	brne	.+10     	; 0x20f4 <free+0x92>
    20ea:	e0 93 a2 21 	sts	0x21A2, r30	; 0x8021a2 <__flp>
    20ee:	f0 93 a3 21 	sts	0x21A3, r31	; 0x8021a3 <__flp+0x1>
    20f2:	3d c0       	rjmp	.+122    	; 0x216e <free+0x10c>
    20f4:	e9 01       	movw	r28, r18
    20f6:	ea 83       	std	Y+2, r30	; 0x02
    20f8:	fb 83       	std	Y+3, r31	; 0x03
    20fa:	49 91       	ld	r20, Y+
    20fc:	59 91       	ld	r21, Y+
    20fe:	c4 0f       	add	r28, r20
    2100:	d5 1f       	adc	r29, r21
    2102:	ec 17       	cp	r30, r28
    2104:	fd 07       	cpc	r31, r29
    2106:	61 f4       	brne	.+24     	; 0x2120 <free+0xbe>
    2108:	80 81       	ld	r24, Z
    210a:	91 81       	ldd	r25, Z+1	; 0x01
    210c:	84 0f       	add	r24, r20
    210e:	95 1f       	adc	r25, r21
    2110:	02 96       	adiw	r24, 0x02	; 2
    2112:	e9 01       	movw	r28, r18
    2114:	88 83       	st	Y, r24
    2116:	99 83       	std	Y+1, r25	; 0x01
    2118:	82 81       	ldd	r24, Z+2	; 0x02
    211a:	93 81       	ldd	r25, Z+3	; 0x03
    211c:	8a 83       	std	Y+2, r24	; 0x02
    211e:	9b 83       	std	Y+3, r25	; 0x03
    2120:	e0 e0       	ldi	r30, 0x00	; 0
    2122:	f0 e0       	ldi	r31, 0x00	; 0
    2124:	12 96       	adiw	r26, 0x02	; 2
    2126:	8d 91       	ld	r24, X+
    2128:	9c 91       	ld	r25, X
    212a:	13 97       	sbiw	r26, 0x03	; 3
    212c:	00 97       	sbiw	r24, 0x00	; 0
    212e:	19 f0       	breq	.+6      	; 0x2136 <free+0xd4>
    2130:	fd 01       	movw	r30, r26
    2132:	dc 01       	movw	r26, r24
    2134:	f7 cf       	rjmp	.-18     	; 0x2124 <free+0xc2>
    2136:	8d 91       	ld	r24, X+
    2138:	9c 91       	ld	r25, X
    213a:	11 97       	sbiw	r26, 0x01	; 1
    213c:	9d 01       	movw	r18, r26
    213e:	2e 5f       	subi	r18, 0xFE	; 254
    2140:	3f 4f       	sbci	r19, 0xFF	; 255
    2142:	82 0f       	add	r24, r18
    2144:	93 1f       	adc	r25, r19
    2146:	20 91 a0 21 	lds	r18, 0x21A0	; 0x8021a0 <__brkval>
    214a:	30 91 a1 21 	lds	r19, 0x21A1	; 0x8021a1 <__brkval+0x1>
    214e:	28 17       	cp	r18, r24
    2150:	39 07       	cpc	r19, r25
    2152:	69 f4       	brne	.+26     	; 0x216e <free+0x10c>
    2154:	30 97       	sbiw	r30, 0x00	; 0
    2156:	29 f4       	brne	.+10     	; 0x2162 <free+0x100>
    2158:	10 92 a2 21 	sts	0x21A2, r1	; 0x8021a2 <__flp>
    215c:	10 92 a3 21 	sts	0x21A3, r1	; 0x8021a3 <__flp+0x1>
    2160:	02 c0       	rjmp	.+4      	; 0x2166 <free+0x104>
    2162:	12 82       	std	Z+2, r1	; 0x02
    2164:	13 82       	std	Z+3, r1	; 0x03
    2166:	a0 93 a0 21 	sts	0x21A0, r26	; 0x8021a0 <__brkval>
    216a:	b0 93 a1 21 	sts	0x21A1, r27	; 0x8021a1 <__brkval+0x1>
    216e:	df 91       	pop	r29
    2170:	cf 91       	pop	r28
    2172:	08 95       	ret

00002174 <__ftoa_engine>:
    2174:	28 30       	cpi	r18, 0x08	; 8
    2176:	08 f0       	brcs	.+2      	; 0x217a <__ftoa_engine+0x6>
    2178:	27 e0       	ldi	r18, 0x07	; 7
    217a:	33 27       	eor	r19, r19
    217c:	da 01       	movw	r26, r20
    217e:	99 0f       	add	r25, r25
    2180:	31 1d       	adc	r19, r1
    2182:	87 fd       	sbrc	r24, 7
    2184:	91 60       	ori	r25, 0x01	; 1
    2186:	00 96       	adiw	r24, 0x00	; 0
    2188:	61 05       	cpc	r22, r1
    218a:	71 05       	cpc	r23, r1
    218c:	39 f4       	brne	.+14     	; 0x219c <__ftoa_engine+0x28>
    218e:	32 60       	ori	r19, 0x02	; 2
    2190:	2e 5f       	subi	r18, 0xFE	; 254
    2192:	3d 93       	st	X+, r19
    2194:	30 e3       	ldi	r19, 0x30	; 48
    2196:	2a 95       	dec	r18
    2198:	e1 f7       	brne	.-8      	; 0x2192 <__ftoa_engine+0x1e>
    219a:	08 95       	ret
    219c:	9f 3f       	cpi	r25, 0xFF	; 255
    219e:	30 f0       	brcs	.+12     	; 0x21ac <__ftoa_engine+0x38>
    21a0:	80 38       	cpi	r24, 0x80	; 128
    21a2:	71 05       	cpc	r23, r1
    21a4:	61 05       	cpc	r22, r1
    21a6:	09 f0       	breq	.+2      	; 0x21aa <__ftoa_engine+0x36>
    21a8:	3c 5f       	subi	r19, 0xFC	; 252
    21aa:	3c 5f       	subi	r19, 0xFC	; 252
    21ac:	3d 93       	st	X+, r19
    21ae:	91 30       	cpi	r25, 0x01	; 1
    21b0:	08 f0       	brcs	.+2      	; 0x21b4 <__ftoa_engine+0x40>
    21b2:	80 68       	ori	r24, 0x80	; 128
    21b4:	91 1d       	adc	r25, r1
    21b6:	df 93       	push	r29
    21b8:	cf 93       	push	r28
    21ba:	1f 93       	push	r17
    21bc:	0f 93       	push	r16
    21be:	ff 92       	push	r15
    21c0:	ef 92       	push	r14
    21c2:	19 2f       	mov	r17, r25
    21c4:	98 7f       	andi	r25, 0xF8	; 248
    21c6:	96 95       	lsr	r25
    21c8:	e9 2f       	mov	r30, r25
    21ca:	96 95       	lsr	r25
    21cc:	96 95       	lsr	r25
    21ce:	e9 0f       	add	r30, r25
    21d0:	ff 27       	eor	r31, r31
    21d2:	ee 58       	subi	r30, 0x8E	; 142
    21d4:	fd 4f       	sbci	r31, 0xFD	; 253
    21d6:	99 27       	eor	r25, r25
    21d8:	33 27       	eor	r19, r19
    21da:	ee 24       	eor	r14, r14
    21dc:	ff 24       	eor	r15, r15
    21de:	a7 01       	movw	r20, r14
    21e0:	e7 01       	movw	r28, r14
    21e2:	05 90       	lpm	r0, Z+
    21e4:	08 94       	sec
    21e6:	07 94       	ror	r0
    21e8:	28 f4       	brcc	.+10     	; 0x21f4 <__ftoa_engine+0x80>
    21ea:	36 0f       	add	r19, r22
    21ec:	e7 1e       	adc	r14, r23
    21ee:	f8 1e       	adc	r15, r24
    21f0:	49 1f       	adc	r20, r25
    21f2:	51 1d       	adc	r21, r1
    21f4:	66 0f       	add	r22, r22
    21f6:	77 1f       	adc	r23, r23
    21f8:	88 1f       	adc	r24, r24
    21fa:	99 1f       	adc	r25, r25
    21fc:	06 94       	lsr	r0
    21fe:	a1 f7       	brne	.-24     	; 0x21e8 <__ftoa_engine+0x74>
    2200:	05 90       	lpm	r0, Z+
    2202:	07 94       	ror	r0
    2204:	28 f4       	brcc	.+10     	; 0x2210 <__ftoa_engine+0x9c>
    2206:	e7 0e       	add	r14, r23
    2208:	f8 1e       	adc	r15, r24
    220a:	49 1f       	adc	r20, r25
    220c:	56 1f       	adc	r21, r22
    220e:	c1 1d       	adc	r28, r1
    2210:	77 0f       	add	r23, r23
    2212:	88 1f       	adc	r24, r24
    2214:	99 1f       	adc	r25, r25
    2216:	66 1f       	adc	r22, r22
    2218:	06 94       	lsr	r0
    221a:	a1 f7       	brne	.-24     	; 0x2204 <__ftoa_engine+0x90>
    221c:	05 90       	lpm	r0, Z+
    221e:	07 94       	ror	r0
    2220:	28 f4       	brcc	.+10     	; 0x222c <__ftoa_engine+0xb8>
    2222:	f8 0e       	add	r15, r24
    2224:	49 1f       	adc	r20, r25
    2226:	56 1f       	adc	r21, r22
    2228:	c7 1f       	adc	r28, r23
    222a:	d1 1d       	adc	r29, r1
    222c:	88 0f       	add	r24, r24
    222e:	99 1f       	adc	r25, r25
    2230:	66 1f       	adc	r22, r22
    2232:	77 1f       	adc	r23, r23
    2234:	06 94       	lsr	r0
    2236:	a1 f7       	brne	.-24     	; 0x2220 <__ftoa_engine+0xac>
    2238:	05 90       	lpm	r0, Z+
    223a:	07 94       	ror	r0
    223c:	20 f4       	brcc	.+8      	; 0x2246 <__ftoa_engine+0xd2>
    223e:	49 0f       	add	r20, r25
    2240:	56 1f       	adc	r21, r22
    2242:	c7 1f       	adc	r28, r23
    2244:	d8 1f       	adc	r29, r24
    2246:	99 0f       	add	r25, r25
    2248:	66 1f       	adc	r22, r22
    224a:	77 1f       	adc	r23, r23
    224c:	88 1f       	adc	r24, r24
    224e:	06 94       	lsr	r0
    2250:	a9 f7       	brne	.-22     	; 0x223c <__ftoa_engine+0xc8>
    2252:	84 91       	lpm	r24, Z
    2254:	10 95       	com	r17
    2256:	17 70       	andi	r17, 0x07	; 7
    2258:	41 f0       	breq	.+16     	; 0x226a <__ftoa_engine+0xf6>
    225a:	d6 95       	lsr	r29
    225c:	c7 95       	ror	r28
    225e:	57 95       	ror	r21
    2260:	47 95       	ror	r20
    2262:	f7 94       	ror	r15
    2264:	e7 94       	ror	r14
    2266:	1a 95       	dec	r17
    2268:	c1 f7       	brne	.-16     	; 0x225a <__ftoa_engine+0xe6>
    226a:	e8 e1       	ldi	r30, 0x18	; 24
    226c:	f2 e0       	ldi	r31, 0x02	; 2
    226e:	68 94       	set
    2270:	15 90       	lpm	r1, Z+
    2272:	15 91       	lpm	r17, Z+
    2274:	35 91       	lpm	r19, Z+
    2276:	65 91       	lpm	r22, Z+
    2278:	95 91       	lpm	r25, Z+
    227a:	05 90       	lpm	r0, Z+
    227c:	7f e2       	ldi	r23, 0x2F	; 47
    227e:	73 95       	inc	r23
    2280:	e1 18       	sub	r14, r1
    2282:	f1 0a       	sbc	r15, r17
    2284:	43 0b       	sbc	r20, r19
    2286:	56 0b       	sbc	r21, r22
    2288:	c9 0b       	sbc	r28, r25
    228a:	d0 09       	sbc	r29, r0
    228c:	c0 f7       	brcc	.-16     	; 0x227e <__ftoa_engine+0x10a>
    228e:	e1 0c       	add	r14, r1
    2290:	f1 1e       	adc	r15, r17
    2292:	43 1f       	adc	r20, r19
    2294:	56 1f       	adc	r21, r22
    2296:	c9 1f       	adc	r28, r25
    2298:	d0 1d       	adc	r29, r0
    229a:	7e f4       	brtc	.+30     	; 0x22ba <__ftoa_engine+0x146>
    229c:	70 33       	cpi	r23, 0x30	; 48
    229e:	11 f4       	brne	.+4      	; 0x22a4 <__ftoa_engine+0x130>
    22a0:	8a 95       	dec	r24
    22a2:	e6 cf       	rjmp	.-52     	; 0x2270 <__ftoa_engine+0xfc>
    22a4:	e8 94       	clt
    22a6:	01 50       	subi	r16, 0x01	; 1
    22a8:	30 f0       	brcs	.+12     	; 0x22b6 <__ftoa_engine+0x142>
    22aa:	08 0f       	add	r16, r24
    22ac:	0a f4       	brpl	.+2      	; 0x22b0 <__ftoa_engine+0x13c>
    22ae:	00 27       	eor	r16, r16
    22b0:	02 17       	cp	r16, r18
    22b2:	08 f4       	brcc	.+2      	; 0x22b6 <__ftoa_engine+0x142>
    22b4:	20 2f       	mov	r18, r16
    22b6:	23 95       	inc	r18
    22b8:	02 2f       	mov	r16, r18
    22ba:	7a 33       	cpi	r23, 0x3A	; 58
    22bc:	28 f0       	brcs	.+10     	; 0x22c8 <__ftoa_engine+0x154>
    22be:	79 e3       	ldi	r23, 0x39	; 57
    22c0:	7d 93       	st	X+, r23
    22c2:	2a 95       	dec	r18
    22c4:	e9 f7       	brne	.-6      	; 0x22c0 <__ftoa_engine+0x14c>
    22c6:	10 c0       	rjmp	.+32     	; 0x22e8 <__ftoa_engine+0x174>
    22c8:	7d 93       	st	X+, r23
    22ca:	2a 95       	dec	r18
    22cc:	89 f6       	brne	.-94     	; 0x2270 <__ftoa_engine+0xfc>
    22ce:	06 94       	lsr	r0
    22d0:	97 95       	ror	r25
    22d2:	67 95       	ror	r22
    22d4:	37 95       	ror	r19
    22d6:	17 95       	ror	r17
    22d8:	17 94       	ror	r1
    22da:	e1 18       	sub	r14, r1
    22dc:	f1 0a       	sbc	r15, r17
    22de:	43 0b       	sbc	r20, r19
    22e0:	56 0b       	sbc	r21, r22
    22e2:	c9 0b       	sbc	r28, r25
    22e4:	d0 09       	sbc	r29, r0
    22e6:	98 f0       	brcs	.+38     	; 0x230e <__ftoa_engine+0x19a>
    22e8:	23 95       	inc	r18
    22ea:	7e 91       	ld	r23, -X
    22ec:	73 95       	inc	r23
    22ee:	7a 33       	cpi	r23, 0x3A	; 58
    22f0:	08 f0       	brcs	.+2      	; 0x22f4 <__ftoa_engine+0x180>
    22f2:	70 e3       	ldi	r23, 0x30	; 48
    22f4:	7c 93       	st	X, r23
    22f6:	20 13       	cpse	r18, r16
    22f8:	b8 f7       	brcc	.-18     	; 0x22e8 <__ftoa_engine+0x174>
    22fa:	7e 91       	ld	r23, -X
    22fc:	70 61       	ori	r23, 0x10	; 16
    22fe:	7d 93       	st	X+, r23
    2300:	30 f0       	brcs	.+12     	; 0x230e <__ftoa_engine+0x19a>
    2302:	83 95       	inc	r24
    2304:	71 e3       	ldi	r23, 0x31	; 49
    2306:	7d 93       	st	X+, r23
    2308:	70 e3       	ldi	r23, 0x30	; 48
    230a:	2a 95       	dec	r18
    230c:	e1 f7       	brne	.-8      	; 0x2306 <__ftoa_engine+0x192>
    230e:	11 24       	eor	r1, r1
    2310:	ef 90       	pop	r14
    2312:	ff 90       	pop	r15
    2314:	0f 91       	pop	r16
    2316:	1f 91       	pop	r17
    2318:	cf 91       	pop	r28
    231a:	df 91       	pop	r29
    231c:	99 27       	eor	r25, r25
    231e:	87 fd       	sbrc	r24, 7
    2320:	90 95       	com	r25
    2322:	08 95       	ret

00002324 <strnlen_P>:
    2324:	fc 01       	movw	r30, r24
    2326:	05 90       	lpm	r0, Z+
    2328:	61 50       	subi	r22, 0x01	; 1
    232a:	70 40       	sbci	r23, 0x00	; 0
    232c:	01 10       	cpse	r0, r1
    232e:	d8 f7       	brcc	.-10     	; 0x2326 <strnlen_P+0x2>
    2330:	80 95       	com	r24
    2332:	90 95       	com	r25
    2334:	8e 0f       	add	r24, r30
    2336:	9f 1f       	adc	r25, r31
    2338:	08 95       	ret

0000233a <memset>:
    233a:	dc 01       	movw	r26, r24
    233c:	01 c0       	rjmp	.+2      	; 0x2340 <memset+0x6>
    233e:	6d 93       	st	X+, r22
    2340:	41 50       	subi	r20, 0x01	; 1
    2342:	50 40       	sbci	r21, 0x00	; 0
    2344:	e0 f7       	brcc	.-8      	; 0x233e <memset+0x4>
    2346:	08 95       	ret

00002348 <strnlen>:
    2348:	fc 01       	movw	r30, r24
    234a:	61 50       	subi	r22, 0x01	; 1
    234c:	70 40       	sbci	r23, 0x00	; 0
    234e:	01 90       	ld	r0, Z+
    2350:	01 10       	cpse	r0, r1
    2352:	d8 f7       	brcc	.-10     	; 0x234a <strnlen+0x2>
    2354:	80 95       	com	r24
    2356:	90 95       	com	r25
    2358:	8e 0f       	add	r24, r30
    235a:	9f 1f       	adc	r25, r31
    235c:	08 95       	ret

0000235e <fputc>:
    235e:	0f 93       	push	r16
    2360:	1f 93       	push	r17
    2362:	cf 93       	push	r28
    2364:	df 93       	push	r29
    2366:	fb 01       	movw	r30, r22
    2368:	23 81       	ldd	r18, Z+3	; 0x03
    236a:	21 fd       	sbrc	r18, 1
    236c:	03 c0       	rjmp	.+6      	; 0x2374 <fputc+0x16>
    236e:	8f ef       	ldi	r24, 0xFF	; 255
    2370:	9f ef       	ldi	r25, 0xFF	; 255
    2372:	2c c0       	rjmp	.+88     	; 0x23cc <fputc+0x6e>
    2374:	22 ff       	sbrs	r18, 2
    2376:	16 c0       	rjmp	.+44     	; 0x23a4 <fputc+0x46>
    2378:	46 81       	ldd	r20, Z+6	; 0x06
    237a:	57 81       	ldd	r21, Z+7	; 0x07
    237c:	24 81       	ldd	r18, Z+4	; 0x04
    237e:	35 81       	ldd	r19, Z+5	; 0x05
    2380:	42 17       	cp	r20, r18
    2382:	53 07       	cpc	r21, r19
    2384:	44 f4       	brge	.+16     	; 0x2396 <fputc+0x38>
    2386:	a0 81       	ld	r26, Z
    2388:	b1 81       	ldd	r27, Z+1	; 0x01
    238a:	9d 01       	movw	r18, r26
    238c:	2f 5f       	subi	r18, 0xFF	; 255
    238e:	3f 4f       	sbci	r19, 0xFF	; 255
    2390:	20 83       	st	Z, r18
    2392:	31 83       	std	Z+1, r19	; 0x01
    2394:	8c 93       	st	X, r24
    2396:	26 81       	ldd	r18, Z+6	; 0x06
    2398:	37 81       	ldd	r19, Z+7	; 0x07
    239a:	2f 5f       	subi	r18, 0xFF	; 255
    239c:	3f 4f       	sbci	r19, 0xFF	; 255
    239e:	26 83       	std	Z+6, r18	; 0x06
    23a0:	37 83       	std	Z+7, r19	; 0x07
    23a2:	14 c0       	rjmp	.+40     	; 0x23cc <fputc+0x6e>
    23a4:	8b 01       	movw	r16, r22
    23a6:	ec 01       	movw	r28, r24
    23a8:	fb 01       	movw	r30, r22
    23aa:	00 84       	ldd	r0, Z+8	; 0x08
    23ac:	f1 85       	ldd	r31, Z+9	; 0x09
    23ae:	e0 2d       	mov	r30, r0
    23b0:	19 95       	eicall
    23b2:	89 2b       	or	r24, r25
    23b4:	e1 f6       	brne	.-72     	; 0x236e <fputc+0x10>
    23b6:	d8 01       	movw	r26, r16
    23b8:	16 96       	adiw	r26, 0x06	; 6
    23ba:	8d 91       	ld	r24, X+
    23bc:	9c 91       	ld	r25, X
    23be:	17 97       	sbiw	r26, 0x07	; 7
    23c0:	01 96       	adiw	r24, 0x01	; 1
    23c2:	16 96       	adiw	r26, 0x06	; 6
    23c4:	8d 93       	st	X+, r24
    23c6:	9c 93       	st	X, r25
    23c8:	17 97       	sbiw	r26, 0x07	; 7
    23ca:	ce 01       	movw	r24, r28
    23cc:	df 91       	pop	r29
    23ce:	cf 91       	pop	r28
    23d0:	1f 91       	pop	r17
    23d2:	0f 91       	pop	r16
    23d4:	08 95       	ret

000023d6 <printf>:
    23d6:	cf 93       	push	r28
    23d8:	df 93       	push	r29
    23da:	cd b7       	in	r28, 0x3d	; 61
    23dc:	de b7       	in	r29, 0x3e	; 62
    23de:	ae 01       	movw	r20, r28
    23e0:	4a 5f       	subi	r20, 0xFA	; 250
    23e2:	5f 4f       	sbci	r21, 0xFF	; 255
    23e4:	fa 01       	movw	r30, r20
    23e6:	61 91       	ld	r22, Z+
    23e8:	71 91       	ld	r23, Z+
    23ea:	af 01       	movw	r20, r30
    23ec:	80 91 a6 21 	lds	r24, 0x21A6	; 0x8021a6 <__iob+0x2>
    23f0:	90 91 a7 21 	lds	r25, 0x21A7	; 0x8021a7 <__iob+0x3>
    23f4:	0e 94 c2 0b 	call	0x1784	; 0x1784 <vfprintf>
    23f8:	df 91       	pop	r29
    23fa:	cf 91       	pop	r28
    23fc:	08 95       	ret

000023fe <__ultoa_invert>:
    23fe:	fa 01       	movw	r30, r20
    2400:	aa 27       	eor	r26, r26
    2402:	28 30       	cpi	r18, 0x08	; 8
    2404:	51 f1       	breq	.+84     	; 0x245a <__ultoa_invert+0x5c>
    2406:	20 31       	cpi	r18, 0x10	; 16
    2408:	81 f1       	breq	.+96     	; 0x246a <__ultoa_invert+0x6c>
    240a:	e8 94       	clt
    240c:	6f 93       	push	r22
    240e:	6e 7f       	andi	r22, 0xFE	; 254
    2410:	6e 5f       	subi	r22, 0xFE	; 254
    2412:	7f 4f       	sbci	r23, 0xFF	; 255
    2414:	8f 4f       	sbci	r24, 0xFF	; 255
    2416:	9f 4f       	sbci	r25, 0xFF	; 255
    2418:	af 4f       	sbci	r26, 0xFF	; 255
    241a:	b1 e0       	ldi	r27, 0x01	; 1
    241c:	3e d0       	rcall	.+124    	; 0x249a <__ultoa_invert+0x9c>
    241e:	b4 e0       	ldi	r27, 0x04	; 4
    2420:	3c d0       	rcall	.+120    	; 0x249a <__ultoa_invert+0x9c>
    2422:	67 0f       	add	r22, r23
    2424:	78 1f       	adc	r23, r24
    2426:	89 1f       	adc	r24, r25
    2428:	9a 1f       	adc	r25, r26
    242a:	a1 1d       	adc	r26, r1
    242c:	68 0f       	add	r22, r24
    242e:	79 1f       	adc	r23, r25
    2430:	8a 1f       	adc	r24, r26
    2432:	91 1d       	adc	r25, r1
    2434:	a1 1d       	adc	r26, r1
    2436:	6a 0f       	add	r22, r26
    2438:	71 1d       	adc	r23, r1
    243a:	81 1d       	adc	r24, r1
    243c:	91 1d       	adc	r25, r1
    243e:	a1 1d       	adc	r26, r1
    2440:	20 d0       	rcall	.+64     	; 0x2482 <__ultoa_invert+0x84>
    2442:	09 f4       	brne	.+2      	; 0x2446 <__ultoa_invert+0x48>
    2444:	68 94       	set
    2446:	3f 91       	pop	r19
    2448:	2a e0       	ldi	r18, 0x0A	; 10
    244a:	26 9f       	mul	r18, r22
    244c:	11 24       	eor	r1, r1
    244e:	30 19       	sub	r19, r0
    2450:	30 5d       	subi	r19, 0xD0	; 208
    2452:	31 93       	st	Z+, r19
    2454:	de f6       	brtc	.-74     	; 0x240c <__ultoa_invert+0xe>
    2456:	cf 01       	movw	r24, r30
    2458:	08 95       	ret
    245a:	46 2f       	mov	r20, r22
    245c:	47 70       	andi	r20, 0x07	; 7
    245e:	40 5d       	subi	r20, 0xD0	; 208
    2460:	41 93       	st	Z+, r20
    2462:	b3 e0       	ldi	r27, 0x03	; 3
    2464:	0f d0       	rcall	.+30     	; 0x2484 <__ultoa_invert+0x86>
    2466:	c9 f7       	brne	.-14     	; 0x245a <__ultoa_invert+0x5c>
    2468:	f6 cf       	rjmp	.-20     	; 0x2456 <__ultoa_invert+0x58>
    246a:	46 2f       	mov	r20, r22
    246c:	4f 70       	andi	r20, 0x0F	; 15
    246e:	40 5d       	subi	r20, 0xD0	; 208
    2470:	4a 33       	cpi	r20, 0x3A	; 58
    2472:	18 f0       	brcs	.+6      	; 0x247a <__ultoa_invert+0x7c>
    2474:	49 5d       	subi	r20, 0xD9	; 217
    2476:	31 fd       	sbrc	r19, 1
    2478:	40 52       	subi	r20, 0x20	; 32
    247a:	41 93       	st	Z+, r20
    247c:	02 d0       	rcall	.+4      	; 0x2482 <__ultoa_invert+0x84>
    247e:	a9 f7       	brne	.-22     	; 0x246a <__ultoa_invert+0x6c>
    2480:	ea cf       	rjmp	.-44     	; 0x2456 <__ultoa_invert+0x58>
    2482:	b4 e0       	ldi	r27, 0x04	; 4
    2484:	a6 95       	lsr	r26
    2486:	97 95       	ror	r25
    2488:	87 95       	ror	r24
    248a:	77 95       	ror	r23
    248c:	67 95       	ror	r22
    248e:	ba 95       	dec	r27
    2490:	c9 f7       	brne	.-14     	; 0x2484 <__ultoa_invert+0x86>
    2492:	00 97       	sbiw	r24, 0x00	; 0
    2494:	61 05       	cpc	r22, r1
    2496:	71 05       	cpc	r23, r1
    2498:	08 95       	ret
    249a:	9b 01       	movw	r18, r22
    249c:	ac 01       	movw	r20, r24
    249e:	0a 2e       	mov	r0, r26
    24a0:	06 94       	lsr	r0
    24a2:	57 95       	ror	r21
    24a4:	47 95       	ror	r20
    24a6:	37 95       	ror	r19
    24a8:	27 95       	ror	r18
    24aa:	ba 95       	dec	r27
    24ac:	c9 f7       	brne	.-14     	; 0x24a0 <__ultoa_invert+0xa2>
    24ae:	62 0f       	add	r22, r18
    24b0:	73 1f       	adc	r23, r19
    24b2:	84 1f       	adc	r24, r20
    24b4:	95 1f       	adc	r25, r21
    24b6:	a0 1d       	adc	r26, r0
    24b8:	08 95       	ret

000024ba <_exit>:
    24ba:	f8 94       	cli

000024bc <__stop_program>:
    24bc:	ff cf       	rjmp	.-2      	; 0x24bc <__stop_program>
